Open,High,Low,Close,Volume,ret5,ma5,ret20,ma20,ret60,ma60,ret120,ma120,ma20_slope,rsi14,volume_ma20,volume_ratio,ma20_deviation,symbol,date,benchmark_ret20,benchmark_ret60,market_regime,rs20_rank_pct,rs60_rank_pct,period_date,as_of_date,revenue,gross_profit,operating_income,pretax_income,tax_expense,net_income_parent,eps,current_assets,current_liabilities,assets,liabilities,equity,cash,short_borrowings,long_borrowings,bonds_payable,tax_rate,nopat,invested_capital_proxy,roic_proxy,roe,roa,debt_to_equity,gross_margin,operating_margin,net_margin,revenue_growth,pe,pb,eva_like_score,fundamental_score,fundamental_pass,technical_score,score,final_score,fundamental_rank,pass_market,pass_score,pass_rs20,pass_rs60,pass_close_ma20,pass_ma20_ma60,pass_ma20_slope,pass_rsi,pass_ret20_benchmark,pass_ret60_benchmark,pass_ret5_cap,pass_ret20_cap,pass_volume_ratio,pass_ma20_deviation,pass_fundamental_score,pass_fundamental_filter,pass_fundamental_universe,entry_pass_count,entry_all_pass,close_ma60_ratio,close_ma120_ratio,above_ma120,turnover20,liquidity_rank,price_bucket,eva_rank_bucket,forward_60d_return,forward_60d_max_drawdown,reward_60,fwd60_rank_label,top_quantile_60,reg_forward60,reg_reward60,cls_topq60,rank_forward60,ensemble_score,ranker_score,stable_ensemble_score,fundamental_rank_score,fundamental_score_rank,final_score_rank,stable_ml_rank,fund_ml_85_15,fund_final_ml,name
57.70000076293945,59.400001525878906,57.70000076293945,59.400001525878906,6089.0,0.0241379573427398,58.54000015258789,0.0312500538097502,58.59000015258789,0.0427525523619505,58.21548188527425,0.1024936066949318,57.13249387741089,0.0007686408102366,51.35135692432206,4729.7,1.2873966636361716,0.013824908195622,1341.TW,2026-08-05,-0.0212164067444853,0.0717605027066035,neutral,0.1532033426183844,0.337360594795539,2026-03-31,2026-05-15,680910000.0,170623000.0,103167000.0,104723000.0,18948000.0,85775000.0,1.62,1612072000.0,978823000.0,2196060000.0,1009317000.0,1186743000.0,373612000.0,417599000.0,,,0.1809344652082159,84500534.02786398,1217237000.0,0.0694199519303668,0.0722776540497816,0.0390585867417101,0.8504933250080262,0.2505808403460075,0.1515134158699387,0.1259711268743299,-0.0132454169987682,,,72.53331110056003,72.53331110056003,False,65.5169327314966,65.5169327314966,67.27102732376245,142.0,True,False,True,True,True,True,True,True,True,False,True,True,True,True,True,False,False,12,False,0.0203471585606556,0.0396885816560608,1.0,280944.1872169495,0.9879294336118848,1.0,3.0,,,,,,0.062626915222016,0.0620245348409828,0.1607043898915736,-0.6585148776904461,0.6396739130434783,-0.6585148776904461,0.7248381277253547,-142.0,0.9130434782608696,0.6521739130434783,0.7608695652173914,0.8902173913043478,0.8043478260869565,富林-KY
28.89999961853028,29.700000762939453,28.5,29.100000381469727,49751.0,0.0601092740499284,28.099999618530276,0.2278480778352736,26.26999988555908,0.0981132219422538,25.44250008265177,-0.0267558276677957,26.636666663487752,0.04049904927765,72.64953837335662,62666.75,0.7938978804549462,0.1077274651023629,1439.TW,2026-08-05,-0.0212164067444853,0.0717605027066035,neutral,0.0102135561745589,0.2184014869888476,2026-03-31,2026-05-15,75912000.0,22864000.0,4904000.0,59736000.0,1630000.0,54161000.0,0.59,3556714000.0,2128037000.0,6084300000.0,2619482000.0,3464818000.0,685342000.0,1313697000.0,338000000.0,,0.0272867282710593,4770185.884558725,3956263000.0,0.0012057302268728,0.0156317012899378,0.0089017635553802,0.7560229714807531,0.3011908525661292,0.0646011170829381,0.7134708609969438,-0.4434481696811513,,,31.08546525604612,31.08546525604612,False,78.21084489857229,78.21084489857229,66.42949998794074,660.0,True,True,True,True,True,True,True,False,True,True,True,True,False,True,False,False,False,12,False,0.1437555384469413,0.09247905337039,1.0,1823602.448905468,0.8765088207985144,0.0,3.0,,,,,,0.0364726782089142,-0.0051755645805674,0.1482339414200204,-1.366859006440335,0.3043478260869565,-1.366859006440335,0.3358018218079708,-660.0,0.3804347826086957,0.5869565217391305,0.2282608695652173,0.3576086956521739,0.4119565217391305,雋揚
12.899999618530272,12.949999809265137,12.899999618530272,12.899999618530272,239262.0,-0.1835443377972333,14.05,0.0932202889843261,13.894187831878662,0.1030517621625852,12.429183340072631,0.1219073095251679,12.012048562367758,0.0394637786524082,48.06334768752873,80294.2,2.9798167239974997,-0.0715542517042512,1459.TW,2026-08-05,-0.0212164067444853,0.0717605027066035,neutral,0.0659238625812441,0.2109665427509293,2026-03-31,2026-05-15,231160000.0,43640000.0,24305000.0,20991000.0,11327000.0,10929000.0,0.03,2303265000.0,1144782000.0,4781139000.0,1238615000.0,3542524000.0,1064701000.0,969808000.0,0.0,,0.4,14583000.0,3636357000.0,0.0040103323188564,0.0030850884849333,0.0022858569893073,0.3496419502027368,0.1887869873680567,0.1051436234642671,0.0472789409932514,-0.1821658664987316,,,27.476121095005883,27.476121095005883,False,67.74812055378943,67.74812055378943,57.68012068909355,724.0,True,False,True,True,False,True,True,False,True,True,True,True,True,True,False,False,False,11,False,0.0378799045420541,0.0739217004953138,1.0,1035795.1493701932,0.9285051067780872,0.0,3.0,,,,,,0.0805353014886469,0.0620967434492627,0.2381672944542614,-1.089051300350841,0.7342391304347826,-1.089051300350841,0.7865023292884318,-724.0,0.3043478260869565,0.1630434782608695,0.8586956521739131,0.3875,0.3728260869565217,聯發
9.5,9.970000267028809,9.289999961853027,9.970000267028809,618426.0,-0.0225489751507063,9.41800003051758,0.1854935134269635,9.4114999294281,0.3983169855545763,8.128666663169861,0.3472973160189896,7.674083348115285,0.0107936862130109,59.30657105794127,939551.85,0.6582138069335929,0.05934233031808,1467.TW,2026-08-05,-0.0212164067444853,0.0717605027066035,neutral,0.0167130919220055,0.0362453531598513,2026-03-31,2026-05-15,1182469000.0,233654000.0,6454000.0,43184000.0,15488000.0,25429000.0,0.11,4780307000.0,3706895000.0,8859724000.0,5854515000.0,3005209000.0,1788594000.0,1910806000.0,1915954000.0,,0.3586513523527232,4139264.171915524,5152829000.0,0.0008032993471965,0.00846164110383,0.0028701797031149,1.948122410121892,0.197598414842165,0.0054580712052493,0.0215050035138341,-0.0488497818933252,,,14.540544369959688,14.540544369959688,False,86.6560798931183,86.6560798931183,68.62719601232864,968.0,True,True,True,True,True,True,True,True,True,True,True,True,False,True,False,False,False,13,False,0.2265234484521106,0.2991780014322347,1.0,9367332.19538741,0.6759517177344475,0.0,3.0,,,,,,0.1092183394835951,0.0576472651581107,0.2894216420595021,-0.960691276877388,0.8532608695652173,-0.960691276877388,0.8731770492164352,-968.0,0.108695652173913,0.7065217391304348,0.967391304347826,0.2375,0.4597826086956522,南緯
13.949999809265137,14.0,13.5,13.850000381469728,67004.0,0.0297398199165064,13.920000076293944,0.1352459506557959,13.34500002861023,0.1080000305175783,12.458333365122478,0.0862745397231159,12.44375,0.0332946201127342,60.0000127156657,59311.3,1.1297004112201217,0.037841914707893,1468.TW,2026-08-05,-0.0212164067444853,0.0717605027066035,neutral,0.0408542246982358,0.1979553903345725,2026-03-31,2026-05-15,127625000.0,33061000.0,6858000.0,37576000.0,10255000.0,27394000.0,0.17,2026221000.0,1309595000.0,3251907000.0,1720312000.0,1531595000.0,422483000.0,1024218000.0,318861000.0,,0.2729135618479881,4986358.792846498,1942312000.0,0.002567228536325,0.0178859293742797,0.0084239801445736,1.1232159937842576,0.2590479921645445,0.0537355533790401,0.2146444662095984,-0.4821632894854295,,,27.22145617109853,27.22145617109853,False,81.94872117058704,81.94872117058704,68.26690492071491,731.0,True,True,True,True,True,True,True,True,True,True,True,True,True,True,False,False,False,14,False,0.1117057134017034,0.1130085690784312,1.0,821461.5276254655,0.9535747446610956,0.0,3.0,,,,,,0.0933484418755535,0.0568468960092018,0.2613866850897026,-0.7614226960643451,0.8396739130434782,-0.7614226960643451,0.8219775890929915,-731.0,0.2934782608695652,0.6739130434782609,0.9021739130434784,0.3847826086956522,0.5293478260869566,昶和
22.950000762939453,23.0,22.89999961853028,22.89999961853028,6001.0,-0.0021786990303686,23.200000000000003,0.0504587348608573,22.66500005722046,0.0592297991104411,21.88615398406983,0.0225464160483523,21.907128143310548,0.0204862682706888,48.14814029897355,10500.55,0.5714938741304028,0.0103683900602926,1470.TW,2026-08-05,-0.0212164067444853,0.0717605027066035,neutral,0.1132776230269266,0.2881040892193308,2026-03-31,2026-05-15,191305000.0,51630000.0,23476000.0,33194000.0,6523000.0,26671000.0,0.31,639175000.0,186883000.0,1180792000.0,196077000.0,984715000.0,246931000.0,25000000.0,,,0.196511417726095,18862697.95746219,993909000.0,0.0189782947507892,0.0270849941353589,0.0225873820283335,0.1991205577248239,0.2698831708528266,0.1227150361987402,0.1394161156268785,-0.1058090510512195,,,51.74217296976339,51.74217296976339,False,65.26310158373332,65.26310158373332,61.88286943024083,341.0,True,False,True,True,True,True,True,False,True,False,True,True,False,True,False,False,False,10,False,0.0463236087618863,0.0453218454160049,1.0,240462.5909943581,0.989786443825441,0.0,3.0,,,,,,0.111571431366594,0.0506867151872769,0.1905797285614373,-1.2318301421846412,0.6641304347826087,-1.2318301421846412,0.7562750211401242,-341.0,0.6956521739130435,0.358695652173913,0.8369565217391305,0.7168478260869564,0.6228260869565218,大統新創
356.5,358.5,352.5,355.0,1460596.0,0.0487444608567209,350.8,0.056547619047619,340.85,0.0775327968505761,330.55658264160155,-0.0626008301392708,339.5179690043132,0.017310849126996,62.50000000000001,1628502.95,0.8968949058397468,0.0415138624028164,1476.TW,2026-08-05,-0.0212164067444853,0.0717605027066035,neutral,0.1058495821727019,0.2481412639405204,2026-03-31,2026-05-15,9621070000.0,3094736000.0,2194913000.0,2290689000.0,456173000.0,1834516000.0,6.69,23249199000.0,9214639000.0,36864649000.0,9360987000.0,27503662000.0,2958067000.0,280436000.0,,,0.1991422668026956,1757813049.7452948,27650010000.0,0.0635736858592562,0.0667007906074471,0.0497635553236923,0.3403542044692085,0.321662351484814,0.2281360597106143,0.1906769205504169,0.026290598239542,,,82.3980197254144,82.3980197254144,False,77.41380280320729,77.41380280320729,78.65985703375907,71.0,True,True,True,True,True,True,True,True,True,True,True,True,True,True,True,False,False,14,False,0.0739462429187218,0.0456000341928592,1.0,578118547.25,0.1606313834726091,2.0,2.0,,,,,,0.0501275880362371,-0.0180332976206054,0.2100491346634052,-0.7639149948055558,0.4978260869565217,-0.7639149948055558,0.5796523153510555,-71.0,0.9782608695652174,0.967391304347826,0.532608695652174,0.9114130434782608,0.8858695652173914,儒鴻
67.5,68.80000305175781,67.30000305175781,68.80000305175781,37325.0,0.0132548086252382,68.4,0.0284006200679072,67.35000076293946,0.1799306611540672,64.7432980855306,0.1534154043993292,62.08441530863444,0.0048489369086245,64.17913846917662,14980.95,2.4914975352030413,0.0215293581647031,1525.TW,2026-08-05,-0.0212164067444853,0.0717605027066035,neutral,0.1587743732590529,0.1282527881040892,2026-03-31,2026-05-15,281735000.0,40655000.0,2924000.0,46209000.0,106069000.0,-59860000.0,-0.82,2768107000.0,386523000.0,5758402000.0,665056000.0,5093346000.0,2111569000.0,,,,0.4,1754400.0,5371879000.0,0.0003265896346511,-0.0117525885734053,-0.0103952450697259,0.1305734972648628,0.1443022698635242,0.0103785472163557,-0.2124691642855875,0.0173619762608918,,,20.40210850591844,20.40210850591844,False,75.2921862031552,75.2921862031552,61.569666778846006,853.0,True,True,True,True,True,True,True,True,True,True,True,True,True,True,False,False,False,14,False,0.0626582995643505,0.1081686556882077,1.0,1030689.4057182312,0.9294336118848654,1.0,3.0,,,,,,0.0209536848282962,-0.0102075358055809,0.1178864890043542,-1.3991214682027582,0.242391304347826,-1.3991214682027582,0.2084671159860799,-853.0,0.1739130434782608,0.3478260869565217,0.0978260869565217,0.1624999999999999,0.2108695652173913,江申
25.450000762939453,26.799999237060547,25.200000762939453,26.200000762939453,5359375.0,0.0916666984558105,24.000000381469725,0.0939457172578333,25.720000076293942,0.4395604211341766,22.309166717529298,0.5641791500262361,20.11791666348775,-0.0007770000342678,46.06299354505396,5816898.7,0.9213457679777026,0.0186625460817133,1709.TW,2026-08-05,-0.0212164067444853,0.0717605027066035,neutral,0.0649953574744661,0.0278810408921933,2026-03-31,2026-05-15,2424471000.0,492933000.0,320616000.0,344786000.0,79982000.0,264726000.0,0.55,5694389000.0,2189161000.0,12130526000.0,3134319000.0,8996207000.0,600735000.0,285000000.0,20699000.0,,0.2319757762786192,246240854.51265424,9941365000.0,0.0247693203612033,0.0294264015934715,0.021823126218929,0.34840449980753,0.2033156923716555,0.1322416312671919,0.1091891798252072,-0.0753599255550004,,,52.52750676874495,52.52750676874495,False,63.908325426937296,63.908325426937296,61.06312076238921,329.0,True,False,True,True,True,True,False,False,True,True,True,True,True,True,False,False,False,11,False,0.1744051714111292,0.3023217662736495,1.0,152402750.37794152,0.2961931290622098,0.0,3.0,,,,,,0.0370215256535054,-0.0287895684143505,0.2433557177629134,-1.1342809036552888,0.4293478260869565,-1.1342809036552888,0.6144183715640216,-329.0,0.7282608695652174,0.2934782608695652,0.5978260869565217,0.7086956521739131,0.5717391304347826,和益
32.5,32.5,31.75,31.850000381469727,171917.0,-0.004687488079071,31.910000228881835,0.0652174176527731,31.52500000000001,0.1724552405048112,29.805398654937743,0.1561711512169845,28.969148683547974,0.0160341644914552,51.8518570846275,245552.4,0.7001234766998816,0.0103092904510617,1733.TW,2026-08-05,-0.0212164067444853,0.0717605027066035,neutral,0.0947075208913649,0.1328996282527881,2026-03-31,2026-05-15,519723000.0,175664000.0,87211000.0,86914000.0,5544000.0,81275000.0,0.81,1759309000.0,560904000.0,2489266000.0,666458000.0,1822808000.0,593961000.0,,,,0.0637871919368571,81648055.20399475,1928362000.0,0.0423406265026974,0.0445878007996453,0.0326501868422257,0.3656216123694871,0.3379954321821432,0.1678028488252396,0.1563813800813125,-0.0698519739491331,,,72.99324516078546,72.99324516078546,False,69.69539120452782,69.69539120452782,70.51985469359224,137.0,True,False,True,True,True,True,True,True,True,True,True,True,False,True,True,False,False,12,False,0.0685983687117455,0.0994455076809981,1.0,7820844.033670806,0.6935933147632312,1.0,3.0,,,,,,0.06303662376325,0.0333004551405673,0.1924805289816976,-1.0226126710716792,0.6070652173913043,-1.0226126710716792,0.6034984875849816,-137.0,0.9239130434782608,0.75,0.5760869565217391,0.8717391304347826,0.8021739130434783,五鼎
32.29999923706055,32.650001525878906,32.25,32.400001525878906,855363.0,0.0318471948884513,32.68000030517578,0.0782030731608176,31.795000076293945,0.1269565748131793,30.76333341598511,0.0015456894626382,30.53625008265178,0.0184992441418842,53.33337006748631,1316372.55,0.6497879342743815,0.019028194625986,1808.TW,2026-08-05,-0.0212164067444853,0.0717605027066035,neutral,0.0770659238625812,0.1756505576208178,2026-03-31,2026-05-15,5392216000.0,1474911000.0,1229561000.0,1153602000.0,211319000.0,942283000.0,1.06,46784978000.0,26633648000.0,51660398000.0,37973630000.0,13686768000.0,5845055000.0,11570200000.0,207356000.0,10980553000.0,0.1831818946222353,1004327686.4663897,25026750000.0,0.0401301681787043,0.068846275468394,0.0182399485191732,2.774477509957062,0.2735259492572256,0.2280251755493474,0.1747487489373571,173.44891620834682,,,72.1127428848662,72.1127428848662,False,71.36396352630796,71.36396352630796,71.55115836594751,149.0,True,False,True,True,True,True,True,True,True,True,True,True,False,True,True,False,False,12,False,0.0532019104614767,0.0610340640446207,1.0,42650472.62862511,0.4484679665738161,1.0,3.0,,,,,,0.0923515779021231,0.0283062293993568,0.1840955540284566,-0.9470358880165672,0.6423913043478261,-0.9470358880165672,0.689610648576421,-149.0,0.9021739130434784,0.782608695652174,0.7391304347826086,0.8777173913043479,0.8336956521739131,潤隆
29.700000762939453,29.850000381469727,29.39999961853028,29.75,1499496.0,0.0456941723092674,29.289999771118165,0.1081561356946991,28.25999984741211,0.2500000400703508,26.61250015894572,0.2044534040921044,25.831666723887125,0.0200498877424762,72.1311178107924,1883279.8,0.7962151986125482,0.0527247049056278,1907.TW,2026-08-05,-0.0212164067444853,0.0717605027066035,neutral,0.0529247910863509,0.087360594795539,2026-03-31,2026-05-15,17964361000.0,2424583000.0,-77218000.0,452137000.0,195557000.0,208827000.0,0.13,69038373000.0,57579369000.0,178076390000.0,82625870000.0,95450520000.0,10428232000.0,15812770000.0,19190444000.0,964996000.0,0.4,-46330800.0,120497021000.0,-0.0003844974723482,0.0021878036913785,0.0011726821281585,0.8656408576925511,0.1349662812943917,-0.0042983994810614,0.0116245158956669,-0.0057560278150267,,,17.0350561108219,17.0350561108219,False,75.62196680632331,75.62196680632331,60.97523913244796,916.0,True,True,True,True,True,True,True,False,True,True,True,True,False,True,False,False,False,12,False,0.1178957190160736,0.1516872030750344,1.0,56027574.05,0.4122562674094707,0.0,3.0,,,,,,0.0122722911923728,-0.0474980530223038,0.2193397754991556,-1.5651226384649255,0.2467391304347826,-1.5651226384649255,0.248919930105869,-916.0,0.1195652173913043,0.2826086956521739,0.1304347826086956,0.121195652173913,0.1706521739130435,永豐餘
81.9000015258789,81.9000015258789,77.9000015258789,78.4000015258789,5022980.0,0.0828729264301926,77.86000061035156,0.1395348553531179,72.89999961853027,0.1842901078556722,69.31666666666666,0.1983907627754122,69.7321107228597,0.0315551143814336,64.28571428571428,3427151.8,1.465642694904848,0.0754458427452529,2006.TW,2026-08-05,-0.0212164067444853,0.0717605027066035,neutral,0.0362116991643454,0.1236059479553903,2026-03-31,2026-05-15,13602390000.0,2004381000.0,1390762000.0,1521134000.0,302993000.0,1211982000.0,1.66,28387625000.0,18568929000.0,51955456000.0,19405487000.0,32549969000.0,1294546000.0,5329132000.0,260000000.0,,0.1991888946010016,1113737654.5669217,33386527000.0,0.0333588951784928,0.0372345055075167,0.0233273287024946,0.596175283607797,0.1473550603974742,0.1022439438951537,0.089100665397772,-0.0619062729029651,,,52.210458028038886,52.210458028038886,False,87.34021602836937,87.34021602836937,78.55777652828675,335.0,True,True,True,True,True,True,True,True,True,True,True,True,True,True,False,False,False,14,False,0.1310411376659617,0.1243027166848353,1.0,268688706.34941864,0.2302692664809656,1.0,3.0,,,,,,0.0483873512938698,-0.0024467605772615,0.2418723402616507,-1.2066142995755331,0.5103260869565218,-1.2066142995755331,0.510513611347427,-335.0,0.717391304347826,0.9565217391304348,0.4565217391304347,0.6782608695652174,0.7369565217391304,東和鋼鐵
31.0,31.200000762939453,31.0,31.14999961853028,20963.0,0.0130081176757814,30.929999923706056,0.0906843877037397,30.529999828338624,0.1327272588556465,29.68084850311279,0.0631399464041531,28.94334090550741,0.0138175884948321,51.72413339512855,32193.0,0.651166402634113,0.0203078871168598,2008.TW,2026-08-05,-0.0212164067444853,0.0717605027066035,neutral,0.0687093779015784,0.1644981412639405,2026-03-31,2026-05-15,349981000.0,60260000.0,34264000.0,25821000.0,1897000.0,,0.13,2434612000.0,1949854000.0,8362257000.0,4596942000.0,3765315000.0,312935000.0,1633298000.0,2437214000.0,,0.073467332791139,31746715.309244413,6412403000.0,0.0049508297137975,,,1.2208651865780151,0.1721807755278143,0.0979024575619819,,-0.2357091693673075,,,28.43463561506169,28.43463561506169,False,70.51858905775913,70.51858905775913,59.99760069708477,709.0,True,False,True,True,True,True,True,True,True,True,True,True,False,True,False,False,False,12,False,0.0494982855784398,0.0762406358072844,1.0,1002811.9377193452,0.9340761374187558,1.0,3.0,,,,,,0.0329315901358376,0.0115843736321232,0.2092912359745566,-1.1567128744673572,0.4239130434782608,-1.1567128744673572,0.4052624346685946,-709.0,0.3260869565217391,0.2282608695652173,0.358695652173913,0.3309782608695652,0.3032608695652173,高興昌
44.25,44.75,43.900001525878906,44.34999847412109,14169158.0,0.0254334907311233,43.99000015258789,0.136884207351829,42.01310157775879,0.1171284035722859,41.60229988098145,0.1519480123148333,39.52906662623088,0.0264146532226931,63.67346315967792,18033627.45,0.7857075920685054,0.0556230511103092,2027.TW,2026-08-05,-0.0212164067444853,0.0717605027066035,neutral,0.0399257195914577,0.1858736059479553,2026-03-31,2026-05-15,31174326000.0,8517820000.0,5633209000.0,4716863000.0,1204326000.0,2914770000.0,1.17,89517343000.0,24455518000.0,159942793000.0,66551339000.0,93391454000.0,9252095000.0,11925609000.0,29968117000.0,,0.2553235063218923,4194918326.275959,135487275000.0,0.0309617144951506,0.0312102432841446,0.0182238283159154,0.7126063054977172,0.2732318896004359,0.1807002659816927,0.0934990543179666,0.1950875950100803,,,67.77515994414823,67.77515994414823,False,80.82012790088548,80.82012790088548,77.55888591170117,180.0,True,True,True,True,True,True,True,True,True,True,True,True,False,True,True,False,False,13,False,0.06604679551372,0.1219591621900606,1.0,799791349.8903681,0.1318477251624883,1.0,3.0,,,,,,0.0400790867835779,-0.0332034695596111,0.2665541410680084,-1.1059406352510048,0.4880434782608696,-1.1059406352510048,0.4850791448247508,-180.0,0.8804347826086957,0.9456521739130436,0.4347826086956521,0.8135869565217391,0.8108695652173912,大成鋼
33.900001525878906,34.5,33.349998474121094,34.45000076293945,2430386.0,0.0682170779206032,33.44000015258789,0.0222551923744995,33.6,0.0314371014698005,32.47083339691162,-0.0014492532481318,33.39848599433899,-0.0006691958694756,49.056618711871046,1764435.6,1.3774297004662566,0.0252976417541503,2101.TW,2026-08-05,-0.0212164067444853,0.0717605027066035,neutral,0.1838440111420612,0.362453531598513,2026-03-31,2026-05-15,5423749000.0,2237626000.0,1648897000.0,1437849000.0,93759000.0,1344090000.0,1.86,40354728000.0,37879190000.0,52223322000.0,38754818000.0,13468504000.0,1824544000.0,7891061000.0,37500000.0,,0.0652078208490599,1541376019.8254476,14344132000.0,0.1074569043163746,0.0997950477647703,0.0257373515993486,2.8774404343644995,0.4125607582504279,0.3040142528719526,0.2478156714110479,1.6217745942925426,,,82.80478413647866,82.80478413647866,False,55.67672569250667,55.67672569250667,62.45874030349967,68.0,True,False,True,True,True,True,False,False,True,False,True,True,True,True,True,False,False,10,False,0.0609521579515748,0.0314839052518336,1.0,60784807.76615754,0.4011142061281337,1.0,2.0,,,,,,0.1149957251160484,0.0666189305436285,0.3705960470903829,0.2662270915837676,0.9641304347826088,0.2662270915837676,0.6546540319804015,-68.0,0.9891304347826086,0.4021739130434782,0.6630434782608695,0.9402173913043478,0.7478260869565218,南港
18.450000762939453,18.5,17.950000762939453,18.100000381469727,1133912.0,-0.0082191571797409,18.2,0.0225988475304361,17.942500019073485,0.1017016586336299,17.24381415049235,-0.0292500226074282,17.5266410668691,0.0072982466848272,45.00001430515567,1128247.75,1.0050203955647152,0.0087780611525045,2106.TW,2026-08-05,-0.0212164067444853,0.0717605027066035,neutral,0.1819870009285051,0.2128252788104089,2026-03-31,2026-05-15,8698617000.0,1718035000.0,255513000.0,171823000.0,60640000.0,111183000.0,0.12,25478129000.0,9730576000.0,47068938000.0,27476173000.0,19592765000.0,9412275000.0,3037616000.0,14974373000.0,,0.3529213201957829,165337014.71281496,37338362000.0,0.0044280735912522,0.0056746967566854,0.0023621310512678,1.4023632192801785,0.1975066841085198,0.029373979794719,0.0127816870199021,-0.0124089540383796,,,20.024805479941964,20.024805479941964,False,64.99309972763263,64.99309972763263,53.75102616570996,861.0,True,False,True,True,True,True,True,False,True,True,True,True,True,True,False,False,False,12,False,0.0496517895347954,0.0327135879837499,1.0,20421284.70539236,0.5552460538532962,0.0,3.0,,,,,,0.0077660010878613,-0.022708522964048,0.1533726990942922,-1.6372083956739447,0.1777173913043478,-1.6372083956739447,0.1784261192605318,-861.0,0.1630434782608695,0.0434782608695652,0.0543478260869565,0.1467391304347826,0.1054347826086956,建大
21.850000381469727,21.950000762939453,21.850000381469727,21.89999961853028,40100.0,0.0162413175805509,21.81000022888184,0.0257610879266265,21.81999998092652,0.1311696509118345,20.755353673299155,-0.0439197608864088,20.767418511708577,0.0079685849393955,51.2194917714312,79774.0,0.5026700428711108,0.0036663445313331,2115.TW,2026-08-05,-0.0212164067444853,0.0717605027066035,neutral,0.1671309192200557,0.1710037174721189,2026-03-31,2026-05-15,795763000.0,146418000.0,55001000.0,50773000.0,23159000.0,28129000.0,0.27,2550411000.0,942761000.0,4966182000.0,1610225000.0,3355957000.0,883919000.0,179756000.0,658841000.0,,0.4,33000600.0,4023421000.0,0.0082021245104601,0.0083818118050976,0.0056641097728597,0.4798109749320388,0.1839969940798956,0.0691173125666812,0.0353484643040704,-0.0114512019538349,,,30.9467161073479,30.9467161073479,False,66.01650819753978,66.01650819753978,57.24906017499181,665.0,True,False,True,True,True,True,True,True,True,True,True,True,False,True,False,False,False,12,False,0.0551494309973459,0.0545364415988032,1.0,1747050.5695686345,0.8802228412256268,0.0,3.0,,,,,,0.0542345376416567,0.0312795987198271,0.1707268253347641,-1.4883884456848064,0.4798913043478261,-1.4883884456848064,0.5519025573521487,-665.0,0.358695652173913,0.1521739130434782,0.4891304347826087,0.3782608695652174,0.3228260869565217,六暉-KY
530.0,530.0,509.0,509.0,427591.0,-0.0192678227360307,531.4,0.0593132154006244,500.025,0.1291120247646395,474.9312032063802,0.0031807957980101,480.4642199198405,0.0300236893603872,56.25,533780.35,0.8010617101210264,0.0179491025448728,2207.TW,2026-08-05,-0.0212164067444853,0.0717605027066035,neutral,0.1021355617455896,0.1737918215613383,2026-03-31,2026-05-15,71331231000.0,,,,1278339000.0,4429572000.0,7.95,371776395000.0,39724833000.0,525151865000.0,369092964000.0,116334068000.0,33821612000.0,111314642000.0,1403494000.0,,,,485427032000.0,,0.0380763096842792,0.0084348400819256,3.1726988520679944,,,0.0620986339069348,-0.0236719001813244,,,23.69838641660918,23.69838641660918,False,73.80911837622716,73.80911837622716,61.28143538632266,794.0,True,False,True,True,True,True,True,True,True,True,True,True,True,True,False,False,False,13,False,0.0717341723677298,0.059392102256689,1.0,271694198.15,0.2293407613741875,3.0,3.0,,,,,,0.0584904337858511,-0.0139646728568759,0.1936103458153596,-0.4802438921566206,0.5510869565217391,-0.4802438921566206,0.5491365421647607,-794.0,0.2391304347826087,0.3152173913043478,0.4782608695652174,0.275,0.3097826086956521,和泰車
257.0,260.5,256.0,258.5,72402392.0,0.0907172995780589,248.3,0.0884210526315789,243.7,0.0647922128441007,250.61610844930013,0.2410165416314218,230.68658103942872,0.0094232163197679,58.33333333333333,51161037.95,1.4151861436188864,0.0607304062371769,2317.TW,2026-08-05,-0.0212164067444853,0.0717605027066035,neutral,0.0696378830083565,0.2713754646840148,2026-03-31,2026-05-15,2119533391000.0,130980560000.0,75648689000.0,74031230000.0,17074953000.0,49919449000.0,3.56,4052387707000.0,2792211149000.0,5230479067000.0,3241680598000.0,1988798469000.0,986317310000.0,778365706000.0,25597034000.0,289268494000.0,0.2306452695706933,58200676732.92546,2438267918000.0,0.0238696807283855,0.0251003054246619,0.0095439535003496,1.6299693752429172,0.0617968844256816,0.0356911994504171,0.0235520936881527,0.289006464874042,,,39.93908373911616,39.93908373911616,False,71.68426564627477,71.68426564627477,63.74797016948512,511.0,True,False,True,True,True,False,True,True,True,False,True,True,True,True,False,False,False,11,False,0.0314580399459629,0.1205679967826887,1.0,13225128310.075,0.0139275766016713,2.0,3.0,,,,,,0.0581406442903584,-0.0102447154786681,0.2372161536231897,-1.5913022752797812,0.4668478260869564,-1.5913022752797812,0.4353613106330239,-511.0,0.5652173913043478,0.4456521739130434,0.391304347826087,0.5391304347826087,0.4945652173913043,鴻海
37.79999923706055,37.900001525878906,36.84999847412109,36.95000076293945,48274415.0,0.0602583179559614,36.00999984741211,0.0408450919137874,36.04000015258789,0.2357859944600131,35.745833237965904,0.185356325082735,32.78541270891825,0.0052998594377172,54.34782897141762,51017953.55,0.9462240572368078,0.0252497393590109,2324.TW,2026-08-05,-0.0212164067444853,0.0717605027066035,neutral,0.128133704735376,0.0966542750929368,2026-03-31,2026-05-15,201303536000.0,10597495000.0,2644084000.0,3090596000.0,699988000.0,1967195000.0,0.45,372539532000.0,285043722000.0,452433934000.0,306525209000.0,145908725000.0,84569615000.0,55846516000.0,11898445000.0,,0.2264896479513983,2045226345.6860747,167390212000.0,0.0122183150451238,0.013482367144254,0.0043480270867569,2.100801093286231,0.0526443559342146,0.0131348115017711,0.009772282390509,0.0110778585236814,,,17.5664711440274,17.5664711440274,False,73.45247578433023,73.45247578433023,59.48097462425452,901.0,True,False,True,True,True,True,True,True,True,True,True,True,True,True,False,False,False,13,False,0.0336869339975154,0.1270256406712353,1.0,1885113422.5961092,0.0724233983286908,1.0,3.0,,,,,,0.0225643315918994,-0.0490861806438672,0.2512433810101278,-1.399454550472026,0.3364130434782609,-1.399454550472026,0.3662823160563903,-901.0,0.1304347826086956,0.2065217391304347,0.2826086956521739,0.1532608695652174,0.183695652173913,仁寶
24.100000381469727,24.950000762939453,22.799999237060547,22.89999961853028,71681044.0,-0.0458333492279051,22.36000022888184,0.0456621012519957,22.984999847412112,0.6298931891567845,18.80416663487752,0.4679486575995064,16.931249976158146,0.0273773607856723,51.190475244370575,58950719.7,1.215948581540388,-0.0036980739371814,2332.TW,2026-08-05,-0.0212164067444853,0.0717605027066035,neutral,0.117920148560817,0.0157992565055762,2026-03-31,2026-05-15,3440889000.0,869521000.0,31548000.0,25642000.0,45353000.0,-29102000.0,-0.05,10255657000.0,3980490000.0,15469266000.0,4795742000.0,10673524000.0,3116133000.0,151000000.0,381849000.0,,0.4,18928800.0,11488776000.0,0.001647590657177,-0.0027265596629566,-0.001881278659246,0.4493119610730252,0.2527024266112623,0.0091685607992585,-0.0084576979960702,0.0312619414904058,,,25.00480773275497,25.00480773275497,False,72.86698564337264,72.86698564337264,60.90144116571823,769.0,True,False,True,True,False,True,True,True,True,True,True,True,True,True,False,False,False,12,False,0.2178151823041123,0.3525285877166226,1.0,1349971458.6420853,0.0928505106778087,0.0,3.0,,,,,,0.0245396927041963,-0.052955752042393,0.2723214949968942,-1.60533797210774,0.3353260869565217,-1.60533797210774,0.3393304769045837,-769.0,0.2608695652173913,0.2717391304347826,0.2391304347826087,0.2576086956521739,0.2597826086956522,友訊
94.6999969482422,98.3000030517578,94.6999969482422,97.0999984741211,7252325.0,0.137002303737626,92.47999877929688,0.1440822237484134,87.51500015258789,0.1436984302588431,87.89777984619141,0.4824427247957419,82.30638999938965,0.0129199912658042,67.75362569227813,6944275.05,1.044360274871313,0.1095240622158619,2347.TW,2026-08-05,-0.0212164067444853,0.0717605027066035,neutral,0.0343546889507892,0.1524163568773234,2026-03-31,2026-05-15,126357648000.0,5428837000.0,3373256000.0,3875913000.0,784782000.0,2954386000.0,1.77,208416617000.0,157729943000.0,249263901000.0,167490035000.0,81773866000.0,15304988000.0,56810338000.0,2500000000.0,,0.2024766809781334,2690250321.030425,91533958000.0,0.0293907351961162,0.036128730907745,0.0118524422836502,2.048209815590717,0.042964055487959,0.0266960967807821,0.0233811411241209,0.3825024363831348,,,42.4453478070041,42.4453478070041,False,72.15159600448364,72.15159600448364,64.72503395511376,474.0,True,False,True,True,True,False,True,True,True,True,False,True,True,True,False,False,False,11,False,0.1046922760055175,0.1797382739644046,1.0,674289096.7588772,0.1448467966573816,1.0,3.0,,,,,,0.0566735190501126,-0.0248174180450928,0.3267916738184379,-0.0951716678012373,0.6831521739130435,-0.0951716678012373,0.7478911854448906,-474.0,0.5869565217391305,0.5108695652173914,0.8043478260869565,0.6195652173913043,0.607608695652174,聯強
813.0,859.0,813.0,838.0,5262397.0,0.1011826544021023,798.0,0.2197962154294033,743.45,0.3246498790237693,717.7566650390625,0.7847634915312469,625.5563306172688,0.0433653778682199,69.27899686520377,4429601.8,1.1880067865242423,0.1271773488465934,2357.TW,2026-08-05,-0.0212164067444853,0.0717605027066035,neutral,0.0129990714948932,0.0613382899628252,2026-03-31,2026-05-15,208369726000.0,30970538000.0,11895859000.0,13859608000.0,2702804000.0,9797017000.0,13.19,485857648000.0,327627459000.0,671441698000.0,354711686000.0,316730012000.0,57955263000.0,41417377000.0,275376000.0,,0.1950130191272365,9576011621.29809,343814239000.0,0.0278522833991703,0.0309317608967223,0.0145910166574134,1.1199181402487366,0.1486326185407567,0.0570901504184921,0.0470174683629425,0.4108280576281871,,,51.58078089609261,51.58078089609261,False,85.44440842133596,85.44440842133596,76.97850154002512,343.0,True,True,True,True,True,True,True,True,True,True,False,True,True,True,False,False,False,13,False,0.167526601727054,0.3396075764641404,1.0,3712006308.4,0.042711234911792,3.0,3.0,,,,,,0.0930620312745233,0.0029687178140594,0.3280679225741626,-1.1133595550664883,0.7478260869565218,-1.1133595550664883,0.8168476388705344,-343.0,0.6847826086956522,0.9239130434782608,0.8695652173913043,0.7125,0.7934782608695653,華碩
48.54999923706055,48.54999923706055,45.79999923706055,47.150001525878906,3023536.0,0.1266428493428786,44.00000076293945,0.0926998808470731,43.03750038146973,0.2415194842307582,42.73514455159505,0.3214028063996483,39.79319311777751,0.0059016045632142,66.66666666666666,994953.5,3.038871665861772,0.0955562267315102,2362.TW,2026-08-05,-0.0212164067444853,0.0717605027066035,neutral,0.0668523676880222,0.0929368029739776,2026-03-31,2026-05-15,4941226000.0,1031961000.0,338299000.0,460047000.0,109186000.0,350861000.0,0.61,21268600000.0,19086193000.0,104921126000.0,60685209000.0,44235917000.0,8972993000.0,7767445000.0,28201977000.0,,0.2373366199540481,258008258.80616543,85834933000.0,0.0030058654418261,0.0079315864527008,0.0033440453164789,1.3718537585645618,0.2088471565558831,0.0684645875335392,0.0710068715739778,0.1924432336345798,,,31.430349126543067,31.430349126543067,False,82.33773149300612,82.33773149300612,69.61088590139036,656.0,True,True,True,True,True,True,True,True,True,True,False,True,False,True,False,False,False,12,False,0.1033074070675883,0.1848760511961722,1.0,46912059.04317856,0.4354688950789229,1.0,3.0,,,,,,0.0237343915374944,-0.0200763077554181,0.2280308108726272,-1.4128453276928532,0.346195652173913,-1.4128453276928532,0.4045262805789177,-656.0,0.391304347826087,0.717391304347826,0.3478260869565217,0.3847826086956522,0.4804347826086956,藍天
152.5,154.5,150.0,151.0,19290254.0,0.0981818181818181,144.3,0.0633802816901407,145.35,0.4380952380952381,136.79166666666666,0.6629955388209294,115.11083323160808,0.0048392671966815,55.88235294117647,15913729.6,1.212176811148029,0.0388716890264877,2377.TW,2026-08-05,-0.0212164067444853,0.0717605027066035,neutral,0.0984215413184772,0.0297397769516728,2026-03-31,2026-05-15,56256838000.0,8440506000.0,3876357000.0,4133431000.0,716617000.0,3416814000.0,4.04,106512512000.0,56814984000.0,119099762000.0,64185562000.0,54914200000.0,25875075000.0,0.0,6305082000.0,,0.1733709840565864,3204309172.355363,62284778000.0,0.0514461040923251,0.0622209555998266,0.0286886719387398,1.1688335985956273,0.1500352010541367,0.0689046369794192,0.0607359766647389,0.0507372103469625,,,60.05362798212559,60.05362798212559,False,80.62503233862415,80.62503233862415,75.48218124949952,263.0,True,True,True,True,True,True,True,True,True,True,True,True,True,True,True,False,False,14,False,0.1038684130368565,0.311779228425715,1.0,2402973169.6,0.0622098421541318,2.0,3.0,,,,,,0.0474539185777831,-0.0055892534250297,0.2573950264484918,-1.0784688453490268,0.5516304347826086,-1.0784688453490268,0.5901065407079311,-263.0,0.782608695652174,0.8804347826086957,0.5652173913043478,0.75,0.7684782608695653,微星
51.0,52.09999847412109,49.0,49.09999847412109,9289762.0,0.1121177072970358,47.45,0.238335348917309,44.447499656677245,0.4441176021800319,39.7128298441569,0.7442273228948844,34.40599830945333,0.0369787122135487,62.86353555383435,5603837.9,1.657749950261766,0.1046740278616529,2425.TW,2026-08-05,-0.0212164067444853,0.0717605027066035,neutral,0.0083565459610027,0.0241635687732342,2026-03-31,2026-05-15,742329000.0,57186000.0,84000.0,19626000.0,14929000.0,59718000.0,0.62,6477498000.0,3530704000.0,6656471000.0,3632354000.0,3024117000.0,955233000.0,0.0,,,0.4,50400.0,3125767000.0,1.6124042515005117e-05,0.0197472518424386,0.0089714204418527,1.2011287923053242,0.0770359234247887,0.0001131573736173,0.0804468099723976,-0.0094210083147737,,,20.556959597295062,20.556959597295062,False,95.31620541164617,95.31620541164617,76.62639395805839,849.0,True,True,True,True,True,True,True,True,True,True,False,True,True,True,False,False,False,13,False,0.2363762206521618,0.4270766984439007,1.0,275148432.33922195,0.2284122562674094,1.0,3.0,,,,,,0.0021918157949983,-0.0994486551628979,0.2275237271217763,-1.6391552665408615,0.221195652173913,-1.6391552665408615,0.2719482807615799,-849.0,0.1956521739130435,0.9021739130434784,0.1630434782608695,0.1907608695652174,0.4010869565217391,承啟
13.899999618530272,14.0,13.850000381469728,13.949999809265137,138732.0,0.0072201750932223,13.949999809265137,0.0145454406738281,13.939999866485596,0.0772200783574179,13.41583333015442,-0.0379310476368871,13.653749998410545,0.0003588032814198,57.14284741149053,267274.8,0.5190612807492514,0.0007173560168807,2516.TW,2026-08-05,-0.0212164067444853,0.0717605027066035,neutral,0.2051996285979573,0.2490706319702602,2026-03-31,2026-05-15,1624343000.0,91613000.0,49137000.0,56516000.0,0.0,56516000.0,0.25,5501612000.0,4873771000.0,7116682000.0,5000833000.0,2115849000.0,1859804000.0,596780000.0,,,0.0,49137000.0,2242911000.0,0.0219076904968587,0.0267107907983981,0.0079413412036676,2.363511290266933,0.0564000337367169,0.0302503843092253,0.0347931440588594,-0.2679604746075582,,,20.556737993044667,20.556737993044667,False,68.39129991253432,68.39129991253432,56.43265943266191,850.0,True,False,True,True,True,True,True,True,True,True,True,True,False,True,False,False,False,12,False,0.039816123677542,0.0216973220462568,1.0,3728483.4090213776,0.7957288765088208,0.0,3.0,,,,,,0.1454229930866963,0.0747943319654633,0.256704457855431,-0.7701027509043309,0.8695652173913043,-0.7701027509043309,0.7525783238524337,-850.0,0.1847826086956521,0.1304347826086956,0.8260869565217391,0.2809782608695652,0.2967391304347826,新建
41.150001525878906,43.5,41.09999847412109,43.34999847412109,1872531.0,0.0164125890550657,42.50000076293945,0.107279611354955,41.07500038146973,0.1101152194896744,39.07333354949951,-0.068743304304757,42.76166674296061,0.0191675510441561,62.42773572299554,1259537.6,1.4866813027256989,0.0553864411813294,2539.TW,2026-08-05,-0.0212164067444853,0.0717605027066035,neutral,0.053853296193129,0.1960966542750929,2026-03-31,2026-05-15,2476909000.0,1123612000.0,1002985000.0,1009807000.0,195023000.0,814784000.0,0.68,31998835000.0,10750825000.0,32104295000.0,13379256000.0,18725039000.0,5711725000.0,397000000.0,2628180000.0,,0.1931289840533884,809279525.9292122,21353470000.0,0.0378992044819512,0.0435130735909281,0.0253792833637991,0.7145115158371633,0.4536347520235907,0.4049341336318774,0.3289519316212262,-0.5500200926952697,,,74.05495514883755,74.05495514883755,False,85.56682601960314,85.56682601960314,82.68885830191175,129.0,True,True,True,True,True,True,True,True,True,True,True,True,True,True,True,False,False,14,False,0.109452266702654,0.0137583910069951,1.0,54600953.03809814,0.4187558031569173,1.0,3.0,,,,,,0.0315577997404206,-0.0367345454739321,0.1798681249199945,-1.5462081184235483,0.2260869565217391,-1.5462081184235483,0.2526761890078264,-129.0,0.9456521739130436,1.0,0.1413043478260869,0.825,0.8010869565217391,櫻花建
55.900001525878906,58.5,55.0,57.79999923706055,1825836.0,0.0,58.7,0.094696971065304,55.20500011444092,0.155999984741211,54.38000005086263,0.2620087379890132,52.02541662851969,0.0244015615794904,60.47904383110802,1455127.75,1.2547599343081732,0.047006595729375,2540.TW,2026-08-05,-0.0212164067444853,0.0717605027066035,neutral,0.0631383472609099,0.1459107806691449,2026-03-31,2026-05-15,1723776000.0,287120000.0,16711000.0,-23679000.0,-12379000.0,-11300000.0,-0.01,56034014000.0,40379750000.0,62395605000.0,45980107000.0,16415498000.0,3571479000.0,22631288000.0,1648850000.0,3500000000.0,0.4,10026600.0,22015855000.0,0.0004554263279804,-0.0006883738769302,-0.0001811024991263,2.801018098872176,0.1665645652335338,0.0096944150516076,-0.0065553761045518,-0.1886157982535086,,,3.932387581614786,3.932387581614786,False,84.9194556411357,84.9194556411357,64.67268862625546,1069.0,True,True,True,True,True,True,True,True,True,True,True,True,True,True,False,False,False,14,False,0.0628907536410285,0.1109954130646078,1.0,84106382.83982563,0.3584029712163417,1.0,3.0,,,,,,0.1391837246056605,0.0645592641249655,0.5091640197140829,-0.8450751785961798,0.9255434782608696,-0.8450751785961798,0.9306648735487772,-1069.0,0.0217391304347826,0.5,0.9891304347826086,0.1668478260869565,0.358695652173913,愛山林
100.0,101.0,98.9000015258789,99.1999969482422,346605.0,0.0122448668187979,100.61999969482422,0.0770901041449649,96.73499984741213,0.1698112426681792,92.32000007629397,0.1561770794856616,88.50500011444092,0.0174598984739638,59.35828266113111,209587.0,1.6537523796800373,0.0254819569413173,2546.TW,2026-08-05,-0.0212164067444853,0.0717605027066035,neutral,0.0789229340761374,0.1338289962825278,2026-03-31,2026-05-15,4271987000.0,331333000.0,227648000.0,236497000.0,50162000.0,186338000.0,1.43,15279304000.0,9683343000.0,16184746000.0,9989889000.0,6194857000.0,7854449000.0,0.0,,,0.2121041704545935,179362909.8043527,6501403000.0,0.0275883389791945,0.0300794675325031,0.0115131865523252,1.6126101054471476,0.0775594588653944,0.0532885516739634,0.0436185784273219,0.0858039345262302,,,37.32527210445105,37.32527210445105,False,84.1380166085745,84.1380166085745,72.43483048254365,569.0,True,True,True,True,True,True,True,True,True,True,True,True,True,True,False,False,False,14,False,0.0745233629361197,0.1208405945423667,1.0,20791029.76039124,0.5496750232126276,1.0,3.0,,,,,,0.0979261188066284,0.0442702162558402,0.3502956667971328,0.0701851745405658,0.9190217391304348,0.0701851745405658,0.9071366255008364,-569.0,0.4565217391304347,0.8043478260869565,0.9782608695652174,0.5347826086956522,0.6652173913043478,根基
207.0,207.0,203.5,205.0,5459687.0,0.0173697270471464,204.7,0.0459183673469387,200.95,0.0328930358400556,198.4684631347656,0.2012995432070219,193.41552619934083,0.0160535962583743,56.94444444444444,8591587.8,0.6354689176312671,0.0201542672306545,2603.TW,2026-08-05,-0.0212164067444853,0.0717605027066035,neutral,0.116991643454039,0.3596654275092937,2026-03-31,2026-05-15,86511471000.0,13386693000.0,8948352000.0,10639378000.0,1948722000.0,8303529000.0,3.84,244500947000.0,151671937000.0,935103407000.0,330097608000.0,605005799000.0,183466379000.0,21757000.0,72484631000.0,,0.1831612712698054,7309360471.910295,783431470000.0,0.0093299296132567,0.0137247097692695,0.0088797976115169,0.5456106512460056,0.1547389362966675,0.1034354392147603,0.0959818265025224,-0.2133215452088127,,,31.8537233857576,31.8537233857576,False,69.67196443836153,69.67196443836153,60.21740417521055,651.0,True,False,True,True,True,True,True,True,True,False,True,True,False,True,False,False,False,11,False,0.0329096963924151,0.0598942289085924,1.0,1761275499.0000002,0.0761374187558031,2.0,3.0,,,,,,0.0800808490410695,0.0177393393839041,0.2140865604961412,-1.1543144752439056,0.6157608695652174,-1.1543144752439056,0.6613499955949077,-651.0,0.4021739130434782,0.2608695652173913,0.6956521739130435,0.446195652173913,0.4184782608695652,長榮
63.79999923706055,65.0,63.79999923706055,64.5,3444521.0,0.0522022969456221,62.84000015258789,0.0238095238095237,62.87499942779541,0.0532761919344513,63.30902697245279,0.1033499883617743,61.29815851847331,0.0039920160045389,53.02014058573295,3435923.9,1.0025021217728367,0.0258449397533706,2606.TW,2026-08-05,-0.0212164067444853,0.0717605027066035,neutral,0.1745589600742804,0.3029739776951672,2026-03-31,2026-05-15,3891765000.0,1243986000.0,987897000.0,987799000.0,68000.0,987731000.0,1.17,29154469000.0,15158773000.0,89632874000.0,49048791000.0,40584083000.0,18437340000.0,5972000000.0,33795287000.0,,6.883991581283237e-05,987828993.2536882,74474101000.0,0.0132640606598754,0.0243378912860985,0.0110197403689186,1.2085721143434485,0.3196457134487822,0.2538429221702749,0.2538002680017935,0.1329549990000165,,,55.37983321173965,55.37983321173965,False,55.49696728931688,55.49696728931688,55.46768376992257,303.0,True,False,True,True,True,False,True,True,True,False,True,True,True,True,False,False,False,11,False,0.018812057055709,0.0522338934629131,1.0,221617091.55,0.2488393686165274,1.0,3.0,,,,,,0.0346354406368293,-0.0173306735560846,0.1578580833825423,-1.6434457585190625,0.2260869565217391,-1.6434457585190625,0.2844530607301421,-303.0,0.7608695652173914,0.0760869565217391,0.1847826086956521,0.6744565217391304,0.4402173913043478,裕民
47.45000076293945,47.5,46.70000076293945,47.0,295906.0,-0.0084388504852793,47.08000106811524,0.0129310011721972,46.98749980926514,0.0399519221030029,46.27240416208903,-0.1129821796844975,47.76250511805217,0.0049189994320072,46.808519272740256,382445.25,0.7737212058458041,0.000266032259337,2607.TW,2026-08-05,-0.0212164067444853,0.0717605027066035,neutral,0.2107706592386258,0.345724907063197,2026-03-31,2026-05-15,3991930000.0,868803000.0,467559000.0,709936000.0,149297000.0,553268000.0,1.04,14530568000.0,4295956000.0,44350782000.0,12631508000.0,31719274000.0,4170571000.0,346407000.0,4274711000.0,,0.2102964210858443,369233015.6535237,40054826000.0,0.0092181904785586,0.0174426438637908,0.012474819496982,0.3982281561677609,0.2176398383739193,0.1171260518095257,0.1385966186781832,-0.1369527758740344,,,38.62339041274056,38.62339041274056,False,60.05592690120606,60.05592690120606,54.69779277908968,546.0,True,False,True,True,True,True,True,False,True,False,True,True,False,True,False,False,False,10,False,0.0157241848805229,-0.0159645126688292,0.0,17974926.75,0.5766016713091922,1.0,3.0,,,,,,0.0374321290004127,0.0063642773062156,0.1167494780321512,-1.7210682652677387,0.275,-1.7210682652677387,0.2676514690982776,-546.0,0.5108695652173914,0.0652173913043478,0.1521739130434782,0.4570652173913043,0.3054347826086956,榮運
22.700000762939453,22.850000381469727,22.39999961853028,22.600000381469727,40555405.0,0.041474635340444,22.320000457763676,0.065494754315651,21.331054496765137,0.198938988016488,20.67704903284709,0.0296127378559247,19.912691179911292,0.009366286862861,71.25000953674304,42771616.3,0.9481849999669056,0.0594881929019039,2610.TW,2026-08-05,-0.0212164067444853,0.0717605027066035,neutral,0.0928505106778087,0.1143122676579925,2026-03-31,2026-05-15,56997031000.0,11740924000.0,6436036000.0,7021709000.0,1173546000.0,5169442000.0,0.85,86787582000.0,117191909000.0,372739998000.0,264413465000.0,108326533000.0,52710911000.0,,54806125000.0,5750000000.0,0.1671311072560825,5360374176.979992,255548089000.0,0.0209759900688593,0.0477209217062268,0.0138687611411104,2.440892897403077,0.2059918524528058,0.1129187939631452,0.0906966890959636,0.080061410563945,,,43.706898976143904,43.706898976143904,False,74.31402739670793,74.31402739670793,66.66224529156692,452.0,True,False,True,True,True,True,True,True,True,True,True,True,True,True,False,False,False,13,False,0.0929993126953405,0.1349545964068128,1.0,966638544.6960768,0.1132776230269266,0.0,3.0,,,,,,0.0585273414609985,0.0199134520157522,0.2210108729382941,-0.9032172970475892,0.6315217391304347,-0.9032172970475892,0.5881841758340935,-452.0,0.5978260869565217,0.6195652173913043,0.5543478260869565,0.591304347826087,0.5956521739130435,華航
86.19999694824219,86.80000305175781,85.0999984741211,85.4000015258789,6414548.0,0.0047059003044576,85.33999938964844,0.07556674917751,83.14499931335449,0.1105331577547437,81.16298306783041,0.161904782665019,79.07565822601319,0.0211605335976773,63.1285144790249,9990028.75,0.6420950490257598,0.0271213209591334,2615.TW,2026-08-05,-0.0212164067444853,0.0717605027066035,neutral,0.0807799442896936,0.1947026022304832,2026-03-31,2026-05-15,33640864000.0,7656632000.0,5825197000.0,9789626000.0,2113020000.0,7671518000.0,2.73,141008376000.0,35567443000.0,420232464000.0,133190864000.0,287041600000.0,99479800000.0,1000000000.0,42718782000.0,0.0,0.2158427707044171,4567870339.620942,384665021000.0,0.0118749303686256,0.0267261539790748,0.0182554149362434,0.4640124079575922,0.2275991484642011,0.1731583647792161,0.2280416460171772,-0.0929984351119866,,,48.73816272918027,48.73816272918027,False,77.60413060766945,77.60413060766945,70.38763863804715,388.0,True,True,True,True,True,True,True,True,True,True,True,True,False,True,False,False,False,13,False,0.0522038286161499,0.0799783832565712,1.0,853148470.4935741,0.1262766945218198,1.0,3.0,,,,,,0.0666459378520794,0.0170283033328312,0.2498738704467741,-1.1791118610999607,0.6353260869565217,-1.1791118610999607,0.6251970985125472,-388.0,0.6521739130434783,0.7391304347826086,0.6304347826086957,0.6489130434782608,0.6739130434782609,萬海
44.0,44.54999923706055,43.54999923706055,43.79999923706055,45103567.0,0.0566947751716866,43.26999969482422,0.0991217293397044,41.78249988555908,0.2478632803746099,39.64995295206706,0.1679999796549478,37.48164307276408,0.0133308782665903,60.43955399036432,48317947.45,0.9334743998940294,0.0482857501831468,2618.TW,2026-08-05,-0.0212164067444853,0.0717605027066035,neutral,0.0594243268337975,0.0901486988847583,2026-03-31,2026-05-15,60515845000.0,15865568000.0,11279920000.0,11043489000.0,2178622000.0,8268012000.0,1.53,119872996000.0,106923312000.0,391276107000.0,247236537000.0,144039570000.0,95057424000.0,110000000.0,46720454000.0,,0.1972766034357439,9054655695.373083,284352795000.0,0.0318430339162767,0.057400976689947,0.0211308890373927,1.7164487300260616,0.2621721302908354,0.1863961413742136,0.1366255730214128,0.1014063587979636,,,65.4946890287355,65.4946890287355,False,84.36464744964526,84.36464744964526,79.64715784441782,205.0,True,True,True,True,True,True,True,True,True,True,True,True,True,True,True,False,False,14,False,0.1046671175123583,0.1685720167611244,1.0,2116326061.446332,0.0696378830083565,1.0,3.0,,,,,,0.0483740847376814,-0.0136424704298409,0.2936248193263812,-0.8045140786220538,0.6119565217391304,-0.8045140786220538,0.6130328950266508,-205.0,0.8586956521739131,0.9782608695652174,0.5869565217391305,0.8179347826086957,0.8402173913043478,長榮航
61.59999847412109,64.5,61.29999923706055,63.5,38745974.0,0.0461284876749144,61.04000015258789,0.0654362688880325,62.8850004196167,0.3597430184710579,53.537442398071285,0.211832025780364,51.91247129440308,0.0124028911397006,48.786407901829705,58820117.9,0.658719760913638,0.0097797499607148,2634.TW,2026-08-05,-0.0212164067444853,0.0717605027066035,neutral,0.0937790157845868,0.0501858736059479,2026-03-31,2026-05-15,7587090000.0,591710000.0,272385000.0,343445000.0,82787000.0,260658000.0,0.28,37638357000.0,26369324000.0,51480606000.0,33336880000.0,18143726000.0,2181426000.0,5295860000.0,1125000000.0,3448642000.0,0.2410487851038739,206726926.6694813,25111282000.0,0.0082324322059495,0.0143662883797958,0.005063227111196,1.837377835181153,0.0779890577283253,0.0359011162382415,0.0343554643479911,0.0064028588028364,,,19.130159005497152,19.130159005497152,False,71.74696184970661,71.74696184970661,58.59276113865424,871.0,True,False,True,True,True,True,True,False,True,True,True,True,False,True,False,False,False,11,False,0.1860857963264905,0.2232128121946339,1.0,3735077486.65,0.0408542246982358,1.0,3.0,,,,,,-0.0113534159150797,-0.0729466375331143,0.221965543341031,-1.878651231153744,0.1951086956521739,-1.878651231153744,0.1973961924031099,-871.0,0.1413043478260869,0.1847826086956521,0.0760869565217391,0.1315217391304347,0.1413043478260869,漢翔
84.4000015258789,87.5,84.4000015258789,85.4000015258789,3666437.0,0.0621890535461073,81.74000091552735,0.0675000190734862,82.12500076293945,0.2227637890906373,76.81040560404459,0.2917765886584047,72.47379865646363,0.0156443252911124,55.642025309992334,2871752.95,1.276724378397522,0.0398782433182924,2637.TW,2026-08-05,-0.0212164067444853,0.0717605027066035,neutral,0.0882079851439183,0.1031598513011152,2026-03-31,2026-05-15,4338022000.0,1244039000.0,1197473000.0,1201283000.0,6082000.0,1195201000.0,1.6,8930959000.0,8128467000.0,84286573000.0,33874386000.0,50412187000.0,5975075000.0,2132536000.0,18694305000.0,992902000.0,0.0050629202277897,1191410289.726068,76158106000.0,0.0156439065032167,0.0237085726909645,0.0141802063775923,0.6719483524886551,0.2867756318432686,0.276041246448266,0.2755175054437253,0.2360516073148353,,,62.80204855376821,62.80204855376821,False,79.45068238187201,79.45068238187201,75.28852392484606,238.0,True,True,True,True,True,True,True,True,True,True,True,True,True,True,True,False,False,14,False,0.1118285452899889,0.1783569111740279,1.0,245247706.3119473,0.2404828226555246,1.0,3.0,,,,,,0.028624775764892,-0.0384520646746528,0.2243789287053556,-1.5363005730187125,0.2929347826086956,-1.5363005730187125,0.3170998690160121,-238.0,0.8043478260869565,0.8695652173913043,0.2065217391304347,0.7146739130434783,0.7043478260869566,慧洋-KY
46.29999923706055,46.29999923706055,45.5,45.84999847412109,73138.0,-0.0316789872933115,46.9,0.0234374833692392,45.92156219482422,0.0712616656875906,44.26052055358887,0.0750292340857363,43.44651025136312,0.0121779055532058,53.39228185185562,120352.2,0.6076997346122464,-0.0015583903787836,2704.TW,2026-08-05,-0.0212164067444853,0.0717605027066035,neutral,0.1773444753946146,0.2574349442379182,2026-03-31,2026-05-15,378532000.0,113136000.0,11772000.0,102498000.0,43662000.0,58697000.0,0.16,22038050000.0,4179836000.0,34495152000.0,8091080000.0,26404072000.0,3958344000.0,340000000.0,400000000.0,,0.4,7063200.0,30315316000.0,0.0002329911388685,0.0022230283268429,0.0017016014308329,0.3064330380556453,0.2988809400526243,0.0310990880559635,0.1550648293935519,0.0078893625405718,,,28.393804821713665,28.393804821713665,False,64.79077196760873,64.79077196760873,55.691530181134965,711.0,True,False,True,True,False,True,True,True,True,False,True,True,False,True,False,False,False,10,False,0.035911866843223,0.0553206277984676,1.0,5518148.186357115,0.7353760445682451,1.0,3.0,,,,,,0.0385376674901906,0.0026385850316439,0.1817140867444683,-1.254904107214601,0.3869565217391304,-1.254904107214601,0.4090331483194573,-711.0,0.3152173913043478,0.0869565217391304,0.3695652173913043,0.3233695652173913,0.2576086956521739,國賓
59.59999847412109,59.59999847412109,58.5,58.59999847412109,163248.0,0.0298769227179898,58.9,0.0390070370340809,57.160000038146975,0.1677289637358476,54.25521539052328,0.2918528517848582,50.17646579742432,0.0098047861952828,58.13952663126091,227683.95,0.7169938856032672,0.0251924148882627,2832.TW,2026-08-05,-0.0212164067444853,0.0717605027066035,neutral,0.1309192200557103,0.1356877323420074,2026-03-31,2026-05-15,,,514384000.0,513794000.0,96832000.0,,,,,25841065000.0,13610551000.0,12230514000.0,3713301000.0,,,,0.1884646375784847,417440805.8638287,25841065000.0,0.0161541641516643,,,1.112835568480605,,,,,,,55.14019466216183,55.14019466216183,False,76.60129425409029,76.60129425409029,71.23601935610817,306.0,True,True,True,True,True,True,True,True,True,True,True,True,False,True,False,False,False,13,False,0.0800804688051559,0.1678781584718383,1.0,13342279.122581862,0.6220984215413184,1.0,3.0,,,,,,0.041156878134234,-0.0021051044082751,0.1589947264388027,-1.3540077948189242,0.3695652173913044,-1.3540077948189242,0.3485149516174031,-306.0,0.75,0.7608695652173914,0.2608695652173913,0.6766304347826086,0.6554347826086957,台產
159.0,160.0,153.0,157.5,616558.0,0.0128617363344052,159.9,0.0787671232876712,151.125,0.2453858711192995,142.14758211771647,0.4723229105034121,128.32855587005616,0.0257933141014764,63.51351351351351,426347.05,1.4461411190718922,0.0421836228287841,2850.TW,2026-08-05,-0.0212164067444853,0.0717605027066035,neutral,0.075208913649025,0.0910780669144981,2026-03-31,2026-05-15,,,1507350000.0,1508204000.0,248433000.0,,,,,58099283000.0,36260125000.0,21839158000.0,14722947000.0,,,,0.1647210854765005,1259057671.8069968,58099283000.0,0.0216707953488341,,,1.6603261444420157,,,,,,,51.89726928896828,51.89726928896828,False,84.90713268620513,84.90713268620513,76.65466683689591,340.0,True,True,True,True,True,True,True,True,True,True,True,True,True,True,False,False,False,14,False,0.1080033698326978,0.2273184166389472,1.0,67149660.375,0.3825441039925719,2.0,3.0,,,,,,0.0082922626537527,-0.0375756627658692,0.185910493841631,-2.017810304240259,0.1695652173913043,-2.017810304240259,0.1942629997728354,-340.0,0.7065217391304348,0.9130434782608696,0.0652173913043478,0.6103260869565218,0.6402173913043478,新產
9.760000228881836,9.890000343322754,9.649999618530272,9.770000457763672,16290480.0,0.0426894959541104,9.76599998474121,0.102708898007757,9.272999954223632,0.2688312597109128,8.510333267847697,0.2590206404119479,8.175416644414266,0.0302188677805933,73.88891596854145,20073417.05,0.811544938234619,0.0535965174154526,2867.TW,2026-08-05,-0.0212164067444853,0.0717605027066035,neutral,0.0557103064066852,0.0799256505576208,2026-03-31,2026-05-15,,,-260328000.0,-260476000.0,-99972000.0,,,,,1583200325000.0,1505084533000.0,78115792000.0,70736282000.0,,,,0.3838050338610851,-160412803.14501145,1583200325000.0,-0.0001013218609243,,,19.267352918856663,,,,,,,0.0,0.0,False,75.79692599514664,75.79692599514664,56.84769449635998,1076.0,True,True,True,True,True,True,True,False,True,True,True,True,True,True,False,False,False,13,False,0.1480161998678755,0.1950461832962216,1.0,196117293.7673811,0.2599814298978644,0.0,3.0,,,,,,0.0895870911138076,-0.0310247543458251,0.2372320511566805,-0.4579936186943461,0.6445652173913042,-0.4579936186943461,0.6532828509757278,-1076.0,0.0108695652173913,0.1413043478260869,0.6521739130434783,0.1070652173913043,0.1782608695652174,三商壽
130.0,132.5,129.0,129.5,15295320.0,0.0528455284552844,128.3,0.0277777777777776,126.45,0.4289670811365214,118.007479095459,0.4794940555519431,102.56156171162924,0.0122073243946368,58.49056603773585,22750203.45,0.6723157458180885,0.0241202056148674,2881.TW,2026-08-05,-0.0212164067444853,0.0717605027066035,neutral,0.1620241411327762,0.0315985130111524,2026-03-31,2026-05-15,66193246000.0,,,38624861000.0,5062760000.0,33551455000.0,,,,13120104726000.0,12085399702000.0,1034705024000.0,358727505000.0,,,,0.131075164257549,,13120104726000.0,,0.0324261062058977,0.0025572551211051,11.68004351160858,,,0.5068712750542556,-0.3925800152621125,,,12.264204123597382,12.264204123597382,False,78.57107011723892,78.57107011723892,61.99435361882853,1005.0,True,True,True,True,True,True,True,True,True,True,True,True,False,True,False,False,False,13,False,0.0973880722868798,0.2626562801774914,1.0,2946151346.775,0.0492107706592386,2.0,3.0,,,,,,-0.0152014979922942,-0.1346775485111752,0.2876654778745535,-0.9711784132987998,0.3793478260869565,-0.9711784132987998,0.3831049586655507,-1005.0,0.0652173913043478,0.3804347826086957,0.3260869565217391,0.1043478260869565,0.2119565217391304,富邦金
100.5,102.0,100.0,100.5,13738083.0,0.0680127697094383,99.37999877929688,0.0255102040816326,96.97000045776367,0.3624251881917888,93.43229764302572,0.4009325273635586,82.69132041931152,0.0111574524120099,56.7226774922777,21778723.65,0.6308029442303889,0.03640300634807,2882.TW,2026-08-05,-0.0212164067444853,0.0717605027066035,neutral,0.1680594243268338,0.0492565055762081,2026-03-31,2026-05-15,72538053000.0,,,38391738000.0,6735806000.0,31593811000.0,,,,14450034484000.0,13633007653000.0,817026831000.0,293505959000.0,,,,0.1754493636104726,,14450034484000.0,,0.0386692453677815,0.0021864176888285,16.686119887046893,,,0.4355480977687669,-0.3173702053156907,,,13.906153918122188,13.906153918122188,False,77.00780792899305,77.00780792899305,61.23239442627533,982.0,True,True,True,True,True,True,True,True,True,True,True,True,False,True,False,False,False,13,False,0.0756451734064986,0.2153633475724434,1.0,2188761726.825,0.0687093779015784,2.0,3.0,,,,,,-0.0223385916052749,-0.108698627436666,0.2820721159837983,-1.0087106200360512,0.3684782608695652,-1.0087106200360512,0.3820742404886715,-982.0,0.0978260869565217,0.3043478260869565,0.3152173913043478,0.1304347826086956,0.2032608695652173,國泰金
30.950000762939453,31.75,30.950000762939453,31.600000381469727,65309794.0,0.0840480547170237,30.470000076293942,0.0293159477577844,30.15499992370605,0.5140261826218406,27.11751270294189,0.816831485558891,23.457017199198404,0.0103869975867869,56.68790180342755,47559928.75,1.373210509698251,0.0479191000304961,2883.TW,2026-08-05,-0.0212164067444853,0.0717605027066035,neutral,0.1569173630454967,0.0213754646840148,2026-03-31,2026-05-15,23565513000.0,,,13099615000.0,1407592000.0,11689699000.0,,,,4235032868000.0,3864021319000.0,371011549000.0,75116245000.0,,,,0.1074529289601259,,4235032868000.0,,0.0315076418281523,0.0027602380818169,10.414827596108069,,,0.4960511150340754,-0.1317078255463794,,,12.146336472811727,12.146336472811727,False,82.07021818981433,82.07021818981433,64.58924776056368,1010.0,True,True,True,True,True,True,True,True,True,True,True,True,True,True,False,False,False,14,False,0.1652986292522891,0.3471448698323669,1.0,1502893766.642673,0.0872794800371402,1.0,3.0,,,,,,-0.0594514815973734,-0.1824822439682137,0.2198282805537596,-1.246481280387952,0.2206521739130434,-1.246481280387952,0.2814522051763684,-1010.0,0.0543478260869565,0.4782608695652174,0.1739130434782608,0.0722826086956521,0.2054347826086956,凱基金
38.09999847412109,38.34999847412109,37.59999847412109,38.09999847412109,34929289.0,0.0438355746334544,38.18000030517578,0.0964028337876572,36.17750015258789,0.2488653823838922,33.487165991465254,0.1926101460187352,32.503891690572104,0.0281349898823928,71.62159654326636,45843727.35,0.7619207908931078,0.0531407176677374,2884.TW,2026-08-05,-0.0212164067444853,0.0717605027066035,neutral,0.0612813370473537,0.0892193308550185,2026-03-31,2026-05-15,25169421000.0,,,12706707000.0,2639201000.0,10056957000.0,,,,4679436007000.0,4394289185000.0,285146822000.0,45485669000.0,,,,0.2077014131198586,,4679436007000.0,,0.0352693988642805,0.0021491814365995,15.410619533399537,,,0.3995704549580223,0.174006725249566,,,29.938092003685178,29.938092003685178,False,75.35946975618205,75.35946975618205,64.00412531805783,685.0,True,True,True,True,True,True,True,True,True,True,True,True,False,True,False,False,False,13,False,0.1377492644146563,0.1721672849768989,1.0,1746645942.083023,0.0770659238625812,1.0,3.0,,,,,,-0.067728326977609,-0.165403917731662,0.1371844351960361,-1.9894143907100843,0.0489130434782608,-1.9894143907100843,0.0554613489860945,-685.0,0.3369565217391304,0.4565217391304347,0.0217391304347826,0.2896739130434782,0.3097826086956521,玉山金
50.70000076293945,51.5,50.20000076293945,51.20000076293945,30090918.0,0.0260520881224091,51.619999694824216,0.0940171281540231,48.80250015258788,0.30612244302161,44.88500022888183,0.3195876744769317,42.17916669845581,0.0281245069769499,72.3301263925046,31818142.15,0.945715744751615,0.0491265939830019,2886.TW,2026-08-05,-0.0212164067444853,0.0717605027066035,neutral,0.064066852367688,0.0687732342007435,2026-03-31,2026-05-15,20768442000.0,,,11219594000.0,1822242000.0,9397352000.0,,,,5003279677000.0,4601326283000.0,401953394000.0,108936088000.0,,,,0.1624160375143699,,5003279677000.0,,0.0233792079884763,0.0018782383969458,11.447412440557724,,,0.4524822805677961,0.1010590363542149,,,21.43739093265881,21.43739093265881,False,75.4525464058676,75.4525464058676,61.9487575375654,834.0,True,True,True,True,True,True,True,False,True,True,True,True,True,True,False,False,False,13,False,0.1406928929899873,0.213869423475687,1.0,1629088902.355316,0.0807799442896936,1.0,3.0,,,,,,-0.0868703297270409,-0.1748603122280448,0.1560973248812767,-1.9048309102880816,0.0559782608695652,-1.9048309102880816,0.0808277451519128,-834.0,0.217391304347826,0.3695652173913043,0.0326086956521739,0.1896739130434782,0.2260869565217391,兆豐金
36.0,36.29999923706055,35.5,35.70000076293945,36036773.0,0.0950920991999197,35.130000305175784,-0.0041840367521889,34.66860561370849,0.5521739462147588,30.669535160064697,0.5973154431146295,27.433517551422124,0.0050005655788918,54.70080854274629,69692753.1,0.5170806346004432,0.0297501191920777,2887.TW,2026-08-05,-0.0212164067444853,0.0717605027066035,neutral,0.2869080779944289,0.0195167286245353,2026-03-31,2026-05-15,47867456000.0,,,25588754000.0,4532177000.0,21040510000.0,,,,9064708955000.0,8465511408000.0,599197547000.0,97795796000.0,,,,0.1771159705548773,,9064708955000.0,,0.035114479532407,0.0023211456765409,14.12808088147931,,,0.439557723727787,0.933005034802805,,,37.907562917661295,37.907562917661295,False,71.38491442472277,71.38491442472277,63.0155765479574,560.0,True,False,True,True,True,True,True,True,True,True,True,True,False,True,False,False,False,12,False,0.1640215796105384,0.3013278627511915,1.0,2488031338.8413506,0.0575673166202414,1.0,3.0,,,,,,-0.1234233005346987,-0.2445042696860358,0.117064320548744,-2.0293332486522333,0.0190217391304347,-2.0293332486522333,0.0207747765057182,-560.0,0.4782608695652174,0.4130434782608695,0.0108695652173913,0.4081521739130435,0.3652173913043478,台新新光金
35.29999923706055,36.09999847412109,35.20000076293945,35.900001525878906,48592832.0,0.0316092618659284,35.880000305175784,0.0527860156100552,34.52999992370606,0.221088503118612,31.786666520436604,0.2530541711651355,30.337916580835977,0.0213710045227761,66.95653962278922,38728285.55,1.2547116741654991,0.0396756908543256,2892.TW,2026-08-05,-0.0212164067444853,0.0717605027066035,neutral,0.1123491179201485,0.1050185873605948,2026-03-31,2026-05-15,19296673000.0,,,10035758000.0,1792064000.0,8243694000.0,,,,5146398447000.0,4848752228000.0,297646219000.0,66304190000.0,,,,0.1785678769854753,,5146398447000.0,,0.0276962832845526,0.0016018374956578,16.290320247609124,,,0.427208047729264,0.0559316737098873,,,19.735682713005552,19.735682713005552,False,77.81458927563227,77.81458927563227,63.2948626349756,866.0,True,True,True,True,True,True,True,True,True,True,True,True,True,True,False,False,False,14,False,0.1294044156155134,0.1833377361369772,1.0,1390345510.339674,0.0909935004642525,1.0,3.0,,,,,,-0.0515232828344842,-0.1727118583375622,0.169777356418022,-1.4990741390559132,0.1222826086956521,-1.4990741390559132,0.1198035229509626,-866.0,0.1521739130434782,0.4239130434782608,0.0434782608695652,0.1358695652173913,0.2119565217391304,第一金
16.450000762939453,16.649999618530273,16.25,16.350000381469727,841056.0,-0.0060790502633299,16.690000152587892,0.0651465781855733,15.957500076293943,0.2339622929411113,14.873333358764649,0.0721311725553919,14.79291667143504,0.0253815278650565,63.0769289456881,1253094.1,0.6711834330717861,0.0245966036847382,2905.TW,2026-08-05,-0.0212164067444853,0.0717605027066035,neutral,0.0956360259981429,0.0985130111524163,2026-03-31,2026-05-15,29552820000.0,,,,-68929000.0,32878000.0,0.03,133124099000.0,1468399841000.0,1617410517000.0,62246052000.0,86764624000.0,72610211000.0,2757000000.0,7269508000.0,,,,149010676000.0,,0.0003789332389661,2.032755423217024e-05,0.717412801788895,,,0.0011125165043471,-0.4161502905041906,,,21.27042291580655,21.27042291580655,False,79.41011208643114,79.41011208643114,64.875189793775,840.0,True,True,True,True,True,True,True,True,True,True,True,True,False,True,False,False,False,13,False,0.0992828565786767,0.1052587359625569,1.0,20488089.013017464,0.5533890436397401,0.0,3.0,,,,,,0.040963489625709,0.0090974660477107,0.1500204724413199,-1.4487620525648268,0.3597826086956522,-1.4487620525648268,0.3226855736228647,-840.0,0.2065217391304347,0.532608695652174,0.217391304347826,0.2081521739130434,0.3065217391304348,三商
21.39999961853028,22.0,21.39999961853028,22.0,210109.0,-0.006771991923864,21.84000015258789,0.0138248491480656,21.83499994277954,0.090703634649323,21.221660741170247,0.1232619964908581,20.503209002812707,0.0049476461219767,51.785720367818286,192848.7,1.0895017700404512,0.0075566777033595,2908.TW,2026-08-05,-0.0212164067444853,0.0717605027066035,neutral,0.2079851439182915,0.2286245353159851,2026-03-31,2026-05-15,9402236000.0,2780908000.0,276866000.0,231204000.0,54293000.0,160854000.0,0.32,20114529000.0,15304252000.0,40538813000.0,31810333000.0,8728480000.0,2421634000.0,4169050000.0,9539478000.0,,0.2348272521236656,211850318.0135292,25234561000.0,0.0083952448395487,0.0184286382050483,0.0039679010828462,3.6444298434549887,0.2957709208745664,0.0294468252020051,0.0171080581257479,0.0988141239298459,,,24.019508975015057,24.019508975015057,False,64.42040352516868,64.42040352516868,54.32017988763028,786.0,True,False,True,True,True,True,True,True,True,True,True,True,True,True,False,False,False,13,False,0.0366766422441089,0.0730027673708031,1.0,4242671.4,0.7715877437325905,0.0,3.0,,,,,,0.0930113724403422,0.0552418321049508,0.25370193145128,-0.0863782402577826,0.8445652173913043,-0.0863782402577826,0.8702624832541712,-786.0,0.25,0.0543478260869565,0.9565217391304348,0.3559782608695652,0.3326086956521739,特力
115.0,116.0,114.5,115.0,2813825.0,0.0747663551401869,113.5,0.069767441860465,112.825,0.1675126903553299,106.5033332824707,0.0945474497438285,106.88918635050456,0.0150697255960413,52.54237288135593,4937577.3,0.5698796857317049,0.0192776423664968,3005.TW,2026-08-05,-0.0212164067444853,0.0717605027066035,neutral,0.0844939647168059,0.137546468401487,2026-03-31,2026-05-15,9308269000.0,2890739000.0,1257624000.0,1391228000.0,215931000.0,1087413000.0,1.74,34157049000.0,19619666000.0,51413542000.0,24716257000.0,26697285000.0,14015961000.0,1317501000.0,1977017000.0,,0.1552089233396682,1062429532.993873,31793876000.0,0.0334161689815319,0.0407312204218518,0.0211503226134468,0.9257966493596632,0.3105560228222884,0.1351082569702272,0.1168222577151562,-0.0255358141879895,,,60.64311592085046,60.64311592085046,False,71.23562608050665,71.23562608050665,68.5874985405926,256.0,True,False,True,True,True,True,True,True,True,True,True,True,False,True,True,False,False,12,False,0.0797784112070392,0.0758805818102024,1.0,567821389.5,0.1624883936861652,2.0,3.0,,,,,,0.0529512644923222,-0.0029618932189796,0.286847051125605,-0.6389148078339133,0.6673913043478261,-0.6389148078339133,0.6874758123724358,-256.0,0.7934782608695652,0.6956521739130435,0.7282608695652174,0.783695652173913,0.7510869565217392,神基
14.199999809265137,14.550000190734863,13.899999618530272,14.050000190734863,107471.0,-0.185507235319718,14.84000015258789,0.1611570039494725,13.247500038146972,0.3254716684063723,11.743333371480306,0.2217391470204228,11.744583328564962,0.0562088912099969,62.77778019139822,129179.4,0.8319515340681255,0.060577478790492,3018.TW,2026-08-05,-0.0212164067444853,0.0717605027066035,neutral,0.0250696378830083,0.0604089219330855,2026-03-31,2026-05-15,81164000.0,-2098000.0,-46204000.0,-50483000.0,209000.0,-50692000.0,-0.67,945217000.0,679342000.0,1197882000.0,686677000.0,511205000.0,41701000.0,76378000.0,0.0,0.0,0.0,-46204000.0,518540000.0,-0.0891040228333397,-0.0991617844113418,-0.042318024646835,1.3432517287585215,-0.0258488985264402,-0.5692671627815288,-0.6245626139667833,-0.5865792596893894,,,8.765863869002532,8.765863869002532,False,85.81049972394781,85.81049972394781,66.54934076021149,1048.0,True,True,True,True,True,True,True,True,True,True,True,True,True,True,False,False,False,14,False,0.1964235150520801,0.1962961816246564,1.0,1814970.5946390152,0.8783658310120706,0.0,3.0,,,,,,0.0364880794316703,-0.0664131031142104,0.3091637542616874,-0.4249299288857197,0.5331521739130435,-0.4249299288857197,0.6206422869830653,-1048.0,0.0434782608695652,0.5978260869565217,0.6086956521739131,0.1282608695652173,0.3228260869565217,隆銘綠能
91.9000015258789,99.0,91.9000015258789,97.5999984741211,7177301.0,0.1090908917513759,89.8,0.0349946480972227,88.1800003051758,0.4002869834642444,82.1650001525879,0.5297805586402984,73.46416676839193,0.0035279372458992,63.06122185239549,2691293.5,2.66685926302724,0.1068269237507859,3022.TW,2026-08-05,-0.0212164067444853,0.0717605027066035,neutral,0.1411327762302692,0.0353159851301115,2026-03-31,2026-05-15,1592354000.0,448280000.0,36432000.0,189589000.0,22663000.0,168988000.0,0.96,10450596000.0,3234728000.0,16026933000.0,4335529000.0,11691404000.0,3432970000.0,92494000.0,,,0.1195375259113134,32077008.85599903,12792205000.0,0.0025075433716078,0.0144540381976364,0.0105440011510624,0.3708304836613293,0.281520315206292,0.0228793346203168,0.1061246431383976,-0.1038362140769989,,,30.04604328275842,30.04604328275842,False,86.49511422807632,86.49511422807632,72.38284649174685,681.0,True,True,True,True,True,True,True,True,True,True,False,True,True,True,False,False,False,13,False,0.187853688223319,0.3285388342022772,1.0,262670241.493412,0.233983286908078,1.0,3.0,,,,,,0.0353599135476812,-0.0336196775829996,0.2648994932369686,-1.41932141795849,0.396195652173913,-1.41932141795849,0.4682754569150603,-681.0,0.3478260869565217,0.7934782608695652,0.4130434782608695,0.3576086956521738,0.4945652173913044,威強電
108.0,109.5,105.5,107.0,1349053.0,0.0775427664813741,105.7,0.0338164251207728,103.76500015258787,0.0808080808080808,101.8616667429606,0.0110910923265685,102.29790960947672,0.006791830388237,53.79939280211712,1224824.6,1.101425461245635,0.0311762139705584,3029.TW,2026-08-05,-0.0212164067444853,0.0717605027066035,neutral,0.1448467966573816,0.2425650557620818,2026-03-31,2026-05-15,6876938000.0,811379000.0,385472000.0,424218000.0,78018000.0,295873000.0,1.77,12286821000.0,7803745000.0,15126326000.0,8760650000.0,6365676000.0,2911146000.0,3716000.0,,,0.1839101593991768,314579783.0360805,7322581000.0,0.0429602326059732,0.0464794312497211,0.0195601364138258,1.3762324692617092,0.1179855045952137,0.0560528537555522,0.0430239446683974,0.0168646985516829,,,48.26050505492552,48.26050505492552,False,70.03302504983903,70.03302504983903,64.58989505111066,394.0,True,False,True,True,True,True,True,True,True,True,True,True,True,True,False,False,False,13,False,0.0504442291328841,0.0459646771715429,1.0,131056232.2,0.3119777158774373,2.0,3.0,,,,,,0.0358861263953713,-0.0017193813731615,0.2121171434876808,-0.5479870766348035,0.4983695652173913,-0.5479870766348035,0.5257791984200402,-394.0,0.6413043478260869,0.4891304347826087,0.4673913043478261,0.6152173913043478,0.5608695652173913,零壹
540.0,572.0,538.0,550.0,7751110.0,0.0891089108910891,520.6,0.0558341185615292,497.05,0.1293634496919917,499.06728210449216,0.4925373134328359,448.23780771891273,0.0025450530477141,71.27371273712737,5373716.35,1.4424114514343505,0.1065285182577204,3034.TW,2026-08-05,-0.0212164067444853,0.0717605027066035,neutral,0.1086350974930362,0.1719330855018587,2026-03-31,2026-05-15,23145303000.0,9039901000.0,4027546000.0,4389348000.0,622236000.0,3767112000.0,6.19,79261926000.0,21790635000.0,103666583000.0,31738768000.0,71927815000.0,48919537000.0,,,,0.1417604619182621,3456599218.642951,81875948000.0,0.0422175169030464,0.0523735080788982,0.036338730292673,0.4412586146263444,0.390571728527382,0.1740113750077067,0.1627592432036858,-0.1465659805926223,,,75.54535048945058,75.54535048945058,False,70.0067585544254,70.0067585544254,71.3914065381817,116.0,True,False,True,True,True,False,True,True,True,True,True,True,True,True,True,False,False,12,False,0.1020558143598036,0.2270272398460902,1.0,2955543992.5,0.0482822655524605,3.0,3.0,,,,,,0.0851639340521962,-0.0023354969258955,0.3087479760851697,0.2979507423866598,0.7967391304347825,0.2979507423866598,0.8639813263292437,-116.0,0.9565217391304348,0.7717391304347826,0.9456521739130436,0.954891304347826,0.898913043478261,聯詠
198.0,202.5,190.0,193.0,206598292.0,0.1386430678466077,182.0,0.3174061433447099,162.1,0.3639575971731448,157.1910832722982,0.5078125,145.34137496948242,0.0501496255677309,72.46376811594203,91343896.9,2.2617635004796908,0.190623072177668,3231.TW,2026-08-05,-0.0212164067444853,0.0717605027066035,neutral,0.0046425255338904,0.0473977695167286,2026-03-31,2026-05-15,846303026000.0,44093947000.0,29137265000.0,23507511000.0,5486748000.0,9630739000.0,3.06,1303491429000.0,1086171892000.0,1469121920000.0,1193994744000.0,275127176000.0,100033488000.0,354877446000.0,39108580000.0,51333618000.0,0.2334040383943668,22336509681.23316,382950028000.0,0.0583274789086401,0.0350046808898296,0.0065554389114281,4.339792096728387,0.0521018425378996,0.0344288796150422,0.0113797761606963,1.4425382266616515,,,39.08905119727999,39.08905119727999,False,83.67577999606507,83.67577999606507,72.5290977963688,531.0,True,True,True,True,True,True,True,False,True,True,False,True,True,False,False,False,False,11,False,0.2278050127415365,0.3279081750845176,1.0,17629372101.7,0.0102135561745589,2.0,3.0,,,,,,0.1460984176319841,0.0079092552787816,0.3378503715605029,-1.2207965673725003,0.7722826086956522,-1.2207965673725003,0.8350922022524706,-531.0,0.5217391304347826,0.8152173913043478,0.9239130434782608,0.5820652173913043,0.6902173913043478,緯創
16.899999618530273,18.25,16.700000762939453,18.25,20720210.0,0.140625,16.689999771118163,0.1370717051412378,17.40250015258789,0.0549133413199427,17.712499984105428,0.6294643134638975,18.496249953905743,0.001006615987293,53.33332870945786,22918156.95,0.9040958243372184,0.0486998902445681,3576.TW,2026-08-05,-0.0212164067444853,0.0717605027066035,neutral,0.0389972144846796,0.2964684014869888,2026-03-31,2026-05-15,520029000.0,-237380000.0,-450612000.0,1756562000.0,10661000.0,1745834000.0,1.07,9492286000.0,6482798000.0,25509734000.0,12399640000.0,13110094000.0,6613378000.0,616197000.0,3678862000.0,,0.0060692420762831,-447877126.6895219,19026936000.0,-0.0235391093284552,0.1331671611202787,0.0684379539198644,0.9458086265437914,-0.4564745427658842,-0.8665132136861599,,-0.4687390816645519,,,39.4401659971228,39.4401659971228,False,61.9581740591743,61.9581740591743,56.32867204366142,522.0,True,False,True,True,True,False,True,True,True,False,False,True,True,True,False,False,False,10,False,0.0303458019125988,-0.0133135070362596,0.0,418256364.3375,0.1912720519962859,0.0,3.0,,,,,,-0.010921004767298,-0.1076309300159806,0.0828398772786035,-1.1280747142754293,0.1641304347826087,-1.1280747142754293,0.223464604727461,-522.0,0.5434782608695652,0.1195652173913043,0.1195652173913043,0.479891304347826,0.3315217391304348,聯合再生
39.0,41.45000076293945,38.45000076293945,39.75,740588.0,0.0037879174661317,38.9,0.147186096667617,37.08499984741211,0.0515558049274724,36.39518330891927,0.1670620069563015,35.70166856447856,0.0239525070900388,60.933665677594455,922171.55,0.803091355399112,0.0718619431994918,3669.TW,2026-08-05,-0.0212164067444853,0.0717605027066035,neutral,0.0315691736304549,0.3094795539033457,2026-03-31,2026-05-15,689061000.0,417675000.0,65088000.0,72955000.0,7950000.0,65005000.0,0.7,2175777000.0,1070349000.0,4418592000.0,1190520000.0,3228072000.0,1139329000.0,400000000.0,,,0.1089712836680145,57995277.08861627,3348243000.0,0.0173211075446484,0.0201374070962481,0.0147117000166568,0.3688021828509401,0.6061509793762816,0.094458981135197,0.0943385273582455,0.23498036572973,,,62.86807012229606,62.86807012229606,False,82.2307264074542,82.2307264074542,77.39006233616466,236.0,True,True,True,True,True,True,True,True,True,False,True,True,True,True,True,False,False,13,False,0.0921774912522166,0.1133933398157567,1.0,36656319.1125,0.467966573816156,1.0,3.0,,,,,,0.0420576525695841,0.0084014658079073,0.2455358567133629,-1.4525199244464877,0.4896739130434783,-1.4525199244464877,0.6223612497742981,-236.0,0.8152173913043478,0.9347826086956522,0.6195652173913043,0.7858695652173913,0.8119565217391305,圓展
92.8000030517578,93.6999969482422,91.8000030517578,91.9000015258789,19405168.0,0.0773739535521047,88.84000091552734,0.0419501667308215,89.50500030517578,0.069848659993241,87.95166702270508,0.1935065133231026,84.44666703542073,-0.0035070114768492,54.71697841602346,12537067.8,1.5478234870836385,0.0267582952073865,3706.TW,2026-08-05,-0.0212164067444853,0.0717605027066035,neutral,0.1225626740947075,0.2620817843866171,2026-03-31,2026-05-15,31863922000.0,2934046000.0,1186173000.0,1645175000.0,108264000.0,1460985000.0,1.1,82662619000.0,48216898000.0,135913012000.0,68280278000.0,67632734000.0,9782105000.0,1879510000.0,7968750000.0,,0.0658069810202562,1108114535.9022596,87696114000.0,0.0126358453682709,0.0216017439129401,0.0107494122784947,1.009574417027116,0.0920805040886052,0.0372262083744744,0.0458507587358517,0.3464486758783238,,,39.67324991044731,39.67324991044731,False,64.58499373383195,64.58499373383195,58.357057777985794,515.0,True,False,True,True,True,True,False,True,True,False,True,True,True,True,False,False,False,11,False,0.0448920939969739,0.0882608485582019,1.0,1152156549.9500473,0.0993500464252553,1.0,3.0,,,,,,0.0465880958242418,-0.025402743862438,0.2076926440547255,-1.6472956974977702,0.3260869565217391,-1.6472956974977702,0.3851110282857348,-515.0,0.5543478260869565,0.1739130434782608,0.3369565217391304,0.5217391304347826,0.3967391304347826,神達
103.0,103.0,100.5,101.5,49105.0,0.0231855153479272,101.3,0.1102796319333183,100.587890625,0.0518134715025906,94.35820083618164,0.0,94.63576717376708,0.0285102273386283,56.09755189841388,46441.55,1.057350583690682,0.0090677850915517,4439.TW,2026-08-05,-0.0212164067444853,0.0717605027066035,neutral,0.0510677808727948,0.3076208178438662,2026-03-31,2026-05-15,1813173000.0,351234000.0,137515000.0,120652000.0,21935000.0,98717000.0,2.59,3706764000.0,2411825000.0,6690736000.0,3165004000.0,3525732000.0,605864000.0,578186000.0,268213000.0,468173000.0,0.1818038656632297,112514241.41332096,4278911000.0,0.0262950646585827,0.0279990084328587,0.01475428114336,0.8976870618640328,0.1937123484631637,0.075842183840152,0.0544443359789716,0.0206853419814041,,,45.1072184501587,45.1072184501587,False,71.56385185878658,71.56385185878658,64.94969350662961,431.0,True,False,True,True,True,True,True,True,True,False,True,True,True,True,False,False,False,12,False,0.0756881659519714,0.0725331767388648,1.0,4713817.325,0.7530176415970288,2.0,3.0,,,,,,0.0626397241213377,0.0382560664061787,0.210530117974132,-0.7800337347475367,0.6673913043478261,-0.7800337347475367,0.7451686600065662,-431.0,0.6195652173913043,0.5434782608695652,0.7934782608695652,0.6456521739130434,0.6315217391304347,冠星-KY
166.5,166.5,165.0,166.0,203321.0,-0.0059880239520958,165.4,0.0066314386524377,164.6023391723633,0.0921052631578946,163.1441520690918,0.060702875399361,159.4720760345459,-0.002908346810089,58.62068965517242,399671.6,0.5087201592507449,0.0084911358773167,4536.TW,2026-08-05,-0.0212164067444853,0.0717605027066035,neutral,0.2358402971216341,0.2258364312267658,2026-03-31,2026-05-15,2316961000.0,794900000.0,396418000.0,448947000.0,83458000.0,327949000.0,3.61,9168173000.0,3277337000.0,14414904000.0,4782570000.0,9632334000.0,5697733000.0,352903000.0,784549000.0,,0.1858972217210494,322724995.159785,11137567000.0,0.0289762562290116,0.0340466806902667,0.022750689147843,0.4965120603168453,0.3430787138842647,0.1710939459058655,0.1415427363688901,-0.0352736858453488,,,64.73287402560862,64.73287402560862,False,60.34279680120535,60.34279680120535,61.440316107306174,213.0,True,False,True,True,True,True,False,True,True,True,True,True,False,True,True,False,False,11,False,0.0175050585306835,0.0409345894765926,1.0,66345485.6,0.3862581244196843,2.0,3.0,,,,,,0.0721300863714403,0.0357987839644118,0.2073035034049476,-0.8546308676062581,0.6652173913043478,-0.8546308676062581,0.6558440883623777,-213.0,0.8369565217391305,0.3369565217391304,0.6847826086956522,0.8141304347826087,0.6565217391304348,拓凱
68.80000305175781,71.0999984741211,68.19999694824219,70.4000015258789,1896526.0,0.0100431077228959,66.7400001525879,0.1246006907649104,67.09499988555908,0.069908788157696,65.1799997329712,0.2720916289541297,63.3219451268514,0.0032147180740778,56.03216985440952,2767961.5,0.6851706571785771,0.0492585385789854,4566.TW,2026-08-05,-0.0212164067444853,0.0717605027066035,neutral,0.0445682451253481,0.2611524163568773,2026-03-31,2026-05-15,1354549000.0,296455000.0,38413000.0,65488000.0,22696000.0,40409000.0,0.37,5180146000.0,3777583000.0,10646601000.0,5592503000.0,5054098000.0,2044806000.0,832690000.0,976708000.0,0.0,0.3465673100415343,25100309.919374544,6869018000.0,0.0036541336650121,0.0079952941157848,0.0037954836477858,1.10652840526638,0.2188588231212012,0.0283585163770376,0.0298320695670662,0.0816066447931047,,,26.559226672275766,26.559226672275766,False,75.71920917935475,75.71920917935475,63.42921355258501,747.0,True,True,True,True,True,True,True,True,True,False,True,True,False,True,False,False,False,12,False,0.0800859437602479,0.1117788846323055,1.0,194864493.82357407,0.2646239554317549,1.0,3.0,,,,,,0.02236623680412,-0.0351703377878524,0.2155521092798821,-1.4970400563382047,0.2782608695652174,-1.4970400563382047,0.34015470640127,-747.0,0.2717391304347826,0.4347826086956521,0.25,0.2684782608695651,0.3163043478260869,時碩工業
129.0,130.0,128.5,129.5,133770.0,0.0,128.3,0.0277777777777776,128.6,0.048582995951417,125.5,-0.0152091254752851,125.54583333333332,0.0054730258014072,48.27586206896552,182054.45,0.7347801715365925,0.0069984447900466,4736.TW,2026-08-05,-0.0212164067444853,0.0717605027066035,neutral,0.1620241411327762,0.320631970260223,2026-03-31,2026-05-15,1074466000.0,531890000.0,272939000.0,362978000.0,69184000.0,284846000.0,2.99,7743817000.0,2835366000.0,13071771000.0,3115964000.0,9955807000.0,2352593000.0,940000000.0,169444000.0,,0.1906010832612444,220916530.9357592,10236405000.0,0.0215814566672341,0.0286110407724858,0.0217909264169331,0.3129795505276468,0.4950272972806957,0.2540229285989505,0.2651047124804321,0.0999991809891194,,,73.12470502530472,73.12470502530472,False,62.70668024201502,62.70668024201502,65.31118643783745,136.0,True,False,True,True,True,True,True,False,True,False,True,True,False,True,True,False,False,10,False,0.0318725099601593,0.0314958016660582,1.0,23576051.275,0.5338904363974002,2.0,3.0,,,,,,0.0521728745291471,0.0133223856886995,0.1609381820210906,-1.3472664096220155,0.4521739130434782,-1.3472664096220155,0.5807997169455368,-136.0,0.9347826086956522,0.5652173913043478,0.5434782608695652,0.8760869565217392,0.7456521739130435,泰博
89.30000305175781,91.1999969482422,89.30000305175781,89.5,14571305.0,0.0914634146341464,85.88000030517578,0.0680190541845406,84.14999923706054,0.1532412367846289,83.38529942830404,0.3380237576485343,78.61036949157715,0.0071813286113574,61.05263693290845,11882600.4,1.2262724075110696,0.0635769555727252,4938.TW,2026-08-05,-0.0212164067444853,0.0717605027066035,neutral,0.0863509749303621,0.1477695167286245,2026-03-31,2026-05-15,244105400000.0,10801479000.0,2829288000.0,3464858000.0,605203000.0,1561454000.0,0.58,455223337000.0,347425362000.0,623242706000.0,374551574000.0,248691132000.0,112291906000.0,50872952000.0,7687427000.0,2697039000.0,0.174668918610806,2335099324.60147,275817344000.0,0.0084661076447805,0.0062786878946692,0.0025053706765723,1.5060913953296895,0.0442492423354829,0.0115904359346413,0.0063966385012375,-0.1039816497152077,,,13.24211612714073,13.24211612714073,False,85.84043037985016,85.84043037985016,67.6908518166728,990.0,True,True,True,True,True,True,True,True,True,True,True,True,True,True,False,False,False,14,False,0.0733306783524052,0.1385266419538919,1.0,1063492735.8,0.10677808727948,1.0,3.0,,,,,,-0.0015811224923238,-0.0583817667007754,0.2140458301320944,-1.6066667679960205,0.2108695652173913,-1.6066667679960205,0.1997745738233982,-990.0,0.0869565217391304,0.6630434782608695,0.0869565217391304,0.0869565217391304,0.2597826086956522,和碩
55.09999847412109,55.09999847412109,53.29999923706055,53.400001525878906,50645.0,-0.0037312864540237,53.97999954223633,0.0075471986014887,53.43499965667725,0.0409357177397629,53.16666666666666,-0.0977879111421161,54.53396390279134,0.0014055436559146,50.0,74613.8,0.678761837622531,-0.0006549664269337,5283.TW,2026-08-05,-0.0212164067444853,0.0717605027066035,neutral,0.2302692664809656,0.3447955390334573,2026-03-31,2026-05-15,1223404000.0,353685000.0,-7455000.0,16910000.0,3240000.0,13670000.0,0.16,4507049000.0,2765436000.0,8209751000.0,3417985000.0,4791766000.0,676596000.0,1172000000.0,328000000.0,,0.1916026020106445,-6026602.602010644,5444315000.0,-0.0011069533269126,0.0028528104252169,0.0016650931313263,0.7133038215972983,0.2890991038119869,-0.006093653445632,0.011173741462346,-0.0336491827829927,,,23.489256314333275,23.489256314333275,False,59.4720335297346,59.4720335297346,50.47633922588426,799.0,True,False,True,True,False,True,True,True,True,False,True,True,False,True,False,False,False,10,False,0.004388743433459,-0.0207936906793307,0.0,3984377.033851624,0.7827298050139275,1.0,3.0,,,,,,0.0367046043554948,-0.0069592123014574,0.1583501149949435,-1.62895625573064,0.2706521739130434,-1.62895625573064,0.3678752993951204,-799.0,0.2282608695652173,0.0108695652173913,0.2934782608695652,0.2380434782608695,0.1760869565217391,禾聯碩
195.0,196.0,188.5,191.5,285684.0,0.0464480874316939,188.6,0.0295698924731182,189.2,0.2197452229299363,176.75,0.3826714801444044,163.075,0.0041130423245321,53.63636363636364,195615.35,1.4604375372382583,0.0121564482029599,5288.TW,2026-08-05,-0.0212164067444853,0.0717605027066035,neutral,0.1559888579387186,0.1059479553903345,2026-03-31,2026-05-15,2061135000.0,478999000.0,298138000.0,346156000.0,100630000.0,249057000.0,3.59,4729511000.0,1996750000.0,8144719000.0,2033096000.0,6111623000.0,1527526000.0,170275000.0,,0.0,0.2907070800448352,211467172.5695929,6147969000.0,0.0343962652657475,0.0407513683353832,0.0305789555170657,0.3326605715044923,0.2323957431221147,0.1446474879132128,0.120834879811366,0.0892520430725782,,,70.01559901846518,70.01559901846518,False,74.33983402249406,74.33983402249406,73.25877527148684,163.0,True,False,True,True,True,True,True,True,True,True,True,True,True,True,True,False,False,13,False,0.0834512022630835,0.1743063007818488,1.0,37460339.525,0.4633240482822655,2.0,3.0,,,,,,0.0402050832883616,0.0021800792260545,0.2596863202608671,-1.4944590673858087,0.4804347826086957,-1.4944590673858087,0.5037934745899594,-163.0,0.8913043478260869,0.8369565217391305,0.4456521739130434,0.8244565217391303,0.7858695652173913,豐祥-KY
90.0,92.8000030517578,89.69999694824219,91.5999984741211,4991790.0,0.1184370789685169,85.91999969482421,0.10228640380357,86.04999961853028,0.0385487714684855,84.26333312988281,0.1316774814920105,81.65202871958415,0.011519923912327,56.86813301977355,5150640.8,0.969159021922088,0.064497372227712,5388.TW,2026-08-05,-0.0212164067444853,0.0717605027066035,neutral,0.0566388115134633,0.3475836431226766,2026-03-31,2026-05-15,16646403000.0,2274636000.0,490201000.0,382940000.0,80658000.0,301579000.0,1.01,42315171000.0,32167536000.0,51409565000.0,35731734000.0,15677831000.0,4910695000.0,4793230000.0,,2861036000.0,0.210628296861127,386950798.25037867,19242029000.0,0.020109667138033,0.019236015492194,0.0058662040808942,2.2791248355719613,0.1366442948665847,0.0294478633011588,0.0181167667273224,0.466090584343525,,,33.75584177938652,33.75584177938652,False,75.39506228414248,75.39506228414248,64.9852571579535,615.0,True,True,True,True,True,True,True,True,True,False,False,True,True,True,False,False,False,12,False,0.0870683020920808,0.121833712040408,1.0,471798689.42074585,0.1773444753946146,1.0,3.0,,,,,,0.0408846793914622,-0.0385470560280283,0.1927714306374593,-1.4828878687913565,0.3005434782608696,-1.4828878687913565,0.368776817132488,-615.0,0.4130434782608695,0.5543478260869565,0.3043478260869565,0.3967391304347826,0.433695652173913,中磊
42.34999847412109,42.45000076293945,41.650001525878906,41.95000076293945,538786.0,-0.0094450466492002,42.550000762939455,0.0332512891516207,42.37250022888183,0.1976141464070184,39.88876393636068,0.4218164206261585,36.951286713282265,0.012243196136355,50.25640624358104,514890.7,1.0464084901902482,-0.009971077082074,5515.TW,2026-08-05,-0.0212164067444853,0.0717605027066035,neutral,0.1476323119777158,0.1161710037174721,2026-03-31,2026-05-15,2015280000.0,391103000.0,268702000.0,476647000.0,82479000.0,394168000.0,1.96,9114211000.0,5142167000.0,11530797000.0,5836747000.0,5694050000.0,2270517000.0,100000000.0,,,0.1730400065457246,222205804.1611507,6388630000.0,0.0347814483169553,0.0692245414072584,0.0341839336864572,1.02506072127923,0.1940688142590607,0.1333323409154063,0.1955896947322456,0.3881614203981094,,,76.63848749386133,76.63848749386133,False,68.05349296598379,68.05349296598379,70.19974159795318,104.0,True,False,True,True,False,True,True,True,True,True,True,True,True,True,True,False,False,12,False,0.0516746227049631,0.1352784840334229,1.0,21599665.25783043,0.5478180129990715,1.0,3.0,,,,,,0.0699840123382439,0.0385831915102323,0.2661752837107797,-0.5852645505178039,0.7967391304347826,-0.5852645505178039,0.7673337261207289,-104.0,0.967391304347826,0.7282608695652174,0.8478260869565217,0.9494565217391304,0.8717391304347826,建國
26.700000762939453,26.799999237060547,26.5,26.600000381469727,18933010.0,0.019157087842611,26.929999923706056,0.0597609552670519,25.87750015258789,0.1666667224370963,24.473333485921223,0.1391862932293208,23.947500054041548,0.0208086768396088,64.47367034131959,24843623.65,0.7620872971966793,0.0279200164089103,5880.TW,2026-08-05,-0.0212164067444853,0.0717605027066035,neutral,0.1012070566388115,0.1394052044609665,2026-03-31,2026-05-15,16133084000.0,,,7244382000.0,1432147000.0,5589587000.0,,,,5429875285000.0,5139559219000.0,290316066000.0,54560035000.0,,,,0.1976907070886101,,5429875285000.0,,0.0192534539235593,0.001029413514421,17.70332344955377,,,0.3464673586277738,-0.0732164392268276,,,8.548521494786451,8.548521494786451,False,76.94569251081003,76.94569251081003,59.84639975680414,1052.0,True,True,True,True,True,True,True,True,True,True,True,True,False,True,False,False,False,13,False,0.0868973119976448,0.110763141097917,1.0,660840398.5670903,0.1467038068709378,0.0,3.0,,,,,,-0.0129050987502629,-0.1730234305490308,0.1423789676876458,-1.1249402783903617,0.1652173913043478,-1.1249402783903617,0.209700380837879,-1052.0,0.0326086956521739,0.217391304347826,0.108695652173913,0.0440217391304347,0.1032608695652173,合庫金
24.299999237060547,25.25,24.299999237060547,24.89999961853028,256665.0,0.035343052325752,24.49000015258789,0.0374999841054282,24.322499942779544,0.0357736551685179,24.26034841537476,0.1013289321021968,23.835365184148152,0.003093102388988,64.10253902238168,145310.8,1.7663174382083096,0.0237434341498341,6136.TW,2026-08-05,-0.0212164067444853,0.0717605027066035,neutral,0.1355617455896007,0.354089219330855,2026-03-31,2026-05-15,171722000.0,51677000.0,-8398000.0,-7084000.0,312000.0,-3345000.0,-0.03,770246000.0,319306000.0,4455250000.0,426683000.0,4028567000.0,310276000.0,57595000.0,27169000.0,,0.0,-8398000.0,4135944000.0,-0.0020304917087852,-0.0008303200616993,-0.0007507996184276,0.1059143362888093,0.3009340678538568,-0.048904624917017,-0.0194791581742583,0.2854886401916383,,,36.25455624577715,36.25455624577715,False,74.22629242936678,74.22629242936678,64.73335838346938,587.0,True,False,True,True,True,True,True,True,True,False,True,True,True,True,False,False,False,12,False,0.0263661177574081,0.0446661683660785,1.0,3618238.864568329,0.7985143918291551,0.0,3.0,,,,,,0.0370194273759405,0.0037019048618918,0.1934547225708085,-1.3850032332096296,0.3934782608695652,-1.3850032332096296,0.2925183860844047,-587.0,0.4239130434782608,0.5217391304347826,0.1956521739130435,0.3896739130434782,0.4076086956521739,富爾特
151.0,153.5,150.5,153.0,2631004.0,0.0625,149.8,0.1333333333333333,143.45,0.288709680943396,135.05336888631186,0.4079295280371802,122.61976979573568,0.0283154121863798,66.25,2178772.25,1.2075626536917752,0.0665737190658766,6214.TW,2026-08-05,-0.0212164067444853,0.0717605027066035,neutral,0.0417827298050139,0.0743494423791821,2026-03-31,2026-05-15,11968686000.0,2441124000.0,591731000.0,895921000.0,121622000.0,718327000.0,2.64,28637858000.0,16986250000.0,37839475000.0,17932964000.0,19906511000.0,4485498000.0,2337560000.0,448042000.0,0.0,0.1357508083860072,511403038.4029395,20853225000.0,0.0245239303946003,0.0360850276575337,0.0189835350516887,0.9008592213874144,0.203959231614899,0.0494399301644307,0.0600171982120677,0.2168964026850304,,,53.24611007538207,53.24611007538207,False,83.33194741595787,83.33194741595787,75.81048808081393,321.0,True,True,True,True,True,True,True,True,True,True,True,True,True,True,False,False,False,14,False,0.1328854752878889,0.2477596414907055,1.0,333352154.25,0.2126276694521819,2.0,3.0,,,,,,0.0189560228817309,-0.0627928591848886,0.2462477541510397,-1.4094297703546663,0.3054347826086956,-1.4094297703546663,0.3552457711114048,-321.0,0.7391304347826086,0.8913043478260869,0.2717391304347826,0.6690217391304347,0.691304347826087,精誠
51.79999923706055,53.59999847412109,49.25,49.5,4750830.0,-0.0332031394063958,48.97999954223633,0.2375,47.00499973297119,0.4410480989480319,39.47999989191691,0.4954683468853054,35.98041655222575,0.049394430165535,51.83431845812207,5285233.2,0.8988874890137297,0.0530794656143507,6243.TW,2026-08-05,-0.0212164067444853,0.0717605027066035,neutral,0.0092850510677808,0.0260223048327137,2026-03-31,2026-05-15,90026000.0,53797000.0,-16222000.0,-1659000.0,-162000.0,,-0.03,918796000.0,84467000.0,1150484000.0,381040000.0,769444000.0,591361000.0,,,291585000.0,0.0976491862567811,-14637934.900542496,1066017000.0,-0.0137314272666782,,,0.4952147264778203,0.5975718125874747,-0.1801923888654388,,-0.455927768074601,,,38.55396498905318,38.55396498905318,False,78.49417964834463,78.49417964834463,68.50912598352176,548.0,True,True,True,True,True,True,True,True,True,True,True,True,True,True,False,False,False,14,False,0.2537993955297495,0.3757483860185584,1.0,261619043.4,0.2358402971216341,1.0,3.0,,,,,,0.0791529478457852,-0.0339147633024965,0.4201805569690608,-1.2430000801838923,0.6233695652173914,-1.2430000801838923,0.6763712281397296,-548.0,0.5,0.6847826086956522,0.7065217391304348,0.5309782608695652,0.5967391304347827,迅杰
443.0,478.0,440.5,469.0,3805136.0,0.0744558991981672,430.2,0.1608910891089108,428.975,0.3441463107020805,383.48070017496747,0.7316048299092464,332.3848124186198,0.0255812563504872,62.23404255319149,3792733.95,1.0032699498998603,0.0933038055830759,6414.TW,2026-08-05,-0.0212164067444853,0.0717605027066035,neutral,0.0259981429897864,0.0557620817843866,2026-03-31,2026-05-15,37112748000.0,7463263000.0,1991965000.0,2414012000.0,571474000.0,751782000.0,5.15,113547832000.0,89321445000.0,170294132000.0,107066225000.0,63227907000.0,26537871000.0,13786805000.0,9111537000.0,0.0,0.236732046071022,1520403049.848137,80972687000.0,0.0187767394930112,0.0118900345697035,0.0044146089543472,1.693338117296845,0.2010970192775808,0.0536733361808724,0.0202567053240034,0.0767958564505,,,30.957982203301764,30.957982203301764,False,89.25741198768358,89.25741198768358,74.68255454158813,664.0,True,True,True,True,True,True,True,True,True,True,True,True,True,True,False,False,False,14,False,0.2230080934608009,0.4110151320912976,1.0,1778792222.5500002,0.075208913649025,2.0,3.0,,,,,,0.066287237033675,-0.0164631447410093,0.2499365564787556,-1.738075929567626,0.4836956521739129,-1.738075929567626,0.6548166380335667,-664.0,0.3695652173913043,0.8478260869565217,0.6739130434782609,0.4152173913043477,0.5739130434782609,樺漢
95.0,101.5,95.0,99.5999984741211,782650.0,0.0790898719501642,92.13999938964844,0.024691374498261,95.82545127868651,0.1871274930000988,89.33348401387532,0.1731448372678932,85.39007530212402,0.0141284100900195,54.44940043693884,1071873.9,0.7301698455387337,0.0393898191458252,6416.TW,2026-08-05,-0.0212164067444853,0.0717605027066035,neutral,0.170844939647168,0.1217472118959107,2026-03-31,2026-05-15,1057732000.0,271486000.0,132488000.0,135818000.0,38070000.0,99022000.0,1.35,4240170000.0,1810116000.0,6158927000.0,2539091000.0,3619836000.0,356630000.0,274239000.0,208323000.0,,0.2803015800556627,95351404.26158535,4348811000.0,0.0219258561159786,0.0273553829510508,0.016077800564936,0.7014381314512591,0.2566680406757099,0.1252566812765426,0.0936172867985463,-0.046140444062884,,,49.20522556408967,49.20522556408967,False,72.83501248304913,72.83501248304913,66.92756575330927,382.0,True,False,True,True,True,True,True,True,True,True,True,True,False,True,False,False,False,12,False,0.1149234754870993,0.1664118824315361,1.0,106758638.8044502,0.3342618384401114,1.0,3.0,,,,,,0.050986183702579,-0.0053617765806316,0.2787984557958454,-1.119416479021918,0.5842391304347826,-1.119416479021918,0.634865414544119,-382.0,0.6630434782608695,0.6304347826086957,0.6413043478260869,0.6597826086956521,0.6489130434782608,瑞祺電通
31.799999237060547,31.89999961853028,30.600000381469727,31.100000381469727,526492.0,0.0048465142110718,30.56000022888184,0.367032983800867,27.67250022888184,0.3319057761622268,25.225833415985107,0.3177966050326362,24.370833285649617,0.0738261561718029,68.20987665222616,820677.15,0.6415336408476829,0.1238594317188079,6598.TW,2026-08-05,-0.0212164067444853,0.0717605027066035,neutral,0.0027855153203342,0.0594795539033457,2026-03-31,2026-05-15,217115000.0,140181000.0,17966000.0,20979000.0,0.0,20979000.0,0.2,947351000.0,157433000.0,1089898000.0,414395000.0,675503000.0,434793000.0,,,,0.0,17966000.0,932465000.0,0.0192672111017571,0.0310568568903468,0.0192485902350495,0.613461376189299,0.6456532252492918,0.0827487736913617,0.0966262119153444,0.8094876945002376,,,67.77168793520316,67.77168793520316,False,85.41847163477726,85.41847163477726,81.00677570988374,181.0,True,True,True,True,True,True,True,True,True,True,True,True,False,True,True,False,False,13,False,0.2328631474178482,0.2761155934615693,1.0,25523059.67806349,0.5218198700092851,1.0,3.0,,,,,,0.0506867110371116,-0.0125617276296697,0.334812839212133,-1.315108926627781,0.5722826086956522,-1.315108926627781,0.5557433336270062,-181.0,0.8695652173913043,0.9891304347826086,0.5,0.8141304347826086,0.8315217391304347,ABC-KY
135.0,136.5,131.0,136.0,412139.0,0.0381679389312976,133.8,0.0666666666666666,131.075,0.0583657587548638,134.59620666503906,-0.081081081081081,134.7147699991862,0.0091961565815469,61.90476190476191,475541.5,0.8666730453598687,0.0375739080679,6605.TW,2026-08-05,-0.0212164067444853,0.0717605027066035,neutral,0.0900649953574744,0.2899628252788104,2026-03-31,2026-05-15,4732845000.0,1585730000.0,866034000.0,951380000.0,217734000.0,732007000.0,4.41,15540524000.0,11970379000.0,33504289000.0,12358666000.0,21145623000.0,3981949000.0,1597489000.0,0.0,,0.228861233156047,667832390.8049359,21533910000.0,0.0310130575824332,0.0346174241354818,0.0218481580074718,0.5844550430129205,0.3350479468480375,0.1829838078365127,0.1546653228660562,-0.0451555541567658,,,64.93006759035887,64.93006759035887,False,67.17484750767284,67.17484750767284,66.61365252834435,210.0,True,False,True,True,True,False,True,True,True,False,True,True,True,True,True,False,False,11,False,0.0104296649195654,0.009540379282996,1.0,64673644.0,0.3909006499535747,2.0,3.0,,,,,,0.0652943096524012,0.0248065681402273,0.2047826748962477,-0.8335988130870066,0.6260869565217391,-0.8335988130870066,0.5725737892060826,-210.0,0.8478260869565217,0.6086956521739131,0.5217391304347826,0.7989130434782609,0.7108695652173913,帝寶
25.850000381469727,26.14999961853028,25.850000381469727,26.100000381469727,107077.0,0.013592247824067,26.01000022888184,0.0377733907494572,25.784999942779542,0.080926616612815,25.08399540583293,0.0536940617234069,24.365752490361533,0.0095927948822416,53.84617641837338,151322.8,0.7076065206300703,0.0122164219270588,6606.TW,2026-08-05,-0.0212164067444853,0.0717605027066035,neutral,0.1337047353760445,0.241635687732342,2026-03-31,2026-05-15,191808000.0,78315000.0,47168000.0,50588000.0,21113000.0,29102000.0,0.26,1052582000.0,392295000.0,2170020000.0,549327000.0,1620693000.0,84940000.0,0.0,,,0.4,28300800.0,1777725000.0,0.0159196726152807,0.0179565161322964,0.0134109363047345,0.3389457472821811,0.4082989239239239,0.2459125792459126,0.1517246413079746,0.1109322058440243,,,63.7605672758917,63.7605672758917,False,68.01730803752433,68.01730803752433,66.95312284711616,226.0,True,False,True,True,True,True,True,True,True,True,True,True,False,True,True,False,False,12,False,0.0405041126502734,0.0711756343989054,1.0,3949525.137725067,0.7845868152274837,0.0,3.0,,,,,,0.049186786773808,0.0205470764417952,0.1416766714620818,-1.0679502853925698,0.4657608695652173,-1.0679502853925698,0.4701629810727867,-226.0,0.8260869565217391,0.6413043478260869,0.4239130434782608,0.7657608695652174,0.6902173913043479,建德工業
12.899999618530272,13.100000381469728,12.850000381469728,13.100000381469728,95323.0,0.0115830559392959,13.04000015258789,0.0564516761672631,12.792755794525146,0.0737705398586234,12.350085242589314,0.0781893656597805,12.30420929590861,0.0132670632871858,60.43038630441459,122360.5,0.7790340837116553,0.0240170759044797,8411.TW,2026-08-05,-0.0212164067444853,0.0717605027066035,neutral,0.10677808727948,0.2527881040892193,2026-03-31,2026-05-15,2726482000.0,240600000.0,69628000.0,61624000.0,19776000.0,41688000.0,0.19,5684691000.0,4777607000.0,13494274000.0,7266361000.0,6227913000.0,1476105000.0,1130770000.0,1174037000.0,1103389000.0,0.3209139296378034,47283404.90717903,8716667000.0,0.0054244821910919,0.0066937351244309,0.0030893103252535,1.16674092910418,0.0882455853367086,0.025537670888713,0.0152900330902606,0.2387255467647537,,,26.84034715613582,26.84034715613582,False,76.84547366521909,76.84547366521909,64.34419203794828,740.0,True,True,True,True,True,True,True,True,True,True,True,True,False,True,False,False,False,13,False,0.060721454479871,0.0646763287605758,1.0,1602922.5966768267,0.8895078922934077,0.0,3.0,,,,,,0.0813184556352364,0.0470275311174611,0.2970490061315102,-0.9668815603684048,0.8125,-0.9668815603684048,0.8186714792299898,-740.0,0.2826086956521739,0.4673913043478261,0.8804347826086957,0.3722826086956521,0.4576086956521739,福貞-KY
162.5,167.0,161.5,166.5,161714.0,0.0152439024390242,167.2,0.0673076923076922,160.975,0.1967956886266424,145.06477279663085,0.2659246664340182,140.34422391255697,0.0262990117947083,58.9041095890411,258529.7,0.6255142059113518,0.0343220997049231,8462.TW,2026-08-05,-0.0212164067444853,0.0717605027066035,neutral,0.0891364902506963,0.1171003717472119,2026-03-31,2026-05-15,1626910000.0,546235000.0,263101000.0,241835000.0,49259000.0,191204000.0,2.42,2261807000.0,3161235000.0,12373315000.0,9648191000.0,2725124000.0,1414659000.0,,386628000.0,,0.2036884652759112,209510361.09744248,9212080000.0,0.0227430027851953,0.0701634127474566,0.0154529323790754,3.5404594433134053,0.3357499800234801,0.161718226576762,0.1175258619100011,0.2017296409310929,,,59.6562061392525,59.6562061392525,False,79.92980385092142,79.92980385092142,74.86140442300419,269.0,True,True,True,True,True,True,True,True,True,True,True,True,False,True,False,False,False,13,False,0.1477631460080224,0.1863687393628659,1.0,43045195.05,0.44661095636026,2.0,3.0,,,,,,0.1210744278387456,0.0981898321039016,0.4624858781127614,0.2829484468589486,0.9831521739130432,0.2829484468589486,0.9743452270825074,-269.0,0.7717391304347826,0.8586956521739131,1.0,0.8059782608695653,0.8434782608695652,柏文
375.5,381.0,372.0,375.5,334877.0,-0.0079260237780713,378.1,0.0459610027855152,368.325,0.1225710014947683,347.4166666666667,-0.0625105525224566,355.5934494018555,0.0057341798074952,74.28571428571428,465326.75,0.7196598949018083,0.019480078734813,8464.TW,2026-08-05,-0.0212164067444853,0.0717605027066035,neutral,0.1160631383472609,0.1793680297397769,2026-03-31,2026-05-15,7305395000.0,4316539000.0,2053372000.0,2325863000.0,594429000.0,1647198000.0,5.62,27155869000.0,11007979000.0,42576950000.0,14807659000.0,27769291000.0,19344343000.0,569716000.0,669863000.0,,0.2555735226021481,1528584484.7473822,31568971000.0,0.048420472265231,0.0593172508437467,0.0386875527720985,0.5332386412026148,0.5908700350905051,0.2810761088209467,0.2254769249301372,0.0044846681027981,,,84.51846605538479,84.51846605538479,False,68.65724500065551,68.65724500065551,72.62255026433783,62.0,True,False,True,True,True,True,True,False,True,True,True,True,False,True,True,False,False,11,False,0.080834732549772,0.0559812072793506,1.0,174730194.625,0.2748375116063138,2.0,2.0,,,,,,0.0553804042079539,0.0278975455894855,0.2547645106441911,-0.917538298409222,0.6788043478260869,-0.917538298409222,0.7299546137295497,-62.0,1.0,0.8260869565217391,0.7717391304347826,0.9657608695652172,0.9021739130434784,億豐
3.319999933242798,3.3499999046325684,3.0899999141693115,3.299999952316284,37000.0,0.0509553637155029,3.288000011444092,0.0091743032308124,3.162500035762787,0.2177121423853329,3.171666677792867,0.0645161463988563,3.121000005801519,-0.0012632231627806,65.38458716942374,25100.0,1.4741035856573703,0.0434782339916504,9110.TW,2026-08-05,-0.0212164067444853,0.0717605027066035,neutral,0.223769730733519,0.1078066914498141,,,,,,,,,,,,,,,,,,,,,,,,,,,,,,,,,50.0,False,58.29402664994943,58.29402664994943,56.22051998746207,370.0,True,False,True,True,True,False,False,True,True,True,True,True,True,True,False,False,False,11,False,0.0404624090614476,0.0573533951240079,1.0,82829.99880313873,0.999071494893222,0.0,3.0,,,,,,0.0927871947019735,0.0954685247801245,0.1887923735217582,-0.5746214489701442,0.7505434782608695,-0.5746214489701442,0.7505434782608695,-370.0,0.6739130434782609,0.108695652173913,0.8152173913043478,0.6951086956521739,0.5326086956521738,越南控-DR
33.95000076293945,33.95000076293945,33.54999923706055,33.95000076293945,23000.0,0.0,33.76999969482422,0.0225903609266542,33.74500007629395,0.0417798751215781,33.1542308807373,0.0540539996375863,34.20706211725871,0.0035687641178542,50.0,42173.65,0.5453642262407925,0.0060749944045641,9931.TW,2026-08-05,-0.0212164067444853,0.0717605027066035,neutral,0.1829155060352832,0.3401486988847583,2026-03-31,2026-05-15,429478000.0,71692000.0,49459000.0,107962000.0,21897000.0,83366000.0,0.69,2496424000.0,2304625000.0,6941540000.0,3400234000.0,3541306000.0,420417000.0,,,,0.202821363072192,39427658.20381246,4636915000.0,0.0085029935212986,0.0235410326020965,0.0120097269481988,0.9601638491562152,0.1669282244957832,0.1151607300024681,0.1941100591881307,0.0210666711045914,,,38.36025352007109,38.36025352007109,False,61.51506688053622,61.51506688053622,55.72636354041994,551.0,True,False,True,True,True,True,True,True,True,False,True,True,False,True,False,False,False,11,False,0.0240020613074904,-0.0075148620901167,0.0,1431795.4496759416,0.8978644382544104,1.0,3.0,,,,,,0.0417947162798597,0.0283422410259136,0.1107201886028828,-0.5956841331335283,0.4934782608695652,-0.5956841331335283,0.4623871415356152,-551.0,0.4891304347826087,0.0978260869565217,0.4021739130434782,0.4760869565217391,0.3543478260869566,欣高
10.850000381469728,10.850000381469728,10.649999618530272,10.649999618530272,916817.0,0.0289854324641041,10.55,0.0390243530273435,10.617500066757202,0.1053901077918613,10.230398559570313,0.0755445606155778,9.854030028978984,0.0042563235338085,45.16126650550571,1086351.45,0.8439414335020219,0.0030609419890492,9934.TW,2026-08-05,-0.0212164067444853,0.0717605027066035,neutral,0.1299907149489322,0.2063197026022304,2026-03-31,2026-05-15,4675859000.0,1599481000.0,215608000.0,179015000.0,65010000.0,114005000.0,0.28,10184466000.0,6401709000.0,16132102000.0,9818930000.0,6313172000.0,2756002000.0,2012873000.0,1745714000.0,,0.3631539256486886,137309108.39873755,9730393000.0,0.0141113630660896,0.0180582756180252,0.0070669649869558,1.5553084883478543,0.3420721197965978,0.0461108857217465,0.0243816162976685,0.0629297965528301,,,37.04526496126525,37.04526496126525,False,66.1973644855637,66.1973644855637,58.90933960448909,572.0,True,False,True,True,True,True,True,False,True,True,True,True,True,True,False,False,False,12,False,0.0410151233616828,0.0807760466743534,1.0,11569642.528089806,0.637883008356546,0.0,3.0,,,,,,0.079350744137957,0.037054683554183,0.2227744847760533,-1.1363874122473367,0.6690217391304348,-1.1363874122473367,0.692434082496879,-572.0,0.4456521739130434,0.1956521739130435,0.75,0.4913043478260869,0.4315217391304348,成霖
19.850000381469727,19.950000762939453,19.39999961853028,19.64999961853028,321483.0,0.0234374394640353,19.6,0.0621621415421771,19.11750011444092,0.0424402769692768,18.86858126322429,0.0076922881297578,18.928873952229814,0.0097013197571727,68.00000610352032,283684.25,1.1332423283985629,0.027854034308969,9935.TW,2026-08-05,-0.0212164067444853,0.0717605027066035,neutral,0.0993500464252553,0.3382899628252788,2026-03-31,2026-05-15,1207014000.0,329361000.0,129050000.0,125078000.0,35715000.0,89363000.0,0.51,4101731000.0,3844659000.0,8361229000.0,5772111000.0,2589118000.0,430540000.0,854900000.0,1461115000.0,287107000.0,0.2855418219031324,92200827.88340075,4516570000.0,0.0204139043308087,0.0345148425062125,0.0106877828606297,2.22937347776347,0.2728725598874578,0.1069167383311212,0.0740364237697325,0.0157374361805349,,,40.70851081970746,40.70851081970746,False,69.21598723954546,69.21598723954546,62.08911813458596,498.0,True,False,True,True,True,True,True,True,True,False,True,True,True,True,False,False,False,12,False,0.0414137313455043,0.038096596137749,1.0,5574395.404283048,0.7335190343546889,0.0,3.0,,,,,,0.1024728524403351,0.0654041465784192,0.2484648953337063,-0.4234521702858675,0.8565217391304347,-0.4234521702858675,0.8370281742360837,-498.0,0.5760869565217391,0.391304347826087,0.9347826086956522,0.629891304347826,0.5923913043478262,慶豐富
131.0,134.0,129.5,134.0,1342760.0,0.0307692307692306,130.1,0.0806451612903225,128.0,0.1497888585557227,123.4192756652832,0.2038387076034862,117.63845259348552,0.0150674068199841,69.76744186046511,1607699.05,0.8352060667075719,0.046875,9939.TW,2026-08-05,-0.0212164067444853,0.0717605027066035,neutral,0.0742804085422469,0.1486988847583643,2026-03-31,2026-05-15,6859793000.0,1532311000.0,905992000.0,852810000.0,177064000.0,664457000.0,2.25,15830282000.0,15334754000.0,47767359000.0,28356250000.0,19411109000.0,3417062000.0,3186314000.0,8601830000.0,3723183000.0,0.2076242070332196,717886129.4215593,32432605000.0,0.0221347045487576,0.0342307593038604,0.0139102729125133,1.4608258600783706,0.2233756907825061,0.1320727899515335,0.0968625438114532,-0.0577454629967812,,,44.2251041721302,44.2251041721302,False,73.21876355759002,73.21876355759002,65.97034871122507,445.0,True,False,True,True,True,True,True,True,True,True,True,True,True,True,False,False,False,13,False,0.0857299176136152,0.139083327311809,1.0,215431672.7,0.2506963788300835,2.0,3.0,,,,,,0.0537971771667473,0.0234955534984576,0.2860097536546805,-0.6728229522102651,0.7206521739130434,-0.6728229522102651,0.7430487404027291,-445.0,0.6086956521739131,0.5760869565217391,0.782608695652174,0.6347826086956522,0.6336956521739131,宏全
20.64999961853028,20.64999961853028,20.299999237060547,20.39999961853028,354628.0,-0.019230751596258,20.550000000000004,0.03816793967226,20.21999998092652,0.1110577277671072,19.339248371124267,-0.031974906138771,19.547277291615803,0.0126455519311501,51.66667620342808,548507.45,0.6465326952259264,0.0089020592370698,9940.TW,2026-08-05,-0.0212164067444853,0.0717605027066035,neutral,0.1327762302692665,0.1923791821561338,2026-03-31,2026-05-15,2876811000.0,665012000.0,209493000.0,232453000.0,69452000.0,159582000.0,0.22,16303412000.0,4204969000.0,30767900000.0,17352956000.0,13414944000.0,4695442000.0,404164000.0,8438314000.0,900000000.0,0.2987786778402516,146900958.44321218,26562931000.0,0.0055302992897588,0.0118958379550447,0.0051866393221506,1.2935541139791564,0.2311629092074522,0.0728212593736606,0.0554718401730249,0.2999785808018913,,,39.42870701490352,39.42870701490352,False,66.94907180777449,66.94907180777449,60.068980609556746,523.0,True,False,True,True,True,True,True,True,True,True,True,True,False,True,False,False,False,12,False,0.0548496625644372,0.043623585740006,1.0,11189551.770761017,0.6462395543175488,0.0,3.0,,,,,,0.0438574247029813,0.0124692205234791,0.1862654031320355,-1.5253870414622868,0.403804347826087,-1.5253870414622868,0.4353450472079056,-523.0,0.532608695652174,0.2391304347826087,0.3804347826086957,0.5097826086956522,0.4141304347826087,信義
21.350000381469727,21.450000762939453,21.200000762939453,21.299999237060547,3667300.0,-0.0093023610669512,21.399999618530277,0.0047169089869045,21.38499975204468,0.0415647160102559,20.94833326339722,-0.0637362972720638,21.205416647593182,0.001873973401087,46.66666327582119,5518488.4,0.6645479222172506,-0.0039747727832453,2646.TW,2026-08-05,-0.0212164067444853,0.0717605027066035,neutral,0.2460538532961931,0.3420074349442379,2026-03-31,2026-05-15,13759797000.0,2774967000.0,1358324000.0,909756000.0,0.0,,0.3,22245094000.0,24008566000.0,147095973000.0,115227744000.0,31868229000.0,14210592000.0,,53652207000.0,4992822000.0,0.0,1358324000.0,123087407000.0,0.011035442480318,,,3.6157561187350575,0.2016720886216562,0.098716863337446,,0.2291196863125946,,,36.52985733991709,36.52985733991709,False,59.06819852750826,59.06819852750826,53.43361323061047,582.0,True,False,True,True,False,True,True,False,True,False,True,True,False,True,False,False,False,9,False,0.0167873008912737,0.0044603032819021,1.0,117543798.70972748,0.3203342618384401,0.0,3.0,,,,,,0.0528093769387505,0.0174371493502116,0.1712625614551223,-0.8782981967181258,0.5342391304347827,-0.8782981967181258,0.5606046649927316,-582.0,0.4347826086956521,0.0326086956521739,0.5108695652173914,0.446195652173913,0.3293478260869565,星宇航空
28.39999961853028,28.5,28.299999237060547,28.5,49000.0,0.0326086813801105,28.35,0.0052909917640888,28.289999961853034,0.121104372223679,27.127795219421387,0.2113340767804223,26.241441043217986,-0.0001767103402316,49.25374239052953,38626.55,1.268557507724609,0.0074231190678732,2432.TW,2026-08-05,-0.0212164067444853,0.0717605027066035,neutral,0.2432683379758588,0.1802973977695167,2026-03-31,2026-05-15,950969000.0,103864000.0,18274000.0,20907000.0,4695000.0,16212000.0,0.26,1474029000.0,593217000.0,1716970000.0,616736000.0,1100234000.0,920685000.0,,,,0.224565934854355,14170282.106471518,1123753000.0,0.0126097835613978,0.0147350472717621,0.0094422150649108,0.5605498466689813,0.1092191228105227,0.019216188960944,0.0170478743260821,0.2580852139079173,,,37.70323749345623,37.70323749345623,False,56.05108740318083,56.05108740318083,51.46412492574969,563.0,True,False,True,True,True,True,False,False,True,True,True,True,True,True,False,False,False,11,False,0.0505829821214598,0.0860684042870327,1.0,1100856.675,0.9229340761374188,0.0,3.0,,,,,,0.0519999838766161,0.0259126097833108,0.2117350489513009,-1.0517208189013998,0.5733695652173914,-1.0517208189013998,0.6804847602788537,-563.0,0.4673913043478261,0.0217391304347826,0.717391304347826,0.504891304347826,0.383695652173913,倚天酷碁-創
18.75,18.75,18.5,18.700000762939453,83100.0,0.0026810265647134,18.74000015258789,0.1231231946772943,18.082500171661376,0.038888931274414,17.36416680018107,0.2425249518901413,17.639166760444642,0.0277067345975461,63.636382552244086,73338.75,1.1330981234340645,0.034149071500954,6958.TW,2026-08-05,-0.0212164067444853,0.0717605027066035,neutral,0.0464252553389043,0.3466542750929368,2026-03-31,2026-05-15,2567497000.0,727998000.0,118274000.0,128269000.0,45628000.0,82324000.0,0.2,49118526000.0,53587416000.0,74738886000.0,64150483000.0,10588403000.0,2888308000.0,9325355000.0,7386286000.0,,0.3557211797082693,76201433.19118415,21151470000.0,0.0036026542453637,0.0077749212983298,0.0011014881864843,6.0585607669069645,0.2835438561369302,0.0460658766105666,0.0320639128302778,-0.1128047221304598,,,12.759865548491062,12.759865548491062,False,75.96647850260162,75.96647850260162,60.16482526407398,996.0,True,True,True,True,True,True,True,True,True,False,True,True,True,True,False,False,False,13,False,0.0769304958959766,0.060140822800865,1.0,1371434.6809530258,0.903435468895079,0.0,3.0,,,,,,0.0671103213949784,0.0286692849464861,0.2572688802136252,-0.288645213259825,0.7760869565217391,-0.288645213259825,0.8190725243238643,-996.0,0.0760869565217391,0.25,0.8913043478260869,0.1983695652173913,0.2913043478260869,日盛台駿
84.69999694824219,85.4000015258789,84.69999694824219,85.4000015258789,66218.0,-0.0306469579455815,86.7,0.0427350419388461,85.29999961853028,0.1105331577547437,84.4816665649414,0.2286947232493468,78.67567024230956,0.0124629080682995,48.22335772416288,112681.95,0.5876540120223337,0.0011723553082747,2762.TW,2026-08-05,-0.0212164067444853,0.0717605027066035,neutral,0.1216341689879294,0.1947026022304832,2026-03-31,2026-05-15,2811384000.0,612346000.0,300545000.0,268722000.0,49567000.0,219155000.0,2.01,1768082000.0,6175503000.0,18389010000.0,15722554000.0,2666456000.0,945155000.0,399900000.0,210000000.0,,0.1844545664292465,245108102.3325221,12213507000.0,0.0200686094774025,0.0821896179798204,0.0119177160706313,5.896423567461829,0.21780944901159,0.1069028635006815,0.0779527094128728,0.0937717990146893,,,45.75420069554944,45.75420069554944,False,66.5811061502896,66.5811061502896,61.37437978660456,420.0,True,False,True,True,True,True,True,False,True,True,True,True,False,True,False,False,False,11,False,0.0108702278053613,0.085469005384503,1.0,9623038.701939013,0.6703806870937791,1.0,3.0,,,,,,0.0840021911407817,0.0352850973353801,0.291701503265001,1.1082854055267428,0.8635869565217391,1.1082854055267428,0.8274508428409909,-420.0,0.6304347826086957,0.3260869565217391,0.9130434782608696,0.6728260869565217,0.5956521739130435,世界健身-KY
