Open,High,Low,Close,Volume,ret5,ma5,ret20,ma20,ret60,ma60,ret120,ma120,ma20_slope,rsi14,volume_ma20,volume_ratio,ma20_deviation,symbol,date,benchmark_ret20,benchmark_ret60,market_regime,rs20_rank_pct,rs60_rank_pct,period_date,as_of_date,revenue,gross_profit,operating_income,pretax_income,tax_expense,net_income_parent,eps,current_assets,current_liabilities,assets,liabilities,equity,cash,short_borrowings,long_borrowings,bonds_payable,tax_rate,nopat,invested_capital_proxy,roic_proxy,roe,roa,debt_to_equity,gross_margin,operating_margin,net_margin,revenue_growth,pe,pb,eva_like_score,fundamental_score,fundamental_pass,technical_score,score,final_score,fundamental_rank,pass_market,pass_score,pass_rs20,pass_rs60,pass_close_ma20,pass_ma20_ma60,pass_ma20_slope,pass_rsi,pass_ret20_benchmark,pass_ret60_benchmark,pass_ret5_cap,pass_ret20_cap,pass_volume_ratio,pass_ma20_deviation,pass_fundamental_score,pass_fundamental_filter,pass_fundamental_universe,entry_pass_count,entry_all_pass,close_ma60_ratio,close_ma120_ratio,above_ma120,turnover20,liquidity_rank,price_bucket,eva_rank_bucket,forward_60d_return,forward_60d_max_drawdown,reward_60,fwd60_rank_label,top_quantile_60,reg_forward60,reg_reward60,cls_topq60,rank_forward60,ensemble_score,ranker_score,stable_ensemble_score,fundamental_rank_score,fundamental_score_rank,final_score_rank,stable_ml_rank,fund_ml_85_15,fund_final_ml,name
16.299999237060547,16.450000762939453,16.200000762939453,16.299999237060547,213098.0,0.02515720931616272,16.119999504089357,0.00928790229556209,16.019999694824218,0.147887285633991,15.483173815409343,-0.009118633369115003,15.438670245806376,0.0056497091936868705,59.25926972483283,271445.25,0.7850496555014317,0.017478124068054157,1110.TW,2026-08-12,-0.004325899027792013,0.12996776232477103,neutral,0.283595922150139,0.20593692022263452,2026-03-31,2026-05-15,582643000.0,83497000.0,44070000.0,33666000.0,8657000.0,25695000.0,0.05,2827051000.0,1931603000.0,12789768000.0,3130316000.0,9659452000.0,402347000.0,1166000000.0,483161000.0,,0.2571437058159567,32737676.884690788,10858165000.0,0.0030150284955782,0.0026600887917865,0.0020090278416309,0.3240676593247732,0.1433073082487904,0.0756380836979076,0.0441007615297875,-0.2132017328270251,,,22.850230007474945,22.850230007474945,False,70.86606491874875,70.86606491874875,58.8621061909303,813.0,True,False,True,True,True,True,True,True,True,True,True,True,False,True,False,False,False,12,False,0.0527556837757821,0.05579036131613302,1.0,4424557.367903709,0.7599629286376274,0.0,3.0,,,,,,0.045589920720819105,0.01855665223861833,0.1312468381383341,-1.911475309733149,0.4014925373134328,-1.911475309733149,0.37660727611940303,-813.0,0.15671641791044777,0.1791044776119403,0.31343283582089554,0.18022388059701494,0.1947761194029851,東泥
32.04999923706055,32.45000076293945,32.0,32.29999923706055,142013.0,0.022151862251283294,32.010000228881836,0.014128692314007818,32.0350001335144,0.09677413922880418,31.02166681289673,-0.01223246227970265,31.700833384195963,0.004625635182979842,56.41026644234907,132156.85,1.0745791837502179,0.008272174260705256,1321.TW,2026-08-12,-0.004325899027792013,0.12996776232477103,neutral,0.26506024096385544,0.2922077922077922,2026-03-31,2026-05-15,880894000.0,105477000.0,20883000.0,93159000.0,58043000.0,35116000.0,0.16,2103160000.0,996940000.0,11565078000.0,5771280000.0,5793798000.0,430438000.0,490000000.0,3742014000.0,,0.4,12529800.0,10568138000.0,0.0011856203997336,0.0060609638099222,0.0030363824610607,0.9961134302576652,0.119738583756956,0.0237065980696882,0.0398640472065878,-0.1112010218886778,,,14.654052606066369,14.654052606066369,False,65.9541350659213,65.9541350659213,53.129114450957566,967.0,True,False,True,True,True,True,True,True,True,False,True,True,True,True,False,False,False,12,False,0.041207728516778896,0.01890063411277043,1.0,4268666.1541723255,0.7664504170528267,1.0,3.0,,,,,,0.022985111031031052,-0.021994859651363895,0.1338912262336514,-1.6795337896427045,0.31082089552238806,-1.6795337896427045,0.2734159578451827,-967.0,0.07462686567164178,0.07462686567164178,0.1791044776119403,0.09029850746268656,0.09552238805970148,大洋
21.200000762939453,21.700000762939453,20.950000762939453,21.600000381469727,145722.0,0.0936709053908722,20.910000228881835,0.07730679318651279,20.172500133514404,0.12847879554747643,19.940737851460774,0.2037108272018202,19.528412644068403,0.009129568572863756,77.0491300940978,76421.5,1.9068194160020413,0.07076466667528658,1323.TW,2026-08-12,-0.004325899027792013,0.12996776232477103,neutral,0.11214087117701575,0.23283858998144713,2026-03-31,2026-05-15,530894000.0,98916000.0,23645000.0,38156000.0,5647000.0,32509000.0,0.36,2570405000.0,691151000.0,4744350000.0,2167294000.0,2577056000.0,950712000.0,,1220000000.0,,0.1479976936785826,20145594.532969914,4053199000.0,0.004970294952942,0.0126147821389989,0.0068521504526436,0.8409960823513343,0.1863196796347293,0.0445380810481941,0.0612344460476102,0.0092658073837497,,,28.08704419011924,28.08704419011924,False,74.15503620474355,74.15503620474355,62.63803820108747,717.0,True,False,True,True,True,True,True,False,True,False,True,True,True,True,False,False,False,11,False,0.08320968573825382,0.10608070277696391,1.0,1650704.4291524887,0.8832252085264134,0.0,3.0,,,,,,0.06973388216131832,0.029852327781193632,0.24010265767288858,-1.1987616652002917,0.7194029850746269,-1.1987616652002917,0.6903825088286748,-717.0,0.22388059701492538,0.3358208955223881,0.7835820895522388,0.3078358208955224,0.3694029850746269,永裕
45.25,46.04999923706055,45.0,46.04999923706055,157163.0,0.03599546561661948,45.3,0.038331472861976135,44.562500381469725,0.13844248129784575,43.99749997456868,0.07342651746250972,42.73916660944621,0.004338519569132483,62.22220526801212,97721.9,1.608267952219513,0.033380058184736994,1339.TW,2026-08-12,-0.004325899027792013,0.12996776232477103,neutral,0.1872103799814643,0.22077922077922077,2026-03-31,2026-05-15,394676000.0,97156000.0,-1039000.0,239290000.0,15507000.0,206388000.0,2.78,1829193000.0,837135000.0,5225726000.0,1066079000.0,4159647000.0,705809000.0,,152479000.0,,0.0648042124618663,-971668.4232521208,4388591000.0,-0.0002214078330042,0.0496167102641161,0.0394946080219284,0.2562907381323463,0.2461664757928022,-0.0026325390953592,0.5229302009749769,-0.2023637499065291,,,43.397534008094304,43.397534008094304,False,80.21897414129424,80.21897414129424,71.01361410799426,459.0,True,True,True,True,True,True,True,True,True,True,True,True,True,True,False,False,False,14,False,0.04665036112684229,0.07746600812011573,1.0,4500093.420444107,0.7571825764596849,1.0,3.0,,,,,,0.07171639173866483,0.037378085814381484,0.16888359708611198,-1.3875592972398794,0.616044776119403,-1.3875592972398794,0.5777071482211584,-459.0,0.5,0.7164179104477612,0.5746268656716418,0.5111940298507462,0.5798507462686567,昭輝
19.700000762939453,19.700000762939453,19.0,19.049999237060547,195115.0,-0.023076962202023266,19.399999618530273,0.043835574633454666,18.76999979019165,0.1981131883084566,17.73916656176249,-0.02178334072471,17.729425644874574,0.0050870137561865505,63.54166087176975,319520.75,0.6106489171673514,0.014917392115007422,1414.TW,2026-08-12,-0.004325899027792013,0.12996776232477103,neutral,0.17608897126969417,0.1567717996289425,2026-03-31,2026-05-15,113452000.0,12596000.0,-7033000.0,11377000.0,382000.0,10995000.0,0.06,876335000.0,611698000.0,4159720000.0,1289474000.0,2870246000.0,113194000.0,505000000.0,,,0.033576514019513,-6796856.376900765,3548022000.0,-0.0019156748117403,0.0038306821087809,0.0026432067543007,0.4492555690348492,0.1110249268413073,-0.0619909741564714,0.0969132320276416,-0.1489036091252128,,,15.88871955373819,15.88871955373819,False,74.21708424546985,74.21708424546985,59.634993072536936,938.0,True,False,True,True,True,True,True,True,True,True,True,True,False,True,False,False,False,12,False,0.0738948287527561,0.07448484900963148,1.0,6086870.043725014,0.7201112140871178,0.0,3.0,,,,,,0.022938360688889034,-0.0032084222297393545,0.17858772923651442,-2.0330370343785855,0.34365671641791046,-2.0330370343785855,0.391349442304606,-938.0,0.08208955223880597,0.20149253731343283,0.3358208955223881,0.12014925373134328,0.16865671641791047,東和
29.450000762939453,29.450000762939453,28.5,28.850000381469727,34019.0,0.008741258624666903,28.65,0.16330650278234482,27.217164993286133,0.13359526587839587,25.63988838195801,-0.03511703178784742,26.55536082585653,0.043616361629639305,67.34785552700836,64095.15,0.5307577874456959,0.0599928533550933,1439.TW,2026-08-12,-0.004325899027792013,0.12996776232477103,neutral,0.03707136237256719,0.22634508348794063,2026-03-31,2026-05-15,75912000.0,22864000.0,4904000.0,59736000.0,1630000.0,54161000.0,0.59,3556714000.0,2128037000.0,6084300000.0,2619482000.0,3464818000.0,685342000.0,1313697000.0,338000000.0,,0.0272867282710593,4770185.884558725,3956263000.0,0.0012057302268728,0.0156317012899378,0.0089017635553802,0.7560229714807531,0.3011908525661292,0.0646011170829381,0.7134708609969438,-0.4434481696811513,,,31.08546525604612,31.08546525604612,False,76.17546368009519,76.17546368009519,64.90296407408292,660.0,True,True,True,True,True,True,True,True,True,True,True,True,False,True,False,False,False,13,False,0.12519992098602795,0.0864096545575439,1.0,1849145.1019503593,0.8646895273401297,0.0,3.0,,,,,,0.03662132989474837,0.00013495066884255727,0.14972901984586404,-1.58663920019174,0.41492537313432837,-1.58663920019174,0.3611676457182999,-660.0,0.30597014925373134,0.47761194029850745,0.291044776119403,0.3037313432835821,0.3544776119402985,雋揚
13.649999618530272,13.949999809265137,13.600000381469728,13.600000381469728,2341288.0,0.1056910707785279,13.189999961853028,0.03422059133030997,12.752499961853028,0.19823787879984578,13.035108407338459,0.018726591225196376,12.923804179827373,0.0027081438378506336,65.9574442181779,2161040.05,1.0834079636793406,0.06645759044515631,1440.TW,2026-08-12,-0.004325899027792013,0.12996776232477103,neutral,0.19833178869323448,0.15584415584415584,2026-03-31,2026-05-15,3372657000.0,294268000.0,-129416000.0,-64775000.0,8778000.0,-78150000.0,-0.05,12562200000.0,9846736000.0,45799105000.0,17769583000.0,28029522000.0,4400648000.0,5866840000.0,3989879000.0,,0.0,-129416000.0,35952369000.0,-0.0035996515278311,-0.002788131741954,-0.0017063652226391,0.6339595445116759,0.0872510901642236,-0.0383721202600798,-0.0231716418242353,-0.1955247737019332,,,12.51873256872129,12.51873256872129,False,65.87886999065893,65.87886999065893,52.53883563517452,1002.0,True,False,True,True,True,False,True,True,True,True,False,True,True,True,False,False,False,11,False,0.04333619303183145,0.05232176162942981,1.0,29390145.50437136,0.5060240963855421,0.0,3.0,,,,,,0.03393157509737606,-0.005768062839739411,0.14218991913358078,-1.8447732191959283,0.3406716417910447,-1.8447732191959283,0.4255350346793622,-1002.0,0.04477611940298507,0.05223880597014925,0.41044776119402987,0.09962686567164178,0.1201492537313433,南紡
9.609999656677246,9.989999771118164,9.609999656677246,9.970000267028809,2073487.0,0.12655365393024787,9.470000076293946,0.05614414303014059,9.066000032424927,0.22031825874246191,9.292152929306031,0.1729412078857422,8.943326461315156,0.006047828605607918,67.77779229875605,1134871.7,1.8270673239979462,0.09971323972762924,1455.TW,2026-08-12,-0.004325899027792013,0.12996776232477103,neutral,0.1464318813716404,0.13636363636363635,2026-03-31,2026-05-15,1265739000.0,26904000.0,-45175000.0,-32149000.0,-5368000.0,-26781000.0,-0.05,3072494000.0,1880065000.0,9399593000.0,3651618000.0,5747975000.0,484215000.0,608371000.0,1509426000.0,,0.1669725341379203,-37632015.77031945,7519528000.0,-0.0050045715329897,-0.004659206068224,-0.0028491659160135,0.6352877317664047,0.0212555669059735,-0.0356906123616322,-0.0211583904738654,-0.319428201806952,,,12.511705122929076,12.511705122929076,False,71.08428126179493,71.08428126179493,56.441137227078464,1003.0,True,False,True,True,True,False,True,True,True,True,False,True,True,True,False,False,False,11,False,0.07294836222345746,0.11479775563987138,1.0,11314671.152043438,0.6404077849860983,0.0,3.0,,,,,,0.07735277813577247,0.02556213652884524,0.1687850665405774,-1.5890730167434044,0.5828358208955223,-1.5890730167434044,0.598526162720219,-1003.0,0.03731343283582089,0.1417910447761194,0.6119402985074627,0.12350746268656715,0.18358208955223881,集盛
13.350000381469728,13.399999618530272,13.149999618530272,13.399999618530272,36000.0,-0.03249102892022471,13.469999885559082,0.04687495459802493,13.577500009536744,0.11666663487752271,12.568333355585734,0.038759691068654956,12.469583328564962,0.017422254059802123,50.0,58718.25,0.6130972908763459,-0.013073127665755635,1468.TW,2026-08-12,-0.004325899027792013,0.12996776232477103,neutral,0.16682113067655235,0.25510204081632654,2026-03-31,2026-05-15,127625000.0,33061000.0,6858000.0,37576000.0,10255000.0,27394000.0,0.17,2026221000.0,1309595000.0,3251907000.0,1720312000.0,1531595000.0,422483000.0,1024218000.0,318861000.0,,0.2729135618479881,4986358.792846498,1942312000.0,0.002567228536325,0.0178859293742797,0.0084239801445736,1.1232159937842576,0.2590479921645445,0.0537355533790401,0.2146444662095984,-0.4821632894854295,,,27.22145617109853,27.22145617109853,False,63.61781505929527,63.61781505929527,54.51872533724609,731.0,True,False,True,True,False,True,True,True,True,False,True,True,False,True,False,False,False,10,False,0.06617156303981386,0.07461486606644985,1.0,786824.5276007651,0.9508804448563485,0.0,3.0,,,,,,0.10321453365673311,0.0708371296599222,0.21092799223970854,-0.916039250257297,0.7787313432835821,-0.916039250257297,0.8088630521634255,-731.0,0.21641791044776118,0.09701492537313433,0.8805970149253731,0.31604477611940296,0.31343283582089554,昶和
23.100000381469727,23.950000762939453,23.100000381469727,23.450000762939453,10355.0,0.024017517623193596,23.210000228881835,0.019565250562584957,23.020000076293947,0.14635711881427227,22.07282654444377,0.06088318385224589,21.953202104568483,0.015662917192907435,64.17912232316311,11373.25,0.9104697425977623,0.01867943897568969,1470.TW,2026-08-12,-0.004325899027792013,0.12996776232477103,neutral,0.2428174235403151,0.20871985157699444,2026-03-31,2026-05-15,191305000.0,51630000.0,23476000.0,33194000.0,6523000.0,26671000.0,0.31,639175000.0,186883000.0,1180792000.0,196077000.0,984715000.0,246931000.0,25000000.0,,,0.196511417726095,18862697.95746219,993909000.0,0.0189782947507892,0.0270849941353589,0.0225873820283335,0.1991205577248239,0.2698831708528266,0.1227150361987402,0.1394161156268785,-0.1058090510512195,,,51.74217296976339,51.74217296976339,False,70.52174278215858,70.52174278215858,65.82685032905978,342.0,True,False,True,True,True,True,True,True,True,True,True,True,True,True,False,False,False,13,False,0.062392291069869765,0.06818133642834212,1.0,266702.72117710114,0.989805375347544,0.0,3.0,,,,,,0.13080817600938846,0.06748347072384847,0.24515351668340687,-1.2307797206966362,0.8115671641791046,-1.2307797206966362,0.7903327801364634,-342.0,0.5895522388059702,0.5,0.8731343283582089,0.6320895522388059,0.6194029850746269,大統新創
12.199999809265137,12.199999809265137,11.800000190734863,12.050000190734863,1269264.0,0.06167398993289641,11.880000114440918,0.09545456279407838,11.627500009536742,0.1990049713475437,10.838333320617675,0.02553193112637131,10.971666693687439,0.025578836466606625,58.22785971467501,2008877.3,0.6318275386953698,0.03633628732329308,1517.TW,2026-08-12,-0.004325899027792013,0.12996776232477103,neutral,0.08804448563484708,0.1549165120593692,2026-03-31,2026-05-15,438193000.0,4957000.0,-85854000.0,-50616000.0,-13838000.0,-41849000.0,-0.19,2856330000.0,505082000.0,4156878000.0,660249000.0,3496629000.0,748897000.0,,,,0.2733918128654971,-62382219.298245616,3651796000.0,-0.0170826134039923,-0.0119683844068101,-0.010067411167708,0.1888244363356821,0.0113123669250763,-0.1959273653390172,-0.0955035794729719,-0.2058095362375577,,,14.285714285714285,14.285714285714285,False,78.43362070049479,78.43362070049479,62.39664409679966,974.0,True,True,True,True,True,True,True,True,True,True,True,True,False,True,False,False,False,13,False,0.11179457526114689,0.09828347206973076,1.0,24206971.848162938,0.5338276181649676,0.0,3.0,,,,,,0.03265035551348412,-0.035502132875499214,0.24422534808881552,-1.8801189547204242,0.4212686567164179,-1.8801189547204242,0.40173139379780104,-974.0,0.06716417910447761,0.3208955223880597,0.3805970149253731,0.11417910447761193,0.20597014925373136,利奇
1530.0,1615.0,1530.0,1595.0,581240.0,0.056291390728476776,1566.0,0.19277723025892257,1420.3903259277345,0.11538461538461542,1375.1149169921875,0.31275720164609044,1288.1407918294271,0.050899557653257724,69.0,1027594.6,0.5656316216531305,0.12293076831413807,1590.TW,2026-08-12,-0.004325899027792013,0.12996776232477103,neutral,0.03243744207599629,0.25742115027829315,2026-03-31,2026-05-15,10013502000.0,4803572000.0,3324875000.0,3424107000.0,753181000.0,2670974000.0,13.35,29736697000.0,10608563000.0,61857103000.0,11001347000.0,50855756000.0,6148132000.0,266664000.0,,,0.2199642125669554,2593521488.741444,51248540000.0,0.050606739016203,0.0525205839040127,0.043179746067319,0.2163245198832556,0.4797094962381792,0.3320391806982212,0.2667372513632094,0.2368329227850061,,,92.8369943680382,92.8369943680382,False,78.70245909187389,78.70245909187389,82.23609291091498,23.0,True,True,True,True,True,True,True,True,True,False,True,True,False,True,True,False,False,12,False,0.1599030599484521,0.23821868705420712,1.0,1639013387.0,0.08526413345690455,3.0,1.0,,,,,,-0.006294693183227971,-0.07573659415818446,0.2103483417033818,-1.2260469292358258,0.34440298507462686,-1.2260469292358258,0.43194397246431626,-23.0,0.9701492537313433,0.9477611940298507,0.417910447761194,0.8873134328358209,0.8529850746268657,亞德客-KY
20.600000381469727,20.700000762939453,20.399999618530277,20.600000381469727,255759.0,0.022332544489262585,20.370000076293945,0.040404099759346446,20.095000076293946,0.05206068956165888,19.800290648142497,0.05206068956165888,19.604810349146526,0.013619166689921247,61.24998986721522,475963.9,0.5373495763019002,0.025130644601068175,1598.TW,2026-08-12,-0.004325899027792013,0.12996776232477103,neutral,0.18211306765523633,0.39981447124304265,2026-03-31,2026-05-15,1638270000.0,690078000.0,57360000.0,64104000.0,29471000.0,41640000.0,0.25,4112323000.0,3729262000.0,10177038000.0,5632832000.0,4544206000.0,828820000.0,2257573000.0,1564802000.0,0.0,0.4,34416000.0,6447776000.0,0.0053376544098306,0.009163316979908,0.0040915637732707,1.2395635233085824,0.4212236078302111,0.0350125437198996,0.0254170557966635,-0.1211837067061192,,,29.108093554474383,29.108093554474383,False,71.35770005356116,71.35770005356116,60.795298428789465,696.0,True,False,True,True,True,True,True,True,True,False,True,True,False,True,False,False,False,11,False,0.04038878759601694,0.05076254320238949,1.0,9804856.52156582,0.6580166821130676,0.0,3.0,,,,,,0.06005546233154551,0.03026039457601226,0.20290654526364446,-1.2878729417148185,0.6205223880597015,-1.2878729417148185,0.6452399843095692,-696.0,0.2462686567164179,0.2537313432835821,0.6865671641791045,0.31231343283582086,0.3365671641791045,岱宇
38.5,41.0,38.29999923706055,40.0,94217333.0,0.14777623389863837,37.01999969482422,0.1428571428571428,33.56249990463257,0.2150625314969239,35.70547183354696,0.13202491461847266,33.94687741597493,0.021534003661731874,67.98866656537365,29865834.6,3.1546860907078083,0.1918063348576391,1605.TW,2026-08-12,-0.004325899027792013,0.12996776232477103,neutral,0.04448563484708063,0.1456400742115028,2026-03-31,2026-05-15,41070352000.0,3192789000.0,547321000.0,4060027000.0,562012000.0,3584927000.0,0.81,90410765000.0,60341422000.0,306209880000.0,131730308000.0,174479572000.0,13913788000.0,12903118000.0,50244505000.0,5300000000.0,0.1384256804203519,471557718.1666526,245868458000.0,0.0019179268540686,0.0205463995521492,0.0117074178011499,0.7549898620796709,0.0777395090258783,0.0133264258363307,0.0872874671247034,-0.0841324099926965,,,22.373994815385178,22.373994815385178,False,72.25924402666261,72.25924402666261,59.78793172384326,820.0,True,False,True,True,True,False,True,True,True,True,False,True,False,False,False,False,False,9,False,0.12027647153000598,0.17831161640736215,1.0,1194633384.0,0.10287303058387395,1.0,3.0,,,,,,-0.002966905477440766,-0.07208096753660517,0.20549707712107654,-1.7525955282001908,0.27164179104477615,-1.7525955282001908,0.33017494090542476,-820.0,0.14925373134328357,0.208955223880597,0.26119402985074625,0.16604477611940296,0.1895522388059701,華新
36.29999923706055,39.20000076293945,36.29999923706055,37.95000076293945,19547551.0,0.1362275158441273,35.900000762939456,0.2070635622198842,31.565125942230225,0.2085987650950092,33.286210759480795,0.15000002311937743,33.29643861452738,0.029063858088524113,74.06250812113478,5847376.35,3.3429609845448036,0.20227623461394328,1608.TW,2026-08-12,-0.004325899027792013,0.12996776232477103,neutral,0.027803521779425393,0.14842300556586271,2026-03-31,2026-05-15,3453119000.0,483830000.0,419422000.0,270760000.0,67589000.0,157429000.0,0.37,9405391000.0,5028451000.0,16894935000.0,5965058000.0,10929877000.0,686209000.0,3168114000.0,,,0.2496269759196336,314722954.5058354,11866484000.0,0.026522005549903,0.0144035472677322,0.009318118122384,0.5457571022985894,0.1401139086142122,0.1214617857073561,0.0455903778583941,0.2223962317651353,,,50.67079431646654,50.67079431646654,False,70.45531920747067,70.45531920747067,65.50918798471963,359.0,True,False,True,True,True,False,True,False,True,True,False,True,False,False,False,False,False,8,False,0.1401117729247774,0.13976155835422288,1.0,221907936.9436941,0.2567191844300278,1.0,3.0,,,,,,-0.010213197939553421,-0.09638378231814745,0.2228390941386108,-1.535935182664885,0.31641791044776124,-1.535935182664885,0.21206380808587283,-359.0,0.5671641791044776,0.4925373134328358,0.12686567164179105,0.5011194029850746,0.4567164179104477,華榮
41.0,41.5,41.0,41.34999847412109,1068794.0,0.0740259343927554,39.939999389648435,0.0740259343927554,38.54999961853027,0.0853018406866215,40.34833323160807,-0.05593609145240441,40.443333276112874,0.009228346685680873,66.86391761326959,738777.85,1.446705528596993,0.07263291526065041,1618.TW,2026-08-12,-0.004325899027792013,0.12996776232477103,neutral,0.11677479147358666,0.31261595547309834,2026-03-31,2026-05-15,1166170000.0,393476000.0,351688000.0,377918000.0,75657000.0,302261000.0,1.57,4189192000.0,1792843000.0,8312081000.0,1873571000.0,6438510000.0,456109000.0,831869000.0,,,0.2001942220270005,281282094.4437682,6519238000.0,0.0431464681062063,0.04694579957164,0.0363640585311909,0.2909945002803443,0.3374087825960195,0.3015752420316077,0.2591911985388065,0.0721134840447537,,,81.36310017392262,81.36310017392262,False,66.9411823642501,66.9411823642501,70.54666181666823,80.0,True,False,True,True,True,False,True,True,True,False,True,True,True,True,True,False,False,11,False,0.024825442894090388,0.022418162019887777,1.0,30548462.970214456,0.5013901760889713,1.0,2.0,,,,,,0.03246817855605962,-0.027150650165790616,0.18072829629903875,-1.898851071030516,0.332089552238806,-1.898851071030516,0.37756021084824115,-80.0,0.8880597014925373,0.6940298507462687,0.3208955223880597,0.8029850746268656,0.7164179104477613,合機
27.450000762939453,28.299999237060547,27.049999237060547,28.0,5140629.0,0.06870225895591164,27.629999542236327,0.023765982064507085,26.07750005722046,0.5342465753424657,23.089999993642174,0.6716417910447761,20.567499987284346,0.013899688175196353,53.50876811395369,4642762.15,1.1072350540292053,0.07372255540450978,1709.TW,2026-08-12,-0.004325899027792013,0.12996776232477103,neutral,0.22335495829471733,0.026901669758812616,2026-03-31,2026-05-15,2424471000.0,492933000.0,320616000.0,344786000.0,79982000.0,264726000.0,0.55,5694389000.0,2189161000.0,12130526000.0,3134319000.0,8996207000.0,600735000.0,285000000.0,20699000.0,,0.2319757762786192,246240854.51265424,9941365000.0,0.0247693203612033,0.0294264015934715,0.021823126218929,0.34840449980753,0.2033156923716555,0.1322416312671919,0.1091891798252072,-0.0753599255550004,,,52.52750676874495,52.52750676874495,False,76.34039025664481,76.34039025664481,70.38716938466985,330.0,True,True,True,True,True,True,True,True,True,True,True,True,True,True,False,False,False,14,False,0.21264616750583776,0.36137109601607986,1.0,129997340.20000002,0.3113994439295644,0.0,3.0,,,,,,0.041668604894117306,-0.04515436758399365,0.24534437808402285,-1.319197325535969,0.525,-1.319197325535969,0.6019270504717069,-330.0,0.6044776119402985,0.6865671641791045,0.6268656716417911,0.6078358208955223,0.6335820895522388,和益
148.0,148.0,138.5,139.0,1482428.0,0.03345724907063197,140.6,0.06106870229007644,132.1654800415039,0.1120000000000001,124.63016001383464,0.01090909090909098,125.24008000691732,0.020263936023387958,55.33515918967929,1077609.25,1.3756637668060105,0.05171183849481609,1736.TW,2026-08-12,-0.004325899027792013,0.12996776232477103,neutral,0.1380908248378128,0.26437847866419295,2026-03-31,2026-05-15,11791948000.0,6052382000.0,-92539000.0,40175000.0,16051000.0,23921000.0,0.08,30613897000.0,23508674000.0,46411739000.0,32321282000.0,14090457000.0,3157649000.0,7600383000.0,1539220000.0,3000000000.0,0.3995270690728065,-55567164.55507156,22903065000.0,-0.0024261890081118,0.0016976738227865,0.0005154083970005,2.2938419953305984,0.5132639662250885,-0.0078476431544643,0.0020285876430255,0.111450973975419,,,26.12240913361154,26.12240913361154,False,75.39339698585587,75.39339698585587,63.07565002279479,751.0,True,True,True,True,True,True,True,True,True,False,True,True,True,True,False,False,False,13,False,0.11529985987797997,0.10986834240542387,1.0,149787685.75,0.30120481927710846,2.0,3.0,,,,,,-0.009371541108618603,-0.09074924328510918,0.20364703118736147,-1.894314171435335,0.2298507462686567,-1.894314171435335,0.25314689303916693,-751.0,0.19402985074626866,0.373134328358209,0.16417910447761194,0.18955223880597016,0.2417910447761194,喬山
32.45000076293945,32.900001525878906,32.25,32.75,854849.0,0.010802421532034145,32.68999977111817,0.049679461511478396,32.322499942779544,0.1312607646603292,31.060833390553793,0.04299364324428323,30.573750066757206,0.016590654669596857,55.22389164426717,1522504.5,0.56147551616432,0.013226082697107566,1808.TW,2026-08-12,-0.004325899027792013,0.12996776232477103,neutral,0.1603336422613531,0.22820037105751392,2026-03-31,2026-05-15,5392216000.0,1474911000.0,1229561000.0,1153602000.0,211319000.0,942283000.0,1.06,46784978000.0,26633648000.0,51660398000.0,37973630000.0,13686768000.0,5845055000.0,11570200000.0,207356000.0,10980553000.0,0.1831818946222353,1004327686.4663897,25026750000.0,0.0401301681787043,0.068846275468394,0.0182399485191732,2.774477509957062,0.2735259492572256,0.2280251755493474,0.1747487489373571,173.44891620834682,,,72.1127428848662,72.1127428848662,False,69.16925684077738,69.16925684077738,69.90512835179958,149.0,True,False,True,True,True,True,True,True,True,True,True,True,False,True,True,False,False,12,False,0.05438252696593504,0.07118034027526865,1.0,49862022.375,0.432808155699722,1.0,3.0,,,,,,0.14243150507182747,0.03745106949356307,0.1956420326812176,-0.7550122609806749,0.7541044776119403,-0.7550122609806749,0.7393730942063874,-149.0,0.7985074626865671,0.664179104477612,0.8208955223880597,0.801865671641791,0.7626865671641792,潤隆
19.850000381469727,19.850000381469727,19.649999618530277,19.75,44467490.0,0.04497356606485581,19.439999771118163,0.06736365397161448,18.995726490020754,0.0851647896749983,18.909637896219888,-0.029484047676779146,19.158985630671182,0.013299230605398478,75.0,46287382.6,0.9606827498602178,0.03970753687022688,2002.TW,2026-08-12,-0.004325899027792013,0.12996776232477103,neutral,0.12974976830398516,0.313543599257885,2026-03-31,2026-05-15,79161889000.0,2637098000.0,-620543000.0,-966928000.0,893225000.0,-2451833000.0,-0.16,182155729000.0,154652832000.0,675792615000.0,344185931000.0,331606684000.0,19561433000.0,27960343000.0,93161390000.0,62603546000.0,0.0,-620543000.0,521139783000.0,-0.0011907419472521,-0.0073937984917095,-0.0036280849266161,1.0379342383822396,0.0333127219841861,-0.007838910968888,-0.0309723912727752,-0.0481943399382251,,,12.23150247108328,12.23150247108328,False,66.57787837528556,66.57787837528556,52.99128439923499,1008.0,True,False,True,True,True,True,True,False,True,False,True,True,True,True,False,False,False,11,False,0.04444094109005148,0.030847894597440195,1.0,914175806.35,0.12418906394810009,0.0,3.0,,,,,,-0.04437063707479081,-0.11084623781744478,0.13164666921571755,-2.056483462625699,0.08955223880597014,-2.056483462625699,0.18629947281503412,-1008.0,0.029850746268656716,0.06716417910447761,0.09701492537313433,0.039925373134328354,0.054477611940298515,中鋼
85.4000015258789,85.4000015258789,82.9000015258789,83.80000305175781,3224558.0,0.06887756914260312,85.98000030517578,0.16713091211639175,76.76500015258789,0.27743910062462174,71.03166669209799,0.24679870173874519,70.53531513214111,0.05301784025078622,70.06370788646292,4243404.5,0.7598988029540903,0.09164336462171896,2006.TW,2026-08-12,-0.004325899027792013,0.12996776232477103,neutral,0.03521779425393883,0.09461966604823747,2026-03-31,2026-05-15,13602390000.0,2004381000.0,1390762000.0,1521134000.0,302993000.0,1211982000.0,1.66,28387625000.0,18568929000.0,51955456000.0,19405487000.0,32549969000.0,1294546000.0,5329132000.0,260000000.0,,0.1991888946010016,1113737654.5669217,33386527000.0,0.0333588951784928,0.0372345055075167,0.0233273287024946,0.596175283607797,0.1473550603974742,0.1022439438951537,0.089100665397772,-0.0619062729029651,,,52.210458028038886,52.210458028038886,False,79.21492157298582,79.21492157298582,72.46380568674908,336.0,True,True,True,True,True,True,True,True,True,True,True,True,False,True,False,False,False,13,False,0.17975555064767001,0.1880573992583232,1.0,355597310.04984283,0.20945319740500462,1.0,3.0,,,,,,0.04466647742194629,-0.012495960622328283,0.26424914957760964,-1.337310733527145,0.6033582089552239,-1.337310733527145,0.6392271742460717,-336.0,0.5970149253731343,0.746268656716418,0.6791044776119403,0.6093283582089551,0.6582089552238806,東和鋼鐵
30.549999237060547,30.950000762939453,30.5,30.549999237060547,21031.0,-0.019261649721266982,30.829999923706055,0.001639319247886739,30.872499847412108,0.10090087340758735,29.950015163421632,0.04623282324822764,29.007924238840744,0.011218474320316483,45.56961414084534,32216.6,0.6528001092604434,-0.010446209796599715,2008.TW,2026-08-12,-0.004325899027792013,0.12996776232477103,neutral,0.32808155699721964,0.2829313543599258,2026-03-31,2026-05-15,349981000.0,60260000.0,34264000.0,25821000.0,1897000.0,,0.13,2434612000.0,1949854000.0,8362257000.0,4596942000.0,3765315000.0,312935000.0,1633298000.0,2437214000.0,,0.073467332791139,31746715.309244413,6412403000.0,0.0049508297137975,,,1.2208651865780151,0.1721807755278143,0.0979024575619819,,-0.2357091693673075,,,28.43463561506169,28.43463561506169,False,58.08426943108526,58.08426943108526,50.67186097707937,709.0,True,False,True,True,False,True,True,False,True,False,True,True,False,True,False,False,False,9,False,0.02003284707420394,0.05316047385958811,1.0,984217.1054206848,0.9341983317886933,1.0,3.0,,,,,,0.05146931227889977,0.031841842654685926,0.16952784908802807,-1.2735210485467612,0.5671641791044776,-1.2735210485467612,0.4650923790140208,-709.0,0.23880597014925373,0.022388059701492536,0.44029850746268656,0.2690298507462686,0.21417910447761196,高興昌
40.04999923706055,41.95000076293945,40.04999923706055,41.34999847412109,6363176.0,0.0754225657643377,40.02000045776367,0.06985761556656978,37.505676651000975,0.10119838386867586,38.85355879465739,-0.042824126299679466,39.96386273701986,0.0128955891902576,65.57005814322028,2186575.85,2.9101098871095643,0.10249973247763045,2009.TW,2026-08-12,-0.004325899027792013,0.12996776232477103,neutral,0.12511584800741427,0.2820037105751391,2026-03-31,2026-05-15,799069000.0,89698000.0,74091000.0,76674000.0,0.0,,0.21,2492291000.0,1725805000.0,10283213000.0,1994285000.0,8288928000.0,115317000.0,1048111000.0,,,0.0,74091000.0,8557408000.0,0.0086581123629958,,,0.2405962508058943,0.1122531345853737,0.0927216548258035,,0.2957994749140937,,,52.89939291590058,52.89939291590058,False,67.6602337871791,67.6602337871791,63.97002356935947,326.0,True,False,True,True,True,False,True,True,True,False,True,True,True,True,False,False,False,11,False,0.06425253585282831,0.03468472870659722,1.0,90414908.06105003,0.35217794253938833,1.0,3.0,,,,,,-0.013283800057053175,-0.08830328721225356,0.17625595674339228,-2.336693072078489,0.16455223880597014,-2.336693072078489,0.12217747293417043,-326.0,0.6194029850746269,0.41044776119402987,0.05223880597014925,0.5343283582089552,0.44328358208955226,第一銅
23.0,23.200000762939453,22.799999237060547,22.950000762939453,1215405.0,0.08767774161247965,22.750000381469725,0.0699300674427783,21.475000095367434,0.11649036827894665,21.611413574218755,0.13417228934094405,21.839973592758177,0.017049488050106382,75.00002509669748,1428630.15,0.8507485299816752,0.06868454766108267,2010.TW,2026-08-12,-0.004325899027792013,0.12996776232477103,neutral,0.12326227988878591,0.2560296846011132,2026-03-31,2026-05-15,6434872000.0,682639000.0,464114000.0,473003000.0,98964000.0,369123000.0,0.57,15350374000.0,9394504000.0,24093239000.0,11630814000.0,12462425000.0,619531000.0,3537293000.0,1338370000.0,,0.2092248886370699,367009800.0350949,14698735000.0,0.0249688017394078,0.0296188743362547,0.0153206050875932,0.9332705312168378,0.1060843168286797,0.0721248223740891,0.0573629125800792,0.1500844484399826,,,45.75393425343425,45.75393425343425,False,60.62510179339882,60.62510179339882,56.90730990840768,421.0,True,False,True,True,True,False,True,False,True,False,True,True,True,True,False,False,False,10,False,0.061938900207692216,0.05082548133434295,1.0,32787063.0324583,0.4893419833178869,0.0,3.0,,,,,,0.0835424372962936,0.029389765407615998,0.2691852303920548,-0.6766127937418505,0.826865671641791,-0.6766127937418505,0.8171552775293105,-421.0,0.5223880597014925,0.15671641791044777,0.8880597014925373,0.5772388059701492,0.48582089552238805,春源
46.45000076293945,47.59999847412109,46.20000076293945,46.84999847412109,10090072.0,0.0563697877342384,46.65999908447265,0.13438255059530957,43.910000038146975,0.1712499618530272,42.204799842834475,0.24270550466875407,39.89531656901042,0.04515016480935987,60.25103587412451,19383154.15,0.5205588276250696,0.06695509982737358,2027.TW,2026-08-12,-0.004325899027792013,0.12996776232477103,neutral,0.05282669138090825,0.18274582560296845,2026-03-31,2026-05-15,31174326000.0,8517820000.0,5633209000.0,4716863000.0,1204326000.0,2914770000.0,1.17,89517343000.0,24455518000.0,159942793000.0,66551339000.0,93391454000.0,9252095000.0,11925609000.0,29968117000.0,,0.2553235063218923,4194918326.275959,135487275000.0,0.0309617144951506,0.0312102432841446,0.0182238283159154,0.7126063054977172,0.2732318896004359,0.1807002659816927,0.0934990543179666,0.1950875950100803,,,67.77515994414823,67.77515994414823,False,83.5939629086958,83.5939629086958,79.63926216755891,180.0,True,True,True,True,True,True,True,True,True,True,True,True,False,True,True,False,False,13,False,0.1100632783139539,0.17432326656891028,1.0,908100742.3511537,0.12511584800741427,1.0,3.0,,,,,,0.03458429928440538,-0.057807654868480975,0.27930600251712495,-1.267609228717213,0.5324626865671642,-1.267609228717213,0.5326413095811267,-180.0,0.7611940298507462,0.8880597014925373,0.5373134328358209,0.7276119402985075,0.7544776119402985,大成鋼
17.5,17.600000381469727,17.200000762939453,17.350000381469727,679837.0,0.10862624948096355,17.270000076293947,0.06441725113838292,16.157499933242796,0.06769233116736784,16.880833260218303,0.07685287618804093,16.410980240503946,0.0160352219680219,62.79069303241603,570680.2,1.1912749031769458,0.07380476268939695,2032.TW,2026-08-12,-0.004325899027792013,0.12996776232477103,neutral,0.13438368860055608,0.3534322820037106,2026-03-31,2026-05-15,783716000.0,93297000.0,60930000.0,76557000.0,12528000.0,,0.49,1409931000.0,447134000.0,2340537000.0,586657000.0,1753880000.0,309422000.0,236879000.0,,,0.1636427759708452,50959245.6600964,1893403000.0,0.0269141042134698,,,0.3344909571920542,0.1190443987362769,0.0777449994640915,,0.0203492838041572,,,46.72339013307418,46.72339013307418,False,67.8873777842415,67.8873777842415,62.59638087144967,405.0,True,False,True,True,True,False,True,True,True,False,False,True,True,True,False,False,False,10,False,0.027792888776235536,0.05721901600053014,1.0,9901301.687697219,0.6570898980537535,0.0,3.0,,,,,,0.07590095072086715,0.026879886682815483,0.2917178451742866,-1.3492514683731158,0.7664179104477612,-1.3492514683731158,0.8178865313953111,-405.0,0.5298507462686567,0.3283582089552239,0.8955223880597015,0.5847014925373134,0.5425373134328358,新鋼
20.200000762939453,20.25,19.899999618530277,19.899999618530277,630349.0,0.07567565505569074,19.779999923706054,0.0698924306665969,18.757499980926518,0.09058145077330271,18.626646169026692,0.11974133754671001,18.27929294904073,0.021928622390414973,68.65672491579187,398331.4,1.5824737894125342,0.06090895048729861,2069.TW,2026-08-12,-0.004325899027792013,0.12996776232477103,neutral,0.12418906394810009,0.300556586270872,2026-03-31,2026-05-15,2302863000.0,277674000.0,137979000.0,128564000.0,22373000.0,106191000.0,0.64,4252225000.0,3913450000.0,9681868000.0,5325210000.0,4356658000.0,267712000.0,2834868000.0,1356137000.0,,0.174022276842662,113967580.26352634,5768418000.0,0.019757163968271,0.0243744172712202,0.0109680280706161,1.2223153619127325,0.1205777330218949,0.0599162868134144,0.0461125998376803,-0.1384973197554728,,,30.045180578249248,30.045180578249248,False,75.18263541517356,75.18263541517356,63.898271705942484,682.0,True,True,True,True,True,True,True,True,True,False,True,True,True,True,False,False,False,13,False,0.068361928279981,0.0886635316807809,1.0,7926794.708048631,0.6950880444856349,0.0,3.0,,,,,,0.07247901707257783,0.029995974062353763,0.2566944336311265,-1.1477522035782255,0.7649253731343284,-1.1477522035782255,0.737772117714041,-682.0,0.2835820895522388,0.40298507462686567,0.8134328358208955,0.3630597014925373,0.4253731343283582,運錩
33.849998474121094,34.45000076293945,33.849998474121094,34.29999923706055,1387475.0,-0.004354180625745441,34.49999923706055,0.005865125275335004,33.68249988555908,0.14333330790201826,32.7375,0.017323789852127458,33.407878732681276,0.002455353736877399,56.11509290840012,1945665.85,0.7131106299676278,0.018332943029748527,2101.TW,2026-08-12,-0.004325899027792013,0.12996776232477103,neutral,0.303985171455051,0.212430426716141,2026-03-31,2026-05-15,5423749000.0,2237626000.0,1648897000.0,1437849000.0,93759000.0,1344090000.0,1.86,40354728000.0,37879190000.0,52223322000.0,38754818000.0,13468504000.0,1824544000.0,7891061000.0,37500000.0,,0.0652078208490599,1541376019.8254476,14344132000.0,0.1074569043163746,0.0997950477647703,0.0257373515993486,2.8774404343644995,0.4125607582504279,0.3040142528719526,0.2478156714110479,1.6217745942925426,,,82.80478413647866,82.80478413647866,False,66.6697548947019,66.6697548947019,70.70351220514608,68.0,True,False,True,True,True,True,True,True,True,True,True,True,False,True,True,False,False,12,False,0.04772811720688974,0.026703895554630153,1.0,66736337.17057476,0.3901760889712697,1.0,2.0,,,,,,0.17622274574722574,0.08046220194511443,0.354703414315681,0.10961348782256947,0.982089552238806,0.10961348782256947,0.8809203910055515,-68.0,0.9104477611940298,0.7014925373134329,0.9552238805970149,0.9171641791044776,0.8567164179104477,南港
18.549999237060547,18.600000381469727,18.149999618530277,18.200000762939453,2336652.0,0.005524882837687928,18.309999847412108,0.028248586352996652,18.144999980926517,0.12093709082510795,17.41741590499878,-0.03387253106766541,17.509856510162354,0.011286050530180544,56.89658347550763,1358625.95,1.7198641024043446,0.0030311811557317547,2106.TW,2026-08-12,-0.004325899027792013,0.12996776232477103,neutral,0.21408711770157554,0.24675324675324675,2026-03-31,2026-05-15,8698617000.0,1718035000.0,255513000.0,171823000.0,60640000.0,111183000.0,0.12,25478129000.0,9730576000.0,47068938000.0,27476173000.0,19592765000.0,9412275000.0,3037616000.0,14974373000.0,,0.3529213201957829,165337014.71281496,37338362000.0,0.0044280735912522,0.0056746967566854,0.0023621310512678,1.4023632192801785,0.1975066841085198,0.029373979794719,0.0127816870199021,-0.0124089540383796,,,20.024805479941964,20.024805479941964,False,72.10293451584927,72.10293451584927,59.083402256872446,861.0,True,False,True,True,True,True,True,True,True,False,True,True,True,True,False,False,False,12,False,0.044931169021236395,0.03941461498422627,1.0,24726993.32654934,0.5301204819277109,0.0,3.0,,,,,,-0.00857929833138669,-0.040464633063741616,0.15615430301538233,-1.8317965353326346,0.23022388059701493,-1.8317965353326346,0.20650271826352112,-861.0,0.11940298507462686,0.19402985074626866,0.11940298507462686,0.11940298507462685,0.1417910447761194,建大
29.950000762939453,30.950000762939453,29.850000381469727,30.850000381469727,2573704.0,0.12386154914504233,29.370000457763673,0.07304349152938183,28.122500133514404,0.13837638181599998,28.427500152587893,0.3409995469003715,27.132945505777993,0.006712009991188473,64.49275041823446,968388.3,2.6577190162252062,0.09698640714752393,2108.TW,2026-08-12,-0.004325899027792013,0.12996776232477103,neutral,0.1195551436515292,0.22170686456400743,2026-03-31,2026-05-15,2595684000.0,706987000.0,322249000.0,400150000.0,120689000.0,166573000.0,0.34,14271694000.0,1850566000.0,18859782000.0,2404041000.0,16455741000.0,9490424000.0,110000000.0,24000000.0,,0.3016093964763214,225055673.59490192,17009216000.0,0.0132313960616939,0.0101224855204028,0.0088321805628506,0.1460913246021555,0.272370211474124,0.1241480087714837,0.0641730657506846,0.1428634327678053,,,48.999527692236406,48.999527692236406,False,70.07204087394264,70.07204087394264,64.80391257851609,386.0,True,False,True,True,True,False,True,True,True,True,False,True,True,True,False,False,False,11,False,0.08521678712087888,0.13699415254787506,1.0,29874779.42441082,0.5041705282669138,1.0,3.0,,,,,,0.01881264464142453,-0.05745429990968582,0.2126064957974862,-1.7972697140914373,0.32873134328358206,-1.7972697140914373,0.37569238602310084,-386.0,0.5522388059701493,0.4701492537313433,0.30597014925373134,0.5152985074626866,0.47835820895522396,南帝
14.649999618530272,14.75,14.649999618530272,14.75,134013.0,0.024305582690387073,14.579999923706055,0.0,14.514999914169312,0.0535714285714286,14.47166665395101,0.03412973345234871,14.467560418446858,-0.002748200432778102,63.157884169822104,101289.9,1.3230638000432422,0.016190154131608736,2109.TW,2026-08-12,-0.004325899027792013,0.12996776232477103,neutral,0.3387395736793327,0.3942486085343228,2026-03-31,2026-05-15,1087805000.0,247547000.0,119153000.0,187878000.0,44674000.0,113502000.0,0.41,3848121000.0,2285586000.0,8526981000.0,3577294000.0,4949687000.0,2144050000.0,1401000000.0,923772000.0,,0.2377819648921108,90820565.53721032,6241395000.0,0.0145513247498692,0.0229311469593935,0.0133109244643561,0.7227313565484039,0.2275656022908517,0.1095352567785586,0.1043403918900905,-0.1083894446516317,,,39.992057305842906,39.992057305842906,False,56.62532634334291,56.62532634334291,52.46700908396791,510.0,True,False,True,True,True,True,False,True,True,False,True,True,True,True,False,False,False,11,False,0.01923298488726588,0.019522267292073403,1.0,1494026.025,0.8999073215940686,0.0,3.0,,,,,,0.07973468740121833,0.06884458672753854,0.1455263339082829,-1.1976900789455889,0.6570895522388059,-1.1976900789455889,0.6144584764432756,-510.0,0.44776119402985076,0.04477611940298507,0.6567164179104478,0.4791044776119403,0.3686567164179104,華豐
22.899999618530277,23.200000762939453,22.899999618530277,23.049999237060547,120149.0,0.0525113990210857,22.70999984741211,0.0525113990210857,22.097500038146975,0.21996562850927792,21.07180077234904,0.016638092177544195,20.768192291259766,0.012717692825986629,70.45451195776072,82181.4,1.461997483615514,0.04310438725056098,2115.TW,2026-08-12,-0.004325899027792013,0.12996776232477103,neutral,0.15106580166821132,0.137291280148423,2026-03-31,2026-05-15,795763000.0,146418000.0,55001000.0,50773000.0,23159000.0,28129000.0,0.27,2550411000.0,942761000.0,4966182000.0,1610225000.0,3355957000.0,883919000.0,179756000.0,658841000.0,,0.4,33000600.0,4023421000.0,0.0082021245104601,0.0083818118050976,0.0056641097728597,0.4798109749320388,0.1839969940798956,0.0691173125666812,0.0353484643040704,-0.0114512019538349,,,30.9467161073479,30.9467161073479,False,74.47775524725245,74.47775524725245,63.59499546227631,665.0,True,False,True,True,True,True,True,True,True,True,True,True,True,True,False,False,False,13,False,0.09387894684859344,0.10987027247244208,1.0,1894281.2073005675,0.8600556070435589,0.0,3.0,,,,,,0.06783305484247447,0.044092422779688195,0.21654746281234377,-1.5962233295680732,0.6432835820895524,-1.5962233295680732,0.5933933156796662,-665.0,0.29850746268656714,0.39552238805970147,0.5970149253731343,0.3432835820895522,0.38731343283582087,六暉-KY
513.0,516.0,504.0,504.0,283715.0,-0.00982318271119842,512.2,0.050000000000000044,508.675,0.12160014528105179,480.2159927368164,-0.008547823356230166,480.8246561686198,0.017299135043247905,54.47761194029851,545081.7,0.520499954410504,-0.009190544060549533,2207.TW,2026-08-12,-0.004325899027792013,0.12996776232477103,neutral,0.15848007414272475,0.24489795918367346,2026-03-31,2026-05-15,71331231000.0,,,,1278339000.0,4429572000.0,7.95,371776395000.0,39724833000.0,525151865000.0,369092964000.0,116334068000.0,33821612000.0,111314642000.0,1403494000.0,,,,485427032000.0,,0.0380763096842792,0.0084348400819256,3.1726988520679944,,,0.0620986339069348,-0.0236719001813244,,,23.69838641660918,23.69838641660918,False,66.87605095201364,66.87605095201364,56.08163481816252,794.0,True,False,True,True,False,True,True,True,True,False,True,True,False,True,False,False,False,10,False,0.04952772840328645,0.0481991585374375,1.0,274721176.79999995,0.23354958294717332,3.0,3.0,,,,,,0.02999546474013611,-0.041249540169587595,0.16703002737796746,-0.39455598381061274,0.4283582089552239,-0.39455598381061274,0.5500490351273933,-794.0,0.17164179104477612,0.12686567164179105,0.5597014925373134,0.2298507462686567,0.23582089552238805,和泰車
267.0,267.0,254.0,259.5,36899686.0,0.04216867469879526,259.8,0.20138888888888884,224.25,0.2566585956416465,221.6,0.5225457123826305,195.6916165669759,0.05195262108596218,63.97306397306397,29539592.0,1.2491603133855065,0.1571906354515049,2301.TW,2026-08-12,-0.004325899027792013,0.12996776232477103,neutral,0.028730305838739572,0.10760667903525047,2026-03-31,2026-05-15,43407292000.0,9402933000.0,4099305000.0,4969901000.0,1195242000.0,3775414000.0,1.66,165353065000.0,116511425000.0,210691221000.0,122427807000.0,88263414000.0,71133162000.0,13521025000.0,3000000000.0,,0.2404961386554782,3113437976.3289046,94179796000.0,0.0330584489302663,0.0427743934763275,0.0179191804104642,1.3870730969006029,0.2166210460675593,0.0944381649055647,0.0869764923368175,0.1919657430575541,,,57.60700281241379,57.60700281241379,False,90.22085537932024,90.22085537932024,82.06739223759362,288.0,True,True,True,True,True,True,True,True,True,True,True,True,True,False,False,False,False,13,False,0.17102888086642598,0.3260660040139509,1.0,7665524124.0,0.026876737720111215,2.0,3.0,,,,,,0.009153558985606129,-0.10219156909508828,0.2576168143655974,-1.2902736330767604,0.4152985074626866,-1.2902736330767604,0.39832639660382024,-288.0,0.6417910447761194,0.9253731343283582,0.3656716417910448,0.6003731343283581,0.6716417910447762,光寶科
264.5,270.5,264.0,270.0,59745965.0,0.044487427466150864,264.4,0.12970711297071125,250.5,0.13485926592459774,252.6208859761556,0.27249665132838663,232.9270985921224,0.027903159622486712,57.142857142857146,54966400.5,1.0869542931049305,0.07784431137724557,2317.TW,2026-08-12,-0.004325899027792013,0.12996776232477103,neutral,0.05375347544022243,0.22541743970315398,2026-03-31,2026-05-15,2119533391000.0,130980560000.0,75648689000.0,74031230000.0,17074953000.0,49919449000.0,3.56,4052387707000.0,2792211149000.0,5230479067000.0,3241680598000.0,1988798469000.0,986317310000.0,778365706000.0,25597034000.0,289268494000.0,0.2306452695706933,58200676732.92546,2438267918000.0,0.0238696807283855,0.0251003054246619,0.0095439535003496,1.6299693752429172,0.0617968844256816,0.0356911994504171,0.0235520936881527,0.289006464874042,,,39.93908373911616,39.93908373911616,False,70.67789051581174,70.67789051581174,62.993188821637844,511.0,True,False,True,True,True,False,True,True,True,True,True,True,True,True,False,False,False,12,False,0.06879523819532807,0.15916096337419194,1.0,14840928135.0,0.013901760889712697,2.0,3.0,,,,,,0.038297880924409895,-0.04854234813880526,0.23115034223096056,-1.752168003359027,0.4287313432835821,-1.752168003359027,0.5186714974953691,-511.0,0.44029850746268656,0.3656716417910448,0.5149253731343284,0.4514925373134328,0.4328358208955224,鴻海
36.75,39.900001525878906,36.59999847412109,39.900001525878906,171682204.0,0.07983763740265681,37.26999969482422,0.1037344354554306,36.28000011444092,0.43525189283774113,36.41416657765706,0.3467019691285429,33.07528174718221,0.006659266393920634,62.65061163859825,54723580.3,3.1372619090129232,0.0997795314227985,2324.TW,2026-08-12,-0.004325899027792013,0.12996776232477103,neutral,0.07506950880444857,0.04730983302411874,2026-03-31,2026-05-15,201303536000.0,10597495000.0,2644084000.0,3090596000.0,699988000.0,1967195000.0,0.45,372539532000.0,285043722000.0,452433934000.0,306525209000.0,145908725000.0,84569615000.0,55846516000.0,11898445000.0,,0.2264896479513983,2045226345.6860747,167390212000.0,0.0122183150451238,0.013482367144254,0.0043480270867569,2.100801093286231,0.0526443559342146,0.0131348115017711,0.009772282390509,0.0110778585236814,,,17.5664711440274,17.5664711440274,False,78.04611693038761,78.04611693038761,62.92620548379756,901.0,True,True,True,True,True,False,True,True,True,True,True,True,False,True,False,False,False,12,False,0.09572744005517553,0.20633897636497434,1.0,2183470937.4715567,0.06765523632993513,1.0,3.0,,,,,,0.0011828748399695154,-0.06358162679829941,0.2825591221882273,-1.5305129580887071,0.43768656716417914,-1.5305129580887071,0.3613801164631389,-901.0,0.08955223880597014,0.3582089552238806,0.29850746268656714,0.1208955223880597,0.21194029850746268,仁寶
91.0,93.5,91.0,91.5999984741211,5779804.0,-0.05664263734737185,92.51999969482422,0.05045873486085717,89.575,0.11030301180752833,88.72277971903483,0.3815987067543958,83.40888996124268,0.023538820131638875,57.19696477096343,5385952.3,1.0731257311729256,0.022606737082010442,2347.TW,2026-08-12,-0.004325899027792013,0.12996776232477103,neutral,0.15755329008341057,0.2690166975881262,2026-03-31,2026-05-15,126357648000.0,5428837000.0,3373256000.0,3875913000.0,784782000.0,2954386000.0,1.77,208416617000.0,157729943000.0,249263901000.0,167490035000.0,81773866000.0,15304988000.0,56810338000.0,2500000000.0,,0.2024766809781334,2690250321.030425,91533958000.0,0.0293907351961162,0.036128730907745,0.0118524422836502,2.048209815590717,0.042964055487959,0.0266960967807821,0.0233811411241209,0.3825024363831348,,,42.4453478070041,42.4453478070041,False,71.81566500880693,71.81566500880693,64.47308570835622,474.0,True,False,True,True,True,True,True,True,True,False,True,True,True,True,False,False,False,12,False,0.03242931256434667,0.09820426235961843,1.0,493353222.461689,0.17608897126969417,1.0,3.0,,,,,,0.05675595810021919,-0.004742463819061955,0.3051388339696248,-0.02853380104980947,0.7656716417910447,-0.02853380104980947,0.7553799350024073,-474.0,0.48507462686567165,0.4552238805970149,0.8432835820895522,0.5388059701492537,0.5477611940298508,聯強
63.09999847412109,64.5999984741211,62.79999923706055,63.0,16633239.0,0.1351351351351351,62.31999969482422,0.11702124637519229,57.10499992370605,0.1224671196389091,56.954834111531575,0.11858985278500556,55.111501344045,0.025961190883376516,67.6470667433197,12870731.25,1.2923305348326655,0.1032308919388818,2354.TW,2026-08-12,-0.004325899027792013,0.12996776232477103,neutral,0.06487488415199258,0.24118738404452691,2026-03-31,2026-05-15,25274831000.0,1224398000.0,373042000.0,939869000.0,285306000.0,663384000.0,0.47,119608118000.0,42954189000.0,150753789000.0,44332160000.0,106421629000.0,18348663000.0,13096824000.0,,,0.3035593258209388,259801621.9771053,107799600000.0,0.0024100425416894,0.0062335448746043,0.0044004466116602,0.4165709585219749,0.0484433704027536,0.0147594260867659,0.0262468223823138,-0.1575198993297046,,,17.738249987351253,17.738249987351253,False,80.67710127803976,80.67710127803976,64.94238845536763,898.0,True,True,True,True,True,True,True,True,True,False,False,True,True,True,False,False,False,12,False,0.10613964526049724,0.14313706692019523,1.0,810856068.75,0.13438368860055608,1.0,3.0,,,,,,-0.03307352799142391,-0.08684139717329328,0.15617885230885922,-1.9149135074289896,0.14291044776119402,-1.9149135074289896,0.15574438707463795,-898.0,0.09701492537313433,0.48507462686567165,0.07462686567164178,0.09365671641791046,0.208955223880597,鴻準
66.0,71.0999984741211,65.9000015258789,69.0,79680251.0,0.05022835928527547,65.91999969482421,0.12929626388165882,62.65499973297119,0.3346228042894315,65.37739645640055,0.5401785976576565,55.258281517028806,0.0071648737912907755,60.416665562877064,33910402.35,2.349728858348388,0.10126885793744322,2356.TW,2026-08-12,-0.004325899027792013,0.12996776232477103,neutral,0.05468025949953661,0.07235621521335807,2026-03-31,2026-05-15,200310505000.0,10176552000.0,3614980000.0,3306616000.0,872750000.0,2428376000.0,0.68,316622404000.0,289769524000.0,382244260000.0,308509302000.0,73734958000.0,45302973000.0,76492329000.0,8230668000.0,,0.2639405361856351,2660840240.499653,92474736000.0,0.0287736992349959,0.032933849368979,0.0063529430108381,4.184030348264388,0.0508038856973577,0.0180468817648879,0.0121230586483719,0.2755841181128693,,,32.596295147103554,32.596295147103554,False,79.34160895488586,79.34160895488586,67.65528050294029,639.0,True,True,True,True,True,False,True,True,True,True,True,True,True,True,False,False,False,13,False,0.05541064251488392,0.2486816112574266,1.0,2339817762.15,0.06302131603336422,1.0,3.0,,,,,,0.10310397763609479,0.009945022786481673,0.346946477538143,-0.621660314913357,0.8518656716417911,-0.621660314913357,0.8245222337240014,-639.0,0.3358208955223881,0.6044776119402985,0.9104477611940298,0.42201492537313434,0.5313432835820895,英業達
831.0,860.0,831.0,852.0,3087489.0,0.01670644391408116,828.8,0.196629213483146,776.3,0.41181153903102685,735.7499989827473,0.8019542041413077,640.3809972127278,0.044185890106933766,65.54307116104869,4284791.65,0.7205692253437807,0.09751384773927607,2357.TW,2026-08-12,-0.004325899027792013,0.12996776232477103,neutral,0.03151065801668211,0.04916512059369202,2026-03-31,2026-05-15,208369726000.0,30970538000.0,11895859000.0,13859608000.0,2702804000.0,9797017000.0,13.19,485857648000.0,327627459000.0,671441698000.0,354711686000.0,316730012000.0,57955263000.0,41417377000.0,275376000.0,,0.1950130191272365,9576011621.29809,343814239000.0,0.0278522833991703,0.0309317608967223,0.0145910166574134,1.1199181402487366,0.1486326185407567,0.0570901504184921,0.0470174683629425,0.4108280576281871,,,51.58078089609261,51.58078089609261,False,85.90384937732058,85.90384937732058,77.3230822570136,344.0,True,True,True,True,True,True,True,True,True,True,True,True,False,True,False,False,False,13,False,0.1580020403370448,0.33045796753549594,1.0,3650642485.8,0.04448563484708063,3.0,3.0,,,,,,0.0773988805026219,-0.0145846241803199,0.30787969381048563,-1.1459007350568216,0.7514925373134329,-1.1459007350568216,0.7697175212646445,-344.0,0.582089552238806,0.8507462686567164,0.8507462686567164,0.6223880597014925,0.7164179104477612,華碩
47.5,49.59999847412109,47.5,48.900001525878906,3390690.0,0.03711558734604692,48.91999969482422,0.1615202683662278,44.63750019073486,0.32601010341330516,43.71795552571614,0.368612927492622,40.33920542399088,0.037176875866007146,63.18538550749815,2244504.45,1.5106630775448004,0.09549148847786038,2362.TW,2026-08-12,-0.004325899027792013,0.12996776232477103,neutral,0.037998146431881374,0.07606679035250463,2026-03-31,2026-05-15,4941226000.0,1031961000.0,338299000.0,460047000.0,109186000.0,350861000.0,0.61,21268600000.0,19086193000.0,104921126000.0,60685209000.0,44235917000.0,8972993000.0,7767445000.0,28201977000.0,,0.2373366199540481,258008258.80616543,85834933000.0,0.0030058654418261,0.0079315864527008,0.0033440453164789,1.3718537585645618,0.2088471565558831,0.0684645875335392,0.0710068715739778,0.1924432336345798,,,31.430349126543067,31.430349126543067,False,91.74332941481693,91.74332941481693,76.66508434274847,656.0,True,True,True,True,True,True,True,True,True,True,True,True,True,True,False,False,False,14,False,0.11853358506471179,0.2122202460833964,1.0,109756271.029842,0.33271547729379053,1.0,3.0,,,,,,0.01603317836015469,-0.039210079843321484,0.22714613698701971,-1.539608564434199,0.4067164179104477,-1.539608564434199,0.43232859286169345,-656.0,0.31343283582089554,0.835820895522388,0.4253731343283582,0.3302238805970149,0.4925373134328358,藍天
79.80000305175781,81.4000015258789,77.9000015258789,78.5,1032439.0,0.11189804102863699,74.88000030517578,0.12142857142857144,71.1,0.19664636929782708,69.76499989827474,0.2743506809172862,66.72166652679444,0.0216251156269299,74.67531727626678,260476.6,3.963653548917638,0.1040787623066104,2364.TW,2026-08-12,-0.004325899027792013,0.12996776232477103,neutral,0.060240963855421686,0.16048237476808905,2026-03-31,2026-05-15,338915000.0,130350000.0,30596000.0,44068000.0,-15000.0,43646000.0,0.83,1165011000.0,950493000.0,1755551000.0,1003694000.0,751857000.0,599063000.0,350000000.0,,,0.0,30596000.0,805058000.0,0.0380047151882224,0.0580509325576539,0.0248617100841843,1.3349533222407983,0.3846097103993626,0.0902763229718365,0.128781552896744,-0.1059821890200796,,,61.7822396932274,61.7822396932274,False,77.85394190735266,77.85394190735266,73.83601635382135,245.0,True,True,True,True,True,True,True,False,True,True,False,True,False,True,True,False,False,11,False,0.1252060505190551,0.17652936574171996,1.0,20447413.1,0.5542168674698795,1.0,3.0,,,,,,0.07804390026537902,0.015545089245396826,0.35428461950824663,-0.033962742871200435,0.8761194029850745,-0.033962742871200435,0.8777128022586721,-245.0,0.6865671641791045,0.7835820895522388,0.9477611940298507,0.7257462686567164,0.7679104477611941,倫飛
352.0,381.0,352.0,375.5,17966996.0,0.0979532163742689,352.7,0.09156976744186052,334.85988159179686,0.23114754098360657,340.34496053059894,0.6763392857142858,299.68914693196615,0.011631072708420849,66.31925384703295,7830759.75,2.2944128760941744,0.12136454870322311,2376.TW,2026-08-12,-0.004325899027792013,0.12996776232477103,neutral,0.09082483781278962,0.12987012987012986,2026-03-31,2026-05-15,105057330000.0,12614630000.0,7413710000.0,7054503000.0,1410189000.0,5268403000.0,7.86,234087870000.0,170374747000.0,247826770000.0,180781022000.0,67045748000.0,63311111000.0,69227536000.0,,9540960000.0,0.199899128258929,5931715833.835495,77452023000.0,0.0765856798063944,0.0785792262322138,0.0212584096544533,2.6963831024750444,0.1200737730532462,0.0705682316502808,0.0501478859209538,0.5978925716183887,,,59.16561347732097,59.16561347732097,False,73.11821956660422,73.11821956660422,69.6300680442834,275.0,True,False,True,True,True,False,True,True,True,True,True,True,True,True,False,False,False,12,False,0.10329237551980852,0.25296496000652313,1.0,2940450286.125,0.05097312326227989,2.0,3.0,,,,,,0.09604881419295119,0.07007605564759438,0.4654490758434822,-0.11941880261223277,0.9470149253731343,-0.11941880261223277,0.9710173126303964,-275.0,0.6567164179104478,0.6567164179104478,0.9925373134328358,0.707089552238806,0.7238805970149254,技嘉
157.0,169.0,152.0,169.0,46107233.0,0.11920529801324498,157.0,0.13804713804713797,147.85,0.5156950672645739,140.39166666666668,0.9096045197740112,117.91166655222575,0.01719986240110079,66.0377358490566,16550988.15,2.785769198922422,0.14305038890767685,2377.TW,2026-08-12,-0.004325899027792013,0.12996776232477103,neutral,0.04911955514365153,0.0287569573283859,2026-03-31,2026-05-15,56256838000.0,8440506000.0,3876357000.0,4133431000.0,716617000.0,3416814000.0,4.04,106512512000.0,56814984000.0,119099762000.0,64185562000.0,54914200000.0,25875075000.0,0.0,6305082000.0,,0.1733709840565864,3204309172.355363,62284778000.0,0.0514461040923251,0.0622209555998266,0.0286886719387398,1.1688335985956273,0.1500352010541367,0.0689046369794192,0.0607359766647389,0.0507372103469625,,,60.05362798212559,60.05362798212559,False,87.21000513575125,87.21000513575125,80.42091084734483,263.0,True,True,True,True,True,True,True,True,True,True,False,True,True,True,True,False,False,13,False,0.20377515284620396,0.43327632406201344,1.0,2797116997.35,0.05375347544022243,2.0,3.0,,,,,,0.0336857290969179,-0.029130270888137532,0.2528179683404041,-1.2204338287771552,0.5332089552238806,-1.2204338287771552,0.5143584332735152,-263.0,0.6791044776119403,0.9029850746268657,0.5074626865671642,0.6533582089552238,0.7119402985074627,微星
5500.0,5730.0,5480.0,5730.0,1628135.0,0.09246901811248809,5420.0,0.1279527559055118,4926.75,0.2635060639470783,5114.833333333333,1.7548076923076925,4253.25,0.013734567901234567,61.04347826086956,2311777.95,0.7042782807059821,0.16303851423352111,2383.TW,2026-08-12,-0.004325899027792013,0.12996776232477103,neutral,0.056533827618164965,0.10018552875695733,2026-03-31,2026-05-15,33067261000.0,9729153000.0,7128470000.0,7194158000.0,1855381000.0,5339793000.0,14.9,90741002000.0,68350963000.0,130976723000.0,83055788000.0,47920935000.0,22134504000.0,12291308000.0,10978888000.0,0.0,0.2579010636130038,5290030005.06661,62625760000.0,0.0844705118958494,0.1114292323386428,0.0407690227522336,1.733183795349569,0.2942231290338803,0.2155748551414645,0.1614827729457241,0.5252381635035763,,,86.0587773245522,86.0587773245522,True,80.75103777378716,80.75103777378716,82.07797266147841,55.0,True,True,True,True,True,False,True,True,True,True,True,True,False,False,True,True,False,11,False,0.12027110691127119,0.34720507846940585,1.0,13246487653.500002,0.015755329008341055,3.0,2.0,,,,,,0.004375893298351192,-0.10744748316053983,0.26911009214959136,0.14572579324320614,0.5041044776119403,0.14572579324320614,0.5138801431719898,-55.0,0.9253731343283582,0.9328358208955224,0.5,0.8615671641791044,0.8425373134328358,台光電
39.79999923706055,40.95000076293945,39.70000076293945,39.79999923706055,3111402.0,0.07567565505569052,38.34000015258789,0.12043649781541688,35.803663635253905,0.1603498577940885,37.642483393351235,0.017902833510409666,37.242908318837486,0.01887364295984554,66.66666666666671,1905406.7,1.6329332735105844,0.1116180635177142,2392.TW,2026-08-12,-0.004325899027792013,0.12996776232477103,neutral,0.06209453197405004,0.19294990723562153,2026-03-31,2026-05-15,20284345000.0,3918165000.0,2024943000.0,2036754000.0,252111000.0,-210762000.0,-0.46,65961303000.0,65464823000.0,123191294000.0,95674753000.0,27516541000.0,21416412000.0,16445470000.0,26655579000.0,0.0,0.1237807805950055,1774293974.7996078,57726471000.0,0.0307362280088039,-0.0076594656283287,-0.0017108514177958,3.476990549066469,0.1931620173094078,0.0998278721841893,-0.0103903774068129,-0.0513983335778374,,,22.851074819845003,22.851074819845003,False,76.04418141081294,76.04418141081294,62.74590476307095,812.0,True,True,True,True,True,False,True,True,True,True,True,True,True,True,False,False,False,13,False,0.05731598048842845,0.06865980756206636,1.0,75835185.20629005,0.3716404077849861,1.0,3.0,,,,,,0.07101665852279136,0.003868815866925881,0.24491191973392176,-0.28908693125379387,0.7511194029850746,-0.28908693125379387,0.749254413416787,-812.0,0.16417910447761194,0.34328358208955223,0.8283582089552238,0.2638059701492537,0.35074626865671643,正崴
672.0,699.0,667.0,686.0,5999243.0,0.08372827804107419,654.0,0.31473457844922614,586.9920715332031,0.4864572047670639,525.9111302693685,1.3573883161512028,444.56389846801756,0.058457790700927444,69.02654867256638,5027290.0,1.1933353755204097,0.16866995870692358,2395.TW,2026-08-12,-0.004325899027792013,0.12996776232477103,neutral,0.012048192771084338,0.036178107606679034,2026-03-31,2026-05-15,20385264000.0,7979823000.0,3728486000.0,4068287000.0,750007000.0,3334165000.0,3.85,49300373000.0,29811036000.0,83769137000.0,34044129000.0,49725008000.0,10001958000.0,,43915000.0,,0.184354496130681,3041122842.1397014,53958101000.0,0.0563608204473263,0.0670520756879516,0.0398018305954375,0.6846480346468723,0.3914505595806853,0.182901040673302,0.1635576071028562,0.1748587968840969,,,87.43653384699755,87.43653384699755,False,86.4268422420746,86.4268422420746,86.67926514330534,49.0,True,True,True,True,True,True,True,True,True,True,True,True,True,False,True,False,False,13,False,0.3044028934102134,0.5430852625775047,1.0,3448720940.0,0.04541241890639481,3.0,2.0,,,,,,-0.04554516237093467,-0.15176859973747167,0.299468711484681,-1.076161377216365,0.3944029850746269,-1.076161377216365,0.39004954394693203,-49.0,0.9402985074626866,0.9776119402985075,0.3283582089552239,0.8485074626865672,0.8291044776119403,研華
67.30000305175781,68.0999984741211,66.4000015258789,66.69999694824219,1081063.0,0.07407405132285239,66.07999801635742,0.1401708880041399,59.14999942779541,0.18273506186003963,59.19418710072835,0.16298988568181194,57.223956712086995,0.03345853740494617,63.673463159677944,867201.0,1.2466118004937725,0.12764154849507792,2397.TW,2026-08-12,-0.004325899027792013,0.12996776232477103,neutral,0.04633920296570899,0.17625231910946196,2026-03-31,2026-05-15,3030612000.0,754408000.0,168760000.0,160589000.0,40224000.0,86809000.0,0.76,8090820000.0,5564770000.0,13261955000.0,7705318000.0,5556637000.0,2502436000.0,1648614000.0,692000000.0,964352000.0,0.2504779281270822,126489344.84927362,7697185000.0,0.0164331953628857,0.0156225789087896,0.0065457166760104,1.386687307448732,0.2489292591727347,0.0556851223449257,0.0286440494527178,0.1661133556504674,,,38.72674476639454,38.72674476639454,False,78.2880996488759,78.2880996488759,68.39776092825555,543.0,True,True,True,True,True,False,True,True,True,True,True,True,True,True,False,False,False,13,False,0.12679977908542783,0.1655956837069541,1.0,57842304.05351257,0.4087117701575533,1.0,3.0,,,,,,0.04306878666267872,-0.017034736446311163,0.2443105776903624,-1.4623060463422939,0.551865671641791,-1.4623060463422939,0.5921520492727144,-543.0,0.40298507462686567,0.6268656716417911,0.5895522388059702,0.43097014925373134,0.5074626865671642,友通
497.0,511.0,480.5,482.5,93467130.0,0.08426966292134841,477.9,0.0031185031185030354,421.525,0.7577413479052824,403.67248179117837,0.7577413479052824,325.2404075622559,0.020147628267182936,57.729138166894664,82292584.4,1.135790432169244,0.14465334203190805,2408.TW,2026-08-12,-0.004325899027792013,0.12996776232477103,neutral,0.3215940685820204,0.014842300556586271,2026-03-31,2026-05-15,49086932000.0,33325482000.0,30111283000.0,31718134000.0,5659880000.0,26059487000.0,8.41,141606845000.0,25207062000.0,240968098000.0,47930660000.0,193037438000.0,86281008000.0,0.0,13800000000.0,3996400000.0,0.1784430319892084,24738134364.394894,215761036000.0,0.1146552446308929,0.1349970620724877,0.1081449669740099,0.2482972240856201,0.6789074126694249,0.6134276837672398,0.5308844113541258,5.829068133568171,,,100.0,100.0,True,82.47841643769583,82.47841643769583,86.85881232827187,2.0,True,True,True,True,True,True,True,True,True,True,True,True,True,True,True,True,True,15,True,0.1952759273038569,0.4835180032408559,1.0,39706171973.0,0.0018535681186283596,2.0,0.0,,,,,,-0.07548392560269929,-0.18052276939604456,0.1873233762513916,-1.4534324348307062,0.18432835820895524,-1.4534324348307062,0.24362386730202715,-2.0,1.0,0.9850746268656716,0.15671641791044777,0.8735074626865671,0.8268656716417911,南亞科
151.0,153.5,150.5,150.5,1743089.0,0.07117437722419928,151.5,0.08273381294964022,135.775,0.07307712435025437,143.81352996826172,0.058477441067323666,140.5467648824056,0.023365366497079286,64.16666666666666,2648651.1,0.6581044215298874,0.10845148223163315,2421.TW,2026-08-12,-0.004325899027792013,0.12996776232477103,neutral,0.10194624652455977,0.3423005565862709,2026-03-31,2026-05-15,5019470000.0,1589335000.0,788361000.0,804772000.0,155735000.0,649037000.0,2.36,14963066000.0,7265103000.0,19420226000.0,8096459000.0,11323767000.0,6013084000.0,462398000.0,0.0,,0.1935144363869518,635801765.4155462,12155123000.0,0.0523073082366625,0.0573163506455051,0.0334206718294627,0.7149969617001127,0.3166340270984785,0.157060606000235,0.1293038906498096,0.2059937007805909,,,81.54483186948244,81.54483186948244,False,68.90320369039068,68.90320369039068,72.06361073516362,79.0,True,False,True,True,True,False,True,True,True,False,True,True,False,True,True,False,False,10,False,0.04649402621028709,0.07081795960171822,1.0,398621990.55,0.19647822057460612,2.0,2.0,,,,,,-0.014162471449526355,-0.08639370710286225,0.21298275930749097,-1.5992867406457199,0.28992537313432837,-1.5992867406457199,0.29052452845138427,-79.0,0.8955223880597015,0.7313432835820896,0.20149253731343283,0.7914179104477612,0.7074626865671642,建準
19.5,19.649999618530277,19.5,19.600000381469727,1455196.0,0.034300770045428086,19.429999923706056,0.01554410136105644,19.280000209808353,0.07397262364217672,19.27500009536743,-0.06666664850144155,19.408333381017048,0.0026001039757920304,55.81395967771978,1339479.3,1.086389315609431,0.01659751909642515,2442.TW,2026-08-12,-0.004325899027792013,0.12996776232477103,neutral,0.25857275254865614,0.3385899814471243,2026-03-31,2026-05-15,3189806000.0,920101000.0,721594000.0,757715000.0,168597000.0,363574000.0,1.14,21904867000.0,14179726000.0,24109252000.0,15483592000.0,8625660000.0,4783089000.0,9054196000.0,,1260461000.0,0.2225071431870822,561034180.5190606,9929526000.0,0.0565016074804638,0.042150281833506,0.0150802687698481,1.795061711219779,0.2884504574886372,0.2262187731793093,0.1139799724497351,6.055204248420224,,,71.63224953440525,71.63224953440525,False,65.1188384173871,65.1188384173871,66.74719119664164,151.0,True,False,True,True,True,True,True,True,True,False,True,True,True,True,True,False,False,12,False,0.016861233955604682,0.009875500213745614,1.0,26253794.790970802,0.5245597775718258,0.0,3.0,,,,,,0.03566070064998123,-0.017864826674254455,0.2032546475092498,-1.024262315221802,0.5014925373134329,-1.024262315221802,0.4683122679831936,-151.0,0.7910447761194029,0.5522388059701493,0.44776119402985076,0.7395522388059701,0.6507462686567165,新美齊
65.9000015258789,66.30000305175781,65.5,66.19999694824219,98484.0,0.029548892788620718,65.57999877929687,0.02795023881544423,65.08999977111816,0.06682884528634259,64.37000020345052,0.07989869049480691,63.27020517985026,0.005872346482649454,55.5555420998072,152844.5,0.6443411441039749,0.0170532674915842,2459.TW,2026-08-12,-0.004325899027792013,0.12996776232477103,neutral,0.2159406858202039,0.3580705009276438,2026-03-31,2026-05-15,1246416000.0,380276000.0,186277000.0,194518000.0,45242000.0,148975000.0,1.41,6078446000.0,3159848000.0,9214633000.0,3255851000.0,5958782000.0,822536000.0,1819298000.0,61941000.0,,0.2325851592140573,142951734.29708305,6054785000.0,0.0236097126978221,0.0250009146164434,0.0161672201160914,0.546395387513757,0.3050955700183566,0.1494501033362858,0.1195226954724586,0.0636655026574228,,,58.06746252476306,58.06746252476306,False,64.94172485962058,64.94172485962058,63.2231592759062,283.0,True,False,True,True,True,True,True,True,True,False,True,True,False,True,False,False,False,11,False,0.028429341914054884,0.04630602603648559,1.0,10118305.433555603,0.6524559777571826,1.0,3.0,,,,,,0.07090015572177769,0.04963210494923488,0.2331989104886097,-1.313694318182912,0.719776119402985,-1.313694318182912,0.6459678582891991,-283.0,0.6492537313432836,0.3805970149253731,0.6940298507462687,0.6559701492537313,0.5776119402985075,敦吉
18.200000762939453,18.899999618530277,17.850000381469727,18.0,3121519.0,0.06508878143781804,17.35,0.06508878143781804,16.419999885559083,0.11801239587031787,17.187499888737996,0.08761334318931291,17.003749942779542,0.00520355304199399,71.590906627907,822933.65,3.793159995341058,0.09622412457082175,2461.TW,2026-08-12,-0.004325899027792013,0.12996776232477103,neutral,0.1334569045412419,0.2532467532467532,2026-03-31,2026-05-15,1366993000.0,363766000.0,98193000.0,54528000.0,12381000.0,50019000.0,0.3,4713779000.0,2915219000.0,8380552000.0,4207146000.0,4173406000.0,1186217000.0,874467000.0,975276000.0,,0.2270576584507042,75897527.34375,5465333000.0,0.0138870819662315,0.0119851746990347,0.0059684612660359,1.0080845237678768,0.2661067028141329,0.0718313846522988,0.0365905311877968,0.0206116832638239,,,35.682269128941115,35.682269128941115,False,62.68380108016239,62.68380108016239,55.93341809235707,593.0,True,False,True,True,True,False,True,True,True,False,True,True,False,True,False,False,False,10,False,0.047272734052169474,0.0585900204703671,1.0,14812805.700000001,0.6005560704355886,0.0,3.0,,,,,,0.07080083491739692,0.02303747840120648,0.23896964146736446,-1.1366683033807148,0.7212686567164178,-1.1366683033807148,0.7163362936778098,-593.0,0.3582089552238806,0.11940298507462686,0.7985074626865671,0.42425373134328354,0.37462686567164183,光群雷
87.5,95.5,87.19999694824219,95.5,8860880.0,0.11305357346421974,89.31999969482422,0.14645854143200698,80.4,0.26322753872397153,80.42166684468587,0.8087121473473078,71.68291686375936,0.00846659912575137,61.07266641516945,2358448.8,3.7570796533721658,0.18781094527363185,2465.TW,2026-08-12,-0.004325899027792013,0.12996776232477103,neutral,0.04170528266913809,0.10111317254174397,2026-03-31,2026-05-15,1569188000.0,167121000.0,92107000.0,130068000.0,22277000.0,107791000.0,1.15,1574817000.0,638916000.0,1902288000.0,697716000.0,1204572000.0,319532000.0,112731000.0,0.0,,0.1712719500568933,76331654.49610972,1263372000.0,0.0604189854580517,0.0894848958800304,0.0566638700344006,0.5792231597613094,0.1065015791606869,0.0586972370423429,0.0686922153368493,0.9128577645528606,,,73.28778007996519,73.28778007996519,True,81.14027174508287,81.14027174508287,79.17714882880344,133.0,True,True,True,True,True,False,True,True,True,True,False,True,False,False,True,True,False,10,False,0.187490930577628,0.3322560545563096,1.0,225231860.39999998,0.2557924003707136,1.0,3.0,,,,,,-0.03626920190730707,-0.1799986856156557,0.19041078817788526,-2.2484439618546173,0.11529850746268656,-2.2484439618546173,0.13455078262450418,-133.0,0.8208955223880597,0.8731343283582089,0.05970149253731343,0.7067164179104477,0.6843283582089552,麗臺
206.0,209.0,204.5,205.0,3641760.0,0.12947658402203865,197.4,0.0732984293193717,188.9,0.11413043478260865,198.94036661783855,0.04859335038363177,197.67851664225262,0.006125166444740376,64.13043478260869,3583392.9,1.0162882222599705,0.0852302805717311,2474.TW,2026-08-12,-0.004325899027792013,0.12996776232477103,neutral,0.11862835959221502,0.2606679035250464,2026-03-31,2026-05-15,3773945000.0,1086984000.0,243428000.0,1851491000.0,315957000.0,1484484000.0,2.63,111490974000.0,75734641000.0,225538335000.0,82981411000.0,142556924000.0,16182860000.0,66414098000.0,,,0.1706500328654041,201887003.7996404,149803694000.0,0.0013476770726337,0.0104132718239627,0.0065819586723472,0.5820931644119931,0.2880232753789469,0.0645022648713746,0.3933507245071139,-0.1324838723321306,,,29.474595147303784,29.474595147303784,False,68.68444932101953,68.68444932101953,58.881985777590586,691.0,True,False,True,True,True,False,True,True,True,False,False,True,True,True,False,False,False,10,False,0.030459546673109017,0.03703732445037211,1.0,734595544.5,0.14272474513438368,2.0,3.0,,,,,,0.004637608136352928,-0.06322693884125602,0.14356293217997287,-1.608411010684322,0.25410447761194027,-1.608411010684322,0.30429035011406047,-691.0,0.26865671641791045,0.1865671641791045,0.22388059701492538,0.2619402985074627,0.23507462686567165,可成
22.0,22.399999618530277,21.799999237060547,21.799999237060547,254940.0,0.011600928484956086,21.970000076293946,0.018691571292548392,21.52750005722046,0.060827252866545445,21.689999930063887,-0.022358894840445176,21.943309513727822,0.008313820010325981,58.20893822813696,154011.2,1.655334157515817,0.012658189716213242,2477.TW,2026-08-12,-0.004325899027792013,0.12996776232477103,neutral,0.24467099165894346,0.3747680890538033,2026-03-31,2026-05-15,506123000.0,134705000.0,7862000.0,32092000.0,13938000.0,17501000.0,0.11,5644395000.0,2493981000.0,8543804000.0,4123384000.0,4420420000.0,2586925000.0,1388416000.0,683016000.0,,0.4,4717200.0,6049823000.0,0.0007797252911366,0.0039591260558951,0.0020483850050867,0.9328036702394796,0.2661507183036534,0.0155337734108112,0.0345785510636742,-0.0327116289114535,,,22.08324634514487,22.08324634514487,False,60.78321944109142,60.78321944109142,51.108226167104775,826.0,True,False,True,True,True,False,True,True,True,False,True,True,True,True,False,False,False,11,False,0.005071429568987318,-0.006530932655241406,0.0,3357444.0424987795,0.798887859128823,0.0,3.0,,,,,,0.039064057066484574,-0.001493828876361854,0.16853210082401768,-1.6614528089421186,0.42388059701492536,-1.6614528089421186,0.4862751484257365,-826.0,0.1417910447761194,0.029850746268656716,0.4701492537313433,0.191044776119403,0.17388059701492536,美隆電
14.100000381469728,14.149999618530272,13.899999618530272,13.949999809265137,281229.0,0.0,14.010000228881836,0.00722017509322237,13.974999952316285,0.12048192955663484,13.52333335876465,-0.051020408825263264,13.632500012715658,0.002510766582920515,48.27585526510505,129819.1,2.1663145099603986,-0.001788919007974954,2516.TW,2026-08-12,-0.004325899027792013,0.12996776232477103,neutral,0.29564411492122333,0.24907235621521337,2026-03-31,2026-05-15,1624343000.0,91613000.0,49137000.0,56516000.0,0.0,56516000.0,0.25,5501612000.0,4873771000.0,7116682000.0,5000833000.0,2115849000.0,1859804000.0,596780000.0,,,0.0,49137000.0,2242911000.0,0.0219076904968587,0.0267107907983981,0.0079413412036676,2.363511290266933,0.0564000337367169,0.0302503843092253,0.0347931440588594,-0.2679604746075582,,,20.556737993044667,20.556737993044667,False,60.184580063979645,60.184580063979645,50.2776195462459,850.0,True,False,True,True,False,True,True,False,True,False,True,True,True,True,False,False,False,10,False,0.031550390660447514,0.02328991720178486,1.0,1810976.4202389717,0.8674698795180723,0.0,3.0,,,,,,0.16381095643392926,0.09086209922561546,0.26433236428247003,-0.7063590964186761,0.8940298507462687,-0.7063590964186761,0.8327141897193069,-850.0,0.12686567164179105,0.007462686567164179,0.9253731343283582,0.24664179104477613,0.25074626865671645,新建
88.80000305175781,89.4000015258789,88.4000015258789,88.80000305175781,205554.0,0.0102389250313486,90.18000030517578,0.007945568555739912,88.25500106811523,0.2164383979692852,87.55500043233236,0.3590333754538306,78.82256698608398,0.005010535193310971,50.84746639401993,372205.95,0.55225876964084,0.006175309920646299,2535.TW,2026-08-12,-0.004325899027792013,0.12996776232477103,neutral,0.29008341056533826,0.14285714285714285,2026-03-31,2026-05-15,7158996000.0,1023899000.0,759460000.0,917121000.0,168741000.0,748785000.0,2.88,29176307000.0,17358125000.0,31406521000.0,21164629000.0,10241892000.0,7958413000.0,1895000000.0,3752518000.0,0.0,0.1839898988246916,619727031.4385997,14048396000.0,0.0441137216973809,0.0731100269364293,0.023841704721131,2.0664764869615886,0.1430227087708946,0.10608470796743,0.1045935770881838,0.5557714720596632,,,66.50740970485359,66.50740970485359,False,63.24067827166514,63.24067827166514,64.05736112996226,196.0,True,False,True,True,True,True,True,True,True,True,True,True,False,True,True,False,False,12,False,0.014219663220579326,0.12658095831153693,1.0,33051889.495882418,0.48748841519925856,1.0,3.0,,,,,,0.08570904553577212,0.03367939427247451,0.31676402429203593,-0.25209729956205706,0.8936567164179106,-0.25209729956205706,0.8983344065960519,-196.0,0.753731343283582,0.43283582089552236,0.9626865671641791,0.7850746268656716,0.6992537313432836,達欣工
41.79999923706055,42.650001525878906,41.54999923706055,42.150001525878906,1228312.0,-0.027681591475915535,42.58999938964844,0.051122272562698745,41.712500381469724,0.10484927496756757,39.423333485921226,-0.11635218340232445,42.5637500445048,0.015520389387204797,58.88325010708264,1352157.5,0.908408968629764,0.010488490030761577,2539.TW,2026-08-12,-0.004325899027792013,0.12996776232477103,neutral,0.15477293790546803,0.2764378478664193,2026-03-31,2026-05-15,2476909000.0,1123612000.0,1002985000.0,1009807000.0,195023000.0,814784000.0,0.68,31998835000.0,10750825000.0,32104295000.0,13379256000.0,18725039000.0,5711725000.0,397000000.0,2628180000.0,,0.1931289840533884,809279525.9292122,21353470000.0,0.0378992044819512,0.0435130735909281,0.0253792833637991,0.7145115158371633,0.4536347520235907,0.4049341336318774,0.3289519316212262,-0.5500200926952697,,,74.05495514883755,74.05495514883755,False,71.96796217660855,71.96796217660855,72.4897104196658,129.0,True,False,True,True,True,True,True,True,True,False,True,True,True,True,True,False,False,12,False,0.06916381236334113,-0.009720678234255153,0.0,56993440.68822861,0.40963855421686746,1.0,3.0,,,,,,0.02242954980954005,-0.03617358351514814,0.17093778216850247,-1.8205596929764642,0.30410447761194037,-1.8205596929764642,0.3063356503771465,-129.0,0.8283582089552238,0.753731343283582,0.23134328358208955,0.7388059701492538,0.6865671641791045,櫻花建
217.0,217.0,213.0,214.5,9528813.0,0.04634146341463419,211.6,0.07518796992481214,204.95,0.1740223149452773,200.38945693969725,0.24012010685300167,195.00977198282877,0.019905449116695697,64.47368421052632,8925543.7,1.0675890814360138,0.04659673090997818,2603.TW,2026-08-12,-0.004325899027792013,0.12996776232477103,neutral,0.11492122335495829,0.18181818181818182,2026-03-31,2026-05-15,86511471000.0,13386693000.0,8948352000.0,10639378000.0,1948722000.0,8303529000.0,3.84,244500947000.0,151671937000.0,935103407000.0,330097608000.0,605005799000.0,183466379000.0,21757000.0,72484631000.0,,0.1831612712698054,7309360471.910295,783431470000.0,0.0093299296132567,0.0137247097692695,0.0088797976115169,0.5456106512460056,0.1547389362966675,0.1034354392147603,0.0959818265025224,-0.2133215452088127,,,31.8537233857576,31.8537233857576,False,77.59356288555465,77.59356288555465,66.15860301060538,651.0,True,True,True,True,True,True,True,True,True,True,True,True,True,True,False,False,False,14,False,0.0704155960887154,0.09994487875657532,1.0,1914529123.6499999,0.0778498609823911,2.0,3.0,,,,,,0.06258824327283358,-0.023991894818249468,0.21987160610399695,-1.6247911645791897,0.5291044776119402,-1.6247911645791897,0.6076387399512699,-651.0,0.3208955223880597,0.5298507462686567,0.6417910447761194,0.3690298507462686,0.4477611940298507,長榮
32.79999923706055,33.099998474121094,32.29999923706055,32.54999923706055,3717933.0,0.01718747615814209,32.58999938964844,0.02843600724732198,31.58499994277954,0.111428974099268,30.722368907928466,0.17339007220936442,32.70964159965516,0.015513215587959837,50.39999414062143,5454012.15,0.6816877003106786,0.030552455153687985,2605.TW,2026-08-12,-0.004325899027792013,0.12996776232477103,neutral,0.21316033364226136,0.2662337662337662,2026-03-31,2026-05-15,1366845000.0,582927000.0,482738000.0,537338000.0,149979000.0,387359000.0,0.66,9807913000.0,5258125000.0,22934806000.0,5269539000.0,17665267000.0,4877423000.0,4114000000.0,,,0.2791148215834353,347998669.2584556,17676681000.0,0.0196868783941089,0.0219277183865944,0.0168895695040978,0.2982994256469489,0.4264763012631278,0.3531768415584795,0.2833964348554518,0.4444113329930603,,,75.1720503143159,75.1720503143159,False,64.495383764362,64.495383764362,67.16455040185048,118.0,True,False,True,True,True,True,True,True,True,False,True,True,False,True,True,False,False,11,False,0.0594885874396367,-0.004880590394371498,0.0,177528091.32141897,0.27710843373493976,1.0,3.0,,,,,,0.011025311991448506,-0.06351630294092381,0.14091431726622183,-1.9230059515246094,0.20671641791044776,-1.9230059515246094,0.2129714199089761,-118.0,0.8432835820895522,0.5671641791044776,0.13432835820895522,0.7369402985074626,0.6186567164179104,新興
67.9000015258789,68.4000015258789,66.80000305175781,67.4000015258789,3842061.0,0.04496126396711486,66.5000015258789,0.04984431043223503,63.660000038146975,0.10756597344851482,63.76194388071695,0.14731549304938807,61.61246426900228,0.012485099284224222,65.9091020747051,3798204.9,1.011546533469008,0.05874963062348115,2606.TW,2026-08-12,-0.004325899027792013,0.12996776232477103,neutral,0.15940685820203893,0.2727272727272727,2026-03-31,2026-05-15,3891765000.0,1243986000.0,987897000.0,987799000.0,68000.0,987731000.0,1.17,29154469000.0,15158773000.0,89632874000.0,49048791000.0,40584083000.0,18437340000.0,5972000000.0,33795287000.0,,6.883991581283237e-05,987828993.2536882,74474101000.0,0.0132640606598754,0.0243378912860985,0.0110197403689186,1.2085721143434485,0.3196457134487822,0.2538429221702749,0.2538002680017935,0.1329549990000165,,,55.37983321173965,55.37983321173965,False,62.93707823917207,62.93707823917207,61.04776698231396,303.0,True,False,True,True,True,False,True,True,True,False,True,True,True,True,False,False,False,11,False,0.057056881013036076,0.09393451999595448,1.0,255999016.05560073,0.24096385542168675,1.0,3.0,,,,,,0.02029645495394756,-0.03470108099289119,0.17657077163615417,-1.6627416092140155,0.3335820895522388,-1.6627416092140155,0.298025688091799,-303.0,0.6268656716417911,0.27611940298507465,0.208955223880597,0.564179104477612,0.4380597014925373,裕民
87.69999694824219,87.69999694824219,86.0,87.0999984741211,7107904.0,0.0199062870944684,86.18000030517578,0.06609549238171786,84.63499946594239,0.08333329379459786,82.00131632486979,0.18021673268814986,79.57399152119955,0.01792050231394466,58.666665988497925,10646884.05,0.6676041522214191,0.0291250549268407,2615.TW,2026-08-12,-0.004325899027792013,0.12996776232477103,neutral,0.13160333642261354,0.3181818181818182,2026-03-31,2026-05-15,33640864000.0,7656632000.0,5825197000.0,9789626000.0,2113020000.0,7671518000.0,2.73,141008376000.0,35567443000.0,420232464000.0,133190864000.0,287041600000.0,99479800000.0,1000000000.0,42718782000.0,0.0,0.2158427707044171,4567870339.620942,384665021000.0,0.0118749303686256,0.0267261539790748,0.0182554149362434,0.4640124079575922,0.2275991484642011,0.1731583647792161,0.2280416460171772,-0.0929984351119866,,,48.73816272918027,48.73816272918027,False,72.93184901723278,72.93184901723278,66.88342744521965,388.0,True,False,True,True,True,True,True,True,True,False,True,True,False,True,False,False,False,11,False,0.062178052472371625,0.0945787286655908,1.0,927343584.5091443,0.12326227988878591,1.0,3.0,,,,,,0.0560081445018883,0.009229968612248556,0.2613130949082813,-1.2605424289935965,0.6772388059701493,-1.2605424289935965,0.6860175892288314,-388.0,0.5447761194029851,0.5597014925373134,0.7761194029850746,0.5794776119402986,0.5955223880597015,萬海
41.900001525878906,42.59999847412109,41.45000076293945,42.150001525878906,22144535.0,-0.03767118127676872,42.84000091552734,0.0,42.347500228881835,0.22351235391619917,40.34245300292969,0.08634026687347318,37.66414311726888,0.013522415960516215,56.132090749501785,41224656.8,0.5371672372539922,-0.004663762959690176,2618.TW,2026-08-12,-0.004325899027792013,0.12996776232477103,neutral,0.3387395736793327,0.1345083487940631,2026-03-31,2026-05-15,60515845000.0,15865568000.0,11279920000.0,11043489000.0,2178622000.0,8268012000.0,1.53,119872996000.0,106923312000.0,391276107000.0,247236537000.0,144039570000.0,95057424000.0,110000000.0,46720454000.0,,0.1972766034357439,9054655695.373083,284352795000.0,0.0318430339162767,0.057400976689947,0.0211308890373927,1.7164487300260616,0.2621721302908354,0.1863961413742136,0.1366255730214128,0.1014063587979636,,,65.4946890287355,65.4946890287355,False,66.06631601365932,66.06631601365932,65.92340926742835,205.0,True,False,True,True,False,True,True,True,True,True,True,True,False,True,True,False,False,11,False,0.04480512186053609,0.11910156550337869,1.0,1737619347.023834,0.08063021316033364,1.0,3.0,,,,,,0.06158005976572904,-0.005816659855617875,0.27195737968717004,-0.7191740236887998,0.7223880597014924,-0.7191740236887998,0.6740492095971754,-205.0,0.746268656716418,0.5074626865671642,0.7611940298507462,0.7485074626865672,0.6776119402985075,長榮航
87.30000305175781,88.80000305175781,86.80000305175781,88.0,1484212.0,0.030444946459786904,87.36000061035156,0.048867680566804905,83.0450008392334,0.2991430118357785,78.26706809997559,0.31399049247234334,73.33527599970499,0.01120243613695178,67.00507103083592,2412717.65,0.6151619108850138,0.0596664351940821,2637.TW,2026-08-12,-0.004325899027792013,0.12996776232477103,neutral,0.16126042632066728,0.08719851576994433,2026-03-31,2026-05-15,4338022000.0,1244039000.0,1197473000.0,1201283000.0,6082000.0,1195201000.0,1.6,8930959000.0,8128467000.0,84286573000.0,33874386000.0,50412187000.0,5975075000.0,2132536000.0,18694305000.0,992902000.0,0.0050629202277897,1191410289.726068,76158106000.0,0.0156439065032167,0.0237085726909645,0.0141802063775923,0.6719483524886551,0.2867756318432686,0.276041246448266,0.2755175054437253,0.2360516073148353,,,62.80204855376821,62.80204855376821,False,76.28212610359832,76.28212610359832,72.91210671614078,238.0,True,True,True,True,True,True,True,True,True,True,True,True,False,True,True,False,False,13,False,0.1243553915625395,0.19996821175601776,1.0,212319153.2,0.26135310472659873,1.0,3.0,,,,,,0.030987686588777673,-0.04210137391680672,0.22006332950812427,-1.7275398226565837,0.3940298507462686,-1.7275398226565837,0.35363311466859254,-238.0,0.6940298507462687,0.7611940298507462,0.27611940298507465,0.6313432835820896,0.630597014925373,慧洋-KY
46.54999923706055,46.75,45.34999847412109,45.34999847412109,125113.0,-0.010905125771862645,45.83999938964843,0.003416513107296515,46.09964122772217,0.08233882631510991,44.56968720753988,0.06330590507960232,43.565676848093666,0.003877895794190097,47.305385391677895,120464.05,1.0385920114756229,-0.016261357651310315,2704.TW,2026-08-12,-0.004325899027792013,0.12996776232477103,neutral,0.3206672845227062,0.32189239332096475,2026-03-31,2026-05-15,378532000.0,113136000.0,11772000.0,102498000.0,43662000.0,58697000.0,0.16,22038050000.0,4179836000.0,34495152000.0,8091080000.0,26404072000.0,3958344000.0,340000000.0,400000000.0,,0.4,7063200.0,30315316000.0,0.0002329911388685,0.0022230283268429,0.0017016014308329,0.3064330380556453,0.2988809400526243,0.0310990880559635,0.1550648293935519,0.0078893625405718,,,28.393804821713665,28.393804821713665,False,57.65427172692488,57.65427172692488,50.33915500062208,711.0,True,False,True,True,False,True,True,False,True,False,True,True,True,True,False,False,False,10,False,0.017507667553233297,0.040957050483779955,1.0,5463044.483686446,0.7358665430954587,1.0,3.0,,,,,,0.03946140253084658,0.0025777999929630538,0.16798936749273297,-1.5457980886658083,0.45485074626865674,-1.5457980886658083,0.4242870277157711,-711.0,0.23134328358208955,0.014925373134328358,0.39552238805970147,0.25597014925373135,0.19925373134328359,國賓
9.449999809265137,9.539999961853027,9.34000015258789,9.43000030517578,12481540.0,-0.03480042340404532,9.638000106811523,0.06553671171816733,9.471000003814698,0.21677423292590703,8.670333282152813,0.184673399495487,8.246583318710327,0.02135231862056481,59.68992993075876,20967656.15,0.5952758816106397,-0.004328972507908868,2867.TW,2026-08-12,-0.004325899027792013,0.12996776232477103,neutral,0.13253012048192772,0.14100185528756956,2026-03-31,2026-05-15,,,-260328000.0,-260476000.0,-99972000.0,,,,,1583200325000.0,1505084533000.0,78115792000.0,70736282000.0,,,,0.3838050338610851,-160412803.14501145,1583200325000.0,-0.0001013218609243,,,19.267352918856663,,,,,,,0.0,0.0,False,76.04341659308488,76.04341659308488,57.032562444813664,1078.0,True,True,True,True,False,True,True,True,True,True,True,True,False,True,False,False,False,12,False,0.08761681913504771,0.14350391437632704,1.0,197725003.8933208,0.2715477293790547,0.0,3.0,,,,,,0.08132786789531317,-0.04523016947498804,0.2415161047479759,-0.21537106914343324,0.689179104477612,-0.21537106914343324,0.6580441441983631,-1078.0,0.007462686567164179,0.16417910447761194,0.7089552238805971,0.1126865671641791,0.1947761194029851,三商壽
43.900001525878906,43.95000076293945,42.84999847412109,43.20000076293945,30239110.0,-0.013698595538180203,43.86000061035156,0.1119691752810752,42.19000053405762,0.34161489873815265,37.96583340962728,0.27245949314079243,36.07666672070821,0.029903585424308595,64.44444193271104,28758263.5,1.0514929039439393,0.023939327236237373,2880.TW,2026-08-12,-0.004325899027792013,0.12996776232477103,neutral,0.06765523632993513,0.07050092764378478,2026-03-31,2026-05-15,18727437000.0,,,9327986000.0,1664716000.0,7663213000.0,,,,4445991154000.0,4202483247000.0,243507907000.0,45717871000.0,,,,0.1784646760833474,,4445991154000.0,,0.0314700787108321,0.0017236230875325,17.25809768879497,,,0.4091971047613189,0.1221769088861191,,,25.15680897546131,25.15680897546131,False,79.80471348521434,79.80471348521434,66.14273735777608,765.0,True,True,True,True,True,True,True,True,True,True,True,True,True,True,False,False,False,14,False,0.13786520361185883,0.19744989461962703,1.0,1242357005.1408138,0.1010194624652456,1.0,3.0,,,,,,-0.07912394258325102,-0.1721395535249036,0.16987440802037174,-1.899468207589567,0.10223880597014925,-1.899468207589567,0.09883451128323308,-765.0,0.1791044776119403,0.5149253731343284,0.03731343283582089,0.15783582089552237,0.25149253731343285,華南金
100.0,101.0,98.5,99.6999969482422,17431749.0,-0.007960229370724381,99.43999938964843,0.0320910820195468,97.73000030517578,0.3272585061174007,95.49942410786947,0.33757407366654624,83.77879180908204,0.007837473897333122,54.76189034506651,21317983.7,0.8177015821622943,0.02015754258584712,2882.TW,2026-08-12,-0.004325899027792013,0.12996776232477103,neutral,0.20389249304911955,0.075139146567718,2026-03-31,2026-05-15,72538053000.0,,,38391738000.0,6735806000.0,31593811000.0,,,,14450034484000.0,13633007653000.0,817026831000.0,293505959000.0,,,,0.1754493636104726,,14450034484000.0,,0.0386692453677815,0.0021864176888285,16.686119887046893,,,0.4355480977687669,-0.3173702053156907,,,13.906153918122188,13.906153918122188,False,71.75330880989462,71.75330880989462,57.29152008695151,984.0,True,False,True,True,True,True,True,True,True,True,True,True,True,True,False,False,False,13,False,0.04398532116411569,0.19003860995563104,1.0,2125402909.832677,0.07136237256719184,1.0,3.0,,,,,,0.007710494045250712,-0.1220260077625616,0.2720720031818041,-0.9208586461605739,0.4667910447761194,-0.9208586461605739,0.42468325710158883,-984.0,0.05970149253731343,0.17164179104477612,0.40298507462686567,0.11119402985074626,0.16194029850746267,國泰金
31.0,31.399999618530277,30.549999237060547,31.200000762939453,29104162.0,-0.012658215623466695,30.95,0.034825909044583936,30.41500005722046,0.4914090142895595,27.942893505096436,0.712944523977296,24.0041806379954,0.00862212350098565,52.44755393992682,46326864.95,0.6282350863027695,0.025809656559005578,2883.TW,2026-08-12,-0.004325899027792013,0.12996776232477103,neutral,0.1936978683966636,0.03525046382189239,2026-03-31,2026-05-15,23565513000.0,,,13099615000.0,1407592000.0,11689699000.0,,,,4235032868000.0,3864021319000.0,371011549000.0,75116245000.0,,,,0.1074529289601259,,4235032868000.0,,0.0315076418281523,0.0027602380818169,10.414827596108069,,,0.4960511150340754,-0.1317078255463794,,,12.146336472811727,12.146336472811727,False,70.95588922127749,70.95588922127749,56.25350103416105,1012.0,True,False,True,True,True,True,True,True,True,True,True,True,False,True,False,False,False,12,False,0.11656299149008897,0.29977361999826124,1.0,1445398221.784593,0.09267840593141798,1.0,3.0,,,,,,-0.012505218918073843,-0.1572245288132605,0.2287321276780586,-1.1756825361812984,0.3365671641791045,-1.1756825361812984,0.27655707897462833,-1012.0,0.022388059701492536,0.13432835820895522,0.1865671641791045,0.04701492537313433,0.08880597014925373,凱基金
37.20000076293945,37.25,36.29999923706055,36.75,28077309.0,-0.03543303223589511,37.51000061035156,0.06676340162914696,36.90250034332276,0.19708540563699728,34.06429595947266,0.1366982956590852,32.7177064259847,0.02004008534799235,59.482740477073705,43647002.95,0.6432814878988157,-0.00413252061253222,2884.TW,2026-08-12,-0.004325899027792013,0.12996776232477103,neutral,0.13067655236329936,0.15955473098330242,2026-03-31,2026-05-15,25169421000.0,,,12706707000.0,2639201000.0,10056957000.0,,,,4679436007000.0,4394289185000.0,285146822000.0,45485669000.0,,,,0.2077014131198586,,4679436007000.0,,0.0352693988642805,0.0021491814365995,15.410619533399537,,,0.3995704549580223,0.174006725249566,,,29.938092003685178,29.938092003685178,False,75.40499124015591,75.40499124015591,64.03826643103822,685.0,True,True,True,True,False,True,True,True,True,True,True,True,False,True,False,False,False,12,False,0.07884220016531684,0.12324499527915611,1.0,1604027358.4125001,0.0871177015755329,1.0,3.0,,,,,,-0.06333923400393993,-0.16089280383565785,0.13819450692592383,-1.7902088145845645,0.09776119402985076,-1.7902088145845645,0.07526223355363944,-685.0,0.27611940298507465,0.4253731343283582,0.022388059701492536,0.23805970149253733,0.27014925373134324,玉山金
49.400001525878906,49.45000076293945,48.54999923706055,48.70000076293945,31465643.0,-0.04882812427240424,50.060000610351565,0.05869566875955323,49.64750022888183,0.19803195411778018,45.74916693369547,0.22361813307753775,42.62041670481364,0.017314688256788852,52.34042304519428,34212241.9,0.9197188273125124,-0.019084535204678454,2886.TW,2026-08-12,-0.004325899027792013,0.12996776232477103,neutral,0.13994439295644115,0.15769944341372913,2026-03-31,2026-05-15,20768442000.0,,,11219594000.0,1822242000.0,9397352000.0,,,,5003279677000.0,4601326283000.0,401953394000.0,108936088000.0,,,,0.1624160375143699,,5003279677000.0,,0.0233792079884763,0.0018782383969458,11.447412440557724,,,0.4524822805677961,0.1010590363542149,,,21.43739093265881,21.43739093265881,False,67.23742995395719,67.23742995395719,55.787420198632596,834.0,True,False,True,True,False,True,True,True,True,True,True,True,True,True,False,False,False,12,False,0.06450027458468566,0.14264487605160303,1.0,1666136206.631869,0.08341056533827618,1.0,3.0,,,,,,-0.07606014941407782,-0.17175699405206873,0.15909306048371522,-1.7918296374940466,0.10261194029850745,-1.7918296374940466,0.07608691421922645,-834.0,0.13432835820895522,0.11194029850746269,0.029850746268656716,0.11865671641791045,0.10671641791044777,兆豐金
35.650001525878906,36.0,35.099998474121094,35.650001525878906,35215084.0,-0.0014005388233059302,35.35000076293945,0.025497096096082528,34.730112648010255,0.5105932605776826,31.663701883951823,0.49789927179350246,27.939350922902427,0.001774142144252876,55.25114266603495,61696039.95,0.5707835385956567,0.026486780713662617,2887.TW,2026-08-12,-0.004325899027792013,0.12996776232477103,neutral,0.21872103799814643,0.030612244897959183,2026-03-31,2026-05-15,47867456000.0,,,25588754000.0,4532177000.0,21040510000.0,,,,9064708955000.0,8465511408000.0,599197547000.0,97795796000.0,,,,0.1771159705548773,,9064708955000.0,,0.035114479532407,0.0023211456765409,14.12808088147931,,,0.439557723727787,0.933005034802805,,,37.907562917661295,37.907562917661295,False,73.492675203784,73.492675203784,64.59639713225332,560.0,True,False,True,True,True,True,True,True,True,True,True,True,False,True,False,False,False,12,False,0.12589493346472747,0.27597815798418956,1.0,2199463918.3581862,0.06672845227062095,1.0,3.0,,,,,,-0.09631794582032434,-0.2279722053436286,0.1209589239030898,-2.104320879094566,0.03059701492537313,-2.104320879094566,0.027506401278067145,-560.0,0.39552238805970147,0.4626865671641791,0.007462686567164179,0.3373134328358209,0.33805970149253733,台新新光金
39.150001525878906,39.900001525878906,39.0,39.84999847412109,19272602.0,0.007585315874783172,39.09000015258789,0.04651088006111692,38.9237922668457,0.32392019830849206,36.736082299550375,0.3283332824707028,34.20762446721395,0.00046382906648510103,60.92714930640641,36562548.3,0.5271132045246419,0.023795374328526187,2890.TW,2026-08-12,-0.004325899027792013,0.12996776232477103,neutral,0.16774791473586653,0.07699443413729128,2026-03-31,2026-05-15,26199317000.0,,,13172491000.0,2157069000.0,10973530000.0,,,,3820349236000.0,3552231164000.0,268118072000.0,41779009000.0,,,,0.163755587306911,,3820349236000.0,,0.0409279759403909,0.0028723892299148,13.24875692825361,,,0.4188479417230609,0.4040584778805451,,,40.18365017296791,40.18365017296791,False,79.94470435009825,79.94470435009825,70.00444080581566,506.0,True,True,True,True,True,True,True,True,True,True,True,True,False,True,False,False,False,13,False,0.08476451433169907,0.16494492367673863,1.0,1457017493.9649785,0.0917516218721038,1.0,3.0,,,,,,-0.0758943227310273,-0.19527802084624096,0.13297989677546984,-1.9703222849262763,0.050746268656716415,-1.9703222849262763,0.063296078239198,-506.0,0.4552238805970149,0.6716417910447762,0.014925373134328358,0.3891791044776119,0.4320895522388059,永豐金
66.30000305175781,67.0,65.5,66.5999984741211,37726084.0,0.009090885971531737,66.01999969482422,0.04881887360820625,64.07500019073487,0.20216600432782217,65.49799035390218,0.28076920142540573,59.363995202382405,0.00023452119402894765,65.97936603694043,39706842.6,0.9501154342601896,0.039406918078344955,2891.TW,2026-08-12,-0.004325899027792013,0.12996776232477103,neutral,0.16218721037998146,0.15306122448979592,2026-03-31,2026-05-15,59859484000.0,,,28299359000.0,4691107000.0,23103564000.0,,,,9627795130000.0,9033405624000.0,594389506000.0,137297531000.0,,,,0.165767252890781,,9627795130000.0,,0.0388694009008967,0.0023996734130756,15.197787869424465,,,0.3859633003184591,-0.0259120213272754,,,18.776914292805223,18.776914292805223,False,64.05913398628391,64.05913398628391,52.73857906291424,883.0,True,False,True,True,True,False,True,True,True,True,True,True,True,True,False,False,False,12,False,0.016825067674053562,0.12189212075551636,1.0,2644475656.5721664,0.05838739573679333,1.0,3.0,,,,,,-0.05813335677416686,-0.17371229916853284,0.1628011469885981,-1.4757007462127598,0.1578358208955224,-1.4757007462127598,0.1852075248360866,-883.0,0.11194029850746269,0.05970149253731343,0.08955223880597014,0.1085820895522388,0.09179104477611941,中信金
53.59999847412109,54.5,53.59999847412109,54.5,3505827.0,0.05212356761981818,52.92000045776367,0.08303413189535713,51.839999961853025,0.21651787786003318,50.02194442749023,0.054158591793826316,48.781388982137045,0.015846438135126536,68.35445421780302,2618260.3,1.3389910086479944,0.051311729168679765,2915.TW,2026-08-12,-0.004325899027792013,0.12996776232477103,neutral,0.1010194624652456,0.14192949907235622,2026-03-31,2026-05-15,418613000.0,187104000.0,-8207000.0,2736586000.0,18591000.0,2708283000.0,2.59,4840429000.0,1001903000.0,130249863000.0,12898049000.0,117351814000.0,3969846000.0,450000000.0,9445000000.0,,0.0067935010995452,-8151245.736476032,129247960000.0,-6.306672644176382e-05,0.0230783224194557,0.0207929815634431,0.1099092426470714,0.4469617522628298,-0.019605220095888,,-0.3549697834454577,,,42.46996725529738,42.46996725529738,False,77.35046535446475,77.35046535446475,68.6303408296729,472.0,True,True,True,True,True,True,True,True,True,True,True,True,True,True,False,False,False,14,False,0.08952182134784814,0.11722936015530472,1.0,142695186.35,0.30583873957367935,1.0,3.0,,,,,,0.07246137773709671,0.012549150740994589,0.21263588103691808,-1.5776784250491205,0.6194029850746268,-1.5776784250491205,0.6617409792435671,-472.0,0.4925373134328358,0.6343283582089553,0.7164179104477612,0.5261194029850745,0.5798507462686567,潤泰全
4390.0,4685.0,4355.0,4585.0,2151345.0,0.002185792349726823,4470.0,0.1349009900990099,4151.0,0.36255572065378905,4145.416666666667,1.0457819886007993,3309.9452270507813,0.02216202905688254,59.447983014862,2127516.15,1.011200314507601,0.10455311973018544,3008.TW,2026-08-12,-0.004325899027792013,0.12996776232477103,neutral,0.051899907321594066,0.06029684601113173,2026-03-31,2026-05-15,15544079000.0,7679569000.0,5812218000.0,7287959000.0,1112047000.0,6123204000.0,46.63,159095122000.0,39536493000.0,226385533000.0,39762818000.0,186622715000.0,119023098000.0,146000.0,,,0.1525868902390916,4925349729.988327,186849040000.0,0.026360048357692,0.0328106040039123,0.0270476824152893,0.213065263786351,0.4940510788706104,0.3739184547376528,0.3939251724080918,0.0661796222311039,,,76.94531754874203,76.94531754874203,False,89.01721424499935,89.01721424499935,85.99924007093502,100.0,True,True,True,True,True,True,True,True,True,True,True,True,True,True,True,False,False,14,False,0.10604080812141925,0.38521929684175316,1.0,9754661547.75,0.021316033364226137,3.0,2.0,,,,,,-0.02725561301492896,-0.12817895213066147,0.22162110837661753,-0.9750854765025866,0.33432835820895523,-0.9750854765025866,0.39738641068849306,-100.0,0.8731343283582089,0.9626865671641791,0.3582089552238806,0.7958955223880596,0.7970149253731343,大立光
130.5,135.5,130.0,132.5,3960897.0,0.11344537815126055,124.2,0.09958506224066399,117.575,0.12247624397963874,123.83791516621908,0.14576412302603226,123.83933124542236,0.013577586206896575,67.12328767123287,1002230.95,3.952080106885544,0.12694025090367855,3010.TW,2026-08-12,-0.004325899027792013,0.12996776232477103,neutral,0.082483781278962,0.24025974025974026,2026-03-31,2026-05-15,21842510000.0,1777714000.0,835852000.0,967830000.0,224352000.0,642021000.0,2.47,38704302000.0,24301868000.0,58301011000.0,32315671000.0,25985340000.0,7164556000.0,7834348000.0,5476101000.0,,0.2318093053532128,642093728.5019063,33999143000.0,0.0188855856896718,0.024707046357677,0.0110121761010285,1.24361162871065,0.0813878075367711,0.0382672137954841,0.0293931878708078,0.1743730071489269,,,36.94259298515282,36.94259298515282,False,69.7153400871011,69.7153400871011,61.522153311614034,576.0,True,False,True,True,True,False,True,True,True,False,False,True,False,True,False,False,False,9,False,0.06994695301640386,0.06993471837645915,1.0,132795600.875,0.3076923076923077,2.0,3.0,,,,,,0.04284711106804848,-0.020670944596923365,0.22907887265442772,-1.7455296785906007,0.4805970149253731,-1.7455296785906007,0.6692337285930376,-576.0,0.373134328358209,0.2835820895522388,0.746268656716418,0.4291044776119403,0.4208955223880597,華立
2765.0,2915.0,2755.0,2910.0,4202087.0,0.06593406593406592,2832.0,0.3441108545034641,2458.5,0.21757322175732208,2482.3333333333335,0.8187500000000001,2337.7083333333335,0.06382518390307226,65.06410256410257,4358029.45,0.9642172106019155,0.1836485661989018,3017.TW,2026-08-12,-0.004325899027792013,0.12996776232477103,neutral,0.009267840593141797,0.14007421150278293,2026-03-31,2026-05-15,49037946000.0,14597401000.0,12019030000.0,11979060000.0,3304089000.0,7915619000.0,20.17,135871669000.0,112699102000.0,175993383000.0,124678400000.0,51314983000.0,67880246000.0,16445795000.0,7190026000.0,,0.2758220594938167,8703916392.282032,63294281000.0,0.1375150527783392,0.1542555124689411,0.0449767989288551,2.4296685433959904,0.2976756204266794,0.2450965217833552,0.161418241294201,1.1016606943545204,,,82.5145908535667,82.5145908535667,False,76.70443997896666,76.70443997896666,78.15697769761667,70.0,True,True,True,True,True,False,True,True,True,True,True,True,True,False,True,False,False,12,False,0.17228414126493874,0.2448088405667943,1.0,12681865699.5,0.016682113067655237,3.0,2.0,,,,,,0.061415388222482256,-0.07436635813202616,0.2839911546341231,-0.5168591239927308,0.6470149253731343,-0.5168591239927308,0.664997412132884,-70.0,0.9029850746268657,0.8656716417910447,0.7313432835820896,0.8772388059701492,0.8574626865671642,奇鋐
13.0,13.0,12.449999809265137,12.449999809265137,91147.0,-0.11387902916363168,13.629999923706055,0.050632861475148117,13.672499990463256,0.3387096294544665,12.05216670036316,0.04621850490469126,11.817916663487752,0.0320815211241722,52.702700264528644,139934.3,0.6513556719117473,-0.08941306871829069,3018.TW,2026-08-12,-0.004325899027792013,0.12996776232477103,neutral,0.1566265060240964,0.07142857142857142,2026-03-31,2026-05-15,81164000.0,-2098000.0,-46204000.0,-50483000.0,209000.0,-50692000.0,-0.67,945217000.0,679342000.0,1197882000.0,686677000.0,511205000.0,41701000.0,76378000.0,0.0,0.0,0.0,-46204000.0,518540000.0,-0.0891040228333397,-0.0991617844113418,-0.042318024646835,1.3432517287585215,-0.0258488985264402,-0.5692671627815288,-0.6245626139667833,-0.5865792596893894,,,8.765863869002532,8.765863869002532,False,69.29626860526132,69.29626860526132,54.16366742119662,1050.0,True,False,True,True,False,True,True,True,True,True,True,True,False,True,False,False,False,11,False,0.03300926039215746,0.05348515849077251,1.0,1742182.0083096502,0.8758109360518999,0.0,3.0,,,,,,0.11100231525673906,-0.016294798272658492,0.3451859902911638,-0.45832898175435743,0.8164179104477612,-0.45832898175435743,0.5956601425910526,-1050.0,0.014925373134328358,0.08955223880597014,0.6044776119402985,0.10335820895522388,0.15522388059701492,隆銘綠能
107.5,107.5,104.0,105.5,3546891.0,0.0809426398502826,106.0,0.20847647550999393,92.68499984741212,0.5583457127872038,85.35833358764648,0.743801652892562,75.24583342870076,0.051088676872820274,62.912624322094956,3955749.0,0.896642077138868,0.13826401438944047,3022.TW,2026-08-12,-0.004325899027792013,0.12996776232477103,neutral,0.026876737720111215,0.02504638218923933,2026-03-31,2026-05-15,1592354000.0,448280000.0,36432000.0,189589000.0,22663000.0,168988000.0,0.96,10450596000.0,3234728000.0,16026933000.0,4335529000.0,11691404000.0,3432970000.0,92494000.0,,,0.1195375259113134,32077008.85599903,12792205000.0,0.0025075433716078,0.0144540381976364,0.0105440011510624,0.3708304836613293,0.281520315206292,0.0228793346203168,0.1061246431383976,-0.1038362140769989,,,30.04604328275842,30.04604328275842,False,91.44240017800462,91.44240017800462,76.09331095419307,681.0,True,True,True,True,True,True,True,True,True,True,True,True,True,True,False,False,False,14,False,0.23596602189605687,0.40207098775730343,1.0,417331519.5,0.1936978683966636,2.0,3.0,,,,,,0.027772210042247097,-0.04940579955010239,0.3035469542626667,-1.7456505206409982,0.4667910447761194,-1.7456505206409982,0.4713862760337764,-681.0,0.291044776119403,0.8208955223880597,0.4552238805970149,0.3156716417910448,0.48283582089552235,威強電
108.5,109.5,107.5,108.5,764409.0,0.014018691588784993,109.0,0.05339805825242716,105.39000015258789,0.13020833333333326,102.92000007629395,0.03458588154808062,102.46590042114258,0.015660386427122967,57.78546877227439,1412676.45,0.5411069180065966,0.029509439632880996,3029.TW,2026-08-12,-0.004325899027792013,0.12996776232477103,neutral,0.15013901760889714,0.2300556586270872,2026-03-31,2026-05-15,6876938000.0,811379000.0,385472000.0,424218000.0,78018000.0,295873000.0,1.77,12286821000.0,7803745000.0,15126326000.0,8760650000.0,6365676000.0,2911146000.0,3716000.0,,,0.1839101593991768,314579783.0360805,7322581000.0,0.0429602326059732,0.0464794312497211,0.0195601364138258,1.3762324692617092,0.1179855045952137,0.0560528537555522,0.0430239446683974,0.0168646985516829,,,48.26050505492552,48.26050505492552,False,73.63185661132307,73.63185661132307,67.28901872222369,394.0,True,False,True,True,True,True,True,True,True,True,True,True,False,True,False,False,False,12,False,0.054216866688395315,0.05888885525874277,1.0,153275394.825,0.2965708989805375,2.0,3.0,,,,,,0.03580512527930071,-0.011120543101077743,0.23276435863642048,-0.3897975744016058,0.5977611940298507,-0.3897975744016058,0.6007830103514684,-394.0,0.5373134328358209,0.582089552238806,0.6194029850746269,0.5496268656716418,0.5671641791044776,零壹
538.0,544.0,532.0,537.0,3046077.0,-0.023636363636363678,540.8,0.13771186440677963,509.975,0.1523605150214593,504.3422821044922,0.44354838709677424,455.4461410522461,0.026003420179056456,61.88811188811189,4339663.85,0.7019154260070167,0.05299279376440014,3034.TW,2026-08-12,-0.004325899027792013,0.12996776232477103,neutral,0.05097312326227989,0.20315398886827457,2026-03-31,2026-05-15,23145303000.0,9039901000.0,4027546000.0,4389348000.0,622236000.0,3767112000.0,6.19,79261926000.0,21790635000.0,103666583000.0,31738768000.0,71927815000.0,48919537000.0,,,,0.1417604619182621,3456599218.642951,81875948000.0,0.0422175169030464,0.0523735080788982,0.036338730292673,0.4412586146263444,0.390571728527382,0.1740113750077067,0.1627592432036858,-0.1465659805926223,,,75.54535048945058,75.54535048945058,False,81.82123174066709,81.82123174066709,80.25226142786296,116.0,True,True,True,True,True,True,True,True,True,True,True,True,False,True,True,False,False,13,False,0.06475308347980557,0.17906367316964156,1.0,2330399487.45,0.0639481000926784,3.0,3.0,,,,,,0.0768857936671464,-0.010488949783016233,0.30170384039482917,-0.10432516114643757,0.8011194029850747,-0.10432516114643757,0.8182493179264965,-116.0,0.8507462686567164,0.8955223880597015,0.9029850746268657,0.8585820895522387,0.8746268656716418,聯詠
61.70000076293945,62.400001525878906,61.0,62.29999923706055,1103276.0,0.12252250877586568,58.83999938964844,0.13893964109905954,54.8100004196167,0.306079523234863,53.98178647359212,0.31916656724731607,49.87474791208903,0.019246862497533802,69.5121908670087,523431.25,2.1077763316576914,0.1366538726528297,3046.TW,2026-08-12,-0.004325899027792013,0.12996776232477103,neutral,0.04819277108433735,0.08441558441558442,2026-03-31,2026-05-15,1818011000.0,164863000.0,94671000.0,110981000.0,17198000.0,94001000.0,1.2,3347000000.0,2193135000.0,3800793000.0,2266693000.0,1534100000.0,1823720000.0,113083000.0,,,0.1549634622142529,80000454.06871447,1607658000.0,0.0497621098944641,0.0612743628185907,0.0247319440969292,1.4775392738413402,0.0906831696837918,0.0520739423468834,0.0517054077230555,0.0112825744495272,,,51.57995742194333,51.57995742194333,False,82.75436797436763,82.75436797436763,74.96076533626155,345.0,True,True,True,True,True,True,True,True,True,True,False,True,True,True,False,False,False,13,False,0.1540929507314044,0.2491291053114233,1.0,32609766.47565365,0.4902687673772011,1.0,3.0,,,,,,0.07281602035182258,0.00662743308060899,0.3551902305324813,0.09432252517729194,0.8600746268656716,0.09432252517729194,0.8635356531024124,-345.0,0.5746268656716418,0.7985074626865671,0.9402985074626866,0.6294776119402985,0.7149253731343284,建碁
13.850000381469728,14.0,13.800000190734863,13.949999809265137,30103.0,0.0035971361228104293,13.860000038146973,0.037174721716767056,13.714462375640869,0.12048192955663484,13.353632020950318,0.025735251321925556,13.430149324735003,0.010392856755671228,64.28572401710085,54874.5,0.5485790303328504,0.01717438330230281,3266.TW,2026-08-12,-0.004325899027792013,0.12996776232477103,neutral,0.18906394810009267,0.24907235621521337,2026-03-31,2026-05-15,508760000.0,129118000.0,60784000.0,58332000.0,13161000.0,43683000.0,0.12,12792293000.0,7165124000.0,13882400000.0,7442761000.0,6439639000.0,986601000.0,4625000000.0,151500000.0,,0.2256222999382843,47069774.120551325,6717276000.0,0.0070072711201015,0.0067834547868288,0.003146646113064,1.155773017711086,0.2537896061011085,0.1194748014781036,0.0858617029640695,1.0270049523688098,,,43.42781225211624,43.42781225211624,False,70.88166679669673,70.88166679669673,64.01820316055162,458.0,True,False,True,True,True,True,True,True,True,False,True,True,False,True,False,False,False,11,False,0.044659594287096205,0.038707721854789545,1.0,765499.2645335197,0.953660797034291,0.0,3.0,,,,,,0.07056732673895386,0.04547805082820775,0.26418715104372253,-1.0695303195279526,0.7888059701492538,-1.0695303195279526,0.6716572322812169,-458.0,0.5074626865671642,0.417910447761194,0.753731343283582,0.5444029850746268,0.5298507462686568,昇陽
218.5,233.5,216.5,224.5,2296749.0,0.07159904534606198,216.6,0.10319410319410327,205.5,0.06595421597204965,219.25059661865234,0.08310753305363461,215.48988571166993,0.010324483775811182,62.18487394957983,589050.7,3.8990684503048723,0.09245742092457432,3515.TW,2026-08-12,-0.004325899027792013,0.12996776232477103,neutral,0.07599629286376275,0.3589981447124304,2026-03-31,2026-05-15,13366639000.0,1999582000.0,965368000.0,994219000.0,142487000.0,511865000.0,4.14,26619209000.0,14322582000.0,28675459000.0,14380132000.0,14295327000.0,5027744000.0,0.0,,,0.1433155069456528,827015795.690889,14352877000.0,0.0576202106163725,0.0358064561936918,0.0178502809667318,1.0059323581755073,0.1495949729771261,0.0722221943751155,0.0382942189132211,0.2776120330274545,,,59.385527806705504,59.385527806705504,False,70.13341606267996,70.13341606267996,67.44644399868635,273.0,True,False,True,True,True,False,True,True,True,False,True,True,False,True,False,False,False,10,False,0.023942481627441392,0.04181223753761598,1.0,132241882.14999999,0.3086190917516219,2.0,3.0,,,,,,0.012935371444995061,-0.024934658860474263,0.18395561693070758,-1.2215540199554142,0.39850746268656717,-1.2215540199554142,0.41211240074864897,-273.0,0.664179104477612,0.5895522388059702,0.3880597014925373,0.6227611940298508,0.5865671641791045,華擎
231.0,238.0,231.0,235.0,418483.0,0.015118790496760237,231.7,0.09593587552310767,215.19076843261718,0.25,214.90492986043293,0.24010554089709757,199.83996493021647,0.005847340757727326,63.70370370370371,495199.15,0.8450802066199022,0.09205428147158501,3617.TW,2026-08-12,-0.004325899027792013,0.12996776232477103,neutral,0.0871177015755329,0.11317254174397032,2026-03-31,2026-05-15,2931932000.0,1579254000.0,476843000.0,521769000.0,118652000.0,388950000.0,4.13,10475363000.0,3752308000.0,14792411000.0,5524979000.0,9267432000.0,4373481000.0,0.0,,1434491000.0,0.2274033144935785,368407321.3069385,11040103000.0,0.033369917047598,0.0419695553201793,0.026293888129528,0.5961715176329322,0.5386393681708853,0.1626378101538507,0.1326599661929403,0.0219561852265348,,,74.61371274804436,74.61371274804436,False,84.22423030542937,84.22423030542937,81.82160091608311,123.0,True,True,True,True,True,True,True,True,True,True,True,True,True,True,True,False,False,14,False,0.09350678996809214,0.17594095896714812,1.0,116371800.25,0.3253012048192771,2.0,3.0,,,,,,0.03533403914244809,-0.01724049212507577,0.2693920862388672,-1.1574953554690146,0.5958955223880597,-1.1574953554690146,0.5860983879883735,-123.0,0.835820895522388,0.917910447761194,0.582089552238806,0.7977611940298508,0.8097014925373134,碩天
4125.0,4470.0,4125.0,4470.0,814771.0,0.02995391705069128,4300.0,0.37126648950440155,3721.138818359375,0.44660194174757284,3614.8979614257814,0.42130365659777413,3775.4906473795572,0.08142967264369576,63.2404181184669,1589672.45,0.5125401776950969,0.2012451612785553,3653.TW,2026-08-12,-0.004325899027792013,0.12996776232477103,neutral,0.0074142724745134385,0.04359925788497217,2026-03-31,2026-05-15,5305216000.0,2216652000.0,1696566000.0,1775586000.0,371056000.0,1398199000.0,9.53,20477674000.0,8468040000.0,30307238000.0,8909881000.0,21397357000.0,10253854000.0,,,,0.2089766420776014,1342023334.256972,21839198000.0,0.0614502114160498,0.0653444722168256,0.0461341610871963,0.4164010069094047,0.4178250235240186,0.3197920687866432,0.2635517573648274,0.116346562150301,,,88.8947474261209,88.8947474261209,False,91.19823691367708,91.19823691367708,90.62236454178803,39.0,True,True,True,True,True,True,True,True,True,True,True,True,False,False,True,False,False,12,False,0.2365494262075798,0.18395207867948993,1.0,7105835851.5,0.029657089898053754,3.0,2.0,,,,,,-0.03545673708834941,-0.12474415050982304,0.2103501215749261,-1.5582668755575797,0.24365671641791045,-1.5582668755575797,0.30875759306599715,-39.0,0.9552238805970149,0.9925373134328358,0.2462686567164179,0.8488805970149254,0.8246268656716418,健策
38.79999923706055,40.5,38.79999923706055,39.5,713266.0,-0.0062893081761006275,38.65999908447265,0.11739750226345902,37.994999694824216,0.10758190737448214,36.57364845275879,0.21883840670243604,35.8840273698171,0.024538218987632317,57.44047821784561,1020859.9,0.6986913679340329,0.03961048341265805,3669.TW,2026-08-12,-0.004325899027792013,0.12996776232477103,neutral,0.0639481000926784,0.2717996289424861,2026-03-31,2026-05-15,689061000.0,417675000.0,65088000.0,72955000.0,7950000.0,65005000.0,0.7,2175777000.0,1070349000.0,4418592000.0,1190520000.0,3228072000.0,1139329000.0,400000000.0,,,0.1089712836680145,57995277.08861627,3348243000.0,0.0173211075446484,0.0201374070962481,0.0147117000166568,0.3688021828509401,0.6061509793762816,0.094458981135197,0.0943385273582455,0.23498036572973,,,62.86807012229606,62.86807012229606,False,75.63241568898523,75.63241568898523,72.44132929731293,236.0,True,True,True,True,True,True,True,True,True,False,True,True,False,True,True,False,False,12,False,0.08001256836656867,0.10076830543341919,1.0,40323966.050000004,0.46246524559777574,1.0,3.0,,,,,,0.03445730454244487,0.0021930646980718926,0.2376932486846515,-1.745428181237319,0.5026119402985074,-1.745428181237319,0.5458945259131334,-236.0,0.7014925373134329,0.7388059701492538,0.5522388059701493,0.6791044776119404,0.6828358208955224,圓展
125.0,125.5,121.0,122.5,14562641.0,-0.050387596899224785,125.2,0.05150214592274671,116.825,0.12903225806451624,113.91666666666667,0.9321766096487771,102.21749992370606,0.026356248627278717,50.81967213114754,11374861.95,1.2802477132480716,0.048576931307511284,3702.TW,2026-08-12,-0.004325899027792013,0.12996776232477103,neutral,0.1519925857275255,0.23098330241187384,2026-03-31,2026-05-15,316500457000.0,14203178000.0,8470625000.0,7205961000.0,1455173000.0,5548632000.0,3.3,434755950000.0,351739547000.0,479508376000.0,386867313000.0,92641063000.0,25004254000.0,131686606000.0,25757252000.0,5309644000.0,0.2019401714774754,6760065534.97861,127768829000.0,0.0529085661024459,0.0598938723317542,0.011571501724925,4.17598093622911,0.0448756950768004,0.0267633894759273,0.0175311974352062,0.2719338016357759,,,44.311414548255854,44.311414548255854,False,71.04911508723725,71.04911508723725,64.3646899524919,442.0,True,False,True,True,True,True,True,True,True,False,True,True,True,True,False,False,False,12,False,0.0753474762253108,0.19842492813297685,1.0,1393420588.875,0.09453197405004633,2.0,3.0,,,,,,0.06860592420455304,0.026120857155945375,0.3515853895807047,-0.06659894215893224,0.8522388059701492,-0.06659894215893224,0.8433012357567005,-442.0,0.5149253731343284,0.44776119402985076,0.9328358208955224,0.5776119402985075,0.5783582089552239,大聯大
89.5,93.4000015258789,89.5,92.4000015258789,17840614.0,0.0054406963188047275,91.98000030517578,0.01650164988801417,90.06000061035157,0.14498147484615953,88.88333384195964,0.2000000198166092,85.05083376566569,0.006200774295105917,50.819674694097436,12654909.8,1.4097780451979198,0.02598268820418359,3706.TW,2026-08-12,-0.004325899027792013,0.12996776232477103,neutral,0.25764596848934196,0.21057513914656772,2026-03-31,2026-05-15,31863922000.0,2934046000.0,1186173000.0,1645175000.0,108264000.0,1460985000.0,1.1,82662619000.0,48216898000.0,135913012000.0,68280278000.0,67632734000.0,9782105000.0,1879510000.0,7968750000.0,,0.0658069810202562,1108114535.9022596,87696114000.0,0.0126358453682709,0.0216017439129401,0.0107494122784947,1.009574417027116,0.0920805040886052,0.0372262083744744,0.0458507587358517,0.3464486758783238,,,39.67324991044731,39.67324991044731,False,67.58628352698685,67.58628352698685,60.60802512285196,515.0,True,False,True,True,True,True,True,True,True,True,True,True,True,True,False,False,False,13,False,0.039564984029200945,0.08640912069670992,1.0,1169313684.82986,0.1056533827618165,1.0,3.0,,,,,,0.03655450091119701,-0.025218749602003595,0.19953961236486858,-1.7642736469328517,0.39067164179104474,-1.7642736469328517,0.3939878430428503,-515.0,0.4253731343283582,0.23880597014925373,0.35074626865671643,0.4141791044776119,0.3544776119402985,神達
22.399999618530277,23.950000762939453,22.25,22.799999237060547,1264402.0,0.12315271398808192,21.399999618530273,0.41176469198799004,18.692499732971193,0.4522292684109106,17.995833301544188,-0.09163351033680356,19.650416636466982,0.06677128229489723,74.86033198099807,993395.45,1.272808326231009,0.2197405142579325,3712.TW,2026-08-12,-0.004325899027792013,0.12996776232477103,neutral,0.0037071362372567192,0.04267161410018553,2026-03-31,2026-05-15,5952868000.0,2246677000.0,1881231000.0,1749422000.0,95514000.0,-477314000.0,-1.94,29571984000.0,46915609000.0,61775289000.0,55872481000.0,5902808000.0,6100937000.0,11857517000.0,7405579000.0,0.0,0.0545974613329431,1778520563.2191665,14859680000.0,0.1196876758597201,-0.0808621930443951,-0.0077266170296669,9.465407141821316,0.3774108547342222,0.3160209499017952,-0.0801821911723895,-0.1923537691038415,,,39.89432060139683,39.89432060139683,False,86.0953982789694,86.0953982789694,74.54512885957625,512.0,True,True,True,True,True,True,True,False,True,True,False,False,True,False,False,False,False,10,False,0.2669599042742923,0.16028070339987655,1.0,22649415.502099417,0.5421686746987951,0.0,3.0,,,,,,0.15020119075718974,0.11386946032366997,0.3595831581855413,-1.847936245237138,0.8238805970149254,-1.847936245237138,0.6230716283017615,-512.0,0.43283582089552236,0.7910447761194029,0.664179104477612,0.4675373134328358,0.5865671641791045,永崴投控
52.79999923706055,55.400001525878906,52.400001525878906,55.09999847412109,500286.0,0.13374486016622344,52.15,0.19782605378524099,49.60499992370605,0.32165419354130287,44.96097393035889,0.0755881071917408,47.02385822931925,0.0351087710710233,67.97581828122448,273086.45,1.8319693269292563,0.11077509442327393,4119.TW,2026-08-12,-0.004325899027792013,0.12996776232477103,neutral,0.030583873957367932,0.07792207792207792,2026-03-31,2026-05-15,375798000.0,82325000.0,33151000.0,28590000.0,8480000.0,20110000.0,0.17,1104577000.0,1053320000.0,6954821000.0,1544198000.0,5410623000.0,51949000.0,390000000.0,300399000.0,,0.2966072053165442,23318174.53655124,5901501000.0,0.0039512277531684,0.0037167623765322,0.0028915194222827,0.2854011451176694,0.2190671584202151,0.0882149452631466,0.0535127914464685,0.0430373141784996,,,33.11973270077256,33.11973270077256,False,86.68170277606218,86.68170277606218,73.29121025723977,628.0,True,True,True,True,True,True,True,True,True,True,False,True,True,True,False,False,False,13,False,0.2255072267666347,0.1717455893435469,1.0,15047062.978303146,0.5968489341983317,1.0,3.0,,,,,,0.02433909422533636,-0.03576033795795935,0.17825166849591798,-1.703727838198581,0.33619402985074626,-1.703727838198581,0.25569737000481463,-628.0,0.35074626865671643,0.7686567164179104,0.17164179104477612,0.3238805970149254,0.44029850746268656,旭富
170.5,172.5,169.5,170.5,240256.0,0.027108433734939652,170.2,0.04601226993865026,166.45,0.08253968253968247,164.46081873575847,0.0757097791798107,159.95124270121258,0.01122499739023711,72.41379310344828,348955.15,0.688501086744242,0.024331631120456665,4536.TW,2026-08-12,-0.004325899027792013,0.12996776232477103,neutral,0.1705282669138091,0.3209647495361781,2026-03-31,2026-05-15,2316961000.0,794900000.0,396418000.0,448947000.0,83458000.0,327949000.0,3.61,9168173000.0,3277337000.0,14414904000.0,4782570000.0,9632334000.0,5697733000.0,352903000.0,784549000.0,,0.1858972217210494,322724995.159785,11137567000.0,0.0289762562290116,0.0340466806902667,0.022750689147843,0.4965120603168453,0.3430787138842647,0.1710939459058655,0.1415427363688901,-0.0352736858453488,,,64.73287402560862,64.73287402560862,False,63.887669180886,63.887669180886,64.09897039206666,213.0,True,False,True,True,True,True,True,False,True,False,True,True,False,True,True,False,False,10,False,0.03672109448722116,0.06594983021477607,1.0,59496853.075,0.4040778498609824,2.0,3.0,,,,,,0.060887788677238805,0.02026964617046015,0.25985582073371555,-1.0554547516051078,0.7305970149253731,-1.0554547516051078,0.7349946008593398,-213.0,0.7238805970149254,0.44029850746268656,0.8059701492537313,0.7361940298507462,0.655223880597015,拓凱
70.80000305175781,72.9000015258789,70.5999984741211,72.4000015258789,2250743.0,0.02840909029334049,72.66000213623047,0.07738102401465574,69.11500072479248,0.19078951372334219,66.04833323160807,0.27410285705385995,63.96941293080648,0.030106577877320646,53.9682528469441,3823156.85,0.5887132253022787,0.04752949094462,4566.TW,2026-08-12,-0.004325899027792013,0.12996776232477103,neutral,0.11121408711770157,0.16512059369202226,2026-03-31,2026-05-15,1354549000.0,296455000.0,38413000.0,65488000.0,22696000.0,40409000.0,0.37,5180146000.0,3777583000.0,10646601000.0,5592503000.0,5054098000.0,2044806000.0,832690000.0,976708000.0,0.0,0.3465673100415343,25100309.919374544,6869018000.0,0.0036541336650121,0.0079952941157848,0.0037954836477858,1.10652840526638,0.2188588231212012,0.0283585163770376,0.0298320695670662,0.0816066447931047,,,26.559226672275766,26.559226672275766,False,73.68330106393573,73.68330106393573,61.902282466020736,747.0,True,False,True,True,True,True,True,True,True,True,True,True,False,True,False,False,False,12,False,0.09616697323758028,0.13179093271016118,1.0,276796561.7736744,0.23262279888785914,1.0,3.0,,,,,,0.0013034248697267473,-0.06440555302591122,0.2162192358439135,-1.622873138826532,0.3253731343283582,-1.622873138826532,0.3154581883471207,-747.0,0.20149253731343283,0.29850746268656714,0.2537313432835821,0.20932835820895523,0.24104477611940298,時碩工業
131.5,134.0,131.5,134.0,303912.0,0.03474903474903468,131.1,0.046875,129.7,0.10288065843621408,126.28333333333333,0.055118110236220375,125.6125,0.008553654743390314,63.333333333333336,201983.05,1.5046411072612282,0.033153430994603106,4736.TW,2026-08-12,-0.004325899027792013,0.12996776232477103,neutral,0.16589434661723818,0.28014842300556586,2026-03-31,2026-05-15,1074466000.0,531890000.0,272939000.0,362978000.0,69184000.0,284846000.0,2.99,7743817000.0,2835366000.0,13071771000.0,3115964000.0,9955807000.0,2352593000.0,940000000.0,169444000.0,,0.1906010832612444,220916530.9357592,10236405000.0,0.0215814566672341,0.0286110407724858,0.0217909264169331,0.3129795505276468,0.4950272972806957,0.2540229285989505,0.2651047124804321,0.0999991809891194,,,73.12470502530472,73.12470502530472,False,77.39499491047827,77.39499491047827,76.32742243918489,136.0,True,True,True,True,True,True,True,True,True,False,True,True,True,True,True,False,False,13,False,0.06110597861950651,0.06677281321524542,1.0,27065728.7,0.5171455050973123,2.0,3.0,,,,,,0.05337744425040979,0.0010512492321947196,0.20752964126102477,-1.4141964967208651,0.5410447761194029,-1.4141964967208651,0.5192131479698283,-136.0,0.8059701492537313,0.8283582089552238,0.5223880597014925,0.7634328358208955,0.7559701492537313,泰博
52.09999847412109,55.0,51.900001525878906,52.59999847412109,20432896.0,0.08565526616784003,50.75,0.12034073736675044,49.15749988555908,0.26594463152732106,46.440833282470706,0.05835005365521284,45.22833331425985,0.019283606217502244,61.445779810104625,10508071.0,1.9444954264203202,0.07002997704472969,4763.TW,2026-08-12,-0.004325899027792013,0.12996776232477103,neutral,0.06302131603336422,0.09833024118738404,2026-03-31,2026-05-15,2711414000.0,1506899000.0,1344230000.0,1277102000.0,163292000.0,1114887000.0,1.13,18689835000.0,1425022000.0,23180026000.0,1425022000.0,21755004000.0,10088044000.0,,,,0.1278613611128946,1172354922.5512135,21755004000.0,0.0538889775681591,0.0512473819816351,0.0480968830664814,0.0655031826240988,0.5557613112567834,0.4957671532270616,0.4111828735855166,-0.3473205110583516,,,80.5798896395777,80.5798896395777,False,88.12082978942303,88.12082978942303,86.23559475196168,83.0,True,True,True,True,True,True,True,True,True,True,True,True,True,True,True,False,False,14,False,0.13262391641829518,0.16298776938430892,1.0,552724518.565956,0.16126042632066728,1.0,2.0,,,,,,0.05114343744945696,-0.026378192537561924,0.209827852171617,-1.1717068165342333,0.5272388059701493,-1.1717068165342333,0.4572065479056331,-83.0,0.8805970149253731,0.9701492537313433,0.43283582089552236,0.8134328358208954,0.817910447761194,材料*-KY
88.9000015258789,91.5,88.9000015258789,91.4000015258789,15613640.0,0.021229067328256024,89.0,0.10519957555840809,85.7599998474121,0.24204640636940655,84.60262794494629,0.3644766705440796,79.53801180521647,0.01913250891204407,58.13954038535523,12793359.9,1.2204487423198342,0.06576494506182073,4938.TW,2026-08-12,-0.004325899027792013,0.12996776232477103,neutral,0.0732159406858202,0.11781076066790352,2026-03-31,2026-05-15,244105400000.0,10801479000.0,2829288000.0,3464858000.0,605203000.0,1561454000.0,0.58,455223337000.0,347425362000.0,623242706000.0,374551574000.0,248691132000.0,112291906000.0,50872952000.0,7687427000.0,2697039000.0,0.174668918610806,2335099324.60147,275817344000.0,0.0084661076447805,0.0062786878946692,0.0025053706765723,1.5060913953296895,0.0442492423354829,0.0115904359346413,0.0063966385012375,-0.1039816497152077,,,13.24211612714073,13.24211612714073,False,83.99744924316175,83.99744924316175,66.3086159641565,992.0,True,True,True,True,True,True,True,True,True,True,True,True,True,True,False,False,False,14,False,0.0803447096862746,0.14913611053934428,1.0,1169313114.381118,0.10658016682113068,1.0,3.0,,,,,,-0.011465191261689886,-0.06407921615657876,0.21948504826974127,-1.6976152201468284,0.3078358208955224,-1.6976152201468284,0.27725187114281963,-992.0,0.05223880597014925,0.5447761194029851,0.19402985074626866,0.07350746268656716,0.22835820895522388,和碩
173.0,174.5,171.5,173.0,524428.0,0.09148264984227139,172.0,0.032835820895522394,160.175,0.08677603958881352,163.44872461954753,0.24309314607034782,154.54182713826498,0.0006247071685149008,61.38613861386139,634665.0,0.8263067917720373,0.08006867488684244,4961.TW,2026-08-12,-0.004325899027792013,0.12996776232477103,neutral,0.2020389249304912,0.30890538033395176,2026-03-31,2026-05-15,4501219000.0,1251280000.0,294573000.0,378167000.0,58735000.0,224263000.0,1.86,18756288000.0,2898638000.0,26661399000.0,3800040000.0,22861359000.0,2014179000.0,,,,0.155314979889837,248821400.42891103,23762761000.0,0.0104710643863695,0.0098096967901164,0.0084115240914402,0.1662210894811634,0.2779869186547022,0.0654429389016619,0.049822725799389,-0.0343346930509377,,,36.99914354663914,36.99914354663914,False,67.45954441334958,67.45954441334958,59.844444196671965,575.0,True,False,True,True,True,False,True,True,True,False,True,True,True,True,False,False,False,11,False,0.058435912563310266,0.11943803954913079,1.0,109797045.0,0.33178869323447635,2.0,3.0,,,,,,-0.016165387196868792,-0.09168438262370558,0.16454810585403695,-1.8637706321475251,0.1708955223880597,-1.8637706321475251,0.23594601295837783,-575.0,0.3805970149253731,0.21641791044776118,0.14925373134328357,0.3458955223880597,0.2850746268656716,天鈺
277.0,281.0,276.0,279.5,3673121.0,0.052730696798493515,278.9,0.21258134490238612,238.275,0.08543689320388359,257.4,0.33412887828162297,246.85416666666666,0.05396439234767231,77.5330396475771,4458663.85,0.8238165341843388,0.17301437414751852,4967.TW,2026-08-12,-0.004325899027792013,0.12996776232477103,neutral,0.025949953660797033,0.3116883116883117,2026-03-31,2026-05-15,9044806000.0,3438206000.0,2905058000.0,2864850000.0,570946000.0,2293904000.0,27.0,20958301000.0,12834218000.0,21898307000.0,14803268000.0,7095039000.0,1301935000.0,5211626000.0,51810000.0,1902817000.0,0.1992935057681903,2326098806.7200727,9064089000.0,0.2566279751577983,0.3233109782765112,0.1047525728815474,2.0864251768031155,0.3801304306582142,0.3211852194508097,0.2536156109926514,0.6905237801707493,,,87.69619578074207,87.69619578074207,False,66.4292935979683,66.4292935979683,71.74601914366174,46.0,True,False,True,True,True,False,True,False,True,False,True,True,True,False,True,False,False,9,False,0.08585858585858586,0.13224744704194458,1.0,1246196546.0749998,0.10009267840593142,2.0,2.0,,,,,,0.11909444144020273,0.012034172274126469,0.3632991922357487,0.22508571332903077,0.916044776119403,0.22508571332903077,0.8986226903601052,-46.0,0.9477611940298507,0.7238805970149254,0.9701492537313433,0.9511194029850746,0.8850746268656716,十銓
35.54999923706055,37.75,35.0,37.04999923706055,2425247.0,0.015068472248234155,36.43000030517578,0.0451339475228949,34.89750022888184,0.20292208294861247,35.535000038146975,0.19323671972392642,32.52583338419596,-0.004279900395231249,61.55659588005587,4787643.9,0.506563781821785,0.06168060732319325,4976.TW,2026-08-12,-0.004325899027792013,0.12996776232477103,neutral,0.17330861909175163,0.15213358070500926,2026-03-31,2026-05-15,255023000.0,-36041000.0,-86075000.0,-69043000.0,-1135000.0,,-0.49,1541919000.0,276027000.0,2513042000.0,337040000.0,2176002000.0,819216000.0,,57046000.0,,0.0164390307489535,-84660010.42828383,2237015000.0,-0.0378450794600321,,,0.1548895635206217,-0.1413245079855542,-0.337518576755822,,0.009124831333072,,,25.456241566653603,25.456241566653603,False,60.51901265315958,60.51901265315958,51.75331988153309,761.0,True,False,True,True,True,False,False,True,True,True,True,True,False,True,False,False,False,10,False,0.042634000205071354,0.13909454062022086,1.0,177382202.84231758,0.27803521779425394,1.0,3.0,,,,,,-0.024794762766064418,-0.09337594284657137,0.11309416198869097,-2.172608514082359,0.09888059701492537,-2.172608514082359,0.17046337743627968,-761.0,0.1865671641791045,0.03731343283582089,0.08208955223880597,0.17089552238805972,0.12089552238805971,佳凌
194.5,194.5,188.5,192.0,140321.0,0.03785418784888028,192.8,0.010526315789473717,187.99297943115235,0.31506849315068486,179.40599314371744,0.32871972318339093,164.82799657185873,0.007233060702923324,45.055998042414004,206544.85,0.6793730272141861,0.02131473516177307,5288.TW,2026-08-12,-0.004325899027792013,0.12996776232477103,neutral,0.2798887859128823,0.08163265306122448,2026-03-31,2026-05-15,2061135000.0,478999000.0,298138000.0,346156000.0,100630000.0,249057000.0,3.59,4729511000.0,1996750000.0,8144719000.0,2033096000.0,6111623000.0,1527526000.0,170275000.0,,0.0,0.2907070800448352,211467172.5695929,6147969000.0,0.0343962652657475,0.0407513683353832,0.0305789555170657,0.3326605715044923,0.2323957431221147,0.1446474879132128,0.120834879811366,0.0892520430725782,,,70.01559901846518,70.01559901846518,False,66.33874802623068,66.33874802623068,67.2579607742893,163.0,True,False,True,True,True,True,True,False,True,True,True,True,False,True,True,False,False,11,False,0.07019836202569785,0.16485065640105212,1.0,39656611.2,0.4633920296570899,2.0,3.0,,,,,,0.027778001173828046,-0.010549848650662053,0.2530870278949103,-1.6517291146277187,0.49925373134328355,-1.6517291146277187,0.48565043185830375,-163.0,0.7761194029850746,0.5746268656716418,0.4626865671641791,0.7291044776119403,0.6529850746268657,豐祥-KY
99.9000015258789,100.0,96.3000030517578,97.8000030517578,506413.0,0.08787543261169772,96.45999908447266,0.08185842257713327,92.825,0.19436017274505235,87.52571563720703,0.09574683602299916,86.33453388214112,0.022470665593803354,67.45562424016424,351916.0,1.4390166971663692,0.0535955082333186,5306.TW,2026-08-12,-0.004325899027792013,0.12996776232477103,neutral,0.10287303058387395,0.16326530612244897,2026-03-31,2026-05-15,1341388000.0,561120000.0,294671000.0,324498000.0,98836000.0,225673000.0,1.79,6076821000.0,3279027000.0,14278795000.0,5015002000.0,9263793000.0,2533303000.0,1157914000.0,920000000.0,0.0,0.304581230084623,204919744.34973404,10999768000.0,0.0186294605804171,0.0243607559020371,0.0158047650379461,0.5413551447015278,0.4183129713401342,0.219676186159411,0.1682384216945432,0.052471848048508,,,64.26179889626455,64.26179889626455,False,78.7840254361808,78.7840254361808,75.15346880120174,219.0,True,True,True,True,True,True,True,True,True,True,True,True,True,True,True,False,False,14,False,0.11738592869251785,0.13280281544426553,1.0,34417385.873962395,0.4819277108433735,1.0,3.0,,,,,,0.04674383646215352,0.0011724532993535948,0.21801576277139706,-1.6219134334310976,0.5287313432835821,-1.6219134334310976,0.5110780372331889,-219.0,0.7164179104477612,0.8059701492537313,0.4925373134328358,0.6828358208955223,0.6985074626865672,桂盟
43.650001525878906,46.0,43.650001525878906,45.900001525878906,982662.0,0.09415973041957759,43.93000106811523,0.09415973041957759,42.99500045776367,0.25276388381469017,40.482539621988934,0.5388888071779965,37.55311581293742,0.014691137542493498,65.71428571428572,574942.05,1.7091496438641076,0.06756602016946078,5515.TW,2026-08-12,-0.004325899027792013,0.12996776232477103,neutral,0.08897126969416126,0.10946196660482375,2026-03-31,2026-05-15,2015280000.0,391103000.0,268702000.0,476647000.0,82479000.0,394168000.0,1.96,9114211000.0,5142167000.0,11530797000.0,5836747000.0,5694050000.0,2270517000.0,100000000.0,,,0.1730400065457246,222205804.1611507,6388630000.0,0.0347814483169553,0.0692245414072584,0.0341839336864572,1.02506072127923,0.1940688142590607,0.1333323409154063,0.1955896947322456,0.3881614203981094,,,76.63848749386133,76.63848749386133,False,84.07713882121351,84.07713882121351,82.21747598937546,104.0,True,True,True,True,True,True,True,True,True,True,True,True,True,True,True,False,False,14,False,0.13382218493395515,0.222268792675411,1.0,26389840.97229195,0.5217794253938832,1.0,3.0,,,,,,0.05638062279795869,-0.0017202733512808885,0.2666201917842208,-0.9675005022354757,0.6958955223880596,-0.9675005022354757,0.7697852070293693,-104.0,0.8656716417910447,0.9402985074626866,0.8582089552238806,0.8645522388059701,0.8865671641791045,建國
46.400001525878906,46.59999847412109,46.0,46.150001525878906,484542.0,0.08333340795573974,46.070001220703126,0.09880946033936788,41.99000015258789,0.10538925810488409,43.789381726582846,0.05848631057341391,44.68135757446289,0.022133305652828627,68.3593790745365,589222.95,0.8223406776670869,0.09907123977551668,6112.TW,2026-08-12,-0.004325899027792013,0.12996776232477103,neutral,0.08433734939759036,0.2755102040816326,2026-03-31,2026-05-15,6018223000.0,834764000.0,167785000.0,90440000.0,48570000.0,32807000.0,0.17,11930415000.0,9613507000.0,15361762000.0,10271180000.0,5090582000.0,1349634000.0,3751754000.0,180432000.0,,0.4,100671000.0,5748255000.0,0.017513314910351,0.0064446462113762,0.0021356274104494,2.017682850408853,0.1387060599117048,0.0278794920028719,0.0054512768968514,0.2736882851262932,,,29.171201546523523,29.171201546523523,False,65.66097320339509,65.66097320339509,56.538530289177196,695.0,True,False,True,True,True,False,True,True,True,False,True,True,True,True,False,False,False,11,False,0.05390849804721087,0.032869277728826196,1.0,27192640.041582868,0.5162187210379982,1.0,3.0,,,,,,0.05362483421226112,-0.02029838672634991,0.2293686145749554,-1.4503967092083796,0.5492537313432836,-1.4503967092083796,0.35677884833259443,-695.0,0.2537313432835821,0.14925373134328357,0.2835820895522388,0.2582089552238806,0.22835820895522388,邁達特
24.700000762939453,25.399999618530277,24.700000762939453,25.399999618530277,147223.0,0.02008032159277251,24.969999694824217,0.0474226646816609,24.50999984741211,0.0845468154295097,24.36726236343384,0.11171695540715154,23.928570810953776,0.00770890759887652,63.636353127559424,159606.55,0.9224120188049927,0.036311700394079605,6136.TW,2026-08-12,-0.004325899027792013,0.12996776232477103,neutral,0.164967562557924,0.3163265306122449,2026-03-31,2026-05-15,171722000.0,51677000.0,-8398000.0,-7084000.0,312000.0,-3345000.0,-0.03,770246000.0,319306000.0,4455250000.0,426683000.0,4028567000.0,310276000.0,57595000.0,27169000.0,,0.0,-8398000.0,4135944000.0,-0.0020304917087852,-0.0008303200616993,-0.0007507996184276,0.1059143362888093,0.3009340678538568,-0.048904624917017,-0.0194791581742583,0.2854886401916383,,,36.25455624577715,36.25455624577715,False,72.23950363795232,72.23950363795232,63.24326678990853,587.0,True,False,True,True,True,True,True,True,True,False,True,True,True,True,False,False,False,12,False,0.04238216175840037,0.06149254876947885,1.0,4054006.3091149335,0.7720111214087118,0.0,3.0,,,,,,0.06428902194310875,0.02451674002969599,0.20877461270430703,-1.617681531525912,0.5899253731343284,-1.617681531525912,0.4905875169606513,-587.0,0.3656716417910448,0.3880597014925373,0.47761194029850745,0.3824626865671642,0.39477611940298507,富爾特
141.5,146.0,139.0,146.0,2231408.0,-0.013513513513513487,147.1,0.21414769061786365,131.07614135742188,0.12741312741312738,132.37873458862305,0.6150442205269699,119.01353384653727,0.04413019850341317,59.19540229885058,3406334.95,0.6550759196478901,0.11385640810010833,6206.TW,2026-08-12,-0.004325899027792013,0.12996776232477103,neutral,0.024096385542168676,0.23376623376623376,2026-03-31,2026-05-15,1510237000.0,689057000.0,424206000.0,442845000.0,88742000.0,359024000.0,2.51,5482164000.0,1306580000.0,6928875000.0,1318597000.0,5610278000.0,2258494000.0,,,,0.2003906558728223,339199081.4348135,5622295000.0,0.0603310714636662,0.0639939767690656,0.0518156266349154,0.2350323816395551,0.4562575277919956,0.2808870395838534,0.2377269263036198,0.1096002833077651,,,90.34179168403904,90.34179168403904,False,75.91587804108877,75.91587804108877,79.52235645182634,29.0,True,True,True,True,True,False,True,True,True,False,True,True,False,True,True,False,False,11,False,0.10289617477993018,0.22675123812608233,1.0,497324902.70000005,0.1742354031510658,2.0,1.0,,,,,,-0.02540281316365921,-0.10410756693784715,0.1477444937263385,-1.8997680390838925,0.13171641791044775,-1.8997680390838925,0.19908758984910402,-29.0,0.9626865671641791,0.8805970149253731,0.1044776119402985,0.833955223880597,0.7664179104477612,飛捷
65.80000305175781,69.69999694824219,65.5,66.9000015258789,7209216.0,0.0842787795565616,66.26000061035157,0.08603901271173586,57.40499992370606,0.18617020772919868,64.78333346048991,0.13969336722933345,63.056666723887126,0.02026126645739502,66.96970008731034,5523901.95,1.3050948523805712,0.1654037386079985,6269.TW,2026-08-12,-0.004325899027792013,0.12996776232477103,neutral,0.09731232622798888,0.16975881261595546,2026-03-31,2026-05-15,5467013000.0,-75600000.0,-999753000.0,-981765000.0,-164328000.0,-829726000.0,-2.6,17426263000.0,6996989000.0,34912338000.0,12380381000.0,22531957000.0,3093415000.0,100000000.0,730035000.0,2916556000.0,0.1673801775373944,-832414165.3664573,27915349000.0,-0.0298192283165242,-0.036824408993857,-0.0237659821006545,0.549458753183312,-0.0138283922134445,-0.1828700608540715,-0.1517695311864083,0.0572209060440906,,,18.580859061451324,18.580859061451324,False,73.74611690392139,73.74611690392139,59.95480244330387,886.0,True,False,True,True,True,False,True,True,True,True,True,True,True,False,False,False,False,11,False,0.03267303413276679,0.06095049106894579,1.0,369549048.88380545,0.20389249304911955,1.0,3.0,,,,,,-0.01826283520736794,-0.11483501901107439,0.21923719613259618,-2.158849344045408,0.20970149253731346,-2.158849344045408,0.3038266591654751,-886.0,0.1044776119402985,0.22388059701492538,0.21641791044776118,0.1212686567164179,0.16268656716417912,台郡
1465.0,1550.0,1415.0,1440.0,5990797.0,0.0786516853932584,1352.0,0.09090909090909083,1211.0,0.8090452261306533,1109.8794372558593,0.9699042407660738,890.9980519612631,0.01764705882352941,66.29213483146069,3342705.35,1.79220014112222,0.18909991742361676,6446.TW,2026-08-12,-0.004325899027792013,0.12996776232477103,neutral,0.09267840593141798,0.012059369202226345,2026-03-31,2026-05-15,5121378000.0,4500097000.0,2087077000.0,2335581000.0,185954000.0,2149627000.0,5.79,30923112000.0,4737365000.0,40089669000.0,5635458000.0,34454211000.0,24175410000.0,,43340000.0,,0.0796178766653779,1920908360.822853,35352304000.0,0.0543361575761187,0.0623908351870254,0.0536204726459577,0.1635636932739513,0.8786887044853944,0.4075225456898514,0.4197360554132111,0.572274143110902,,,96.8555062833974,96.8555062833974,False,89.43634593658255,89.43634593658255,91.29113602328627,13.0,True,True,True,True,True,True,True,True,True,True,True,True,True,False,True,False,True,14,False,0.29743821865945463,0.6161651496659,1.0,4813495704.0,0.037998146431881374,3.0,0.0,,,,,,-0.02275822841443733,-0.12268755782556463,0.19083155123507278,-1.294139181156271,0.25895522388059705,-1.294139181156271,0.3931528539394754,-13.0,0.9925373134328358,1.0,0.34328358208955223,0.8951492537313432,0.8649253731343284,藥華藥
383.0,386.5,374.0,378.0,477483.0,0.024404477164594818,375.398974609375,0.03561643835616435,345.2469711303711,0.2373158756137479,337.47399037679037,0.33333333333333326,311.4453285217285,0.005679462274330543,73.33996544428247,556869.3,0.8574417731413816,0.09486840322564571,6491.TW,2026-08-12,-0.004325899027792013,0.12996776232477103,neutral,0.1927710843373494,0.12152133580705009,2026-03-31,2026-05-15,1885667000.0,1005547000.0,542809000.0,566411000.0,88526000.0,472275000.0,6.06,6983966000.0,4705377000.0,16639674000.0,5326767000.0,11312907000.0,1204500000.0,831456000.0,457203000.0,,0.1562928686060122,457971824.2848391,11934297000.0,0.0383744282788369,0.0417465643446021,0.0283824671084301,0.4708574904752598,0.5332579930602805,0.2878604758952667,0.2504551439888379,0.1833499738625503,,,86.74813401220891,86.74813401220891,False,74.08453434350709,74.08453434350709,77.25043426068254,52.0,True,False,True,True,True,True,True,False,True,True,True,True,True,True,True,False,False,12,False,0.12008632006858444,0.213696162322204,1.0,210496595.4,0.26413345690454126,2.0,2.0,,,,,,0.043338256917557876,-0.012572103955428932,0.30517043718032677,-1.3132117898383382,0.637313432835821,-1.3132117898383382,0.6653640245484596,-52.0,0.9328358208955224,0.8432835820895522,0.7388059701492538,0.9037313432835821,0.8671641791044776,晶碩
250.0,255.0,245.0,254.5,1618419.0,0.11378555798687096,248.7,0.12114537444933915,226.9,0.18648018648018638,216.04166666666666,0.13363028953229406,212.79166666666666,0.04562211981566823,69.7560975609756,1944772.75,0.8321892622158553,0.12163948876156905,6533.TW,2026-08-12,-0.004325899027792013,0.12996776232477103,neutral,0.061167747914735865,0.16883116883116883,2026-03-31,2026-05-15,326356000.0,325982000.0,-202956000.0,-191919000.0,-25688000.0,-166231000.0,-3.28,1735463000.0,291379000.0,6111740000.0,1760341000.0,4351399000.0,1046856000.0,,,1419903000.0,0.1338481338481338,-175790718.14671814,5820361000.0,-0.0302027173480679,-0.0382017369586195,-0.0271986373765899,0.4045459862448835,0.9988540121830148,-0.621885303165868,-0.5093548149873145,0.2031025355560307,,,38.84336576062605,38.84336576062605,False,79.2151910518058,79.2151910518058,69.12223472901087,539.0,True,True,True,True,True,True,True,True,True,True,False,True,True,True,False,False,False,13,False,0.17801350048216014,0.19600548267084394,1.0,494944664.875,0.17516218721038,2.0,3.0,,,,,,-0.10999461103590763,-0.16923672656679445,0.10727224917920322,-2.1909741738497597,0.02985074626865672,-2.1909741738497597,0.13949513774622105,-539.0,0.41044776119402987,0.6492537313432836,0.06716417910447761,0.358955223880597,0.4134328358208955,晶心科
52.59999847412109,52.70000076293945,51.0,51.09999847412109,862404.0,0.05035964792187997,50.119999694824216,0.08033825155081953,47.0399995803833,0.16400903640055242,46.2474999109904,-0.14691156640381564,49.67499990463257,0.01030928092668979,69.36619094004317,686243.0,1.256703529216327,0.08630950106196189,6589.TW,2026-08-12,-0.004325899027792013,0.12996776232477103,neutral,0.10658016682113068,0.18645640074211503,2026-03-31,2026-05-15,308435000.0,64956000.0,-207240000.0,-141836000.0,406000.0,-142242000.0,-0.47,4188368000.0,910711000.0,10619357000.0,2413133000.0,8206224000.0,3257763000.0,0.0,1001914000.0,,0.0,-207240000.0,9708646000.0,-0.0213459219751137,-0.0173334288705743,-0.0133945963018288,0.2940613124867174,0.2105986674664029,-0.6719081816265988,-0.461173342843711,0.6954150931987708,,,33.08565989658788,33.08565989658788,False,77.17707176428702,77.17707176428702,66.15421879736223,629.0,True,True,True,True,True,True,True,True,True,True,True,True,True,True,False,False,False,14,False,0.10492455965122405,0.028686433260679767,1.0,35067016.252876274,0.47914735866543096,1.0,3.0,,,,,,-0.004636865213724296,-0.14160593282836972,0.1204639425721481,-2.3369977350907973,0.09850746268656715,-2.3369977350907973,0.2055052192823487,-629.0,0.34328358208955223,0.5223880597014925,0.11194029850746269,0.3085820895522388,0.3507462686567164,台康生技
61.0,61.5,61.0,61.5,434867.0,0.02499999999999991,60.7,0.018211894806820395,60.64500045776367,0.08933763261344652,59.64827092488607,0.09471263740304292,58.49889752070109,0.004222548930464002,58.82352611185688,455365.2,0.9549851415962397,0.014098434096505574,6592.TW,2026-08-12,-0.004325899027792013,0.12996776232477103,neutral,0.247451343836886,0.30241187384044527,2026-03-31,2026-05-15,5805627000.0,3589277000.0,1112669000.0,1199688000.0,276772000.0,908070000.0,0.76,301356298000.0,284872301000.0,330129656000.0,287832209000.0,42297447000.0,7386317000.0,102306502000.0,1403494000.0,,0.2307033161955441,855972571.87202,45257355000.0,0.0189134467065523,0.0214686716198261,0.0027506465520322,6.804954658374535,0.6182410616458826,0.1916535457755036,0.1564120464507968,-0.0460268227300109,,,41.73495049073704,41.73495049073704,False,68.77272802676539,68.77272802676539,62.01328364275831,484.0,True,False,True,True,True,True,True,True,True,False,True,True,True,True,False,False,False,12,False,0.03104413667658168,0.05130186390669844,1.0,28004959.8,0.5143651529193698,1.0,3.0,,,,,,0.03810423765415546,0.0008627026266751312,0.24732316767042206,-0.5936179266307368,0.6440298507462686,-0.5936179266307368,0.5534588328847565,-484.0,0.47761194029850745,0.30597014925373134,0.5671641791044776,0.49104477611940295,0.44402985074626866,和潤企業
137.5,139.0,137.0,137.5,319591.0,0.011029411764705843,137.7,0.07003891050583655,133.675,0.05769230769230771,135.20453999837238,-0.04844290657439443,134.2897699991862,0.0198359717718865,57.89473684210526,509902.8,0.626768474305299,0.028614176173555217,6605.TW,2026-08-12,-0.004325899027792013,0.12996776232477103,neutral,0.12233549582947173,0.3849721706864564,2026-03-31,2026-05-15,4732845000.0,1585730000.0,866034000.0,951380000.0,217734000.0,732007000.0,4.41,15540524000.0,11970379000.0,33504289000.0,12358666000.0,21145623000.0,3981949000.0,1597489000.0,0.0,,0.228861233156047,667832390.8049359,21533910000.0,0.0310130575824332,0.0346174241354818,0.0218481580074718,0.5844550430129205,0.3350479468480375,0.1829838078365127,0.1546653228660562,-0.0451555541567658,,,64.93006759035887,64.93006759035887,False,60.63985314142322,60.63985314142322,61.712406753657135,210.0,True,False,True,True,True,False,True,True,True,False,True,True,False,True,True,False,False,10,False,0.016977684341481725,0.02390524610201683,1.0,70111635.0,0.3809082483781279,2.0,3.0,,,,,,0.05967513030204823,0.022650723042140414,0.1988456510840942,-1.0734431557097457,0.6246268656716418,-1.0734431557097457,0.65515434192673,-210.0,0.7313432835820896,0.291044776119403,0.7014925373134329,0.7268656716417911,0.5932835820895522,帝寶
27.200000762939453,27.350000381469727,26.850000381469727,26.850000381469727,251427.0,0.02873563176391669,26.45,0.024809145022992363,26.052499961853027,0.13916468142169203,25.295201206207274,0.1186596903605932,24.45175377527873,0.010374249356878164,70.5882484937563,150737.95,1.6679741233047152,0.03061128186486628,6606.TW,2026-08-12,-0.004325899027792013,0.12996776232477103,neutral,0.22150139017608897,0.21985157699443414,2026-03-31,2026-05-15,191808000.0,78315000.0,47168000.0,50588000.0,21113000.0,29102000.0,0.26,1052582000.0,392295000.0,2170020000.0,549327000.0,1620693000.0,84940000.0,0.0,,,0.4,28300800.0,1777725000.0,0.0159196726152807,0.0179565161322964,0.0134109363047345,0.3389457472821811,0.4082989239239239,0.2459125792459126,0.1517246413079746,0.1109322058440243,,,63.7605672758917,63.7605672758917,False,69.84315799772271,69.84315799772271,68.32251031726497,226.0,True,False,True,True,True,True,True,True,True,True,True,True,True,True,True,False,False,13,False,0.06146617149188427,0.09808076051443315,1.0,4047314.0150019648,0.772937905468026,0.0,3.0,,,,,,0.05949025982748188,0.033318709755132445,0.19025385762122776,-1.3380662617896033,0.6,-1.3380662617896033,0.5377565982404693,-226.0,0.7089552238805971,0.6119402985074627,0.5447761194029851,0.6843283582089552,0.6470149253731343,建德工業
5905.0,6140.0,5900.0,6025.0,1112082.0,-0.02429149797570851,6066.0,0.18253189401373904,5562.0,0.2677901550020185,5185.809700520834,0.7078496419096381,4619.381370035807,0.04992921189240208,59.32773109243697,1849511.3,0.6012842419508332,0.08324343761236963,6669.TW,2026-08-12,-0.004325899027792013,0.12996776232477103,neutral,0.03429101019462465,0.09740259740259741,2026-03-31,2026-05-15,276507734000.0,20881168000.0,17458392000.0,17934386000.0,3819977000.0,14114409000.0,75.95,395619318000.0,257883938000.0,432576398000.0,292412129000.0,140164269000.0,70996229000.0,72191879000.0,9594000000.0,18686968000.0,0.2129973671805658,13739800468.793749,174692460000.0,0.0786513651979813,0.1006990519102982,0.0326287080507799,2.086210209536355,0.0755174826321494,0.0631388921656708,0.0510452593705751,0.6202705683581411,,,65.40144535951697,65.40144535951697,False,86.61508132950155,86.61508132950155,81.3116723370054,208.0,True,True,True,True,True,True,True,True,True,True,True,True,False,True,True,False,False,13,False,0.16182435298288755,0.30428720154649147,1.0,11143305582.5,0.017608897126969416,3.0,3.0,,,,,,0.052952818960656185,-0.0705087826151855,0.3250163198936435,-0.16528699715163594,0.6623134328358209,-0.16528699715163594,0.7728656338570224,-208.0,0.7388059701492538,0.9104477611940298,0.8656716417910447,0.7578358208955224,0.8156716417910448,緯穎
270.0,273.0,263.0,264.0,235862.0,0.02127659574468077,266.2,0.005714285714285783,263.4,0.06509222373586221,259.8597287495931,0.024127167305694197,255.06277809143066,0.004959938954597308,50.0,362765.6,0.6501774148375701,0.002277904328018332,6670.TW,2026-08-12,-0.004325899027792013,0.12996776232477103,neutral,0.30676552363299353,0.3608534322820037,2026-03-31,2026-05-15,8468855000.0,2032739000.0,1265065000.0,1332547000.0,298511000.0,970370000.0,6.96,20003146000.0,8031634000.0,30684051000.0,10347885000.0,20336166000.0,9145558000.0,1517321000.0,68804000.0,1552151000.0,0.2240153630603648,981671004.7300396,22652417000.0,0.0433362587634705,0.047716467302637,0.0316245726485072,0.5088414895905158,0.2400252454434513,0.149378516930565,0.1145810147888941,-0.0012569118061379,,,69.78295043229787,69.78295043229787,False,56.965523844628294,56.965523844628294,60.16988049154568,168.0,True,False,True,True,True,True,True,True,True,False,True,True,False,True,True,False,False,11,False,0.0159327159707634,0.03503930277653322,1.0,95770118.39999999,0.3447636700648749,2.0,3.0,,,,,,0.040220992485412624,0.010629604195565568,0.20825042176530573,-0.3615905621577099,0.6115671641791045,-0.3615905621577099,0.6849967449478692,-168.0,0.7686567164179104,0.23134328358208955,0.7686567164179104,0.7686567164179104,0.6074626865671642,復盛應用
100.0,101.5,96.5999984741211,96.9000015258789,37116636.0,0.12412998789386753,93.9,0.10616442024830897,85.82999992370605,0.15909094849893934,88.58301582336426,0.33655174518453657,84.9790080388387,0.023247496444607132,60.98765413493326,19677714.55,1.8862269754797312,0.12897590134000847,8112.TW,2026-08-12,-0.004325899027792013,0.12996776232477103,neutral,0.07228915662650602,0.19573283858998144,2026-03-31,2026-05-15,110164542000.0,4238620000.0,3418168000.0,2892239000.0,712333000.0,2102790000.0,3.91,110827396000.0,76135974000.0,112891822000.0,92125380000.0,20766442000.0,14855353000.0,53437429000.0,11508327000.0,2798432000.0,0.2462911951605659,2576303318.0203986,36755848000.0,0.0700923379055327,0.101259040908404,0.0186265928102391,4.4362621194328815,0.0384753562539206,0.0310278419711489,0.0190877206206693,1.3784680054727554,,,52.60217451052254,52.60217451052254,False,80.53906191293892,80.53906191293892,73.55484006233483,328.0,True,True,True,True,True,False,True,True,True,True,False,True,True,True,False,False,False,12,False,0.09388916854105345,0.140281626747065,1.0,1906770569.9208097,0.07877664504170528,1.0,3.0,,,,,,0.05369803859225143,-0.06596181688984683,0.23644128230544112,-0.636880789856156,0.567910447761194,-0.636880789856156,0.532187600304927,-328.0,0.6119402985074627,0.7761194029850746,0.5298507462686567,0.5996268656716417,0.6447761194029851,至上
236.0,238.5,231.0,232.0,4768108.0,0.022026431718061623,236.9,0.278236914600551,214.975,0.07192012871203857,208.61056416829427,0.9225126724653032,190.86668020884196,0.07085927770859275,59.01639344262295,8431605.55,0.5655041583390958,0.07919525526223992,8271.TW,2026-08-12,-0.004325899027792013,0.12996776232477103,neutral,0.014828544949026877,0.3460111317254174,2026-03-31,2026-05-15,7042184000.0,3469352000.0,2313017000.0,2329123000.0,453946000.0,1862431000.0,14.54,13874285000.0,8773781000.0,15490077000.0,9043398000.0,6446679000.0,1146880000.0,2860732000.0,182529000.0,,0.1948999687865346,1862210058.897276,6716296000.0,0.2772674192586622,0.2888977409919123,0.1202338116201746,1.4027994879223862,0.4926528474689102,0.3284516564747527,0.2644678128262482,2.4365595091928736,,,94.16508207448472,94.16508207448472,True,80.30046267760592,80.30046267760592,83.76661752682561,21.0,True,True,True,True,True,True,True,True,True,False,True,True,False,True,True,True,False,12,False,0.11212009288674651,0.2155081219317636,1.0,1956132487.6000001,0.07506950880444857,2.0,1.0,,,,,,0.00743132986286912,-0.07362223886027894,0.2507232187206807,-0.2914288336946613,0.48619402985074633,-0.2914288336946613,0.6258987611361,-21.0,0.9776119402985075,0.9552238805970149,0.6716417910447762,0.9317164179104478,0.9097014925373135,宇瞻
76.9000015258789,77.4000015258789,76.5,76.5999984741211,174811.0,0.01726421473674744,76.4,0.00524936406691201,76.275,0.05951381325312077,75.3185499827067,0.07360309690311828,73.875927734375,0.0007872546195902044,50.0,197896.6,0.8833451408462804,0.004260878061240092,8341.TW,2026-08-12,-0.004325899027792013,0.12996776232477103,neutral,0.3113994439295644,0.3784786641929499,2026-03-31,2026-05-15,1094646000.0,539859000.0,345828000.0,344164000.0,119151000.0,195872000.0,1.51,2233932000.0,1891529000.0,10321452000.0,4779515000.0,5541937000.0,865567000.0,49984000.0,2326500000.0,,0.3462041352378517,226100916.3189642,8429923000.0,0.0268212315010426,0.03534359917841,0.0189771749168624,0.8624268013151358,0.4931813572607034,0.3159267927713617,0.1789363867405535,0.1339897752523813,,,73.16523557009408,73.16523557009408,False,56.55112324905933,56.55112324905933,60.70465132931801,134.0,True,False,True,True,True,True,True,True,True,False,True,True,True,True,True,False,False,12,False,0.017013716962270387,0.03687359094210829,1.0,15158879.258033752,0.5940685820203893,1.0,3.0,,,,,,0.05489070751968396,0.04332404568598539,0.18531994729963208,-0.44172922077844773,0.6638059701492538,-0.44172922077844773,0.6029249270766158,-134.0,0.8134328358208955,0.2462686567164179,0.6343283582089553,0.7865671641791045,0.6074626865671642,日友
13.0,13.100000381469728,12.899999618530272,13.050000190734863,86172.0,-0.003816808341898348,12.970000076293946,0.03980808266478797,12.922618103027343,0.08750001589457201,12.416751925150553,0.08298755055364149,12.342959300676982,0.010151237980934008,47.61906059421196,126085.15,0.6834428955352791,0.00985729723589679,8411.TW,2026-08-12,-0.004325899027792013,0.12996776232477103,neutral,0.1835032437442076,0.3051948051948052,2026-03-31,2026-05-15,2726482000.0,240600000.0,69628000.0,61624000.0,19776000.0,41688000.0,0.19,5684691000.0,4777607000.0,13494274000.0,7266361000.0,6227913000.0,1476105000.0,1130770000.0,1174037000.0,1103389000.0,0.3209139296378034,47283404.90717903,8716667000.0,0.0054244821910919,0.0066937351244309,0.0030893103252535,1.16674092910418,0.0882455853367086,0.025537670888713,0.0152900330902606,0.2387255467647537,,,26.84034715613582,26.84034715613582,False,62.68647399412838,62.68647399412838,53.72494228463023,740.0,True,False,True,True,True,True,True,False,True,False,True,True,False,True,False,False,False,10,False,0.050999510129669634,0.05728293133228601,1.0,1645411.2315488337,0.8841519925857275,0.0,3.0,,,,,,0.09427309549589494,0.06463307176688457,0.2714426189067228,-1.0695236527065823,0.8451492537313433,-1.0695236527065823,0.8245554886856041,-740.0,0.208955223880597,0.08208955223880597,0.917910447761194,0.31529850746268656,0.3126865671641791,福貞-KY
171.5,181.0,171.5,179.0,422542.0,0.07507507507507505,170.6,0.11180124223602483,163.325,0.3512079264486019,148.02826690673828,0.3368335116394299,141.87345301310222,0.014598540145985366,75.25773195876289,211000.4,2.0025649240475376,0.09597428440226552,8462.TW,2026-08-12,-0.004325899027792013,0.12996776232477103,neutral,0.0685820203892493,0.06493506493506493,2026-03-31,2026-05-15,1626910000.0,546235000.0,263101000.0,241835000.0,49259000.0,191204000.0,2.42,2261807000.0,3161235000.0,12373315000.0,9648191000.0,2725124000.0,1414659000.0,,386628000.0,,0.2036884652759112,209510361.09744248,9212080000.0,0.0227430027851953,0.0701634127474566,0.0154529323790754,3.5404594433134053,0.3357499800234801,0.161718226576762,0.1175258619100011,0.2017296409310929,,,59.6562061392525,59.6562061392525,False,80.96231209807188,80.96231209807188,75.63578560836703,269.0,True,True,True,True,True,True,True,False,True,True,True,True,True,True,False,False,False,13,False,0.209228505747316,0.26168776609299194,1.0,37769071.6,0.46987951807228917,2.0,3.0,,,,,,0.11289976094138435,0.0662979579952913,0.47099929033713334,-0.19689528019101327,0.9537313432835821,-0.19689528019101327,0.9789529624604251,-269.0,0.6716417910447762,0.8134328358208955,1.0,0.7208955223880598,0.7798507462686568,柏文
398.0,404.5,388.5,391.0,643137.0,0.04127829560585883,386.2,0.11079545454545459,374.675,0.2334384858044165,352.7583333333333,-0.017939072046868065,355.0838762919108,0.017240209054503557,70.76923076923077,492671.3,1.3054078855415365,0.043571094948955835,8464.TW,2026-08-12,-0.004325899027792013,0.12996776232477103,neutral,0.06950880444856349,0.1261595547309833,2026-03-31,2026-05-15,7305395000.0,4316539000.0,2053372000.0,2325863000.0,594429000.0,1647198000.0,5.62,27155869000.0,11007979000.0,42576950000.0,14807659000.0,27769291000.0,19344343000.0,569716000.0,669863000.0,,0.2555735226021481,1528584484.7473822,31568971000.0,0.048420472265231,0.0593172508437467,0.0386875527720985,0.5332386412026148,0.5908700350905051,0.2810761088209467,0.2254769249301372,0.0044846681027981,,,84.51846605538479,84.51846605538479,False,75.93673729019432,75.93673729019432,78.08216948149193,62.0,True,True,True,True,True,True,True,True,True,True,True,True,True,True,True,False,False,14,False,0.10840755002244218,0.10114828102913598,1.0,192634478.29999998,0.2743280815569972,2.0,2.0,,,,,,0.0380791048608999,0.003464611955764292,0.2852491888425172,-1.2044436425799527,0.651865671641791,-1.2044436425799527,0.6977321369761957,-62.0,0.917910447761194,0.8582089552238806,0.7910447761194029,0.8988805970149253,0.8746268656716418,億豐
41.59999847412109,41.95000076293945,40.79999923706055,41.59999847412109,75953.0,0.05583748383352649,40.12999954223633,0.01835985380697469,39.97500019073486,0.3020343499451552,40.22333329518636,-0.06726457629232285,40.158750009536746,-0.0019972518656219537,58.28569684709818,75194.3,1.0100898605346416,0.04065036336792449,9906.TW,2026-08-12,-0.004325899027792013,0.12996776232477103,neutral,0.24559777571825764,0.0862708719851577,2026-03-31,2026-05-15,816381000.0,306274000.0,201630000.0,187387000.0,45564000.0,141823000.0,1.57,8659785000.0,5617273000.0,8706990000.0,7219023000.0,1487967000.0,408293000.0,1627500000.0,1600245000.0,,0.2431545411367917,152602749.87058866,3089717000.0,0.0493905266633121,0.095313269716331,0.0162884073600635,4.851601547614967,0.3751606174078035,0.2469802702414681,0.1737215834273458,9.044675484466318,,,76.13028720851204,76.13028720851204,False,55.931014988492585,55.931014988492585,60.98083304349745,111.0,True,False,True,True,True,False,False,True,True,True,True,True,True,True,True,False,False,11,False,0.034225536924844535,0.035888778018291934,1.0,3128082.7652626033,0.809082483781279,1.0,3.0,,,,,,0.10516281974193917,0.03167901546822539,0.36599691139468216,0.018202428575555603,0.9328358208955224,0.018202428575555603,0.9000488628287135,-111.0,0.8582089552238806,0.26865671641791045,0.9850746268656716,0.8772388059701492,0.7067164179104478,欣巴巴
71.9000015258789,73.19999694824219,70.5,71.0,1513888.0,0.053412439059646655,70.33999938964844,0.062874202939601,68.90500030517578,0.07082835619699646,70.75686442057291,-0.19309996925388917,73.7332108815511,0.011449534436712275,59.821404243028645,1646806.9,0.9192868939278795,0.030404175104065123,9910.TW,2026-08-12,-0.004325899027792013,0.12996776232477103,neutral,0.1371640407784986,0.34786641929499074,2026-03-31,2026-05-15,19234899000.0,3344905000.0,769321000.0,958444000.0,289836000.0,673975000.0,0.68,24566433000.0,14631896000.0,52201908000.0,23618799000.0,28583109000.0,4598062000.0,4354111000.0,1333384000.0,,0.3024026442859468,536676295.2952911,37570012000.0,0.0142846985328429,0.0235794853526955,0.0129109265508073,0.8263201529266813,0.1738977158133245,0.0399961029168908,0.0350391754071596,-0.0718012212911339,,,32.57163709905625,32.57163709905625,False,63.412548711863096,63.412548711863096,55.70232080866138,640.0,True,False,True,True,True,False,True,True,True,False,True,True,True,True,False,False,False,11,False,0.0034362118985644674,-0.03706892523562921,0.0,116923289.89999999,0.32344763670064874,1.0,3.0,,,,,,0.013845341372414968,-0.03370932667274532,0.13612037722405398,-2.107637545099434,0.23208955223880595,-2.107637545099434,0.3988862334554758,-640.0,0.3283582089552239,0.1044776119402985,0.373134328358209,0.33507462686567163,0.2701492537313433,豐泰
11.300000190734863,12.0,11.300000190734863,11.850000381469728,3096402.0,0.11267613201145443,11.389999961853027,0.0972222381658514,10.812500047683717,0.23374514681026182,10.384932883580525,0.20760121642321017,9.917186896006266,0.01836590343305468,69.35484863344644,1729943.15,1.7898865636133767,0.09595378767265461,9934.TW,2026-08-12,-0.004325899027792013,0.12996776232477103,neutral,0.08619091751621873,0.12430426716141002,2026-03-31,2026-05-15,4675859000.0,1599481000.0,215608000.0,179015000.0,65010000.0,114005000.0,0.28,10184466000.0,6401709000.0,16132102000.0,9818930000.0,6313172000.0,2756002000.0,2012873000.0,1745714000.0,,0.3631539256486886,137309108.39873755,9730393000.0,0.0141113630660896,0.0180582756180252,0.0070669649869558,1.5553084883478543,0.3420721197965978,0.0461108857217465,0.0243816162976685,0.0629297965528301,,,37.04526496126525,37.04526496126525,False,81.4372615898141,81.4372615898141,70.33926243267689,572.0,True,True,True,True,True,True,True,True,True,True,False,True,True,True,False,False,False,13,False,0.14107626060882894,0.19489533733016806,1.0,20499826.987420943,0.5532900834105653,0.0,3.0,,,,,,0.041485946701233914,-0.0223492138617581,0.2385868677943031,-1.410164206362271,0.5305970149253731,-1.410164206362271,0.6647724332881049,-572.0,0.3880597014925373,0.6791044776119403,0.7238805970149254,0.43843283582089554,0.5425373134328358,成霖
20.350000381469727,20.5,19.899999618530277,20.149999618530277,217982.0,0.025445293114840117,20.170000076293945,0.06896547537147524,19.512500190734862,0.09214085557143248,19.01858123143514,0.04404147228345634,18.954707288742064,0.020661701264778298,60.93749906867595,388535.75,0.5610346023499768,0.03267133486554008,9935.TW,2026-08-12,-0.004325899027792013,0.12996776232477103,neutral,0.12604263206672844,0.29777365491651203,2026-03-31,2026-05-15,1207014000.0,329361000.0,129050000.0,125078000.0,35715000.0,89363000.0,0.51,4101731000.0,3844659000.0,8361229000.0,5772111000.0,2589118000.0,430540000.0,854900000.0,1461115000.0,287107000.0,0.2855418219031324,92200827.88340075,4516570000.0,0.0204139043308087,0.0345148425062125,0.0106877828606297,2.22937347776347,0.2728725598874578,0.1069167383311212,0.0740364237697325,0.0157374361805349,,,40.70851081970746,40.70851081970746,False,76.4275454246314,76.4275454246314,67.49778677340042,498.0,True,True,True,True,True,True,True,True,True,False,True,True,False,True,False,False,False,12,False,0.059490157195588145,0.06306044781277853,1.0,7828995.214285375,0.696014828544949,0.0,3.0,,,,,,0.11203861090031653,0.07240706986312352,0.31149345040589843,-0.10661812105258155,0.9391791044776119,-0.10661812105258155,0.8991636420171869,-498.0,0.4626865671641791,0.5970149253731343,0.9776119402985075,0.5399253731343283,0.6059701492537313,慶豐富
21.149999618530277,21.799999237060547,21.149999618530277,21.700000762939453,757744.0,0.06372554748620307,21.029999923706054,0.0987342158450355,20.557499885559086,0.19129043505940713,19.59074239730835,0.03208559205955286,19.54827686945597,0.016691389958008507,73.52942001448459,594710.9,1.2741384090992782,0.05557586689726479,9940.TW,2026-08-12,-0.004325899027792013,0.12996776232477103,neutral,0.08526413345690455,0.16419294990723562,2026-03-31,2026-05-15,2876811000.0,665012000.0,209493000.0,232453000.0,69452000.0,159582000.0,0.22,16303412000.0,4204969000.0,30767900000.0,17352956000.0,13414944000.0,4695442000.0,404164000.0,8438314000.0,900000000.0,0.2987786778402516,146900958.44321218,26562931000.0,0.0055302992897588,0.0118958379550447,0.0051866393221506,1.2935541139791564,0.2311629092074522,0.0728212593736606,0.0554718401730249,0.2999785808018913,,,39.42870701490352,39.42870701490352,False,75.2530612325447,75.2530612325447,66.29697267813441,523.0,True,True,True,True,True,True,True,False,True,True,True,True,True,True,False,False,False,13,False,0.10766607629534763,0.11007230498384923,1.0,12905226.983728409,0.6255792400370713,0.0,3.0,,,,,,0.053800598053593586,0.013340160608458869,0.2372400599079864,-1.406288659126889,0.6272388059701492,-1.406288659126889,0.5043263922323865,-523.0,0.417910447761194,0.5373134328358209,0.48507462686567165,0.4279850746268657,0.4671641791044776,信義
85.9000015258789,86.19999694824219,85.4000015258789,85.69999694824219,852604.0,0.04131219648128259,84.5,0.036275696622788844,82.8,0.16440215658938695,80.84333330790201,0.10012830898048275,78.52500012715657,0.009263776584619042,71.59085687533324,1072363.05,0.7950702889287354,0.035024117732393556,9941.TW,2026-08-12,-0.004325899027792013,0.12996776232477103,neutral,0.19091751621872105,0.18552875695732837,2026-03-31,2026-05-15,9588907000.0,4187850000.0,1390166000.0,1382030000.0,301331000.0,1104074000.0,1.82,235100426000.0,237208150000.0,286724084000.0,244513555000.0,42210529000.0,7708912000.0,35439009000.0,3468847000.0,,0.2180350643618445,1087061066.716352,49515934000.0,0.0219537627365839,0.0261563649202311,0.0038506496719682,5.792714775026866,0.4367390360548913,0.1449764816782559,0.1151407558755132,-0.0112940820804001,,,41.17633903527033,41.17633903527033,False,67.55293206720462,67.55293206720462,60.95878380922105,492.0,True,False,True,True,True,True,True,True,True,True,True,True,False,True,False,False,False,12,False,0.06007500484725137,0.09137213383593812,1.0,91901510.11240768,0.35125115848007415,1.0,3.0,,,,,,0.06878409740659733,0.03336802265362087,0.2591924323894446,-0.8894837711685954,0.7794776119402984,-0.8894837711685954,0.7499500340257684,-492.0,0.4701492537313433,0.26119402985074625,0.835820895522388,0.525,0.48059701492537316,裕融
27.049999237060547,27.350000381469727,27.0,27.200000762939453,5344528.0,0.03030307408973032,26.920000076293945,0.03030307408973032,26.585000038146973,0.13569936937242577,25.744238948822026,-0.06044904849330002,25.74878617922465,0.009972457009006752,62.666676839192704,6247631.7,0.8554486334397721,0.023133373101749566,9945.TW,2026-08-12,-0.004325899027792013,0.12996776232477103,neutral,0.20945319740500462,0.22448979591836735,2026-03-31,2026-05-15,8802139000.0,2177505000.0,1558595000.0,3524918000.0,275592000.0,2706817000.0,0.99,56821154000.0,31229259000.0,206807304000.0,85163985000.0,121643319000.0,4687641000.0,7435539000.0,36077246000.0,,0.0781839464066965,1436737892.0502548,175578045000.0,0.0081829017520399,0.0222520811027854,0.0130885947819328,0.7001123094972441,0.247383618913539,0.1770700280920353,0.3075180930453381,0.2547092191019549,,,56.447152500431685,56.447152500431685,False,73.18007711704458,73.18007711704458,68.99684596289136,296.0,True,False,True,True,True,True,True,True,True,True,True,True,True,True,False,False,False,13,False,0.05654709067187391,0.05636050467053533,1.0,169935587.0065647,0.28266913809082483,0.0,3.0,,,,,,-0.020405120741880566,-0.06720733265920575,0.09604039764817841,-2.1952014461623723,0.1171641791044776,-2.1952014461623723,0.10461280292087949,-296.0,0.6343283582089553,0.6417910447761194,0.04477611940298507,0.5458955223880597,0.5186567164179104,潤泰新
212.5,213.0,206.0,207.5,367227.0,0.04271356783919589,211.5,0.07893501629186583,192.16136169433594,0.07512953367875652,194.7708307902018,0.2028985507246377,198.37708206176757,0.01746704325630245,68.0,345230.05,1.0637167882691556,0.07982165702001365,6782.TW,2026-08-12,-0.004325899027792013,0.12996776232477103,neutral,0.10843373493975904,0.33487940630797774,2026-03-31,2026-05-15,1228595000.0,562960000.0,345415000.0,320529000.0,79940000.0,240471000.0,3.82,2257209000.0,1785112000.0,6287420000.0,2055065000.0,4232355000.0,548061000.0,34008000.0,243227000.0,,0.2494002102773852,259268426.36703697,4502308000.0,0.0575856708086245,0.0568173038414783,0.0382463713255993,0.4855606394076111,0.4582144644899255,0.2811463500990969,0.1957284540471026,0.2971931691721623,,,94.77818654579036,94.77818654579036,False,62.78000300357411,62.78000300357411,70.77954888912817,18.0,True,False,True,True,True,False,True,True,True,False,True,True,True,True,True,False,False,11,False,0.0653545972882843,0.04598776150660333,1.0,71635235.375,0.3799814643188137,2.0,1.0,,,,,,0.019979706044738674,-0.0542900218279078,0.1597746002502508,-1.9807522034519949,0.2414179104477612,-1.9807522034519949,0.2299815562408083,-18.0,0.9850746268656716,0.7089552238805971,0.1417910447761194,0.8585820895522387,0.7335820895522388,視陽
184.0,184.5,181.5,183.0,154082.0,0.022346368715083775,182.2,0.03389830508474567,178.9,0.09530379045575743,177.05771713256837,0.061743005720781285,175.68812306722006,0.008313371847259372,66.66666666666666,237588.2,0.6485254739082159,0.022917831190609306,2753.TW,2026-08-12,-0.004325899027792013,0.12996776232477103,neutral,0.19925857275254866,0.2949907235621521,2026-03-31,2026-05-15,2262828000.0,824778000.0,283918000.0,279202000.0,56223000.0,236960000.0,3.56,2917896000.0,1963845000.0,8230737000.0,4333857000.0,3896880000.0,1488954000.0,111983000.0,92967000.0,946399000.0,0.2013703340233952,226745337.5047457,6266892000.0,0.0361814656299718,0.0608076204553386,0.0287896454473032,1.112135092689536,0.3644899214611097,0.1254704290383538,0.1047185203647824,0.0392582907012151,,,71.61820020352927,71.61820020352927,False,67.26099769795756,67.26099769795756,68.35029832435049,152.0,True,False,True,True,True,True,True,True,True,False,True,True,False,True,True,False,False,11,False,0.03356127574480405,0.04161850445623094,1.0,43478640.6,0.4569045412418906,2.0,3.0,,,,,,0.05033103598294404,0.006622853989598674,0.2070632993992893,-0.8832534300893367,0.6011194029850746,-0.8832534300893367,0.6086037480153259,-152.0,0.7835820895522388,0.6194029850746269,0.6492537313432836,0.7634328358208956,0.7074626865671643,八方雲集
109.0,113.0,109.0,110.5,4587752.0,0.018433179723502224,108.4,0.009132420091324311,105.6150001525879,0.0625,102.32666664123535,-0.3220858895705522,108.1683333714803,0.001184946438706906,64.53488629982283,5375668.75,0.8534290733594774,0.04625289817123024,6919.TW,2026-08-12,-0.004325899027792013,0.12996776232477103,neutral,0.28544949026876737,0.3692022263450835,2026-03-31,2026-05-15,2000.0,1000.0,-245831000.0,-107754000.0,0.0,-107754000.0,-0.07,5029205000.0,111245000.0,9536630000.0,173792000.0,9362838000.0,2539089000.0,,,,-0.0,-245831000.0,9425385000.0,-0.0260817993111156,-0.0115086899933545,-0.0112989599051237,0.0185618933062817,0.5,,,inf,,,50.0,50.0,False,67.13321636999815,67.13321636999815,62.84991227749862,367.0,True,False,True,True,True,True,True,True,True,False,True,True,True,True,False,False,False,12,False,0.07987491068599883,0.02155590786919226,1.0,594011396.875,0.15384615384615385,2.0,3.0,,,,,,-0.046560037919149776,-0.13752280063393996,0.32481003685037874,-2.197389930855879,0.27798507462686567,-2.197389930855879,0.3084746496014551,-367.0,0.5597014925373134,0.35074626865671643,0.23880597014925373,0.5115671641791044,0.43283582089552236,康霈*
120.0,123.5,116.0,117.0,418179.0,-0.1333333333333333,126.6,0.1406250244054279,119.843013381958,0.10377358490566047,106.56500027974447,0.09345794392523366,102.97500025431314,0.062343883911522104,57.89473684210526,458346.8,0.9123637385490637,-0.023722812884359623,6863.TW,2026-08-12,-0.004325899027792013,0.12996776232477103,neutral,0.04541241890639481,0.2782931354359926,2026-03-31,2026-05-15,1157370000.0,223613000.0,68416000.0,80896000.0,34956000.0,45907000.0,0.61,5096074000.0,2474763000.0,9764137000.0,3582789000.0,6181348000.0,2521706000.0,1475885000.0,,964996000.0,0.4,41049600.0,7289374000.0,0.0056314300789066,0.0074266972187943,0.0047015931873958,0.5796128934983114,0.1932078764785678,0.0591133345429724,0.0396649299705366,0.010705512391375,,,29.24496016715193,29.24496016715193,False,73.23000664924753,73.23000664924753,62.23374502872363,694.0,True,False,True,True,False,True,True,True,True,False,True,True,True,True,False,False,False,11,False,0.09792145350595916,0.13619810353046757,1.0,53626575.6,0.42168674698795183,2.0,3.0,,,,,,0.016857126472163097,-0.03763702985595726,0.22848173099306593,-1.7711124577709403,0.3738805970149254,-1.7711124577709403,0.3370683499649146,-694.0,0.26119402985074625,0.31343283582089554,0.26865671641791045,0.26231343283582087,0.2783582089552239,永道-KY
