Open,High,Low,Close,Volume,ret5,ma5,ret20,ma20,ret60,ma60,ret120,ma120,ma20_slope,rsi14,volume_ma20,volume_ratio,ma20_deviation,symbol,date,benchmark_ret20,benchmark_ret60,market_regime,rs20_rank_pct,rs60_rank_pct,period_date,as_of_date,revenue,gross_profit,operating_income,pretax_income,tax_expense,net_income_parent,eps,current_assets,current_liabilities,assets,liabilities,equity,cash,short_borrowings,long_borrowings,bonds_payable,tax_rate,nopat,invested_capital_proxy,roic_proxy,roe,roa,debt_to_equity,gross_margin,operating_margin,net_margin,revenue_growth,pe,pb,eva_like_score,fundamental_score,fundamental_pass,technical_score,score,final_score,fundamental_rank,pass_market,pass_score,pass_rs20,pass_rs60,pass_close_ma20,pass_ma20_ma60,pass_ma20_slope,pass_rsi,pass_ret20_benchmark,pass_ret60_benchmark,pass_ret5_cap,pass_ret20_cap,pass_volume_ratio,pass_ma20_deviation,pass_fundamental_score,pass_fundamental_filter,pass_fundamental_universe,entry_pass_count,entry_all_pass,close_ma60_ratio,close_ma120_ratio,above_ma120,turnover20,liquidity_rank,price_bucket,eva_rank_bucket,forward_60d_return,forward_60d_max_drawdown,reward_60,fwd60_rank_label,top_quantile_60,reg_forward60,reg_reward60,cls_topq60,rank_forward60,ensemble_score,ranker_score,stable_ensemble_score,fundamental_rank_score,fundamental_score_rank,final_score_rank,stable_ml_rank,fund_ml_85_15,fund_final_ml,name
24.950000762939453,25.700000762939453,24.64999961853028,24.700000762939453,46606895.0,0.0206611563734209,24.5,0.0122951290614505,24.312499809265137,0.0122951290614505,23.977778911590576,-0.0463320028287677,24.16222276687622,0.0049602181510164,68.85246516747125,28712782.65,1.6232106643275832,0.0159383426926196,1101.TW,2026-08-24,0.0231641811158902,-0.0151802509578546,neutral,0.404828226555246,0.4099350046425255,2026-03-31,2026-05-15,33168148000.0,6208390000.0,2792191000.0,2132735000.0,927996000.0,718189000.0,0.1,184722314000.0,82516661000.0,597615286000.0,292869670000.0,304745616000.0,97044326000.0,5704442000.0,70674580000.0,98473452000.0,0.4,1675314600.0,515098625000.0,0.0032524152049522,0.0023566836150975,0.0012017580822054,0.961029969336786,0.1871792781435972,0.0841829034289162,0.021652972604922,-0.0511527050022949,,,23.33964555046912,23.33964555046912,False,60.01658981174431,60.01658981174431,50.84735374642551,801.0,True,False,False,True,True,True,True,True,False,True,True,True,True,True,False,False,False,11,False,0.0301204650360573,0.022256975330948,1.0,709205753.3611146,0.1355617455896007,0.0,3.0,,,,,,-0.0050857928363181,-0.0607974404853087,0.1289196038132241,-1.6450557603212252,0.3038793103448275,-1.6450557603212252,0.217759829531048,-801.0,0.1810344827586207,0.0689655172413793,0.146551724137931,0.1758620689655172,0.1405172413793103,台泥
76.80000305175781,77.5,76.19999694824219,77.4000015258789,12938408.0,0.0292553812090035,77.35999908447266,0.0439399561595501,75.48153457641601,0.0779944044025218,75.67948443094889,0.0473612980748632,73.65807545979818,0.0092128691731998,68.42105263157895,17742775.55,0.729221195609387,0.0254163744845525,1216.TW,2026-08-24,0.0231641811158902,-0.0151802509578546,neutral,0.2516248839368616,0.233983286908078,2026-03-31,2026-05-15,175017371000.0,59125238000.0,10253052000.0,13286190000.0,3522350000.0,6544541000.0,1.15,241807588000.0,273723981000.0,749062049000.0,525351793000.0,223710256000.0,107370831000.0,48103130000.0,39421781000.0,54500000000.0,0.2651136255013664,7534828211.825964,475338068000.0,0.0158515143622495,0.0292545416424716,0.0087369811469383,2.348358105673975,0.3378249693854674,0.0585830534501629,0.0373936653407963,0.033984250237258,,,36.04802884719801,36.04802884719801,False,55.47408848115053,55.47408848115053,50.6175735726624,590.0,True,False,True,True,True,False,True,True,True,True,True,True,False,True,False,False,False,11,False,0.0227342602538451,0.0508013010484238,1.0,1373290854.643327,0.0993500464252553,1.0,3.0,,,,,,0.0269142350599682,-0.009594598507864,0.2072775639834912,-1.0727751239314822,0.6698275862068966,-1.0727751239314822,0.666949205660624,-590.0,0.3793103448275862,0.0603448275862069,0.7844827586206896,0.4400862068965517,0.3646551724137931,統一
25.5,25.549999237060547,25.299999237060547,25.5,57391.0,-0.0019569173602174,25.469999694824217,0.0851063829787233,24.982499980926512,0.0450819835519316,24.749391555786136,-0.08273378777631,25.359695800145467,0.0192778434126539,63.26532518802996,108239.7,0.5302213513156449,0.020714500929394,1236.TW,2026-08-24,0.0231641811158902,-0.0151802509578546,neutral,0.1541318477251625,0.3036211699164345,2026-03-31,2026-05-15,545487000.0,153231000.0,25153000.0,27178000.0,7201000.0,19977000.0,0.23,655326000.0,634194000.0,3381286000.0,926736000.0,2454550000.0,37670000.0,70000000.0,268492000.0,,0.2649569504746486,18488537.824711163,2747092000.0,0.0067302215669191,0.0081387627059949,0.0059081071521308,0.3775584119288668,0.2809067860462302,0.0461110897234947,0.0366223209719021,0.0572006674767866,,,35.61630643064442,35.61630643064442,False,71.99469574441713,71.99469574441713,62.90009841597395,594.0,True,False,True,True,True,True,True,True,True,True,True,True,False,True,False,False,False,12,False,0.0303283594880285,0.0055325663588492,1.0,2760112.35,0.8096564531104921,0.0,3.0,,,,,,0.0259061141626908,-0.0015449314408888,0.1594850168998862,-1.6154550785270043,0.5297413793103448,-1.6154550785270043,0.5300519844531814,-594.0,0.3620689655172414,0.396551724137931,0.5431034482758621,0.3892241379310344,0.4086206896551724,宏亞
189.0,190.0,179.0,180.0,74233317.0,-0.1022443890274313,189.1,0.0344827586206897,179.425,0.8348624138611402,164.60684700012206,1.1176470588235294,124.69759012858071,-0.0018080667593879,55.62130177514793,90459311.5,0.8206265974067247,0.0032046816218476,1303.TW,2026-08-24,0.0231641811158902,-0.0151802509578546,neutral,0.2915506035283194,0.0046425255338904,2026-03-31,2026-05-15,68596393000.0,8188671000.0,3741833000.0,16080166000.0,1405348000.0,14254717000.0,1.8,193418745000.0,131197270000.0,647743623000.0,247168932000.0,400574691000.0,42831248000.0,24400300000.0,40333444000.0,51357530000.0,0.0873963614554725,3414810410.6259847,516546353000.0,0.0066108499088096,0.0355856655956329,0.0220067268805825,0.6170358176722652,0.1193746586646327,0.054548538725644,0.207805634911445,0.046448302712712,,,40.56631725411971,40.56631725411971,False,60.428144196677046,60.428144196677046,55.46268746103772,500.0,True,False,True,True,True,True,False,True,True,True,True,True,True,True,False,False,False,12,False,0.0935146579890842,0.4434922103498129,1.0,16282676070.0,0.0092850510677808,2.0,3.0,,,,,,-0.0623556191950626,-0.1359124870309988,0.1523220848741493,-1.6172264158023002,0.1663793103448275,-1.6172264158023002,0.1586158124034283,-500.0,0.4741379310344827,0.1724137931034483,0.0862068965517241,0.4159482758620689,0.3060344827586206,南亞
11.550000190734863,11.949999809265137,11.199999809265137,11.300000190734863,10286618.0,0.0462962954786743,10.839999961853028,0.1133005532438742,10.239000082015991,0.1188118578160404,10.406333398818967,-0.1503759376930876,11.07566667397817,0.0143649720470633,72.89376073756361,2861603.15,3.5947045976658223,0.1036234105108013,1316.TW,2026-08-24,0.0231641811158902,-0.0151802509578546,neutral,0.1132776230269266,0.1727019498607242,2026-03-31,2026-05-15,1897267000.0,610043000.0,55716000.0,79483000.0,38515000.0,-63701000.0,-0.19,17988375000.0,10662365000.0,26109463000.0,12103585000.0,14005878000.0,2458006000.0,6168829000.0,315546000.0,409198000.0,0.4,33429600.0,15447098000.0,0.0021641346484627,-0.0045481618503316,-0.002439766761959,0.8641789540077387,0.3215377698552707,0.0293664518488963,-0.0335751372895854,1.492291666119324,,,36.14498711992685,36.14498711992685,False,65.91940677190755,65.91940677190755,58.47580185891238,589.0,True,False,True,True,True,False,True,False,True,True,True,True,False,True,False,False,False,10,False,0.085877201668103,0.0202546287605203,1.0,32336116.140807483,0.4939647168059424,0.0,3.0,,,,,,-0.0172269020590492,-0.0730151125548471,0.2431967367314413,-1.7236538179463456,0.378448275862069,-1.7236538179463456,0.2899987306328709,-589.0,0.3879310344827586,0.2241379310344827,0.1982758620689655,0.3594827586206896,0.3008620689655172,上曜
45.5,45.84999847412109,45.20000076293945,45.59999847412109,81679.0,0.0066224998258963,45.35,0.0235690068471889,44.98500003814697,0.0,44.49333330790202,0.0604650807935136,42.86833327611287,0.0028423332026121,63.33332203050744,119047.35,0.6861051505976403,0.013671188961934,1339.TW,2026-08-24,0.0231641811158902,-0.0151802509578546,neutral,0.3389043639740018,0.4512534818941504,2026-03-31,2026-05-15,394676000.0,97156000.0,-1039000.0,239290000.0,15507000.0,206388000.0,2.78,1829193000.0,837135000.0,5225726000.0,1066079000.0,4159647000.0,705809000.0,,152479000.0,,0.0648042124618663,-971668.4232521208,4388591000.0,-0.0002214078330042,0.0496167102641161,0.0394946080219284,0.2562907381323463,0.2461664757928022,-0.0026325390953592,0.5229302009749769,-0.2023637499065291,,,43.397534008094304,43.397534008094304,False,62.09821774635687,62.09821774635687,57.42304681179123,459.0,True,False,True,True,True,True,True,True,True,True,True,True,False,True,False,False,False,12,False,0.0248726063871354,0.0637222161266146,1.0,5428558.978348159,0.7260909935004642,1.0,3.0,,,,,,0.0097416321700947,-0.0128082698578749,0.155653310154779,-1.130846519679832,0.5258620689655173,-1.130846519679832,0.5463733245378317,-459.0,0.5,0.2068965517241379,0.5775862068965517,0.5116379310344827,0.4275862068965517,昭輝
30.299999237060547,30.64999961853028,29.049999237060547,29.450000762939453,26190181.0,0.0689655745370403,28.960000228881835,0.0728597429658444,27.63499994277954,0.148148194967767,27.569470818837484,0.0120275043601922,27.06140206654867,0.0151529030785023,67.16420034918733,19148394.3,1.3677481563036331,0.06567761258976,1402.TW,2026-08-24,0.0231641811158902,-0.0151802509578546,neutral,0.1782729805013927,0.1318477251624883,2026-03-31,2026-05-15,61298588000.0,13425322000.0,4896381000.0,7132853000.0,1579509000.0,3092903000.0,0.61,166621578000.0,157755773000.0,679737079000.0,356159064000.0,323578015000.0,47148878000.0,35989865000.0,71488233000.0,85137297000.0,0.2214414064049827,3812119505.065365,521981306000.0,0.0073031724723593,0.0095584460520285,0.0045501460719932,1.1006899340797305,0.2190151916712991,0.0798775495448606,0.0504563498265245,-0.0379277396462631,,,28.35795292059996,28.35795292059996,False,78.04420830847592,78.04420830847592,65.62264446150694,711.0,True,True,True,True,True,True,True,True,True,True,True,True,True,True,False,False,False,14,False,0.0682105926682152,0.0882658884605021,1.0,563920226.7440655,0.1541318477251625,0.0,3.0,,,,,,-0.0036266634215504,-0.0591667473683707,0.1688321065037957,-1.57868249795965,0.3616379310344828,-1.57868249795965,0.2831495748810293,-711.0,0.25,0.5258620689655172,0.1810344827586207,0.239655172413793,0.3189655172413793,遠東新
20.5,20.600000381469727,19.350000381469727,19.350000381469727,416466.0,-0.0397021961392425,20.1,0.0573771141084396,19.44749984741211,0.3344827849289467,18.41499989827474,-0.0237232513172072,17.745895346005756,0.0266596290695482,45.45455596335579,362867.05,1.1477096087947365,-0.0050134704567362,1414.TW,2026-08-24,0.0231641811158902,-0.0151802509578546,neutral,0.2135561745589601,0.0389972144846796,2026-03-31,2026-05-15,113452000.0,12596000.0,-7033000.0,11377000.0,382000.0,10995000.0,0.06,876335000.0,611698000.0,4159720000.0,1289474000.0,2870246000.0,113194000.0,505000000.0,,,0.033576514019513,-6796856.376900765,3548022000.0,-0.0019156748117403,0.0038306821087809,0.0026432067543007,0.4492555690348492,0.1110249268413073,-0.0619909741564714,0.0969132320276416,-0.1489036091252128,,,15.88871955373819,15.88871955373819,False,68.84929780773702,68.84929780773702,55.60915324423731,936.0,True,False,True,True,False,True,True,False,True,True,True,True,True,True,False,False,False,11,False,0.0507738522052658,0.090393017888783,1.0,7021477.555922794,0.6833797585886723,0.0,3.0,,,,,,-0.0030062242779891,-0.0301611593626643,0.2134210922868333,-1.7331103592646473,0.421551724137931,-1.7331103592646473,0.4196673166568678,-936.0,0.0862068965517241,0.1810344827586207,0.3706896551724138,0.1288793103448275,0.171551724137931,東和
14.100000381469728,14.350000381469728,13.600000381469728,13.600000381469728,2267632.0,0.0036900509248003,13.570000267028808,0.0708661878520664,13.02000002861023,0.0836653525718698,13.274275096257528,0.0421456078694428,12.940470870335895,0.0144137154876847,72.41382145289498,2126100.4,1.0665686342940344,0.0445468780019202,1440.TW,2026-08-24,0.0231641811158902,-0.0151802509578546,neutral,0.1838440111420612,0.223769730733519,2026-03-31,2026-05-15,3372657000.0,294268000.0,-129416000.0,-64775000.0,8778000.0,-78150000.0,-0.05,12562200000.0,9846736000.0,45799105000.0,17769583000.0,28029522000.0,4400648000.0,5866840000.0,3989879000.0,,0.0,-129416000.0,35952369000.0,-0.0035996515278311,-0.002788131741954,-0.0017063652226391,0.6339595445116759,0.0872510901642236,-0.0383721202600798,-0.0231716418242353,-0.1955247737019332,,,12.51873256872129,12.51873256872129,False,58.1574148500105,58.1574148500105,46.74774427968819,1001.0,True,False,True,True,True,False,True,False,True,True,True,True,True,True,False,False,False,11,False,0.0245380845922074,0.0509664229178634,1.0,28914966.25104294,0.5097493036211699,0.0,3.0,,,,,,0.0178561421752758,-0.0107143395710277,0.1492760938703941,-1.6623633764940475,0.4491379310344828,-1.6623633764940475,0.4029349450634969,-1001.0,0.0517241379310344,0.0086206896551724,0.3534482758620689,0.0969827586206896,0.0991379310344827,南紡
10.199999809265137,10.25,9.949999809265137,10.0,1501917.0,0.006036259773603,10.018000030517578,0.1160714238197828,9.396500062942504,0.1614402321427246,9.521152941385903,0.2048192494215621,9.046576464176178,0.02525913849173,75.5020195683264,1338781.8,1.1218534640969873,0.0642260344825145,1455.TW,2026-08-24,0.0231641811158902,-0.0151802509578546,neutral,0.1095636025998143,0.116991643454039,2026-03-31,2026-05-15,1265739000.0,26904000.0,-45175000.0,-32149000.0,-5368000.0,-26781000.0,-0.05,3072494000.0,1880065000.0,9399593000.0,3651618000.0,5747975000.0,484215000.0,608371000.0,1509426000.0,,0.1669725341379203,-37632015.77031945,7519528000.0,-0.0050045715329897,-0.004659206068224,-0.0028491659160135,0.6352877317664047,0.0212555669059735,-0.0356906123616322,-0.0211583904738654,-0.319428201806952,,,12.511705122929076,12.511705122929076,False,65.1559159100057,65.1559159100057,51.99486321323654,1002.0,True,False,True,True,True,False,True,False,True,True,True,True,True,True,False,False,False,11,False,0.0502929699335754,0.105390535259312,1.0,13387818.0,0.5998142989786444,0.0,3.0,,,,,,0.0599116779222531,0.0269806895010304,0.1630542765621583,-1.514108198772202,0.6288793103448276,-1.514108198772202,0.6169511329118004,-1002.0,0.043103448275862,0.0948275862068965,0.7068965517241379,0.1426724137931034,0.1913793103448275,集盛
23.350000381469727,23.850000381469727,23.25,23.799999237060547,24049.0,0.0192718992821916,23.710000228881835,0.0438596505904498,23.347500133514405,0.0910734610688783,22.39365208943685,0.040218293174062,22.02151392300924,0.0108236863277212,56.94444738788496,14559.45,1.6517794284811582,0.019381051545497,1470.TW,2026-08-24,0.0231641811158902,-0.0151802509578546,neutral,0.2525533890436397,0.2079851439182915,2026-03-31,2026-05-15,191305000.0,51630000.0,23476000.0,33194000.0,6523000.0,26671000.0,0.31,639175000.0,186883000.0,1180792000.0,196077000.0,984715000.0,246931000.0,25000000.0,,,0.196511417726095,18862697.95746219,993909000.0,0.0189782947507892,0.0270849941353589,0.0225873820283335,0.1991205577248239,0.2698831708528266,0.1227150361987402,0.1394161156268785,-0.1058090510512195,,,51.74217296976339,51.74217296976339,False,73.90119255316525,73.90119255316525,68.36143765731478,341.0,True,False,True,True,True,True,True,True,True,True,True,True,True,True,False,False,False,13,False,0.0628011519517655,0.0807612646555173,1.0,346514.8988920212,0.979572887650882,0.0,3.0,,,,,,0.0899142746251006,0.0269117836979555,0.2397784896874436,-1.089737044854493,0.8181034482758622,-1.089737044854493,0.7969579807586417,-341.0,0.6206896551724138,0.6379310344827587,0.913793103448276,0.6646551724137931,0.6844827586206897,大統新創
100.0,103.5,99.0999984741211,102.5,110493.0,0.0280842842273243,100.81999969482422,0.1452513966480446,95.30999946594238,0.118995651828077,92.13053398132324,0.056701030927835,92.23110014597574,0.0304668119062376,76.21361129032368,133017.6,0.8306645135681293,0.0754380503026532,1558.TW,2026-08-24,0.0231641811158902,-0.0151802509578546,neutral,0.0789229340761374,0.1717734447539461,2026-03-31,2026-05-15,1926175000.0,466203000.0,115500000.0,190949000.0,37396000.0,79533000.0,1.23,7337752000.0,2436771000.0,13553818000.0,4826378000.0,8727440000.0,2321376000.0,528924000.0,448585000.0,1225737000.0,0.1958428690383296,92880148.62607291,11117047000.0,0.0083547500182443,0.0091129815845196,0.0058679406791503,0.5530118797723044,0.2420356405830207,0.0599633989642685,0.0412906407777071,-0.0577927547617254,,,30.82891502090822,30.82891502090822,False,74.624480050755,74.624480050755,63.67558879329331,666.0,True,False,True,True,True,True,True,False,True,True,True,True,True,True,False,False,False,12,False,0.1125518931734279,0.1113387982770615,1.0,13634304.0,0.5951717734447539,2.0,3.0,,,,,,0.0021081235886226,-0.0384779706369437,0.2392356700355647,-1.3985213784575206,0.5383620689655172,-1.3985213784575206,0.5632428324567458,-666.0,0.3017241379310345,0.4310344827586206,0.5948275862068966,0.3456896551724138,0.3991379310344827,伸興
20.299999237060547,21.14999961853028,20.299999237060547,20.950000762939453,692440.0,0.0475000381469725,20.179999923706056,0.0688775691426031,20.23249998092652,0.0516235881280395,19.874778175354,0.1259530356497045,19.699691899617516,0.0050918959713301,56.250000000000014,550349.95,1.2581812717526368,0.0354627842673587,1598.TW,2026-08-24,0.0231641811158902,-0.0151802509578546,neutral,0.1903435468895079,0.2859795728876508,2026-03-31,2026-05-15,1638270000.0,690078000.0,57360000.0,64104000.0,29471000.0,41640000.0,0.25,4112323000.0,3729262000.0,10177038000.0,5632832000.0,4544206000.0,828820000.0,2257573000.0,1564802000.0,0.0,0.4,34416000.0,6447776000.0,0.0053376544098306,0.009163316979908,0.0040915637732707,1.2395635233085824,0.4212236078302111,0.0350125437198996,0.0254170557966635,-0.1211837067061192,,,29.108093554474383,29.108093554474383,False,71.96916911356428,71.96916911356428,61.2539002237918,695.0,True,False,True,True,True,True,True,True,True,True,True,True,True,True,False,False,False,13,False,0.0540998534976755,0.0634684476129403,1.0,11529831.87238369,0.6230269266480966,0.0,3.0,,,,,,0.0360529642303946,0.0086698334904383,0.2205480724226277,-1.1745720711889052,0.7336206896551725,-1.1745720711889052,0.6235555461566457,-695.0,0.2672413793103448,0.3534482758620689,0.7155172413793104,0.3344827586206896,0.3827586206896551,岱宇
37.79999923706055,39.400001525878906,37.79999923706055,38.09999847412109,31595109.0,-0.0103896500228288,37.22999877929687,0.1669217976581847,35.47499952316284,-0.0024415381700461,35.95133612950643,0.085825648621296,34.12114458084106,0.0298279869973167,68.20083508373182,34074696.2,0.9272308347095402,0.0739957430935069,1605.TW,2026-08-24,0.0231641811158902,-0.0151802509578546,neutral,0.0612813370473537,0.4605385329619313,2026-03-31,2026-05-15,41070352000.0,3192789000.0,547321000.0,4060027000.0,562012000.0,3584927000.0,0.81,90410765000.0,60341422000.0,306209880000.0,131730308000.0,174479572000.0,13913788000.0,12903118000.0,50244505000.0,5300000000.0,0.1384256804203519,471557718.1666526,245868458000.0,0.0019179268540686,0.0205463995521492,0.0117074178011499,0.7549898620796709,0.0777395090258783,0.0133264258363307,0.0872874671247034,-0.0841324099926965,,,22.373994815385178,22.373994815385178,False,59.81348061817689,59.81348061817689,50.45360916747896,818.0,True,False,True,True,True,False,True,True,True,True,True,True,True,True,False,False,False,12,False,0.0597658550679338,0.1166096255608653,1.0,1298245873.2261398,0.1012070566388115,1.0,3.0,,,,,,-0.0019663317132728,-0.066584547935915,0.1849122641298424,-1.6653485538781363,0.3775862068965517,-1.6653485538781363,0.3167942705125122,-818.0,0.1551724137931034,0.0517241379310344,0.25,0.1693965517241379,0.143103448275862,華新
36.20000076293945,37.20000076293945,36.150001525878906,36.70000076293945,6254614.0,0.0096286740993276,35.75999984741211,0.2440678224725239,33.97000007629394,0.063768138056216,33.65704402923584,0.0440967046877471,33.33102196057637,0.0442668292894893,62.436549206291424,6567175.2,0.952405533508532,0.0803650479986501,1608.TW,2026-08-24,0.0231641811158902,-0.0151802509578546,neutral,0.0334261838440111,0.2636954503249767,2026-03-31,2026-05-15,3453119000.0,483830000.0,419422000.0,270760000.0,67589000.0,157429000.0,0.37,9405391000.0,5028451000.0,16894935000.0,5965058000.0,10929877000.0,686209000.0,3168114000.0,,,0.2496269759196336,314722954.5058354,11866484000.0,0.026522005549903,0.0144035472677322,0.009318118122384,0.5457571022985894,0.1401139086142122,0.1214617857073561,0.0455903778583941,0.2223962317651353,,,50.67079431646654,50.67079431646654,False,82.50574977500784,82.50574977500784,74.54701091037252,358.0,True,True,True,True,True,True,True,True,True,True,True,True,True,True,False,False,False,14,False,0.0904106947437326,0.1010763728261281,1.0,241015334.85035703,0.2441968430826369,1.0,3.0,,,,,,-0.0293543765668395,-0.1046248297447749,0.1692495861884254,-1.5001110147759276,0.2728448275862069,-1.5001110147759276,0.2869613584849028,-358.0,0.5948275862068966,0.8189655172413793,0.1896551724137931,0.5340517241379311,0.5810344827586207,華榮
17.049999237060547,17.149999618530273,16.5,16.649999618530273,12897648.0,-0.018608274346441,16.787677383422853,0.1522491237580867,15.595177698135377,0.7526315387926603,16.133559226989746,0.7112025078989328,12.897196292877195,0.0271298422954587,66.2289582687531,19705734.85,0.6545124096196798,0.0676376980636146,1714.TW,2026-08-24,0.0231641811158902,-0.0151802509578546,neutral,0.075208913649025,0.0092850510677808,2026-03-31,2026-05-15,7139550000.0,802314000.0,490214000.0,535557000.0,131252000.0,223134000.0,0.23,17219321000.0,4978429000.0,25588223000.0,7499378000.0,18088845000.0,5982998000.0,888587000.0,1280870000.0,,0.2450756875551995,370074466.90081537,20609794000.0,0.01795624288631,0.0123354476197899,0.0087201835000421,0.414585784775092,0.1123759900834086,0.0686617503904307,0.0312532302456037,0.3342708703208805,,,45.10051143692903,45.10051143692903,False,72.33812752052138,72.33812752052138,65.5287234996233,432.0,True,False,True,True,True,False,True,True,True,True,True,True,False,True,False,False,False,11,False,0.0320103198726648,0.2909782281693003,1.0,328100477.7353587,0.2116991643454039,0.0,3.0,,,,,,-0.0377611748808004,-0.125977245311049,0.2556618342785222,-1.83075532419314,0.3176724137931034,-1.83075532419314,0.3224453441419483,-432.0,0.5258620689655172,0.5172413793103449,0.2586206896551724,0.4857758620689655,0.4698275862068966,和桐
32.75,32.75,32.0,32.54999923706055,177070.0,0.0284360072473222,32.239999771118164,0.0316957218441178,31.872500133514404,0.0602605351187606,31.667467625935878,0.0707236725496449,31.406650479634603,0.0138638355570563,69.9999809265136,264807.85,0.6686735306374038,0.0212565409273852,1734.TW,2026-08-24,0.0231641811158902,-0.0151802509578546,neutral,0.3064066852367688,0.2683379758588672,2026-03-31,2026-05-15,826628000.0,362449000.0,91276000.0,88530000.0,20284000.0,73805000.0,0.39,2756927000.0,1162480000.0,6421008000.0,2612435000.0,3808573000.0,1091742000.0,348000000.0,1304453000.0,,0.2291200722918784,70362836.2814865,5258528000.0,0.0133807096361351,0.0193786491685993,0.0114943012062903,0.685935388398752,0.438466879902447,0.1104196809205591,0.0892844181421389,0.0261188425334568,,,51.45188702299607,51.45188702299607,False,60.870749649803365,60.870749649803365,58.51603399310154,347.0,True,False,True,True,True,True,True,True,True,True,True,True,False,True,False,False,False,12,False,0.0278687144027227,0.0364046703473628,1.0,8619495.315467643,0.6555246053853296,1.0,3.0,,,,,,0.0220496688990302,-0.002651706764299,0.1861012990186304,-1.3565090338611716,0.609051724137931,-1.3565090338611716,0.5233978683744311,-347.0,0.6120689655172413,0.2327586206896551,0.5344827586206896,0.6004310344827586,0.4827586206896551,杏輝
202.0,202.5,196.0,196.0,2259711.0,0.0681198910081744,191.6,0.0652173913043479,186.025,0.0051282051282051,192.09166666666667,-0.2686567164179104,206.8083333333333,0.0047258979206049,62.19512195121951,1412486.9,1.599810235408201,0.0536218250235183,1795.TW,2026-08-24,0.0231641811158902,-0.0151802509578546,neutral,0.1959145775301764,0.4336118848653668,2026-03-31,2026-05-15,8644409000.0,4385622000.0,1959197000.0,725899000.0,158698000.0,567201000.0,2.18,25895685000.0,16238147000.0,107533585000.0,83501410000.0,24032175000.0,6195264000.0,1566554000.0,43708074000.0,,0.2186227009542649,1530872060.1585069,91295438000.0,0.0167683303097632,0.0236017339254561,0.0052746404762753,3.474567324846794,0.5073362447334456,0.2266432557737608,0.0656147806055914,0.8276540746892458,,,55.57216115744945,55.57216115744945,False,66.42125632035595,66.42125632035595,63.70898252962933,301.0,True,False,True,True,True,False,True,True,True,True,True,True,True,True,False,False,False,12,False,0.0203461888855147,-0.0522625619534996,0.0,276847432.4,0.2274837511606313,2.0,3.0,,,,,,0.0145634375244943,-0.0192143324444436,0.2940528101104203,-1.0172833377269757,0.7047413793103448,-1.0172833377269757,0.7497178730841731,-301.0,0.6896551724137931,0.4396551724137931,0.853448275862069,0.7142241379310346,0.6474137931034483,美時
37.04999923706055,37.34999847412109,35.400001525878906,35.70000076293945,3631239.0,0.081818204937559,34.66999969482422,0.1104198777161176,33.09749994277954,0.210169517387778,31.74083331425985,0.1860465219434754,30.78125004768372,0.0197966391412251,66.16916773105034,2000406.35,1.815250686441782,0.0786313414807533,1808.TW,2026-08-24,0.0231641811158902,-0.0151802509578546,neutral,0.117920148560817,0.0872794800371402,2026-03-31,2026-05-15,5392216000.0,1474911000.0,1229561000.0,1153602000.0,211319000.0,942283000.0,1.06,46784978000.0,26633648000.0,51660398000.0,37973630000.0,13686768000.0,5845055000.0,11570200000.0,207356000.0,10980553000.0,0.1831818946222353,1004327686.4663897,25026750000.0,0.0401301681787043,0.068846275468394,0.0182399485191732,2.774477509957062,0.2735259492572256,0.2280251755493474,0.1747487489373571,173.44891620834682,,,72.1127428848662,72.1127428848662,False,83.29574491079453,83.29574491079453,80.49999440431245,148.0,True,True,True,True,True,True,True,True,True,True,True,True,True,True,True,False,False,14,False,0.1247341999335889,0.1597969773039111,1.0,71414508.22118893,0.3704735376044568,1.0,3.0,,,,,,0.0459988801375149,-0.0475284455656201,0.2072444519096954,-1.030249438948616,0.6478448275862069,-1.030249438948616,0.7158615577542988,-148.0,0.8189655172413793,0.896551724137931,0.8275862068965517,0.8202586206896552,0.8439655172413792,潤隆
11.449999809265137,11.550000190734863,11.449999809265137,11.550000190734863,396962.0,0.0,11.460000038146973,0.0500000173395329,11.247500038146972,0.1435643321286819,11.203333330154418,-0.0294117175642931,11.255416663487752,0.0098765466349695,57.142866874227096,114855.8,3.4561772239625688,0.0268948790008387,1906.TW,2026-08-24,0.0231641811158902,-0.0151802509578546,neutral,0.2367688022284122,0.138347260909935,2026-03-31,2026-05-15,824072000.0,66019000.0,17339000.0,-4285000.0,-126000.0,,-0.03,476045000.0,2439937000.0,5842498000.0,2763272000.0,3079226000.0,170426000.0,1450000000.0,,,0.0294049008168028,16829148.424737457,3402561000.0,0.0049460240168324,,,0.897391747146848,0.0801131454533099,0.0210406372258734,,0.0185447947514918,,,24.0907540514816,24.0907540514816,False,72.39379085405481,72.39379085405481,60.31803165341151,782.0,True,False,True,True,True,True,True,True,True,True,True,True,False,True,False,False,False,12,False,0.0309431889924556,0.0261726008067504,1.0,1326584.5119070054,0.9006499535747446,0.0,3.0,,,,,,0.0334275351901848,0.0011332238627081,0.1704527022879351,-1.214795891760187,0.6491379310344828,-1.214795891760187,0.6343192535594738,-782.0,0.1896551724137931,0.3017241379310345,0.7586206896551724,0.2749999999999999,0.3370689655172414,寶隆
31.200000762939453,31.700000762939453,30.700000762939453,31.0,1217721.0,0.0544217823887749,30.38000030517578,0.1051693705232554,29.782500076293942,0.2809916951521032,27.860000133514404,0.2301586929152141,26.3129167397817,0.0195994568516226,62.71186111919308,2014641.5,0.6044355782405951,0.0408797085733965,1907.TW,2026-08-24,0.0231641811158902,-0.0151802509578546,neutral,0.1262766945218198,0.0557103064066852,2026-03-31,2026-05-15,17964361000.0,2424583000.0,-77218000.0,452137000.0,195557000.0,208827000.0,0.13,69038373000.0,57579369000.0,178076390000.0,82625870000.0,95450520000.0,10428232000.0,15812770000.0,19190444000.0,964996000.0,0.4,-46330800.0,120497021000.0,-0.0003844974723482,0.0021878036913785,0.0011726821281585,0.8656408576925511,0.1349662812943917,-0.0042983994810614,0.0116245158956669,-0.0057560278150267,,,17.0350561108219,17.0350561108219,False,81.32351597508011,81.32351597508011,65.25140100901555,914.0,True,True,True,True,True,True,True,True,True,True,True,True,False,True,False,False,False,13,False,0.1127063837558388,0.1781286090998814,1.0,62453886.5,0.3890436397400185,1.0,3.0,,,,,,-0.00837409483965,-0.0892775661287872,0.226736792893211,-1.6668837298400618,0.3676724137931034,-1.6668837298400618,0.2979123572263668,-914.0,0.0948275862068965,0.5,0.2155172413793103,0.1129310344827586,0.2405172413793103,永豐餘
11.199999809265137,11.300000190734863,10.899999618530272,10.949999809265137,3496131.0,-0.0436681229981689,11.119999885559082,0.0895521991492087,10.408500051498413,0.2262037441273741,10.097166713078815,0.1196319129078846,9.724249998728434,0.0253669520483709,66.53696194837613,4656422.8,0.7508190622208963,0.0520247639033031,1909.TW,2026-08-24,0.0231641811158902,-0.0151802509578546,neutral,0.1476323119777158,0.0733519034354689,2026-03-31,2026-05-15,10760215000.0,1109471000.0,15988000.0,29258000.0,59036000.0,-27240000.0,-0.02,14658431000.0,22767425000.0,70430999000.0,49630869000.0,20800130000.0,2240646000.0,8614561000.0,26455684000.0,0.0,0.4,9592800.0,47663574000.0,0.0002012606104611,-0.0013096071995703,-0.0003867615167576,2.386084558125358,0.1031086274763097,0.0014858439166875,-0.0025315479291073,0.0525224624933875,,,8.894222198109352,8.894222198109352,False,76.92045010408359,76.92045010408359,59.91389312759003,1045.0,True,True,True,True,True,True,True,True,True,True,True,True,False,True,False,False,False,13,False,0.0844626141590441,0.1260508327837093,1.0,50987828.77185784,0.415041782729805,0.0,3.0,,,,,,0.0310335190800814,-0.0362179811065124,0.2888192650848245,-1.503406567404978,0.6564655172413794,-1.503406567404978,0.6069381319495974,-1045.0,0.0172413793103448,0.2672413793103448,0.6724137931034483,0.1155172413793103,0.2232758620689655,榮成
82.9000015258789,84.0,81.80000305175781,82.5,2068934.0,0.03125,81.64000091552734,0.1301369863013699,80.93000068664551,0.2204142287308332,73.12833340962727,0.1148749798953319,71.34684861501059,0.0316124957694911,50.0,3859239.1,0.536098942405512,0.0193994723839605,2006.TW,2026-08-24,0.0231641811158902,-0.0151802509578546,neutral,0.0956360259981429,0.0817084493964716,2026-03-31,2026-05-15,13602390000.0,2004381000.0,1390762000.0,1521134000.0,302993000.0,1211982000.0,1.66,28387625000.0,18568929000.0,51955456000.0,19405487000.0,32549969000.0,1294546000.0,5329132000.0,260000000.0,,0.1991888946010016,1113737654.5669217,33386527000.0,0.0333588951784928,0.0372345055075167,0.0233273287024946,0.596175283607797,0.1473550603974742,0.1022439438951537,0.089100665397772,-0.0619062729029651,,,52.210458028038886,52.210458028038886,False,71.7048306838073,71.7048306838073,66.8312375198652,335.0,True,False,True,True,True,True,True,True,True,True,True,True,False,True,False,False,False,12,False,0.1281537012183426,0.1563229715326615,1.0,318387225.75,0.2154131847725162,1.0,3.0,,,,,,0.0145024229259192,-0.022894798062285,0.2286789012128688,-1.1547698120933971,0.6086206896551725,-1.1547698120933971,0.6166215483488735,-335.0,0.6293103448275862,0.5862068965517241,0.6982758620689655,0.6396551724137931,0.6301724137931034,東和鋼鐵
40.400001525878906,42.84999847412109,40.400001525878906,41.900001525878906,8253847.0,0.0634517741923927,39.71000061035157,0.1356856774885166,38.50500011444092,0.0634517741923927,38.89439220428467,-0.0709533715412069,39.55552946726481,0.0169606214466378,70.04608926811623,2704744.05,3.051618507119001,0.088170403878657,2009.TW,2026-08-24,0.0231641811158902,-0.0151802509578546,neutral,0.0891364902506963,0.2646239554317549,2026-03-31,2026-05-15,799069000.0,89698000.0,74091000.0,76674000.0,0.0,,0.21,2492291000.0,1725805000.0,10283213000.0,1994285000.0,8288928000.0,115317000.0,1048111000.0,,,0.0,74091000.0,8557408000.0,0.0086581123629958,,,0.2405962508058943,0.1122531345853737,0.0927216548258035,,0.2957994749140937,,,52.89939291590058,52.89939291590058,False,63.05784006323999,63.05784006323999,60.51822827640514,325.0,True,False,True,True,True,False,True,True,True,True,True,True,False,True,False,False,False,11,False,0.0772761611958838,0.0592704001233082,1.0,113328779.82211187,0.3203342618384401,1.0,3.0,,,,,,-0.048941571396336,-0.135396731076528,0.1728802742679462,-2.0256611294038005,0.1603448275862068,-2.0256611294038005,0.1362411739774339,-325.0,0.6551724137931034,0.3362068965517241,0.0689655172413793,0.5672413793103448,0.4422413793103448,第一銅
21.850000381469727,22.14999961853028,21.75,21.950000762939453,264789.0,0.011520736922137,21.710000228881835,0.0281030618617919,21.35750017166138,0.0378251138930643,21.43416687647501,-0.03304387134612,21.872792450586957,0.0057687752041051,64.51616078833834,311725.35,0.849430436119488,0.0277420384649813,2020.TW,2026-08-24,0.0231641811158902,-0.0151802509578546,neutral,0.319405756731662,0.3286908077994429,2026-03-31,2026-05-15,1019550000.0,227468000.0,150605000.0,144594000.0,37472000.0,107154000.0,0.4,6020459000.0,4176897000.0,9016087000.0,4910199000.0,4105888000.0,726730000.0,3049213000.0,8147000.0,,0.2591532152094831,111575230.0233758,4839190000.0,0.0230565921204531,0.0260976431894878,0.0118847566577385,1.1958920944750564,0.2231062723750674,0.1477171301064195,0.105099308518464,-0.0651621971782945,,,44.504976240539534,44.504976240539534,False,55.60554832143658,55.60554832143658,52.83040530121232,438.0,True,False,True,True,True,False,True,True,True,True,True,True,True,True,False,False,False,12,False,0.0240659639087996,0.0035298790735989,1.0,6842371.670327568,0.6898792943361188,0.0,3.0,,,,,,0.0156318101825863,-0.0142410536385509,0.1430905457497834,-0.9470918057557124,0.5353448275862069,-0.9470918057557124,0.6100165799134675,-438.0,0.5172413793103449,0.1120689655172413,0.6810344827586207,0.5418103448275862,0.4284482758620689,美亞
13.100000381469728,13.199999809265137,12.699999809265137,12.949999809265137,728798.0,0.0196850396657184,12.729999923706057,0.1021276433417137,12.412499904632568,0.0882353129742827,12.75916665395101,0.0974575932153993,12.148333311080933,0.0205549847449353,71.42855845341295,569735.8,1.2791858963400229,0.0433031145024995,2025.TW,2026-08-24,0.0231641811158902,-0.0151802509578546,neutral,0.1290622098421541,0.2135561745589601,2026-03-31,2026-05-15,378787000.0,84115000.0,71616000.0,81289000.0,,,0.47,1385153000.0,642110000.0,2300356000.0,643754000.0,1656602000.0,85331000.0,603413000.0,,,,57292800.0,1658246000.0,0.0345502416408663,,,0.3885990720764553,0.2220641151887472,0.1890666786346944,,0.965417224453369,,,82.3791102091105,82.3791102091105,False,61.72437135213652,61.72437135213652,66.88805606638002,72.0,True,False,True,True,True,False,True,True,True,True,True,True,True,True,True,False,False,12,False,0.0149565532365731,0.0659898339678395,1.0,7378078.50133152,0.6787372330547818,0.0,2.0,,,,,,0.1601512467413396,0.1310758137008581,0.4750204231538434,-0.7332802798686741,0.9706896551724138,-0.7332802798686741,0.96667382981433,-72.0,0.8879310344827587,0.5948275862068966,0.9913793103448276,0.903448275862069,0.8206896551724139,千興
51.0,52.29999923706055,50.5,51.0,15773531.0,0.02,50.3,0.1447811643860541,46.90999984741211,0.2244897510582693,43.25563316345215,0.3915415518874787,40.75239992141724,0.0377170650720858,72.42524462216507,22272663.25,0.7082013867380678,0.08718823632257,2027.TW,2026-08-24,0.0231641811158902,-0.0151802509578546,neutral,0.0798514391829155,0.0761374187558031,2026-03-31,2026-05-15,31174326000.0,8517820000.0,5633209000.0,4716863000.0,1204326000.0,2914770000.0,1.17,89517343000.0,24455518000.0,159942793000.0,66551339000.0,93391454000.0,9252095000.0,11925609000.0,29968117000.0,,0.2553235063218923,4194918326.275959,135487275000.0,0.0309617144951506,0.0312102432841446,0.0182238283159154,0.7126063054977172,0.2732318896004359,0.1807002659816927,0.0934990543179666,0.1950875950100803,,,67.77515994414823,67.77515994414823,False,77.96670771583163,77.96670771583163,75.41882077291078,179.0,True,True,True,True,True,True,True,False,True,True,True,True,False,True,True,False,False,12,False,0.1790371859148112,0.251460039122682,1.0,1135905825.75,0.1077065923862581,1.0,3.0,,,,,,-0.0022618651894588,-0.0791408586431485,0.2890325226546076,-1.1589494470268924,0.5750000000000001,-1.1589494470268924,0.5741521239902644,-179.0,0.8017241379310345,0.8275862068965517,0.6206896551724138,0.7745689655172413,0.7732758620689655,大成鋼
46.650001525878906,47.25,46.0,46.09999847412109,1344429.0,0.0441675397700536,45.71999893188476,0.1257630675270336,42.89999961853027,0.2461577662036453,40.36433099110921,0.2703706693813121,38.77930084864298,0.0337349305669945,73.26731601268338,2220365.7,0.60549890497768,0.0745920485791473,2031.TW,2026-08-24,0.0231641811158902,-0.0151802509578546,neutral,0.0974930362116991,0.0659238625812441,2026-03-31,2026-05-15,4589073000.0,567832000.0,427931000.0,146733000.0,66925000.0,70724000.0,0.22,15811293000.0,10640609000.0,28813736000.0,17538865000.0,11274871000.0,1366991000.0,6979961000.0,6673974000.0,,0.4,256758600.0,18173127000.0,0.0141284766237533,0.0062727103485263,0.0024545237729671,1.5555712344735475,0.1237356651332415,0.0932499875247136,0.0154113913637895,-0.0896215532289155,,,22.130264986727884,22.130264986727884,False,76.6431163973802,76.6431163973802,63.01490354471712,823.0,True,True,True,True,True,True,True,False,True,True,True,True,False,True,False,False,False,12,False,0.1420974246860484,0.1887784840178283,1.0,102358855.3819908,0.3314763231197771,1.0,3.0,,,,,,0.0349558918558092,-0.0065685644911648,0.2698154480221707,-1.4273652145666091,0.728448275862069,-1.4273652145666091,0.6760218295552701,-823.0,0.146551724137931,0.4051724137931034,0.8017241379310345,0.2448275862068965,0.3551724137931035,新光鋼
21.89999961853028,22.350000381469727,21.39999961853028,22.0,604140.0,0.0022778694907823,22.25,0.4379084788065832,18.895000076293947,0.4239482376437911,16.793333307902017,0.3213213515942399,16.28333331743876,0.1012676667506274,76.37131141260994,891238.1,0.6778659933860548,0.1643291829144604,2033.TW,2026-08-24,0.0231641811158902,-0.0151802509578546,neutral,0.0083565459610027,0.0278551532033426,2026-03-31,2026-05-15,175517000.0,27282000.0,8642000.0,9338000.0,1877000.0,,0.09,382129000.0,130958000.0,1213456000.0,149464000.0,1063992000.0,47710000.0,72000000.0,,,0.2010066395373741,6904900.621118012,1082498000.0,0.0063786728669411,,,0.140474740411582,0.1554379347869437,0.0492373958078134,,-0.0245478897818088,,,33.37842346640696,33.37842346640696,False,84.05292479108635,84.05292479108635,71.3842994599165,620.0,True,True,True,True,True,True,True,False,True,True,True,False,False,False,False,False,False,10,False,0.3100436701061613,0.3510747198449184,1.0,19607238.2,0.5552460538532962,0.0,3.0,,,,,,-0.0036165074721586,-0.0721526507161298,0.1698562232320829,-1.6860303640553027,0.3288793103448275,-1.6860303640553027,0.4141782861604826,-620.0,0.3275862068965517,0.7672413793103449,0.3620689655172414,0.3327586206896551,0.4663793103448276,佳大
28.600000381469727,28.799999237060547,27.64999961853028,28.299999237060547,6457464.0,0.0290908813476562,27.929999923706056,0.274774696598407,25.11750001907349,0.5047741502592649,23.19549290339152,0.4588268445730747,21.42113666534424,0.0468896529792913,74.99999999999997,8933131.55,0.7228667756493522,0.1267044576717573,2103.TW,2026-08-24,0.0231641811158902,-0.0151802509578546,neutral,0.0232126276694521,0.0176415970287836,2026-03-31,2026-05-15,10330865000.0,1265731000.0,651038000.0,844918000.0,343164000.0,435719000.0,0.53,20606457000.0,11013075000.0,44846222000.0,22698723000.0,22147499000.0,6501177000.0,5243271000.0,6369581000.0,,0.4,390622800.0,33833147000.0,0.0115455650637524,0.0196735080561466,0.0097158462980449,1.0248887696078008,0.1225193630930227,0.0630187307645584,0.0421764295632553,-0.0044362000632366,,,30.459795491848286,30.459795491848286,False,83.86258124419685,83.86258124419685,70.5118848061097,673.0,True,True,True,True,True,True,True,False,True,True,True,True,False,True,False,False,False,12,False,0.2200645769817926,0.3211250028036625,1.0,252807616.04956156,0.2358402971216341,0.0,3.0,,,,,,0.0260495641452311,-0.0283448828672524,0.2565927858968597,-1.5263463439030915,0.6224137931034482,-1.5263463439030915,0.589426670166496,-673.0,0.293103448275862,0.7413793103448276,0.6551724137931034,0.3474137931034482,0.5,台橡
31.5,31.549999237060547,30.200000762939453,30.25,1224687.0,0.0254237288135592,29.94000015258789,0.0822897736772247,28.782500171661376,0.1182994770127463,28.745000171661378,0.2159189217286663,27.44986859957377,0.0146294160142294,64.14141355759133,1199129.25,1.021313590674233,0.0509858358233761,2108.TW,2026-08-24,0.0231641811158902,-0.0151802509578546,neutral,0.1606313834726091,0.1745589600742804,2026-03-31,2026-05-15,2595684000.0,706987000.0,322249000.0,400150000.0,120689000.0,166573000.0,0.34,14271694000.0,1850566000.0,18859782000.0,2404041000.0,16455741000.0,9490424000.0,110000000.0,24000000.0,,0.3016093964763214,225055673.59490192,17009216000.0,0.0132313960616939,0.0101224855204028,0.0088321805628506,0.1460913246021555,0.272370211474124,0.1241480087714837,0.0641730657506846,0.1428634327678053,,,48.999527692236406,48.999527692236406,False,76.75305789309652,76.75305789309652,69.8146753428815,386.0,True,True,True,True,True,True,True,True,True,True,True,True,True,True,False,False,False,14,False,0.0523569253557474,0.1020089181945922,1.0,36273659.8125,0.4726090993500464,1.0,3.0,,,,,,-0.0033047916788967,-0.0635211144818562,0.2015945069907616,-1.637138428005871,0.3935344827586207,-1.637138428005871,0.3476276280124645,-386.0,0.5603448275862069,0.7327586206896551,0.2758620689655172,0.5176724137931034,0.5551724137931034,南帝
14.850000381469728,14.899999618530272,14.800000190734863,14.850000381469728,52338.0,0.0136519295663655,14.730000305175782,0.0276817008639762,14.569999933242798,0.0531914879226282,14.566666666666666,0.0237884875165867,14.479799167315166,0.0032707926548301,76.4706212343907,95908.9,0.5457053516409843,0.0192176012017737,2109.TW,2026-08-24,0.0231641811158902,-0.0151802509578546,neutral,0.3240482822655524,0.2831940575673166,2026-03-31,2026-05-15,1087805000.0,247547000.0,119153000.0,187878000.0,44674000.0,113502000.0,0.41,3848121000.0,2285586000.0,8526981000.0,3577294000.0,4949687000.0,2144050000.0,1401000000.0,923772000.0,,0.2377819648921108,90820565.53721032,6241395000.0,0.0145513247498692,0.0229311469593935,0.0133109244643561,0.7227313565484039,0.2275656022908517,0.1095352567785586,0.1043403918900905,-0.1083894446516317,,,39.992057305842906,39.992057305842906,False,59.80016685966499,59.80016685966499,54.84813947120947,510.0,True,False,True,True,True,True,True,False,True,True,True,True,False,True,False,False,False,11,False,0.019450827103185,0.0255667367949554,1.0,1424247.201586342,0.8941504178272981,0.0,3.0,,,,,,0.0527018011223692,0.038638950143441,0.153758085686944,-1.15753828852026,0.6780172413793103,-1.15753828852026,0.6272968393224315,-510.0,0.4655172413793103,0.1551724137931034,0.7327586206896551,0.505603448275862,0.4258620689655172,華豐
66.0,66.0,61.900001525878906,63.5,304100.0,0.0672268907563025,63.44000091552734,0.0325203252032519,59.74500045776367,0.1524501226587902,58.21715463002523,0.3012295285401505,55.44691060384115,0.0016765928634724,61.34454320273712,101414.55,2.9985835365832614,0.0628504395926969,2248.TW,2026-08-24,0.0231641811158902,-0.0151802509578546,neutral,0.3026926648096564,0.1262766945218198,2026-03-31,2026-05-15,593726000.0,189022000.0,97021000.0,105639000.0,16593000.0,89046000.0,1.87,2515725000.0,1373717000.0,3197393000.0,1407252000.0,1790141000.0,637484000.0,196733000.0,,,0.1570726720245364,81781652.28750746,1823676000.0,0.0448443979563845,0.04974245045502,0.0278495636914198,0.7861123788573079,0.3183657107824147,0.1634103946938487,0.1499782728059744,0.3030050981106484,,,82.72406063393525,82.72406063393525,False,77.61701354457054,77.61701354457054,78.89377531691171,69.0,True,True,True,True,True,True,True,True,True,True,True,True,True,True,True,False,False,14,False,0.0907437919896236,0.1452396410991556,1.0,6439823.925,0.7010213556174559,1.0,2.0,,,,,,0.0402944521715323,-0.0052840467732638,0.3839122690706881,-0.6074651264564895,0.8706896551724138,-0.6074651264564895,0.8976865633122737,-69.0,0.9051724137931034,0.8793103448275862,0.9396551724137931,0.9103448275862068,0.904310344827586,華勝-KY
263.5,287.0,263.5,287.0,44354623.0,0.0992319158692307,271.9,0.3537735849056604,247.61896514892575,0.2238805970149253,227.4563217163086,0.7706406351581636,201.82649358113608,0.0622000015774641,65.5319525829076,34880510.2,1.2716162334116317,0.1590388475591488,2301.TW,2026-08-24,0.0231641811158902,-0.0151802509578546,neutral,0.0139275766016713,0.0779944289693593,2026-03-31,2026-05-15,43407292000.0,9402933000.0,4099305000.0,4969901000.0,1195242000.0,3775414000.0,1.66,165353065000.0,116511425000.0,210691221000.0,122427807000.0,88263414000.0,71133162000.0,13521025000.0,3000000000.0,,0.2404961386554782,3113437976.3289046,94179796000.0,0.0330584489302663,0.0427743934763275,0.0179191804104642,1.3870730969006029,0.2166210460675593,0.0944381649055647,0.0869764923368175,0.1919657430575541,,,57.60700281241379,57.60700281241379,False,89.86027771958213,89.86027771958213,81.79695899279004,287.0,True,True,True,True,True,True,True,True,True,True,True,True,True,False,False,False,False,13,False,0.2617807139163903,0.4220135072832913,1.0,10010706427.400002,0.022284122562674,2.0,3.0,,,,,,-0.0167725874586968,-0.0955117546941532,0.2873744164091645,-1.2539772315694209,0.4836206896551724,-1.2539772315694209,0.5127596824554794,-287.0,0.7068965517241379,0.9396551724137931,0.5,0.6758620689655171,0.7353448275862068,光寶科
40.0,42.59999847412109,39.5,41.59999847412109,136593036.0,-0.0012005534195899,39.78999938964844,0.1197845697298904,37.95249977111816,0.1335149212348183,37.44416650136312,0.4202721860916161,33.80666003227234,0.0210519153408147,63.29479093257643,101815977.3,1.341567793407607,0.096106942230421,2324.TW,2026-08-24,0.0231641811158902,-0.0151802509578546,neutral,0.1030640668523676,0.149489322191272,2026-03-31,2026-05-15,201303536000.0,10597495000.0,2644084000.0,3090596000.0,699988000.0,1967195000.0,0.45,372539532000.0,285043722000.0,452433934000.0,306525209000.0,145908725000.0,84569615000.0,55846516000.0,11898445000.0,,0.2264896479513983,2045226345.6860747,167390212000.0,0.0122183150451238,0.013482367144254,0.0043480270867569,2.100801093286231,0.0526443559342146,0.0131348115017711,0.009772282390509,0.0110778585236814,,,17.5664711440274,17.5664711440274,False,86.47638736771626,86.47638736771626,69.24890831179404,899.0,True,True,True,True,True,True,True,True,True,True,True,True,True,True,False,False,False,14,False,0.1109874343873211,0.2305267197176268,1.0,4235544500.321147,0.0399257195914577,1.0,3.0,,,,,,-0.0464180778021139,-0.0953846971317103,0.2549403290549878,-1.4794187115358195,0.3866379310344827,-1.4794187115358195,0.3683387866686117,-899.0,0.1034482758620689,0.6896551724137931,0.3103448275862069,0.1344827586206896,0.3206896551724138,仁寶
179.5,184.5,175.5,177.0,98981298.0,-0.024793388429752,175.8,0.1062499999999999,164.075,0.120253164556962,174.13333333333333,0.5815706806282723,140.65832061767577,0.0240287096270868,62.65822784810126,147237270.7,0.672257082255193,0.0787749504799635,2344.TW,2026-08-24,0.0231641811158902,-0.0151802509578546,neutral,0.1239554317548746,0.1671309192200557,2026-03-31,2026-05-15,38253064000.0,20415002000.0,12550494000.0,12688424000.0,2570746000.0,10114310000.0,2.25,110641935000.0,75046248000.0,229813688000.0,106920169000.0,122893519000.0,25520648000.0,5251103000.0,22148521000.0,4892959000.0,0.202605619106045,10007693393.043297,154767440000.0,0.0646627830313875,0.082301410866101,0.0440109120045103,0.870022844736019,0.5336827920503309,0.3280912085891995,0.2644052251605257,0.913359516665577,,,96.98400611250784,96.98400611250784,True,71.82516788673682,71.82516788673682,78.11487744317958,11.0,True,False,True,True,True,False,True,True,True,True,True,True,False,True,True,True,True,12,False,0.0164624808575803,0.2583685005105725,1.0,26060996913.9,0.0046425255338904,2.0,0.0,,,,,,-0.0813554996099103,-0.1825742990968005,0.1521097902351017,-1.443945625651017,0.1672413793103448,-1.443945625651017,0.2108307808714957,-11.0,0.9827586206896552,0.8448275862068966,0.1379310344827586,0.8560344827586207,0.7724137931034483,華邦電
47.29999923706055,49.0,47.20000076293945,48.84999847412109,1424775.0,0.0072164633839399,47.57999954223633,0.1089670674278278,46.68250007629394,0.1592603935248446,44.86548093159993,0.3298285195884818,41.04410422643026,0.0211078899641804,60.246909859157576,2557608.75,0.5570730863350385,0.0464306409100792,2362.TW,2026-08-24,0.0231641811158902,-0.0151802509578546,neutral,0.1207056638811513,0.1207056638811513,2026-03-31,2026-05-15,4941226000.0,1031961000.0,338299000.0,460047000.0,109186000.0,350861000.0,0.61,21268600000.0,19086193000.0,104921126000.0,60685209000.0,44235917000.0,8972993000.0,7767445000.0,28201977000.0,,0.2373366199540481,258008258.80616543,85834933000.0,0.0030058654418261,0.0079315864527008,0.0033440453164789,1.3718537585645618,0.2088471565558831,0.0684645875335392,0.0710068715739778,0.1924432336345798,,,31.430349126543067,31.430349126543067,False,81.39364173921837,81.39364173921837,68.90281858604955,655.0,True,True,True,True,True,True,True,True,True,True,True,True,False,True,False,False,False,13,False,0.0888103160778726,0.190183082194403,1.0,124939183.53489874,0.3110492107706592,1.0,3.0,,,,,,-0.0074987870919581,-0.0628386374343171,0.2123310045753762,-1.434574300313827,0.4400862068965517,-1.434574300313827,0.4269510164329683,-655.0,0.3103448275862069,0.6810344827586207,0.3879310344827586,0.3219827586206897,0.4370689655172414,藍天
81.19999694824219,81.19999694824219,74.4000015258789,74.5999984741211,1236813.0,-0.1532349629264244,80.98000030517578,0.0551626830865921,75.81000022888183,0.0906432282153741,71.62333323160807,0.1822504006036776,68.00666659673055,0.0340312360513018,55.76323402604736,551365.2,2.243182921228979,-0.0159609781177623,2364.TW,2026-08-24,0.0231641811158902,-0.0151802509578546,neutral,0.2191272051996286,0.2098421541318477,2026-03-31,2026-05-15,338915000.0,130350000.0,30596000.0,44068000.0,-15000.0,43646000.0,0.83,1165011000.0,950493000.0,1755551000.0,1003694000.0,751857000.0,599063000.0,350000000.0,,,0.0,30596000.0,805058000.0,0.0380047151882224,0.0580509325576539,0.0248617100841843,1.3349533222407983,0.3846097103993626,0.0902763229718365,0.128781552896744,-0.1059821890200796,,,61.7822396932274,61.7822396932274,False,67.36150113076758,67.36150113076758,65.96668577138253,244.0,True,False,True,True,False,True,True,True,True,True,True,True,True,True,True,False,False,12,False,0.0415599932062278,0.0969512579772218,1.0,41131843.078683466,0.4512534818941504,1.0,3.0,,,,,,0.0434494655848947,0.0026946865837367,0.3048007985090287,0.0879465497372044,0.8810344827586207,0.0879465497372044,0.9018581701377244,-244.0,0.7241379310344828,0.5431034482758621,0.956896551724138,0.759051724137931,0.7163793103448276,倫飛
5690.0,5705.0,5415.0,5430.0,1829061.0,-0.1448818897637795,5836.0,0.1277258566978192,5371.0,0.060546875,5231.833333333333,1.3405172413793105,4495.25,0.0443321018860587,55.68627450980392,2338228.9,0.7822420636405615,0.0109849190094954,2383.TW,2026-08-24,0.0231641811158902,-0.0151802509578546,neutral,0.096564531104921,0.2674094707520891,2026-03-31,2026-05-15,33067261000.0,9729153000.0,7128470000.0,7194158000.0,1855381000.0,5339793000.0,14.9,90741002000.0,68350963000.0,130976723000.0,83055788000.0,47920935000.0,22134504000.0,12291308000.0,10978888000.0,0.0,0.2579010636130038,5290030005.06661,62625760000.0,0.0844705118958494,0.1114292323386428,0.0407690227522336,1.733183795349569,0.2942231290338803,0.2155748551414645,0.1614827729457241,0.5252381635035763,,,86.0587773245522,86.0587773245522,True,70.4290977819569,70.4290977819569,74.33651766760572,55.0,True,False,True,True,True,True,True,True,True,True,True,True,False,True,True,True,False,12,False,0.0378770985314262,0.2079417162560479,1.0,12696582927.0,0.0148560817084493,3.0,2.0,,,,,,0.044816563082835,-0.0358141796379237,0.3212417184079595,0.7075663000194687,0.8254310344827587,0.7075663000194687,0.6318789559832372,-55.0,0.9224137931034484,0.8017241379310345,0.75,0.896551724137931,0.8517241379310345,台光電
41.45000076293945,45.20000076293945,41.45000076293945,44.25,7779252.0,0.0219399718170514,41.55999908447266,0.2394957718302457,38.30499954223633,0.1273885350318471,38.15831667582194,0.1784287855944024,37.40707496007283,0.03927287144807,75.40540952940243,4395157.8,1.769959658786313,0.1552016846053874,2392.TW,2026-08-24,0.0231641811158902,-0.0151802509578546,neutral,0.0362116991643454,0.1578458681522748,2026-03-31,2026-05-15,20284345000.0,3918165000.0,2024943000.0,2036754000.0,252111000.0,-210762000.0,-0.46,65961303000.0,65464823000.0,123191294000.0,95674753000.0,27516541000.0,21416412000.0,16445470000.0,26655579000.0,0.0,0.1237807805950055,1774293974.7996078,57726471000.0,0.0307362280088039,-0.0076594656283287,-0.0017108514177958,3.476990549066469,0.1931620173094078,0.0998278721841893,-0.0103903774068129,-0.0513983335778374,,,22.851074819845003,22.851074819845003,False,83.55117183137683,83.55117183137683,68.37614757849387,810.0,True,True,True,True,True,True,True,False,True,True,True,True,True,False,False,False,False,12,False,0.1596423494236027,0.1829313050333685,1.0,194485732.65,0.2683379758588672,1.0,3.0,,,,,,0.0439466611608063,0.0062502128160369,0.2846788935677907,-0.2365827763269436,0.8633620689655171,-0.2365827763269436,0.7690406019307552,-810.0,0.1637931034482758,0.646551724137931,0.8706896551724138,0.2698275862068965,0.45,正崴
45.29999923706055,48.20000076293945,45.29999923706055,47.75,13909291.0,0.0159574468085106,45.63000030517578,0.2733333333333334,41.39000005722046,-0.0031315557641029,44.96166677474976,0.8986083786982746,41.06416675249736,0.0461266270026694,71.82321047478024,6742985.85,2.0627792063363146,0.1536603028264562,2399.TW,2026-08-24,0.0231641811158902,-0.0151802509578546,neutral,0.0241411327762302,0.4633240482822655,2026-03-31,2026-05-15,434635000.0,71576000.0,-38003000.0,293376000.0,30236000.0,263140000.0,1.48,2477133000.0,591690000.0,3098844000.0,636030000.0,2462814000.0,675875000.0,60000000.0,,,0.1030622818499127,-34086324.10285777,2507154000.0,-0.0135956244023533,0.1068452591222885,0.0849155362451288,0.2582533638350277,0.1646807091007397,-0.0874365847205126,0.60542754265073,-0.1279866459882791,,,45.4971718000302,45.4971718000302,False,63.8361714235205,63.8361714235205,59.25142151764792,426.0,True,False,True,True,True,False,True,True,True,True,True,True,True,False,False,False,False,11,False,0.0620157886765921,0.1628142922709137,1.0,321977574.3375,0.2135561745589601,1.0,3.0,,,,,,-0.1108626140039032,-0.2325378684690348,0.1037180376346574,-1.9672547224477757,0.0379310344827586,-1.9672547224477757,0.0545147217901123,-426.0,0.5431034482758621,0.2586206896551724,0.0172413793103448,0.4642241379310344,0.3525862068965517,映泰
521.0,538.0,500.0,501.0,71416915.0,-0.0438931297709923,508.4,0.1490825688073394,459.675,0.4438040345821326,430.8558151245117,0.953216374269006,340.5820742289225,0.0488876212207644,62.8968253968254,84661680.35,0.8435565500797434,0.0899004731603849,2408.TW,2026-08-24,0.0231641811158902,-0.0151802509578546,neutral,0.0779944289693593,0.0232126276694521,2026-03-31,2026-05-15,49086932000.0,33325482000.0,30111283000.0,31718134000.0,5659880000.0,26059487000.0,8.41,141606845000.0,25207062000.0,240968098000.0,47930660000.0,193037438000.0,86281008000.0,0.0,13800000000.0,3996400000.0,0.1784430319892084,24738134364.394894,215761036000.0,0.1146552446308929,0.1349970620724877,0.1081449669740099,0.2482972240856201,0.6789074126694249,0.6134276837672398,0.5308844113541258,5.829068133568171,,,100.0,100.0,True,87.46397376163122,87.46397376163122,90.59798032122342,2.0,True,True,True,True,True,True,True,True,True,True,True,True,True,True,True,True,True,15,True,0.162801991787479,0.4710110657886606,1.0,42415501855.35,0.0018570102135561,3.0,0.0,,,,,,-0.1247441698741966,-0.2389597177291634,0.1766683644978548,-1.410446728507471,0.1857758620689655,-1.410446728507471,0.2094499767033544,-2.0,1.0,1.0,0.1293103448275862,0.8693965517241379,0.8258620689655173,南亞科
20.0,20.049999237060547,19.549999237060547,19.600000381469727,1896840.0,0.0234987348252482,19.52999992370605,0.0208333126372768,19.34250001907349,0.0509383797517906,19.400000031789144,0.0181818379984273,19.37375000317892,0.0025916757463251,59.61539025843117,1557355.65,1.217987683160234,0.0133126722058842,2442.TW,2026-08-24,0.0231641811158902,-0.0151802509578546,neutral,0.3579387186629526,0.2887650882079851,2026-03-31,2026-05-15,3189806000.0,920101000.0,721594000.0,757715000.0,168597000.0,363574000.0,1.14,21904867000.0,14179726000.0,24109252000.0,15483592000.0,8625660000.0,4783089000.0,9054196000.0,,1260461000.0,0.2225071431870822,561034180.5190606,9929526000.0,0.0565016074804638,0.042150281833506,0.0150802687698481,1.795061711219779,0.2884504574886372,0.2262187731793093,0.1139799724497351,6.055204248420224,,,71.63224953440525,71.63224953440525,False,58.43020934332761,58.43020934332761,61.73071939109702,150.0,True,False,True,True,True,False,True,True,False,True,True,True,True,True,True,False,False,11,False,0.0103092963583948,0.0116781923093716,1.0,30524171.334084038,0.5032497678737233,0.0,3.0,,,,,,-0.0135950884068954,-0.0291967148833029,0.1921475969518996,-0.7726072767738689,0.5025862068965516,-0.7726072767738689,0.5173496211389512,-150.0,0.8103448275862069,0.3706896551724138,0.5172413793103449,0.7663793103448275,0.6198275862068965,新美齊
177.0,191.0,175.0,187.5,11942414.0,0.0080645161290322,181.3,0.3157894736842106,169.325,0.0162601626016261,164.69166666666666,1.6077885399281011,130.57833340962728,0.0554776375253232,66.66666666666666,14681938.9,0.8134085069649758,0.1073379595452532,2464.TW,2026-08-24,0.0231641811158902,-0.0151802509578546,neutral,0.022284122562674,0.3927576601671309,2026-03-31,2026-05-15,1864911000.0,348125000.0,41838000.0,53528000.0,4046000.0,49169000.0,0.24,7398797000.0,5883475000.0,11317462000.0,6229196000.0,5088266000.0,1831434000.0,460111000.0,103169000.0,0.0,0.0755866088775967,38675607.45777911,5433987000.0,0.0071173536958736,0.00966321336188,0.0043445253008139,1.2242276641983734,0.1866711065568276,0.0224343145597832,0.0263653332518281,0.0786759589539871,,,25.84400824761181,25.84400824761181,False,77.16106848474965,77.16106848474965,64.33180342546518,755.0,True,True,True,True,True,True,True,True,True,True,True,True,True,True,False,False,False,14,False,0.1384911197692657,0.4359196897681956,1.0,2752863543.75,0.0566388115134633,2.0,3.0,,,,,,-0.1216011747188193,-0.267032003747675,0.1700514350339405,-1.7203743118986512,0.1043103448275862,-1.7203743118986512,0.1144141019072439,-755.0,0.2155172413793103,0.4655172413793103,0.0517241379310344,0.1909482758620689,0.2577586206896551,盟立
85.19999694824219,93.3000030517578,85.19999694824219,91.6999969482422,5078006.0,0.0121412637157527,87.13999938964844,0.1607594550410405,85.06499977111817,0.1074878450296801,81.39666684468587,0.77027023742956,74.2379168510437,0.0200863413430554,60.23916158306417,4080139.1,1.244566882535941,0.077999144124806,2465.TW,2026-08-24,0.0231641811158902,-0.0151802509578546,neutral,0.0677808727948003,0.1884865366759517,2026-03-31,2026-05-15,1569188000.0,167121000.0,92107000.0,130068000.0,22277000.0,107791000.0,1.15,1574817000.0,638916000.0,1902288000.0,697716000.0,1204572000.0,319532000.0,112731000.0,0.0,,0.1712719500568933,76331654.49610972,1263372000.0,0.0604189854580517,0.0894848958800304,0.0566638700344006,0.5792231597613094,0.1065015791606869,0.0586972370423429,0.0686922153368493,0.9128577645528606,,,73.28778007996519,73.28778007996519,True,85.94702041197294,85.94702041197294,82.78221032897099,133.0,True,True,True,True,True,True,True,True,True,True,True,True,True,True,True,True,False,14,False,0.1265817201485199,0.2352178083368863,1.0,374148743.0184037,0.1968430826369545,1.0,3.0,,,,,,-0.0668521290188401,-0.2057291314708048,0.166007726587122,-2.160354491442804,0.0922413793103448,-2.160354491442804,0.1223056300031824,-133.0,0.8362068965517241,0.9655172413793104,0.0603448275862069,0.7198275862068965,0.7198275862068965,麗臺
14.850000381469728,14.850000381469728,14.25,14.449999809265137,107322.0,0.0358422943968728,14.15,0.0176056340392962,14.02000002861023,0.1333333183737362,13.720833333333331,0.0034722355596819,13.592500019073489,0.0017863556782986,70.37035728843108,146389.0,0.7331288553101667,0.0306704550483178,2516.TW,2026-08-24,0.0231641811158902,-0.0151802509578546,neutral,0.3751160631383473,0.1504178272980501,2026-03-31,2026-05-15,1624343000.0,91613000.0,49137000.0,56516000.0,0.0,56516000.0,0.25,5501612000.0,4873771000.0,7116682000.0,5000833000.0,2115849000.0,1859804000.0,596780000.0,,,0.0,49137000.0,2242911000.0,0.0219076904968587,0.0267107907983981,0.0079413412036676,2.363511290266933,0.0564000337367169,0.0302503843092253,0.0347931440588594,-0.2679604746075582,,,20.556737993044667,20.556737993044667,False,62.54194367742482,62.54194367742482,52.04564225632978,848.0,True,False,True,True,True,True,True,True,False,True,True,True,False,True,False,False,False,11,False,0.0531430167700068,0.0630862452814695,1.0,2115321.022078514,0.841225626740947,0.0,3.0,,,,,,0.1219588322102313,0.059690473325465,0.3444112811437876,-0.4902670750361725,0.9478448275862068,-0.4902670750361725,0.917046112149416,-848.0,0.1206896551724138,0.1034482758620689,0.9827586206896552,0.25,0.2879310344827586,新建
11.800000190734863,11.800000190734863,11.5,11.5,716258.0,0.0222222222222221,11.509999847412107,0.0407239639364396,11.127499961853028,0.21693124149325,11.016333357493084,0.1111110701589142,10.591000032424928,0.0104426709349708,68.74998509886012,1187701.45,0.6030623268162214,0.0334756269983345,2537.TW,2026-08-24,0.0231641811158902,-0.0151802509578546,neutral,0.2711234911792015,0.085422469823584,2026-03-31,2026-05-15,1212617000.0,259289000.0,167409000.0,150138000.0,30818000.0,,0.4,17831477000.0,12815624000.0,18460150000.0,13906467000.0,4553683000.0,679610000.0,8130480000.0,,1090843000.0,0.205264490002531,133045876.99316628,5644526000.0,0.0235707793698117,,,3.053894397128654,0.2138259648347334,0.1380559566623262,,2.980962167272918,,,51.40705905064119,51.40705905064119,False,68.90927454793987,68.90927454793987,64.5337206736152,350.0,True,False,True,True,True,True,True,True,True,True,True,True,False,True,False,False,False,12,False,0.0439045031419584,0.0858275861384305,1.0,13658566.675,0.5942432683379758,0.0,3.0,,,,,,0.1077407037534996,0.0775316051877779,0.3541107300753801,0.4700923314848623,0.9616379310344828,0.4700923314848623,0.9723474605860876,-350.0,0.603448275862069,0.4741379310344827,1.0,0.6629310344827586,0.6439655172413794,聯上發
114.0,114.0,106.0,107.0,525380.0,0.0190476190476189,111.2,0.1053718659780247,95.53229217529297,0.2214612084908891,94.05743077596028,0.214528965416846,89.22704881032308,0.0405174470032492,71.46416729902063,457907.6,1.14734937790943,0.1200401200848906,2546.TW,2026-08-24,0.0231641811158902,-0.0151802509578546,neutral,0.1253481894150417,0.0798514391829155,2026-03-31,2026-05-15,4271987000.0,331333000.0,227648000.0,236497000.0,50162000.0,186338000.0,1.43,15279304000.0,9683343000.0,16184746000.0,9989889000.0,6194857000.0,7854449000.0,0.0,,,0.2121041704545935,179362909.8043527,6501403000.0,0.0275883389791945,0.0300794675325031,0.0115131865523252,1.6126101054471476,0.0775594588653944,0.0532885516739634,0.0436185784273219,0.0858039345262302,,,37.32527210445105,37.32527210445105,False,80.47117982055444,80.47117982055444,69.6847028915286,569.0,True,True,True,True,True,True,True,True,True,True,True,True,True,True,False,False,False,14,False,0.1376028360254515,0.199187930416238,1.0,48996113.2,0.4196843082636954,2.0,3.0,,,,,,0.0342750217827459,-0.0233879168043195,0.3206515163998268,-0.5402901071889661,0.803448275862069,-0.5402901071889661,0.9115773768898464,-569.0,0.4137931034482758,0.7241379310344828,0.9741379310344828,0.4978448275862068,0.6189655172413793,根基
38.04999923706055,39.0,36.25,36.59999847412109,29724334.0,0.1124619081045266,36.55,0.1582277858320331,33.009999942779544,0.2538554591367232,31.411828231811523,0.0004342927571123,32.94724475542704,0.0374793752473619,76.61691995508897,13416782.4,2.2154591998153,0.1087548784478809,2605.TW,2026-08-24,0.0231641811158902,-0.0151802509578546,neutral,0.0714948932219127,0.0649953574744661,2026-03-31,2026-05-15,1366845000.0,582927000.0,482738000.0,537338000.0,149979000.0,387359000.0,0.66,9807913000.0,5258125000.0,22934806000.0,5269539000.0,17665267000.0,4877423000.0,4114000000.0,,,0.2791148215834353,347998669.2584556,17676681000.0,0.0196868783941089,0.0219277183865944,0.0168895695040978,0.2982994256469489,0.4264763012631278,0.3531768415584795,0.2833964348554518,0.4444113329930603,,,75.1720503143159,75.1720503143159,False,80.29317580380436,80.29317580380436,79.01289443143224,118.0,True,True,True,True,True,True,True,False,True,True,False,True,True,True,True,False,False,12,False,0.1651661343625767,0.1108667430557259,1.0,491054215.3676147,0.1634168987929433,1.0,3.0,,,,,,-0.0450498020860119,-0.1465026540775517,0.1407963651456555,-1.929966211416079,0.1310344827586206,-1.929966211416079,0.1984975961442832,-118.0,0.853448275862069,0.8879310344827587,0.1120689655172413,0.7422413793103448,0.7155172413793103,新興
61.20000076293945,62.400001525878906,59.59999847412109,60.29999923706055,2002200.0,0.0904159144481351,59.08000030517578,0.1663442620350192,54.75999984741211,0.0864864727398295,54.23166688283285,-0.0861476172102951,54.50753587086995,0.0313588806615627,75.5395600529337,696056.95,2.8764887700640016,0.1011687254398385,2612.TW,2026-08-24,0.0231641811158902,-0.0151802509578546,neutral,0.0622098421541318,0.2209842154131847,2026-03-31,2026-05-15,1239781000.0,413974000.0,286693000.0,251153000.0,6735000.0,245435000.0,1.24,3774080000.0,3383047000.0,26827564000.0,13202888000.0,13624676000.0,3013054000.0,905000000.0,5029390000.0,4000000000.0,0.0268163231177807,279004947.8763941,23444517000.0,0.0119006481505417,0.018014006351417,0.0091486129713454,0.9690423464014852,0.3339089726330699,0.2312448730864564,0.1979664150362039,0.0092344987980661,,,50.30355978018509,50.30355978018509,False,76.03982647003298,76.03982647003298,69.60575979757101,361.0,True,True,True,True,True,True,True,False,True,True,True,True,True,True,False,False,False,13,False,0.1118964749384947,0.1062690373660097,1.0,41972233.55395069,0.447539461467038,1.0,3.0,,,,,,-0.0176498951521005,-0.0873333702761691,0.1831803603180539,-1.7096510047833642,0.2754310344827586,-1.7096510047833642,0.2820432396133489,-361.0,0.5862068965517241,0.7155172413793104,0.1724137931034483,0.5241379310344827,0.5422413793103448,中航
19.0,19.0,18.549999237060547,18.600000381469727,887636.0,0.0247934309860822,18.389999771118163,0.024793430986082,18.152499961853028,0.0136239779184121,18.39833342234294,-0.1100478123942805,19.19875003496806,0.0023467655227241,59.999999999999964,720264.65,1.232374794459231,0.0246522749239557,2614.TW,2026-08-24,0.0231641811158902,-0.0151802509578546,neutral,0.3361188486536676,0.404828226555246,2026-03-31,2026-05-15,1238745000.0,370077000.0,43049000.0,92119000.0,7668000.0,98315000.0,0.3,5211840000.0,5203486000.0,22234793000.0,15860553000.0,6374240000.0,3440827000.0,1423053000.0,5946506000.0,,0.0832401567537641,39465594.49190721,17031307000.0,0.0023172381598139,0.0154237995431612,0.0044216737254985,2.4882265179848893,0.2987515590375743,0.0347521079802542,0.0793666170196448,-0.0380950827921019,,,19.889190746623377,19.889190746623377,False,57.67543062955424,57.67543062955424,48.22887065882152,863.0,True,False,True,True,True,False,True,True,True,True,True,True,True,True,False,False,False,12,False,0.010961153627202,-0.0311869081272369,0.0,13396922.76475916,0.5988857938718662,0.0,3.0,,,,,,-0.009112497404775,-0.0486256126945516,0.1845331932735273,-1.51342711127123,0.3849137931034482,-1.51342711127123,0.6774353209006458,-863.0,0.1120689655172413,0.0344827586206896,0.8103448275862069,0.2168103448275862,0.2284482758620689,東森
103.0,108.0,96.5,97.0999984741211,21693816.0,0.1160919364841504,94.85999908447266,0.1798298283543888,87.0,0.347819723649688,81.01943740844726,0.3371649993286381,74.8286608060201,0.0370723500553535,71.85430179159422,4885707.15,4.440261221960468,0.1160919364841504,2637.TW,2026-08-24,0.0231641811158902,-0.0151802509578546,neutral,0.0557103064066852,0.0352831940575673,2026-03-31,2026-05-15,4338022000.0,1244039000.0,1197473000.0,1201283000.0,6082000.0,1195201000.0,1.6,8930959000.0,8128467000.0,84286573000.0,33874386000.0,50412187000.0,5975075000.0,2132536000.0,18694305000.0,992902000.0,0.0050629202277897,1191410289.726068,76158106000.0,0.0156439065032167,0.0237085726909645,0.0141802063775923,0.6719483524886551,0.2867756318432686,0.276041246448266,0.2755175054437253,0.2360516073148353,,,62.80204855376821,62.80204855376821,False,82.12093899670613,82.12093899670613,77.29121638597165,237.0,True,True,True,True,True,True,True,True,True,True,False,True,False,True,True,False,False,12,False,0.1984778169293637,0.2976311139101559,1.0,474402156.81000257,0.1689879294336118,1.0,3.0,,,,,,-0.025625990778211,-0.1022019728398672,0.2206877458888014,-1.6267520318407644,0.3211206896551724,-1.6267520318407644,0.385459143979293,-237.0,0.7327586206896551,0.8362068965517241,0.3362068965517241,0.6732758620689655,0.6844827586206896,慧洋-KY
237.5,237.5,234.0,235.5,287285.0,0.0129032258064516,235.3,0.0443458980044346,232.275,0.0107296137339056,234.59352595011396,0.0753424657534247,231.80092964172363,0.0133057040026175,61.25,571503.05,0.5026832315243112,0.0138844042621892,2727.TW,2026-08-24,0.0231641811158902,-0.0151802509578546,neutral,0.2506963788300835,0.4159702878365831,2026-03-31,2026-05-15,6518701000.0,3105410000.0,538057000.0,528530000.0,105149000.0,417522000.0,5.04,8317061000.0,8320579000.0,17701596000.0,13514625000.0,4186971000.0,3153597000.0,,,672435000.0,0.198946133615878,431012640.1850416,9381017000.0,0.0459451933820226,0.0997193436496216,0.0235866867597701,3.2277808945894297,0.4763847889326416,0.0825405245615652,0.0640498774218974,0.0947978175592529,,,66.00949706522618,66.00949706522618,False,57.95910734992091,57.95910734992091,59.97170477874723,199.0,True,False,True,True,True,False,True,True,True,True,True,True,False,True,True,False,False,11,False,0.0038640198880801,0.0159579617044407,1.0,134588968.275,0.3036211699164345,2.0,3.0,,,,,,0.0763716729038613,0.0794071371944157,0.2597444658402209,0.0173468942038723,0.8931034482758621,0.0173468942038723,0.7779759494260882,-199.0,0.7844827586206896,0.2758620689655172,0.8879310344827587,0.7999999999999999,0.6525862068965518,王品
61.5,61.5,60.59999847412109,60.70000076293945,134885.0,0.0253378375112967,60.31999969482422,0.0724382049355176,58.875,0.2255816647459996,56.28559799194336,0.291499440939585,51.6168696085612,0.0162250791617172,64.61539635291467,199101.25,0.677469378017466,0.0309978898163814,2832.TW,2026-08-24,0.0231641811158902,-0.0151802509578546,neutral,0.181058495821727,0.0742804085422469,2026-03-31,2026-05-15,,,514384000.0,513794000.0,96832000.0,,,,,25841065000.0,13610551000.0,12230514000.0,3713301000.0,,,,0.1884646375784847,417440805.8638287,25841065000.0,0.0161541641516643,,,1.112835568480605,,,,,,,55.14019466216183,55.14019466216183,False,76.2772853376964,76.2772853376964,70.99301266881275,305.0,True,True,True,True,True,True,True,True,True,True,True,True,False,True,False,False,False,13,False,0.0784286376708294,0.1759721428916667,1.0,12085446.0269022,0.6137418755803157,1.0,3.0,,,,,,0.0148606908971521,-0.0233864939748473,0.1631020417023246,-1.3541605599003903,0.4948275862068966,-1.3541605599003903,0.4579050527805318,-305.0,0.6810344827586207,0.7586206896551724,0.4396551724137931,0.6448275862068965,0.6560344827586206,台產
13.649999618530272,13.699999809265137,13.550000190734863,13.600000381469728,10208118.0,0.0,13.560000038146972,0.0149254304950041,13.350000047683716,0.1476793201404902,13.128333393732706,0.0708661878520664,12.727083365122477,0.0041368949947446,62.50000993410913,9766360.1,1.0452326041101023,0.018726616696109,2845.TW,2026-08-24,0.0231641811158902,-0.0151802509578546,neutral,0.3927576601671309,0.1327762302692665,2026-03-31,2026-05-15,,,,,143704000.0,1221472000.0,,,,891493396000.0,820291532000.0,71201864000.0,7041472000.0,,,,,,891493396000.0,,0.0171550565024533,0.0013701413891348,11.520646875199784,,,,,,,8.670319530616531,8.670319530616531,False,70.16867649261532,70.16867649261532,54.79408725211562,1051.0,True,False,True,True,True,True,True,True,False,True,True,True,True,True,False,False,False,12,False,0.0359274078126465,0.0685873574726012,1.0,132822501.08557072,0.3045496750232126,0.0,3.0,,,,,,0.0304463923922692,-0.0781186702006012,0.1750861103186618,-0.9062062361196092,0.5581896551724138,-0.9062062361196092,0.4899628519010123,-1051.0,0.0086206896551724,0.146551724137931,0.4913793103448275,0.0810344827586206,0.146551724137931,遠東銀
46.900001525878906,47.29999923706055,42.54999923706055,42.84999847412109,10427565.0,0.1001283089804825,42.72999954223633,0.2121640827082516,37.48500003814697,0.2976432824782506,36.6017645517985,0.6532587736837245,32.953932730356854,0.0499999954586937,74.1839771344483,3769496.35,2.7663019225366803,0.1431238743634619,2851.TW,2026-08-24,0.0231641811158902,-0.0151802509578546,neutral,0.0464252553389043,0.0492107706592386,2026-03-31,2026-05-15,,,2142185000.0,2164691000.0,325242000.0,,,,,59204658000.0,35668047000.0,23536611000.0,16387176000.0,,,,0.1502486960032633,1820324497.152249,59204658000.0,0.0307463054199595,,,1.5154283256837613,,,,,,,65.92494981784269,65.92494981784269,False,82.3769730733519,82.3769730733519,78.2639672594746,200.0,True,True,True,True,True,True,True,False,True,True,False,True,True,True,True,False,False,12,False,0.1707085436681648,0.3002999922570113,1.0,161522912.845705,0.2906220984215413,1.0,3.0,,,,,,-0.0242312594693954,-0.0665500989152152,0.2197926667051508,-1.5274702700535452,0.3818965517241379,-1.5274702700535452,0.5465986008657824,-200.0,0.7758620689655172,0.853448275862069,0.5862068965517241,0.7474137931034482,0.7612068965517241,中再保
135.0,135.0,131.0,132.0,13536045.0,0.0517928286852589,130.4,0.0153846153846153,128.1,0.2407185645918945,124.98302688598632,0.4659403126078971,106.68686930338542,0.0060867857844099,56.14035087719298,19207888.75,0.7047127967148393,0.0304449648711944,2881.TW,2026-08-24,0.0231641811158902,-0.0151802509578546,neutral,0.3909006499535747,0.0687093779015784,2026-03-31,2026-05-15,66193246000.0,,,38624861000.0,5062760000.0,33551455000.0,,,,13120104726000.0,12085399702000.0,1034705024000.0,358727505000.0,,,,0.131075164257549,,13120104726000.0,,0.0324261062058977,0.0025572551211051,11.68004351160858,,,0.5068712750542556,-0.3925800152621125,,,12.264204123597382,12.264204123597382,False,68.69271632333393,68.69271632333393,54.58558827339979,1006.0,True,False,True,True,True,True,True,True,False,True,True,True,False,True,False,False,False,11,False,0.0561434083398761,0.2372656622309501,1.0,2535441315.0,0.0594243268337975,2.0,3.0,,,,,,-0.0146139132841814,-0.1522794591226846,0.2744055951345534,-0.9425178892947936,0.4715517241379311,-0.9425178892947936,0.439065230495038,-1006.0,0.0344827586206896,0.1379310344827586,0.4137931034482758,0.0913793103448275,0.1413793103448276,富邦金
31.75,31.950000762939453,30.700000762939453,31.0,36776827.0,-0.0127388415092279,30.85999984741211,0.0097719618763887,30.73499994277954,0.4258677934929327,29.274512386322023,0.5026709440232484,24.750110212961832,0.0031823695506687,53.71901503873652,45076169.7,0.815881811714805,0.0086220939552243,2883.TW,2026-08-24,0.0231641811158902,-0.0151802509578546,neutral,0.4215413184772516,0.0259981429897864,2026-03-31,2026-05-15,23565513000.0,,,13099615000.0,1407592000.0,11689699000.0,,,,4235032868000.0,3864021319000.0,371011549000.0,75116245000.0,,,,0.1074529289601259,,4235032868000.0,,0.0315076418281523,0.0027602380818169,10.414827596108069,,,0.4960511150340754,-0.1317078255463794,,,12.146336472811727,12.146336472811727,False,64.33233141024706,64.33233141024706,51.28583267588823,1011.0,True,False,False,True,True,True,True,True,False,True,True,True,True,True,False,False,False,11,False,0.0589416346515878,0.2525196749938128,1.0,1397361260.7,0.0974930362116991,1.0,3.0,,,,,,-0.0105637706260884,-0.1441053328590703,0.2290069948276564,-1.2498163444630823,0.4051724137931034,-1.2498163444630823,0.384711870192653,-1011.0,0.0258620689655172,0.0775862068965517,0.3275862068965517,0.0711206896551724,0.1017241379310344,凱基金
38.0,38.25,37.75,38.150001525878906,25293669.0,0.0105960669106994,37.87999954223632,0.0480769210615505,37.66500015258789,0.284847715558328,35.11155052185059,0.1394280297549399,33.017882410685225,0.0112766731014141,51.578963430304285,42595581.15,0.5938096938020061,0.0128767123676141,2884.TW,2026-08-24,0.0231641811158902,-0.0151802509578546,neutral,0.2414113277623027,0.0547818012999071,2026-03-31,2026-05-15,25169421000.0,,,12706707000.0,2639201000.0,10056957000.0,,,,4679436007000.0,4394289185000.0,285146822000.0,45485669000.0,,,,0.2077014131198586,,4679436007000.0,,0.0352693988642805,0.0021491814365995,15.410619533399537,,,0.3995704549580223,0.174006725249566,,,29.938092003685178,29.938092003685178,False,67.46117449860108,67.46117449860108,58.0804038748721,684.0,True,False,True,True,True,True,True,True,True,True,True,True,False,True,False,False,False,12,False,0.0865370785074681,0.1554345324560495,1.0,1625021485.8681986,0.0882079851439183,1.0,3.0,,,,,,-0.1200695527481977,-0.2092026039726782,0.1343038144305507,-2.00278805065802,0.0508620689655172,-2.00278805065802,0.064769448540508,-684.0,0.2844827586206896,0.2155172413793103,0.0258620689655172,0.2456896551724137,0.2120689655172414,玉山金
37.25,37.54999923706055,36.5,36.5,30914360.0,-0.0174966756172569,36.60000076293945,0.0443490473025725,35.652500534057616,0.5631691393446807,33.430368677775064,0.4426877905408473,28.730184316635132,0.0143680235695812,55.19125796969006,57521197.7,0.5374429121109903,0.0237711087089893,2887.TW,2026-08-24,0.0231641811158902,-0.0151802509578546,neutral,0.2497678737233054,0.0148560817084493,2026-03-31,2026-05-15,47867456000.0,,,25588754000.0,4532177000.0,21040510000.0,,,,9064708955000.0,8465511408000.0,599197547000.0,97795796000.0,,,,0.1771159705548773,,9064708955000.0,,0.035114479532407,0.0023211456765409,14.12808088147931,,,0.439557723727787,0.933005034802805,,,37.907562917661295,37.907562917661295,False,72.66232965988321,72.66232965988321,63.97363797432774,560.0,True,False,True,True,True,True,True,True,True,True,True,True,False,True,False,False,False,12,False,0.0918216413289412,0.2704408575223112,1.0,2099523716.05,0.0696378830083565,1.0,3.0,,,,,,-0.1505586453658678,-0.2511066206072329,0.1210621332389128,-2.172428463036693,0.0193965517241379,-2.172428463036693,0.0243879889150484,-560.0,0.4224137931034483,0.4482758620689655,0.0086206896551724,0.3603448275862069,0.3474137931034483,台新新光金
22.799999237060547,23.049999237060547,22.549999237060547,22.799999237060547,1699567.0,0.0555555015925035,22.469999694824217,0.0224215254307742,22.14749984741211,0.1059790933106938,22.11326087315877,0.0668293210132988,21.7480165163676,0.0024895292020365,65.21738409319155,2549268.0,0.6666882414873603,0.0294615371551603,2903.TW,2026-08-24,0.0231641811158902,-0.0151802509578546,neutral,0.3481894150417827,0.1903435468895079,2026-03-31,2026-05-15,8445107000.0,4894442000.0,1258959000.0,711710000.0,98348000.0,552249000.0,0.39,23289316000.0,44841575000.0,132760502000.0,96156196000.0,36604306000.0,11187325000.0,13575489000.0,13506440000.0,,0.138185496901828,1084989125.0059714,87918927000.0,0.0123407912497154,0.0150869955026602,0.0041597387150584,2.6269094133351416,0.5795595011407197,0.1490755534536152,0.0653927771430249,-0.0031784571239377,,,39.04410208893306,39.04410208893306,False,67.56487464700378,67.56487464700378,60.4346815074861,533.0,True,False,True,True,True,True,True,True,False,True,True,True,False,True,False,False,False,11,False,0.0310554995864649,0.0483714328569331,1.0,58123308.45506287,0.3946146703806871,0.0,3.0,,,,,,0.0150294232066646,-0.0151014079747904,0.1832933212541763,-1.3665733702550995,0.5392241379310345,-1.3665733702550995,0.4647405432185967,-533.0,0.4396551724137931,0.3189655172413793,0.4568965517241379,0.4422413793103448,0.4068965517241379,遠百
17.600000381469727,17.600000381469727,17.299999237060547,17.299999237060547,936253.0,-0.0441989573231279,17.50999984741211,0.0712074084020895,16.847500133514405,0.2627736845193804,15.645833349227903,0.0812499523162841,14.92999999523163,0.0232310948910859,62.02530545352177,1581096.85,0.592154111242458,0.0268585309369426,2905.TW,2026-08-24,0.0231641811158902,-0.0151802509578546,neutral,0.1829155060352832,0.0612813370473537,2026-03-31,2026-05-15,29552820000.0,,,,-68929000.0,32878000.0,0.03,133124099000.0,1468399841000.0,1617410517000.0,62246052000.0,86764624000.0,72610211000.0,2757000000.0,7269508000.0,,,,149010676000.0,,0.0003789332389661,2.032755423217024e-05,0.717412801788895,,,0.0011125165043471,-0.4161502905041906,,,21.27042291580655,21.27042291580655,False,79.0794840224787,79.0794840224787,64.62721874581065,838.0,True,True,True,True,True,True,True,True,True,True,True,True,False,True,False,False,False,13,False,0.1057256491814973,0.1587407396239686,1.0,27352974.29871884,0.5162488393686165,0.0,3.0,,,,,,0.0058053378208579,-0.0291068566765265,0.1557537286989028,-1.6169847958287848,0.409051724137931,-1.6169847958287848,0.2954355976771469,-838.0,0.1293103448275862,0.4913793103448275,0.2068965517241379,0.1409482758620689,0.253448275862069,三商
257.0,282.0,252.5,282.0,17653606.0,0.032967032967033,256.5,0.330188679245283,239.975,0.1494125083238586,229.08630828857423,0.8279366077866432,206.1527013142904,0.0514842808631832,71.86440677966101,10723881.25,1.6461955880013124,0.1751224085842275,3006.TW,2026-08-24,0.0231641811158902,-0.0151802509578546,neutral,0.0167130919220055,0.1299907149489322,2026-03-31,2026-05-15,7266900000.0,3453448000.0,2254754000.0,2352467000.0,288641000.0,2063883000.0,7.22,17585827000.0,5859607000.0,20073767000.0,7169155000.0,12904612000.0,7031281000.0,1000000000.0,693679000.0,0.0,0.1226971515434647,1978102106.7687664,14214160000.0,0.1391641930841334,0.1599337508171497,0.1028149325435529,0.5555498297817866,0.4752298779396992,0.3102772846743453,0.2840114766957024,1.503294079957009,,,98.64788449850906,98.64788449850906,True,85.86387613527226,85.86387613527226,89.05987822608145,7.0,True,True,True,True,True,True,True,True,True,True,True,True,True,False,True,True,True,14,False,0.2309771025022224,0.3679180442563132,1.0,3024134512.5,0.053853296193129,2.0,0.0,,,,,,-0.0334828258666449,-0.1526417984828544,0.2754743103083197,-1.1837104716735716,0.4172413793103449,-1.1837104716735716,0.3802078599452832,-7.0,0.9913793103448276,0.9827586206896552,0.3189655172413793,0.8905172413793103,0.8543103448275862,晶豪科
5620.0,5700.0,5375.0,5385.0,2355740.0,0.0621301775147928,5470.0,0.3166259168704157,4605.551623535156,0.5320056899004268,4365.683874511718,1.245820960185148,3497.665098063151,0.0849863037179014,73.71995244245755,2462389.55,0.9566885954336511,0.1692410464973901,3008.TW,2026-08-24,0.0231641811158902,-0.0151802509578546,neutral,0.021355617455896,0.0157845868152274,2026-03-31,2026-05-15,15544079000.0,7679569000.0,5812218000.0,7287959000.0,1112047000.0,6123204000.0,46.63,159095122000.0,39536493000.0,226385533000.0,39762818000.0,186622715000.0,119023098000.0,146000.0,,,0.1525868902390916,4925349729.988327,186849040000.0,0.026360048357692,0.0328106040039123,0.0270476824152893,0.213065263786351,0.4940510788706104,0.3739184547376528,0.3939251724080918,0.0661796222311039,,,76.94531754874203,76.94531754874203,False,83.96471680594243,83.96471680594243,82.20986699164233,100.0,True,True,True,True,True,True,True,False,True,True,True,True,True,False,True,False,False,12,False,0.2334837232350652,0.5395985175887679,1.0,13259967726.749998,0.0120705663881151,3.0,2.0,,,,,,-0.002273759715517,-0.095947711657707,0.2797939686365722,-0.7664871077277199,0.5689655172413793,-0.7664871077277199,0.3949130218015435,-100.0,0.8793103448275862,0.956896551724138,0.3448275862068966,0.7991379310344827,0.7956896551724139,大立光
2865.0,2935.0,2830.0,2855.0,2264742.0,-0.0882740242517138,2963.4203125,0.1895833333333334,2755.0415649414062,0.0712945590994371,2543.5138549804688,0.5905292479108635,2429.3819274902344,0.0578263585567777,58.35959044665799,4330701.5,0.522950381133403,0.0362820061702842,3017.TW,2026-08-24,0.0231641811158902,-0.0151802509578546,neutral,0.0529247910863509,0.2488393686165274,2026-03-31,2026-05-15,49037946000.0,14597401000.0,12019030000.0,11979060000.0,3304089000.0,7915619000.0,20.17,135871669000.0,112699102000.0,175993383000.0,124678400000.0,51314983000.0,67880246000.0,16445795000.0,7190026000.0,,0.2758220594938167,8703916392.282032,63294281000.0,0.1375150527783392,0.1542555124689411,0.0449767989288551,2.4296685433959904,0.2976756204266794,0.2450965217833552,0.161418241294201,1.1016606943545204,,,82.5145908535667,82.5145908535667,False,77.2809841735844,77.2809841735844,78.58938584357998,70.0,True,True,True,True,True,True,True,True,True,True,True,True,False,True,True,False,False,13,False,0.1224629244340889,0.175196031424119,1.0,12364152782.5,0.0167130919220055,3.0,2.0,,,,,,0.0650670805757133,-0.0317294628236329,0.3207147352755389,0.0682277099395273,0.8288793103448275,0.0682277099395273,0.7779018516812147,-70.0,0.896551724137931,0.8706896551724138,0.8793103448275862,0.8939655172413793,0.8853448275862069,奇鋐
111.5,113.5,111.5,113.5,1029823.0,0.0365296803652968,110.7,0.0913461538461537,108.01500015258787,0.1798337172616086,104.90166676839192,0.0004108116148662,102.48826986948649,0.0143205934624363,67.5,1395919.45,0.7377381266519354,0.050779982777056,3029.TW,2026-08-24,0.0231641811158902,-0.0151802509578546,neutral,0.1429897864438254,0.1049210770659238,2026-03-31,2026-05-15,6876938000.0,811379000.0,385472000.0,424218000.0,78018000.0,295873000.0,1.77,12286821000.0,7803745000.0,15126326000.0,8760650000.0,6365676000.0,2911146000.0,3716000.0,,,0.1839101593991768,314579783.0360805,7322581000.0,0.0429602326059732,0.0464794312497211,0.0195601364138258,1.3762324692617092,0.1179855045952137,0.0560528537555522,0.0430239446683974,0.0168646985516829,,,48.26050505492552,48.26050505492552,False,75.09672248923624,75.09672248923624,68.38766813065857,394.0,True,True,True,True,True,True,True,True,True,True,True,True,False,True,False,False,False,13,False,0.0819656493217784,0.1074438093699541,1.0,158436857.575,0.2924791086350975,2.0,3.0,,,,,,-0.0017631107906083,-0.0374811374750047,0.2402863345784037,-0.7768564653682368,0.5969827586206897,-0.7768564653682368,0.6135177503545692,-394.0,0.5517241379310345,0.6551724137931034,0.6896551724137931,0.5724137931034483,0.6103448275862069,零壹
530.0,545.0,528.0,542.0,3972853.0,0.0648330058939097,527.6,0.0463320463320462,525.075,0.1362683438155136,509.9006154378256,0.4281949934123847,464.9128077189128,0.0128273134976131,57.03125,3868305.8,1.0270266120119045,0.0322334904537446,3034.TW,2026-08-24,0.0231641811158902,-0.0151802509578546,neutral,0.245125348189415,0.1457753017641597,2026-03-31,2026-05-15,23145303000.0,9039901000.0,4027546000.0,4389348000.0,622236000.0,3767112000.0,6.19,79261926000.0,21790635000.0,103666583000.0,31738768000.0,71927815000.0,48919537000.0,,,,0.1417604619182621,3456599218.642951,81875948000.0,0.0422175169030464,0.0523735080788982,0.036338730292673,0.4412586146263444,0.390571728527382,0.1740113750077067,0.1627592432036858,-0.1465659805926223,,,75.54535048945058,75.54535048945058,False,72.50348075923593,72.50348075923593,73.2639481917896,116.0,True,False,True,True,True,True,True,True,True,True,True,True,True,True,True,False,False,13,False,0.0629522373386672,0.1658099992110657,1.0,2096621743.6,0.0705663881151346,3.0,3.0,,,,,,0.0657113308529427,-0.0156651790982785,0.3145760912155689,0.4972591041387945,0.8685344827586207,0.4972591041387945,0.8573924533230107,-116.0,0.8620689655172413,0.7931034482758621,0.9310344827586208,0.8724137931034482,0.8551724137931035,聯詠
11.199999809265137,11.350000381469728,11.149999618530272,11.25,464880.0,-0.0044247955655664,11.20999984741211,0.0514018879008406,10.86749997138977,0.0765550435728783,10.818333307902018,-0.0217391304347825,10.854583326975504,0.0114006505984837,76.9230261357691,389071.65,1.1948441887246215,0.0351966900959019,3052.TW,2026-08-24,0.0231641811158902,-0.0151802509578546,neutral,0.233983286908078,0.2358402971216341,2026-03-31,2026-05-15,871124000.0,84606000.0,43642000.0,49244000.0,10109000.0,39093000.0,0.19,11542706000.0,8128121000.0,11782392000.0,8138924000.0,3643468000.0,859342000.0,750076000.0,9917000.0,0.0,0.205283892453903,34683000.365526766,3654271000.0,0.0094910860101855,0.0107296125559494,0.0033179171088519,2.233839847090739,0.0971227976728915,0.0500984934406582,0.0448765043782515,0.1339674489624569,,,21.68414340880005,21.68414340880005,False,66.64125304541382,66.64125304541382,55.40197563626038,828.0,True,False,True,True,True,True,True,False,True,True,True,True,True,True,False,False,False,12,False,0.0399014043857088,0.0364285446168917,1.0,4377056.0625,0.7530176415970288,0.0,3.0,,,,,,0.042586053161819,0.013822045200823,0.2457646684394024,-1.0767997930836175,0.7939655172413793,-1.0767997930836175,0.62791589780191,-828.0,0.1379310344827586,0.1637931034482758,0.7413793103448276,0.2284482758620689,0.2663793103448276,夆典
36.150001525878906,38.59999847412109,36.150001525878906,38.0,2578223.0,0.0215053553939048,36.44000015258789,0.0689170412241626,35.71749992370606,0.1266568796216078,36.73445002237956,0.5517242077601228,31.76036213239034,-0.0044596206067058,60.07751823367014,1912717.1,1.347937444591257,0.0639042508901643,3094.TW,2026-08-24,0.0231641811158902,-0.0151802509578546,neutral,0.1894150417827298,0.159702878365831,2026-03-31,2026-05-15,47206000.0,35395000.0,2347000.0,7478000.0,1717000.0,5761000.0,0.07,792305000.0,52199000.0,1133462000.0,121752000.0,1011710000.0,710423000.0,,,,0.229606846750468,1808112.730676652,1081263000.0,0.0016722228825703,0.005694319518439,0.0050826582629148,0.1203427859762184,0.7497987543956277,0.0497182561538787,0.1220395712409439,-0.0850131803380369,,,35.49964257677029,35.49964257677029,False,62.52482999278,62.52482999278,55.76853313877758,595.0,True,False,True,True,True,False,False,True,True,True,True,True,True,True,False,False,False,11,False,0.0344513114215523,0.1964599094179173,1.0,72683249.8,0.3676880222841225,1.0,3.0,,,,,,0.0072295248146851,-0.068430491784536,0.1677811126799677,-1.704563751203922,0.3568965517241379,-1.704563751203922,0.446355307271443,-595.0,0.3534482758620689,0.1896551724137931,0.4224137931034483,0.3637931034482758,0.318103448275862,聯傑
814.0,842.0,791.0,794.0,11738990.0,-0.1226519337016575,834.0,0.1183098591549296,786.05,0.0910277867516349,761.0565795898438,1.5739781765111385,598.546728515625,0.0275835021896854,54.12844036697247,14609985.0,0.8034909002302193,0.0101138604414479,3189.TW,2026-08-24,0.0231641811158902,-0.0151802509578546,neutral,0.1049210770659238,0.2089136490250696,2026-03-31,2026-05-15,11104965000.0,2349499000.0,890638000.0,964461000.0,88658000.0,549232000.0,1.17,33407134000.0,17816161000.0,83654067000.0,32183791000.0,51470276000.0,11635037000.0,1278540000.0,7562530000.0,,0.0919249197220001,808766173.3486372,65837906000.0,0.0122842025587605,0.0106708578753298,0.0065655146210643,0.6252888754666869,0.2115719410191747,0.0802017836166075,0.0494582378242524,0.2883172632505095,,,45.18411999125517,45.18411999125517,False,69.83728190693006,69.83728190693006,63.67399142801133,429.0,True,False,True,True,True,True,True,True,True,True,True,True,True,True,False,False,False,13,False,0.0432864274400077,0.3265463867275531,1.0,11600328090.0,0.0194986072423398,3.0,3.0,,,,,,-0.0886954318261718,-0.1918283826473401,0.2084654326396711,-1.3884885313780442,0.2620689655172413,-1.3884885313780442,0.1694234726558627,-429.0,0.5344827586206896,0.4224137931034483,0.0948275862068965,0.4685344827586206,0.4129310344827586,景碩
61.29999923706055,61.400001525878906,58.79999923706055,59.70000076293945,4819693.0,0.1014760133317334,56.25999984741211,0.5386598437330865,49.60750026702881,0.2060606214735243,45.00000019073487,1.8428571791875927,37.7420833905538,0.0827194835294165,66.99857602744757,1501494.2,3.209931147253183,0.2034470683179845,3229.TW,2026-08-24,0.0231641811158902,-0.0151802509578546,neutral,0.0046425255338904,0.0882079851439183,2026-03-31,2026-05-15,342922000.0,37599000.0,21175000.0,35503000.0,188000.0,35315000.0,0.55,692865000.0,303681000.0,941103000.0,306548000.0,634555000.0,107034000.0,151140000.0,,,0.0052953271554516,21062871.447483312,637422000.0,0.0330438413601716,0.0556531742717337,0.0375251168044305,0.4830913002025041,0.1096430091974268,0.0617487358641323,0.1029826024577017,0.4578839294444752,,,67.33482851500801,67.33482851500801,False,85.99044013044357,85.99044013044357,81.32653722658469,185.0,True,True,True,True,True,True,True,True,True,True,False,False,False,False,True,False,False,10,False,0.3266666779977303,0.5817886931456824,1.0,89639204.88554916,0.3444753946146703,1.0,3.0,,,,,,-0.1039514798676824,-0.1934879123991602,0.2399645931144962,-1.884859309533293,0.2103448275862068,-1.884859309533293,0.3334835561240985,-185.0,0.7931034482758621,0.913793103448276,0.2672413793103448,0.7142241379310345,0.7241379310344827,晟鈦
63.29999923706055,63.400001525878906,62.0,62.20000076293945,597593.0,-0.0445468168840965,63.04000015258789,0.0506756750225934,59.619999694824216,0.058435801805176,59.34553216298421,0.4334902767881201,54.81062262852986,0.0215026149826741,64.7435949163787,695832.05,0.8588178713527208,0.0432740872412182,3356.TW,2026-08-24,0.0231641811158902,-0.0151802509578546,neutral,0.2358402971216341,0.2711234911792015,2026-03-31,2026-05-15,281264000.0,139594000.0,10233000.0,198018000.0,20957000.0,176986000.0,2.21,2893011000.0,391712000.0,3096581000.0,420305000.0,2676276000.0,809972000.0,50000000.0,,,0.1058338130876991,9150002.590673575,2704869000.0,0.0033827895512402,0.0661314453367291,0.0571552948235489,0.157048450907156,0.4963095170373741,0.0363821889754821,0.6292522327777462,0.0806540849572754,,,63.62657398368869,63.62657398368869,False,70.59332783655168,70.59332783655168,68.85163937333593,229.0,True,False,True,True,True,True,True,True,True,True,True,True,True,True,True,False,False,13,False,0.0480991322500208,0.1348165333659847,1.0,43280754.04087773,0.4410399257195914,1.0,3.0,,,,,,0.0171297647004269,-0.026361742586619,0.2210950386737251,-1.8827001215709955,0.4892241379310345,-1.8827001215709955,0.4733752571703229,-229.0,0.7413793103448276,0.6724137931034483,0.4741379310344827,0.7012931034482759,0.6672413793103449,奇偶
5635.0,5690.0,5350.0,5365.0,1649636.0,-0.0829059829059829,5485.0,0.3246913580246913,4743.0,0.154056099365756,4562.374723307292,1.1644344714839847,4058.506913248698,0.0728342004071477,70.06578947368422,2288132.3,0.7209530672680072,0.1311406282943283,3443.TW,2026-08-24,0.0231641811158902,-0.0151802509578546,neutral,0.0185701021355617,0.1234911792014856,2026-03-31,2026-05-15,11447812000.0,3113307000.0,1824178000.0,1924721000.0,278481000.0,1646240000.0,12.28,31638843000.0,19973296000.0,35132291000.0,20548418000.0,14583873000.0,7671980000.0,,,,0.144686424681811,1560244207.1967833,15158995000.0,0.1029253065389086,0.1128808513348957,0.0468583161855285,1.4089822367487703,0.2719565101173918,0.1593473058432476,0.1438038989459295,0.6298963899650951,,,83.63888359987813,83.63888359987813,True,81.35561745589601,81.35561745589601,81.92643399189154,63.0,True,True,True,True,True,True,True,True,True,True,True,True,False,True,True,True,False,13,False,0.175922699332965,0.3219147126462569,1.0,12275829789.499998,0.0176415970287836,3.0,2.0,,,,,,0.0703345505995582,-0.0292976322014728,0.3416595266287396,0.247158410867843,0.8482758620689654,0.247158410867843,0.7837647024972363,-63.0,0.913793103448276,0.9482758620689656,0.896551724137931,0.9112068965517242,0.920689655172414,創意
547.0,550.0,506.0,507.0,10468723.0,-0.0781818181818181,551.4,0.1575342465753424,480.65,0.0357126692728155,494.4659327189128,0.5210091442505316,416.43936882019045,0.0585838564034797,59.7911227154047,10229772.2,1.0233583696027952,0.0548215957557474,3450.TW,2026-08-24,0.0231641811158902,-0.0151802509578546,neutral,0.0724233983286908,0.3342618384401114,2026-03-31,2026-05-15,2086881000.0,517637000.0,265998000.0,305196000.0,125755000.0,100381000.0,0.69,7884253000.0,4106443000.0,13684502000.0,5884300000.0,7800202000.0,2629692000.0,117848000.0,986625000.0,,0.4,159598800.0,9578059000.0,0.0166629585388855,0.0128690256995908,0.0073353783718252,0.7543778994441426,0.248043371902854,0.1274619875306737,0.048100969820512,-0.243335936667196,,,38.19504843746604,38.19504843746604,False,67.89067449925506,67.89067449925506,60.4667679838078,556.0,True,False,True,True,True,False,True,True,True,True,True,True,True,True,False,False,False,12,False,0.0253486973554808,0.2174641447478316,1.0,5186494505.4,0.0352831940575673,3.0,3.0,,,,,,1.1531221955390382e-05,-0.0902405983178315,0.2699929892548096,-1.0698617768204124,0.5620689655172414,-1.0698617768204124,0.5427186626563072,-556.0,0.4310344827586206,0.3275862068965517,0.5603448275862069,0.4504310344827585,0.4258620689655172,聯鈞
79.9000015258789,83.5,78.0,78.0,2667858.0,-0.0126582278481012,78.41999969482421,0.1981567101112449,74.3649995803833,0.002570654760889,76.17499974568685,0.2225705475352242,70.07166662216187,0.0513926235290524,49.52381678989955,3467638.75,0.769358688242828,0.0488805276693038,3504.TW,2026-08-24,0.0231641811158902,-0.0151802509578546,neutral,0.0492107706592386,0.4401114206128134,2026-03-31,2026-05-15,684957000.0,124843000.0,-9502000.0,7393000.0,1414000.0,5979000.0,0.05,2230493000.0,1016643000.0,4251347000.0,1422483000.0,2828864000.0,1174939000.0,85127000.0,112000000.0,,0.1912620045989449,-7684628.432300826,3234704000.0,-0.002375682112583,0.0021135692631388,0.0014063777903803,0.5028460187552318,0.1822639961340638,-0.0138724036691354,0.0087290151060577,0.0537005671880119,,,23.10660181855068,23.10660181855068,False,56.59426867067782,56.59426867067782,48.22235195764603,804.0,True,False,True,True,True,False,True,False,True,True,True,True,False,True,False,False,False,10,False,0.0239579948855397,0.1131460654502343,1.0,270475822.5,0.2293407613741875,1.0,3.0,,,,,,-0.0029171657411105,-0.0811541853259632,0.2263460602911095,-1.731111359352061,0.3870689655172413,-1.731111359352061,0.4559495615645222,-804.0,0.1724137931034483,0.0258620689655172,0.4310344827586206,0.2112068965517241,0.1801724137931034,揚明光
44.400001525878906,44.70000076293945,39.70000076293945,41.400001525878906,5461374.0,-0.0360884565664083,42.95999984741211,0.4785714830671037,37.08499956130981,0.1738884618176104,32.98334363301595,-0.1725236447423448,37.72160317103068,0.1102462366980418,74.35897881767444,2749597.1,1.9862451847945288,0.1163543755052611,3543.TW,2026-08-24,0.0231641811158902,-0.0151802509578546,neutral,0.0064995357474466,0.1077065923862581,2026-03-31,2026-05-15,836726000.0,78715000.0,-50443000.0,-19959000.0,3504000.0,-16915000.0,-0.16,3789651000.0,1258588000.0,5554278000.0,1844510000.0,3709768000.0,1331306000.0,149106000.0,65113000.0,380511000.0,0.0,-50443000.0,4295690000.0,-0.0117427002414047,-0.0045595843190194,-0.0030454003202576,0.497203598715607,0.0940750018524582,-0.060286162973303,-0.0202156978509093,-0.0602944925557016,,,14.660362838801094,14.660362838801094,False,83.58983720340417,83.58983720340417,66.35746861225341,965.0,True,True,True,True,True,True,True,False,True,True,True,False,True,True,False,False,False,12,False,0.2551790378352661,0.0975143696350941,1.0,113833324.1355522,0.319405756731662,1.0,3.0,,,,,,-0.0525069607421342,-0.1496656002875999,0.1998115993558644,-1.9435149374517413,0.1745689655172413,-1.9435149374517413,0.3512728398401669,-965.0,0.0689655172413793,0.5775862068965517,0.293103448275862,0.1025862068965517,0.2663793103448276,州巧
109.0,119.0,108.5,115.5,14333582.0,-0.1216730038022814,114.8,0.2692307692307691,105.8645408630371,0.4583333895262667,89.59484697977702,0.8292368132855028,79.97182855606079,0.0602406351129936,66.76756092094266,11007198.65,1.302200719344699,0.0910168698452944,3605.TW,2026-08-24,0.0231641811158902,-0.0151802509578546,neutral,0.0259981429897864,0.0204271123491179,2026-03-31,2026-05-15,2821542000.0,693877000.0,147463000.0,143021000.0,35356000.0,107659000.0,0.67,7733924000.0,4283420000.0,15202980000.0,7237415000.0,7965565000.0,2596697000.0,794000000.0,2115835000.0,130740000.0,0.2472084519056642,111008900.05663504,10919560000.0,0.010166059809794,0.0135155509998349,0.007081440612301,0.9085877775148404,0.2459212019526911,0.0522632659730034,0.0381560862818983,0.0947751117457165,,,35.95481269053683,35.95481269053683,False,87.40405535995588,87.40405535995588,74.54174469260111,591.0,True,True,True,True,True,True,True,True,True,True,True,True,True,True,False,False,False,14,False,0.2891366400354496,0.4442585856222323,1.0,1271331444.075,0.1039925719591457,2.0,3.0,,,,,,0.0298966120623953,-0.074957588448231,0.2869417458889665,-1.5029607472911617,0.6099137931034483,-1.5029607472911617,0.5225291490579357,-591.0,0.3706896551724138,0.8103448275862069,0.5258620689655172,0.3939655172413793,0.5336206896551724,宏致
261.5,261.5,250.5,257.5,1016536.0,-0.0096153846153845,256.7,0.2117647058823528,234.5,0.2174940898345154,221.4965965270996,0.3918918918918919,203.92746493021647,0.0519084531568012,75.52447552447552,748183.4,1.3586722186030855,0.0980810234541578,3617.TW,2026-08-24,0.0231641811158902,-0.0151802509578546,neutral,0.0473537604456824,0.0844939647168059,2026-03-31,2026-05-15,2931932000.0,1579254000.0,476843000.0,521769000.0,118652000.0,388950000.0,4.13,10475363000.0,3752308000.0,14792411000.0,5524979000.0,9267432000.0,4373481000.0,0.0,,1434491000.0,0.2274033144935785,368407321.3069385,11040103000.0,0.033369917047598,0.0419695553201793,0.026293888129528,0.5961715176329322,0.5386393681708853,0.1626378101538507,0.1326599661929403,0.0219561852265348,,,74.61371274804436,74.61371274804436,False,82.62939184491492,82.62939184491492,80.62547207069728,123.0,True,True,True,True,True,True,True,False,True,True,True,True,True,True,True,False,False,13,False,0.1625460798829723,0.2627038740863863,1.0,192657225.5,0.2701949860724233,2.0,3.0,,,,,,0.0183740867258857,-0.0273725143890598,0.2986221421262942,-1.0867254588349513,0.7043103448275863,-1.0867254588349513,0.6268834553038761,-123.0,0.8448275862068966,0.9051724137931034,0.7241379310344828,0.8267241379310344,0.8387931034482758,碩天
5280.0,5490.0,5110.0,5155.0,1957657.0,-0.0346441947565543,5352.0,0.4624113475177305,4430.25,0.4541607898448518,3838.4812947591145,0.6957236842105263,3914.490647379557,0.1144122446564195,66.55737704918033,1691657.85,1.157241696363127,0.1635912194571411,3653.TW,2026-08-24,0.0231641811158902,-0.0151802509578546,neutral,0.0074280408542246,0.022284122562674,2026-03-31,2026-05-15,5305216000.0,2216652000.0,1696566000.0,1775586000.0,371056000.0,1398199000.0,9.53,20477674000.0,8468040000.0,30307238000.0,8909881000.0,21397357000.0,10253854000.0,,,,0.2089766420776014,1342023334.256972,21839198000.0,0.0614502114160498,0.0653444722168256,0.0461341610871963,0.4164010069094047,0.4178250235240186,0.3197920687866432,0.2635517573648274,0.116346562150301,,,88.8947474261209,88.8947474261209,False,89.35553979202099,89.35553979202099,89.24034170054597,39.0,True,True,True,True,True,True,True,True,True,True,True,False,True,False,True,False,False,12,False,0.3429790597230211,0.316901856299201,1.0,8720496216.75,0.0250696378830083,3.0,2.0,,,,,,-0.0148319120721756,-0.1005869228534651,0.242264648533858,-1.55971188933784,0.3857758620689655,-1.55971188933784,0.3037328696425609,-39.0,0.9482758620689656,0.9913793103448276,0.2241379310344827,0.8396551724137931,0.8163793103448276,健策
20.799999237060547,21.200000762939453,20.549999237060547,20.700000762939453,1116467.0,-0.0738254850276548,20.550000000000004,0.1159030519841464,20.107499980926512,0.1342466171473673,18.656666692097986,-0.1568227533102794,19.39333333174388,0.0306253223936118,63.82979414159835,1068850.2,1.0445495542780456,0.0294666558535359,3712.TW,2026-08-24,0.0231641811158902,-0.0151802509578546,neutral,0.1104921077065923,0.1476323119777158,2026-03-31,2026-05-15,5952868000.0,2246677000.0,1881231000.0,1749422000.0,95514000.0,-477314000.0,-1.94,29571984000.0,46915609000.0,61775289000.0,55872481000.0,5902808000.0,6100937000.0,11857517000.0,7405579000.0,0.0,0.0545974613329431,1778520563.2191665,14859680000.0,0.1196876758597201,-0.0808621930443951,-0.0077266170296669,9.465407141821316,0.3774108547342222,0.3160209499017952,-0.0801821911723895,-0.1923537691038415,,,39.89432060139683,39.89432060139683,False,77.67701419658398,77.67701419658398,68.2313407977872,512.0,True,True,True,True,True,True,True,True,True,True,True,True,True,True,False,False,False,14,False,0.1095229981091383,0.0673771449623239,1.0,22125199.955467988,0.5366759517177344,0.0,3.0,,,,,,0.1534890545273542,0.1199082147770861,0.3882323261708804,-1.3392807550672634,0.9077586206896552,-1.3392807550672634,0.9020290248866442,-512.0,0.4568965517241379,0.6293103448275862,0.9655172413793104,0.5331896551724138,0.6103448275862069,永崴投控
18.350000381469727,18.549999237060547,17.799999237060547,17.799999237060547,1626353.0,0.0318840137426403,17.719999694824217,0.040935604676908,17.23249969482422,0.0379008532354694,17.331666533152262,0.0,17.625833320617676,0.0098154129654923,65.51723684340332,1327445.2,1.225175246405652,0.0329319339786076,4142.TW,2026-08-24,0.0231641811158902,-0.0151802509578546,neutral,0.2701949860724233,0.3277623026926648,2026-03-31,2026-05-15,82316000.0,-74558000.0,-199219000.0,-200467000.0,0.0,-185545000.0,-0.44,2912947000.0,1385145000.0,7821186000.0,2973185000.0,4848001000.0,1792715000.0,222500000.0,1545416000.0,,-0.0,-199219000.0,6436041000.0,-0.0309536561373676,-0.0382724756038622,-0.023723384151713,0.6132806078216568,-0.9057534379707468,,,0.1416287584600022,,,24.80070069002073,24.80070069002073,False,58.30172902054917,58.30172902054917,49.92647193791706,770.0,True,False,True,True,True,False,True,True,True,True,True,True,True,True,False,False,False,12,False,0.0270217929137079,0.0098812869312194,1.0,23628523.547239684,0.5329619312906221,0.0,3.0,,,,,,-0.0517530079761163,-0.1107072937250246,0.064494087244326,-2.0186059914747534,0.1030172413793103,-2.0186059914747534,0.3479669180496706,-770.0,0.2068965517241379,0.043103448275862,0.2844827586206896,0.2185344827586207,0.1732758620689655,國光生
15.300000190734863,15.449999809265137,15.149999618530272,15.199999809265137,586318.0,-0.0318471341448636,15.320000076293946,0.0519031148719539,14.672499990463256,0.0818505055458027,15.0427903175354,0.1259259117974176,14.2701451698939,0.0129444252760405,72.54901887452931,1104748.45,0.5307253429502435,0.0359515978289139,4306.TW,2026-08-24,0.0231641811158902,-0.0151802509578546,neutral,0.2311977715877437,0.2265552460538533,2026-03-31,2026-05-15,3266440000.0,556508000.0,165625000.0,302191000.0,119003000.0,155400000.0,0.24,24550171000.0,15849766000.0,37327313000.0,24023660000.0,13303653000.0,2738401000.0,5787002000.0,7511840000.0,,0.3938006095482658,100401774.04356848,21477547000.0,0.0046747318976216,0.0116810022029287,0.0041631713485511,1.8057942431300635,0.1703714135266528,0.0507050489217619,0.0475747296751203,0.0909570639640227,,,24.18555826097449,24.18555826097449,False,55.39615218676419,55.39615218676419,47.59350370531676,780.0,True,False,True,True,True,False,True,False,True,True,True,True,False,True,False,False,False,10,False,0.0104508198553081,0.0651608395220095,1.0,16792176.229285955,0.5728876508820798,0.0,3.0,,,,,,0.0201835394759957,-0.0008415618292523,0.2301044340576627,-1.407907878954158,0.6642241379310344,-1.407907878954158,0.5732748454886029,-780.0,0.1982758620689655,0.0172413793103448,0.6120689655172413,0.2603448275862068,0.2267241379310344,炎洲
33.20000076293945,33.20000076293945,32.650001525878906,33.150001525878906,525000.0,0.0215716716943474,32.87000045776367,0.047393425763911,32.097500228881835,0.0359375476837158,32.32058172225952,0.0153139349657822,32.94862411816915,0.0093553500824593,70.73170504777208,336650.0,1.559483142729838,0.0327907559620488,4560.TW,2026-08-24,0.0231641811158902,-0.0151802509578546,neutral,0.2423398328690807,0.3333333333333333,2026-03-31,2026-05-15,452015000.0,163745000.0,74138000.0,71058000.0,19204000.0,51854000.0,0.76,1757228000.0,463260000.0,2594584000.0,489164000.0,2105420000.0,691341000.0,70389000.0,,,0.2702580990177038,54101605.055025466,2131324000.0,0.0253840359584115,0.024628815153271,0.0199854774406995,0.2323355909984706,0.3622556773558399,0.1640166808623607,0.1147174319436301,0.0310490576022517,,,64.08087029283453,64.08087029283453,False,56.7913942001803,56.7913942001803,58.61376322334386,221.0,True,False,True,True,True,False,True,True,True,True,True,True,True,True,True,False,False,12,False,0.0256622795575538,0.0061118609076822,1.0,11159948.013687134,0.6295264623955432,1.0,3.0,,,,,,0.0263641332586896,-0.0019660158373486,0.1675425462147324,-1.479580218621254,0.5642241379310344,-1.479580218621254,0.763954929065919,-221.0,0.75,0.2413793103448276,0.8620689655172413,0.7668103448275861,0.6198275862068966,強信-KY
143.5,144.0,140.0,140.5,398213.0,-0.0174825174825175,142.4,0.0725190839694656,134.55,0.146938775510204,128.88333333333333,0.1285140562248996,126.7625,0.0231939163498099,69.23076923076923,332206.6,1.1986908146918214,0.0442214790040875,4736.TW,2026-08-24,0.0231641811158902,-0.0151802509578546,neutral,0.1801299907149489,0.1337047353760445,2026-03-31,2026-05-15,1074466000.0,531890000.0,272939000.0,362978000.0,69184000.0,284846000.0,2.99,7743817000.0,2835366000.0,13071771000.0,3115964000.0,9955807000.0,2352593000.0,940000000.0,169444000.0,,0.1906010832612444,220916530.9357592,10236405000.0,0.0215814566672341,0.0286110407724858,0.0217909264169331,0.3129795505276468,0.4950272972806957,0.2540229285989505,0.2651047124804321,0.0999991809891194,,,73.12470502530472,73.12470502530472,False,72.44906278829042,72.44906278829042,72.617973347544,136.0,True,False,True,True,True,True,True,True,True,True,True,True,True,True,True,False,False,13,False,0.0901331953963533,0.1083719554284587,1.0,46675027.3,0.4252553389043639,2.0,3.0,,,,,,0.0207934520562268,-0.0203516693339015,0.2477255900406613,-1.2677601477183202,0.6629310344827586,-1.2677601477183202,0.6401826213547462,-136.0,0.8275862068965517,0.7844827586206896,0.7672413793103449,0.8185344827586206,0.8025862068965517,泰博
277.0,291.5,276.0,278.0,12508042.0,0.0550284629981023,266.4,0.2438478747203578,255.2257423400879,0.0072463768115942,256.0585807800293,0.4479166666666667,250.44595705668127,0.0494447503913637,68.32977740123886,5891357.3,2.123117197458046,0.0892318206271114,4967.TW,2026-08-24,0.0231641811158902,-0.0151802509578546,neutral,0.0343546889507892,0.4252553389043639,2026-03-31,2026-05-15,9044806000.0,3438206000.0,2905058000.0,2864850000.0,570946000.0,2293904000.0,27.0,20958301000.0,12834218000.0,21898307000.0,14803268000.0,7095039000.0,1301935000.0,5211626000.0,51810000.0,1902817000.0,0.1992935057681903,2326098806.7200727,9064089000.0,0.2566279751577983,0.3233109782765112,0.1047525728815474,2.0864251768031155,0.3801304306582142,0.3211852194508097,0.2536156109926514,0.6905237801707493,,,87.69619578074207,87.69619578074207,False,63.27045381982184,63.27045381982184,69.3768893100519,46.0,True,False,True,True,True,False,True,True,True,True,True,True,True,True,True,False,False,12,False,0.0856890604998699,0.1100199151431404,1.0,1637797329.4,0.0872794800371402,2.0,2.0,,,,,,0.0609277233278602,-0.0243903703365986,0.3709169250001304,0.5497130119276755,0.869396551724138,0.5497130119276755,0.901206088959313,-46.0,0.9310344827586208,0.7068965517241379,0.9482758620689656,0.9336206896551724,0.8672413793103448,十銓
54.79999923706055,55.29999923706055,52.900001525878906,53.400001525878906,837954.0,0.003759412783294,54.26000061035156,0.2247707200626312,47.02750072479248,0.4234861295294494,42.58489831288656,0.7848325652837864,39.04924093882243,0.0619284199309656,74.61368824443433,855764.25,0.979187901340819,0.1355058360081402,5515.TW,2026-08-24,0.0231641811158902,-0.0151802509578546,neutral,0.042711234911792,0.0287836583101207,2026-03-31,2026-05-15,2015280000.0,391103000.0,268702000.0,476647000.0,82479000.0,394168000.0,1.96,9114211000.0,5142167000.0,11530797000.0,5836747000.0,5694050000.0,2270517000.0,100000000.0,,,0.1730400065457246,222205804.1611507,6388630000.0,0.0347814483169553,0.0692245414072584,0.0341839336864572,1.02506072127923,0.1940688142590607,0.1333323409154063,0.1955896947322456,0.3881614203981094,,,76.63848749386133,76.63848749386133,False,82.99907149489323,82.99907149489323,81.40892549463526,104.0,True,True,True,True,True,True,True,False,True,True,True,True,True,True,True,False,False,13,False,0.2539656930381728,0.367504213706471,1.0,45697812.25579262,0.4317548746518105,1.0,3.0,,,,,,0.01721289862634,-0.0544017709674241,0.2534653347975696,-0.9445479772646004,0.6310344827586206,-0.9445479772646004,0.7355314872661949,-104.0,0.8706896551724138,0.9224137931034484,0.8448275862068966,0.8668103448275861,0.8810344827586207,建國
11.100000381469728,11.25,10.850000381469728,11.050000190734863,2053093.0,0.0091324550878177,10.759999847412107,0.0728155326321882,10.353499937057496,0.0832567019862695,10.329247585932414,-0.5594614073598165,11.476012055079142,0.012963504695745,68.18180832981841,2754740.3,0.7452945745920224,0.067271961936701,5521.TW,2026-08-24,0.0231641811158902,-0.0151802509578546,neutral,0.1792014856081708,0.2246982358402971,2026-03-31,2026-05-15,2612835000.0,137924000.0,51483000.0,62397000.0,-996000.0,63393000.0,0.13,12921452000.0,8050714000.0,13909364000.0,8217996000.0,5691368000.0,1805939000.0,1207000000.0,45836000.0,,0.0,51483000.0,5858650000.0,0.0087875193090558,0.0111384468549564,0.0045575771832558,1.44394036723684,0.0527871067250706,0.0197038848606972,0.0242621520302659,0.2132778029044353,,,26.7192956803025,26.7192956803025,False,71.6327093306743,71.6327093306743,60.40435591808136,744.0,True,False,True,True,True,True,True,True,True,True,True,True,False,True,False,False,False,12,False,0.0697778418811505,-0.0371219429101009,0.0,30439880.84042501,0.5051067780872794,0.0,3.0,,,,,,-0.0075592975640525,-0.0859241462857971,0.290097466853329,-1.2519148517094332,0.5301724137931034,-1.2519148517094332,0.476022270173525,-744.0,0.2327586206896551,0.3103448275862069,0.4827586206896552,0.2702586206896551,0.3060344827586207,工信
24.700000762939453,24.700000762939453,23.39999961853028,23.39999961853028,3903709.0,0.0218340614990844,24.74000015258789,0.38461539329699,20.120000076293945,0.1758794003564152,18.957500076293947,0.4999999388670326,18.453750093777973,0.1100689638857664,76.85950751936825,2610279.15,1.4955139951219394,0.163021845417433,6108.TW,2026-08-24,0.0231641811158902,-0.0151802509578546,neutral,0.011142061281337,0.1058495821727019,2026-03-31,2026-05-15,1005533000.0,-58176000.0,-188023000.0,-163927000.0,2837000.0,-166764000.0,-1.08,5952056000.0,4035658000.0,7430512000.0,4257488000.0,3173024000.0,3009763000.0,2815370000.0,,,0.0,-188023000.0,3394854000.0,-0.055384708738579,-0.0525568038565103,-0.0224431371620152,1.3417761731395663,-0.0578558833971634,-0.186988393220312,-0.1658463720235934,0.0519018870845751,,,14.198738437467275,14.198738437467275,False,86.14878189992517,86.14878189992517,68.1612710343107,980.0,True,True,True,True,True,True,True,False,True,True,True,True,True,False,False,False,False,12,False,0.2343399458978035,0.2680349251299347,1.0,61080531.11425754,0.3927576601671309,0.0,3.0,,,,,,-0.0763728581986578,-0.1403914779444574,0.203912203085337,-1.933369134689114,0.1870689655172413,-1.933369134689114,0.3553598771958712,-980.0,0.0603448275862069,0.6206896551724138,0.3017241379310345,0.096551724137931,0.2767241379310345,競國
25.049999237060547,25.14999961853028,24.950000762939453,25.14999961853028,196978.0,0.0059999847412111,25.02999992370605,0.030737705398586,24.8024998664856,0.0238275284302649,24.45434551239014,0.1077125974951589,24.07227904001872,0.006492849315676,61.29030273310725,181796.45,1.083508506354222,0.0140106744850441,6136.TW,2026-08-24,0.0231641811158902,-0.0151802509578546,neutral,0.3119777158774373,0.3686165273909007,2026-03-31,2026-05-15,171722000.0,51677000.0,-8398000.0,-7084000.0,312000.0,-3345000.0,-0.03,770246000.0,319306000.0,4455250000.0,426683000.0,4028567000.0,310276000.0,57595000.0,27169000.0,,0.0,-8398000.0,4135944000.0,-0.0020304917087852,-0.0008303200616993,-0.0007507996184276,0.1059143362888093,0.3009340678538568,-0.048904624917017,-0.0194791581742583,0.2854886401916383,,,36.25455624577715,36.25455624577715,False,67.9661571732685,67.9661571732685,60.03825694139566,587.0,True,False,True,True,True,True,True,True,True,True,True,True,True,True,False,False,False,13,False,0.0284470547693731,0.0447701929975103,1.0,4572180.648150159,0.7455896007428041,0.0,3.0,,,,,,0.0223744773909535,-0.0019168466428985,0.1872078792127577,-1.4673415006396335,0.5956896551724138,-1.4673415006396335,0.4652748722518324,-587.0,0.396551724137931,0.2844827586206896,0.4655172413793103,0.4068965517241379,0.3767241379310345,富爾特
137.5,140.5,135.0,139.0,1756128.0,-0.0544217687074829,141.6,0.1209677419354837,140.1,0.0109090909090909,133.17873458862306,0.4994606750376571,122.38353392283122,0.0288232054341838,49.397590361445786,3458400.4,0.507786200811219,-0.0078515346181298,6206.TW,2026-08-24,0.0231641811158902,-0.0151802509578546,neutral,0.1012070566388115,0.4141132776230269,2026-03-31,2026-05-15,1510237000.0,689057000.0,424206000.0,442845000.0,88742000.0,359024000.0,2.51,5482164000.0,1306580000.0,6928875000.0,1318597000.0,5610278000.0,2258494000.0,,,,0.2003906558728223,339199081.4348135,5622295000.0,0.0603310714636662,0.0639939767690656,0.0518156266349154,0.2350323816395551,0.4562575277919956,0.2808870395838534,0.2377269263036198,0.1096002833077651,,,90.34179168403904,90.34179168403904,False,61.61095636025998,61.61095636025998,68.79366519120475,29.0,True,False,True,True,False,True,True,False,True,True,True,True,False,True,True,False,False,10,False,0.0437101721183812,0.1357737070057665,1.0,480717655.6,0.1671309192200557,2.0,1.0,,,,,,-0.0317781388378538,-0.1038521716126513,0.154413568589472,-1.6765906396848418,0.2112068965517241,-1.6765906396848418,0.1578578966596788,-29.0,0.956896551724138,0.6637931034482759,0.0775862068965517,0.825,0.693103448275862,飛捷
1420.0,1490.0,1405.0,1475.0,3295663.0,0.0460992907801418,1410.0,0.2343096234309623,1308.0,0.586021505376344,1186.896103922526,1.13768115942029,938.1813852945965,0.0487071557426338,67.56756756756758,3636190.5,0.9063504786121628,0.1276758409785932,6446.TW,2026-08-24,0.0231641811158902,-0.0151802509578546,neutral,0.0380687093779015,0.0129990714948932,2026-03-31,2026-05-15,5121378000.0,4500097000.0,2087077000.0,2335581000.0,185954000.0,2149627000.0,5.79,30923112000.0,4737365000.0,40089669000.0,5635458000.0,34454211000.0,24175410000.0,,43340000.0,,0.0796178766653779,1920908360.822853,35352304000.0,0.0543361575761187,0.0623908351870254,0.0536204726459577,0.1635636932739513,0.8786887044853944,0.4075225456898514,0.4197360554132111,0.572274143110902,,,96.8555062833974,96.8555062833974,False,86.23566463399332,86.23566463399332,88.89062504634434,13.0,True,True,True,True,True,True,True,True,True,True,True,True,True,True,True,False,True,15,True,0.2427372498109403,0.5721906479063623,1.0,5363380987.5,0.0343546889507892,3.0,0.0,,,,,,-0.0348934048739595,-0.1268692305806247,0.1954702173822761,-1.2074442222053678,0.339655172413793,-1.2074442222053678,0.3087415938091457,-13.0,0.9741379310344828,0.9741379310344828,0.2327586206896551,0.8629310344827585,0.8258620689655173,藥華藥
452.5,461.5,442.0,453.0,2070321.0,0.0889423076923077,432.6,0.1730449223635064,411.539973449707,0.3092485549132948,407.7771687825521,-0.0659793814432989,415.2052510579427,0.0250889461611619,70.74829931972789,972813.0,2.128179824899544,0.1007436196361608,6472.TW,2026-08-24,0.0231641811158902,-0.0151802509578546,neutral,0.0575673166202414,0.0445682451253481,2026-03-31,2026-05-15,4001231000.0,1442628000.0,407236000.0,221152000.0,174254000.0,25838000.0,0.21,19812444000.0,14337765000.0,45331756000.0,28703088000.0,16628668000.0,4832012000.0,3410000000.0,3908546000.0,8410772000.0,0.4,244341600.0,30993991000.0,0.0078835152271935,0.0015538225912021,0.0005699757141549,1.7261206970997316,0.3605460419555881,0.1017776779196202,0.0064575127004664,-0.1067853383739788,,,27.229352834015025,27.229352834015025,False,81.15257746877624,81.15257746877624,67.67177131008593,729.0,True,True,True,True,True,True,True,True,True,True,True,True,True,True,False,False,False,14,False,0.1109008416348171,0.0910266641516606,1.0,440684289.0,0.1792014856081708,2.0,3.0,,,,,,-0.0494966006715446,-0.1466043810806889,0.2230644936886692,-1.686607900658969,0.2435344827586207,-1.686607900658969,0.1775701122825338,-729.0,0.2413793103448276,0.603448275862069,0.1034482758620689,0.2206896551724138,0.3224137931034482,保瑞
51.20000076293945,52.5,50.09999847412109,50.29999923706055,514021.0,0.0328541775986723,50.32999954223633,0.0690754527672772,48.8549997329712,0.1933569968242532,47.31083316802979,-0.1672185767162758,48.96208321253459,0.0222850002498231,59.06249500810983,755779.6,0.6801202361111626,0.0295773106537171,6589.TW,2026-08-24,0.0231641811158902,-0.0151802509578546,neutral,0.1866295264623955,0.0937790157845868,2026-03-31,2026-05-15,308435000.0,64956000.0,-207240000.0,-141836000.0,406000.0,-142242000.0,-0.47,4188368000.0,910711000.0,10619357000.0,2413133000.0,8206224000.0,3257763000.0,0.0,1001914000.0,,0.0,-207240000.0,9708646000.0,-0.0213459219751137,-0.0173334288705743,-0.0133945963018288,0.2940613124867174,0.2105986674664029,-0.6719081816265988,-0.461173342843711,0.6954150931987708,,,33.08565989658788,33.08565989658788,False,77.36863137500082,77.36863137500082,66.29788850539758,629.0,True,True,True,True,True,True,True,True,True,True,True,True,False,True,False,False,False,13,False,0.0631814294712247,0.0273255535047056,1.0,38015713.30338592,0.4614670380687093,1.0,3.0,,,,,,-0.0481671641879253,-0.1328437489191286,0.1065237077002238,-2.0301221426920883,0.1051724137931034,-2.0301221426920883,0.0727826477320997,-629.0,0.3189655172413793,0.5689655172413793,0.0344827586206896,0.2762931034482759,0.3370689655172414,台康生技
61.5,61.59999847412109,60.59999847412109,61.20000076293945,340239.0,0.0032787010317942,60.8,0.0115702605444538,60.75500030517578,0.0965869551561835,60.32814070383708,0.1245136085858624,58.87887239456177,0.0006588151466168,61.81816668550891,410491.35,0.8288579040703294,0.0073245075389418,6592.TW,2026-08-24,0.0231641811158902,-0.0151802509578546,neutral,0.4085422469823584,0.2014856081708449,2026-03-31,2026-05-15,5805627000.0,3589277000.0,1112669000.0,1199688000.0,276772000.0,908070000.0,0.76,301356298000.0,284872301000.0,330129656000.0,287832209000.0,42297447000.0,7386317000.0,102306502000.0,1403494000.0,,0.2307033161955441,855972571.87202,45257355000.0,0.0189134467065523,0.0214686716198261,0.0027506465520322,6.804954658374535,0.6182410616458826,0.1916535457755036,0.1564120464507968,-0.0460268227300109,,,41.73495049073704,41.73495049073704,False,67.40789391949338,67.40789391949338,60.98965806230429,484.0,True,False,False,True,True,True,True,True,False,True,True,True,True,True,False,False,False,11,False,0.0144519630296997,0.0394220927470083,1.0,25122070.933180045,0.5255338904363974,1.0,3.0,,,,,,0.003223184224402,-0.0138072008655407,0.2305207272467948,-0.622266442443903,0.6521551724137931,-0.622266442443903,0.5864116949114389,-484.0,0.4913793103448275,0.3448275862068966,0.646551724137931,0.5146551724137931,0.4784482758620689,和潤企業
6300.0,6410.0,6205.0,6300.0,919494.0,-0.0483383685800604,6331.0,0.0966057441253263,6007.75,0.1905341902108681,5349.5779296875,0.5639224387851891,4787.962915039063,0.0363103195480615,53.05466237942122,1634617.05,0.5625134033686973,0.0486454995630643,6669.TW,2026-08-24,0.0231641811158902,-0.0151802509578546,neutral,0.138347260909935,0.0974930362116991,2026-03-31,2026-05-15,276507734000.0,20881168000.0,17458392000.0,17934386000.0,3819977000.0,14114409000.0,75.95,395619318000.0,257883938000.0,432576398000.0,292412129000.0,140164269000.0,70996229000.0,72191879000.0,9594000000.0,18686968000.0,0.2129973671805658,13739800468.793749,174692460000.0,0.0786513651979813,0.1006990519102982,0.0326287080507799,2.086210209536355,0.0755174826321494,0.0631388921656708,0.0510452593705751,0.6202705683581411,,,65.40144535951697,65.40144535951697,False,73.63789498591063,73.63789498591063,71.57878257931222,207.0,True,False,True,True,True,True,True,True,True,True,True,True,False,True,True,False,False,12,False,0.1776630012319533,0.3157996650750168,1.0,10298087415.0,0.021355617455896,3.0,3.0,,,,,,0.0815330921950528,0.0002157504254461,0.3669851971853641,0.6725032643461064,0.9400862068965516,0.6725032643461064,0.8401025884274056,-207.0,0.7672413793103449,0.7758620689655172,0.9224137931034484,0.7905172413793102,0.8008620689655173,緯穎
267.0,271.0,258.0,259.0,2884043.0,-0.0848056537102474,277.2,0.1719457013574661,242.85,0.1640449438202247,249.99166666666667,1.6818906434874168,205.2154572168986,0.053122289679098,66.94560669456067,4392575.35,0.6565722315952986,0.0665019559398805,6672.TW,2026-08-24,0.0231641811158902,-0.0151802509578546,neutral,0.0584958217270195,0.1142061281337047,2026-03-31,2026-05-15,1245827000.0,423777000.0,145352000.0,148482000.0,24894000.0,123588000.0,1.73,4606299000.0,1439948000.0,6456499000.0,2742865000.0,3713634000.0,1563255000.0,30000000.0,69263000.0,896840000.0,0.1676566856588677,120982765.42611226,5016551000.0,0.0241167219123481,0.0332795315855035,0.0191416431722517,0.7385932485538425,0.3401571807321562,0.1166710947828229,0.0992015745364324,0.2185628742514969,,,64.4879602565514,64.4879602565514,False,69.32557214588054,69.32557214588054,68.11616917354826,215.0,True,False,True,True,True,False,True,True,True,True,True,True,False,True,True,False,False,11,False,0.0360345344844827,0.2620881658356506,1.0,1137677015.65,0.10677808727948,2.0,3.0,,,,,,-0.0423339469607079,-0.1692284656603907,0.3060355558875464,-1.4794860388222946,0.3857758620689655,-1.4794860388222946,0.424531259473672,-215.0,0.7586206896551724,0.6120689655172413,0.3793103448275862,0.7017241379310344,0.6387931034482759,騰輝電子-KY
282.0,295.0,265.0,265.0,50588596.0,0.0231660231660231,275.8,0.2268518518518518,229.725,0.6598656646390935,183.64339179992675,1.390206547942475,156.0855193456014,0.0507718696397941,67.01570680628272,30268073.8,1.6713516801323511,0.1535531613886167,8039.TW,2026-08-24,0.0231641811158902,-0.0151802509578546,neutral,0.0417827298050139,0.011142061281337,2026-03-31,2026-05-15,2415476000.0,532169000.0,146484000.0,219817000.0,44902000.0,171370000.0,0.65,10090538000.0,4116000000.0,15838059000.0,5212295000.0,10625764000.0,3401205000.0,544660000.0,425464000.0,0.0,0.2042699154296528,116561725.70820272,11722059000.0,0.0099437927848855,0.0161277814941118,0.0108201390081953,0.4905336689201831,0.2203164096848819,0.060643947611154,0.0709466788326607,0.0846351629146733,,,39.59205928302138,39.59205928302138,False,91.18925056573242,91.18925056573242,78.28995274505466,517.0,True,True,True,True,True,True,True,True,True,True,True,True,True,False,False,False,False,13,False,0.4430140796392419,0.6977872201792299,1.0,8021039557.0,0.0269266480965645,2.0,3.0,,,,,,-0.041503472900107,-0.1503628732123302,0.2465735160176048,-1.9088752598172172,0.2758620689655172,-1.9088752598172172,0.2512440255920263,-517.0,0.4482758620689655,0.8620689655172413,0.1637931034482758,0.405603448275862,0.5155172413793103,台虹
1135.0,1170.0,1105.0,1135.0,7427260.0,-0.1235521235521235,1178.0,0.0558139534883721,1105.25,0.3412523391516555,1065.4979512532552,1.2747638976352331,889.5293807983398,-0.0009039548022598,57.377049180327866,11264499.55,0.6593510849756303,0.0269169871069894,8046.TW,2026-08-24,0.0231641811158902,-0.0151802509578546,neutral,0.2172701949860724,0.0371402042711234,2026-03-31,2026-05-15,11177241000.0,1771445000.0,1352237000.0,1598197000.0,289571000.0,1308626000.0,2.03,25923065000.0,8163676000.0,62161816000.0,15455246000.0,46706570000.0,9657576000.0,,,,0.1811860490289995,1107230520.6191726,53998140000.0,0.0205049751828335,0.0280180282988025,0.0210519267969906,0.3309008989527597,0.1584867857819295,0.1209812868846614,0.1170795189975773,0.3214942908705003,,,61.16068715346135,61.16068715346135,False,65.7709703918087,65.7709703918087,64.61839958222187,248.0,True,False,True,True,True,True,False,True,True,True,True,True,False,True,True,False,False,11,False,0.0652296409063906,0.2759556058523371,1.0,12785206989.25,0.0139275766016713,3.0,3.0,,,,,,-0.1056647089391676,-0.2096344338011851,0.231063326209784,-1.5307123109391847,0.2448275862068965,-1.5307123109391847,0.1986501550534283,-248.0,0.7155172413793104,0.4827586206896552,0.1206896551724138,0.6262931034482759,0.5267241379310346,南電
93.5,98.0,93.4000015258789,95.4000015258789,18087024.0,0.0203208719345338,92.78000030517578,0.1316725749974885,89.20499992370605,0.0767494714319212,89.71634928385417,0.3866278676486407,86.38984146118165,0.0165232750414293,66.03774535524552,18894776.5,0.9572499574154794,0.0694467979089874,8112.TW,2026-08-24,0.0231641811158902,-0.0151802509578546,neutral,0.0928505106778087,0.234911792014856,2026-03-31,2026-05-15,110164542000.0,4238620000.0,3418168000.0,2892239000.0,712333000.0,2102790000.0,3.91,110827396000.0,76135974000.0,112891822000.0,92125380000.0,20766442000.0,14855353000.0,53437429000.0,11508327000.0,2798432000.0,0.2462911951605659,2576303318.0203986,36755848000.0,0.0700923379055327,0.101259040908404,0.0186265928102391,4.4362621194328815,0.0384753562539206,0.0310278419711489,0.0190877206206693,1.3784680054727554,,,52.60217451052254,52.60217451052254,False,66.53142819921494,66.53142819921494,63.04911477704184,327.0,True,False,True,True,True,False,True,True,True,True,True,True,True,True,False,False,False,12,False,0.063351354434209,0.1042965227427332,1.0,1802561706.931141,0.0779944289693593,1.0,3.0,,,,,,-0.0045772783007601,-0.0795179999388703,0.2079867029365542,-0.545847637701716,0.4974137931034483,-0.545847637701716,0.5829496734344018,-327.0,0.646551724137931,0.4137931034482758,0.6293103448275862,0.6439655172413793,0.5732758620689655,至上
27.0,27.39999961853028,26.89999961853028,27.200000762939453,5441123.0,0.02835538670573,26.990000534057614,0.0583657570221969,26.24750003814697,0.0559366063395287,26.774253559112548,-0.1313549207012858,27.17001288731893,0.0088402081335783,61.72840669013257,6375461.05,0.8534477675147902,0.0362891979582113,8422.TW,2026-08-24,0.0231641811158902,-0.0151802509578546,neutral,0.2098421541318477,0.2776230269266481,2026-03-31,2026-05-15,1113595000.0,536910000.0,382897000.0,344678000.0,88520000.0,280916000.0,0.21,6590198000.0,4146746000.0,24070396000.0,11611890000.0,12458506000.0,3053433000.0,465000000.0,6112052000.0,105411000.0,0.2568194082593029,284561619.0357377,19923650000.0,0.014282604795594,0.0225481289650621,0.0116706015139925,0.932045142491403,0.482141173406849,0.3438386487008293,0.25226047171548,-0.2378514926159688,,,54.19779984148874,54.19779984148874,False,63.97891876591535,63.97891876591535,61.53363903480869,310.0,True,False,True,True,True,False,True,True,True,True,True,True,True,True,False,False,False,12,False,0.0159013659479594,0.0011037122339576,1.0,173412545.42409077,0.2831940575673166,0.0,3.0,,,,,,-0.0190866177509132,-0.0688614737667223,0.1237004931693997,-1.7153607786629357,0.2344827586206896,-1.7153607786629357,0.4346605173946901,-310.0,0.6724137931034483,0.3620689655172414,0.4051724137931034,0.6323275862068964,0.5258620689655172,可寧衛*
21.5,21.600000381469727,21.450000762939453,21.5,126584.0,0.0,21.429999923706056,0.036144578313253,21.132500076293944,0.036144578313253,20.804252719879152,0.0386473047137678,20.938376331329348,0.0094339594707413,74.99997350906361,166680.05,0.759443016725757,0.0173902719687346,9905.TW,2026-08-24,0.0231641811158902,-0.0151802509578546,neutral,0.2869080779944289,0.3324048282265552,2026-03-31,2026-05-15,2262403000.0,227921000.0,110504000.0,146083000.0,37653000.0,108152000.0,0.35,9976288000.0,2845823000.0,12068826000.0,3342134000.0,8726692000.0,759126000.0,0.0,,,0.2577507307489577,82021513.24931718,9223003000.0,0.0088931461097125,0.0123932413336004,0.0089612693065588,0.3829783381835866,0.1007428826782849,0.0488436410312397,0.0478040384493832,0.1512060067798128,,,34.794291678762654,34.794291678762654,False,59.53182628523114,59.53182628523114,53.347442633614016,603.0,True,False,True,True,True,True,True,False,True,True,True,True,False,True,False,False,False,11,False,0.0334425508807647,0.0268226943571701,1.0,3583621.075,0.7818012999071495,0.0,3.0,,,,,,0.0192395260561208,0.0083964160106105,0.1990023844196093,-1.246486360603214,0.6422413793103448,-1.246486360603214,0.5710612588716348,-603.0,0.3362068965517241,0.1206896551724138,0.603448275862069,0.3762931034482758,0.325,大華
108.5,109.5,103.5,104.0,2788381.0,0.0677617902538481,103.78000030517578,0.2163742690058478,96.15,0.5007214346343671,83.35333290100098,0.2951431637302208,77.02000013987224,0.0490998407004892,68.11594303053388,4446497.05,0.6270961092844984,0.0816432657306291,9921.TW,2026-08-24,0.0231641811158902,-0.0151802509578546,neutral,0.0445682451253481,0.0185701021355617,2026-03-31,2026-05-15,12523541000.0,2458803000.0,-191441000.0,-170563000.0,-23472000.0,-199773000.0,-0.51,48200680000.0,28731484000.0,72341005000.0,34909460000.0,37431545000.0,13787267000.0,9060327000.0,1863857000.0,,0.1376148402643011,-165095877.36496192,43609521000.0,-0.0037857759860504,-0.0053370225567766,-0.0027615458203822,0.9326214026164296,0.1963344871869705,-0.0152864912567459,-0.0159517982973026,-0.2568048701835493,,,14.870530982450036,14.870530982450036,False,82.09570220314306,82.09570220314306,65.2894093979698,959.0,True,True,True,True,True,True,True,True,True,True,True,True,False,True,False,False,False,13,False,0.2477005583390543,0.3502986212818841,1.0,462435693.2,0.1717734447539461,2.0,3.0,,,,,,0.0295411583598693,-0.022349404065937,0.3912756412360233,-1.407715152657357,0.75,-1.407715152657357,0.6893618276917299,-959.0,0.0775862068965517,0.5086206896551724,0.8189655172413793,0.1887931034482758,0.3551724137931034,巨大
11.5,11.550000190734863,11.25,11.25,999083.0,-0.0044247955655664,11.339999961853028,0.0613207165224787,11.047499990463256,0.170070737003479,10.618561999003092,0.1664668084181932,10.016590507825216,0.0142299765417129,57.14285360417989,1802715.95,0.5542098853676865,0.0183299397792759,9934.TW,2026-08-24,0.0231641811158902,-0.0151802509578546,neutral,0.2061281337047353,0.1095636025998143,2026-03-31,2026-05-15,4675859000.0,1599481000.0,215608000.0,179015000.0,65010000.0,114005000.0,0.28,10184466000.0,6401709000.0,16132102000.0,9818930000.0,6313172000.0,2756002000.0,2012873000.0,1745714000.0,,0.3631539256486886,137309108.39873755,9730393000.0,0.0141113630660896,0.0180582756180252,0.0070669649869558,1.5553084883478543,0.3420721197965978,0.0461108857217465,0.0243816162976685,0.0629297965528301,,,37.04526496126525,37.04526496126525,False,73.31884268789099,73.31884268789099,64.25044825623456,572.0,True,False,True,True,True,True,True,True,True,True,True,True,False,True,False,False,False,12,False,0.0594654908128038,0.1231366592465983,1.0,20280554.4375,0.552460538532962,0.0,3.0,,,,,,0.0259722062606345,-0.0165938459092355,0.2241099456198012,-1.299478493400494,0.6392241379310345,-1.299478493400494,0.5933858438409001,-572.0,0.4051724137931034,0.4568965517241379,0.6637931034482759,0.4439655172413793,0.4724137931034482,成霖
135.0,136.0,133.0,134.5,991500.0,0.0228136882129277,132.0,0.0426356589147287,133.4,0.1447342934438491,127.27920354207356,0.1447342934438491,119.8300438563029,0.0026305900037579,54.929577464788736,1839718.6,0.5389411184949698,0.0082458770614692,9939.TW,2026-08-24,0.0231641811158902,-0.0151802509578546,neutral,0.2609099350046425,0.1364902506963788,2026-03-31,2026-05-15,6859793000.0,1532311000.0,905992000.0,852810000.0,177064000.0,664457000.0,2.25,15830282000.0,15334754000.0,47767359000.0,28356250000.0,19411109000.0,3417062000.0,3186314000.0,8601830000.0,3723183000.0,0.2076242070332196,717886129.4215593,32432605000.0,0.0221347045487576,0.0342307593038604,0.0139102729125133,1.4608258600783706,0.2233756907825061,0.1320727899515335,0.0968625438114532,-0.0577454629967812,,,44.2251041721302,44.2251041721302,False,67.70268817622784,67.70268817622784,61.83329217520343,445.0,True,False,True,True,True,True,True,True,True,True,True,True,False,True,False,False,False,12,False,0.0567319425088914,0.1224230224040385,1.0,247442151.7,0.2376973073351903,2.0,3.0,,,,,,0.0182174965650257,-0.0085085119580228,0.2632261275328374,-0.6936715275134382,0.7340517241379311,-0.6936715275134382,0.7180413139669748,-445.0,0.5086206896551724,0.3793103448275862,0.8362068965517241,0.5577586206896551,0.5353448275862069,宏全
85.4000015258789,86.0999984741211,85.0999984741211,85.9000015258789,785214.0,0.0238379018310637,85.21999969482422,0.0424757273687765,83.79500007629395,0.175102644581987,82.44333330790202,0.1576820088792994,79.20583349863688,0.0088490229398835,74.00001525878906,1007072.65,0.7796994586239632,0.0251208478747944,9941.TW,2026-08-24,0.0231641811158902,-0.0151802509578546,neutral,0.2618384401114206,0.10677808727948,2026-03-31,2026-05-15,9588907000.0,4187850000.0,1390166000.0,1382030000.0,301331000.0,1104074000.0,1.82,235100426000.0,237208150000.0,286724084000.0,244513555000.0,42210529000.0,7708912000.0,35439009000.0,3468847000.0,,0.2180350643618445,1087061066.716352,49515934000.0,0.0219537627365839,0.0261563649202311,0.0038506496719682,5.792714775026866,0.4367390360548913,0.1449764816782559,0.1151407558755132,-0.0112940820804001,,,41.17633903527033,41.17633903527033,False,66.56879860423658,66.56879860423658,60.220683711995015,492.0,True,False,True,True,True,True,True,False,True,True,True,True,False,True,False,False,False,11,False,0.0419278076138336,0.0845160985188955,1.0,86507542.17167091,0.3481894150417827,1.0,3.0,,,,,,0.0351979330770873,0.0170612966935027,0.2654966666057928,-0.9175748797857808,0.821551724137931,-0.9175748797857808,0.7899404404542041,-492.0,0.4827586206896552,0.293103448275862,0.9051724137931034,0.5461206896551724,0.5103448275862069,裕融
29.299999237060547,29.549999237060547,28.549999237060547,29.0,9583731.0,-0.0397351235968198,29.55,0.1005692440290759,27.76500005722046,0.2446352338876105,26.550072320302327,-0.0068493410175966,25.74420283635457,0.0296680881996061,68.25395335656866,9172234.8,1.0448632431433176,0.044480458859512,9945.TW,2026-08-24,0.0231641811158902,-0.0151802509578546,neutral,0.1309192200557103,0.0668523676880222,2026-03-31,2026-05-15,8802139000.0,2177505000.0,1558595000.0,3524918000.0,275592000.0,2706817000.0,0.99,56821154000.0,31229259000.0,206807304000.0,85163985000.0,121643319000.0,4687641000.0,7435539000.0,36077246000.0,,0.0781839464066965,1436737892.0502548,175578045000.0,0.0081829017520399,0.0222520811027854,0.0130885947819328,0.7001123094972441,0.247383618913539,0.1770700280920353,0.3075180930453381,0.2547092191019549,,,56.447152500431685,56.447152500431685,False,75.42173129664994,75.42173129664994,70.67808659759538,295.0,True,True,True,True,True,True,True,True,True,True,True,True,True,True,False,False,False,14,False,0.0922757441163073,0.1264671966866173,1.0,265994809.2,0.2311977715877437,0.0,3.0,,,,,,-0.0471053708304731,-0.1078219651651005,0.1117987451373852,-1.9404168268288493,0.1331896551724138,-1.9404168268288493,0.0977900041663678,-295.0,0.6982758620689655,0.75,0.043103448275862,0.6,0.5827586206896551,潤泰新
205.0,212.0,205.0,210.0,383394.0,0.0473815461346633,203.5,0.1382113821138211,199.075,0.0880829015544042,196.36249745686848,0.108179419525066,199.7895820617676,0.0232325073547257,65.87301587301587,339832.65,1.1281847109157992,0.0548788145171419,6782.TW,2026-08-24,0.0231641811158902,-0.0151802509578546,neutral,0.0872794800371402,0.2144846796657381,2026-03-31,2026-05-15,1228595000.0,562960000.0,345415000.0,320529000.0,79940000.0,240471000.0,3.82,2257209000.0,1785112000.0,6287420000.0,2055065000.0,4232355000.0,548061000.0,34008000.0,243227000.0,,0.2494002102773852,259268426.36703697,4502308000.0,0.0575856708086245,0.0568173038414783,0.0382463713255993,0.4855606394076111,0.4582144644899255,0.2811463500990969,0.1957284540471026,0.2971931691721623,,,94.77818654579036,94.77818654579036,False,77.24647699350707,77.24647699350707,81.6294043815779,18.0,True,True,True,True,True,True,True,True,True,True,True,True,True,True,True,False,False,14,False,0.0694506472455467,0.0511058576371401,1.0,71364856.5,0.3714020427112349,2.0,1.0,,,,,,-0.0165858859399492,-0.0859266652774158,0.1725451927894957,-1.943100981929804,0.2525862068965517,-1.943100981929804,0.2492574309258917,-18.0,0.9655172413793104,0.9310344827586208,0.1551724137931034,0.8439655172413792,0.7931034482758621,視陽
64.0,64.5999984741211,62.5,62.5,104066.0,0.0575296381330316,62.26000061035156,0.0738831474345735,58.83499984741211,0.0262725522829616,58.88339608510334,-0.2460796278696163,64.90336475372314,0.0152181329394991,68.71164825783043,62932.15,1.6536221946969871,0.0622928556487298,6796.TW,2026-08-24,0.0231641811158902,-0.0151802509578546,neutral,0.1773444753946146,0.3611884865366759,2026-03-31,2026-05-15,147416000.0,53869000.0,-19412000.0,-13466000.0,-767000.0,-12699000.0,-0.32,1134874000.0,439289000.0,1677327000.0,806242000.0,871085000.0,494297000.0,88000000.0,139353000.0,186074000.0,0.0569582652606564,-18306326.154760137,1238038000.0,-0.0147865624114608,-0.0145783706526917,-0.0075709745326939,0.9255606513715654,0.36542166386281,-0.1316817713138329,-0.0861439735171216,0.1029508589214101,,,29.05765183146441,29.05765183146441,False,61.82567519207456,61.82567519207456,53.633669351922016,696.0,True,False,True,True,True,False,True,True,True,True,True,True,True,True,False,False,False,12,False,0.0614197576116302,-0.0370298945646769,0.0,3933259.375,0.766016713091922,1.0,3.0,,,,,,0.0522519256958132,-0.0316765040272416,0.3994993948272207,-1.5356958948557404,0.7288793103448277,-1.5356958948557404,0.6731329489442294,-696.0,0.2586206896551724,0.1293103448275862,0.7931034482758621,0.3387931034482758,0.3267241379310345,晉弘
202.5,202.5,198.5,200.5,125856.0,0.0050125313283209,199.6,0.0693333333333332,195.225,0.0151898734177216,195.52369384765623,0.1295774647887324,191.9035135904948,0.0157594337175352,64.13043478260869,213817.9,0.5886130207059371,0.0270201050070431,4771.TW,2026-08-24,0.0231641811158902,-0.0151802509578546,neutral,0.1857010213556174,0.3964716805942432,2026-03-31,2026-05-15,1030727000.0,422528000.0,298124000.0,310643000.0,69136000.0,214777000.0,3.66,2662213000.0,1036935000.0,7439213000.0,2725761000.0,4713452000.0,939697000.0,0.0,1180020000.0,,0.2225577270371455,231774200.18477803,6402278000.0,0.0362018331888709,0.0455668159981262,0.0288709302986754,0.5782939976900158,0.4099320188565934,0.2892366261871475,0.208374283394148,0.2716625438753415,,,87.83714193650803,87.83714193650803,False,58.29059189216379,58.29059189216379,65.67722940324985,44.0,True,False,True,True,True,False,True,True,True,True,True,True,False,True,True,False,False,11,False,0.0254511668351615,0.0447958781403521,1.0,42870488.95,0.4428969359331476,2.0,2.0,,,,,,-0.0066815273781853,-0.0520810481194043,0.2151765801635622,-1.439591199152493,0.4538793103448275,-1.439591199152493,0.5437853035161251,-44.0,0.9396551724137931,0.5344827586206896,0.5689655172413793,0.884051724137931,0.7439655172413794,望隼
36.04999923706055,36.5,35.150001525878906,35.150001525878906,30136.0,-0.0563757979629824,37.43000106811523,0.0384048186221244,36.64000053405762,0.0667678516540097,34.573333485921225,-0.1876269889088198,36.1719428062439,0.0237496558418851,49.12282032417345,10024.2,3.006324694239939,-0.040665911202532,6807.TW,2026-08-24,0.0231641811158902,-0.0151802509578546,neutral,0.2804085422469823,0.2562674094707521,2026-03-31,2026-05-15,816575000.0,140988000.0,21290000.0,55642000.0,21854000.0,33788000.0,0.63,2199559000.0,1020947000.0,3561572000.0,1049027000.0,2512545000.0,730437000.0,,,,0.3927608640954674,12928121.2034075,2540625000.0,0.0050885593912551,0.0134477193443301,0.0094868221111351,0.4175157061863568,0.1726577472981661,0.0260723142393533,0.0413777056608394,-0.2993394746687077,,,25.847745535457133,25.847745535457133,False,60.18105849582173,60.18105849582173,51.59773025573058,753.0,True,False,True,True,False,True,True,False,True,True,True,True,False,True,False,False,False,10,False,0.0166795614369239,-0.0282523193691599,0.0,352350.64529571537,0.978644382544104,1.0,3.0,,,,,,0.0168668028605336,-0.0066189103767228,0.1894426248034893,-1.634397913441216,0.5198275862068966,-1.634397913441216,0.4321253120939806,-753.0,0.2241379310344827,0.0862068965517241,0.396551724137931,0.25,0.2172413793103448,峰源-KY
117.5,118.5,110.5,110.5,6548208.0,0.0780487804878049,108.0,0.0833333333333332,106.5,0.099502487562189,102.93499997456868,-0.2608695652173913,104.6683333714803,0.0146239207848394,53.01204819277108,5384171.0,1.2161961423587773,0.0375586854460094,6919.TW,2026-08-24,0.0231641811158902,-0.0151802509578546,neutral,0.1578458681522748,0.1959145775301764,2026-03-31,2026-05-15,2000.0,1000.0,-245831000.0,-107754000.0,0.0,-107754000.0,-0.07,5029205000.0,111245000.0,9536630000.0,173792000.0,9362838000.0,2539089000.0,,,,-0.0,-245831000.0,9425385000.0,-0.0260817993111156,-0.0115086899933545,-0.0112989599051237,0.0185618933062817,0.5,,,inf,,,50.0,50.0,False,71.42278248263581,71.42278248263581,66.06708686197686,366.0,True,False,True,True,True,True,True,True,True,True,True,True,True,True,False,False,False,13,False,0.073492981272651,0.0557156729325423,1.0,594950895.5,0.1504178272980501,2.0,3.0,,,,,,-0.0472491744540537,-0.1399066374736458,0.3557436205463945,-1.8824540825859224,0.3521551724137931,-1.8824540825859224,0.3154656451449842,-366.0,0.5775862068965517,0.5603448275862069,0.2413793103448276,0.5271551724137931,0.5051724137931034,康霈*
148.0,148.5,147.0,147.5,124865.0,-0.0033783783783783,147.9,0.0172413793103447,147.325,0.0460992907801418,144.55833333333334,0.0498220640569395,145.775,0.005116834385127,58.33333333333333,84594.6,1.4760398417865914,0.0011878499915154,6914.TW,2026-08-24,0.0231641811158902,-0.0151802509578546,neutral,0.3779015784586815,0.3017641597028783,2026-03-31,2026-05-15,1436180000.0,315694000.0,223320000.0,194333000.0,39123000.0,155210000.0,2.34,2260924000.0,3075526000.0,11067161000.0,7614684000.0,3452477000.0,1511366000.0,0.0,339000.0,,0.2013193847673838,178361354.99374786,7991635000.0,0.0223185061622243,0.0449561285998429,0.01402437354982,2.2055712463833936,0.2198150649640017,0.1554958292136083,0.1080714116614909,0.0924403625899761,,,49.39729316925784,49.39729316925784,False,67.22187187155251,67.22187187155251,62.76572719597884,376.0,True,False,True,True,True,True,True,True,False,True,True,True,True,True,False,False,False,12,False,0.0203493399435059,0.0118333047504715,1.0,12477703.5,0.6109563602599815,2.0,3.0,,,,,,0.0195428860040925,-0.0032367535798287,0.187493999544235,-0.2499334734111839,0.6681034482758621,-0.2499334734111839,0.644626484749144,-376.0,0.5689655172413793,0.3879310344827586,0.7758620689655172,0.6,0.5560344827586207,阜爾運通
185.0,198.0,185.0,194.5,537125.0,0.0130208333333332,191.0,0.2080745341614907,175.5,0.127536231884058,163.58914998372396,0.4407407407407406,159.86124165852866,0.0358565737051792,66.45161290322581,571087.95,0.9405293878114572,0.1082621082621082,6933.TW,2026-08-24,0.0231641811158902,-0.0151802509578546,neutral,0.0482822655524605,0.1569173630454967,2026-03-31,2026-05-15,1820470000.0,249043000.0,75692000.0,58930000.0,12357000.0,46573000.0,1.1,5046947000.0,2858081000.0,5403999000.0,3014996000.0,2389003000.0,1147835000.0,1110793000.0,,,0.2096894620736467,59820185.23672154,2545918000.0,0.0234965090143207,0.019494743204592,0.0086182473386838,1.2620310648416937,0.1368014853307113,0.041578273742495,0.0255829538525765,-0.0692122762723702,,,29.486569053500588,29.486569053500588,False,82.59309264221355,82.59309264221355,69.31646174503531,689.0,True,True,True,True,True,True,True,True,True,True,True,True,True,True,False,False,False,14,False,0.1889541575303219,0.2166801532510389,1.0,111076606.275,0.3259052924791086,2.0,3.0,,,,,,0.0040570194140318,-0.0433413457494907,0.2765404920384968,-1.6230003444305074,0.5366379310344828,-1.6230003444305074,0.4640253113079288,-689.0,0.2758620689655172,0.6982758620689655,0.4482758620689655,0.3017241379310345,0.4370689655172414,AMAX-KY
36.09999847412109,36.59999847412109,35.79999923706055,36.09999847412109,781672.0,0.0388488769531247,35.5,0.084084063099447,34.19000015258789,0.0540145539889367,34.43508218129476,0.0617646610035613,33.88754108746846,0.015371135274325,71.03823951958998,564146.05,1.3855844599106917,0.0558642384618013,3716.TW,2026-08-24,0.0231641811158902,-0.0151802509578546,neutral,0.1559888579387186,0.2822655524605385,2026-03-31,2026-05-15,2228857000.0,906220000.0,207486000.0,241831000.0,48842000.0,195893000.0,1.57,5863101000.0,4039684000.0,12583267000.0,4762626000.0,7820641000.0,900139000.0,2057785000.0,230400000.0,,0.2019674896932155,165580573.4335135,8543583000.0,0.0193806946609535,0.0250482025706077,0.0155677376948291,0.6089815400042017,0.406585079258113,0.0930907635617718,0.0878894428848508,-0.0118685350598591,,,52.92075300428222,52.92075300428222,False,61.13225248806418,61.13225248806418,59.079377617118695,324.0,True,False,True,True,True,False,True,True,True,True,True,True,True,True,False,False,False,12,False,0.0483494212112178,0.0652882243932058,1.0,20365671.54418144,0.5506035283194057,1.0,3.0,,,,,,0.0280191522413509,-0.0078228168273291,0.2034121677599645,-1.4140848408510207,0.6237068965517241,-1.4140848408510207,0.5850406205345211,-324.0,0.6637931034482759,0.25,0.6379310344827587,0.6599137931034483,0.5344827586206897,中化控股
246.0,259.0,246.0,253.0,841434.0,-0.0964285714285714,261.9,0.219277108433735,233.3,0.3246073298429319,241.3269566853841,0.4709302325581395,203.06764500935876,0.0453852958807336,69.26070038910505,1565336.1,0.5375420652472015,0.0844406343763395,7788.TW,2026-08-24,0.0231641811158902,-0.0151802509578546,neutral,0.0436397400185701,0.042711234911792,2026-03-31,2026-05-15,1857129000.0,500235000.0,178905000.0,229341000.0,52857000.0,177273000.0,2.22,6568822000.0,3373457000.0,11007682000.0,5034895000.0,5972787000.0,2088365000.0,643000000.0,1079805000.0,,0.2304733998718066,137672156.39593443,7634225000.0,0.0180335471375201,0.0296801141577625,0.0161044804891711,0.842972468296626,0.2693593175272153,0.0963341803396533,0.0954554045518647,0.1444346257089825,,,52.52291879760674,52.52291879760674,False,70.48119047011522,70.48119047011522,65.9916225519881,330.0,True,False,True,True,True,False,True,True,True,True,True,True,False,True,False,False,False,11,False,0.0483702420771581,0.245890254886937,1.0,396030033.3,0.1894150417827298,2.0,3.0,,,,,,-0.0081646173274379,-0.0917610543856372,0.3182775501195342,-1.455205412017481,0.4987068965517242,-1.455205412017481,0.5128619293106422,-330.0,0.6379310344827587,0.5517241379310345,0.5086206896551724,0.6185344827586208,0.5862068965517242,松川精密
88.5,88.5,85.80000305175781,85.80000305175781,360354.0,-0.0337837826227486,86.68000030517578,0.0275449467276385,84.55499992370605,0.1916667090521917,82.88096224466959,0.0860759879969343,78.78214766184489,-0.0013582160444581,61.983478890849824,464665.4,0.7755128744253391,0.0147241810558231,4590.TW,2026-08-24,0.0231641811158902,-0.0151802509578546,neutral,0.3249767873723305,0.096564531104921,2026-03-31,2026-05-15,267545000.0,80743000.0,-23964000.0,81129000.0,16211000.0,,1.21,3151635000.0,1382797000.0,6125098000.0,2598258000.0,3526840000.0,2037662000.0,565000.0,505331000.0,,0.1998175744801489,-19175571.64515771,4742301000.0,-0.0040435163531706,,,0.7367099159587619,0.3017922218692183,-0.0895699788820572,,,,,35.37011980056409,35.37011980056409,False,62.970843866025845,62.970843866025845,56.0706628496604,596.0,True,False,True,True,True,True,False,True,True,True,True,True,False,True,False,False,False,11,False,0.0352196780543043,0.0890792596824794,1.0,39868292.738046266,0.4540389972144846,1.0,3.0,,,,,,0.0197143495312317,-0.0097686185617515,0.2425529718386607,-1.576786599534569,0.6150862068965518,-1.576786599534569,0.5328204982808575,-596.0,0.3448275862068966,0.1982758620689655,0.5517241379310345,0.3758620689655172,0.3422413793103448,富田-創
