Open,High,Low,Close,Volume,ret5,ma5,ret20,ma20,ret60,ma60,ret120,ma120,ma20_slope,rsi14,volume_ma20,volume_ratio,ma20_deviation,symbol,date,benchmark_ret20,benchmark_ret60,market_regime,rs20_rank_pct,rs60_rank_pct,period_date,as_of_date,revenue,gross_profit,operating_income,pretax_income,tax_expense,net_income_parent,eps,current_assets,current_liabilities,assets,liabilities,equity,cash,short_borrowings,long_borrowings,bonds_payable,tax_rate,nopat,invested_capital_proxy,roic_proxy,roe,roa,debt_to_equity,gross_margin,operating_margin,net_margin,revenue_growth,pe,pb,eva_like_score,fundamental_score,fundamental_pass,technical_score,score,final_score,fundamental_rank,pass_market,pass_score,pass_rs20,pass_rs60,pass_close_ma20,pass_ma20_ma60,pass_ma20_slope,pass_rsi,pass_ret20_benchmark,pass_ret60_benchmark,pass_ret5_cap,pass_ret20_cap,pass_volume_ratio,pass_ma20_deviation,pass_fundamental_score,pass_fundamental_filter,pass_fundamental_universe,entry_pass_count,entry_all_pass,close_ma60_ratio,close_ma120_ratio,above_ma120,turnover20,liquidity_rank,price_bucket,eva_rank_bucket,forward_60d_return,forward_60d_max_drawdown,reward_60,fwd60_rank_label,top_quantile_60,reg_forward60,reg_reward60,cls_topq60,rank_forward60,ensemble_score,ranker_score,stable_ensemble_score,fundamental_rank_score,fundamental_score_rank,final_score_rank,stable_ml_rank,fund_ml_85_15,fund_final_ml,name
27.0,27.899999618530277,27.0,27.799999237060547,1898584.0,0.04511273828502538,27.00999984741211,0.05103963838113201,26.73249979019165,0.02406155833337542,26.86065489451091,-0.01007380839700911,26.859805186589558,0.0038490410256762685,70.76920729417081,1187446.6,1.598879478032949,0.03993264585231837,1104.TW,2026-09-03,0.028073512205332385,0.05935159050615657,bull,0.2332089552238806,0.3292910447761194,2026-03-31,2026-05-15,1759047000.0,491646000.0,285740000.0,347360000.0,56881000.0,284208000.0,0.41,7669095000.0,4410523000.0,31541057000.0,5780531000.0,25760526000.0,1637303000.0,2780000000.0,,,0.1637523030861354,238949416.91616768,27130534000.0,0.0088073982220979,0.0110326939752705,0.0090107316314732,0.2243949133647348,0.2794956587288458,0.1624402304202218,0.1615693042880605,-0.0879406052096436,,,42.753988441989705,42.753988441989705,False,58.08983802851503,58.08983802851503,54.2558756318837,463.0,True,False,True,True,True,False,True,True,True,False,True,True,True,True,False,False,False,11,False,0.03497101415578663,0.03500375538614864,1.0,33011014.574050143,0.46921641791044777,0.0,3.0,,,,,,0.024501679929663973,-0.008063442242693532,0.14948992046413892,-1.9660900668764711,0.3804,-1.9660900668764711,0.36750090086884896,-463.0,0.552,0.064,0.344,0.5208,0.364,環泥
67.0,71.19999694824219,65.69999694824219,65.69999694824219,52275233.0,0.041204414215436636,65.84000015258789,0.1923774730973835,59.994999694824216,0.4937688007331955,57.519781748453774,0.4576557424680616,52.70190318425497,0.0471245346732598,63.013686222294695,34057021.2,1.5349326264623517,0.09509121230831741,1301.TW,2026-09-03,0.028073512205332385,0.05935159050615657,bull,0.048507462686567165,0.021455223880597014,2026-03-31,2026-05-15,41985122000.0,1555468000.0,-1301844000.0,3378716000.0,110089000.0,3268627000.0,0.51,175217601000.0,95826345000.0,593528010000.0,203311522000.0,390216488000.0,10197694000.0,31910508000.0,18393084000.0,43127284000.0,0.0325830877765399,-1259425902.676638,497701665000.0,-0.0025304836034186,0.008376445128582,0.0055071149885579,0.521022376686451,0.0370480762209051,-0.0310072696704323,0.0778520305359598,-0.110526237291801,,,17.23451320303393,17.23451320303393,False,93.15300596605111,93.15300596605111,74.17338277529682,903.0,True,True,True,True,True,True,True,True,True,True,True,True,True,True,False,False,False,14,False,0.14221568564989062,0.24663423858800004,1.0,2237546188.9062195,0.06996268656716417,1.0,3.0,,,,,,0.008536138111300455,-0.07713547290560774,0.2140376155680345,-1.775275513557732,0.3744,-1.775275513557732,0.3625720253012375,-903.0,0.144,0.752,0.336,0.17279999999999998,0.3648,台塑
243.0,244.5,219.5,221.0,103707011.0,-0.02857142857142858,231.2,0.23809523809523814,203.675,1.3312235536463115,180.25684700012206,1.6467065868263475,134.19592342376708,0.0810774946921444,54.703832752613245,107949152.65,0.9607024089966305,0.08506198600711912,1303.TW,2026-09-03,0.028073512205332385,0.05935159050615657,bull,0.036380597014925374,0.002798507462686567,2026-03-31,2026-05-15,68596393000.0,8188671000.0,3741833000.0,16080166000.0,1405348000.0,14254717000.0,1.8,193418745000.0,131197270000.0,647743623000.0,247168932000.0,400574691000.0,42831248000.0,24400300000.0,40333444000.0,51357530000.0,0.0873963614554725,3414810410.6259847,516546353000.0,0.0066108499088096,0.0355856655956329,0.0220067268805825,0.6170358176722652,0.1193746586646327,0.054548538725644,0.207805634911445,0.046448302712712,,,40.56631725411971,40.56631725411971,False,83.93137685092638,83.93137685092638,73.09011195172472,498.0,True,True,True,True,True,True,True,True,True,True,True,True,True,True,False,False,False,14,False,0.22602832390522365,0.6468458531495098,1.0,23856762735.65,0.0046641791044776115,2.0,3.0,,,,,,-0.1338739549241332,-0.2362482729532214,0.12056475113625709,-1.7668833897000915,0.0976,-1.7668833897000915,0.09661896098305484,-498.0,0.536,0.728,0.056,0.464,0.4976,南亞
14.600000381469728,15.0,14.300000190734863,14.399999618530272,2023646.0,0.021276541059871423,14.35,0.09923658009196878,13.825,0.07063195708082604,13.897557099660238,-0.036789310886412685,14.475028538703919,0.028837205651439452,66.66665657487368,1820846.1,1.1113767385392976,0.04159129247958582,1308.TW,2026-09-03,0.028073512205332385,0.05935159050615657,bull,0.13059701492537312,0.20615671641791045,2026-03-31,2026-05-15,1301918000.0,73711000.0,13526000.0,-115776000.0,4459000.0,-120235000.0,-0.2,2732713000.0,1008062000.0,12537553000.0,1505156000.0,11032397000.0,726414000.0,,295229000.0,,0.0,13526000.0,11529491000.0,0.0011731654068683,-0.0108983569028561,-0.009589989370334,0.1364305508585305,0.0566172370302891,0.0103892871901302,-0.0923522065137743,-0.1515061063473556,,,14.704701931024411,14.704701931024411,False,64.02596708639103,64.02596708639103,51.695650797549376,956.0,True,False,True,True,True,False,True,True,True,True,True,True,True,True,False,False,False,12,False,0.036153297681526864,-0.005183334870327294,0.0,26220183.145402335,0.49906716417910446,0.0,3.0,,,,,,0.007392581151882088,-0.03390160284071327,0.1279524813442182,-2.040647615761348,0.2708,-2.040647615761348,0.3058955098763733,-956.0,0.104,0.04,0.232,0.12319999999999999,0.1104,亞聚
15.100000381469728,16.399999618530273,14.800000190734863,14.899999618530272,57047018.0,0.04195800138409478,15.099999809265137,0.216326499471859,12.829999971389771,0.12878786619920235,13.042499987284343,0.09157509413429499,12.848166664441427,0.0700583744921217,77.27272727272727,31035528.7,1.838119741778396,0.16134058080720903,1312.TW,2026-09-03,0.028073512205332385,0.05935159050615657,bull,0.04011194029850746,0.14085820895522388,2026-03-31,2026-05-15,7516970000.0,-129821000.0,-893985000.0,-1361698000.0,-33529000.0,-1295839000.0,-1.17,18480939000.0,17728005000.0,68874697000.0,36965041000.0,31909656000.0,7061166000.0,10545359000.0,14468621000.0,,0.0246229340132687,-871972466.3361479,51146692000.0,-0.0170484626129124,-0.0406096198592676,-0.0188144421165293,1.1584280632796542,-0.0172703895319523,-0.1189289035342698,-0.1723884756757044,0.3190665807523956,,,24.02948114666849,24.02948114666849,False,73.29085538567755,73.29085538567755,60.97551182592528,779.0,True,False,True,True,True,False,True,False,True,True,True,True,True,False,False,False,False,10,False,0.14241898662502428,0.159698500780465,1.0,462429365.79088527,0.17723880597014927,0.0,3.0,,,,,,0.010453883017256287,-0.022541819177804106,0.1320890973501824,-1.8709045055472138,0.3328000000000001,-1.8709045055472138,0.22760525794521405,-779.0,0.248,0.224,0.16,0.23479999999999998,0.22319999999999998,國喬
21.25,21.600000381469727,21.0,21.350000381469727,45623.0,0.002347471652589528,21.34000015258789,0.07556674917751005,21.397500038146976,0.09207167338385114,20.420833333333334,0.20260679877323584,20.012577358881636,0.017838030649044264,48.27589382020968,66398.95,0.6871042388471504,-0.002219869451691503,1323.TW,2026-09-03,0.028073512205332385,0.05935159050615657,bull,0.17164179104477612,0.17723880597014927,2026-03-31,2026-05-15,530894000.0,98916000.0,23645000.0,38156000.0,5647000.0,32509000.0,0.36,2570405000.0,691151000.0,4744350000.0,2167294000.0,2577056000.0,950712000.0,,1220000000.0,,0.1479976936785826,20145594.532969914,4053199000.0,0.004970294952942,0.0126147821389989,0.0068521504526436,0.8409960823513343,0.1863196796347293,0.0445380810481941,0.0612344460476102,0.0092658073837497,,,28.08704419011924,28.08704419011924,False,65.41977611940298,65.41977611940298,56.08659313708205,711.0,True,False,True,True,False,True,True,False,True,True,True,True,False,True,False,False,False,10,False,0.04550093686038248,0.06682912443531608,1.0,1417617.6078291892,0.8666044776119403,0.0,3.0,,,,,,0.05091258489649359,0.02469670085354576,0.22709884931906044,-1.198361156504396,0.7023999999999999,-1.198361156504396,0.7504482950801719,-711.0,0.28,0.12,0.832,0.3628,0.34240000000000004,永裕
72.0999984741211,78.19999694824219,69.30000305175781,69.69999694824219,82328716.0,0.10284803966512501,69.44000091552735,0.19965574490140425,61.760000228881836,0.5258997152629339,60.649166615804035,0.6905652039631063,54.03897838592529,0.049804526754641594,63.372082062969525,35602981.3,2.3124107306148547,0.12856212257018806,1326.TW,2026-09-03,0.028073512205332385,0.05935159050615657,bull,0.04757462686567164,0.018656716417910446,2026-03-31,2026-05-15,81749811000.0,6327773000.0,3120431000.0,7294502000.0,759958000.0,6245039000.0,1.07,214839826000.0,114054227000.0,581165153000.0,170197763000.0,410967390000.0,16802058000.0,33492647000.0,26687136000.0,25800000000.0,0.1041823005874835,2795337319.595498,467110926000.0,0.0059843115714135,0.0151959477855408,0.0107457217070962,0.4141393384034679,0.0774041300230039,0.0381704980333226,0.0763920909859962,0.0359959953561419,,,29.94873186889634,29.94873186889634,False,90.47069654694928,90.47069654694928,75.34020537743605,678.0,True,True,True,True,True,True,True,True,True,True,False,True,True,True,False,False,False,13,False,0.14923255895291532,0.28980967127972,1.0,2481527687.9583235,0.06529850746268656,1.0,3.0,,,,,,-0.00877153249509866,-0.05728676185372304,0.1938322307451434,-2.022678139265726,0.28119999999999995,-2.022678139265726,0.3150059909220745,-678.0,0.304,0.8,0.24,0.29439999999999994,0.44,台化
29.149999618530277,29.399999618530277,28.799999237060547,29.100000381469727,10256872.0,0.024647914519080327,28.810000228881837,0.07777779190628609,28.3,0.05244125797266541,27.80613753000895,0.06593410969644364,27.090985393524175,0.01643171689135628,64.08451006919108,17281366.05,0.5935220612956115,0.028268564716244837,1402.TW,2026-09-03,0.028073512205332385,0.05935159050615657,bull,0.16511194029850745,0.2462686567164179,2026-03-31,2026-05-15,61298588000.0,13425322000.0,4896381000.0,7132853000.0,1579509000.0,3092903000.0,0.61,166621578000.0,157755773000.0,679737079000.0,356159064000.0,323578015000.0,47148878000.0,35989865000.0,71488233000.0,85137297000.0,0.2214414064049827,3812119505.065365,521981306000.0,0.0073031724723593,0.0095584460520285,0.0045501460719932,1.1006899340797305,0.2190151916712991,0.0798775495448606,0.0504563498265245,-0.0379277396462631,,,28.35795292059996,28.35795292059996,False,72.81840568927576,72.81840568927576,61.70329249710681,706.0,True,False,True,True,True,True,True,True,True,False,True,True,False,True,False,False,False,11,False,0.046531556210006375,0.07415806249800672,1.0,502887758.647318,0.16884328358208955,0.0,3.0,,,,,,0.011940505245180399,-0.02692835013105085,0.16660784174020607,-1.5013294183623556,0.42000000000000004,-1.5013294183623556,0.40612103690588164,-706.0,0.288,0.28,0.4,0.30479999999999996,0.308,遠東新
66.80000305175781,67.5999984741211,66.0999984741211,66.4000015258789,143800.0,0.0,66.63999938964844,0.034267985704272697,65.48000030517578,0.02786382498877149,65.92135651906331,0.0473186108485415,64.65567836761474,0.006795973877542565,55.64517369504907,95512.8,1.5055573703210459,0.014050110207931787,1419.TW,2026-09-03,0.028073512205332385,0.05935159050615657,bull,0.29011194029850745,0.31343283582089554,2026-03-31,2026-05-15,1453047000.0,375765000.0,152661000.0,2932327000.0,127257000.0,2805070000.0,9.37,6923708000.0,4287205000.0,25723813000.0,5280888000.0,20442925000.0,2263855000.0,3450000000.0,0.0,,0.0433979566398972,146035824.54139665,21436608000.0,0.0068124502039406,0.1372147087562078,0.1090456535351116,0.2583235031190497,0.2586048489828615,0.1050626717511546,1.930474375570784,0.3659537865683988,,,72.80054807279497,72.80054807279497,True,57.89483449335772,57.89483449335772,61.62126288821703,140.0,True,False,True,True,True,False,True,True,True,False,True,True,True,True,True,True,False,11,False,0.0072608488673497895,0.026978653728546798,1.0,6342050.065740967,0.6735074626865671,1.0,3.0,,,,,,0.004378484784525022,-0.008640937816852724,0.1502420760194601,-0.8808227013728787,0.4668,-0.8808227013728787,0.3357012922871564,-140.0,0.832,0.264,0.272,0.748,0.5496,新紡
18.25,18.600000381469727,18.049999237060547,18.100000381469727,1819924.0,0.002770146621752456,18.14000015258789,0.058479530859171236,17.80250015258789,0.10030392352610651,17.714049498240154,0.10030392352610651,16.910358047485353,0.013232781938244433,62.000016784680774,2066749.85,0.8805729440357767,0.016711148789884556,1434.TW,2026-09-03,0.028073512205332385,0.05935159050615657,bull,0.21455223880597016,0.16324626865671643,2026-03-31,2026-05-15,6979321000.0,780112000.0,198663000.0,386155000.0,49552000.0,336603000.0,0.2,15272141000.0,6346633000.0,61146600000.0,15727850000.0,45418750000.0,3214804000.0,2317516000.0,8200000000.0,,0.1283215289197343,173170260.1002188,54799967000.0,0.0031600431456504,0.0074111022430163,0.0055048522730617,0.3462853997523049,0.1117747700671741,0.0284645168204758,0.0482286170818049,-0.0921530851652357,,,20.54681103606591,20.54681103606591,False,74.76374209113695,74.76374209113695,61.20950932736919,846.0,True,False,True,True,True,True,True,True,True,True,True,True,True,True,False,False,False,13,False,0.021787840395721902,0.07034991989192552,1.0,37408173.0734025,0.4533582089552239,0.0,3.0,,,,,,0.021664792927587558,-0.01173658662687979,0.19792722265204965,-1.8622661162858665,0.4423999999999999,-1.8622661162858665,0.44310291341336094,-846.0,0.176,0.232,0.44,0.21559999999999999,0.24559999999999998,福懋
14.399999618530272,14.850000381469728,14.100000381469728,14.199999809265137,8083248.0,0.025270716112302916,13.969999885559082,0.135999984741211,13.650000047683715,0.07575757685224316,13.265108442306518,0.1269840777265736,13.016304198900858,0.031551102889296176,63.26530453365308,2725861.6,2.9653919333248613,0.04029302268572166,1440.TW,2026-09-03,0.028073512205332385,0.05935159050615657,bull,0.08582089552238806,0.19962686567164178,2026-03-31,2026-05-15,3372657000.0,294268000.0,-129416000.0,-64775000.0,8778000.0,-78150000.0,-0.05,12562200000.0,9846736000.0,45799105000.0,17769583000.0,28029522000.0,4400648000.0,5866840000.0,3989879000.0,,0.0,-129416000.0,35952369000.0,-0.0035996515278311,-0.002788131741954,-0.0017063652226391,0.6339595445116759,0.0872510901642236,-0.0383721202600798,-0.0231716418242353,-0.1955247737019332,,,12.51873256872129,12.51873256872129,False,78.27544834562181,78.27544834562181,61.83626940139668,995.0,True,True,True,True,True,True,True,True,True,True,True,True,True,True,False,False,False,14,False,0.07047747638285129,0.09093945503088618,1.0,38707234.20008316,0.4496268656716418,0.0,3.0,,,,,,0.03200548199352527,-0.003964052758874986,0.1874801783317216,-1.730431907860628,0.5,-1.730431907860628,0.47392429249540635,-995.0,0.08,0.296,0.48,0.14,0.2248,南紡
72.9000015258789,73.19999694824219,71.0,71.0,7429430.0,-0.03269756779272992,72.43999938964843,0.06446781482005948,70.90500030517578,0.050854489345179665,68.92963333129883,0.04484094379910197,67.36219844818115,0.024194707524441392,51.47059401013924,9993936.3,0.7433937716813344,0.0013398165773266246,1504.TW,2026-09-03,0.028073512205332385,0.05935159050615657,bull,0.19869402985074627,0.24813432835820895,2026-03-31,2026-05-15,14235194000.0,3341581000.0,1178530000.0,1581890000.0,343200000.0,1188154000.0,0.51,62376471000.0,29514331000.0,143191254000.0,52445953000.0,90745301000.0,27625447000.0,3014665000.0,7416112000.0,6000000000.0,0.2169556669553508,922841237.8231103,113676923000.0,0.0081181053591951,0.0130932840258031,0.0082976715882382,0.5779467633260702,0.2347408121027363,0.0827898797866752,0.0834659506572232,0.0453859488824619,,,37.679082544571614,37.679082544571614,False,62.94747227696627,62.94747227696627,56.630374843867614,560.0,True,False,True,True,True,True,True,True,True,False,True,True,False,True,False,False,False,11,False,0.030035944899783562,0.054003604924166115,1.0,709569477.3000001,0.14272388059701493,1.0,3.0,,,,,,0.0063532049359058705,-0.04301306023174063,0.16703492839377893,-1.7640612352305427,0.34120000000000006,-1.7640612352305427,0.3899557640162549,-560.0,0.456,0.136,0.376,0.444,0.34400000000000003,東元
104.5,108.5,104.5,106.0,203913.0,0.03921568627450989,104.0,0.1584699453551912,100.23499984741211,0.16997794464949956,93.78720067342122,0.12765957446808507,92.84026679992675,0.032339463025460716,72.38096414510238,142077.8,1.4352207030232733,0.057514841735561095,1558.TW,2026-09-03,0.028073512205332385,0.05935159050615657,bull,0.06902985074626866,0.09794776119402986,2026-03-31,2026-05-15,1926175000.0,466203000.0,115500000.0,190949000.0,37396000.0,79533000.0,1.23,7337752000.0,2436771000.0,13553818000.0,4826378000.0,8727440000.0,2321376000.0,528924000.0,448585000.0,1225737000.0,0.1958428690383296,92880148.62607291,11117047000.0,0.0083547500182443,0.0091129815845196,0.0058679406791503,0.5530118797723044,0.2420356405830207,0.0599633989642685,0.0412906407777071,-0.0577927547617254,,,30.82891502090822,30.82891502090822,False,78.90015311758523,78.90015311758523,66.88234359341598,663.0,True,True,True,True,True,True,True,False,True,True,True,True,True,True,False,False,False,13,False,0.13021818797114193,0.14174596491017,1.0,15060246.799999999,0.5727611940298507,2.0,3.0,,,,,,0.019947377836150835,-0.008954969962129735,0.27011490856284065,-1.510903894228575,0.5884,-1.510903894228575,0.6186239105049203,-663.0,0.328,0.488,0.664,0.3784,0.44320000000000004,伸興
705.0,727.0,702.0,711.0,1271880.0,0.0304347826086957,707.4,0.025974025974025983,699.85,0.16748768472906406,695.3696970621745,0.5456521739130435,632.7265151977539,0.012880816267457814,46.846846846846844,1173561.9,1.083777515272096,0.01593198542544827,1560.TW,2026-09-03,0.028073512205332385,0.05935159050615657,bull,0.3208955223880597,0.09981343283582089,2026-03-31,2026-05-15,2293229000.0,802560000.0,444439000.0,531951000.0,89799000.0,436359000.0,2.94,5759371000.0,3216860000.0,13961884000.0,5383626000.0,8578258000.0,1772650000.0,642250000.0,940383000.0,555943000.0,0.1688106611323223,369412958.57701176,10745024000.0,0.0343799100473867,0.050868020057219,0.0312535901315323,0.6275896574805747,0.3499694099455396,0.193804892577235,0.1902814764683335,0.2944197621734146,,,86.28355650333096,86.28355650333096,False,64.90360992018417,64.90360992018417,70.24859656597086,54.0,True,False,True,True,True,True,True,False,False,True,True,True,True,True,True,False,False,11,False,0.02247768777365633,0.12370824190571872,1.0,834402510.9,0.12779850746268656,3.0,2.0,,,,,,0.011679132035375593,-0.07895798245462624,0.28682686190116363,-0.5392376419511246,0.5884,-0.5392376419511246,0.5420925643980948,-54.0,0.928,0.64,0.56,0.8728,0.768,中砂
35.150001525878906,35.900001525878906,33.20000076293945,33.45000076293945,11938616.0,0.009049750324335637,34.890000915527345,0.2097649629087941,31.918931484222412,0.5815603482863752,26.667143853505458,0.9561403518556215,22.719405269622808,0.08378200989486316,55.820276479543,13770185.05,0.8669902369975776,0.047967435234285594,1709.TW,2026-09-03,0.028073512205332385,0.05935159050615657,bull,0.043843283582089554,0.01585820895522388,2026-03-31,2026-05-15,2424471000.0,492933000.0,320616000.0,344786000.0,79982000.0,264726000.0,0.55,5694389000.0,2189161000.0,12130526000.0,3134319000.0,8996207000.0,600735000.0,285000000.0,20699000.0,,0.2319757762786192,246240854.51265424,9941365000.0,0.0247693203612033,0.0294264015934715,0.021823126218929,0.34840449980753,0.2033156923716555,0.1322416312671919,0.1091891798252072,-0.0753599255550004,,,52.52750676874495,52.52750676874495,False,81.53028418211719,81.53028418211719,74.27958982877412,329.0,True,True,True,True,True,True,True,True,True,True,True,True,True,True,False,False,False,14,False,0.25435258258984383,0.4723097002747729,1.0,460612700.4283175,0.17817164179104478,1.0,3.0,,,,,,0.039240591616291516,-0.04526771680713819,0.2661166429224598,-1.1751047291740884,0.63,-1.1751047291740884,0.584632964628861,-329.0,0.672,0.776,0.608,0.6624,0.6904,和益
16.350000381469727,16.75,16.0,16.200000762939453,7826278.0,0.025316491606066638,16.18000030517578,0.16967511312229644,15.42750005722046,0.13684215880276862,15.316666587193806,0.1489361932379487,14.484583298365274,0.04522358516454158,64.93507458601238,5062794.55,1.5458415155321679,0.050072967289178205,1710.TW,2026-09-03,0.028073512205332385,0.05935159050615657,bull,0.0625,0.13059701492537312,2026-03-31,2026-05-15,5345825000.0,88577000.0,-176669000.0,-219291000.0,-8101000.0,-127331000.0,-0.15,7085020000.0,12457768000.0,36888664000.0,23663579000.0,13225085000.0,2362413000.0,9628981000.0,8250000000.0,,0.0369417805564295,-170142532.57087615,24430896000.0,-0.0069642362920654,-0.0096279910488287,-0.0034517650191939,1.7892950404477552,0.0165693789078392,-0.0330480328106513,-0.0238187744641846,-0.1284074295508901,,,6.405846346837272,6.405846346837272,False,84.20919610149595,84.20919610149595,64.75835866283128,1057.0,True,True,True,True,True,True,True,True,True,True,True,True,True,True,False,False,False,14,False,0.05767143723584067,0.11843057057552908,1.0,82017275.5726057,0.353544776119403,0.0,3.0,,,,,,0.05608472808029324,0.0139477089667034,0.24881546696161075,-1.7392805930195636,0.6688000000000001,-1.7392805930195636,0.6814296732786883,-1057.0,0.016,0.368,0.76,0.1276,0.27040000000000003,東聯
80.5999984741211,82.5999984741211,76.5999984741211,76.80000305175781,18829314.0,0.01319261160605989,80.5,0.16012094550099665,74.17499961853028,0.13274335685692362,70.66363697052002,0.2022414032585096,72.28613885243733,0.06047609042006811,59.845573948586704,20392323.05,0.9233530654566596,0.0353893285706437,1717.TW,2026-09-03,0.028073512205332385,0.05935159050615657,bull,0.06809701492537314,0.13712686567164178,2026-03-31,2026-05-15,10243036000.0,2269956000.0,534996000.0,622227000.0,192450000.0,428283000.0,0.37,32875604000.0,19435870000.0,62816878000.0,32795852000.0,30021026000.0,7384161000.0,3858120000.0,10885733000.0,0.0,0.3092922679343712,369525873.8241831,43381008000.0,0.0085181486291001,0.0142661013650899,0.0068179606124328,1.092429419300993,0.2216096868155105,0.0522302176815545,0.0418121150799431,0.0181282449431219,,,30.66980834742356,30.66980834742356,False,81.19533301198663,81.19533301198663,68.56395184584586,667.0,True,True,True,True,True,True,True,True,True,True,True,True,True,True,False,False,False,14,False,0.08683909213161245,0.06244439488647946,1.0,1566130472.4724312,0.08861940298507463,1.0,3.0,,,,,,-0.0036646014956818896,-0.07857623557887147,0.23013785470613496,-1.4714269787917031,0.40399999999999997,-1.4714269787917031,0.35277022168438305,-667.0,0.32,0.544,0.304,0.3176,0.38400000000000006,長興
87.0,89.4000015258789,86.30000305175781,86.9000015258789,937236.0,0.003464238533993358,86.38000030517578,0.04196642609069934,86.19000091552735,0.03575685274659568,85.41373112996419,0.1419185711998472,82.92936547597249,0.009782670458240307,67.17558452268494,513099.95,1.826614872989171,0.008237621566420605,1723.TW,2026-09-03,0.028073512205332385,0.05935159050615657,bull,0.26119402985074625,0.28638059701492535,2026-03-31,2026-05-15,1277807000.0,319750000.0,181223000.0,217086000.0,38207000.0,178879000.0,0.77,3402849000.0,1696462000.0,11518279000.0,3468337000.0,8049942000.0,782501000.0,937470000.0,1000000000.0,,0.1759993735201717,149327865.5325539,9821817000.0,0.0152036904711779,0.0222211538915435,0.0155300110372391,0.4308524210484994,0.2502334077055455,0.1418234522114842,0.139989059380642,-0.2447011744956525,,,46.187073211591255,46.187073211591255,False,66.94091478730206,66.94091478730206,61.752454393374364,411.0,True,False,True,True,True,True,True,True,True,False,True,True,True,True,False,False,False,12,False,0.01740083680050497,0.04787973508680521,1.0,44588386.43792839,0.4253731343283582,1.0,3.0,,,,,,0.04036088042655591,0.023532685434078715,0.19319313964038085,-1.4584148910823875,0.6063999999999999,-1.4584148910823875,0.6229440154214994,-411.0,0.576,0.288,0.672,0.5903999999999999,0.5087999999999999,中碳
94.0999984741211,95.0999984741211,89.0999984741211,89.19999694824219,3445944.0,-0.07946341028261272,95.33999938964844,0.18933329264322918,87.57999954223632,0.025858848945999435,85.80728206634521,0.4696102811185614,78.80983177820842,0.07144604084593376,67.23716130572697,5839741.85,0.5900849880889855,0.01849734430775607,1727.TW,2026-09-03,0.028073512205332385,0.05935159050615657,bull,0.05037313432835821,0.3246268656716418,2026-03-31,2026-05-15,519337000.0,93230000.0,43151000.0,41099000.0,5200000.0,,0.28,1123188000.0,1095199000.0,3624612000.0,1513893000.0,2110719000.0,149557000.0,500000000.0,406375000.0,,0.1265237597021825,37691373.24509112,2529413000.0,0.014901233307922,,,0.7172404284985353,0.1795173461548089,0.0830886303113392,,0.1494054192828735,,,48.38391394144922,48.38391394144922,False,69.98440045875235,69.98440045875235,64.58427882942657,389.0,True,False,True,True,True,True,True,True,True,False,True,True,False,True,False,False,False,11,False,0.039538775733203746,0.13183843862621636,1.0,520904955.19852215,0.16511194029850745,1.0,3.0,,,,,,0.004482033497126899,-0.06453306239801596,0.2589185719811332,-1.6650941457051904,0.4508,-1.6650941457051904,0.4017575659682108,-389.0,0.584,0.344,0.392,0.5551999999999999,0.4736,中華化
32.25,32.45000076293945,32.150001525878906,32.25,159208.0,-0.004629676506622826,32.15,0.012558857574237026,31.7,0.12369334991951253,30.935833326975505,0.15862226617803632,29.534021838506067,0.0017380288694407164,77.35848920801186,153793.25,1.03520798214486,0.01735015772870674,1733.TW,2026-09-03,0.028073512205332385,0.05935159050615657,bull,0.39925373134328357,0.1455223880597015,2026-03-31,2026-05-15,519723000.0,175664000.0,87211000.0,86914000.0,5544000.0,81275000.0,0.81,1759309000.0,560904000.0,2489266000.0,666458000.0,1822808000.0,593961000.0,,,,0.0637871919368571,81648055.20399475,1928362000.0,0.0423406265026974,0.0445878007996453,0.0326501868422257,0.3656216123694871,0.3379954321821432,0.1678028488252396,0.1563813800813125,-0.0698519739491331,,,72.99324516078546,72.99324516078546,False,61.123574686808354,61.123574686808354,64.09099230530263,137.0,True,False,True,True,True,True,True,False,False,True,True,True,True,True,True,False,False,11,False,0.04248040319891966,0.09196099929583168,1.0,4959832.3125,0.7098880597014925,1.0,3.0,,,,,,0.07201842612660411,0.05139913025902019,0.17919951913060572,-1.0502896724460602,0.7407999999999999,-1.0502896724460602,0.6833613947153423,-137.0,0.84,0.328,0.768,0.8291999999999999,0.6719999999999999,五鼎
35.45000076293945,36.09999847412109,34.79999923706055,35.79999923706055,2497005.0,-0.004172504108359898,34.99999923706055,0.12401880088795614,34.32999954223633,0.13650791228763648,32.3633331934611,0.14012737808868203,31.145833301544194,0.01809014697034825,63.99998508030022,2229896.0,1.1197854070324356,0.04281968291364735,1808.TW,2026-09-03,0.028073512205332385,0.05935159050615657,bull,0.09701492537313433,0.13246268656716417,2026-03-31,2026-05-15,5392216000.0,1474911000.0,1229561000.0,1153602000.0,211319000.0,942283000.0,1.06,46784978000.0,26633648000.0,51660398000.0,37973630000.0,13686768000.0,5845055000.0,11570200000.0,207356000.0,10980553000.0,0.1831818946222353,1004327686.4663897,25026750000.0,0.0401301681787043,0.068846275468394,0.0182399485191732,2.774477509957062,0.2735259492572256,0.2280251755493474,0.1747487489373571,173.44891620834682,,,72.1127428848662,72.1127428848662,False,80.01118695347866,80.01118695347866,78.03657593632553,149.0,True,True,True,True,True,True,True,True,True,True,True,True,True,True,True,False,False,14,False,0.10619011407310208,0.1494314148045479,1.0,79830275.09872437,0.3591417910447761,1.0,3.0,,,,,,0.10140990897848451,0.032300803601680195,0.22734561633081465,-0.843235975553755,0.8204,-0.843235975553755,0.811603115144614,-149.0,0.824,0.888,0.888,0.8335999999999999,0.8559999999999999,潤隆
40.09999847412109,40.20000076293945,40.0,40.04999923706055,60135.0,-0.007434925611036869,40.21999969482422,0.04705880358328218,39.759999656677245,0.0809116754559418,38.85162073771159,0.09629334545999435,37.8502277692159,0.011511792213587297,65.21736245984205,66959.45,0.8980808534120278,0.007293752084693406,1817.TW,2026-09-03,0.028073512205332385,0.05935159050615657,bull,0.2453358208955224,0.19496268656716417,2026-03-31,2026-05-15,611528000.0,237424000.0,117537000.0,116319000.0,27903000.0,87774000.0,1.21,1873263000.0,304617000.0,2963735000.0,558812000.0,2404923000.0,382710000.0,40000000.0,857000.0,,0.2398834240321873,89341821.9895288,2659118000.0,0.0335982916100484,0.0364976342277902,0.0296160081788688,0.2323617013933502,0.3882471448568176,0.1922021559110948,0.143532266715506,-0.0085682370507754,,,75.60284732958029,75.60284732958029,False,68.68771259396628,68.68771259396628,70.41649627786978,115.0,True,False,True,True,True,True,True,True,True,True,True,True,True,True,True,False,False,13,False,0.03084500663277967,0.05811778680057911,1.0,2681725.921413994,0.8003731343283582,1.0,3.0,,,,,,0.07655720474447757,0.06739074163112349,0.2118301380295425,-0.7240532746910255,0.8072,-0.7240532746910255,0.8167854049469486,-115.0,0.872,0.656,0.896,0.8755999999999999,0.812,凱撒衛
24.649999618530277,25.5,24.649999618530277,25.100000381469727,2544534.0,-0.01375247037239391,24.970000076293946,0.12556059373113504,24.890000057220462,0.10577432980077761,22.985324605305994,0.47969233675418765,20.789212528864542,0.03719137483716009,58.441544286853045,3234075.5,0.7867886819587236,0.00843713635060217,1904.TW,2026-09-03,0.028073512205332385,0.05935159050615657,bull,0.09514925373134328,0.15858208955223882,2026-03-31,2026-05-15,10422205000.0,2150150000.0,696170000.0,676222000.0,51875000.0,623134000.0,0.56,23384595000.0,24639229000.0,73010397000.0,42553667000.0,30456730000.0,6316415000.0,12166669000.0,15580624000.0,,0.0767129729585846,642764729.6154221,48371168000.0,0.0132881788096459,0.0204596488198174,0.0085348666163258,1.3971843661483028,0.2063047119107713,0.0667968054744653,0.0597890753444208,0.0134174531712039,,,33.04763840274124,33.04763840274124,False,76.04133627497394,76.04133627497394,65.29291180691577,627.0,True,True,True,True,True,True,True,True,True,True,True,True,False,True,False,False,False,13,False,0.09200112734868982,0.20735695720171798,1.0,81175296.2837019,0.355410447761194,0.0,3.0,,,,,,0.049345036177584053,0.017640602302433226,0.21532460633519832,-1.4816597436242933,0.6392,-1.4816597436242933,0.6589419323531231,-627.0,0.36,0.424,0.704,0.41159999999999997,0.44799999999999995,正隆
11.300000190734863,11.449999809265137,11.149999618530272,11.149999618530272,3192173.0,0.022935780619202317,11.09000015258789,0.1094526773053699,10.825,0.13775504097150204,10.300500043233235,0.20670994531647824,9.839916666348776,0.02562887793595827,59.9999861283735,4760381.85,0.6705707862490066,0.030023059448524014,1909.TW,2026-09-03,0.028073512205332385,0.05935159050615657,bull,0.11287313432835822,0.12686567164179105,2026-03-31,2026-05-15,10760215000.0,1109471000.0,15988000.0,29258000.0,59036000.0,-27240000.0,-0.02,14658431000.0,22767425000.0,70430999000.0,49630869000.0,20800130000.0,2240646000.0,8614561000.0,26455684000.0,0.0,0.4,9592800.0,47663574000.0,0.0002012606104611,-0.0013096071995703,-0.0003867615167576,2.386084558125358,0.1031086274763097,0.0014858439166875,-0.0025315479291073,0.0525224624933875,,,8.894222198109352,8.894222198109352,False,79.83295927578537,79.83295927578537,62.09827500636637,1040.0,True,True,True,True,True,True,True,True,True,True,True,True,False,True,False,False,False,13,False,0.08247168309611363,0.1331396389424524,1.0,53078255.811558425,0.4076492537313433,0.0,3.0,,,,,,0.044019588873389456,-0.024671144647018216,0.3084078865941755,-1.5770916577163687,0.6556000000000001,-1.5770916577163687,0.6665687087558686,-1040.0,0.024,0.304,0.728,0.1296,0.2488,榮成
22.549999237060547,22.700000762939453,22.5,22.549999237060547,813097.0,-0.015283859707426184,22.570000457763673,0.05128197832149417,22.76500005722046,0.02618083070980526,21.964782079060875,0.017699984987611606,22.08113218943278,0.015954482945364244,54.99997615811939,1364623.35,0.5958398703935411,-0.009444358428267075,2010.TW,2026-09-03,0.028073512205332385,0.05935159050615657,bull,0.23227611940298507,0.3208955223880597,2026-03-31,2026-05-15,6434872000.0,682639000.0,464114000.0,473003000.0,98964000.0,369123000.0,0.57,15350374000.0,9394504000.0,24093239000.0,11630814000.0,12462425000.0,619531000.0,3537293000.0,1338370000.0,,0.2092248886370699,367009800.0350949,14698735000.0,0.0249688017394078,0.0296188743362547,0.0153206050875932,0.9332705312168378,0.1060843168286797,0.0721248223740891,0.0573629125800792,0.1500844484399826,,,45.75393425343425,45.75393425343425,False,63.342635200563834,63.342635200563834,58.94545996378143,419.0,True,False,True,True,False,True,True,True,True,False,True,True,False,True,False,False,False,10,False,0.02664343110226275,0.021233831834589934,1.0,30772255.50137501,0.47947761194029853,0.0,3.0,,,,,,0.06522740030924577,0.03145286629687612,0.2020655061474131,-0.6610346595399588,0.7604,-0.6610346595399588,0.8035312939259736,-419.0,0.568,0.168,0.864,0.6123999999999999,0.5072,春源
49.45000076293945,50.5,49.400001525878906,50.20000076293945,11038449.0,0.03186020942334489,49.35,0.08893714586823598,49.134999847412104,0.18117648853975177,44.09229984283447,0.373461061855187,41.601566569010416,0.025461756905388214,63.97850807587888,18323017.3,0.6024362046528221,0.021674995804104924,2027.TW,2026-09-03,0.028073512205332385,0.05935159050615657,bull,0.14458955223880596,0.09048507462686567,2026-03-31,2026-05-15,31174326000.0,8517820000.0,5633209000.0,4716863000.0,1204326000.0,2914770000.0,1.17,89517343000.0,24455518000.0,159942793000.0,66551339000.0,93391454000.0,9252095000.0,11925609000.0,29968117000.0,,0.2553235063218923,4194918326.275959,135487275000.0,0.0309617144951506,0.0312102432841446,0.0182238283159154,0.7126063054977172,0.2732318896004359,0.1807002659816927,0.0934990543179666,0.1950875950100803,,,67.77515994414823,67.77515994414823,False,76.89698279986305,76.89698279986305,74.61652708593435,180.0,True,True,True,True,True,True,True,True,True,True,True,True,False,True,True,False,False,13,False,0.13852080616968676,0.20668534632381208,1.0,919815482.4393529,0.12033582089552239,1.0,3.0,,,,,,0.03294639933363214,-0.035957353754527514,0.29961537714117265,-1.175000960114224,0.6592,-1.175000960114224,0.6536090194041201,-180.0,0.792,0.792,0.696,0.7776000000000001,0.7728,大成鋼
22.600000381469727,23.399999618530277,22.600000381469727,23.399999618530277,2656625.0,0.017391287762186014,22.839999771118165,0.3036210932560619,21.92249984741211,0.28925620442658295,19.322499879201253,0.5664251636414526,17.840104031562806,0.06821780526427206,77.66990866577066,3830355.85,0.6935713296716283,0.06739650046308854,2030.TW,2026-09-03,0.028073512205332385,0.05935159050615657,bull,0.022388059701492536,0.05690298507462686,2026-03-31,2026-05-15,2637279000.0,397354000.0,208556000.0,212139000.0,43592000.0,168547000.0,0.61,6688220000.0,4584464000.0,12076498000.0,7059382000.0,5017116000.0,1408221000.0,3147626000.0,2063078000.0,,0.2054879112280156,165700263.18592998,7492034000.0,0.0221168594784713,0.0335943996511143,0.0139566122563014,1.4070597530533475,0.1506681697309992,0.0790799911575529,0.0639094308944939,-0.0137930957114074,,,38.807934191914576,38.807934191914576,False,78.52215862068027,78.52215862068027,68.59360251348885,540.0,True,True,True,True,True,True,True,False,True,True,True,True,False,True,False,False,False,12,False,0.21102340612345127,0.3116515227226744,1.0,89630325.42883521,0.34328358208955223,0.0,3.0,,,,,,0.10113020248436762,0.050277773835995,0.3227880134888471,-0.4941625081093166,0.9448,-0.4941625081093166,0.8981230915489107,-540.0,0.48,0.552,0.992,0.5568,0.604,彰源
24.450000762939453,25.549999237060547,24.450000762939453,25.549999237060547,1078737.0,0.09421836486721058,25.149999618530277,0.5626910483756098,22.525,0.6325878504692262,17.968333292007447,0.5771603724557206,16.842499963442485,0.11606589181879151,62.88209235999352,1636286.1,0.6592594045747867,0.1342951936541863,2033.TW,2026-09-03,0.028073512205332385,0.05935159050615657,bull,0.0046641791044776115,0.013059701492537313,2026-03-31,2026-05-15,175517000.0,27282000.0,8642000.0,9338000.0,1877000.0,,0.09,382129000.0,130958000.0,1213456000.0,149464000.0,1063992000.0,47710000.0,72000000.0,,,0.2010066395373741,6904900.621118012,1082498000.0,0.0063786728669411,,,0.140474740411582,0.1554379347869437,0.0492373958078134,,-0.0245478897818088,,,33.37842346640696,33.37842346640696,False,92.44236835622611,92.44236835622611,77.67638213377133,616.0,True,True,True,True,True,True,True,True,True,True,True,False,False,True,False,False,False,12,False,0.4219459769496554,0.5169956534076376,1.0,41807108.60661278,0.439365671641791,0.0,3.0,,,,,,-0.02050680306437509,-0.091238251921863,0.18165870199295334,-1.8011222744433197,0.2392,-1.8011222744433197,0.3003052652628524,-616.0,0.376,0.864,0.216,0.352,0.4904,佳大
20.5,20.850000381469727,20.5,20.649999618530277,965021.0,0.014741976974787852,20.55,0.09259259446144275,20.287500190734864,0.03508766059253454,19.899658679962158,0.03249998092651385,20.17857933044434,0.023587286328176457,72.72725170967631,1375401.85,0.7016284004562011,0.017868117036960784,2034.TW,2026-09-03,0.028073512205332385,0.05935159050615657,bull,0.13899253731343283,0.291044776119403,2026-03-31,2026-05-15,2833548000.0,238436000.0,35902000.0,-13678000.0,-15456000.0,1778000.0,0.0,10115642000.0,9094633000.0,22657796000.0,13057364000.0,9600432000.0,611722000.0,7049733000.0,1733334000.0,1869816000.0,0.4,21541200.0,13563163000.0,0.0015882136047469,0.0001851999993333,7.847188667423786e-05,1.3600808796937471,0.084147506941827,0.0126703341535064,0.0006274818707853,-0.2200071185015801,,,9.314478880448952,9.314478880448952,False,65.043114230692,65.043114230692,51.110955393131235,1036.0,True,False,True,True,True,True,True,False,True,False,True,True,False,True,False,False,False,10,False,0.0377062215305064,0.023362412207815098,1.0,28402047.67782584,0.4944029850746269,0.0,3.0,,,,,,0.06476673054260429,0.023125738970187354,0.29554998476295047,-1.4246829332134676,0.7968,-1.4246829332134676,0.7043776740400911,-1036.0,0.032,0.032,0.808,0.1484,0.18720000000000003,允強
13935.0,14195.0,13255.0,13450.0,647702.0,-0.06206415620641559,13989.0,0.33168316831683176,13436.438720703125,1.111459968602826,9684.646240234375,2.9970282317979198,6982.2397867838545,0.09984293026415082,59.16953497412208,518406.45,1.2494096090046718,0.0010092911952912509,2059.TW,2026-09-03,0.028073512205332385,0.05935159050615657,bull,0.020522388059701493,0.005597014925373134,2026-03-31,2026-05-15,5449725000.0,4236615000.0,3654349000.0,4351760000.0,865950000.0,3485810000.0,36.58,34276607000.0,6265438000.0,39510069000.0,7981426000.0,31528643000.0,27231577000.0,,257007000.0,,0.1989884552456937,2927175737.561354,33244631000.0,0.088049578217949,0.1105601024439903,0.088225864652375,0.2531484149190943,0.7773997770529706,0.6705565877177289,0.6396304400680768,0.3782121233655666,,,100.0,100.0,True,84.37307396430126,84.37307396430126,88.27980547322593,1.0,True,True,True,True,True,True,True,True,True,True,True,True,True,True,True,True,True,15,True,0.3887962106579228,0.9263159689042006,1.0,6972566752.5,0.029850746268656716,3.0,0.0,,,,,,-0.06315605293035575,-0.19850511821577538,0.14292421836668734,-1.78600342403622,0.1376,-1.78600342403622,0.10741746468621453,-1.0,1.0,1.0,0.072,0.8608,0.8144,川湖
21.049999237060547,21.149999618530277,20.75,20.950000762939453,345406.0,-0.041189913172428816,21.1,0.0798969677777035,20.500000095367433,0.12183181644413366,19.172452545166017,0.15112253960082755,18.65634118715922,0.030927837869784074,67.64706212343907,604016.3,0.5718488060669885,0.021951251974565045,2069.TW,2026-09-03,0.028073512205332385,0.05935159050615657,bull,0.15951492537313433,0.14738805970149255,2026-03-31,2026-05-15,2302863000.0,277674000.0,137979000.0,128564000.0,22373000.0,106191000.0,0.64,4252225000.0,3913450000.0,9681868000.0,5325210000.0,4356658000.0,267712000.0,2834868000.0,1356137000.0,,0.174022276842662,113967580.26352634,5768418000.0,0.019757163968271,0.0243744172712202,0.0109680280706161,1.2223153619127325,0.1205777330218949,0.0599162868134144,0.0461125998376803,-0.1384973197554728,,,30.045180578249248,30.045180578249248,False,70.97349716255013,70.97349716255013,60.74141801647491,676.0,True,False,True,True,True,True,True,True,True,True,True,True,False,True,False,False,False,12,False,0.09271365849444302,0.12294262592918859,1.0,12654141.945827866,0.5914179104477612,0.0,3.0,,,,,,0.06724270131207447,0.04785150516725667,0.26028056947637845,-1.128776667534857,0.8348,-1.128776667534857,0.8414692691597351,-676.0,0.312,0.216,0.912,0.402,0.4032,運錩
26.799999237060547,27.100000381469727,26.75,26.75,209693.0,-0.01109054512095975,26.88999977111817,0.04696676316134041,26.26500015258789,0.09265028562987698,25.839695962270103,0.1298004138258264,25.027348025639853,0.013505691604831041,75.60974702034834,288981.7,0.7256272629028067,0.018465632765828133,2107.TW,2026-09-03,0.028073512205332385,0.05935159050615657,bull,0.2462686567164179,0.17444029850746268,2026-03-31,2026-05-15,327504000.0,108944000.0,61789000.0,88780000.0,18672000.0,70108000.0,0.23,11124237000.0,2061631000.0,15861263000.0,2536045000.0,13325218000.0,807947000.0,1085000000.0,220797000.0,,0.2103176391079071,48793683.39716153,13799632000.0,0.0035358684490399,0.0052613022916398,0.0044200767618568,0.1903192127888639,0.332649372221408,0.1886663979676584,0.2140676144413503,-0.1658159366690099,,,41.47495597513323,41.47495597513323,False,64.78973556630658,64.78973556630658,58.961040668513235,488.0,True,False,True,True,True,True,True,False,True,True,True,True,False,True,False,False,False,11,False,0.03522889894134518,0.06883078353309102,1.0,7730260.475000001,0.6520522388059702,0.0,3.0,,,,,,0.045298435116699266,0.024558239231133466,0.18920180346127616,-1.4882848170620404,0.6036,-1.4882848170620404,0.5547606610189197,-488.0,0.544,0.176,0.576,0.5488000000000001,0.44000000000000006,厚生
30.549999237060547,31.0,29.850000381469727,29.850000381469727,770590.0,-0.009950223577322004,30.370000076293945,0.07761731261057636,30.01500005722046,0.05663718164494602,28.897500133514406,0.2021614175091273,27.871848344802856,0.02431532807515893,56.61764685257899,1257568.0,0.6127620931830327,-0.005497240560925487,2108.TW,2026-09-03,0.028073512205332385,0.05935159050615657,bull,0.1669776119402985,0.2332089552238806,2026-03-31,2026-05-15,2595684000.0,706987000.0,322249000.0,400150000.0,120689000.0,166573000.0,0.34,14271694000.0,1850566000.0,18859782000.0,2404041000.0,16455741000.0,9490424000.0,110000000.0,24000000.0,,0.3016093964763214,225055673.59490192,17009216000.0,0.0132313960616939,0.0101224855204028,0.0088321805628506,0.1460913246021555,0.272370211474124,0.1241480087714837,0.0641730657506846,0.1428634327678053,,,48.999527692236406,48.999527692236406,False,69.29116648628181,69.29116648628181,64.21825678777046,384.0,True,False,True,True,False,True,True,True,True,False,True,True,False,True,False,False,False,10,False,0.03296133726289496,0.07097311998096201,1.0,37538405.27972412,0.45242537313432835,0.0,3.0,,,,,,0.023370872230013127,-0.03386206487761775,0.1790973029214047,-1.7543855716628698,0.42200000000000004,-1.7543855716628698,0.45067111196014037,-384.0,0.592,0.336,0.456,0.5716,0.488,南帝
14.75,14.850000381469728,14.699999809265137,14.800000190734863,177626.0,0.0,14.79000015258789,0.02422148000620128,14.727500104904175,0.04593643743660447,14.628333361943564,0.013584077790129045,14.504290413856506,0.006148598114717395,56.25001490113982,92035.6,1.9299705766029664,0.004922769330454546,2109.TW,2026-09-03,0.028073512205332385,0.05935159050615657,bull,0.3292910447761194,0.2574626865671642,2026-03-31,2026-05-15,1087805000.0,247547000.0,119153000.0,187878000.0,44674000.0,113502000.0,0.41,3848121000.0,2285586000.0,8526981000.0,3577294000.0,4949687000.0,2144050000.0,1401000000.0,923772000.0,,0.2377819648921108,90820565.53721032,6241395000.0,0.0145513247498692,0.0229311469593935,0.0133109244643561,0.7227313565484039,0.2275656022908517,0.1095352567785586,0.1043403918900905,-0.1083894446516317,,,39.992057305842906,39.992057305842906,False,66.06741624409472,66.06741624409472,59.54857650953176,508.0,True,False,True,True,True,True,True,True,False,False,True,True,True,True,False,False,False,11,False,0.011735228104515327,0.020387745173376715,1.0,1362126.8975543976,0.871268656716418,0.0,3.0,,,,,,0.05984989578636489,0.052907676441978815,0.1268551092231637,-1.3981129150869025,0.6327999999999999,-1.3981129150869025,0.659255491547009,-508.0,0.52,0.184,0.712,0.5488,0.4576,華豐
24.149999618530277,24.149999618530277,23.75,23.799999237060547,52150.0,-0.002096484008781374,23.900000000000002,0.07692302381208216,23.499999904632567,0.16210167945224474,22.05722096761068,0.1336948215410534,20.97166134516398,0.021850199504437628,63.26530453365294,76858.35,0.6785209414461798,0.012765929091295147,2115.TW,2026-09-03,0.028073512205332385,0.05935159050615657,bull,0.16791044776119404,0.1044776119402985,2026-03-31,2026-05-15,795763000.0,146418000.0,55001000.0,50773000.0,23159000.0,28129000.0,0.27,2550411000.0,942761000.0,4966182000.0,1610225000.0,3355957000.0,883919000.0,179756000.0,658841000.0,,0.4,33000600.0,4023421000.0,0.0082021245104601,0.0083818118050976,0.0056641097728597,0.4798109749320388,0.1839969940798956,0.0691173125666812,0.0353484643040704,-0.0114512019538349,,,30.9467161073479,30.9467161073479,False,75.89756865553916,75.89756865553916,64.65985551849136,661.0,True,True,True,True,True,True,True,True,True,True,True,True,False,True,False,False,False,13,False,0.07901168837221162,0.13486475131111986,1.0,1829228.6713617325,0.8404850746268657,0.0,3.0,,,,,,0.05705685630478594,0.03972840179691119,0.24159936660233924,-1.2590076849477008,0.7624,-1.2590076849477008,0.741578189546355,-661.0,0.336,0.36,0.816,0.40800000000000003,0.43920000000000003,六暉-KY
31.549999237060547,31.799999237060547,31.049999237060547,31.399999618530277,8025181.0,0.09598603967245256,30.6,0.13768112987461478,28.845587730407715,0.13768112987461478,28.201029173533122,0.12746855254704337,27.801764663060506,0.027425957732897896,75.1075538813831,4123206.05,1.9463448837343456,0.08855468337120476,2201.TW,2026-09-03,0.028073512205332385,0.05935159050615657,bull,0.08488805970149253,0.12779850746268656,2026-03-31,2026-05-15,16975232000.0,5600166000.0,1529772000.0,1410701000.0,356383000.0,363664000.0,0.35,258394518000.0,257093889000.0,369722615000.0,273701167000.0,96021448000.0,11770568000.0,38309974000.0,7312596000.0,1700000000.0,0.2526283032336406,1143308295.3056672,112628726000.0,0.0101511251694853,0.0037873205161413,0.0009836130797679,2.850416992253648,0.3299021774783402,0.0901178846922386,0.0214232123602198,-0.0348376488341026,,,22.837441404461494,22.837441404461494,False,78.75174510553558,78.75174510553558,64.77316918026706,810.0,True,True,True,True,True,True,True,False,True,True,True,True,True,True,False,False,False,13,False,0.11343452841073653,0.12942469656433908,1.0,129468668.39712173,0.3031716417910448,1.0,3.0,,,,,,0.04404893227588784,-0.012032226416597173,0.27302362404982916,-1.1933262202532084,0.6844000000000001,-1.1933262202532084,0.6654850786784996,-810.0,0.192,0.376,0.72,0.2712,0.3528,裕隆
63.20000076293945,63.400001525878906,62.5,63.09999847412109,468493.0,-0.006299236628014349,63.15999908447266,0.027687246025973833,62.74500007629395,0.026016235351562278,62.259630775451654,0.0879310081745015,60.57398195266724,0.003839686080780159,71.99993591318356,643131.1,0.7284564531244097,0.005657795798796439,2206.TW,2026-09-03,0.028073512205332385,0.05935159050615657,bull,0.31343283582089554,0.32276119402985076,2026-03-31,2026-05-15,14947523000.0,3169197000.0,1407602000.0,1401468000.0,300076000.0,1061801000.0,1.37,35643431000.0,24328027000.0,96546885000.0,53175170000.0,43371715000.0,7860863000.0,8468755000.0,18068499000.0,,0.2141154846204123,1106212615.6173384,72218858000.0,0.0153175035752758,0.0244814160565243,0.0109977758474548,1.226033372210437,0.212021550326432,0.0941695824786488,0.0710352477798495,-0.00921030321598,,,38.16659350871173,38.16659350871173,False,57.99946805785991,57.99946805785991,53.04124942057287,554.0,True,False,True,True,True,True,True,True,False,False,True,True,False,True,False,False,False,10,False,0.01349779444886745,0.04170134503337897,1.0,40581571.42865981,0.4430970149253731,1.0,3.0,,,,,,0.04588035426029134,0.030227604721113837,0.17073527993254967,-1.4336478584784762,0.5992,-1.4336478584784762,0.5981210798670865,-554.0,0.472,0.056,0.632,0.49599999999999994,0.3792,三陽工業
321.5,325.5,296.5,299.0,38204460.0,-0.006644518272425293,307.4,0.1841584158415841,281.6189651489258,0.403755868544601,237.37298838297525,0.8225824738849634,211.81252352396646,0.06524971639648638,61.92734075921177,35872515.7,1.0650064333235485,0.06171826830583926,2301.TW,2026-09-03,0.028073512205332385,0.05935159050615657,bull,0.054104477611940295,0.03264925373134328,2026-03-31,2026-05-15,43407292000.0,9402933000.0,4099305000.0,4969901000.0,1195242000.0,3775414000.0,1.66,165353065000.0,116511425000.0,210691221000.0,122427807000.0,88263414000.0,71133162000.0,13521025000.0,3000000000.0,,0.2404961386554782,3113437976.3289046,94179796000.0,0.0330584489302663,0.0427743934763275,0.0179191804104642,1.3870730969006029,0.2166210460675593,0.0944381649055647,0.0869764923368175,0.1919657430575541,,,57.60700281241379,57.60700281241379,False,87.21516501019464,87.21516501019464,79.81312446074942,288.0,True,True,True,True,True,True,True,True,True,True,True,True,True,True,False,False,False,14,False,0.25962099578742426,0.4116256915572243,1.0,10725882194.300001,0.017723880597014924,2.0,3.0,,,,,,0.018620237193984302,-0.01278800612294949,0.2958171725236096,-1.0776848851826721,0.6616,-1.0776848851826721,0.5902081173663782,-288.0,0.696,0.92,0.624,0.6851999999999999,0.7488,光寶科
234.0,235.0,222.0,223.0,3690877.0,-0.0708333333333333,230.0,0.3002915451895043,196.525,0.27428571428571424,188.28692626953125,1.5084364023895365,169.9467964808146,0.09591076630193934,76.0,5156632.15,0.7157534011806523,0.1347156850273501,2351.TW,2026-09-03,0.028073512205332385,0.05935159050615657,bull,0.02332089552238806,0.06063432835820896,2026-03-31,2026-05-15,2805040000.0,536428000.0,271819000.0,291916000.0,59272000.0,221741000.0,1.22,7664285000.0,3511531000.0,13387353000.0,5808485000.0,7578868000.0,1087862000.0,1177901000.0,596426000.0,1147119000.0,0.2030447114923471,216627589.5668617,9875822000.0,0.0219351452027853,0.0292577994497331,0.0165634685213723,0.7664053523560511,0.1912372016085332,0.0969037874682714,0.0790509226249893,0.1104464802119675,,,50.10730286570861,50.10730286570861,False,82.78451492537314,82.78451492537314,74.615211910457,363.0,True,True,True,True,True,True,True,False,True,True,True,True,False,True,False,False,False,12,False,0.18436263429558175,0.31217536674882007,1.0,1149928969.45,0.11007462686567164,2.0,3.0,,,,,,0.006842291635628315,-0.07436947357957985,0.31836142753466284,-1.2972804173596753,0.5504,-1.2972804173596753,0.3958787868113709,-363.0,0.616,0.784,0.384,0.5811999999999999,0.62,順德
67.0,67.19999694824219,63.70000076293945,63.70000076293945,17690722.0,-0.010869576806735948,64.90000076293946,0.04426230758917127,62.505000305175784,0.16316131632910857,57.99440962473552,0.21947816188049973,56.13386468887329,0.03228736760169437,54.34782909160166,17156113.35,1.0311614081286073,0.019118477752646523,2354.TW,2026-09-03,0.028073512205332385,0.05935159050615657,bull,0.25466417910447764,0.10354477611940298,2026-03-31,2026-05-15,25274831000.0,1224398000.0,373042000.0,939869000.0,285306000.0,663384000.0,0.47,119608118000.0,42954189000.0,150753789000.0,44332160000.0,106421629000.0,18348663000.0,13096824000.0,,,0.3035593258209388,259801621.9771053,107799600000.0,0.0024100425416894,0.0062335448746043,0.0044004466116602,0.4165709585219749,0.0484433704027536,0.0147594260867659,0.0262468223823138,-0.1575198993297046,,,17.738249987351253,17.738249987351253,False,69.23303909500805,69.23303909500805,56.35934181809385,892.0,True,False,True,True,True,True,True,True,True,True,True,True,True,True,False,False,False,13,False,0.0983817436046528,0.13478737150919717,1.0,1092844433.4840758,0.11287313432835822,1.0,3.0,,,,,,-0.014559369227856266,-0.045072828525675825,0.15416892632081655,-1.8444999913107123,0.25960000000000005,-1.8444999913107123,0.25185815573703235,-892.0,0.16,0.128,0.184,0.16360000000000002,0.1552,鴻準
1020.0,1025.0,962.0,971.0,3179354.0,0.0030991735537189147,991.0,0.18704156479217593,930.4,0.29771198101273466,794.4599995930989,0.7537839957712158,700.9283304850261,0.049875874520424204,45.21072796934866,3831323.7,0.829831736744144,0.04363714531384355,2357.TW,2026-09-03,0.028073512205332385,0.05935159050615657,bull,0.05223880597014925,0.054104477611940295,2026-03-31,2026-05-15,208369726000.0,30970538000.0,11895859000.0,13859608000.0,2702804000.0,9797017000.0,13.19,485857648000.0,327627459000.0,671441698000.0,354711686000.0,316730012000.0,57955263000.0,41417377000.0,275376000.0,,0.1950130191272365,9576011621.29809,343814239000.0,0.0278522833991703,0.0309317608967223,0.0145910166574134,1.1199181402487366,0.1486326185407567,0.0570901504184921,0.0470174683629425,0.4108280576281871,,,51.58078089609261,51.58078089609261,False,75.71665265675065,75.71665265675065,69.68268471658614,342.0,True,True,True,True,True,True,True,False,True,True,True,True,True,True,False,False,False,13,False,0.22221383140412376,0.38530568357551,1.0,3720215312.7000003,0.05223880597014925,3.0,3.0,,,,,,0.07653664598796654,0.016344614986782635,0.32074008920213704,-0.6349781500424233,0.8756,-0.6349781500424233,0.860054829948633,-342.0,0.64,0.624,0.96,0.6880000000000001,0.6992,華碩
46.25,47.650001525878906,45.34999847412109,45.34999847412109,4614687.0,-0.027867159897875804,45.25,0.21256675464949337,42.537499809265135,0.21256675464949337,38.77581666310628,0.2720896643216353,38.011241626739505,0.061050138491400285,57.87670436508192,6283715.4,0.7343882888139713,0.06611809996983786,2392.TW,2026-09-03,0.028073512205332385,0.05935159050615657,bull,0.04197761194029851,0.07555970149253731,2026-03-31,2026-05-15,20284345000.0,3918165000.0,2024943000.0,2036754000.0,252111000.0,-210762000.0,-0.46,65961303000.0,65464823000.0,123191294000.0,95674753000.0,27516541000.0,21416412000.0,16445470000.0,26655579000.0,0.0,0.1237807805950055,1774293974.7996078,57726471000.0,0.0307362280088039,-0.0076594656283287,-0.0017108514177958,3.476990549066469,0.1931620173094078,0.0998278721841893,-0.0103903774068129,-0.0513983335778374,,,22.851074819845003,22.851074819845003,False,83.89119228538846,83.89119228538846,68.63116291900259,806.0,True,True,True,True,True,True,True,True,True,True,True,True,False,True,False,False,False,13,False,0.16954334883860445,0.19306806442805158,1.0,284966483.8018112,0.22201492537313433,1.0,3.0,,,,,,0.07335631017150936,0.037625965839030155,0.3073228856655952,-0.059748126250731504,0.9132,-0.059748126250731504,0.8784937306651328,-806.0,0.2,0.568,0.968,0.31520000000000004,0.46399999999999997,正崴
706.0,715.0,673.0,674.0,2951637.0,-0.001481481481481528,684.6,0.0836012861736335,675.6,0.44790547798066593,575.4861302693685,0.9678832116788321,490.6597318013509,0.03468872042269695,47.867298578199055,3624765.85,0.8142972876441108,-0.002368265245707546,2395.TW,2026-09-03,0.028073512205332385,0.05935159050615657,bull,0.15298507462686567,0.026119402985074626,2026-03-31,2026-05-15,20385264000.0,7979823000.0,3728486000.0,4068287000.0,750007000.0,3334165000.0,3.85,49300373000.0,29811036000.0,83769137000.0,34044129000.0,49725008000.0,10001958000.0,,43915000.0,,0.184354496130681,3041122842.1397014,53958101000.0,0.0563608204473263,0.0670520756879516,0.0398018305954375,0.6846480346468723,0.3914505595806853,0.182901040673302,0.1635576071028562,0.1748587968840969,,,87.43653384699755,87.43653384699755,False,69.75746268656717,69.75746268656717,74.17723047667477,49.0,True,False,True,True,False,True,True,False,True,True,True,True,True,True,True,False,False,11,False,0.1711837428375902,0.3736607190599379,1.0,2443092182.9,0.06623134328358209,3.0,2.0,,,,,,0.0013419080680618087,-0.08921456863091318,0.310546842882081,-0.9344353484649929,0.5416,-0.9344353484649929,0.5353950890063653,-49.0,0.944,0.76,0.552,0.8851999999999999,0.8104,研華
168.0,174.0,163.0,164.5,4858287.0,0.03134796238244508,170.5,0.06472491909385103,153.725,0.1344827586206896,143.85833333333332,0.1769567542298478,142.76722005208333,0.05291095890410955,65.54621848739495,4818900.55,1.0081733270050572,0.07009269799967477,2421.TW,2026-09-03,0.028073512205332385,0.05935159050615657,bull,0.19776119402985073,0.13432835820895522,2026-03-31,2026-05-15,5019470000.0,1589335000.0,788361000.0,804772000.0,155735000.0,649037000.0,2.36,14963066000.0,7265103000.0,19420226000.0,8096459000.0,11323767000.0,6013084000.0,462398000.0,0.0,,0.1935144363869518,635801765.4155462,12155123000.0,0.0523073082366625,0.0573163506455051,0.0334206718294627,0.7149969617001127,0.3166340270984785,0.157060606000235,0.1293038906498096,0.2059937007805909,,,81.54483186948244,81.54483186948244,False,76.56677057401237,76.56677057401237,77.81128589787988,79.0,True,True,True,True,True,True,True,True,True,True,True,True,True,True,True,False,False,14,False,0.14348606847013845,0.1522252793042287,1.0,792709140.475,0.13152985074626866,2.0,2.0,,,,,,0.006993958430804473,-0.051411630207107296,0.26565439750971215,-1.5312295538447305,0.5024,-1.5312295538447305,0.368691282629715,-79.0,0.888,0.872,0.352,0.8076,0.776,建準
105.0,107.5,95.0,95.0,52115790.0,-0.016563131463710468,100.18000030517578,0.48669793007009376,82.0099998474121,0.5472312319073698,72.88916657765706,1.8098765315090115,64.64810441335042,0.14531108376849597,69.4520538066651,43201316.75,1.2063472579224104,0.1583953197995014,2426.TW,2026-09-03,0.028073512205332385,0.05935159050615657,bull,0.007462686567164179,0.016791044776119403,2026-03-31,2026-05-15,545147000.0,107038000.0,16725000.0,17730000.0,1096000.0,16634000.0,0.06,2649632000.0,798477000.0,4627612000.0,866690000.0,3760922000.0,615916000.0,52733000.0,0.0,,0.0618161308516638,15691125.211505923,3829135000.0,0.0040978250209266,0.004422851630531,0.0035945105164391,0.2304461512363191,0.1963470403395781,0.0306797982929375,0.0305128708403421,-0.0985551006369594,,,23.08242867683808,23.08242867683808,False,86.68473286997428,86.68473286997428,70.78415682169025,801.0,True,True,True,True,True,True,True,True,True,True,True,False,True,False,False,False,False,12,False,0.3033486930981131,0.4694939760736687,1.0,4104125091.25,0.0457089552238806,1.0,3.0,,,,,,-0.10188242425574488,-0.2010936254761121,0.1619808065186014,-1.7954322273751795,0.1344,-1.7954322273751795,0.15600277278593486,-801.0,0.208,0.68,0.104,0.1924,0.3288,鼎元
4400.0,4420.0,4290.0,4340.0,9299793.0,0.12289780077619672,4168.0,0.1071428571428572,3987.5,0.044524669073405576,3960.6258138020835,1.5232558139534884,3373.6879069010415,0.02034288638689867,54.01234567901235,7515227.3,1.237459976759452,0.08840125391849529,2454.TW,2026-09-03,0.028073512205332385,0.05935159050615657,bull,0.1226679104477612,0.2630597014925373,2026-03-31,2026-05-15,149150510000.0,69055353000.0,22890845000.0,27019390000.0,2643006000.0,24153980000.0,15.17,378185472000.0,309807293000.0,738776057000.0,340329102000.0,398446955000.0,184514674000.0,16440000000.0,120000000.0,,0.0978188626760263,20651688576.4068,428968764000.0,0.0481426395335553,0.0606203151935243,0.0326945896136425,0.8541390459364911,0.4629910618475257,0.1534748020640358,0.1619436634846237,-0.0271454326245333,,,78.23114789730103,78.23114789730103,False,76.3250140921375,76.3250140921375,76.80154754342837,95.0,True,True,True,True,True,True,True,True,True,False,False,True,True,True,True,False,False,12,False,0.09578642467962117,0.28642604762649215,1.0,32616086482.0,0.002798507462686567,3.0,2.0,,,,,,0.03297875152676993,-0.014503704321146792,0.35797125742856345,0.9873227875488384,0.768,0.9873227875488384,0.7001481266574464,-95.0,0.88,0.84,0.792,0.8668,0.8503999999999999,聯發科
215.0,222.0,214.0,222.0,16806280.0,0.054827802837212225,195.4166473388672,0.247191011235955,189.4540687561035,0.5205479452054795,168.55968958536783,2.1311705955178115,139.15151144663494,0.05135497566463217,61.82624998255609,17196336.1,0.9773174879967599,0.17178797719987204,2464.TW,2026-09-03,0.028073512205332385,0.05935159050615657,bull,0.033582089552238806,0.020522388059701493,2026-03-31,2026-05-15,1864911000.0,348125000.0,41838000.0,53528000.0,4046000.0,49169000.0,0.24,7398797000.0,5883475000.0,11317462000.0,6229196000.0,5088266000.0,1831434000.0,460111000.0,103169000.0,0.0,0.0755866088775967,38675607.45777911,5433987000.0,0.0071173536958736,0.00966321336188,0.0043445253008139,1.2242276641983734,0.1866711065568276,0.0224343145597832,0.0263653332518281,0.0786759589539871,,,25.84400824761181,25.84400824761181,False,92.56142207576686,92.56142207576686,75.88206861872808,750.0,True,True,True,True,True,True,True,True,True,True,True,True,True,False,False,False,False,13,False,0.3170408687040627,0.5953833177380738,1.0,3817586614.2000003,0.05037313432835821,2.0,3.0,,,,,,-0.17372676694296801,-0.28272536637984946,0.12606132628771152,-1.9452801123515777,0.054400000000000004,-1.9452801123515777,0.09697231792744491,-750.0,0.264,0.816,0.064,0.234,0.38959999999999995,盟立
106.5,107.5,96.0,96.1999969482422,12270408.0,0.008385696117062302,97.2,0.12514616313733562,92.6349998474121,0.24773020560476522,83.03666687011719,0.7554744213058924,77.13666687011718,0.049747858431896365,50.32966535457828,5483382.15,2.2377444548525585,0.038484342923326365,2465.TW,2026-09-03,0.028073512205332385,0.05935159050615657,bull,0.0960820895522388,0.06716417910447761,2026-03-31,2026-05-15,1569188000.0,167121000.0,92107000.0,130068000.0,22277000.0,107791000.0,1.15,1574817000.0,638916000.0,1902288000.0,697716000.0,1204572000.0,319532000.0,112731000.0,0.0,,0.1712719500568933,76331654.49610972,1263372000.0,0.0604189854580517,0.0894848958800304,0.0566638700344006,0.5792231597613094,0.1065015791606869,0.0586972370423429,0.0686922153368493,0.9128577645528606,,,73.28778007996519,73.28778007996519,True,73.64546141276475,73.64546141276475,73.55604107956486,133.0,True,False,True,True,True,True,True,True,True,True,True,True,True,True,True,True,False,13,False,0.15852430708369591,0.2471370730890392,1.0,527501346.0960458,0.16417910447761194,1.0,3.0,,,,,,-0.027180201029943455,-0.14618920416745448,0.19337622269706034,-2.0147772123611256,0.1912,-2.0147772123611256,0.1574771655117826,-133.0,0.848,0.736,0.112,0.7376,0.6672,麗臺
622.0,622.0,594.0,595.0,1090764.0,0.017094017094017033,610.2,0.1464354527938343,565.5,0.11230955004456211,561.5416086832682,0.6523992934425458,542.9285069783529,0.04974939669574894,61.81102362204724,1331703.25,0.819074369608995,0.05216622458001763,2467.TW,2026-09-03,0.028073512205332385,0.05935159050615657,bull,0.07835820895522388,0.15205223880597016,2026-03-31,2026-05-15,2261506000.0,1118836000.0,551124000.0,613560000.0,131154000.0,466168000.0,3.06,8668744000.0,7397306000.0,20907953000.0,12303757000.0,8604196000.0,2586058000.0,930000000.0,2672580000.0,1609684000.0,0.2137590455701153,433316259.7692157,13510647000.0,0.0320722064434971,0.0541791470115278,0.0222962047025837,1.4299717254232702,0.4947305025942889,0.243697783689276,0.2061316662436447,0.7275418248873835,,,82.91061822425604,82.91061822425604,False,82.2939957850319,82.2939957850319,82.44815139483794,67.0,True,True,True,True,True,True,True,True,True,True,True,True,True,True,True,False,False,14,False,0.05958310265767608,0.09590856319453356,1.0,792363433.75,0.13246268656716417,3.0,2.0,,,,,,0.033971169917771916,-0.06618632095140317,0.2796621426918819,-0.5709357121285578,0.6536,-0.5709357121285578,0.5692261576826377,-67.0,0.912,0.968,0.592,0.864,0.8648,志聖
304.5,307.5,259.5,259.5,34925397.0,0.0019305019305020377,269.5,0.13318777292576423,248.0,0.054878048780487854,240.29166666666666,0.710382897812353,230.98686625162762,0.06084910704737459,64.28571428571428,9920180.2,3.520641389155411,0.0463709677419355,2486.TW,2026-09-03,0.028073512205332385,0.05935159050615657,bull,0.08861940298507463,0.23507462686567165,2026-03-31,2026-05-15,1620292000.0,341104000.0,113327000.0,85987000.0,24265000.0,66488000.0,0.29,6103859000.0,3197127000.0,14266046000.0,8757332000.0,5508714000.0,1340863000.0,1569756000.0,4248791000.0,584851000.0,0.2821938199960459,81346820.9613081,11068919000.0,0.0073491206287902,0.0120696046300461,0.0046605765886357,1.5897234817418366,0.2105200790968541,0.0699423313822446,0.0410345789524357,0.1990998011481162,,,33.6179116706075,33.6179116706075,False,76.67800589984029,76.67800589984029,65.91298234253209,613.0,True,True,True,True,True,True,True,True,True,False,True,True,False,True,False,False,False,12,False,0.07993757586266703,0.12344049776973609,1.0,2574286761.8999996,0.06343283582089553,2.0,3.0,,,,,,-0.032604661906900374,-0.11121915947813432,0.19246288404607778,-1.785284278544248,0.2348,-1.785284278544248,0.15464104219865907,-613.0,0.384,0.44,0.096,0.34080000000000005,0.3432,一詮
42.59999847412109,43.29999923706055,39.900001525878906,40.900001525878906,40891130.0,0.021223528214996845,41.67000045776367,0.29022083727187775,36.177500343322755,0.028658889171704116,36.87608823776245,0.014976687615563256,38.98056805928548,0.08853618456977864,75.68306534910214,39113704.7,1.045442519792813,0.13053696738967147,2489.TW,2026-09-03,0.028073512205332385,0.05935159050615657,bull,0.026119402985074626,0.310634328358209,2026-03-31,2026-05-15,5814686000.0,505072000.0,62476000.0,111265000.0,15684000.0,91202000.0,0.15,17103166000.0,8663347000.0,22113749000.0,9001642000.0,13112107000.0,3863595000.0,600000000.0,,,0.1409607693344717,53669334.97505954,13450402000.0,0.003990165868281,0.0069555564182018,0.0041242215419918,0.6865137692973372,0.0868614401534322,0.0107445182766532,0.0156847678447297,0.0933410150249902,,,23.776742042983585,23.776742042983585,False,66.82924736643264,66.82924736643264,56.066121035570376,785.0,True,False,True,True,True,False,True,False,True,False,True,True,True,True,False,False,False,10,False,0.10911985192604612,0.04924077719119335,1.0,1599750581.9127772,0.08395522388059702,1.0,3.0,,,,,,-0.028185804370818288,-0.08160150268789022,0.16873274881358882,-2.002225973968211,0.192,-2.002225973968211,0.13279306287030943,-785.0,0.232,0.112,0.088,0.2104,0.16720000000000002,瑞軒
50.09999847412109,52.900001525878906,45.0,45.0,5327985.0,-0.1228070044981453,49.59000015258789,0.40845067059272044,41.12750034332275,0.5228426789115654,36.355000019073486,1.7863777747937317,27.87291668256124,0.16007333601419305,61.111108445355065,2245904.15,2.3723118370835192,0.09415840068933257,2491.TW,2026-09-03,0.028073512205332385,0.05935159050615657,bull,0.013059701492537313,0.01958955223880597,2026-03-31,2026-05-15,35944000.0,5341000.0,-45575000.0,117289000.0,-67000.0,70043000.0,0.85,1624764000.0,245075000.0,1724545000.0,273979000.0,1450566000.0,105525000.0,,0.0,,0.0,-45575000.0,1479470000.0,-0.0308049504214347,0.0482866687899757,0.040615350715696,0.1888773072028435,0.1485922546182951,,1.9486701535722235,-0.1873756556339302,,,45.70697288449711,45.70697288449711,False,91.84154971185916,91.84154971185916,80.30790550501865,421.0,True,True,True,True,True,True,True,True,True,True,True,False,True,True,False,False,False,13,False,0.23779397541991343,0.6144704378266364,1.0,101065686.75,0.32649253731343286,1.0,3.0,,,,,,-0.032981880980133126,-0.13683936262900542,0.2356672671619197,-1.8402179082252625,0.2712,-1.8402179082252625,0.3532675864683913,-421.0,0.56,0.936,0.32,0.524,0.6248,吉祥全
14.699999809265137,15.100000381469728,14.699999809265137,14.949999809265137,137470.0,-0.0260586685514006,15.169999885559083,0.15444015671483569,14.469999933242798,0.04545451817206381,13.71833332379659,0.07942233916954433,13.638750012715658,0.03764789910608537,69.23076923076925,161421.25,0.8516226952771088,0.03317207175098913,2509.TW,2026-09-03,0.028073512205332385,0.05935159050615657,bull,0.0708955223880597,0.2593283582089552,2026-03-31,2026-05-15,64339000.0,17741000.0,-24855000.0,-103715000.0,440000.0,-100923000.0,-0.45,11515918000.0,9505024000.0,14164161000.0,9994241000.0,4169920000.0,916570000.0,4613123000.0,0.0,486938000.0,0.0,-24855000.0,4659137000.0,-0.0053346789330298,-0.0242026225922799,-0.0071252367153974,2.396746460363748,0.2757425511742489,-0.3863131226783133,,-0.0720024231584717,,,11.364896482710066,11.364896482710066,False,70.00896554041758,70.00896554041758,55.347948275990696,1015.0,True,False,True,True,True,True,True,True,True,False,True,True,True,True,False,False,False,12,False,0.0897825163157413,0.09614149356260482,1.0,2413247.65671134,0.8106343283582089,0.0,3.0,,,,,,0.06203243499218733,0.030662409727763656,0.2777741601824584,-1.1422666791078988,0.826,-1.1422666791078988,0.6993308873763214,-1015.0,0.048,0.088,0.784,0.15839999999999999,0.20720000000000002,全坤建
35.849998474121094,37.09999847412109,35.79999923706055,36.900001525878906,1841518.0,0.03506311210372903,36.119999694824216,0.1349654287245301,35.676703453063965,0.03651694122129889,34.938347307840985,0.1232877698593613,33.0150070031484,0.02404317105335899,63.94558741099048,1612123.45,1.1422934143163788,0.03428842786509989,2520.TW,2026-09-03,0.028073512205332385,0.05935159050615657,bull,0.08675373134328358,0.28451492537313433,2026-03-31,2026-05-15,4862541000.0,1141758000.0,658447000.0,599530000.0,162065000.0,308665000.0,0.52,53619294000.0,30715620000.0,65803063000.0,37306228000.0,28496835000.0,17736193000.0,16539209000.0,220000000.0,3700000000.0,0.2703200840658515,480455551.60709226,35087443000.0,0.0136930910470475,0.0108315537497409,0.0046907390921908,1.3091358391203796,0.2348068633251627,0.1354121230031787,0.063478127999332,0.0287244960456058,,,37.26396887406752,37.26396887406752,False,76.0547874656674,76.0547874656674,66.35708281776743,566.0,True,True,True,True,True,True,True,True,True,False,True,True,True,True,False,False,False,13,False,0.056146165150681826,0.11767359377994446,1.0,59487357.76490516,0.394589552238806,1.0,3.0,,,,,,0.04691115843438326,0.020741259378861253,0.22841139207352482,-1.428068410864972,0.6632,-1.428068410864972,0.6690051960567726,-566.0,0.432,0.448,0.736,0.47759999999999997,0.4976,冠德
11.550000190734863,11.800000190734863,11.550000190734863,11.649999618530272,706223.0,0.0,11.569999885559081,0.06392692433408476,11.367499876022338,0.049549479113415895,11.199999984105428,0.15346526519982073,10.684750000635782,0.012920470686738695,65.90908795348838,1067684.0,0.6614532015090607,0.024851528092277864,2537.TW,2026-09-03,0.028073512205332385,0.05935159050615657,bull,0.20242537313432835,0.25,2026-03-31,2026-05-15,1212617000.0,259289000.0,167409000.0,150138000.0,30818000.0,,0.4,17831477000.0,12815624000.0,18460150000.0,13906467000.0,4553683000.0,679610000.0,8130480000.0,,1090843000.0,0.205264490002531,133045876.99316628,5644526000.0,0.0235707793698117,,,3.053894397128654,0.2138259648347334,0.1380559566623262,,2.980962167272918,,,51.40705905064119,51.40705905064119,False,69.29365730978398,69.29365730978398,64.82200774499829,349.0,True,False,True,True,True,True,True,True,True,False,True,True,False,True,False,False,False,11,False,0.04017853884495204,0.09033899883825569,1.0,12438518.192710875,0.5951492537313433,0.0,3.0,,,,,,0.13636999370378383,0.11299039105091893,0.3957560547148857,0.5456451614420977,0.9984000000000001,0.5456451614420977,0.9950379555711532,-349.0,0.632,0.384,1.0,0.6872,0.6312,聯上發
48.0,48.75,47.84999847412109,48.650001525878906,10328302.0,0.018848199494846174,47.630001068115234,0.1031746759453489,47.00500011444092,0.07040705630853972,44.884166526794424,0.3310534211051184,42.01500005722046,0.019520667751487076,65.80646431533533,8242212.15,1.2530982959471626,0.03499630693400646,2542.TW,2026-09-03,0.028073512205332385,0.05935159050615657,bull,0.1259328358208955,0.2080223880597015,2026-03-31,2026-05-15,16191907000.0,4874634000.0,3912933000.0,3918335000.0,698387000.0,2421313000.0,1.15,244126134000.0,168451704000.0,269504119000.0,203260373000.0,66243746000.0,18030010000.0,104829064000.0,11468836000.0,23019028000.0,0.1782356536641201,3215508829.0010934,101052415000.0,0.0318202076516537,0.0365515712230404,0.0089843265067128,3.068370756086167,0.3010537301134449,0.2416597995529495,0.1495384700517363,13.610654325020349,,,58.947380152838136,58.947380152838136,False,75.706450695346,75.706450695346,71.51668305971904,278.0,True,True,True,True,True,True,True,True,True,True,True,True,True,True,False,False,False,14,False,0.08390119034150723,0.15791982529149595,1.0,400983633.6741177,0.18470149253731344,1.0,3.0,,,,,,0.08607768440793473,0.08862218135269623,0.23348642379640625,-0.657201967867402,0.854,-0.657201967867402,0.8468429770887328,-278.0,0.704,0.688,0.928,0.7375999999999999,0.744,興富發
105.5,109.5,104.5,107.0,394944.0,0.0,105.9,0.2671400916407827,104.39410705566407,0.1771176920116715,96.47409744262696,0.2829735976299479,90.6603821436564,0.05210694783781392,60.84336989468219,398937.3,0.9899901563478772,0.02496206939100931,2546.TW,2026-09-03,0.028073512205332385,0.05935159050615657,bull,0.027985074626865673,0.09235074626865672,2026-03-31,2026-05-15,4271987000.0,331333000.0,227648000.0,236497000.0,50162000.0,186338000.0,1.43,15279304000.0,9683343000.0,16184746000.0,9989889000.0,6194857000.0,7854449000.0,0.0,,,0.2121041704545935,179362909.8043527,6501403000.0,0.0275883389791945,0.0300794675325031,0.0115131865523252,1.6126101054471476,0.0775594588653944,0.0532885516739634,0.0436185784273219,0.0858039345262302,,,37.32527210445105,37.32527210445105,False,83.75781810337527,83.75781810337527,72.14968160364423,565.0,True,True,True,True,True,True,True,True,True,True,True,True,True,True,False,False,False,14,False,0.1091059967016823,0.18022886590586573,1.0,42686291.1,0.435634328358209,2.0,3.0,,,,,,0.10346710880573086,0.02511547462922762,0.37428596654998103,-0.33862849598217515,0.9388,-0.33862849598217515,0.8941182947788668,-565.0,0.44,0.712,0.984,0.5216,0.6304,根基
6.849999904632568,6.989999771118164,6.739999771118164,6.739999771118164,2348781.0,-0.01749276385724552,6.7820000648498535,0.07496009435748019,6.6724999904632565,0.15608916969481434,6.427499969800313,0.08360128592713201,5.982083316644033,0.01893563800040239,61.15702365348678,4606782.2,0.5098528426197357,0.010116115511634716,2601.TW,2026-09-03,0.028073512205332385,0.05935159050615657,bull,0.17444029850746268,0.11194029850746269,2026-03-31,2026-05-15,568015000.0,153080000.0,126103000.0,18234000.0,7038000.0,-13770000.0,-0.02,2878754000.0,2929955000.0,11571433000.0,3945476000.0,7625957000.0,145794000.0,1181816000.0,973681000.0,,0.3859822309970385,77429482.72458047,8641478000.0,0.0089602129085534,-0.0018056750123296,-0.001189999544568,0.5173745406642077,0.2694999251780323,0.222006461096978,-0.024242317544431,-0.5099694429155358,,,37.53973905839439,37.53973905839439,False,77.6368224819627,77.6368224819627,67.61255162607063,563.0,True,True,True,True,True,True,True,True,True,True,True,True,False,True,False,False,False,13,False,0.04861918363067064,0.12669774296947178,1.0,31049710.973591235,0.478544776119403,0.0,3.0,,,,,,0.05457871823751773,0.028996231300036462,0.2995354015614585,-1.3456470065447679,0.7931999999999999,-1.3456470065447679,0.8111002552351396,-563.0,0.448,0.504,0.88,0.5127999999999999,0.5512,益航
234.5,239.5,232.5,239.0,9218611.0,0.027956989247311936,235.3,0.17156862745098045,231.625,0.15560203935882266,208.74610748291016,0.2419241569414441,201.46031964619954,0.03346346904629113,64.28571428571428,17756183.1,0.5191775140007426,0.03184025903939558,2603.TW,2026-09-03,0.028073512205332385,0.05935159050615657,bull,0.05970149253731343,0.11380597014925373,2026-03-31,2026-05-15,86511471000.0,13386693000.0,8948352000.0,10639378000.0,1948722000.0,8303529000.0,3.84,244500947000.0,151671937000.0,935103407000.0,330097608000.0,605005799000.0,183466379000.0,21757000.0,72484631000.0,,0.1831612712698054,7309360471.910295,783431470000.0,0.0093299296132567,0.0137247097692695,0.0088797976115169,0.5456106512460056,0.1547389362966675,0.1034354392147603,0.0959818265025224,-0.2133215452088127,,,31.8537233857576,31.8537233857576,False,79.36636723930525,79.36636723930525,67.48820627591833,647.0,True,True,True,True,True,True,True,True,True,True,True,True,False,True,False,False,False,13,False,0.14493152893673322,0.1863378377425733,1.0,4243727760.9000006,0.04477611940298507,2.0,3.0,,,,,,0.057231074870208495,0.011284393935890438,0.23824828416376476,-1.662929295596039,0.6636,-1.662929295596039,0.6733383657200487,-647.0,0.352,0.496,0.744,0.41079999999999994,0.4736,長榮
36.45000076293945,36.75,35.5,35.5,16495372.0,0.03197669841071282,35.13999938964844,0.109375,34.64499969482422,0.21215758848930455,31.984442456563315,0.0569316550741763,33.07205662727356,0.028041536880293802,63.070550715865394,18126474.05,0.910015480920295,0.024678894868153556,2605.TW,2026-09-03,0.028073512205332385,0.05935159050615657,bull,0.11380597014925373,0.07649253731343283,2026-03-31,2026-05-15,1366845000.0,582927000.0,482738000.0,537338000.0,149979000.0,387359000.0,0.66,9807913000.0,5258125000.0,22934806000.0,5269539000.0,17665267000.0,4877423000.0,4114000000.0,,,0.2791148215834353,347998669.2584556,17676681000.0,0.0196868783941089,0.0219277183865944,0.0168895695040978,0.2982994256469489,0.4264763012631278,0.3531768415584795,0.2833964348554518,0.4444113329930603,,,75.1720503143159,75.1720503143159,False,79.42947012851559,79.42947012851559,78.36511517496567,118.0,True,True,True,True,True,True,True,True,True,True,True,True,True,True,True,False,False,14,False,0.1099146107740041,0.07341374018827085,1.0,643489828.775,0.15111940298507462,1.0,3.0,,,,,,0.0032030112551286564,-0.07157179993171114,0.14907149885176227,-1.9432410743828268,0.2384,-1.9432410743828268,0.24306940853544817,-118.0,0.864,0.896,0.176,0.7607999999999999,0.736,新興
78.0,80.0,77.19999694824219,78.19999694824219,13278946.0,0.05248982148449732,75.31999816894532,0.21428563812716384,71.13500022888184,0.1895044279891669,65.32722206115722,0.39249152043508406,63.10586722691854,0.04303518230365314,69.25565735765127,10549469.05,1.2587312154823564,0.09931815135486377,2606.TW,2026-09-03,0.028073512205332385,0.05935159050615657,bull,0.041044776119402986,0.08768656716417911,2026-03-31,2026-05-15,3891765000.0,1243986000.0,987897000.0,987799000.0,68000.0,987731000.0,1.17,29154469000.0,15158773000.0,89632874000.0,49048791000.0,40584083000.0,18437340000.0,5972000000.0,33795287000.0,,6.883991581283237e-05,987828993.2536882,74474101000.0,0.0132640606598754,0.0243378912860985,0.0110197403689186,1.2085721143434485,0.3196457134487822,0.2538429221702749,0.2538002680017935,0.1329549990000165,,,55.37983321173965,55.37983321173965,False,82.83614599295919,82.83614599295919,75.9720677976543,303.0,True,True,True,True,True,True,True,True,True,True,True,True,True,True,False,False,False,14,False,0.19705070077882536,0.2391874224158521,1.0,824968447.5155754,0.13059701492537312,1.0,3.0,,,,,,0.02514582479979448,-0.023709724598252657,0.21620551678439817,-1.6042243745365254,0.5104,-1.6042243745365254,0.48498655556401327,-303.0,0.688,0.824,0.496,0.6592,0.6903999999999999,裕民
63.79999923706055,65.80000305175781,63.0,63.29999923706055,1912340.0,0.020967729630008813,61.26000061035156,0.16146787590936773,58.545000076293945,0.15934067776692373,54.97666695912679,0.14850245000530182,54.69643255869548,0.03591966939416338,74.61140480114355,1519251.05,1.258738639673805,0.08121956024545285,2612.TW,2026-09-03,0.028073512205332385,0.05935159050615657,bull,0.06716417910447761,0.10727611940298508,2026-03-31,2026-05-15,1239781000.0,413974000.0,286693000.0,251153000.0,6735000.0,245435000.0,1.24,3774080000.0,3383047000.0,26827564000.0,13202888000.0,13624676000.0,3013054000.0,905000000.0,5029390000.0,4000000000.0,0.0268163231177807,279004947.8763941,23444517000.0,0.0119006481505417,0.018014006351417,0.0091486129713454,0.9690423464014852,0.3339089726330699,0.2312448730864564,0.1979664150362039,0.0092344987980661,,,50.30355978018509,50.30355978018509,False,79.22762365952715,79.22762365952715,71.99660768969164,360.0,True,True,True,True,True,True,True,False,True,True,True,True,True,True,False,False,False,13,False,0.15139754259969718,0.15729666956126365,1.0,96168590.30590343,0.33302238805970147,1.0,3.0,,,,,,0.04992608234072206,0.01724776341661786,0.21244297611792123,-1.4044388304242899,0.6524000000000001,-1.4044388304242899,0.6238533180205554,-360.0,0.624,0.704,0.68,0.6324,0.6592,中航
32.400001525878906,32.900001525878906,31.950000762939453,32.29999923706055,5110161.0,0.0319488825678933,31.230000305175782,0.10996559497052494,30.42250003814697,0.08937604224703266,29.630958398183186,0.02053711299730021,29.773812468846643,0.021403394211587618,74.14967222125053,2158130.65,2.367864522011214,0.061714165389411324,2617.TW,2026-09-03,0.028073512205332385,0.05935159050615657,bull,0.11194029850746269,0.18097014925373134,2026-03-31,2026-05-15,1083585000.0,454984000.0,420156000.0,372514000.0,74470000.0,298044000.0,0.71,3272834000.0,1957091000.0,26562212000.0,8269177000.0,18293035000.0,921024000.0,1017237000.0,5281631000.0,,0.1999119496180009,336161794.8962992,24605121000.0,0.013662269529026,0.0162927584187096,0.0112206016577233,0.452039642410349,0.4198876876294891,0.3877462312601226,0.2750536413848475,0.0574449605745959,,,59.57860740402141,59.57860740402141,False,72.26038442921711,72.26038442921711,69.08994017291819,271.0,True,False,True,True,True,True,True,False,True,True,True,True,True,True,False,False,False,12,False,0.09007608876535733,0.08484592864474916,1.0,69707618.34847698,0.373134328358209,1.0,3.0,,,,,,0.02975210856956373,0.004991273039455334,0.16040852931785998,-2.080819688315568,0.3972,-2.080819688315568,0.3575227330771439,-271.0,0.712,0.6,0.328,0.6544,0.6016,台航
99.5999984741211,103.0,98.5,99.8000030517578,7529386.0,0.05496833680244961,95.58000030517579,0.1672514976813777,92.13499946594239,0.3131579348915501,83.6216667175293,0.5592365704482811,76.74317690531413,0.034701552941863625,67.32186962474637,7694672.2,0.978519396836684,0.08319317990172426,2637.TW,2026-09-03,0.028073512205332385,0.05935159050615657,bull,0.06343283582089553,0.05317164179104478,2026-03-31,2026-05-15,4338022000.0,1244039000.0,1197473000.0,1201283000.0,6082000.0,1195201000.0,1.6,8930959000.0,8128467000.0,84286573000.0,33874386000.0,50412187000.0,5975075000.0,2132536000.0,18694305000.0,992902000.0,0.0050629202277897,1191410289.726068,76158106000.0,0.0156439065032167,0.0237085726909645,0.0141802063775923,0.6719483524886551,0.2867756318432686,0.276041246448266,0.2755175054437253,0.2360516073148353,,,62.80204855376821,62.80204855376821,False,81.67618928935586,81.67618928935586,76.95765410545894,238.0,True,True,True,True,True,True,True,True,True,True,True,True,True,True,True,False,False,14,False,0.19347062752143285,0.3004413822337746,1.0,767928309.0422759,0.13432835820895522,1.0,3.0,,,,,,0.021809126930773373,-0.05509735700200192,0.227121569708081,-1.7834485113660987,0.4404,-1.7834485113660987,0.4349127743410784,-238.0,0.72,0.848,0.432,0.6768,0.7008,慧洋-KY
161.5,161.5,158.5,159.0,319718.0,-0.02752293577981646,160.0,0.01273885350318471,161.725,0.12982309974507955,152.00030136108398,0.3934484191787868,137.33576844533283,0.0001546072974644755,50.0,230771.0,1.385434045005655,-0.016849590353995914,2850.TW,2026-09-03,0.028073512205332385,0.05935159050615657,bull,0.39738805970149255,0.13992537313432835,2026-03-31,2026-05-15,,,1507350000.0,1508204000.0,248433000.0,,,,,58099283000.0,36260125000.0,21839158000.0,14722947000.0,,,,0.1647210854765005,1259057671.8069968,58099283000.0,0.0216707953488341,,,1.6603261444420157,,,,,,,51.89726928896828,51.89726928896828,False,62.79217425564414,62.79217425564414,60.06844801397518,340.0,True,False,True,True,False,True,True,True,False,True,True,True,True,True,False,False,False,11,False,0.04605055763861876,0.1577464618279012,1.0,36692589.0,0.4552238805970149,2.0,3.0,,,,,,0.0032234519038101786,-0.05418900876153438,0.18017767399590526,-2.1787352332713263,0.2736,-2.1787352332713263,0.2380854099894001,-340.0,0.648,0.192,0.168,0.576,0.4152,新產
46.0,47.84999847412109,46.0,47.29999923706055,3792084.0,0.03501090694551179,46.119999694824216,0.35142854963030135,41.964999961853025,0.3736992997789126,38.15705941518148,0.7397022274016678,34.267433134714764,0.07231378359390579,71.86699804113897,4410822.25,0.8597226968282388,0.12712973382716886,2851.TW,2026-09-03,0.028073512205332385,0.05935159050615657,bull,0.018656716417910446,0.03824626865671642,2026-03-31,2026-05-15,,,2142185000.0,2164691000.0,325242000.0,,,,,59204658000.0,35668047000.0,23536611000.0,16387176000.0,,,,0.1502486960032633,1820324497.152249,59204658000.0,0.0307463054199595,,,1.5154283256837613,,,,,,,65.92494981784269,65.92494981784269,False,83.48414179104478,83.48414179104478,79.09434379774426,201.0,True,True,True,True,True,True,True,True,True,True,True,True,True,True,True,False,False,14,False,0.23961332351101938,0.38031929765825057,1.0,208631889.05980968,0.25,1.0,3.0,,,,,,0.006721415361126701,-0.03279817955919473,0.22275715489724576,-1.5700371369581283,0.45840000000000003,-1.5700371369581283,0.47309963407325917,-201.0,0.76,0.904,0.472,0.7168,0.7456,中再保
49.70000076293945,50.79999923706055,49.70000076293945,50.59999847412109,6824527.0,0.05857739083162228,49.65999908447265,0.12195122363819966,47.38749961853027,0.02807071199426381,47.43489367167155,0.7434719135046692,42.11198542912801,0.02725991530106786,67.02125759997138,3653103.0,1.8681452452887313,0.06779211567294019,2855.TW,2026-09-03,0.028073512205332385,0.05935159050615657,bull,0.10354477611940298,0.3125,2026-03-31,2026-05-15,,,2098581000.0,2515780000.0,218397000.0,2291390000.0,,256323628000.0,220745648000.0,267670154000.0,225790103000.0,41880051000.0,8784022000.0,11858164000.0,4700000000.0,,0.0868108499153344,1916401399.773828,46924506000.0,0.0408400974913583,0.0547131616434755,0.0085604986800284,5.391352149977085,,,,,,,49.23161191360978,49.23161191360978,False,65.80566975623307,65.80566975623307,61.66215529557725,379.0,True,False,True,True,True,False,True,True,True,False,True,True,True,True,False,False,False,11,False,0.06672524290572523,0.20155813026858826,1.0,184847006.22580716,0.2658582089552239,1.0,3.0,,,,,,-0.0024959729833967416,-0.0972123680666877,0.24353361593217498,-1.5344487524319277,0.39360000000000006,-1.5344487524319277,0.4295131522354273,-379.0,0.6,0.272,0.424,0.5736,0.4664,統一證
144.0,148.5,143.0,147.0,18699488.0,0.03886925795053009,144.7,0.16666666666666674,134.55,0.24071857367086547,129.03474858601888,0.7251762170173128,110.49556789398193,0.03063960168517809,71.0843373493976,19302489.55,0.9687604260353038,0.09253065774804892,2881.TW,2026-09-03,0.028073512205332385,0.05935159050615657,bull,0.06436567164179105,0.06902985074626866,2026-03-31,2026-05-15,66193246000.0,,,38624861000.0,5062760000.0,33551455000.0,,,,13120104726000.0,12085399702000.0,1034705024000.0,358727505000.0,,,,0.131075164257549,,13120104726000.0,,0.0324261062058977,0.0025572551211051,11.68004351160858,,,0.5068712750542556,-0.3925800152621125,,,12.264204123597382,12.264204123597382,False,79.05417172776029,79.05417172776029,62.356679826719564,1000.0,True,True,True,True,True,True,True,True,True,True,True,True,True,True,False,False,False,14,False,0.13922801114309835,0.3303701026365444,1.0,2837465963.85,0.058768656716417914,2.0,3.0,,,,,,-0.011300841077491554,-0.15927211449595507,0.2750392144657231,-0.9932528317928929,0.4512,-0.9932528317928929,0.4774158792288766,-1000.0,0.072,0.312,0.488,0.1344,0.2272,富邦金
110.5,115.0,109.5,112.5,35797886.0,0.09756097560975618,109.7,0.15384615384615374,102.49499969482422,0.16634494942959388,100.16344782511393,0.6250747481925429,87.8471253712972,0.02464260885602701,68.9655172413793,21711591.65,1.6487914187534936,0.09761452104946944,2882.TW,2026-09-03,0.028073512205332385,0.05935159050615657,bull,0.07182835820895522,0.10261194029850747,2026-03-31,2026-05-15,72538053000.0,,,38391738000.0,6735806000.0,31593811000.0,,,,14450034484000.0,13633007653000.0,817026831000.0,293505959000.0,,,,0.1754493636104726,,14450034484000.0,,0.0386692453677815,0.0021864176888285,16.686119887046893,,,0.4355480977687669,-0.3173702053156907,,,13.906153918122188,13.906153918122188,False,84.157224298135,84.157224298135,66.5944567031318,977.0,True,True,True,True,True,True,True,True,True,True,True,True,True,True,False,False,False,14,False,0.12316421252217435,0.2806338229566905,1.0,2442554060.625,0.06716417910447761,2.0,3.0,,,,,,-0.016837999125411025,-0.13173904857807908,0.27650678277094487,-1.135945117895513,0.44720000000000004,-1.135945117895513,0.5103987820633396,-977.0,0.088,0.472,0.528,0.154,0.2912,國泰金
35.650001525878906,36.75,35.599998474121094,35.900001525878906,60474596.0,0.11664074096486332,34.59000015258789,0.17320264961887633,32.10250005722046,0.3174841809697895,30.364644527435303,0.8484107809967996,25.701413663228355,0.0304124550655401,76.39753613123699,43714192.0,1.383408756588707,0.11829301337558329,2883.TW,2026-09-03,0.028073512205332385,0.05935159050615657,bull,0.05783582089552239,0.05223880597014925,2026-03-31,2026-05-15,23565513000.0,,,13099615000.0,1407592000.0,11689699000.0,,,,4235032868000.0,3864021319000.0,371011549000.0,75116245000.0,,,,0.1074529289601259,,4235032868000.0,,0.0315076418281523,0.0027602380818169,10.414827596108069,,,0.4960511150340754,-0.1317078255463794,,,12.146336472811727,12.146336472811727,False,85.01177931008509,85.01177931008509,66.79541860076675,1005.0,True,True,True,True,True,True,True,False,True,True,False,True,True,True,False,False,False,12,False,0.18229612381736437,0.3968103854630347,1.0,1569339559.5025635,0.08768656716417911,1.0,3.0,,,,,,-0.07749759816048116,-0.1903044771497504,0.23463176148775267,-1.2814149036111768,0.3292,-1.2814149036111768,0.34944813739916125,-1005.0,0.064,0.48,0.296,0.0988,0.2352,凱基金
41.5,42.650001525878906,41.25,41.45000076293945,78210119.0,0.11126009680331439,39.8,0.20144929747650586,37.365000534057614,0.4342561006942811,34.9070353825887,0.6747475055733112,29.695601002375287,0.030332275852772955,70.10869813100581,60808239.5,1.2861763412834868,0.10932691477304868,2887.TW,2026-09-03,0.028073512205332385,0.05935159050615657,bull,0.04664179104477612,0.027985074626865673,2026-03-31,2026-05-15,47867456000.0,,,25588754000.0,4532177000.0,21040510000.0,,,,9064708955000.0,8465511408000.0,599197547000.0,97795796000.0,,,,0.1771159705548773,,9064708955000.0,,0.035114479532407,0.0023211456765409,14.12808088147931,,,0.439557723727787,0.933005034802805,,,37.907562917661295,37.907562917661295,False,84.39649847810152,84.39649847810152,72.77426458799147,556.0,True,True,True,True,True,True,True,True,True,True,False,True,True,True,False,False,False,13,False,0.18743973266816916,0.39582966378164763,1.0,2520501573.668005,0.06436567164179105,1.0,3.0,,,,,,-0.15024251726439608,-0.2547185630151461,0.12840349152616842,-2.0004329257380706,0.0588,-2.0004329257380706,0.0422303752983994,-556.0,0.464,0.72,0.016,0.39680000000000004,0.4512,台新新光金
16.0,16.799999237060547,16.0,16.450000762939453,44284275.0,0.057928587528347064,15.734120559692382,0.07516343515479096,15.462461137771607,0.09302329265526943,15.395820411046346,0.009202548030668334,15.25707688331604,0.004778116270982877,61.55427805045447,13266807.05,3.3379753570773456,0.0638669107310148,2889.TW,2026-09-03,0.028073512205332385,0.05935159050615657,bull,0.17350746268656717,0.17164179104477612,2026-03-31,2026-05-15,2670617000.0,,,1318966000.0,191865000.0,897373000.0,,,,469578158000.0,414812209000.0,54765949000.0,15724281000.0,,,,0.1454662212672654,,469578158000.0,,0.0163856012063262,0.0019110194644104,7.57427227272187,,,0.3360171076571444,0.5571184687557942,,,31.713016597318976,31.713016597318976,False,80.2101094036965,80.2101094036965,68.08583620210213,649.0,True,True,True,True,True,True,True,True,True,True,True,True,False,True,False,False,False,13,False,0.06847185299308522,0.0781882328277379,1.0,218238986.09427053,0.24347014925373134,0.0,3.0,,,,,,-0.04768116063140221,-0.13069081534808127,0.12541097435452558,-1.3618563799725079,0.2084,-1.3618563799725079,0.21597609590837155,-649.0,0.344,0.512,0.152,0.3152,0.356,國票金
42.5,43.150001525878906,42.20000076293945,42.59999847412109,25952066.0,0.082592125184894,41.42999954223633,0.10077513266915528,39.93499965667725,0.29090904467033596,39.17358214060466,0.34173223540538866,35.29762444496155,0.010948676182221265,66.94216595658548,23574253.15,1.100864822095117,0.06673341280468104,2890.TW,2026-09-03,0.028073512205332385,0.05935159050615657,bull,0.1296641791044776,0.055970149253731345,2026-03-31,2026-05-15,26199317000.0,,,13172491000.0,2157069000.0,10973530000.0,,,,3820349236000.0,3552231164000.0,268118072000.0,41779009000.0,,,,0.163755587306911,,3820349236000.0,,0.0409279759403909,0.0028723892299148,13.24875692825361,,,0.4188479417230609,0.4040584778805451,,,40.18365017296791,40.18365017296791,False,79.51007219494346,79.51007219494346,69.67846668944958,504.0,True,True,True,True,True,True,True,True,True,True,True,True,True,True,False,False,False,14,False,0.08746752648808287,0.20688004204208976,1.0,1004263148.2185441,0.11567164179104478,1.0,3.0,,,,,,-0.11580334520924175,-0.21830194311991405,0.1271215886110477,-2.079047023943886,0.0564,-2.079047023943886,0.06233985551555663,-504.0,0.528,0.616,0.024,0.4524,0.4536,永豐金
17.799999237060547,18.5,17.799999237060547,18.200000762939453,2919503.0,0.06427408673539103,17.60999984741211,0.123456784309256,17.11914005279541,0.2638889753524192,16.052213382720947,0.16293937422144533,15.039023343722025,0.014819955400026334,65.03247513211349,1527344.1,1.9114900172135407,0.06313755870976401,2905.TW,2026-09-03,0.028073512205332385,0.05935159050615657,bull,0.09794776119402986,0.061567164179104475,2026-03-31,2026-05-15,29552820000.0,,,,-68929000.0,32878000.0,0.03,133124099000.0,1468399841000.0,1617410517000.0,62246052000.0,86764624000.0,72610211000.0,2757000000.0,7269508000.0,,,,149010676000.0,,0.0003789332389661,2.032755423217024e-05,0.717412801788895,,,0.0011125165043471,-0.4161502905041906,,,21.27042291580655,21.27042291580655,False,83.70757321749846,83.70757321749846,68.09828564207548,834.0,True,True,True,True,True,True,True,True,True,True,True,True,True,True,False,False,False,14,False,0.13380007660067905,0.2101850197963131,1.0,27797663.785271075,0.4962686567164179,0.0,3.0,,,,,,0.004518736081396386,-0.034116208309225786,0.1640457936284935,-1.6999034497269914,0.35159999999999997,-1.6999034497269914,0.4120296136682392,-834.0,0.184,0.52,0.416,0.2188,0.3312,三商
21.75,22.100000381469727,21.75,22.100000381469727,244710.0,0.004545471884987551,21.940000152587892,0.018433161496169914,21.872500038146974,0.06479775416577138,21.627734502156574,0.13400963580297698,20.85931081771851,0.0018321292437076364,58.62068511926838,197471.75,1.239215229520172,0.0104012043856887,2908.TW,2026-09-03,0.028073512205332385,0.05935159050615657,bull,0.3656716417910448,0.22014925373134328,2026-03-31,2026-05-15,9402236000.0,2780908000.0,276866000.0,231204000.0,54293000.0,160854000.0,0.32,20114529000.0,15304252000.0,40538813000.0,31810333000.0,8728480000.0,2421634000.0,4169050000.0,9539478000.0,,0.2348272521236656,211850318.0135292,25234561000.0,0.0083952448395487,0.0184286382050483,0.0039679010828462,3.6444298434549887,0.2957709208745664,0.0294468252020051,0.0171080581257479,0.0988141239298459,,,24.019508975015057,24.019508975015057,False,68.74266348031432,68.74266348031432,57.56187485398951,780.0,True,False,True,True,True,True,True,True,False,True,True,True,True,True,False,False,False,12,False,0.02183612339360197,0.05947893363271328,1.0,4364125.7503294945,0.7341417910447762,0.0,3.0,,,,,,0.08187833778629139,0.05202081957774615,0.2417412949650615,-0.20165709373260543,0.8739999999999999,-0.20165709373260543,0.8590956903881013,-780.0,0.24,0.144,0.952,0.3468,0.3536,特力
300.5,309.5,275.0,277.0,41899416.0,0.010948905109489093,279.8,0.07364341085271309,269.825,0.37775541071609764,235.040806833903,0.7286123468828083,214.65389455159504,0.06021611001964632,51.35135135135135,13434290.3,3.1188410451425184,0.026591309181877243,3006.TW,2026-09-03,0.028073512205332385,0.05935159050615657,bull,0.17537313432835822,0.03731343283582089,2026-03-31,2026-05-15,7266900000.0,3453448000.0,2254754000.0,2352467000.0,288641000.0,2063883000.0,7.22,17585827000.0,5859607000.0,20073767000.0,7169155000.0,12904612000.0,7031281000.0,1000000000.0,693679000.0,0.0,0.1226971515434647,1978102106.7687664,14214160000.0,0.1391641930841334,0.1599337508171497,0.1028149325435529,0.5555498297817866,0.4752298779396992,0.3102772846743453,0.2840114766957024,1.503294079957009,,,98.64788449850906,98.64788449850906,True,71.02191258107683,71.02191258107683,77.9284055604349,7.0,True,False,True,True,True,True,True,True,True,True,True,True,False,True,True,True,True,13,False,0.17851875906700942,0.29044944923381855,1.0,3721298413.1000004,0.051305970149253734,2.0,0.0,,,,,,0.06500249677875841,-0.06394412855765294,0.26551460287113837,-1.1453068527965102,0.6835999999999999,-1.1453068527965102,0.5604529093358144,-7.0,0.992,0.88,0.584,0.9308,0.8768,晶豪科
130.5,132.0,127.5,127.5,758342.0,-0.011627906976744207,128.0,0.05809128630705396,127.675,0.03388788325405501,122.99369455973307,0.018042889593900213,125.07269636789958,0.022013207924754852,50.0,768658.2,0.9865789501757739,-0.0013706677109849297,3010.TW,2026-09-03,0.028073512205332385,0.05935159050615657,bull,0.21641791044776118,0.2947761194029851,2026-03-31,2026-05-15,21842510000.0,1777714000.0,835852000.0,967830000.0,224352000.0,642021000.0,2.47,38704302000.0,24301868000.0,58301011000.0,32315671000.0,25985340000.0,7164556000.0,7834348000.0,5476101000.0,,0.2318093053532128,642093728.5019063,33999143000.0,0.0188855856896718,0.024707046357677,0.0110121761010285,1.24361162871065,0.0813878075367711,0.0382672137954841,0.0293931878708078,0.1743730071489269,,,36.94259298515282,36.94259298515282,False,61.13805970149254,61.13805970149254,55.08919302240761,572.0,True,False,True,True,False,True,True,True,True,False,True,True,True,True,False,False,False,11,False,0.036638507822678745,0.019407142426677515,1.0,98003920.5,0.3292910447761194,2.0,3.0,,,,,,0.05772573386074402,0.010619413476747065,0.19457458232688657,-1.7755840734484345,0.5835999999999999,-1.7755840734484345,0.5900546502412698,-572.0,0.424,0.072,0.616,0.4528,0.3568,華立
3395.0,3525.0,3290.0,3300.0,4385095.0,-0.0119760479041916,3361.0,0.12244897959183665,3088.2915649414062,0.39830508474576276,2628.9305216471353,0.7694369973190349,2528.340260823568,0.06307999245570041,53.46936382387092,3972402.9,1.1038897892255592,0.06855195845558404,3017.TW,2026-09-03,0.028073512205332385,0.05935159050615657,bull,0.10074626865671642,0.033582089552238806,2026-03-31,2026-05-15,49037946000.0,14597401000.0,12019030000.0,11979060000.0,3304089000.0,7915619000.0,20.17,135871669000.0,112699102000.0,175993383000.0,124678400000.0,51314983000.0,67880246000.0,16445795000.0,7190026000.0,,0.2758220594938167,8703916392.282032,63294281000.0,0.1375150527783392,0.1542555124689411,0.0449767989288551,2.4296685433959904,0.2976756204266794,0.2450965217833552,0.161418241294201,1.1016606943545204,,,82.5145908535667,82.5145908535667,False,79.34909762063855,79.34909762063855,80.14047092887058,70.0,True,True,True,True,True,True,True,True,True,True,True,True,True,True,True,False,False,14,False,0.25526329921127444,0.30520407048578013,1.0,13108929570.0,0.013992537313432836,3.0,2.0,,,,,,0.11838320840660892,0.011187610859480512,0.324201290178359,-0.253481964083716,0.9028,-0.253481964083716,0.8572002884413001,-70.0,0.904,0.928,0.936,0.9087999999999999,0.9176,奇鋐
331.5,341.5,325.0,325.0,2126111.0,0.015625,320.9,0.03886049988918394,316.75,0.06035889070146827,313.06698150634764,0.3184584178498986,299.6209907531738,0.01878387880645572,59.55882352941176,952516.85,2.2320980463495212,0.026045777426992878,3023.TW,2026-09-03,0.028073512205332385,0.05935159050615657,bull,0.27425373134328357,0.228544776119403,2026-03-31,2026-05-15,8292838000.0,2032426000.0,955920000.0,1115731000.0,253177000.0,865006000.0,3.6,26277086000.0,13869565000.0,32645613000.0,14861895000.0,17783718000.0,6352840000.0,3453676000.0,0.0,,0.2269158067670433,739006641.995248,18776048000.0,0.0393590089882198,0.0486403349400839,0.0264968527317897,0.8357023542546053,0.2450820816709551,0.1152705503230619,0.1043075965067688,0.0164281431445099,,,64.45244261187088,64.45244261187088,False,71.62794291942333,71.62794291942333,69.83406784253522,217.0,True,False,True,True,True,True,True,True,True,True,True,True,True,True,True,False,False,13,False,0.03811650285263446,0.08470370911940961,1.0,309567976.25,0.21175373134328357,2.0,3.0,,,,,,0.027286775795842388,-0.025335003089564396,0.2491813398193294,-1.5062663518961628,0.574,-1.5062663518961628,0.5044406274695749,-217.0,0.744,0.632,0.52,0.7103999999999999,0.6656,信邦
14.800000190734863,15.0,14.600000381469728,14.649999618530272,1311154.0,0.0034246051886410722,14.779999923706054,0.16269834722190857,13.987499952316284,0.19591833620655286,13.033549531300862,0.4433497703570952,12.988608082135519,0.04501307151903664,71.42858115994801,1433167.05,0.9148647395989183,0.04736369390330397,3024.TW,2026-09-03,0.028073512205332385,0.05935159050615657,bull,0.06529850746268656,0.0830223880597015,2026-03-31,2026-05-15,257621000.0,66335000.0,3797000.0,8577000.0,2582000.0,5995000.0,0.02,2489569000.0,1763960000.0,4904392000.0,1870820000.0,3033572000.0,719789000.0,360000000.0,0.0,,0.3010376588550775,2653960.0093272706,3140432000.0,0.0008450939263538,0.0019762181349247,0.00122237374174,0.6167053229657974,0.2574906548767375,0.0147387053074089,0.0232706184666622,-0.5896336791534654,,,20.275012830277888,20.275012830277888,False,74.91245956656887,74.91245956656887,61.25309788249612,852.0,True,False,True,True,True,True,True,True,True,True,True,True,True,True,False,False,False,13,False,0.12402224607712631,0.12791143792226856,1.0,20995896.735790156,0.5251865671641791,0.0,3.0,,,,,,0.051541005241706773,-0.0015447954816017306,0.2767502708375636,-1.4370479040937945,0.7132000000000001,-1.4370479040937945,0.8083179408119372,-852.0,0.168,0.24,0.872,0.2736,0.3304,憶聲
143.0,144.5,130.5,131.0,7895185.0,0.052208835341365445,130.1,0.18552036199095023,118.275,0.5975609756097562,123.51484667460123,1.2703639214532028,103.03242333730061,0.0641025641025641,59.61538461538462,2617660.0,3.016123178716869,0.107588247727753,3055.TW,2026-09-03,0.028073512205332385,0.05935159050615657,bull,0.05317164179104478,0.013992537313432836,2026-03-31,2026-05-15,84070000.0,26798000.0,-54195000.0,-15984000.0,508000.0,-17388000.0,-0.15,1123572000.0,157618000.0,1932560000.0,284996000.0,1647564000.0,837950000.0,0.0,5887000.0,,0.0,-54195000.0,1774942000.0,-0.0305333920770368,-0.0105537630101167,-0.0089973920602723,0.1729802302065352,0.3187581777090519,-0.6446413702866659,-0.2068276436303081,0.2642485488285362,,,36.22349624220495,36.22349624220495,False,80.48226308561739,80.48226308561739,69.41757137476428,584.0,True,True,True,True,True,False,True,True,True,True,True,True,False,True,False,False,False,12,False,0.06060124371216968,0.27144442260802704,1.0,342913460.0,0.20335820895522388,2.0,3.0,,,,,,-0.10345676162978348,-0.20403281076104873,0.11636643059790304,-1.9002853625421732,0.07239999999999999,-1.9002853625421732,0.07065439318701591,-584.0,0.416,0.608,0.032,0.3584,0.3968,蔚華科
41.84999847412109,43.79999923706055,40.09999847412109,42.29999923706055,9303712.0,0.11023624491198492,41.2,0.18820227668857692,38.132499885559085,0.4732971892243161,37.87377462387085,0.8352710224162863,32.89878258705139,0.03945754515926729,73.57513117225082,3088131.9,3.012731418628848,0.10928995906401906,3094.TW,2026-09-03,0.028073512205332385,0.05935159050615657,bull,0.051305970149253734,0.024253731343283583,2026-03-31,2026-05-15,47206000.0,35395000.0,2347000.0,7478000.0,1717000.0,5761000.0,0.07,792305000.0,52199000.0,1133462000.0,121752000.0,1011710000.0,710423000.0,,,,0.229606846750468,1808112.730676652,1081263000.0,0.0016722228825703,0.005694319518439,0.0050826582629148,0.1203427859762184,0.7497987543956277,0.0497182561538787,0.1220395712409439,-0.0850131803380369,,,35.49964257677029,35.49964257677029,False,81.96197420060855,81.96197420060855,70.34639129464898,591.0,True,True,True,True,True,True,True,False,True,True,False,True,False,True,False,False,False,11,False,0.1168677972329688,0.28576184012685535,1.0,130627977.01394233,0.30223880597014924,1.0,3.0,,,,,,-0.0012694284516171928,-0.08685426148458798,0.2063734290165273,-1.7922519181143195,0.3116,-1.7922519181143195,0.34277776057837767,-591.0,0.408,0.648,0.288,0.38999999999999996,0.45599999999999996,聯傑
5895.0,6045.0,5725.0,5800.0,1598089.0,-0.020270270270270285,5961.0,0.2946428571428572,5543.0,0.44099378881987583,4767.833333333333,1.5498571737379994,4300.994156901042,0.08622378992749363,55.611390284757114,2237110.1,0.7143542018785753,0.04636478441277281,3443.TW,2026-09-03,0.028073512205332385,0.05935159050615657,bull,0.025186567164179104,0.027052238805970148,2026-03-31,2026-05-15,11447812000.0,3113307000.0,1824178000.0,1924721000.0,278481000.0,1646240000.0,12.28,31638843000.0,19973296000.0,35132291000.0,20548418000.0,14583873000.0,7671980000.0,,,,0.144686424681811,1560244207.1967833,15158995000.0,0.1029253065389086,0.1128808513348957,0.0468583161855285,1.4089822367487703,0.2719565101173918,0.1593473058432476,0.1438038989459295,0.6298963899650951,,,83.63888359987813,83.63888359987813,True,81.44448492127546,81.44448492127546,81.99308459092613,63.0,True,True,True,True,True,True,True,True,True,True,True,True,False,True,True,True,False,13,False,0.21648547558289932,0.3485254311944994,1.0,12975238580.0,0.014925373134328358,3.0,2.0,,,,,,0.08063353655516947,0.014428582772848338,0.3173639390729427,0.04304707427297488,0.89,0.04304707427297488,0.8378234662175895,-63.0,0.92,0.952,0.904,0.9176,0.9264000000000001,創意
94.3000030517578,95.5999984741211,87.0999984741211,87.80000305175781,6863685.0,-0.06695000557407949,89.82000122070312,0.13878086626977315,81.39499969482422,0.11139244369313683,77.41833305358887,0.5111876997873883,72.13083330790202,0.04728513141968416,64.1821962194542,4115012.85,1.6679619846144587,0.0786903787818416,3504.TW,2026-09-03,0.028073512205332385,0.05935159050615657,bull,0.08115671641791045,0.15298507462686567,2026-03-31,2026-05-15,684957000.0,124843000.0,-9502000.0,7393000.0,1414000.0,5979000.0,0.05,2230493000.0,1016643000.0,4251347000.0,1422483000.0,2828864000.0,1174939000.0,85127000.0,112000000.0,,0.1912620045989449,-7684628.432300826,3234704000.0,-0.002375682112583,0.0021135692631388,0.0014063777903803,0.5028460187552318,0.1822639961340638,-0.0138724036691354,0.0087290151060577,0.0537005671880119,,,23.10660181855068,23.10660181855068,False,86.19607975798603,86.19607975798603,70.4237102731272,800.0,True,True,True,True,True,True,True,True,True,True,True,True,True,True,False,False,False,14,False,0.1340983406473344,0.2172326178039483,1.0,361298140.78802264,0.19402985074626866,1.0,3.0,,,,,,0.010033086989157298,-0.066360129118402,0.2801274867938367,-1.7690713729951308,0.4784,-1.7690713729951308,0.4556058675516921,-800.0,0.216,0.664,0.464,0.2532,0.4,揚明光
391.0,402.0,376.0,381.0,5995917.0,-0.032994923857868064,389.4,0.20569620253164556,357.375,0.4111111111111112,374.0860107421875,2.0238095238095237,291.2221720377604,0.07303708151929136,57.352941176470594,9017583.7,0.6649139281069274,0.06610703043022026,3532.TW,2026-09-03,0.028073512205332385,0.05935159050615657,bull,0.0457089552238806,0.03171641791044776,2026-03-31,2026-05-15,3308768000.0,27622000.0,-105154000.0,-82202000.0,-13987000.0,-68215000.0,-0.18,9109304000.0,3626589000.0,51226148000.0,26972355000.0,24253793000.0,1958029000.0,0.0,20500000000.0,,0.1701540108513174,-87261625.14294055,47599559000.0,-0.0018332444034395,-0.0028125497731426,-0.0013316441439243,1.112088117516299,0.0083481223222661,-0.03178040890144,-0.0206164348784804,0.1086960163893446,,,17.44238091593533,17.44238091593533,False,74.2924525163414,74.2924525163414,60.07993461623988,897.0,True,False,True,True,True,False,True,True,True,True,True,True,False,True,False,False,False,11,False,0.01848235181020308,0.30827950816395555,1.0,3435699389.7,0.05317164179104478,2.0,3.0,,,,,,-0.18115311679696916,-0.28769805447688307,0.08840355734567977,-1.9907225985290402,0.029599999999999998,-1.9907225985290402,0.028080729774825276,-897.0,0.152,0.2,0.008,0.1304,0.1376,台勝科
48.650001525878906,48.650001525878906,43.900001525878906,44.900001525878906,4984886.0,-0.0947580059038593,49.93000030517578,0.22677604911996196,43.69249973297119,0.42582664883676613,34.852309989929196,-0.11128089767510463,37.785028807322185,0.10195461194236274,57.50000298023153,3958300.35,1.2593501147531667,0.027636363226810623,3543.TW,2026-09-03,0.028073512205332385,0.05935159050615657,bull,0.03824626865671642,0.029850746268656716,2026-03-31,2026-05-15,836726000.0,78715000.0,-50443000.0,-19959000.0,3504000.0,-16915000.0,-0.16,3789651000.0,1258588000.0,5554278000.0,1844510000.0,3709768000.0,1331306000.0,149106000.0,65113000.0,380511000.0,0.0,-50443000.0,4295690000.0,-0.0117427002414047,-0.0045595843190194,-0.0030454003202576,0.497203598715607,0.0940750018524582,-0.060286162973303,-0.0202156978509093,-0.0602944925557016,,,14.660362838801094,14.660362838801094,False,83.68173893123884,83.68173893123884,66.42639490812941,959.0,True,True,True,True,True,True,True,True,True,True,True,True,True,True,False,False,False,14,False,0.28829341696011124,0.18830137075819686,1.0,177727691.754887,0.2677238805970149,1.0,3.0,,,,,,-0.045485627854634655,-0.14367896578205852,0.19913411719402502,-2.1619463146739206,0.1732,-2.1619463146739206,0.19955640515569195,-959.0,0.096,0.464,0.136,0.10200000000000001,0.21439999999999998,州巧
5770.0,5820.0,5590.0,5615.0,896776.0,-0.005314437555358764,5809.0,0.26179775280898876,5213.0,0.4776315789473684,4088.1479614257814,0.7303543913713406,4075.6573140462237,0.09327321344308709,62.92517006802721,1444578.35,0.6207873736997374,0.07711490504507967,3653.TW,2026-09-03,0.028073512205332385,0.05935159050615657,bull,0.028917910447761194,0.02332089552238806,2026-03-31,2026-05-15,5305216000.0,2216652000.0,1696566000.0,1775586000.0,371056000.0,1398199000.0,9.53,20477674000.0,8468040000.0,30307238000.0,8909881000.0,21397357000.0,10253854000.0,,,,0.2089766420776014,1342023334.256972,21839198000.0,0.0614502114160498,0.0653444722168256,0.0461341610871963,0.4164010069094047,0.4178250235240186,0.3197920687866432,0.2635517573648274,0.116346562150301,,,88.8947474261209,88.8947474261209,False,87.83660453223388,87.83660453223388,88.10114025570563,39.0,True,True,True,True,True,True,True,True,True,True,True,True,False,True,True,False,False,13,False,0.3734825776809003,0.3776918831346865,1.0,8111307435.250001,0.026119402985074626,3.0,2.0,,,,,,-0.00455456330736191,-0.08393755017471713,0.24142470374003472,-1.7142868222597822,0.37760000000000005,-1.7142868222597822,0.38664263910373153,-39.0,0.968,0.992,0.368,0.878,0.8552,健策
55.5,56.5,54.0,56.09999847412109,369638.0,0.05253281945853461,55.62000045776367,0.15313456761721222,53.49500007629395,0.32840887699271093,48.345924949646,0.05462413751361783,47.256603972117105,0.03557083085332475,69.62023971746133,228172.35,1.6199947101390682,0.04869610980674688,4119.TW,2026-09-03,0.028073512205332385,0.05935159050615657,bull,0.07276119402985075,0.04757462686567164,2026-03-31,2026-05-15,375798000.0,82325000.0,33151000.0,28590000.0,8480000.0,20110000.0,0.17,1104577000.0,1053320000.0,6954821000.0,1544198000.0,5410623000.0,51949000.0,390000000.0,300399000.0,,0.2966072053165442,23318174.53655124,5901501000.0,0.0039512277531684,0.0037167623765322,0.0028915194222827,0.2854011451176694,0.2190671584202151,0.0882149452631466,0.0535127914464685,0.0430373141784996,,,33.11973270077256,33.11973270077256,False,80.9411409430201,80.9411409430201,68.98578888245821,624.0,True,True,True,True,True,True,True,True,True,True,True,True,True,True,False,False,False,14,False,0.16038732390684918,0.18713563308996695,1.0,12800468.486836623,0.5895522388059702,1.0,3.0,,,,,,0.018556593645594834,-0.025492486129519428,0.17878288188447394,-1.6225528180605386,0.4252,-1.6225528180605386,0.41191864880457185,-624.0,0.368,0.592,0.408,0.37399999999999994,0.4432,旭富
250.0,251.5,229.5,231.0,8999765.0,0.07192575406032486,227.2,0.05720823798626995,216.95,0.14925373134328357,210.0657475789388,0.9012345679012346,204.7328737894694,0.028686581318160185,55.61797752808988,3044773.75,2.955807471737432,0.06476146577552444,4576.TW,2026-09-03,0.028073512205332385,0.05935159050615657,bull,0.22014925373134328,0.11847014925373134,2026-03-31,2026-05-15,855045000.0,333579000.0,142385000.0,156336000.0,25448000.0,115509000.0,0.96,2993873000.0,1467204000.0,7172640000.0,2677573000.0,4495067000.0,739838000.0,80000000.0,1087969000.0,,0.1627776072049943,119207910.39811689,5705436000.0,0.0208937424586161,0.0256968361094506,0.0161041122933815,0.5956692080451749,0.3901303440169815,0.1665233993532504,0.135091135554269,0.454690065244945,,,70.19733381714003,70.19733381714003,False,74.85053250255443,74.85053250255443,73.68723283120083,161.0,True,False,True,True,True,True,True,True,True,True,True,True,True,True,True,False,False,13,False,0.09965571570964693,0.12829950424835812,1.0,703342736.25,0.14365671641791045,2.0,3.0,,,,,,-0.026136346587624183,-0.0948929010325114,0.22731753481661557,-1.7857817335031039,0.2952,-1.7857817335031039,0.35288855948535264,-161.0,0.816,0.744,0.312,0.7403999999999998,0.6936,大銀微系統
57.400001525878906,57.70000076293945,56.79999923706055,57.70000076293945,62010.0,0.0017361508935334058,57.6,0.06851853264702701,57.0,0.05291973661046456,56.78833344777425,-0.04470199825711285,59.180833435058595,0.01225359547834467,60.0,50786.45,1.2209949701150602,0.012280715139288745,4737.TW,2026-09-03,0.028073512205332385,0.05935159050615657,bull,0.18936567164179105,0.24347014925373134,2026-03-31,2026-05-15,405264000.0,122255000.0,-88509000.0,-100891000.0,-21625000.0,-79924000.0,-1.09,1492041000.0,1758421000.0,5654786000.0,3442043000.0,2212743000.0,387476000.0,517663000.0,1666248000.0,,0.2143402285634992,-69537960.71007325,3896365000.0,-0.0178468805438076,-0.0361198747437004,-0.0141338681958963,1.555554802342613,0.3016675549765091,-0.2183983773540211,-0.1972146551383789,-0.1582270724761705,,,15.873895957923814,15.873895957923814,False,74.98618268752476,74.98618268752476,60.20811100512452,932.0,True,False,True,True,True,True,True,True,True,False,True,True,True,True,False,False,False,12,False,0.016053778299439436,-0.025022166572630566,0.0,2930378.203746986,0.7882462686567164,1.0,3.0,,,,,,-0.029085909142475372,-0.059132200828458985,0.13157706200104516,-1.8392165966189373,0.21600000000000003,-1.8392165966189373,0.2051988354796209,-932.0,0.128,0.208,0.144,0.1304,0.1552,華廣
103.0,105.5,101.0,101.5,969880.0,0.03360492010500882,100.15999908447266,0.1166116424222865,93.56000022888183,0.09139784946236551,88.79666684468587,0.170311142404308,90.81861203511556,0.03455520094476084,72.97298504774903,676033.8,1.4346619947109152,0.08486532440887173,4912.TW,2026-09-03,0.028073512205332385,0.05935159050615657,bull,0.10727611940298508,0.18003731343283583,2026-03-31,2026-05-15,1740520000.0,347686000.0,96486000.0,119505000.0,29737000.0,88059000.0,1.35,5718665000.0,3540355000.0,8497344000.0,4357124000.0,4140220000.0,1833571000.0,1475118000.0,85900000.0,,0.2488347767875821,72476927.72687335,4956989000.0,0.0146211596852188,0.0212691596098758,0.010363120523307,1.052389486549024,0.1997598418863328,0.0554351573093098,0.0505935007928665,0.1385875004742698,,,39.66467030210741,39.66467030210741,False,77.97507723875314,77.97507723875314,68.39747550459171,514.0,True,True,True,True,True,True,True,False,True,True,True,True,True,True,False,False,False,13,False,0.14306092341882048,0.1176123233501345,1.0,68617430.7,0.37593283582089554,2.0,3.0,,,,,,0.048051333061396494,0.011705956499123277,0.23484250060183298,-1.6414564511977796,0.63,-1.6414564511977796,0.6084022773245067,-514.0,0.512,0.536,0.656,0.5336,0.548,聯德控股-KY
41.5,42.0,37.70000076293945,37.70000076293945,12411163.0,-0.05749998092651365,38.98000030517578,0.014804824077259138,37.93250007629395,0.11538466313344431,37.03916670481364,0.30000002630825695,33.61458339691162,0.011533335367838618,49.70060345296252,4464494.65,2.779970404937096,-0.006129290526247111,4976.TW,2026-09-03,0.028073512205332385,0.05935159050615657,bull,0.38619402985074625,0.1501865671641791,2026-03-31,2026-05-15,255023000.0,-36041000.0,-86075000.0,-69043000.0,-1135000.0,,-0.49,1541919000.0,276027000.0,2513042000.0,337040000.0,2176002000.0,819216000.0,,57046000.0,,0.0164390307489535,-84660010.42828383,2237015000.0,-0.0378450794600321,,,0.1548895635206217,-0.1413245079855542,-0.337518576755822,,0.009124831333072,,,25.456241566653603,25.456241566653603,False,59.65951492537313,59.65951492537313,51.10869658569325,755.0,True,False,True,True,False,True,True,False,False,True,True,True,True,True,False,False,False,10,False,0.01784149366513499,0.1215370518738359,1.0,168311451.7111391,0.27425373134328357,1.0,3.0,,,,,,-0.032488446655292824,-0.08578392096102602,0.10881279607082027,-2.1345263050928005,0.1144,-2.1345263050928005,0.12276948367441258,-755.0,0.256,0.024,0.08,0.2296,0.1512,佳凌
1470.0,1495.0,1430.0,1440.0,531734.0,-0.017064846416382284,1449.0,0.02127659574468077,1425.5,0.08679245283018866,1427.0403971354167,0.17551020408163276,1371.4785319010416,0.014410247286959615,58.10810810810811,512223.05,1.038090730200447,0.010171869519466803,5269.TW,2026-09-03,0.028073512205332385,0.05935159050615657,bull,0.34654850746268656,0.1865671641791045,2026-03-31,2026-05-15,3497963000.0,1778068000.0,807599000.0,1936464000.0,82474000.0,1853990000.0,24.85,10669746000.0,3568387000.0,41500017000.0,4404988000.0,37095029000.0,5726443000.0,,,,0.0425899990911269,773203359.324005,37931630000.0,0.020384132169485,0.0499794729908419,0.0446744395309524,0.1187487412396954,0.508315268057438,0.2308769418087041,0.5300199001533178,0.3940900795771613,,,87.63352452318074,87.63352452318074,False,57.89123100338788,57.89123100338788,65.3268043833361,47.0,True,False,True,True,True,False,True,True,False,True,True,True,True,True,True,False,False,11,False,0.009081454800156985,0.04996175040667894,1.0,737601192.0,0.13619402985074627,3.0,2.0,,,,,,0.049388483467293125,-0.030990494473831197,0.29225308433231373,-0.062378066667215994,0.7468,-0.062378066667215994,0.7037212138272745,-47.0,0.952,0.432,0.8,0.9291999999999999,0.7656,祥碩
89.69999694824219,90.3000030517578,84.19999694824219,86.30000305175781,4510776.0,0.027380988711402487,84.36000061035156,0.10783056946524416,80.14500007629394,0.035421220438035306,85.65378074645996,0.8284868080049199,74.35436048507691,0.030075184910223512,63.722402715005096,1167801.35,3.8626226969167314,0.07679834012857478,5285.TW,2026-09-03,0.028073512205332385,0.05935159050615657,bull,0.11940298507462686,0.2891791044776119,2026-03-31,2026-05-15,1357374000.0,253577000.0,134024000.0,129371000.0,27307000.0,102064000.0,1.0,3890434000.0,1502170000.0,5486212000.0,2514807000.0,2971405000.0,1258334000.0,380000000.0,805975000.0,,0.2110751250280202,105734867.44324462,3984042000.0,0.0265395965813725,0.0343487340163996,0.0186037287658588,0.8463359925691718,0.1868143930854724,0.0987377097248068,0.0751922462048042,0.0164466220511887,,,49.817373099182696,49.817373099182696,False,67.56340260764091,67.56340260764091,63.12689523052636,372.0,True,False,True,True,True,False,True,True,True,False,True,True,False,True,False,False,False,10,False,0.007544585885948418,0.16065826521470017,1.0,100781260.0688469,0.32742537313432835,1.0,3.0,,,,,,0.03454330439622262,-0.010669173678496346,0.27739881918308334,-1.1371206946898866,0.6943999999999999,-1.1371206946898866,0.7935335589557468,-372.0,0.608,0.32,0.848,0.6439999999999999,0.5696,界霖
93.1999969482422,94.5,93.1999969482422,94.5,130781.0,-0.0021119002606886372,93.93999938964843,0.013948531054992941,95.15499916076661,0.12680912971368952,90.66895179748535,0.10354471852415514,87.09957383473714,0.009548565147880541,52.63157894736841,150969.25,0.8662757482070024,-0.006883497099926084,5306.TW,2026-09-03,0.028073512205332385,0.05935159050615657,bull,0.3908582089552239,0.14365671641791045,2026-03-31,2026-05-15,1341388000.0,561120000.0,294671000.0,324498000.0,98836000.0,225673000.0,1.79,6076821000.0,3279027000.0,14278795000.0,5015002000.0,9263793000.0,2533303000.0,1157914000.0,920000000.0,0.0,0.304581230084623,204919744.34973404,10999768000.0,0.0186294605804171,0.0243607559020371,0.0158047650379461,0.5413551447015278,0.4183129713401342,0.219676186159411,0.1682384216945432,0.052471848048508,,,64.26179889626455,64.26179889626455,False,60.38459020686042,60.38459020686042,61.35389237921146,219.0,True,False,True,True,False,True,True,True,False,True,True,True,True,True,True,False,False,11,False,0.04225314318259166,0.08496512485014485,1.0,14266594.125,0.5792910447761194,1.0,3.0,,,,,,0.05910096341661091,0.041355061014120176,0.2024552609553849,-1.2816562630196704,0.7183999999999999,-1.2816562630196704,0.5992675532405036,-219.0,0.736,0.256,0.64,0.7215999999999999,0.5728,桂盟
536.0,544.0,527.0,527.0,706813.0,-0.011257035647279534,529.2,0.035363457760314354,525.5,0.17241379310344818,518.523604329427,0.5897435897435896,459.68263549804686,0.010576923076923078,51.829268292682926,766386.05,0.9222675699799076,0.0028544243577546258,5434.TW,2026-09-03,0.028073512205332385,0.05935159050615657,bull,0.28638059701492535,0.09514925373134328,2026-03-31,2026-05-15,18536692000.0,2517460000.0,1430469000.0,1720554000.0,385901000.0,1322921000.0,6.86,26594173000.0,20377745000.0,43809103000.0,24343457000.0,19465646000.0,6619207000.0,553886000.0,2499050000.0,0.0,0.2242888046524549,1109630817.8976076,23431358000.0,0.0473566584530699,0.0679618338893042,0.0301973998417634,1.25058562145844,0.1358095608428947,0.07716959422965,0.0713676960268854,0.1762262681445767,,,65.82773904429318,65.82773904429318,False,64.26771944274822,64.26771944274822,64.65772434313446,203.0,True,False,True,True,True,True,True,True,True,True,True,True,True,True,True,False,False,13,False,0.016347174168734213,0.14644313120293884,1.0,403885448.35,0.1837686567164179,3.0,3.0,,,,,,0.053491744982225635,0.022021777195784756,0.24691170071354343,0.2757671885848546,0.7936000000000001,0.2757671885848546,0.7770973890520909,-203.0,0.752,0.352,0.84,0.7652,0.6496,崇越
61.5,61.70000076293945,59.79999923706055,59.900001525878906,1945609.0,-0.0260162353515625,61.040000915527344,0.10110293834060946,58.28000011444092,0.236326121416655,58.29258969624836,0.4468598869117373,51.864628092447916,0.03068352702813695,55.30303730890386,3217320.7,0.604729581356313,0.027796866991367297,5471.TW,2026-09-03,0.028073512205332385,0.05935159050615657,bull,0.1287313432835821,0.07182835820895522,2026-03-31,2026-05-15,762695000.0,324634000.0,69170000.0,100354000.0,20035000.0,80319000.0,0.48,2907264000.0,471709000.0,4129482000.0,577986000.0,3551496000.0,1448788000.0,,,,0.1996432628495127,55360675.5086992,3657773000.0,0.0151350768647204,0.0226155400428439,0.019450139266862,0.1627443758911737,0.4256406558322789,0.0906915608467342,0.1053094618425451,0.2391711942393677,,,64.00671286733612,64.00671286733612,False,65.32879778322022,65.32879778322022,64.9982765542492,224.0,True,False,True,True,True,False,True,True,True,True,True,True,False,True,True,False,False,11,False,0.027574891388536082,0.15492974169424412,1.0,192717514.8392418,0.2574626865671642,1.0,3.0,,,,,,0.022968538388840994,-0.04560156194710536,0.22968347191080338,-1.857836428411792,0.4408,-1.857836428411792,0.4445849876600563,-224.0,0.728,0.408,0.448,0.686,0.576,松翰
54.400001525878906,57.400001525878906,54.400001525878906,57.20000076293945,2404701.0,0.09369027910820105,53.51999969482422,0.17093147491584637,52.929999923706056,0.06915889276522336,50.991630744934085,0.16142133528811065,49.7566486676534,0.026222673895658823,68.58974750852501,1338955.2,1.7959532925373456,0.08067260240673013,5607.TW,2026-09-03,0.028073512205332385,0.05935159050615657,bull,0.06063432835820896,0.21082089552238806,2026-03-31,2026-05-15,1214027000.0,623213000.0,537027000.0,447750000.0,84390000.0,363360000.0,0.98,1402675000.0,2902177000.0,27156231000.0,15739732000.0,11416499000.0,684986000.0,1050000000.0,8303128000.0,,0.1884757118927973,435810453.86934674,24254054000.0,0.017968561209163,0.031827620709291,0.0133803545860248,1.378682904452582,0.5133436076792361,0.4423517763608223,0.2993014158663687,0.3566927382792288,,,69.90798459707267,69.90798459707267,False,79.56716773669368,79.56716773669368,77.15237195178842,165.0,True,True,True,True,True,True,True,True,True,True,True,True,True,True,True,False,False,14,False,0.12175272544352111,0.14959512536713393,1.0,76588238.46154174,0.3619402985074627,1.0,3.0,,,,,,0.0806869279205629,0.010378339802456636,0.3840678026654849,-0.9469418591116292,0.8695999999999999,-0.9469418591116292,0.858899285237572,-165.0,0.808,0.856,0.944,0.8284,0.8496,遠雄港
17.299999237060547,17.75,17.149999618530273,17.450000762939453,13196949.0,0.032544447149343236,16.860000610351562,0.3169811896558077,16.090000104904174,0.17905409040896836,14.799166742960612,0.054380759357591124,15.183333404858907,0.0602965506071205,67.72486473470806,16311680.85,0.809048995094825,0.08452458975564303,5608.TW,2026-09-03,0.028073512205332385,0.05935159050615657,bull,0.021455223880597014,0.0914179104477612,2026-03-31,2026-05-15,768625000.0,88536000.0,9188000.0,-74001000.0,-7798000.0,-41753000.0,-0.11,2021604000.0,3457460000.0,17703610000.0,7965748000.0,9737862000.0,1521109000.0,643510000.0,3211737000.0,579455000.0,0.1053769543654815,8219796.543289956,14246150000.0,0.0005769837144274,-0.0042876968270858,-0.002358445537379,0.8180181645622007,0.1151875101642543,0.0119538136282322,-0.0543216783216783,-0.0190303955402176,,,15.2626130103749,15.2626130103749,False,81.64253940790492,81.64253940790492,65.04755780852241,950.0,True,True,True,True,True,True,True,True,True,True,True,True,True,True,False,False,False,14,False,0.1791204914452187,0.14928654318788626,1.0,284638843.27732486,0.22294776119402984,0.0,3.0,,,,,,-0.012125499464393383,-0.04276454875222248,0.20237048877100308,-1.907556771570388,0.31920000000000004,-1.907556771570388,0.3268763903334201,-950.0,0.12,0.416,0.264,0.1416,0.2376,四維航
45.150001525878906,46.0,45.09999847412109,45.95000076293945,13150944.0,0.06736356741633509,44.37000045776367,0.057537398299250864,43.472500038146975,0.09274676805324789,43.253461583455405,0.16329115855542908,41.476314036051434,-4.3874830758244505e-09,75.00001324547529,7573047.55,1.7365458110717924,0.05699006780420901,5876.TW,2026-09-03,0.028073512205332385,0.05935159050615657,bull,0.21735074626865672,0.17350746268656717,2026-03-31,2026-05-15,,,,,1276742000.0,5109024000.0,,,,2488960189000.0,2207968500000.0,280991689000.0,30954201000.0,,,,,,2488960189000.0,,0.0181821178348089,0.0020526740534378,7.857771551385635,,,,,,,9.85663137943466,9.85663137943466,False,62.75308160286194,62.75308160286194,49.52896904700512,1034.0,True,False,True,True,True,True,False,False,True,True,True,True,True,True,False,False,False,11,False,0.062342736991840786,0.10786124155100829,1.0,347981540.70027673,0.19962686567164178,1.0,3.0,,,,,,0.021569249778603646,-0.12908355641561403,0.18703257295018938,-1.3322858628919927,0.39440000000000003,-1.3322858628919927,0.3150903948430809,-1034.0,0.04,0.016,0.248,0.0712,0.07440000000000001,上海商銀
63.09999847412109,63.5,62.900001525878906,63.0,166175.0,0.016129032258064502,62.84000015258789,0.062394617378461525,61.91499996185303,0.03960398657276909,61.187639999389646,0.125,58.951320012410484,0.01675014497431396,64.93507329922565,299640.25,0.5545817025583178,0.01752402549972487,6024.TW,2026-09-03,0.028073512205332385,0.05935159050615657,bull,0.2042910447761194,0.27705223880597013,2026-03-31,2026-05-15,,,-200365000.0,528439000.0,90392000.0,441039000.0,1.76,83604913000.0,73607565000.0,84532833000.0,73635548000.0,10897285000.0,7933176000.0,,,,0.1710547480409281,-166091615.40877944,10925268000.0,-0.0152025209275213,0.040472374540998,0.0052173692084825,6.757237972577573,,,,,,,16.995424717797373,16.995424717797373,False,69.03299447907129,69.03299447907129,56.023602038752806,912.0,True,False,True,True,True,True,True,True,True,False,True,True,False,True,False,False,False,11,False,0.029619707519826344,0.06867836015779094,1.0,18877335.75,0.542910447761194,1.0,3.0,,,,,,0.04094962230301397,-0.02790283559240932,0.23210239432493748,-1.180221681497559,0.6112,-1.180221681497559,0.6035364623777919,-912.0,0.136,0.104,0.648,0.2128,0.22880000000000003,群益期
23.950000762939453,24.75,23.700000762939453,23.75,1535534.0,0.023706862886795133,23.31999969482422,0.11764705882352944,22.554999923706056,0.04395604395604402,22.583333237965903,-0.014522837175506398,22.789166625340783,0.0294386117120495,69.0908687371428,688504.15,2.2302465424500344,0.05298160409382047,6133.TW,2026-09-03,0.028073512205332385,0.05935159050615657,bull,0.1044776119402985,0.2658582089552239,2026-03-31,2026-05-15,324191000.0,77708000.0,27678000.0,22995000.0,8071000.0,14924000.0,0.13,1167334000.0,805832000.0,2434869000.0,834956000.0,1599913000.0,389506000.0,523000000.0,0.0,,0.3509893455098934,17963316.894977167,1629037000.0,0.0110269545105342,0.009328007210392,0.006129282519922,0.521875877000812,0.2396982026027866,0.0853755964847882,0.0460345907196683,0.0760312529042366,,,38.81172473878017,38.81172473878017,False,60.6444959400146,60.6444959400146,55.186303139706,538.0,True,False,True,True,True,False,True,True,True,False,True,True,True,True,False,False,False,11,False,0.051660521046235974,0.042161847796171825,1.0,16351973.5625,0.5615671641791045,0.0,3.0,,,,,,0.026918001738929265,-0.01154939711456109,0.17422788044796236,-1.9397867827530724,0.4116,-1.9397867827530724,0.529206320273677,-538.0,0.488,0.08,0.544,0.4964,0.3768,金橋
55.0,56.20000076293945,51.5,51.70000076293945,4470612.0,-0.058287808269568586,56.32000045776367,0.5029069322582984,45.21750030517578,0.5907692542442908,39.46666669845581,1.5850000381469727,34.97000001271566,0.14984106462927463,75.61349630436601,4113785.65,1.086739169309903,0.14336264530354104,6141.TW,2026-09-03,0.028073512205332385,0.05935159050615657,bull,0.0065298507462686565,0.014925373134328358,2026-03-31,2026-05-15,492434000.0,34293000.0,-63612000.0,-77804000.0,15064000.0,-65599000.0,-0.58,1350221000.0,3615846000.0,5252579000.0,4716598000.0,535981000.0,92109000.0,1308939000.0,1003547000.0,,0.0,-63612000.0,1636733000.0,-0.0388652272545369,-0.1223905325002192,-0.0124889125894156,8.799935072325326,0.0696397892915598,-0.129178732581422,-0.1332137910867243,0.0266912966607733,,,4.52468916645619,4.52468916645619,False,85.1537965601696,85.1537965601696,64.99651971174124,1063.0,True,True,True,True,True,True,True,False,True,True,True,False,True,True,False,False,False,12,False,0.3099662344923162,0.47841008705005716,1.0,212682721.24356937,0.2453358208955224,1.0,3.0,,,,,,-0.09693146501582747,-0.21843384461486381,0.18774426863087879,-0.5833708845398778,0.2952,-0.5833708845398778,0.5136227451537652,-1063.0,0.008,0.4,0.536,0.0872,0.23120000000000002,柏承
28.049999237060547,29.649999618530277,27.5,27.600000381469727,8391128.0,-0.06913994143120894,28.100000381469727,0.11740888781191905,26.29500017166138,0.15723270188765137,26.80500001907349,0.23214289515602382,26.53500000635783,0.04200515286461982,68.09816927244103,3521879.75,2.382570841608093,0.04962921472861481,6168.TW,2026-09-03,0.028073512205332385,0.05935159050615657,bull,0.10541044776119403,0.10914179104477612,2026-03-31,2026-05-15,502953000.0,119301000.0,-11310000.0,9301000.0,2206000.0,4900000.0,0.02,2152808000.0,496712000.0,3778323000.0,554367000.0,3223956000.0,336677000.0,16668000.0,,,0.2371787979787119,-8627507.794860767,3281611000.0,-0.0026290464637218,0.0015198718592933,0.001296871654435,0.1719524087797724,0.2372010903603318,-0.0224871906520092,0.0097424610251852,0.0779543101840838,,,27.13023348806351,27.13023348806351,False,65.35805493793931,65.35805493793931,55.80109957547037,729.0,True,False,True,True,True,False,True,True,True,True,True,True,True,True,False,False,False,12,False,0.02965865927366318,0.040135683996861626,1.0,97203882.4434905,0.33115671641791045,0.0,3.0,,,,,,0.003409740205496875,-0.06376527514288262,0.17530521306741242,-1.8791851321271507,0.2952,-1.8791851321271507,0.30525675920693807,-729.0,0.272,0.096,0.224,0.26480000000000004,0.2096,宏齊
550.0,552.0,509.0,512.0,12921588.0,-0.09058614564831258,545.6,0.3653333333333333,502.2,1.0326809501343512,382.6963223775228,2.7549159401593575,307.4726771036784,0.12930065212502811,55.614035087719294,17151244.25,0.753390705167061,0.01951413779370781,6213.TW,2026-09-03,0.028073512205332385,0.05935159050615657,bull,0.016791044776119403,0.0065298507462686565,2026-03-31,2026-05-15,9143071000.0,1044251000.0,424199000.0,483404000.0,168881000.0,314523000.0,0.87,27657471000.0,15422932000.0,39926715000.0,18831086000.0,21095629000.0,3563235000.0,3355253000.0,1984813000.0,,0.3493578869847994,276001733.69893503,24503783000.0,0.0112636376880637,0.0149093918934581,0.0078775075785723,0.8926534496790781,0.11421228162835,0.0463956804010381,0.0344001484840268,0.206199391931416,,,35.19697595463791,35.19697595463791,False,79.97479507944568,79.97479507944568,68.78034029824374,596.0,True,True,True,True,True,True,True,True,True,True,True,True,False,True,False,False,False,13,False,0.3378754120739147,0.6651886106528937,1.0,8781437056.0,0.024253731343283583,3.0,3.0,,,,,,-0.19703138190843836,-0.2444945568412491,0.14507954895615402,-1.5843832776140432,0.1356,-1.5843832776140432,0.08099686406460585,-596.0,0.4,0.576,0.048,0.3472,0.3824,聯茂
260.5,274.0,249.0,265.5,3540760.0,0.025019590461274444,263.1057373046875,0.4197860962566844,241.9068962097168,0.2764423076923077,202.0106320699056,0.869718309859155,210.13864936828614,0.10912809849246406,66.21988614553521,2286452.45,1.5485823901564189,0.0975296866685007,6426.TW,2026-09-03,0.028073512205332385,0.05935159050615657,bull,0.010261194029850746,0.058768656716417914,2026-03-31,2026-05-15,154269000.0,60877000.0,19307000.0,27476000.0,-977000.0,28453000.0,0.74,831225000.0,83262000.0,1018747000.0,85873000.0,932874000.0,275168000.0,7500000.0,,,0.0,19307000.0,935485000.0,0.020638492332854,0.0305003676809515,0.0279294073994819,0.0920520884921222,0.3946158982037869,0.1251515210444094,0.1844375733297033,0.5607004835805192,,,75.05902824356723,75.05902824356723,False,90.12206807316679,90.12206807316679,86.3563081157669,120.0,True,True,True,True,True,True,True,True,True,True,True,False,True,True,True,False,False,13,False,0.3142872594355528,0.26345153924868114,1.0,607053125.475,0.15578358208955223,2.0,3.0,,,,,,0.012946914065840644,-0.09438549917240437,0.24685122983946928,-1.6167536054252285,0.4404,-1.6167536054252285,0.3847551624722776,-120.0,0.856,0.984,0.36,0.7816,0.7951999999999999,統新
19.299999237060547,20.0,19.25,19.799999237060547,84000.0,-0.02463054279761645,19.75,0.053191491520313106,19.61000003814697,0.13793101558314835,18.61083345413208,-0.16101699504178268,19.696250025431315,0.02228594070874634,57.94391890302033,104485.15,0.8039419955850186,0.009688893347474359,6431.TW,2026-09-03,0.028073512205332385,0.05935159050615657,bull,0.22761194029850745,0.1259328358208955,2026-03-31,2026-05-15,85846000.0,19557000.0,-32996000.0,-38222000.0,0.0,-38722000.0,-0.4,453102000.0,370475000.0,1190820000.0,633837000.0,556983000.0,188041000.0,205018000.0,5667000.0,,-0.0,-32996000.0,820345000.0,-0.0402221016767335,-0.0695209728124556,-0.0325170890646781,1.1379826673345506,0.2278149243995061,-0.3843626959904946,-0.4510635323719218,-0.2172834778485918,,,15.06887924885221,15.06887924885221,False,72.43508301116785,72.43508301116785,58.093532070588935,951.0,True,False,True,True,True,True,True,True,True,True,True,True,True,True,False,False,False,13,False,0.06389642816692032,0.005267460125418566,1.0,2068805.8902841567,0.8264925373134329,0.0,3.0,,,,,,-0.0019622425242496406,-0.07250178507636286,0.16462655103345872,-1.74961363030181,0.29,-1.74961363030181,0.3165680660898052,-951.0,0.112,0.16,0.256,0.1336,0.1552,光麗-KY
162.0,164.0,154.0,154.0,966453.0,0.03703703703703698,153.8,0.04761904761904767,147.525,0.06914547020637984,148.7503354390462,0.05469762940955469,158.3493261973063,0.02040463427286887,62.66666666666667,409434.0,2.36046102668562,0.043890865954922864,6438.TW,2026-09-03,0.028073512205332385,0.05935159050615657,bull,0.24300373134328357,0.21175373134328357,2026-03-31,2026-05-15,1744783000.0,460838000.0,193997000.0,184067000.0,41884000.0,144835000.0,1.76,6414724000.0,3600710000.0,10415508000.0,4638877000.0,5776631000.0,1850590000.0,412580000.0,851792000.0,,0.2275475777841764,149853452.55260313,6814798000.0,0.0219894195767215,0.0250725725773378,0.0139057067595742,0.8030419460754893,0.2641233895561797,0.1111868925820574,0.0830103227736629,0.1220382865212614,,,52.44239867927419,52.44239867927419,False,64.22176508717779,64.22176508717779,61.276923485201884,332.0,True,False,True,True,True,False,True,True,True,True,True,True,True,True,False,False,False,12,False,0.03529178300982694,-0.027466654274783342,0.0,63052836.0,0.3843283582089552,2.0,3.0,,,,,,0.020542880112134263,-0.03548943633606761,0.1918446267202806,-1.7590097949061576,0.41879999999999995,-1.7590097949061576,0.2780567923339067,-332.0,0.656,0.248,0.208,0.5888,0.44399999999999995,迅得
396.0,396.0,380.0,380.5,582420.0,0.014666666666666606,389.5,0.031179639050604058,376.675,0.16717791411042948,352.64065704345705,0.36870503597122295,323.52866185506184,0.02609820807087244,56.284153005464475,444803.75,1.30938644289757,0.010154642596402752,6491.TW,2026-09-03,0.028073512205332385,0.05935159050615657,bull,0.3003731343283582,0.10074626865671642,2026-03-31,2026-05-15,1885667000.0,1005547000.0,542809000.0,566411000.0,88526000.0,472275000.0,6.06,6983966000.0,4705377000.0,16639674000.0,5326767000.0,11312907000.0,1204500000.0,831456000.0,457203000.0,,0.1562928686060122,457971824.2848391,11934297000.0,0.0383744282788369,0.0417465643446021,0.0283824671084301,0.4708574904752598,0.5332579930602805,0.2878604758952667,0.2504551439888379,0.1833499738625503,,,86.74813401220891,86.74813401220891,False,71.65475983364962,71.65475983364962,75.42810337828945,52.0,True,False,True,True,True,True,True,True,True,True,True,True,True,True,True,False,False,13,False,0.07900207307380835,0.1760936351613287,1.0,169247826.875,0.271455223880597,2.0,2.0,,,,,,0.04860245266545537,0.0016754159648989333,0.3246300392180948,-1.170559359508437,0.7727999999999999,-1.170559359508437,0.7473530127514855,-52.0,0.936,0.808,0.824,0.9192,0.8752,晶碩
78.0999984741211,79.9000015258789,76.0999984741211,76.5,27507472.0,0.052269645271968423,75.35999908447266,0.14008944470400042,72.24499969482422,0.5340909638564817,67.15951824188232,0.35127175364531116,59.85753688812256,0.025115290328125754,59.58904199068743,23116551.85,1.189947020580407,0.05889681394075241,6505.TW,2026-09-03,0.028073512205332385,0.05935159050615657,bull,0.08022388059701492,0.017723880597014924,2026-03-31,2026-05-15,161989437000.0,27190906000.0,24513957000.0,25616191000.0,5209581000.0,20407731000.0,2.14,296450387000.0,65693610000.0,463713281000.0,83114597000.0,380598684000.0,63985692000.0,123643000.0,1500200000.0,8100000000.0,0.2033706338307674,19528538027.20982,398019671000.0,0.0490642534780895,0.0536200776774099,0.0440093735421824,0.2183785716925915,0.1678560436011639,0.1513305895371437,0.1259818626321912,-0.0650893152444253,,,66.8716639923295,66.8716639923295,False,87.07341511227186,87.07341511227186,82.02297733228627,193.0,True,True,True,True,True,True,True,True,True,True,True,True,True,True,True,False,False,14,False,0.13907904646481994,0.27803454630923485,1.0,1768416216.525,0.07929104477611941,1.0,3.0,,,,,,0.0348993550043786,-0.020002705666652507,0.189300504474093,-1.476424239999663,0.526,-1.476424239999663,0.49295104260926503,-193.0,0.768,0.96,0.504,0.7284,0.7727999999999999,台塑化
967.0,995.0,907.0,912.0,8076796.0,-0.005452562704471142,929.8,0.01333333333333342,896.05,0.02713440707322934,895.7099334716797,0.7292997301580026,840.9574900309245,0.039923402773748014,47.382198952879584,3327540.8,2.427256789758972,0.01780034596283686,6531.TW,2026-09-03,0.028073512205332385,0.05935159050615657,bull,0.3927238805970149,0.3180970149253731,2026-03-31,2026-05-15,2099951000.0,969865000.0,588249000.0,825691000.0,165725000.0,676217000.0,4.15,13696423000.0,3453169000.0,15567366000.0,3557927000.0,12009439000.0,8765915000.0,50000000.0,,,0.2007106774810431,470181144.6824538,12114197000.0,0.0388124070198341,0.0563071264194772,0.0434381127802866,0.2962608827939423,0.4618512527197063,0.280125107681084,0.3220156089356371,1.1538842619184375,,,95.34498936770456,95.34498936770456,False,56.74922037252496,56.74922037252496,66.39816262131986,16.0,True,False,True,True,True,True,True,False,False,False,True,True,True,True,True,False,False,10,False,0.018186765513676484,0.08447812262955523,1.0,3034717209.6,0.055970149253731345,3.0,1.0,,,,,,-0.07103164629716907,-0.15056722438577416,0.13981885480532805,-1.1521266286451621,0.23360000000000003,-1.1521266286451621,0.19110773473794412,-16.0,0.984,0.456,0.128,0.8555999999999999,0.6544,愛普*
264.0,273.5,263.5,264.0,1819969.0,-0.016759776536312887,263.3,0.1330472103004292,254.55,0.32330827067669166,224.24166666666667,0.375,219.3375,0.03580874872838255,66.66666666666666,1927086.25,0.9444149165612074,0.03712433706540952,6533.TW,2026-09-03,0.028073512205332385,0.05935159050615657,bull,0.08955223880597014,0.049440298507462684,2026-03-31,2026-05-15,326356000.0,325982000.0,-202956000.0,-191919000.0,-25688000.0,-166231000.0,-3.28,1735463000.0,291379000.0,6111740000.0,1760341000.0,4351399000.0,1046856000.0,,,1419903000.0,0.1338481338481338,-175790718.14671814,5820361000.0,-0.0302027173480679,-0.0382017369586195,-0.0271986373765899,0.4045459862448835,0.9988540121830148,-0.621885303165868,-0.5093548149873145,0.2031025355560307,,,38.84336576062605,38.84336576062605,False,77.87482383228884,77.87482383228884,68.11695931437315,537.0,True,True,True,True,True,True,True,True,True,True,True,True,True,True,False,False,False,14,False,0.1773012746664684,0.2036245512053343,1.0,508750770.0,0.16791044776119404,2.0,3.0,,,,,,-0.0895984652913458,-0.12932463800485466,0.12386790474573824,-2.063273454999863,0.0836,-2.063273454999863,0.0773483913009018,-537.0,0.496,0.528,0.04,0.4276,0.4144,晶心科
44.0,44.75,41.34999847412109,42.59999847412109,2897281.0,-0.0081490636228434,43.60999908447265,0.21022720314747168,38.3,0.14670246902804784,38.03250007629394,0.2419824904279455,37.19458332061767,0.05691617242936835,71.20742361276125,1968976.3,1.4714656545129567,0.11227150062979341,6668.TW,2026-09-03,0.028073512205332385,0.05935159050615657,bull,0.04291044776119403,0.12126865671641791,2026-03-31,2026-05-15,266191000.0,30013000.0,-64011000.0,-65550000.0,476000.0,-66026000.0,-0.62,1253334000.0,833718000.0,3689403000.0,1550388000.0,2139015000.0,347154000.0,202579000.0,608736000.0,,0.0,-64011000.0,2855685000.0,-0.022415287400396,-0.0308674787226831,-0.0178961203208215,0.7248139914867358,0.1127498675762892,-0.240470188699092,-0.2480399412451961,0.2035801162927393,,,23.40057097773575,23.40057097773575,False,83.96580898934448,83.96580898934448,68.82449948644229,795.0,True,True,True,True,True,True,True,True,True,True,True,True,True,True,False,False,False,14,False,0.12009461351908635,0.1453280201288636,1.0,83878387.37558058,0.35261194029850745,1.0,3.0,,,,,,-0.015389629911497645,-0.09746174153402193,0.21870650890163315,-1.8993851143134675,0.2696,-1.8993851143134675,0.33683405420876805,-795.0,0.224,0.584,0.28,0.2324,0.3432,中揚光
281.5,281.5,274.0,275.0,252035.0,-0.009009009009009028,278.2,0.0436432637571158,269.125,0.034586761739532124,264.215244547526,0.05520344505563668,257.11857045491536,0.018448438978240302,60.8,223414.35,1.1281056924051656,0.021830004644681766,6670.TW,2026-09-03,0.028073512205332385,0.05935159050615657,bull,0.26026119402985076,0.292910447761194,2026-03-31,2026-05-15,8468855000.0,2032739000.0,1265065000.0,1332547000.0,298511000.0,970370000.0,6.96,20003146000.0,8031634000.0,30684051000.0,10347885000.0,20336166000.0,9145558000.0,1517321000.0,68804000.0,1552151000.0,0.2240153630603648,981671004.7300396,22652417000.0,0.0433362587634705,0.047716467302637,0.0316245726485072,0.5088414895905158,0.2400252454434513,0.149378516930565,0.1145810147888941,-0.0012569118061379,,,69.78295043229787,69.78295043229787,False,72.5338952532856,72.5338952532856,71.84615904803867,168.0,True,False,True,True,True,True,True,True,True,False,True,True,True,True,True,False,False,12,False,0.040818066614373816,0.06954546112109816,1.0,61438946.25,0.3880597014925373,2.0,3.0,,,,,,0.07083125722327198,0.04197009259714221,0.27109303541310337,-0.3778640338083973,0.8744,-0.3778640338083973,0.8820549570468967,-168.0,0.8,0.696,0.976,0.8264,0.804,復盛應用
316.0,318.5,291.0,293.0,39185704.0,-0.16879432624113477,319.2,0.3564814814814814,281.35,1.3047297071439057,207.84842529296876,1.3227354308501966,170.19928309122722,0.11846551381435107,54.778554778554785,38132381.55,1.0276227816670422,0.041407499555713434,8039.TW,2026-09-03,0.028073512205332385,0.05935159050615657,bull,0.017723880597014924,0.0037313432835820895,2026-03-31,2026-05-15,2415476000.0,532169000.0,146484000.0,219817000.0,44902000.0,171370000.0,0.65,10090538000.0,4116000000.0,15838059000.0,5212295000.0,10625764000.0,3401205000.0,544660000.0,425464000.0,0.0,0.2042699154296528,116561725.70820272,11722059000.0,0.0099437927848855,0.0161277814941118,0.0108201390081953,0.4905336689201831,0.2203164096848819,0.060643947611154,0.0709466788326607,0.0846351629146733,,,39.59205928302138,39.59205928302138,False,81.14309789748457,81.14309789748457,70.75533824386878,515.0,True,True,True,True,True,True,True,True,True,True,True,True,True,True,False,False,False,14,False,0.40968111539458363,0.7215113640810773,1.0,11172787794.15,0.016791044776119403,2.0,3.0,,,,,,-0.009576322050278115,-0.07814006881495342,0.26137047814011116,-2.0103370835988543,0.34199999999999997,-2.0103370835988543,0.26047698067499203,-515.0,0.504,0.672,0.192,0.4572,0.492,台虹
40.34999847412109,41.20000076293945,40.34999847412109,41.150001525878906,18261.0,0.0160494203920718,40.810000610351565,0.02618461575342579,40.55000038146973,0.02618461575342579,40.445000076293944,-0.04218548679034795,41.36278403600057,0.002286352686903581,62.162192813516825,20924.75,0.8726985985495646,0.014796575555233726,8367.TW,2026-09-03,0.028073512205332385,0.05935159050615657,bull,0.31902985074626866,0.3199626865671642,2026-03-31,2026-05-15,784501000.0,218877000.0,123485000.0,109778000.0,20598000.0,61935000.0,0.67,2198186000.0,3003495000.0,17907361000.0,13295617000.0,4611744000.0,671347000.0,940000000.0,5822262000.0,,0.1876332234145275,100315111.40665708,14903866000.0,0.0067308114154177,0.0134298434605216,0.0034586335753213,2.882991120062172,0.2790015564033697,0.1574057904323895,0.0789482741258456,-0.0020734457743047,,,28.77689489924214,28.77689489924214,False,67.37175992801694,67.37175992801694,57.72304367082324,698.0,True,False,True,True,True,True,True,True,False,False,True,True,True,True,False,False,False,11,False,0.01743111505142969,-0.005144298554383253,0.0,861053.4944286346,0.9207089552238806,1.0,3.0,,,,,,0.029295500811973078,-0.003740796844513079,0.12045469557373713,-0.9542492898034367,0.5096,-0.9542492898034367,0.6779642795824262,-698.0,0.296,0.152,0.752,0.3644,0.344,建新國際
21.350000381469727,21.549999237060547,21.350000381469727,21.450000762939453,75287.0,0.0,21.45,0.023866347579542868,21.427500057220463,0.0437956963159305,20.906752745310467,-0.00923782259190653,20.989209667841596,0.008115734737744981,52.38100428153858,148702.25,0.5062936169425816,0.001050085435020609,9905.TW,2026-09-03,0.028073512205332385,0.05935159050615657,bull,0.332089552238806,0.2667910447761194,2026-03-31,2026-05-15,2262403000.0,227921000.0,110504000.0,146083000.0,37653000.0,108152000.0,0.35,9976288000.0,2845823000.0,12068826000.0,3342134000.0,8726692000.0,759126000.0,0.0,,,0.2577507307489577,82021513.24931718,9223003000.0,0.0088931461097125,0.0123932413336004,0.0089612693065588,0.3829783381835866,0.1007428826782849,0.0488436410312397,0.0478040384493832,0.1512060067798128,,,34.794291678762654,34.794291678762654,False,58.8783825236163,58.8783825236163,52.85735981240289,599.0,True,False,True,True,True,True,True,True,False,False,True,True,False,True,False,False,False,10,False,0.02598433263390665,0.02195371347420738,1.0,3189663.3759508133,0.7751865671641791,0.0,3.0,,,,,,0.02877483866424399,0.015804365839857056,0.1738558728448091,-1.7586625643035958,0.4904,-1.7586625643035958,0.5835315394367732,-599.0,0.392,0.048,0.6,0.4232,0.3304,大華
229.5,232.0,218.0,219.0,416873.0,0.0,226.8,0.2997032640949555,206.075,0.08148148148148149,194.29927190144858,0.20994475138121538,209.57046928405762,0.08489076072650698,63.829787234042556,329723.45,1.2643110461206202,0.0627198835375471,5292.TW,2026-09-03,0.028073512205332385,0.05935159050615657,bull,0.024253731343283583,0.19309701492537312,2026-03-31,2026-05-15,623564000.0,173960000.0,125946000.0,143885000.0,35083000.0,108802000.0,2.58,3846525000.0,2436152000.0,4308984000.0,2501925000.0,1807059000.0,1386930000.0,35446000.0,,,0.2438266671299996,95237006.58164506,1872832000.0,0.0508518684973585,0.0602094342243391,0.0252500357392833,1.3845286733858717,0.2789769775035121,0.2019776638805319,0.1744840946558813,-0.1342587321906073,,,67.1995898886902,67.1995898886902,False,83.73000366120954,83.73000366120954,79.5974002180797,189.0,True,True,True,True,True,True,True,True,True,True,True,True,True,True,True,False,False,14,False,0.12712722933454934,0.04499455838485211,1.0,72209435.55,0.36847014925373134,2.0,3.0,,,,,,0.08614480890599081,0.03744103716309607,0.29486833262528933,0.44985123144818506,0.9228,0.44985123144818506,0.6838156620309288,-189.0,0.784,0.912,0.776,0.7827999999999999,0.8208,華懋
240.0,240.0,232.0,235.0,540394.0,-0.03490759753593431,243.9,0.14077669902912615,220.9,0.20822622107969146,202.4124974568685,0.23359580052493434,203.32291539510092,0.060235181185505214,67.56756756756758,674600.85,0.801057395643661,0.06382978723404253,6782.TW,2026-09-03,0.028073512205332385,0.05935159050615657,bull,0.07929104477611941,0.07742537313432836,2026-03-31,2026-05-15,1228595000.0,562960000.0,345415000.0,320529000.0,79940000.0,240471000.0,3.82,2257209000.0,1785112000.0,6287420000.0,2055065000.0,4232355000.0,548061000.0,34008000.0,243227000.0,,0.2494002102773852,259268426.36703697,4502308000.0,0.0575856708086245,0.0568173038414783,0.0382463713255993,0.4855606394076111,0.4582144644899255,0.2811463500990969,0.1957284540471026,0.2971931691721623,,,94.77818654579036,94.77818654579036,False,78.70748596723112,78.70748596723112,82.72516111187093,18.0,True,True,True,True,True,True,True,True,True,True,True,True,True,True,True,False,False,14,False,0.1609955064660742,0.15579692305387005,1.0,158531199.75,0.28451492537313433,2.0,1.0,,,,,,-0.007358288682664253,-0.07040936345848546,0.17397379314390818,-1.9703854159705312,0.2452,-1.9703854159705312,0.2652388051797129,-18.0,0.976,0.976,0.2,0.8596,0.8208,視陽
217.5,217.5,208.5,209.5,197675.0,-0.009456264775413725,212.0,0.06075949367088618,204.825,0.10263157894736841,197.37369384765626,0.19714285714285706,194.22018025716145,0.028625235404896365,64.19753086419753,264477.8,0.7474162292638551,0.022824362260466247,4771.TW,2026-09-03,0.028073512205332385,0.05935159050615657,bull,0.2080223880597015,0.16044776119402984,2026-03-31,2026-05-15,1030727000.0,422528000.0,298124000.0,310643000.0,69136000.0,214777000.0,3.66,2662213000.0,1036935000.0,7439213000.0,2725761000.0,4713452000.0,939697000.0,0.0,1180020000.0,,0.2225577270371455,231774200.18477803,6402278000.0,0.0362018331888709,0.0455668159981262,0.0288709302986754,0.5782939976900158,0.4099320188565934,0.2892366261871475,0.208374283394148,0.2716625438753415,,,87.83714193650803,87.83714193650803,False,73.0973524453998,73.0973524453998,76.78229981817687,44.0,True,False,True,True,True,True,True,True,True,True,True,True,False,True,True,False,False,12,False,0.061438309817029024,0.07867266791023964,1.0,55408099.099999994,0.40205223880597013,2.0,2.0,,,,,,0.035040143842912194,-0.005800191966176403,0.25230069601109256,-1.4553392688054936,0.6432000000000001,-1.4553392688054936,0.6285775384356221,-44.0,0.96,0.832,0.688,0.9191999999999999,0.8672,望隼
62.0,63.0,61.79999923706055,62.0,562005.0,0.028192384485050237,61.74000015258789,0.018062371864697946,60.325,0.029900319173561618,60.196666781107574,-0.08823529411764708,64.08166659673056,0.0031595570255675645,67.39130705200634,169551.3,3.314660518674879,0.0277662660588478,2254.TW,2026-09-03,0.028073512205332385,0.05935159050615657,bull,0.3694029850746269,0.3050373134328358,2026-03-31,2026-05-15,30398000.0,-22248000.0,-62098000.0,-66601000.0,0.0,-66601000.0,-1.04,245505000.0,730335000.0,2231787000.0,1197039000.0,1034748000.0,124701000.0,488500000.0,436385000.0,,-0.0,-62098000.0,1501452000.0,-0.0413586315113636,-0.0643644636181949,-0.0298420055318899,1.1568410859455636,-0.7318902559378907,,,-0.8335851618271799,,,11.377524160829854,11.377524160829854,False,61.504380836837235,61.504380836837235,48.97266666783539,1014.0,True,False,True,True,True,True,True,True,False,False,True,True,False,True,False,False,False,10,False,0.029957360022106583,-0.032484588920425495,0.0,10512180.6,0.6100746268656716,1.0,3.0,,,,,,0.05140765492355264,-0.007959498411463385,0.2520502270928991,-1.872438337556437,0.6,-1.872438337556437,0.8429768406876587,-1014.0,0.056,0.008,0.92,0.18560000000000001,0.21440000000000003,巨鎧精密-創
78.4000015258789,78.4000015258789,77.0999984741211,77.0999984741211,18409.0,-0.011538481101011633,77.21999816894531,0.08438818746506538,74.76500015258789,0.05471956338571027,73.43499997456868,-0.030547350993790467,74.57607828776041,0.020821949855408965,65.9793660369404,33774.0,0.5450642506069758,0.031231168551698163,6918.TW,2026-09-03,0.028073512205332385,0.05935159050615657,bull,0.15205223880597016,0.23694029850746268,2026-03-31,2026-05-15,219385000.0,145307000.0,52877000.0,58755000.0,11065000.0,47501000.0,1.39,1203027000.0,380831000.0,1686462000.0,542764000.0,1143698000.0,607226000.0,,157857000.0,,0.1883243979235809,42918970.81099481,1305631000.0,0.0328722057081938,0.0415328172297232,0.0281660660008941,0.474569335611324,0.6623378991271053,0.2410237709961939,0.2165189051211341,0.1171055110572492,,,82.25632418471866,82.25632418471866,False,71.58489382250873,71.58489382250873,74.25275141306122,74.0,True,False,True,True,True,True,True,True,True,False,True,True,False,True,True,False,False,11,False,0.049908061562220274,0.03384356276582201,1.0,2603975.348464966,0.8031716417910447,1.0,2.0,,,,,,0.06322607705204404,0.058636089792639755,0.21745316096431277,-1.201189019165152,0.76,-1.201189019165152,0.793898561875823,-74.0,0.896,0.768,0.856,0.8899999999999999,0.8496,愛派司
180.0,182.5,172.5,172.5,336362.0,0.023738872403560762,171.0,0.05978114902806797,164.86104049682618,0.08832807570977907,166.31655400594076,0.22775800711743766,167.27494366963705,0.01750584413311054,64.36781609195403,97382.0,3.4540469491281756,0.04633574724600198,4569.TW,2026-09-03,0.028073512205332385,0.05935159050615657,bull,0.21082089552238806,0.18470149253731344,2026-03-31,2026-05-15,499360000.0,140363000.0,83034000.0,97767000.0,0.0,97775000.0,3.22,1983309000.0,282050000.0,3633624000.0,903370000.0,2730254000.0,909890000.0,,,478335000.0,0.0,83034000.0,3351574000.0,0.0247746282791309,0.0358116863852227,0.0269083977868926,0.3308739772929551,0.281085789810958,0.1662808394745274,0.1958006247997436,0.0656468870972559,,,67.09571560472591,67.09571560472591,False,64.17713021144678,64.17713021144678,64.90677655976657,190.0,True,False,True,True,True,False,True,True,True,True,True,True,False,True,True,False,False,11,False,0.037178776526588964,0.031236335913418456,1.0,16798395.0,0.5559701492537313,2.0,3.0,,,,,,0.055412735217033535,0.02284957724142197,0.23656531318502116,-1.2215078440172498,0.7272000000000001,-1.2215078440172498,0.49387829267514183,-190.0,0.776,0.392,0.512,0.7363999999999999,0.6080000000000001,六方科-KY
173.0,188.0,173.0,188.0,343073.0,0.07311769947661784,176.4,0.17500000000000004,166.30916290283204,0.02732240437158473,170.73638763427735,0.29655172413793096,175.776527150472,0.03163591887809765,62.9402091884647,113199.85,3.0306842279384645,0.13042478669585433,7730.TW,2026-09-03,0.028073512205332385,0.05935159050615657,bull,0.05690298507462686,0.31529850746268656,2026-03-31,2026-05-15,92232000.0,42288000.0,11150000.0,17155000.0,3459000.0,13696000.0,0.37,978312000.0,200035000.0,1268177000.0,298788000.0,969389000.0,478754000.0,,93079000.0,,0.2016321772078111,8901801.224132907,1068142000.0,0.0083339118058581,0.014128487119206,0.0107997542929733,0.3082230147030758,0.458495966692688,0.1208907971203053,0.1484950993147714,0.1094778121278463,,,54.6585584523846,54.6585584523846,False,73.25465977401103,73.25465977401103,68.60563444360443,308.0,True,False,True,True,True,False,True,True,True,False,True,True,False,True,False,False,False,10,False,0.10111267202573027,0.06953984725767293,1.0,21281571.8,0.5223880597014925,2.0,3.0,,,,,,-0.044330191662216335,-0.10739989987306221,0.1645989054133602,-1.95072845989701,0.15800000000000003,-1.95072845989701,0.163737898318393,-308.0,0.68,0.56,0.12,0.5960000000000001,0.532,暉盛-創
330.0,332.0,297.5,315.0,3663393.0,0.057046979865771785,319.0,0.4449541284403671,276.1,0.21856866537717612,252.78529001871746,1.0860927152317883,212.65097834269207,0.1177006375872888,66.31944444444444,2358383.9,1.5533488843779846,0.1408909815284316,7788.TW,2026-09-03,0.028073512205332385,0.05935159050615657,bull,0.008395522388059701,0.07462686567164178,2026-03-31,2026-05-15,1857129000.0,500235000.0,178905000.0,229341000.0,52857000.0,177273000.0,2.22,6568822000.0,3373457000.0,11007682000.0,5034895000.0,5972787000.0,2088365000.0,643000000.0,1079805000.0,,0.2304733998718066,137672156.39593443,7634225000.0,0.0180335471375201,0.0296801141577625,0.0161044804891711,0.842972468296626,0.2693593175272153,0.0963341803396533,0.0954554045518647,0.1444346257089825,,,52.52291879760674,52.52291879760674,False,91.58320956255655,91.58320956255655,81.8181368713191,330.0,True,True,True,True,True,True,True,True,True,True,True,False,True,True,False,False,False,13,False,0.24611681311312017,0.4813004974393773,1.0,742890928.5,0.13526119402985073,2.0,3.0,,,,,,0.010684056659701431,-0.08319808959012732,0.33490657060158935,-1.5777924974070086,0.526,-1.5777924974070086,0.5444489495222677,-330.0,0.664,0.944,0.568,0.6496,0.7288,松川精密
