Open,High,Low,Close,Volume,ret5,ma5,ret20,ma20,ret60,ma60,ret120,ma120,ma20_slope,rsi14,volume_ma20,volume_ratio,ma20_deviation,symbol,date,benchmark_ret20,benchmark_ret60,market_regime,rs20_rank_pct,rs60_rank_pct,period_date,as_of_date,revenue,gross_profit,operating_income,pretax_income,tax_expense,net_income_parent,eps,current_assets,current_liabilities,assets,liabilities,equity,cash,short_borrowings,long_borrowings,bonds_payable,tax_rate,nopat,invested_capital_proxy,roic_proxy,roe,roa,debt_to_equity,gross_margin,operating_margin,net_margin,revenue_growth,pe,pb,eva_like_score,fundamental_score,fundamental_pass,technical_score,score,final_score,fundamental_rank,pass_market,pass_score,pass_rs20,pass_rs60,pass_close_ma20,pass_ma20_ma60,pass_ma20_slope,pass_rsi,pass_ret20_benchmark,pass_ret60_benchmark,pass_ret5_cap,pass_ret20_cap,pass_volume_ratio,pass_ma20_deviation,pass_fundamental_score,pass_fundamental_filter,pass_fundamental_universe,entry_pass_count,entry_all_pass,close_ma60_ratio,close_ma120_ratio,above_ma120,turnover20,liquidity_rank,price_bucket,eva_rank_bucket,forward_60d_return,forward_60d_max_drawdown,reward_60,fwd60_rank_label,top_quantile_60,reg_forward60,reg_reward60,cls_topq60,rank_forward60,ensemble_score,ranker_score,stable_ensemble_score,fundamental_rank_score,fundamental_score_rank,final_score_rank,stable_ml_rank,fund_ml_85_15,fund_final_ml,name
24.75,24.950000762939453,24.549999237060547,24.850000381469727,35298815.0,0.0247422837719475,24.4,0.044117696557492,24.29749975204468,0.0507399907947236,23.97277889251709,-0.0569259953808142,24.17222275733948,0.0051711695994544,66.66666666666663,28105290.55,1.255949122361946,0.0227389910510671,1101.TW,2026-08-21,0.0290069288707848,0.041293547521183,neutral,0.2646784715750233,0.3429636533084809,2026-03-31,2026-05-15,33168148000.0,6208390000.0,2792191000.0,2132735000.0,927996000.0,718189000.0,0.1,184722314000.0,82516661000.0,597615286000.0,292869670000.0,304745616000.0,97044326000.0,5704442000.0,70674580000.0,98473452000.0,0.4,1675314600.0,515098625000.0,0.0032524152049522,0.0023566836150975,0.0012017580822054,0.961029969336786,0.1871792781435972,0.0841829034289162,0.021652972604922,-0.0511527050022949,,,23.33964555046912,23.33964555046912,False,66.21708349767951,66.21708349767951,55.49772401087692,798.0,True,False,True,True,True,True,True,True,True,True,True,True,True,True,False,False,False,13,False,0.036592398940719,0.0280395241651683,1.0,698416480.8888175,0.1388630009319664,0.0,3.0,,,,,,-0.000365204966841,-0.0552933406241912,0.1298871983503176,-1.8085060902606145,0.2162280701754385,-1.8085060902606145,0.2609048785954496,-798.0,0.2105263157894736,0.1842105263157894,0.1666666666666666,0.2039473684210526,0.193859649122807,台泥
34.70000076293945,35.04999923706055,34.599998474121094,34.95000076293945,16315440.0,0.0448430483045581,34.08000030517578,0.0671755958149451,33.09500007629394,0.0787036764496378,33.90638656616211,-0.021008402912377,34.36277669270833,0.009686520394417,70.27025912433845,12266814.65,1.3300469979792189,0.0560507835736265,1102.TW,2026-08-21,0.0290069288707848,0.041293547521183,neutral,0.1938490214352283,0.2684063373718546,2026-03-31,2026-05-15,14829491000.0,1928135000.0,1184173000.0,2141327000.0,350025000.0,1887022000.0,0.56,94593171000.0,73132379000.0,329731256000.0,128784897000.0,200946359000.0,15235953000.0,28787827000.0,4255757000.0,36700000000.0,0.1634617225673612,990606041.60224,256598877000.0,0.0038605236826591,0.0093906752498063,0.0057229090832687,0.6408919158371016,0.1300203088561839,0.0798525721482955,0.1272479277946896,-0.1063722306154607,,,24.23843577719405,24.23843577719405,False,59.89566120360916,59.89566120360916,50.98135484700538,775.0,True,False,True,True,True,False,True,True,True,True,True,True,True,True,False,False,False,12,False,0.0307792809104243,0.0170889586567004,1.0,428725181.3763369,0.1817334575955265,1.0,3.0,,,,,,0.0093592533286942,-0.0182852311320084,0.1293796394849859,-1.9935595034891145,0.2421052631578946,-1.9935595034891145,0.3030118353570755,-775.0,0.2456140350877192,0.0789473684210526,0.219298245614035,0.2416666666666666,0.1903508771929824,亞泥
156.5,158.5,156.0,158.0,255195.0,0.0360655737704918,155.7,0.0259740259740259,154.725,0.125007347263564,149.13761367797852,0.0845659055204131,145.69511884053549,-0.0011297611362169,62.85714285714286,244534.6,1.0435946487736296,0.0211665858781708,1232.TW,2026-08-21,0.0290069288707848,0.041293547521183,neutral,0.3327120223671947,0.1947809878844361,2026-03-31,2026-05-15,5894059000.0,806895000.0,480031000.0,487266000.0,97456000.0,372297000.0,2.33,7651568000.0,2814803000.0,10506118000.0,3994796000.0,6511322000.0,3420506000.0,220000000.0,,,0.2000057463479906,384022041.5748277,7691315000.0,0.0499293087820259,0.0571768682304453,0.0354362096447041,0.6135153506461515,0.1368997154592446,0.0814431955974651,0.0631647901726128,0.0920647302197261,,,64.65049610002629,64.65049610002629,False,60.21279346467567,60.21279346467567,61.32221912351333,214.0,True,False,True,True,True,True,False,True,False,True,True,True,True,True,True,False,False,11,False,0.0594242197086334,0.0844563720280313,1.0,38636466.8,0.4622553588070829,2.0,3.0,,,,,,0.0405789801176473,-0.0004850244618732,0.1941650600648639,-1.5130994694113165,0.4763157894736842,-1.5130994694113165,0.4232084731058415,-214.0,0.7631578947368421,0.4473684210526316,0.3245614035087719,0.6973684210526315,0.5807017543859649,大統益
25.39999961853028,25.64999961853028,25.39999961853028,25.549999237060547,54363.0,0.0059054968812219,25.479999542236328,0.0849256927725334,24.882499980926514,0.0514403308331627,24.731058216094976,-0.0692168114051245,25.378862460454304,0.0193568186006201,66.66666666666671,107288.3,0.5067001714073203,0.0268260527135817,1236.TW,2026-08-21,0.0290069288707848,0.041293547521183,neutral,0.1602982292637465,0.3383038210624418,2026-03-31,2026-05-15,545487000.0,153231000.0,25153000.0,27178000.0,7201000.0,19977000.0,0.23,655326000.0,634194000.0,3381286000.0,926736000.0,2454550000.0,37670000.0,70000000.0,268492000.0,,0.2649569504746486,18488537.824711163,2747092000.0,0.0067302215669191,0.0081387627059949,0.0059081071521308,0.3775584119288668,0.2809067860462302,0.0461110897234947,0.0366223209719021,0.0572006674767866,,,35.61630643064442,35.61630643064442,False,67.67266569202869,67.67266569202869,59.65857587668262,592.0,True,False,True,True,True,True,True,True,True,True,True,True,False,True,False,False,False,12,False,0.0331138689582075,0.0067432800375868,1.0,2741215.983145524,0.8145386766076421,0.0,3.0,,,,,,0.0362861387206452,0.0118896067275279,0.1486178828238551,-1.8738013268251736,0.3710526315789473,-1.8738013268251736,0.5774272783851627,-592.0,0.3859649122807017,0.3421052631578947,0.6052631578947368,0.418859649122807,0.4166666666666666,宏亞
188.5,193.5,185.0,192.0,54196688.0,-0.0746987951807228,193.2,0.0816901408450703,179.125,1.1215469613259668,163.24184697469076,1.1452513966480449,123.90592346191406,0.000418877408545,67.30769230769232,90404642.15,0.5994901004096281,0.0718771807397069,1303.TW,2026-08-21,0.0290069288707848,0.041293547521183,neutral,0.1658900279589934,0.0037278657968313,2026-03-31,2026-05-15,68596393000.0,8188671000.0,3741833000.0,16080166000.0,1405348000.0,14254717000.0,1.8,193418745000.0,131197270000.0,647743623000.0,247168932000.0,400574691000.0,42831248000.0,24400300000.0,40333444000.0,51357530000.0,0.0873963614554725,3414810410.6259847,516546353000.0,0.0066108499088096,0.0355856655956329,0.0220067268805825,0.6170358176722652,0.1193746586646327,0.054548538725644,0.207805634911445,0.046448302712712,,,40.56631725411971,40.56631725411971,False,78.91132056940464,78.91132056940464,69.3250697405834,498.0,True,True,True,True,True,True,True,True,True,True,True,True,False,True,False,False,False,13,False,0.1761690005245282,0.5495627217452324,1.0,17357691292.800003,0.0083876980428704,2.0,3.0,,,,,,-0.0496501137879144,-0.1113893068488231,0.1474490410596394,-1.709217701989916,0.1517543859649122,-1.709217701989916,0.142371589885992,-498.0,0.5087719298245614,0.7543859649122807,0.0701754385964912,0.4429824561403508,0.4947368421052631,南亞
20.299999237060547,20.549999237060547,20.100000381469727,20.5,432333.0,0.0512820512820513,20.25999984741211,0.1549295774647887,19.39499979019165,0.4385964912280702,18.33416655858358,0.0368840949453956,17.749813675880432,0.0278219347014592,67.0212847984682,366843.1,1.1785229162004138,0.0569734581986005,1414.TW,2026-08-21,0.0290069288707848,0.041293547521183,neutral,0.0745573159366262,0.0298229263746505,2026-03-31,2026-05-15,113452000.0,12596000.0,-7033000.0,11377000.0,382000.0,10995000.0,0.06,876335000.0,611698000.0,4159720000.0,1289474000.0,2870246000.0,113194000.0,505000000.0,,,0.033576514019513,-6796856.376900765,3548022000.0,-0.0019156748117403,0.0038306821087809,0.0026432067543007,0.4492555690348492,0.1110249268413073,-0.0619909741564714,0.0969132320276416,-0.1489036091252128,,,15.88871955373819,15.88871955373819,False,81.562870071346,81.562870071346,65.14433244194404,933.0,True,True,True,True,True,True,True,True,True,True,True,True,True,True,False,False,False,14,False,0.118131000637301,0.1549417010420055,1.0,7520283.55,0.6784715750232991,0.0,3.0,,,,,,0.0157255174218069,-0.0091719518346614,0.2522825092514557,-1.6639181248307406,0.4561403508771929,-1.6639181248307406,0.4348733706002937,-933.0,0.0964912280701754,0.631578947368421,0.3508771929824561,0.1346491228070175,0.3078947368421052,東和
29.350000381469727,29.64999961853028,29.299999237060547,29.64999961853028,44245.0,0.0385289110635711,29.249999618530275,0.1273764440551423,28.227164840698244,0.1627450830796186,26.029888343811034,0.0085034014708771,26.519944143295287,0.0271084860590565,66.05963840779847,52064.0,0.8498194529809465,0.05040657770137,1439.TW,2026-08-21,0.0290069288707848,0.041293547521183,neutral,0.097856477166822,0.1491146318732525,2026-03-31,2026-05-15,75912000.0,22864000.0,4904000.0,59736000.0,1630000.0,54161000.0,0.59,3556714000.0,2128037000.0,6084300000.0,2619482000.0,3464818000.0,685342000.0,1313697000.0,338000000.0,,0.0272867282710593,4770185.884558725,3956263000.0,0.0012057302268728,0.0156317012899378,0.0089017635553802,0.7560229714807531,0.3011908525661292,0.0646011170829381,0.7134708609969438,-0.4434481696811513,,,31.08546525604612,31.08546525604612,False,76.91516757683544,76.91516757683544,65.4577419966381,657.0,True,True,True,True,True,True,True,True,True,True,True,True,True,True,False,False,False,14,False,0.1390751749259797,0.1180264731449791,1.0,1543697.5801391604,0.8872320596458527,0.0,3.0,,,,,,0.0392082979400257,0.012041962687406,0.1439246952300602,-1.4730087858316274,0.4464912280701755,-1.4730087858316274,0.44471857994151,-657.0,0.3508771929824561,0.6491228070175439,0.3771929824561403,0.3548245614035087,0.4456140350877193,雋揚
30.25,30.549999237060547,30.14999961853028,30.549999237060547,293475.0,0.0251677858792449,30.06999969482422,0.0200333375237686,29.77249984741211,0.1956947220862319,28.595833269755044,0.0626086691151495,27.7691666285197,0.002947613434436,70.58820889485516,349677.3,0.8392738104532379,0.0261146827989997,1442.TW,2026-08-21,0.0290069288707848,0.041293547521183,neutral,0.3681267474370923,0.124883504193849,2026-03-31,2026-05-15,302076000.0,150633000.0,104031000.0,105298000.0,19596000.0,85702000.0,0.23,13238665000.0,2535144000.0,14537328000.0,6447947000.0,8089381000.0,457751000.0,970000000.0,3173770000.0,,0.186100400767346,84670789.20777223,12002184000.0,0.0070546151606884,0.01059438293239,0.0058953062075781,0.7970878117868351,0.4986592777976403,0.3443868430461208,0.2837100597200704,-0.7804954613231485,,,47.44569679476102,47.44569679476102,False,63.01033353862432,63.01033353862432,59.11917435265849,396.0,True,False,True,True,True,True,True,True,False,True,True,True,True,True,False,False,False,12,False,0.0683374374466074,0.1001410177604991,1.0,10682641.24821739,0.6374650512581547,1.0,3.0,,,,,,0.077873004073041,0.061208594117989,0.2959610799951053,-1.4479179985699695,0.8039473684210526,-1.4479179985699695,0.7419084831208564,-396.0,0.5964912280701754,0.3157894736842105,0.8157894736842105,0.6293859649122806,0.5561403508771929,名軒
73.0999984741211,73.30000305175781,72.0,72.0999984741211,7694628.0,0.0212464593827128,71.98000030517578,0.0891238942275445,67.52500038146972,0.046063452365785,69.31679649353028,-0.0786844565107608,67.16692225138347,0.0187071003742349,77.868858097515,9308235.15,0.826647358602667,0.0677526555617293,1504.TW,2026-08-21,0.0290069288707848,0.041293547521183,neutral,0.1491146318732525,0.3578751164958061,2026-03-31,2026-05-15,14235194000.0,3341581000.0,1178530000.0,1581890000.0,343200000.0,1188154000.0,0.51,62376471000.0,29514331000.0,143191254000.0,52445953000.0,90745301000.0,27625447000.0,3014665000.0,7416112000.0,6000000000.0,0.2169556669553508,922841237.8231103,113676923000.0,0.0081181053591951,0.0130932840258031,0.0082976715882382,0.5779467633260702,0.2347408121027363,0.0827898797866752,0.0834659506572232,0.0453859488824619,,,37.679082544571614,37.679082544571614,False,57.22573776155138,57.22573776155138,52.33907395730644,562.0,True,False,True,True,True,False,True,False,True,True,True,True,True,True,False,False,False,11,False,0.040151912976108,0.0734450240890116,1.0,671123740.1117604,0.1407269338303821,1.0,3.0,,,,,,-0.0071900962947571,-0.0601438289980417,0.163687185586561,-2.0400912873010304,0.2039473684210526,-2.0400912873010304,0.5153975557392175,-562.0,0.4298245614035088,0.1140350877192982,0.4912280701754385,0.4390350877192982,0.3473684210526315,東元
104.5,104.5,98.1999969482422,100.0,184730.0,0.0351967037224101,100.25999908447264,0.107419674644777,94.65999946594238,0.0964912647612474,91.94886728922526,0.0298661335885788,92.1852668126424,0.0292465140409351,73.6559338260447,128871.8,1.4334400543796235,0.0564124293702208,1558.TW,2026-08-21,0.0290069288707848,0.041293547521183,neutral,0.1239515377446412,0.2339235787511649,2026-03-31,2026-05-15,1926175000.0,466203000.0,115500000.0,190949000.0,37396000.0,79533000.0,1.23,7337752000.0,2436771000.0,13553818000.0,4826378000.0,8727440000.0,2321376000.0,528924000.0,448585000.0,1225737000.0,0.1958428690383296,92880148.62607291,11117047000.0,0.0083547500182443,0.0091129815845196,0.0058679406791503,0.5530118797723044,0.2420356405830207,0.0599633989642685,0.0412906407777071,-0.0577927547617254,,,30.82891502090822,30.82891502090822,False,73.74640063289691,73.74640063289691,63.01702922989974,664.0,True,False,True,True,True,True,True,False,True,True,True,True,True,True,False,False,False,12,False,0.0875609776186789,0.084772040669365,1.0,12887180.0,0.6113699906803355,1.0,3.0,,,,,,0.0410311330318884,0.0115615042740831,0.2355545666738815,-1.5174584304571137,0.5478070175438597,-1.5174584304571137,0.5963298898052645,-664.0,0.3421052631578947,0.5350877192982456,0.6228070175438597,0.3842105263157895,0.456140350877193,伸興
17.0,17.350000381469727,16.850000381469727,17.0,12774764.0,0.0478458363660239,16.85081787109375,0.1409396265257669,15.485177707672118,0.8143009826713201,16.014392566680907,0.7293998099636554,12.839529625574748,0.0265300117115017,70.96547259582519,19874868.65,0.642759669256984,0.0978240173231828,1714.TW,2026-08-21,0.0290069288707848,0.041293547521183,neutral,0.0876048462255358,0.0065237651444548,2026-03-31,2026-05-15,7139550000.0,802314000.0,490214000.0,535557000.0,131252000.0,223134000.0,0.23,17219321000.0,4978429000.0,25588223000.0,7499378000.0,18088845000.0,5982998000.0,888587000.0,1280870000.0,,0.2450756875551995,370074466.90081537,20609794000.0,0.01795624288631,0.0123354476197899,0.0087201835000421,0.414585784775092,0.1123759900834086,0.0686617503904307,0.0312532302456037,0.3342708703208805,,,45.10051143692903,45.10051143692903,False,70.36076192822112,70.36076192822112,64.0456993053981,430.0,True,False,True,True,True,False,True,True,True,True,True,True,False,True,False,False,False,11,False,0.0615451025828928,0.3240360430446074,1.0,337872767.04999995,0.2106244175209692,0.0,3.0,,,,,,-0.0083576848189005,-0.0803324765772415,0.2759718729834187,-1.88162822289252,0.3486842105263157,-1.88162822289252,0.3353691237724639,-430.0,0.5701754385964912,0.5877192982456141,0.2543859649122807,0.5228070175438596,0.512280701754386,和桐
20.850000381469727,21.299999237060547,20.850000381469727,21.200000762939453,213202.0,0.0119331737897714,20.84000015258789,0.0316302457426214,20.775000095367435,0.0543077919933208,20.61612478892009,0.0138489378759378,20.56974156697591,0.0027754350786053,69.44451508716598,171697.95,1.2417271143889603,0.0204573124245996,1731.TW,2026-08-21,0.0290069288707848,0.041293547521183,neutral,0.3112767940354147,0.3299161230195713,2026-03-31,2026-05-15,452346000.0,281778000.0,74754000.0,73741000.0,15989000.0,57752000.0,0.43,1235092000.0,449159000.0,3311758000.0,1089875000.0,2221883000.0,84880000.0,,634464000.0,,0.2168264601781912,58545354.79583949,2862599000.0,0.0204518183636057,0.0259923677349347,0.017438472255521,0.4905186276685136,0.6229258134260057,0.165258452600443,0.127672180145287,0.0710571677526898,,,65.45077617599534,65.45077617599534,False,61.75016721744405,61.75016721744405,62.67531945708187,205.0,True,False,True,True,True,True,True,True,True,True,True,True,True,True,True,False,False,13,False,0.0283213251761631,0.0306401125124198,1.0,3639996.670995141,0.7837837837837838,0.0,3.0,,,,,,0.0460656403938422,0.043791008050466,0.1907124657509029,-1.4875278861266727,0.5859649122807018,-1.4875278861266727,0.6089660626977279,-205.0,0.7807017543859649,0.5263157894736842,0.6666666666666666,0.7635964912280702,0.6815789473684211,美吾華
32.5,32.5,32.29999923706055,32.5,179575.0,0.0236220472440944,32.05999984741211,0.0350318597080672,31.822500133514403,0.0586318955155686,31.636634318033853,0.0603589038986889,31.38873381614685,0.0157062129086555,69.99998092651367,269958.65,0.6651944658932025,0.0212899635051639,1734.TW,2026-08-21,0.0290069288707848,0.041293547521183,neutral,0.2963653308480894,0.3159366262814538,2026-03-31,2026-05-15,826628000.0,362449000.0,91276000.0,88530000.0,20284000.0,73805000.0,0.39,2756927000.0,1162480000.0,6421008000.0,2612435000.0,3808573000.0,1091742000.0,348000000.0,1304453000.0,,0.2291200722918784,70362836.2814865,5258528000.0,0.0133807096361351,0.0193786491685993,0.0114943012062903,0.685935388398752,0.438466879902447,0.1104196809205591,0.0892844181421389,0.0261188425334568,,,51.45188702299607,51.45188702299607,False,59.9848092357139,59.9848092357139,57.85157868253444,347.0,True,False,True,True,True,True,True,True,True,True,True,True,False,True,False,False,False,12,False,0.0272900610503312,0.0354033453646829,1.0,8773656.125,0.6579683131407269,1.0,3.0,,,,,,0.0381861555664275,0.0163415274215076,0.184994800076464,-1.5161187505490337,0.4885964912280701,-1.5161187505490337,0.5544271529165735,-347.0,0.6578947368421053,0.2543859649122807,0.5526315789473685,0.6421052631578947,0.5157894736842106,杏輝
195.0,197.0,190.5,196.5,1715635.0,0.0886426592797784,189.1,0.0621621621621621,185.425,0.0396825396825397,192.075,-0.2956989247311827,207.40833333333333,0.0,61.44578313253012,1367135.3,1.2549123704142524,0.0597276526897667,1795.TW,2026-08-21,0.0290069288707848,0.041293547521183,neutral,0.2050326188257222,0.3783783783783784,2026-03-31,2026-05-15,8644409000.0,4385622000.0,1959197000.0,725899000.0,158698000.0,567201000.0,2.18,25895685000.0,16238147000.0,107533585000.0,83501410000.0,24032175000.0,6195264000.0,1566554000.0,43708074000.0,,0.2186227009542649,1530872060.1585069,91295438000.0,0.0167683303097632,0.0236017339254561,0.0052746404762753,3.474567324846794,0.5073362447334456,0.2266432557737608,0.0656147806055914,0.8276540746892458,,,55.57216115744945,55.57216115744945,False,55.99582152833474,55.99582152833474,55.88990643561342,301.0,True,False,True,True,True,False,False,True,True,False,True,True,True,True,False,False,False,10,False,0.023037875829754,-0.0525935152075214,0.0,268642086.45,0.2292637465051258,2.0,3.0,,,,,,0.0419600386029128,0.013404117932527,0.250749076871948,-1.0741890526254156,0.6451754385964912,-1.0741890526254156,0.7650580582547458,-301.0,0.7017543859649122,0.1929824561403508,0.8596491228070176,0.725438596491228,0.5807017543859649,美時
34.650001525878906,37.79999923706055,34.29999923706055,37.0,7407297.0,0.1332311874678846,34.12999954223633,0.1472868217054264,32.91999998092651,0.3143872291793579,31.637499968210857,0.2151067019030266,30.73458337783814,0.0162062046707549,70.74471085578766,1850597.85,4.002650819031266,0.1239368171761055,1808.TW,2026-08-21,0.0290069288707848,0.041293547521183,neutral,0.0820130475302889,0.0568499534016775,2026-03-31,2026-05-15,5392216000.0,1474911000.0,1229561000.0,1153602000.0,211319000.0,942283000.0,1.06,46784978000.0,26633648000.0,51660398000.0,37973630000.0,13686768000.0,5845055000.0,11570200000.0,207356000.0,10980553000.0,0.1831818946222353,1004327686.4663897,25026750000.0,0.0401301681787043,0.068846275468394,0.0182399485191732,2.774477509957062,0.2735259492572256,0.2280251755493474,0.1747487489373571,173.44891620834682,,,72.1127428848662,72.1127428848662,False,81.1183597390494,81.1183597390494,78.8669555255036,148.0,True,True,True,True,True,True,True,True,True,True,False,True,False,True,True,False,False,12,False,0.1694982232217257,0.2038555898135154,1.0,68472120.45,0.3765144454799627,1.0,3.0,,,,,,0.097533835961617,0.0174862418660876,0.2319096935086016,-1.0176194105781746,0.7359649122807017,-1.0176194105781746,0.7495000609270636,-148.0,0.8508771929824561,0.9298245614035088,0.8333333333333334,0.8482456140350877,0.8710526315789473,潤隆
30.450000762939453,31.200000762939453,30.39999961853028,31.200000762939453,2330810.0,0.0777202052056715,30.06000022888184,0.1103202967752978,29.635000038146973,0.2865979696057505,27.746666812896727,0.2163743168401335,26.264583412806196,0.0174233997754217,66.94215501350429,2005267.2,1.1623438512333917,0.0528092027257622,1907.TW,2026-08-21,0.0290069288707848,0.041293547521183,neutral,0.119291705498602,0.0680335507921714,2026-03-31,2026-05-15,17964361000.0,2424583000.0,-77218000.0,452137000.0,195557000.0,208827000.0,0.13,69038373000.0,57579369000.0,178076390000.0,82625870000.0,95450520000.0,10428232000.0,15812770000.0,19190444000.0,964996000.0,0.4,-46330800.0,120497021000.0,-0.0003844974723482,0.0021878036913785,0.0011726821281585,0.8656408576925511,0.1349662812943917,-0.0042983994810614,0.0116245158956669,-0.0057560278150267,,,17.0350561108219,17.0350561108219,False,78.8716479265469,78.8716479265469,63.41249997261565,911.0,True,True,True,True,True,True,True,True,True,True,True,True,True,True,False,False,False,14,False,0.1244594160923722,0.1879115032042286,1.0,62564338.16989746,0.3895619757688723,1.0,3.0,,,,,,0.0020357435289936,-0.0746639448054758,0.2205329079406635,-1.756028612901373,0.3070175438596491,-1.756028612901373,0.2801246627068508,-911.0,0.1140350877192982,0.5526315789473685,0.1842105263157894,0.1245614035087719,0.2596491228070176,永豐餘
11.100000381469728,11.199999809265137,11.0,11.199999809265137,3908771.0,0.0566037175663023,11.219999885559082,0.1144278205676516,10.3635000705719,0.2570145904680518,10.063500054677329,0.1359026571243777,9.714499998092652,0.0287884011240566,74.26160626190085,4560126.05,0.8571629286431677,0.0807159485692055,1909.TW,2026-08-21,0.0290069288707848,0.041293547521183,neutral,0.1127679403541472,0.0782851817334576,2026-03-31,2026-05-15,10760215000.0,1109471000.0,15988000.0,29258000.0,59036000.0,-27240000.0,-0.02,14658431000.0,22767425000.0,70430999000.0,49630869000.0,20800130000.0,2240646000.0,8614561000.0,26455684000.0,0.0,0.4,9592800.0,47663574000.0,0.0002012606104611,-0.0013096071995703,-0.0003867615167576,2.386084558125358,0.1031086274763097,0.0014858439166875,-0.0025315479291073,0.0525224624933875,,,8.894222198109352,8.894222198109352,False,76.38616129347294,76.38616129347294,59.51317651963205,1041.0,True,True,True,True,True,True,True,False,True,True,True,True,True,True,False,False,False,13,False,0.1129328512359459,0.1529157250979615,1.0,51073410.89022498,0.4147250698974837,0.0,3.0,,,,,,0.0504383937682771,-0.000800596932387,0.3102083171956145,-1.576402064587893,0.619298245614035,-1.576402064587893,0.6084512686783766,-1041.0,0.0263157894736842,0.3333333333333333,0.6578947368421053,0.1210526315789473,0.2447368421052631,榮成
19.14999961853028,19.5,19.14999961853028,19.450000762939453,31340272.0,0.0236842506810237,19.11000061035156,0.0156658564169829,19.13250026702881,0.0318302583197585,18.94130458831787,-0.0395061351634837,19.06690231959025,0.0044397582993742,62.500009934109045,42054574.8,0.7452286023350783,0.0165948251132548,2002.TW,2026-08-21,0.0290069288707848,0.041293547521183,neutral,0.3951537744641193,0.4054054054054054,2026-03-31,2026-05-15,79161889000.0,2637098000.0,-620543000.0,-966928000.0,893225000.0,-2451833000.0,-0.16,182155729000.0,154652832000.0,675792615000.0,344185931000.0,331606684000.0,19561433000.0,27960343000.0,93161390000.0,62603546000.0,0.0,-620543000.0,521139783000.0,-0.0011907419472521,-0.0073937984917095,-0.0036280849266161,1.0379342383822396,0.0333127219841861,-0.007838910968888,-0.0309723912727752,-0.0481943399382251,,,12.23150247108328,12.23150247108328,False,62.72647601914692,62.72647601914692,50.10273263213101,1002.0,True,False,True,True,True,True,True,True,False,False,True,True,False,True,False,False,False,10,False,0.0268564486806957,0.0200923273706388,1.0,817961511.9450942,0.1267474370922647,0.0,3.0,,,,,,-0.043316780931383,-0.1017722938177372,0.1101086131431857,-1.9992190765074251,0.1078947368421052,-1.9992190765074251,0.0850109697517754,-1002.0,0.043859649122807,0.0526315789473684,0.0350877192982456,0.0425438596491228,0.0447368421052631,中鋼
22.700000762939453,23.0,22.700000762939453,22.950000762939453,1048915.0,0.0268456541936878,22.789999771118165,0.0876777416124796,22.057500076293948,0.0969456501642993,21.840383338928227,0.0969456501642993,21.954839992523198,0.0202358881202056,69.892478852014,1504889.45,0.6970046869555767,0.0404624587355078,2010.TW,2026-08-21,0.0290069288707848,0.041293547521183,neutral,0.1528424976700838,0.2311276794035414,2026-03-31,2026-05-15,6434872000.0,682639000.0,464114000.0,473003000.0,98964000.0,369123000.0,0.57,15350374000.0,9394504000.0,24093239000.0,11630814000.0,12462425000.0,619531000.0,3537293000.0,1338370000.0,,0.2092248886370699,367009800.0350949,14698735000.0,0.0249688017394078,0.0296188743362547,0.0153206050875932,0.9332705312168378,0.1060843168286797,0.0721248223740891,0.0573629125800792,0.1500844484399826,,,45.75393425343425,45.75393425343425,False,68.12787258830794,68.12787258830794,62.53438800458952,419.0,True,False,True,True,True,True,True,True,True,True,True,True,False,True,False,False,False,12,False,0.0508057668581964,0.0453276257424406,1.0,34537214.025639534,0.4855545200372786,0.0,3.0,,,,,,0.0793847418246921,0.0396869678261741,0.2545890935447878,-0.5432861299709165,0.8280701754385964,-0.5432861299709165,0.8205754923816544,-419.0,0.5877192982456141,0.5175438596491229,0.912280701754386,0.6364035087719299,0.6315789473684211,春源
21.75,21.799999237060547,21.600000381469727,21.799999237060547,335139.0,0.0283018137985151,21.660000228881835,0.0258823170381434,21.32750015258789,0.0356294549730697,21.4208335240682,-0.0435636087700268,21.879043277104696,0.0057769366454841,59.67739950728854,311892.8,1.074532659939569,0.0221544522842411,2020.TW,2026-08-21,0.0290069288707848,0.041293547521183,neutral,0.3345759552656104,0.3951537744641193,2026-03-31,2026-05-15,1019550000.0,227468000.0,150605000.0,144594000.0,37472000.0,107154000.0,0.4,6020459000.0,4176897000.0,9016087000.0,4910199000.0,4105888000.0,726730000.0,3049213000.0,8147000.0,,0.2591532152094831,111575230.0233758,4839190000.0,0.0230565921204531,0.0260976431894878,0.0118847566577385,1.1958920944750564,0.2231062723750674,0.1477171301064195,0.105099308518464,-0.0651621971782945,,,44.504976240539534,44.504976240539534,False,56.08163073393247,56.08163073393247,53.18746711058424,436.0,True,False,True,True,True,False,True,True,False,False,True,True,True,True,False,False,False,10,False,0.0177007917346598,-0.0036127740616,0.0,6799262.802044678,0.6952469711090401,0.0,3.0,,,,,,0.0310937453326625,0.012533810793395,0.1323056874373094,-1.1121658962666978,0.4578947368421052,-1.1121658962666978,0.6768567163473064,-436.0,0.5614035087719298,0.1491228070175438,0.7543859649122807,0.5903508771929824,0.4763157894736842,美亞
12.449999809265137,12.899999618530272,12.449999809265137,12.899999618530272,653163.0,0.0238094625379328,12.679999923706054,0.1025640879339899,12.35249991416931,0.0749999682108559,12.741666650772094,0.0749999682108559,12.138749980926514,0.0217121589630743,72.72726484566947,547598.85,1.1927764274888453,0.0443229879105633,2025.TW,2026-08-21,0.0290069288707848,0.041293547521183,neutral,0.1295433364398881,0.2739981360671016,2026-03-31,2026-05-15,378787000.0,84115000.0,71616000.0,81289000.0,,,0.47,1385153000.0,642110000.0,2300356000.0,643754000.0,1656602000.0,85331000.0,603413000.0,,,,57292800.0,1658246000.0,0.0345502416408663,,,0.3885990720764553,0.2220641151887472,0.1890666786346944,,0.965417224453369,,,82.3791102091105,82.3791102091105,False,59.5637990600798,59.5637990600798,65.26762684733747,72.0,True,False,True,True,True,False,True,False,True,True,True,True,True,True,True,False,False,11,False,0.0124263938225523,0.0627123582576378,1.0,7064024.956107616,0.6887232059645852,0.0,2.0,,,,,,0.1776336592081245,0.1688103533089639,0.4876882338266802,-0.7808124753297069,0.9631578947368422,-0.7808124753297069,0.9661529849735924,-72.0,0.9035087719298246,0.6403508771929824,0.9912280701754386,0.9166666666666666,0.8421052631578947,千興
46.0,46.45000076293945,45.5,46.34999847412109,1190741.0,0.0642938986478276,45.32999954223633,0.1544208396666171,42.64249973297119,0.2739594247500569,40.21255950927734,0.2641597399261273,38.69753936131795,0.0338828912908157,75.71883862617317,2194332.6,0.5426438088738234,0.0869437477719736,2031.TW,2026-08-21,0.0290069288707848,0.041293547521183,neutral,0.0754892823858341,0.0708294501397949,2026-03-31,2026-05-15,4589073000.0,567832000.0,427931000.0,146733000.0,66925000.0,70724000.0,0.22,15811293000.0,10640609000.0,28813736000.0,17538865000.0,11274871000.0,1366991000.0,6979961000.0,6673974000.0,,0.4,256758600.0,18173127000.0,0.0141284766237533,0.0062727103485263,0.0024545237729671,1.5555712344735475,0.1237356651332415,0.0932499875247136,0.0154113913637895,-0.0896215532289155,,,22.130264986727884,22.130264986727884,False,78.20989758926123,78.20989758926123,64.18998943862789,820.0,True,True,True,True,True,True,True,False,True,True,True,True,False,True,False,False,False,12,False,0.1526249271307336,0.1977505350237471,1.0,101707312.66171417,0.3336439888164026,1.0,3.0,,,,,,0.0576211720495366,0.0280927551684967,0.2733797773561621,-1.5220436853891026,0.6912280701754386,-1.5220436853891026,0.6696473418810914,-820.0,0.175438596491228,0.5964912280701754,0.7368421052631579,0.2596491228070175,0.4140350877192982,新光鋼
20.049999237060547,20.350000381469727,20.049999237060547,20.350000381469727,463617.0,0.0303797661503659,19.99000015258789,0.1000000206199851,19.232500076293945,0.1269823111730237,18.818391386667887,0.135950302618105,18.39852890968323,0.0179965624918459,77.77776432206208,456767.05,1.0149965939968744,0.0581047862078636,2069.TW,2026-08-21,0.0290069288707848,0.041293547521183,neutral,0.1323392357875116,0.1929170549860205,2026-03-31,2026-05-15,2302863000.0,277674000.0,137979000.0,128564000.0,22373000.0,106191000.0,0.64,4252225000.0,3913450000.0,9681868000.0,5325210000.0,4356658000.0,267712000.0,2834868000.0,1356137000.0,,0.174022276842662,113967580.26352634,5768418000.0,0.019757163968271,0.0243744172712202,0.0109680280706161,1.2223153619127325,0.1205777330218949,0.0599162868134144,0.0461125998376803,-0.1384973197554728,,,30.045180578249248,30.045180578249248,False,71.17393368568673,71.17393368568673,60.89174540882736,679.0,True,False,True,True,True,True,True,False,True,True,True,True,True,True,False,False,False,12,False,0.0813889435781916,0.1060667122554255,1.0,9295209.6417428,0.6533084808946877,0.0,3.0,,,,,,0.0744095822640355,0.0578937053605895,0.2587441398741181,-1.1288825521306871,0.7969298245614035,-1.1288825521306871,0.7848259647185891,-679.0,0.3245614035087719,0.4122807017543859,0.8947368421052632,0.4100877192982456,0.4649122807017544,運錩
27.89999961853028,28.75,27.600000381469727,28.39999961853028,7640773.0,0.0577280899455878,27.770000076293947,0.2188841437109476,24.812500095367437,0.5180601370760343,23.03727305730184,0.5220762081850887,21.3469629128774,0.0438578088042674,76.66666619571632,8918358.55,0.8567465590402843,0.1445843630982046,2103.TW,2026-08-21,0.0290069288707848,0.041293547521183,neutral,0.0372786579683131,0.0223671947809878,2026-03-31,2026-05-15,10330865000.0,1265731000.0,651038000.0,844918000.0,343164000.0,435719000.0,0.53,20606457000.0,11013075000.0,44846222000.0,22698723000.0,22147499000.0,6501177000.0,5243271000.0,6369581000.0,,0.4,390622800.0,33833147000.0,0.0115455650637524,0.0196735080561466,0.0097158462980449,1.0248887696078008,0.1225193630930227,0.0630187307645584,0.0421764295632553,-0.0044362000632366,,,30.459795491848286,30.459795491848286,False,83.3224603914259,83.3224603914259,70.1067941665315,671.0,True,True,True,True,True,True,True,False,True,True,True,True,True,True,False,False,False,13,False,0.2327847809022118,0.3304000074595239,1.0,253281379.41791627,0.2357875116495806,0.0,3.0,,,,,,0.0546728955345883,0.0100574545525456,0.2542869016455438,-1.5681097338678178,0.6127192982456141,-1.5681097338678178,0.570537002620443,-671.0,0.3333333333333333,0.7807017543859649,0.5877192982456141,0.3714912280701754,0.5184210526315789,台橡
29.450000762939453,31.5,29.450000762939453,31.39999961853028,2579744.0,0.0846286283600796,29.79000015258789,0.109540652475004,28.66750020980835,0.1651205465533893,28.691666825612387,0.2453153477949279,27.405104462305705,0.0140608431458531,72.15909546564572,1174013.6,2.1973714784905387,0.0953169752759617,2108.TW,2026-08-21,0.0290069288707848,0.041293547521183,neutral,0.1211556383970177,0.1481826654240447,2026-03-31,2026-05-15,2595684000.0,706987000.0,322249000.0,400150000.0,120689000.0,166573000.0,0.34,14271694000.0,1850566000.0,18859782000.0,2404041000.0,16455741000.0,9490424000.0,110000000.0,24000000.0,,0.3016093964763214,225055673.59490192,17009216000.0,0.0132313960616939,0.0101224855204028,0.0088321805628506,0.1460913246021555,0.272370211474124,0.1241480087714837,0.0641730657506846,0.1428634327678053,,,48.999527692236406,48.999527692236406,False,65.62574983139733,65.62574983139733,61.46919429660709,385.0,True,False,True,True,True,False,True,False,True,True,True,True,True,True,False,False,False,11,False,0.0943944041097055,0.1457719368199943,1.0,36864026.59214936,0.4715750232991612,1.0,3.0,,,,,,0.0183886247976201,-0.0362137445666529,0.2196296358213258,-1.730310602109275,0.3732456140350877,-1.730310602109275,0.3520982978688848,-385.0,0.6052631578947368,0.4561403508771929,0.2719298245614035,0.5552631578947368,0.493859649122807,南帝
29.200000762939453,29.89999961853028,29.200000762939453,29.299999237060547,4610534.0,0.0226875960623003,28.85999984741211,0.0501791984828714,27.9625,0.0712979461935214,28.009166590372725,-0.0330033011610403,27.741250038146973,0.0062977957714798,72.28913004711842,2852564.5,1.6162768624513135,0.0478318904626033,2201.TW,2026-08-21,0.0290069288707848,0.041293547521183,neutral,0.2432432432432432,0.2814538676607642,2026-03-31,2026-05-15,16975232000.0,5600166000.0,1529772000.0,1410701000.0,356383000.0,363664000.0,0.35,258394518000.0,257093889000.0,369722615000.0,273701167000.0,96021448000.0,11770568000.0,38309974000.0,7312596000.0,1700000000.0,0.2526283032336406,1143308295.3056672,112628726000.0,0.0101511251694853,0.0037873205161413,0.0009836130797679,2.850416992253648,0.3299021774783402,0.0901178846922386,0.0214232123602198,-0.0348376488341026,,,22.837441404461494,22.837441404461494,False,59.5167063626396,59.5167063626396,50.34689012309507,811.0,True,False,True,True,True,False,True,False,True,True,True,True,True,True,False,False,False,11,False,0.0460860783744814,0.0561888594338806,1.0,83580137.673666,0.3541472506989748,0.0,3.0,,,,,,0.0375631180552113,-0.0093549885210468,0.1947056905078348,-1.2693907926892636,0.4728070175438596,-1.2693907926892636,0.5374946512708426,-811.0,0.1842105263157894,0.0614035087719298,0.5175438596491229,0.2342105263157894,0.2140350877192982,裕隆
63.400001525878906,64.30000305175781,63.400001525878906,64.30000305175781,796010.0,0.0558292518996752,62.96000061035157,0.047231294035988,62.45500011444092,0.0716667175292968,62.03963082631429,0.0575658529377718,60.277315330505374,0.0082002169352391,51.26051605441357,1103738.3,0.721194507792291,0.0295413166909959,2206.TW,2026-08-21,0.0290069288707848,0.041293547521183,neutral,0.2534948741845294,0.2786579683131407,2026-03-31,2026-05-15,14947523000.0,3169197000.0,1407602000.0,1401468000.0,300076000.0,1061801000.0,1.37,35643431000.0,24328027000.0,96546885000.0,53175170000.0,43371715000.0,7860863000.0,8468755000.0,18068499000.0,,0.2141154846204123,1106212615.6173384,72218858000.0,0.0153175035752758,0.0244814160565243,0.0109977758474548,1.226033372210437,0.212021550326432,0.0941695824786488,0.0710352477798495,-0.00921030321598,,,38.16659350871173,38.16659350871173,False,62.89048095755193,62.89048095755193,56.709509095341886,556.0,True,False,True,True,True,True,True,True,True,True,True,True,False,True,False,False,False,12,False,0.0364343274667711,0.0667363451606248,1.0,70970376.05834198,0.3727865796831314,1.0,3.0,,,,,,0.058937922178203,0.0302721370226882,0.188467740926577,-1.4201232977522151,0.6144736842105263,-1.4201232977522151,0.5451277438981824,-556.0,0.4473684210526316,0.219298245614035,0.5350877192982456,0.4605263157894737,0.3964912280701754,三陽工業
266.0,269.5,251.0,261.0,25852404.0,-0.0134541334994716,266.71828002929686,0.2167832167832168,243.86896514892575,0.1323210412147506,226.5813217163086,0.5721221029303689,200.78556213378903,0.0615025994937235,64.42691360053942,33300552.75,0.7763355819972088,0.0702468837747052,2301.TW,2026-08-21,0.0290069288707848,0.041293547521183,neutral,0.0400745573159366,0.1863932898415657,2026-03-31,2026-05-15,43407292000.0,9402933000.0,4099305000.0,4969901000.0,1195242000.0,3775414000.0,1.66,165353065000.0,116511425000.0,210691221000.0,122427807000.0,88263414000.0,71133162000.0,13521025000.0,3000000000.0,,0.2404961386554782,3113437976.3289046,94179796000.0,0.0330584489302663,0.0427743934763275,0.0179191804104642,1.3870730969006029,0.2166210460675593,0.0944381649055647,0.0869764923368175,0.1919657430575541,,,57.60700281241379,57.60700281241379,False,81.18415623733107,81.18415623733107,75.28986788110174,287.0,True,True,True,True,True,True,True,True,True,True,True,True,False,True,False,False,False,13,False,0.1519043053636404,0.2998942614513706,1.0,8691444267.75,0.0251630941286113,2.0,3.0,,,,,,0.0275892030147089,-0.0311197026323694,0.2741332935412539,-1.1571540989287268,0.5614035087719298,-1.1571540989287268,0.4863498348980949,-287.0,0.7192982456140351,0.912280701754386,0.4649122807017544,0.6811403508771929,0.7263157894736842,光寶科
13.949999809265137,15.699999809265137,13.949999809265137,15.399999618530272,10402.0,-0.0159744412839466,15.139999961853029,0.0266666412353513,15.112500047683715,0.030100322074001,14.569999996821084,-0.0434783072269439,14.253749990463255,-0.0049382684652697,62.06895984735949,7570.0,1.374108322324967,0.0190239583086466,2321.TW,2026-08-21,0.0290069288707848,0.041293547521183,neutral,0.3308480894687791,0.4100652376514445,2026-03-31,2026-05-15,167589000.0,54806000.0,3123000.0,2338000.0,316000.0,-3670000.0,-0.12,594557000.0,366319000.0,1167997000.0,735200000.0,432797000.0,91273000.0,191000000.0,200000000.0,,0.1351582549187339,2700900.7698887936,801678000.0,0.0033690593603526,-0.0084797260609477,-0.0031421313582141,1.698717874661793,0.3270262368055183,0.0186348746039417,-0.0218988119745329,-0.0149414274882296,,,20.392509269700085,20.392509269700085,False,58.3380924226797,58.3380924226797,48.8516966344348,849.0,True,False,True,True,True,True,False,True,False,False,True,True,True,True,False,False,False,10,False,0.0569663433006366,0.0804174079687054,1.0,116577.99711227416,0.9990680335507922,0.0,3.0,,,,,,0.0215849226764954,0.0039614084780294,0.1437999320734475,-1.4941880827779306,0.375,-1.4941880827779306,0.4091880822511252,-849.0,0.131578947368421,0.0350877192982456,0.3157894736842105,0.1592105263157894,0.1394736842105263,東訊
176.0,182.0,174.5,181.0,113869515.0,-0.0136239782016348,176.7,0.1715210355987055,163.225,0.2569444444444444,173.81666666666666,0.4614268592695389,140.11593780517578,0.0285129174543163,71.34831460674158,147813683.8,0.7703584138669575,0.1088987593812222,2344.TW,2026-08-21,0.0290069288707848,0.041293547521183,neutral,0.0652376514445479,0.0792171481826654,2026-03-31,2026-05-15,38253064000.0,20415002000.0,12550494000.0,12688424000.0,2570746000.0,10114310000.0,2.25,110641935000.0,75046248000.0,229813688000.0,106920169000.0,122893519000.0,25520648000.0,5251103000.0,22148521000.0,4892959000.0,0.202605619106045,10007693393.043297,154767440000.0,0.0646627830313875,0.082301410866101,0.0440109120045103,0.870022844736019,0.5336827920503309,0.3280912085891995,0.2644052251605257,0.913359516665577,,,96.98400611250784,96.98400611250784,True,70.13733836719878,70.13733836719878,76.84900530352604,11.0,True,False,True,True,True,False,True,True,True,True,True,True,False,True,True,True,True,12,False,0.0413270687505993,0.2917873786183516,1.0,26754276767.800003,0.0046598322460391,2.0,0.0,,,,,,-0.0433813330627155,-0.1186156462689781,0.1646095833358801,-1.344344641733511,0.2219298245614035,-1.344344641733511,0.2239426259221934,-11.0,0.9824561403508772,0.9210526315789472,0.131578947368421,0.8548245614035087,0.7938596491228069,華邦電
159.0,159.5,149.0,150.0,10405180.0,-0.0595611285266457,164.3,0.0344827586206897,146.625,0.0948905109489051,141.14388529459634,0.1406844106463878,130.45944264729818,0.043594306049822,58.53658536585366,12275478.15,0.8476394868577889,0.0230179028132992,2359.TW,2026-08-21,0.0290069288707848,0.041293547521183,neutral,0.3000931966449208,0.2385834109972041,2026-03-31,2026-05-15,890066000.0,190817000.0,-35808000.0,156778000.0,13846000.0,134073000.0,0.78,8393550000.0,3998667000.0,10520171000.0,4283921000.0,6236250000.0,2450934000.0,650000000.0,,,0.088315962698848,-32645582.00767965,6521504000.0,-0.005005836384932,0.0214989777510523,0.0127443745923901,0.6869386249749448,0.21438522536531,-0.0402307244631297,0.1506326497136167,-0.2680432463904461,,,26.81505765819656,26.81505765819656,False,69.2136500222235,69.2136500222235,58.61400193121677,738.0,True,False,True,True,True,True,True,True,True,True,True,True,True,True,False,False,False,13,False,0.0627452948947744,0.1497826217572493,1.0,1841321722.5,0.0782851817334576,2.0,3.0,,,,,,-0.001519608432527,-0.0783936472678858,0.1854222385870181,-1.6486201776069602,0.2675438596491228,-1.6486201776069602,0.2606790171948381,-738.0,0.2982456140350877,0.3070175438596491,0.1578947368421052,0.2771929824561403,0.2728070175438596,所羅門
83.0999984741211,83.0999984741211,80.0,80.80000305175781,469790.0,-0.0024690981264468,83.68000030517578,0.1348315521768099,75.6150001525879,0.2005943445443483,71.51999994913737,0.2805072108661928,67.91083326339722,0.0455613948121942,69.3486661716818,495286.4,0.9485219057095046,0.0685710889202777,2364.TW,2026-08-21,0.0290069288707848,0.041293547521183,neutral,0.0931966449207828,0.1220876048462255,2026-03-31,2026-05-15,338915000.0,130350000.0,30596000.0,44068000.0,-15000.0,43646000.0,0.83,1165011000.0,950493000.0,1755551000.0,1003694000.0,751857000.0,599063000.0,350000000.0,,,0.0,30596000.0,805058000.0,0.0380047151882224,0.0580509325576539,0.0248617100841843,1.3349533222407983,0.3846097103993626,0.0902763229718365,0.128781552896744,-0.1059821890200796,,,61.7822396932274,61.7822396932274,False,75.5898721949309,75.5898721949309,72.13796406950503,244.0,True,True,True,True,True,True,True,True,True,True,True,True,True,True,True,False,False,14,False,0.1297539584622493,0.1897954887163435,1.0,40019142.63149414,0.4585274930102516,1.0,3.0,,,,,,0.0844328322380181,0.0390144084512951,0.3647798733922412,0.1105151143350806,0.9219298245614036,0.1105151143350806,0.9088648468383926,-244.0,0.7368421052631579,0.8508771929824561,0.9649122807017544,0.7710526315789473,0.8166666666666667,倫飛
6005.0,6015.0,5650.0,5680.0,2333695.0,-0.0786699107866991,6020.0,0.1945320715036802,5340.25,0.1236399604352127,5226.666666666667,1.3865546218487397,4469.333333333333,0.0584708389078836,64.22764227642277,2326148.8,1.0032440744977278,0.0636206170123121,2383.TW,2026-08-21,0.0290069288707848,0.041293547521183,neutral,0.0493942218080149,0.195712954333644,2026-03-31,2026-05-15,33067261000.0,9729153000.0,7128470000.0,7194158000.0,1855381000.0,5339793000.0,14.9,90741002000.0,68350963000.0,130976723000.0,83055788000.0,47920935000.0,22134504000.0,12291308000.0,10978888000.0,0.0,0.2579010636130038,5290030005.06661,62625760000.0,0.0844705118958494,0.1114292323386428,0.0407690227522336,1.733183795349569,0.2942231290338803,0.2155748551414645,0.1614827729457241,0.5252381635035763,,,86.0587773245522,86.0587773245522,True,80.36783232990022,80.36783232990022,81.79056857856321,55.0,True,True,True,True,True,True,True,True,True,True,True,True,True,True,True,True,False,14,False,0.086734693877551,0.2708830548926015,1.0,13212525183.999998,0.0139794967381174,3.0,2.0,,,,,,0.0559178764299347,-0.0397195197446217,0.3321674409410322,0.0319573687521292,0.7478070175438597,0.0319573687521292,0.5731107240217763,-55.0,0.9385964912280702,0.9649122807017544,0.5964912280701754,0.8872807017543859,0.8780701754385966,台光電
40.400001525878906,41.900001525878906,40.09999847412109,41.59999847412109,2537269.0,-0.0336817837081677,41.369998931884766,0.1652660387981415,37.8774995803833,0.1049135933109359,38.07498334248861,0.0680358834216783,37.35124162038167,0.0402334302448907,71.99999812199472,4072334.6,0.6230502277489673,0.0982773133120344,2392.TW,2026-08-21,0.0290069288707848,0.041293547521183,neutral,0.0689655172413793,0.2162162162162162,2026-03-31,2026-05-15,20284345000.0,3918165000.0,2024943000.0,2036754000.0,252111000.0,-210762000.0,-0.46,65961303000.0,65464823000.0,123191294000.0,95674753000.0,27516541000.0,21416412000.0,16445470000.0,26655579000.0,0.0,0.1237807805950055,1774293974.7996078,57726471000.0,0.0307362280088039,-0.0076594656283287,-0.0017108514177958,3.476990549066469,0.1931620173094078,0.0998278721841893,-0.0103903774068129,-0.0513983335778374,,,22.851074819845003,22.851074819845003,False,65.71540518668942,65.71540518668942,54.99932259497832,807.0,True,False,True,True,True,False,True,True,True,True,True,True,False,True,False,False,False,11,False,0.092580871275099,0.1137514221594435,1.0,169409113.1461105,0.2851817334575955,1.0,3.0,,,,,,0.0751066459237663,0.0362425343343511,0.262915839923148,-0.1873940563369253,0.8271929824561403,-0.1873940563369253,0.7500741195339237,-807.0,0.1929824561403508,0.1666666666666666,0.8421052631578947,0.2903508771929824,0.3149122807017543,正崴
672.0,672.0,643.0,649.0,4041331.0,-0.0497803806734992,673.8,0.1170395869191049,629.9,0.3231396534148827,548.3194636027018,0.9286775631500744,465.4180651346842,0.0421043924228636,64.89795918367346,4843156.15,0.8344416068435042,0.0303222733767265,2395.TW,2026-08-21,0.0290069288707848,0.041293547521183,neutral,0.1081081081081081,0.0531220876048462,2026-03-31,2026-05-15,20385264000.0,7979823000.0,3728486000.0,4068287000.0,750007000.0,3334165000.0,3.85,49300373000.0,29811036000.0,83769137000.0,34044129000.0,49725008000.0,10001958000.0,,43915000.0,,0.184354496130681,3041122842.1397014,53958101000.0,0.0563608204473263,0.0670520756879516,0.0398018305954375,0.6846480346468723,0.3914505595806853,0.182901040673302,0.1635576071028562,0.1748587968840969,,,87.43653384699755,87.43653384699755,False,78.62449492172563,78.62449492172563,80.8275046530436,49.0,True,True,True,True,True,True,True,True,True,True,True,True,True,True,True,False,False,14,False,0.1836165649415078,0.3944452281030179,1.0,3143208341.3500004,0.0512581547064305,3.0,2.0,,,,,,-0.030612791940044,-0.1132649425936651,0.3109794897156258,-1.0119681035533197,0.4460526315789473,-1.0119681035533197,0.4306026740214098,-49.0,0.9473684210526316,0.9473684210526316,0.3421052631578947,0.856578947368421,0.8263157894736841,研華
519.0,534.0,512.0,528.0,65164960.0,0.03125,513.0,0.3167082294264338,456.425,0.6296296296296295,428.289148457845,0.8526315789473684,338.5445742289225,0.058745070749246,74.85822306238185,85127382.1,0.7654994009266027,0.1568165635098866,2408.TW,2026-08-21,0.0290069288707848,0.041293547521183,neutral,0.0195712954333644,0.0130475302889096,2026-03-31,2026-05-15,49086932000.0,33325482000.0,30111283000.0,31718134000.0,5659880000.0,26059487000.0,8.41,141606845000.0,25207062000.0,240968098000.0,47930660000.0,193037438000.0,86281008000.0,0.0,13800000000.0,3996400000.0,0.1784430319892084,24738134364.394894,215761036000.0,0.1146552446308929,0.1349970620724877,0.1081449669740099,0.2482972240856201,0.6789074126694249,0.6134276837672398,0.5308844113541258,5.829068133568171,,,100.0,100.0,True,84.08667287977633,84.08667287977633,88.06500465983225,2.0,True,True,True,True,True,True,True,False,True,True,True,True,False,False,True,True,True,12,False,0.2328119960573065,0.5596173744700705,1.0,44947257748.8,0.0018639328984156,3.0,0.0,,,,,,-0.0697400732107193,-0.1545165129785521,0.199164488417154,-1.4860906109873362,0.2039473684210526,-1.4860906109873362,0.2256815234244374,-2.0,1.0,1.0,0.1403508771929824,0.8710526315789473,0.8280701754385965,南亞科
19.549999237060547,19.89999961853028,19.5,19.89999961853028,2374628.0,0.0257731963830769,19.439999771118163,0.0284237326210727,19.322500038146977,0.0641710591781921,19.38416668574015,0.0231361870405817,19.370833333333334,0.0014252327670868,64.58331180943046,1453259.05,1.6340018663568618,0.0298874151503782,2442.TW,2026-08-21,0.0290069288707848,0.041293547521183,neutral,0.3233923578751165,0.3028890959925442,2026-03-31,2026-05-15,3189806000.0,920101000.0,721594000.0,757715000.0,168597000.0,363574000.0,1.14,21904867000.0,14179726000.0,24109252000.0,15483592000.0,8625660000.0,4783089000.0,9054196000.0,,1260461000.0,0.2225071431870822,561034180.5190606,9929526000.0,0.0565016074804638,0.042150281833506,0.0150802687698481,1.795061711219779,0.2884504574886372,0.2262187731793093,0.1139799724497351,6.055204248420224,,,71.63224953440525,71.63224953440525,False,60.95181334079007,60.95181334079007,63.62192238919386,150.0,True,False,True,True,True,False,True,True,False,True,True,True,True,True,True,False,False,11,False,0.0266110450427354,0.0273176830387753,1.0,28919854.540625677,0.5116495806150979,0.0,3.0,,,,,,0.0379617942149475,0.0159186059689493,0.2176201543809628,-0.6550027653573751,0.6096491228070176,-0.6550027653573751,0.5143745231616241,-150.0,0.8421052631578947,0.5789473684210527,0.4824561403508772,0.788157894736842,0.6912280701754385,新美齊
404.0,411.0,393.5,406.0,14148340.0,0.069828722002635,409.8,0.2192192192192192,360.3,0.0440797297910287,357.9546834309896,0.7102812022355076,330.6514663696289,0.0704894897125455,68.3982683982684,10865758.45,1.3021033060052978,0.1268387454898696,2455.TW,2026-08-21,0.0290069288707848,0.041293547521183,neutral,0.0363466915191053,0.3625349487418453,2026-03-31,2026-05-15,959310000.0,365431000.0,226651000.0,243595000.0,48510000.0,,1.06,2782788000.0,774487000.0,5394173000.0,1726948000.0,3667225000.0,1457261000.0,,0.0,948373000.0,0.1991420185143373,181515262.3617069,4619686000.0,0.0392916883012626,,,0.4709141108058545,0.3809310858846462,0.2362646068528421,,0.208712010009286,,,89.86861910837597,89.86861910837597,False,79.14345486562664,79.14345486562664,81.82474592631397,35.0,True,True,True,True,True,True,True,True,True,True,True,True,True,True,True,False,False,14,False,0.1342217850273583,0.2278790245742943,1.0,4411497930.7,0.0391425908667288,2.0,2.0,,,,,,0.0627295984814235,0.0164132598917416,0.2795959321216239,-1.735370933793554,0.6723684210526315,-1.735370933793554,0.6008287596396039,-35.0,0.9736842105263158,0.9736842105263158,0.6403508771929824,0.9236842105263158,0.9070175438596492,全新
18.200000762939453,18.25,17.950000762939453,18.14999961853028,470811.0,0.031249955973843,18.000000000000004,0.1415094373573315,17.045000076293945,0.1308411514824676,17.38833325703939,0.0966767646663593,17.07958329518636,0.0302206162552943,74.07407581833554,869306.05,0.5415940680500267,0.0648283682775194,2461.TW,2026-08-21,0.0290069288707848,0.041293547521183,neutral,0.086672879776328,0.1882572227399813,2026-03-31,2026-05-15,1366993000.0,363766000.0,98193000.0,54528000.0,12381000.0,50019000.0,0.3,4713779000.0,2915219000.0,8380552000.0,4207146000.0,4173406000.0,1186217000.0,874467000.0,975276000.0,,0.2270576584507042,75897527.34375,5465333000.0,0.0138870819662315,0.0119851746990347,0.0059684612660359,1.0080845237678768,0.2661067028141329,0.0718313846522988,0.0365905311877968,0.0206116832638239,,,35.682269128941115,35.682269128941115,False,63.09574706133725,63.09574706133725,56.24237757823822,591.0,True,False,True,True,True,False,True,False,True,True,True,True,False,True,False,False,False,10,False,0.0438032990414731,0.0626722739568006,1.0,15777904.475886064,0.5796831314072693,0.0,3.0,,,,,,0.0640113640983304,0.0438425660805164,0.2437833086512231,-1.0938531412345531,0.7649122807017543,-1.0938531412345531,0.7660615743859911,-591.0,0.3947368421052631,0.2017543859649122,0.868421052631579,0.4657894736842105,0.431578947368421,光群雷
86.5999984741211,89.30000305175781,85.0,85.9000015258789,3497703.0,-0.1042752850978993,86.91999969482421,0.0670807642966324,84.42999992370605,0.0488400479301098,81.2483336130778,0.6299810300247073,73.9054168701172,0.0223406197215335,58.17610202468061,3869041.2,0.9040231983055648,0.0174108919045505,2465.TW,2026-08-21,0.0290069288707848,0.041293547521183,neutral,0.1947809878844361,0.3494874184529357,2026-03-31,2026-05-15,1569188000.0,167121000.0,92107000.0,130068000.0,22277000.0,107791000.0,1.15,1574817000.0,638916000.0,1902288000.0,697716000.0,1204572000.0,319532000.0,112731000.0,0.0,,0.1712719500568933,76331654.49610972,1263372000.0,0.0604189854580517,0.0894848958800304,0.0566638700344006,0.5792231597613094,0.1065015791606869,0.0586972370423429,0.0686922153368493,0.9128577645528606,,,73.28778007996519,73.28778007996519,True,68.73262814383453,68.73262814383453,69.8714161278672,133.0,True,False,True,True,True,True,True,True,True,True,True,True,True,True,True,True,False,13,False,0.0572524716008744,0.162296421070748,1.0,332350644.98368835,0.211556383970177,1.0,3.0,,,,,,-0.013918761956781,-0.1289940925322045,0.1711129647492839,-1.995165811150692,0.1592105263157894,-1.995165811150692,0.1307651671519012,-133.0,0.868421052631579,0.7631578947368421,0.0614035087719298,0.7473684210526316,0.6754385964912282,麗臺
71.30000305175781,78.19999694824219,71.30000305175781,76.5,28038154.0,0.0508241317738906,73.5,0.0639777242906651,70.07500019073487,0.3858695460627799,71.45666669209798,1.5331125187876995,53.90124998092652,0.0071141143357258,70.7395533099676,20450405.6,1.371031682618559,0.091687474731033,2484.TW,2026-08-21,0.0290069288707848,0.041293547521183,neutral,0.2003727865796831,0.0400745573159366,2026-03-31,2026-05-15,558493000.0,124006000.0,38190000.0,65062000.0,13230000.0,51853000.0,0.33,2364630000.0,488834000.0,4989053000.0,883613000.0,4105440000.0,608103000.0,70000000.0,152941000.0,,0.2033445021671636,30424273.46223602,4500219000.0,0.0067606206414034,0.0126303148992556,0.0103933552119009,0.2152297926653416,0.2220368026098805,0.0683804452338704,0.0928444940223064,-0.0665818752496527,,,33.91916811523335,33.91916811523335,False,68.71950605245183,68.71950605245183,60.01942156814721,611.0,True,False,True,True,True,False,True,True,True,True,True,True,True,True,False,False,False,12,False,0.0705789052494345,0.4192620769846762,1.0,1564456028.4,0.092264678471575,1.0,3.0,,,,,,-0.0443560896454207,-0.1578388646572805,0.1733389834125107,-1.8588884838981845,0.1403508771929824,-1.8588884838981845,0.1179314365755443,-611.0,0.3684210526315789,0.3596491228070175,0.0526315789473684,0.3210526315789473,0.3026315789473684,希華
14.050000190734863,14.5,14.050000190734863,14.350000381469728,242164.0,0.0250000272478376,14.05,0.0141343299174045,14.00750002861023,0.1343874161426235,13.692500003178914,-0.0304053921260653,13.592083350817363,0.0008931795427475,65.38461256309824,146806.1,1.649549984639603,0.0244512120049933,2516.TW,2026-08-21,0.0290069288707848,0.041293547521183,neutral,0.407269338303821,0.18452935694315,2026-03-31,2026-05-15,1624343000.0,91613000.0,49137000.0,56516000.0,0.0,56516000.0,0.25,5501612000.0,4873771000.0,7116682000.0,5000833000.0,2115849000.0,1859804000.0,596780000.0,,,0.0,49137000.0,2242911000.0,0.0219076904968587,0.0267107907983981,0.0079413412036676,2.363511290266933,0.0564000337367169,0.0302503843092253,0.0347931440588594,-0.2679604746075582,,,20.556737993044667,20.556737993044667,False,69.92157865228354,69.92157865228354,57.58036848747383,845.0,True,False,False,True,True,True,True,True,False,True,True,True,True,True,False,False,False,11,False,0.048019016113797,0.0557616526539905,1.0,2106667.5910020834,0.8452935694315005,0.0,3.0,,,,,,0.1455059491710132,0.0747971572781251,0.3209806790366546,-0.653709244134762,0.9298245614035088,-0.653709244134762,0.9043321419612396,-845.0,0.1403508771929824,0.2456140350877192,0.9473684210526316,0.2614035087719298,0.3333333333333333,新建
36.54999923706055,37.04999923706055,36.20000076293945,36.79999923706055,2720110.0,0.0559541132946528,36.37000045776367,0.0529327162728652,34.43504180908203,0.2287144674332488,34.321680609385176,0.1482059317651218,32.705840301513675,0.0067977426388478,75.65741750904363,1555678.45,1.748504004796107,0.0686788022820048,2520.TW,2026-08-21,0.0290069288707848,0.041293547521183,neutral,0.2320596458527493,0.097856477166822,2026-03-31,2026-05-15,4862541000.0,1141758000.0,658447000.0,599530000.0,162065000.0,308665000.0,0.52,53619294000.0,30715620000.0,65803063000.0,37306228000.0,28496835000.0,17736193000.0,16539209000.0,220000000.0,3700000000.0,0.2703200840658515,480455551.60709226,35087443000.0,0.0136930910470475,0.0108315537497409,0.0046907390921908,1.3091358391203796,0.2348068633251627,0.1354121230031787,0.063478127999332,0.0287244960456058,,,37.26396887406752,37.26396887406752,False,75.07749884544648,75.07749884544648,65.62411635260175,568.0,True,True,True,True,True,True,True,False,True,True,True,True,True,True,False,False,False,13,False,0.0722085452598053,0.1251812794841229,1.0,57248965.77311153,0.3970177073625349,1.0,3.0,,,,,,0.0525861932698499,0.0271784850915346,0.2297542157974983,-1.473052518599407,0.6236842105263157,-1.473052518599407,0.6102636061250626,-568.0,0.4122807017543859,0.6578947368421053,0.6754385964912281,0.4517543859649122,0.5385964912280702,冠德
91.8000030517578,92.5,91.3000030517578,91.5999984741211,282325.0,0.0373725402979767,91.07999877929689,0.0420932523778496,89.06500053405762,0.1522012386681899,89.1066670735677,0.3259028687561904,80.10877532958985,0.0091779440953972,54.58332697550456,396970.2,0.7111994804647804,0.0284623356521973,2535.TW,2026-08-21,0.0290069288707848,0.041293547521183,neutral,0.2702702702702703,0.1593662628145386,2026-03-31,2026-05-15,7158996000.0,1023899000.0,759460000.0,917121000.0,168741000.0,748785000.0,2.88,29176307000.0,17358125000.0,31406521000.0,21164629000.0,10241892000.0,7958413000.0,1895000000.0,3752518000.0,0.0,0.1839898988246916,619727031.4385997,14048396000.0,0.0441137216973809,0.0731100269364293,0.023841704721131,2.0664764869615886,0.1430227087708946,0.10608470796743,0.1045935770881838,0.5557714720596632,,,66.50740970485359,66.50740970485359,False,58.14995993199437,58.14995993199437,60.23932237520918,195.0,True,False,True,True,True,False,True,True,True,True,True,True,False,True,True,False,False,11,False,0.0279814236402182,0.1434452480050174,1.0,36362469.714271545,0.4734389561975768,1.0,3.0,,,,,,0.0856350338234679,0.0375758719731281,0.3224144411364135,-0.2903913944040441,0.8929824561403509,-0.2903913944040441,0.8781387784414523,-195.0,0.8070175438596491,0.3684210526315789,0.9298245614035088,0.825438596491228,0.7,達欣工
11.600000381469728,11.899999618530272,11.600000381469728,11.699999809265137,1504347.0,0.0684931518779938,11.459999847412108,0.0588234938742608,11.10499997138977,0.2354804096469138,10.9821666876475,0.119617227063653,10.58141670227051,0.0097749427478893,70.9676883472302,1189311.85,1.2648885992349272,0.0535794542465815,2537.TW,2026-08-21,0.0290069288707848,0.041293547521183,neutral,0.217148182665424,0.0913327120223671,2026-03-31,2026-05-15,1212617000.0,259289000.0,167409000.0,150138000.0,30818000.0,,0.4,17831477000.0,12815624000.0,18460150000.0,13906467000.0,4553683000.0,679610000.0,8130480000.0,,1090843000.0,0.205264490002531,133045876.99316628,5644526000.0,0.0235707793698117,,,3.053894397128654,0.2138259648347334,0.1380559566623262,,2.980962167272918,,,51.40705905064119,51.40705905064119,False,72.87459623365096,72.87459623365096,67.50771193789852,350.0,True,False,True,True,True,True,True,True,True,True,True,True,True,True,False,False,False,13,False,0.0653635245242669,0.1057120363433572,1.0,13914948.418156767,0.5973904939422181,0.0,3.0,,,,,,0.1385797781441435,0.1060940419293222,0.3552584086738339,0.4579732758038692,0.975,0.4579732758038692,0.9745806448059854,-350.0,0.6491228070175439,0.6929824561403509,1.0,0.7017543859649124,0.7324561403508771,聯上發
117.0,117.5,112.0,114.5,393337.0,0.1472945540955401,110.8,0.1927083333333332,95.02229232788086,0.3176064210528442,93.73409741719564,0.2722222222222221,89.06954879760742,0.0395482643671269,77.38868778067908,438741.5,0.896511955217366,0.2049804019135845,2546.TW,2026-08-21,0.0290069288707848,0.041293547521183,neutral,0.0503261882572227,0.0559179869524697,2026-03-31,2026-05-15,4271987000.0,331333000.0,227648000.0,236497000.0,50162000.0,186338000.0,1.43,15279304000.0,9683343000.0,16184746000.0,9989889000.0,6194857000.0,7854449000.0,0.0,,,0.2121041704545935,179362909.8043527,6501403000.0,0.0275883389791945,0.0300794675325031,0.0115131865523252,1.6126101054471476,0.0775594588653944,0.0532885516739634,0.0436185784273219,0.0858039345262302,,,37.32527210445105,37.32527210445105,False,82.09226467847157,82.09226467847157,70.90051653496644,567.0,True,True,True,True,True,True,True,False,True,True,False,True,True,False,False,False,False,11,False,0.2215405402622976,0.2855122939959889,1.0,50235901.75,0.4175209692451072,2.0,3.0,,,,,,0.1171162917326472,0.0245620052206214,0.3648581001348363,-0.5237630163604323,0.8951754385964913,-0.5237630163604323,0.9385154240883092,-567.0,0.4210526315789473,0.8157894736842105,0.9736842105263158,0.5039473684210526,0.65,根基
169.5,170.0,167.5,169.5,110893.0,0.018018018018018,167.6,0.0527950310559006,165.225,0.1396759536506795,167.99059295654297,0.0312917689871945,158.7374605814616,0.0111689106487147,66.66666666666666,220396.85,0.5031514742610885,0.0258738084430323,2597.TW,2026-08-21,0.0290069288707848,0.041293547521183,neutral,0.2348555452003727,0.1761416589002795,2026-03-31,2026-05-15,7352773000.0,1301728000.0,991959000.0,1013069000.0,195724000.0,739775000.0,2.38,14605042000.0,10840879000.0,26488175000.0,15188509000.0,11299666000.0,1346065000.0,1500000000.0,3160000000.0,,0.1931990812076966,800313432.6042945,15647296000.0,0.0511470756739243,0.0654687492532965,0.027928500170359,1.3441555706159811,0.1770390572373171,0.1349095096503047,0.1006117011908296,0.1885695617545852,,,70.60723924497874,70.60723924497874,False,59.410646578771576,59.410646578771576,62.20979474532336,158.0,True,False,True,True,True,False,True,True,True,True,True,True,False,True,True,False,False,11,False,0.0089850688475603,0.0678008793835733,1.0,37357266.075,0.4697110904007455,2.0,3.0,,,,,,0.0448255862068884,0.005934179158666,0.199734498254888,-0.9971072304007011,0.5697368421052631,-0.9971072304007011,0.4838839258884362,-158.0,0.8245614035087719,0.4912280701754385,0.4473684210526316,0.7679824561403509,0.6491228070175439,潤弘
58.0,61.0,58.0,60.20000076293945,2425416.0,0.1189591378557159,58.08000030517578,0.1379962008789235,54.329999923706055,0.0884575311675737,54.1516668955485,-0.0444838331016453,54.55490585962932,0.0270321309605901,77.33332892523981,610000.85,3.9760862628306177,0.1080434538464285,2612.TW,2026-08-21,0.0290069288707848,0.041293547521183,neutral,0.0894687791239515,0.2479030754892824,2026-03-31,2026-05-15,1239781000.0,413974000.0,286693000.0,251153000.0,6735000.0,245435000.0,1.24,3774080000.0,3383047000.0,26827564000.0,13202888000.0,13624676000.0,3013054000.0,905000000.0,5029390000.0,4000000000.0,0.0268163231177807,279004947.8763941,23444517000.0,0.0119006481505417,0.018014006351417,0.0091486129713454,0.9690423464014852,0.3339089726330699,0.2312448730864564,0.1979664150362039,0.0092344987980661,,,50.30355978018509,50.30355978018509,False,75.12198089291844,75.12198089291844,68.9173756147351,361.0,True,True,True,True,True,True,True,False,True,True,False,True,False,True,False,False,False,11,False,0.1116924780738033,0.10347547694125,1.0,36722051.63539372,0.4725069897483691,1.0,3.0,,,,,,0.009395467049983,-0.0451287381947605,0.1778465554972835,-1.7894556654249263,0.2986842105263158,-1.7894556654249263,0.3153269630871642,-361.0,0.6403508771929824,0.7368421052631579,0.2456140350877192,0.581140350877193,0.5903508771929825,中航
73.0,73.5,69.0,69.30000305175781,59867207.0,-0.018413533292636,70.9000015258789,0.0596330494630901,64.36500034332275,0.5098039378644843,57.62660916646322,0.2692308605943301,53.1724713643392,0.0208564654815199,63.60759428727534,46697999.3,1.282007963882941,0.0766721460749129,2634.TW,2026-08-21,0.0290069288707848,0.041293547521183,neutral,0.211556383970177,0.0232991612301957,2026-03-31,2026-05-15,7587090000.0,591710000.0,272385000.0,343445000.0,82787000.0,260658000.0,0.28,37638357000.0,26369324000.0,51480606000.0,33336880000.0,18143726000.0,2181426000.0,5295860000.0,1125000000.0,3448642000.0,0.2410487851038739,206726926.6694813,25111282000.0,0.0082324322059495,0.0143662883797958,0.005063227111196,1.837377835181153,0.0779890577283253,0.0359011162382415,0.0343554643479911,0.0064028588028364,,,19.130159005497152,19.130159005497152,False,83.91291433621222,83.91291433621222,67.71722550353346,866.0,True,True,True,True,True,True,True,True,True,True,True,True,True,True,False,False,False,14,False,0.2025695083251248,0.303306039264422,1.0,3236171494.000984,0.048462255358807,1.0,3.0,,,,,,-0.0169054119525602,-0.0775761852764912,0.2313689245215021,-1.8997626819660345,0.275,-1.8997626819660345,0.2583358513451925,-866.0,0.1228070175438596,0.7017543859649122,0.1491228070175438,0.1267543859649122,0.3017543859649122,漢翔
180.0,183.0,180.0,183.0,492422.0,0.0309859154929577,179.4,0.0223463687150837,178.825,0.0670553935860058,178.89166666666668,0.0340447666622205,176.75177256266275,0.0002796811634735,63.333333333333336,198411.0,2.481828124448745,0.0233468474765832,2707.TW,2026-08-21,0.0290069288707848,0.041293547521183,neutral,0.3560111835973905,0.293569431500466,2026-03-31,2026-05-15,1946379000.0,699803000.0,562483000.0,914767000.0,182055000.0,730305000.0,5.73,4907297000.0,3965941000.0,10835463000.0,7089733000.0,3745730000.0,800345000.0,86714000.0,,,0.1990178919877958,450538819.0610286,6869522000.0,0.0655851774055063,0.1949700058466573,0.0673995195221468,1.892750678772896,0.359540973263686,0.2889894516946596,0.3752121246684227,0.0491755118586034,,,78.92252512482825,78.92252512482825,True,56.33340673502264,56.33340673502264,61.98068633247405,92.0,True,False,True,True,True,False,True,True,False,True,True,True,True,True,True,True,False,11,False,0.0229654819024549,0.0353502957664659,1.0,36309213.0,0.4743709226467847,2.0,2.0,,,,,,0.0507384157644119,-0.0063046591980792,0.2623790237651424,0.9170105511028436,0.7166666666666666,0.9170105511028436,0.669658550305368,-92.0,0.8947368421052632,0.4736842105263157,0.7456140350877193,0.8723684210526316,0.7385964912280703,晶華
234.0,239.0,234.0,237.5,303578.0,0.0281385281385282,234.7,0.0770975056689342,231.775,0.0237068965517242,234.55185928344727,0.0820045558086559,231.66342964172364,0.0135563572756094,62.0253164556962,579076.05,0.5242454769110205,0.0247006795383453,2727.TW,2026-08-21,0.0290069288707848,0.041293547521183,neutral,0.1705498602050326,0.4315004659832246,2026-03-31,2026-05-15,6518701000.0,3105410000.0,538057000.0,528530000.0,105149000.0,417522000.0,5.04,8317061000.0,8320579000.0,17701596000.0,13514625000.0,4186971000.0,3153597000.0,,,672435000.0,0.198946133615878,431012640.1850416,9381017000.0,0.0459451933820226,0.0997193436496216,0.0235866867597701,3.2277808945894297,0.4763847889326416,0.0825405245615652,0.0640498774218974,0.0947978175592529,,,66.00949706522618,66.00949706522618,False,60.01514199946807,60.01514199946807,61.5137307659076,199.0,True,False,True,True,True,False,True,True,True,False,True,True,False,True,True,False,False,10,False,0.0125692489735926,0.0251941809171298,1.0,137530561.875,0.3038210624417521,2.0,3.0,,,,,,0.1021713999583077,0.105448938323961,0.2633633362734321,-0.0107384752071492,0.9013157894736844,-0.0107384752071492,0.7714371561837174,-199.0,0.7894736842105263,0.4649122807017544,0.8771929824561403,0.8026315789473684,0.7096491228070175,王品
36.70000076293945,38.5,36.70000076293945,38.04999923706055,476941.0,0.0511049291472687,36.23000030517578,0.0871428353445871,35.09500007629394,0.0997110091065427,35.35561046600342,0.1409295645571484,34.90988852183024,0.008839384155054,77.77776432206201,120966.4,3.942756004973282,0.084200004397853,2739.TW,2026-08-21,0.0290069288707848,0.041293547521183,neutral,0.1565703634669152,0.2264678471575023,2026-03-31,2026-05-15,1423271000.0,578036000.0,170254000.0,150826000.0,31760000.0,119066000.0,1.3,1661188000.0,2505476000.0,11529842000.0,10032415000.0,1497427000.0,761384000.0,,,,0.210573773752536,134402972.72353572,9024366000.0,0.0148933423936413,0.079513725877789,0.0103267677041888,6.699769003764457,0.4061320718260963,0.1196216321417354,0.0836565910497719,0.0170115129792549,,,49.01608685942811,49.01608685942811,False,61.65785995020941,61.65785995020941,58.49741667751408,384.0,True,False,True,True,True,False,True,False,True,True,True,True,False,True,False,False,False,10,False,0.0762082378311059,0.0899490330158658,1.0,4602771.42770996,0.7483690587138863,1.0,3.0,,,,,,0.0772099145711964,0.0355727504164265,0.2233795840682727,-0.4350187347541804,0.7530701754385964,-0.4350187347541804,0.7428478801201849,-384.0,0.6140350877192983,0.2982456140350877,0.8245614035087719,0.6456140350877193,0.5614035087719298,寒舍
61.900001525878906,61.900001525878906,61.0,61.5,214909.0,0.0477001567405146,60.01999969482422,0.090425502413878,58.66999988555908,0.2393914120216813,56.099389712015785,0.3150698876731692,51.50269988377889,0.0149641028110837,58.33333774849174,197960.5,1.0856155647212449,0.0482358977324199,2832.TW,2026-08-21,0.0290069288707848,0.041293547521183,neutral,0.1481826654240447,0.0876048462255358,2026-03-31,2026-05-15,,,514384000.0,513794000.0,96832000.0,,,,,25841065000.0,13610551000.0,12230514000.0,3713301000.0,,,,0.1884646375784847,417440805.8638287,25841065000.0,0.0161541641516643,,,1.112835568480605,,,,,,,55.14019466216183,55.14019466216183,False,80.13456200812091,80.13456200812091,73.88597017163114,305.0,True,True,True,True,True,True,True,True,True,True,True,True,True,True,False,False,False,14,False,0.0962686103308441,0.1941121560380532,1.0,12174570.75,0.6169617893755824,1.0,3.0,,,,,,0.0352754226782115,-0.0091574299897176,0.1694078061774229,-1.4345304228140916,0.4223684210526315,-1.4345304228140916,0.4402559638367705,-305.0,0.6929824561403509,0.8947368421052632,0.3596491228070175,0.6429824561403509,0.6868421052631579,台產
13.550000190734863,13.699999809265137,13.449999809265137,13.649999618530272,12686374.0,0.0340908951338982,13.560000038146972,0.0224718523212144,13.340000009536745,0.1470588282435707,13.09916672706604,0.0748031357112362,12.719583360354106,0.0045180715645391,62.49996026359523,9536633.55,1.330278020381731,0.0232383514821521,2845.TW,2026-08-21,0.0290069288707848,0.041293547521183,neutral,0.3550792171481827,0.1649580615097856,2026-03-31,2026-05-15,,,,,143704000.0,1221472000.0,,,,891493396000.0,820291532000.0,71201864000.0,7041472000.0,,,,,,891493396000.0,,0.0171550565024533,0.0013701413891348,11.520646875199784,,,,,,,8.670319530616531,8.670319530616531,False,73.24589555939784,73.24589555939784,57.10200155220251,1047.0,True,False,True,True,True,True,True,True,False,True,True,True,True,True,False,False,False,12,False,0.0420509871308132,0.0731483281973053,1.0,130175044.319563,0.3066169617893756,0.0,3.0,,,,,,0.0436646965958045,-0.0648864811107511,0.1859441192683236,-0.9402534926195392,0.4802631578947368,-0.9402534926195392,0.4760520504804805,-1047.0,0.0087719298245614,0.2280701754385964,0.4385964912280701,0.0732456140350877,0.1605263157894736,遠東銀
165.5,168.5,164.0,168.5,288695.0,0.059748427672956,163.7,0.1423728813559321,160.25,0.2934640382777091,148.46401138305663,0.5017336588889039,133.57870292663574,0.0264211369095276,54.320987654320994,438653.75,0.6581386799953266,0.0514820592823712,2850.TW,2026-08-21,0.0290069288707848,0.041293547521183,neutral,0.0857409133271202,0.0633737185461323,2026-03-31,2026-05-15,,,1507350000.0,1508204000.0,248433000.0,,,,,58099283000.0,36260125000.0,21839158000.0,14722947000.0,,,,0.1647210854765005,1259057671.8069968,58099283000.0,0.0216707953488341,,,1.6603261444420157,,,,,,,51.89726928896828,51.89726928896828,False,77.71247641486512,77.71247641486512,71.25867463339091,340.0,True,True,True,True,True,True,True,True,True,True,True,True,False,True,False,False,False,13,False,0.1349551883334736,0.2614286282787441,1.0,73913156.875,0.3681267474370923,2.0,3.0,,,,,,0.00687902475686,-0.0535357741843125,0.1864023518063935,-2.16182993757165,0.2548245614035087,-2.16182993757165,0.2092753088609063,-340.0,0.6666666666666666,0.8333333333333334,0.1228070175438596,0.5850877192982455,0.6078947368421052,新產
129.0,135.5,127.5,134.0,37661834.0,0.0347490347490346,129.1,0.0509803921568627,128.0,0.2595173307220748,124.5561929066976,0.4897516872429099,106.33724091847738,0.0060915700530556,58.18181818181818,19335416.1,1.947816059670937,0.046875,2881.TW,2026-08-21,0.0290069288707848,0.041293547521183,neutral,0.2385834109972041,0.0764212488350419,2026-03-31,2026-05-15,66193246000.0,,,38624861000.0,5062760000.0,33551455000.0,,,,13120104726000.0,12085399702000.0,1034705024000.0,358727505000.0,,,,0.131075164257549,,13120104726000.0,,0.0324261062058977,0.0025572551211051,11.68004351160858,,,0.5068712750542556,-0.3925800152621125,,,12.264204123597382,12.264204123597382,False,78.80843615397022,78.80843615397022,62.17237814637701,1001.0,True,True,True,True,True,True,True,True,True,True,True,True,True,True,False,False,False,14,False,0.0758196511383144,0.2601417795175826,1.0,2590945757.4,0.059645852749301,2.0,3.0,,,,,,0.0127194674839289,-0.1502011945381693,0.2864591777838763,-0.9845575348725968,0.4745614035087719,-0.9845575348725968,0.4268426897186425,-1001.0,0.0526315789473684,0.4824561403508772,0.3333333333333333,0.0947368421052631,0.237719298245614,富邦金
97.3000030517578,101.0,97.3000030517578,100.5,21832082.0,-0.0098522167487684,98.75999908447264,0.0360824742268042,98.84499931335448,0.2274679911249295,97.88930931091308,0.3361911267340758,85.15155048370362,0.0065682211135895,50.0,20593247.0,1.0601573418703714,0.016743393172566,2882.TW,2026-08-21,0.0290069288707848,0.041293547521183,neutral,0.2926374650512581,0.0987884436160298,2026-03-31,2026-05-15,72538053000.0,,,38391738000.0,6735806000.0,31593811000.0,,,,14450034484000.0,13633007653000.0,817026831000.0,293505959000.0,,,,0.1754493636104726,,14450034484000.0,,0.0386692453677815,0.0021864176888285,16.686119887046893,,,0.4355480977687669,-0.3173702053156907,,,13.906153918122188,13.906153918122188,False,65.64775890469511,65.64775890469511,52.71235765805188,978.0,True,False,True,True,True,True,True,True,True,True,True,True,True,True,False,False,False,13,False,0.0266698243910876,0.1802486205959783,1.0,2069621323.5,0.0708294501397949,2.0,3.0,,,,,,0.0129010024567829,-0.0940946241100381,0.2733045137451088,-0.9053769565775636,0.5021929824561404,-0.9053769565775636,0.4730810322491631,-978.0,0.0614035087719298,0.1228070175438596,0.4298245614035088,0.1166666666666666,0.1535087719298245,國泰金
30.39999961853028,31.549999237060547,30.299999237060547,31.549999237060547,48930378.0,-0.0031595697527649,30.939999771118163,0.0293637725850459,30.719999980926517,0.4740958052134734,29.12019815444946,0.5437929462360378,24.663692982991535,0.0057292487868869,60.176988461721486,44724211.8,1.0940467373423897,0.0270182049690548,2883.TW,2026-08-21,0.0290069288707848,0.041293547521183,neutral,0.3187325256290773,0.0260950605778192,2026-03-31,2026-05-15,23565513000.0,,,13099615000.0,1407592000.0,11689699000.0,,,,4235032868000.0,3864021319000.0,371011549000.0,75116245000.0,,,,0.1074529289601259,,4235032868000.0,,0.0315076418281523,0.0027602380818169,10.414827596108069,,,0.4960511150340754,-0.1317078255463794,,,12.146336472811727,12.146336472811727,False,76.90643034386943,76.90643034386943,60.716406876105005,1006.0,True,True,True,True,True,True,True,True,True,True,True,True,True,True,False,False,False,14,False,0.0834404034520561,0.279208237745171,1.0,1411048848.1681342,0.0969245107176141,1.0,3.0,,,,,,-0.0137967373083859,-0.132285627491031,0.2287337254749919,-1.2017499245729557,0.3328947368421052,-1.2017499245729557,0.3634604021236315,-1006.0,0.0350877192982456,0.4035087719298245,0.2894736842105263,0.0732456140350877,0.1964912280701754,凱基金
37.34999847412109,38.0,37.150001525878906,38.0,21455010.0,0.0092961078336351,37.79999923706054,0.0570236215175237,37.57750015258789,0.2902176771651679,34.97058776219686,0.1349479265765298,32.9789800008138,0.0115073961434304,45.544546228472434,42793965.0,0.5013559739089378,0.0112434261378884,2884.TW,2026-08-21,0.0290069288707848,0.041293547521183,neutral,0.2208760484622553,0.0652376514445479,2026-03-31,2026-05-15,25169421000.0,,,12706707000.0,2639201000.0,10056957000.0,,,,4679436007000.0,4394289185000.0,285146822000.0,45485669000.0,,,,0.2077014131198586,,4679436007000.0,,0.0352693988642805,0.0021491814365995,15.410619533399537,,,0.3995704549580223,0.174006725249566,,,29.938092003685178,29.938092003685178,False,67.67972943817601,67.67972943817601,58.2443200795533,682.0,True,False,True,True,True,True,True,False,True,True,True,True,False,True,False,False,False,11,False,0.0866274326986844,0.152249099246317,1.0,1626170670.0,0.0894687791239515,1.0,3.0,,,,,,-0.0668386078680222,-0.1726509000239124,0.1367220518188702,-1.9842570605842136,0.0697368421052631,-1.9842570605842136,0.0717708692231973,-682.0,0.3157894736842105,0.2719298245614035,0.0263157894736842,0.2723684210526316,0.2447368421052631,玉山金
35.900001525878906,37.400001525878906,35.849998474121094,37.25,56045588.0,-0.0132450331125827,36.73000106811524,0.0907759395492826,35.57500057220459,0.6195652173913044,33.21120201746623,0.4989939407717985,28.63685097694397,0.01700684925423,61.27167375141507,58014926.85,0.9660546180624892,0.0470836093001814,2887.TW,2026-08-21,0.0290069288707848,0.041293547521183,neutral,0.1472506989748369,0.015843429636533,2026-03-31,2026-05-15,47867456000.0,,,25588754000.0,4532177000.0,21040510000.0,,,,9064708955000.0,8465511408000.0,599197547000.0,97795796000.0,,,,0.1771159705548773,,9064708955000.0,,0.035114479532407,0.0023211456765409,14.12808088147931,,,0.439557723727787,0.933005034802805,,,37.907562917661295,37.907562917661295,False,83.80816767439549,83.80816767439549,72.33301648521194,558.0,True,True,True,True,True,True,True,True,True,True,True,True,True,True,False,False,False,14,False,0.1216095093580085,0.3007715139486051,1.0,2161056025.1625,0.0680335507921714,1.0,3.0,,,,,,-0.1137049459359398,-0.2354374862704337,0.1254951607462056,-2.168536799575905,0.0228070175438596,-2.168536799575905,0.0262811126741736,-558.0,0.4385964912280701,0.868421052631579,0.0087719298245614,0.3741228070175438,0.481578947368421,台新新光金
22.799999237060547,22.950000762939453,22.64999961853028,22.799999237060547,2976113.0,0.0531177662260087,22.229999923706053,0.0247190668341819,22.122499847412108,0.1059790933106938,22.07684783935547,0.0551572770336383,21.736114358901983,-4.31087957095179e-09,58.82351621210639,2597379.15,1.1458138485480645,0.030624901992154,2903.TW,2026-08-21,0.0290069288707848,0.041293547521183,neutral,0.342031686859273,0.2143522833178005,2026-03-31,2026-05-15,8445107000.0,4894442000.0,1258959000.0,711710000.0,98348000.0,552249000.0,0.39,23289316000.0,44841575000.0,132760502000.0,96156196000.0,36604306000.0,11187325000.0,13575489000.0,13506440000.0,,0.138185496901828,1084989125.0059714,87918927000.0,0.0123407912497154,0.0150869955026602,0.0041597387150584,2.6269094133351416,0.5795595011407197,0.1490755534536152,0.0653927771430249,-0.0031784571239377,,,39.04410208893306,39.04410208893306,False,60.72911756197505,60.72911756197505,55.30786369371455,531.0,True,False,True,True,True,True,False,True,False,True,True,True,True,True,False,False,False,11,False,0.0327560982875438,0.0489454950683423,1.0,59220242.63835697,0.3942218080149114,0.0,3.0,,,,,,0.0392337734986824,0.0036934746045336,0.1696786963988943,-1.4689968979908246,0.4631578947368421,-1.4689968979908246,0.4413546154173708,-531.0,0.4649122807017544,0.175438596491228,0.3684210526315789,0.4504385964912281,0.3587719298245614,遠百
17.350000381469727,17.649999618530273,17.200000762939453,17.649999618530273,1575157.0,0.0321636973562029,17.670000076293945,0.0962732422568459,16.79000015258789,0.3122676482398114,15.58583335876465,0.0895060979816719,14.919166668256125,0.0281690162231037,56.97675295428526,1586808.9,0.9926570237915858,0.0512209325864616,2905.TW,2026-08-21,0.0290069288707848,0.041293547521183,neutral,0.1379310344827586,0.0577819198508853,2026-03-31,2026-05-15,29552820000.0,,,,-68929000.0,32878000.0,0.03,133124099000.0,1468399841000.0,1617410517000.0,62246052000.0,86764624000.0,72610211000.0,2757000000.0,7269508000.0,,,,149010676000.0,,0.0003789332389661,2.032755423217024e-05,0.717412801788895,,,0.0011125165043471,-0.4161502905041906,,,21.27042291580655,21.27042291580655,False,79.21565752287832,79.21565752287832,64.72934887111037,835.0,True,True,True,True,True,True,True,True,True,True,True,True,True,True,False,False,False,14,False,0.1324386198832829,0.1830419225816821,1.0,28007176.47968044,0.516309412861137,0.0,3.0,,,,,,0.0120391693839218,-0.0224047925803068,0.1524667306470515,-1.6925898813613929,0.3043859649122807,-1.6925898813613929,0.2681842306298029,-835.0,0.1491228070175438,0.6052631578947368,0.175438596491228,0.1530701754385964,0.2912280701754385,三商
21.799999237060547,21.950000762939453,21.700000762939453,21.950000762939453,250227.0,0.004576676417568,21.80000038146973,0.0162037210781711,21.82750005722046,0.0501749816805359,21.4776491800944,0.0882248005769761,20.679112148284915,0.0010318795502466,54.90196225094134,199037.1,1.2571877303276624,0.0056122187789651,2908.TW,2026-08-21,0.0290069288707848,0.041293547521183,neutral,0.3904939422180801,0.3448275862068966,2026-03-31,2026-05-15,9402236000.0,2780908000.0,276866000.0,231204000.0,54293000.0,160854000.0,0.32,20114529000.0,15304252000.0,40538813000.0,31810333000.0,8728480000.0,2421634000.0,4169050000.0,9539478000.0,,0.2348272521236656,211850318.0135292,25234561000.0,0.0083952448395487,0.0184286382050483,0.0039679010828462,3.6444298434549887,0.2957709208745664,0.0294468252020051,0.0171080581257479,0.0988141239298459,,,24.019508975015057,24.019508975015057,False,60.49981056364205,60.49981056364205,51.3797351664853,782.0,True,False,True,True,True,True,True,True,False,True,True,True,True,True,False,False,False,12,False,0.0219927040843386,0.0614576005749814,1.0,4368864.496853257,0.7530288909599254,0.0,3.0,,,,,,0.0806855202563795,0.0516409473521781,0.2401590660557527,-0.1166345293918822,0.8293859649122807,-0.1166345293918822,0.85366161887707,-782.0,0.2280701754385964,0.087719298245614,0.9210526315789472,0.3320175438596491,0.3245614035087719,特力
249.5,260.5,247.0,256.5,9281654.0,-0.0621572212065814,254.7,0.2451456310679611,236.475,0.0627212213428509,228.4753537495931,0.5159406587575552,205.08830388387045,0.0556919642857142,70.6713780918728,10202176.35,0.9097719625283678,0.0846812559467173,3006.TW,2026-08-21,0.0290069288707848,0.041293547521183,neutral,0.0307548928238583,0.3066169617893756,2026-03-31,2026-05-15,7266900000.0,3453448000.0,2254754000.0,2352467000.0,288641000.0,2063883000.0,7.22,17585827000.0,5859607000.0,20073767000.0,7169155000.0,12904612000.0,7031281000.0,1000000000.0,693679000.0,0.0,0.1226971515434647,1978102106.7687664,14214160000.0,0.1391641930841334,0.1599337508171497,0.1028149325435529,0.5555498297817866,0.4752298779396992,0.3102772846743453,0.2840114766957024,1.503294079957009,,,98.64788449850906,98.64788449850906,True,73.46870049944297,73.46870049944297,79.7634964992095,7.0,True,False,True,True,True,True,True,True,True,True,True,True,True,True,True,True,True,14,False,0.1226593844389958,0.2506807806321369,1.0,2616858233.775,0.0587138863000931,2.0,0.0,,,,,,0.0030756044442705,-0.0832409839650976,0.2478988168795082,-1.2676665843551211,0.4166666666666666,-1.2676665843551211,0.3913016365844081,-7.0,0.9912280701754386,0.9385964912280702,0.3070175438596491,0.8885964912280702,0.8385964912280701,晶豪科
2995.0,3035.0,2850.0,2865.0,2508842.0,-0.1091202168895807,3018.70498046875,0.2037815126050419,2732.2915649414062,0.1104651162790697,2540.3471883138022,0.6232294617563738,2420.548594156901,0.0695510763356,60.06264822097396,4341204.05,0.5779138623995341,0.0485703783451967,3017.TW,2026-08-21,0.0290069288707848,0.041293547521183,neutral,0.0438024231127679,0.2068965517241379,2026-03-31,2026-05-15,49037946000.0,14597401000.0,12019030000.0,11979060000.0,3304089000.0,7915619000.0,20.17,135871669000.0,112699102000.0,175993383000.0,124678400000.0,51314983000.0,67880246000.0,16445795000.0,7190026000.0,,0.2758220594938167,8703916392.282032,63294281000.0,0.1375150527783392,0.1542555124689411,0.0449767989288551,2.4296685433959904,0.2976756204266794,0.2450965217833552,0.161418241294201,1.1016606943545204,,,82.5145908535667,82.5145908535667,False,81.51954306558432,81.51954306558432,81.76830501257992,70.0,True,True,True,True,True,True,True,True,True,True,True,True,False,True,True,False,False,13,False,0.1277985990181489,0.1836159814828695,1.0,12437549603.25,0.0177073625349487,3.0,2.0,,,,,,0.0786203007657902,-0.0303356643572329,0.3181914325627585,-0.3979265028181945,0.7649122807017543,-0.3979265028181945,0.75164043913497,-70.0,0.912280701754386,0.956140350877193,0.8508771929824561,0.9030701754385964,0.913157894736842,奇鋐
13.699999809265137,14.0,13.550000190734863,13.949999809265137,108219.0,0.0182481754365375,13.879999923706055,0.0730769084050104,14.31749997138977,0.491978528355133,12.55616668065389,0.0568181826391824,11.863333320617675,0.0322638782320577,46.969693247828246,163566.15,0.6616222244027875,-0.0256679003219135,3018.TW,2026-08-21,0.0290069288707848,0.041293547521183,neutral,0.1761416589002795,0.0242311276794035,2026-03-31,2026-05-15,81164000.0,-2098000.0,-46204000.0,-50483000.0,209000.0,-50692000.0,-0.67,945217000.0,679342000.0,1197882000.0,686677000.0,511205000.0,41701000.0,76378000.0,0.0,0.0,0.0,-46204000.0,518540000.0,-0.0891040228333397,-0.0991617844113418,-0.042318024646835,1.3432517287585215,-0.0258488985264402,-0.5692671627815288,-0.6245626139667833,-0.5865792596893894,,,8.765863869002532,8.765863869002532,False,69.10997204100653,69.10997204100653,54.02394499800553,1045.0,True,False,True,True,False,True,True,False,True,True,True,True,False,True,False,False,False,10,False,0.1110078548701345,0.1758920897064382,1.0,2281747.7613022327,0.8387698042870456,0.0,3.0,,,,,,0.0076281466581582,-0.0681078912068278,0.3062904169925241,-0.6911440760734202,0.5302631578947368,-0.6911440760734202,0.681237722975064,-1045.0,0.0175438596491228,0.1578947368421052,0.7631578947368421,0.1293859649122807,0.2087719298245614,隆銘綠能
1120.0,1120.0,1030.0,1085.0,23152087.0,0.0637254901960784,1124.0,0.2932061978545888,955.65,0.0585365853658537,940.1790588378906,1.2557172557172556,812.0020294189453,0.0792207792207791,77.77777777777777,22892298.1,1.0113483101987035,0.1353529011667451,3037.TW,2026-08-21,0.0290069288707848,0.041293547521183,neutral,0.0205032618825722,0.3168685927306617,2026-03-31,2026-05-15,37446455000.0,6726042000.0,2756634000.0,6298845000.0,918107000.0,5042976000.0,3.28,114144042000.0,86190209000.0,266881071000.0,149928398000.0,116952673000.0,60179250000.0,14320916000.0,18542136000.0,5803563000.0,0.1457579921398288,2354832563.095615,180690862000.0,0.0130323832485541,0.0431198011181839,0.018895967335203,1.2819578565767369,0.1796175899694644,0.073615352908573,0.1346716531644984,0.2445010776505265,,,50.25113103325184,50.25113103325184,False,76.55775657691215,76.55775657691215,69.98110019099708,362.0,True,True,True,True,True,True,True,False,True,True,True,True,True,True,False,False,False,13,False,0.1540354890919559,0.3362035569989983,1.0,24838143438.5,0.0055917986952469,3.0,3.0,,,,,,-0.0257670125772284,-0.0927171750311094,0.2019251032190207,-0.7951398870422963,0.3557017543859649,-0.7951398870422963,0.2073915835645125,-362.0,0.631578947368421,0.7719298245614035,0.1052631578947368,0.5526315789473685,0.5684210526315788,欣興
11.199999809265137,11.25,11.149999618530272,11.149999618530272,288648.0,-0.0088889227973092,11.219999885559082,0.042056057690345,10.839999961853028,0.0669856289035053,10.80499997138977,-0.0304348157799764,10.856666660308838,0.0116658889822695,74.9999403954403,377745.45,0.764133624905343,0.0285977544066569,3052.TW,2026-08-21,0.0290069288707848,0.041293547521183,neutral,0.2712022367194781,0.2945013979496738,2026-03-31,2026-05-15,871124000.0,84606000.0,43642000.0,49244000.0,10109000.0,39093000.0,0.19,11542706000.0,8128121000.0,11782392000.0,8138924000.0,3643468000.0,859342000.0,750076000.0,9917000.0,0.0,0.205283892453903,34683000.365526766,3654271000.0,0.0094910860101855,0.0107296125559494,0.0033179171088519,2.233839847090739,0.0971227976728915,0.0500984934406582,0.0448765043782515,0.1339674489624569,,,21.68414340880005,21.68414340880005,False,61.88454415022856,61.88454415022856,51.83444396487143,825.0,True,False,True,True,True,True,True,False,True,True,True,True,False,True,False,False,False,11,False,0.0319296296209177,0.027018694356145,1.0,4211861.623401546,0.7632805219012115,0.0,3.0,,,,,,0.0625478870939679,0.0395204797312744,0.245358255614879,-1.0236419244913455,0.756578947368421,-1.0236419244913455,0.5886487991080275,-825.0,0.1666666666666666,0.0964912280701754,0.6140350877192983,0.2337719298245614,0.2350877192982456,夆典
14.25,14.399999618530272,14.149999618530272,14.399999618530272,1626572.0,0.0285714013235909,14.139999961853029,0.0285714013235909,14.055000019073486,0.0909090777730807,14.329924631118775,-0.155425204522598,14.416629004478455,0.0018539695244601,64.28570455434104,844658.4,1.925715768646828,0.024546396228289,3056.TW,2026-08-21,0.0290069288707848,0.041293547521183,neutral,0.3215284249767008,0.2451071761416589,2026-03-31,2026-05-15,284525000.0,46737000.0,-20665000.0,2569000.0,-823000.0,3392000.0,0.01,13460843000.0,4655985000.0,14920922000.0,6453799000.0,8467123000.0,3249160000.0,2825000000.0,95702000.0,1496470000.0,0.0,-20665000.0,10264937000.0,-0.0020131638411419,0.0004006083294172,0.0002273317962522,0.7622186426251278,0.164263245760478,-0.0726298216325454,0.0119216237588964,-0.914569422684164,,,14.64289306285235,14.64289306285235,False,59.90691995596799,59.90691995596799,48.59091323268908,963.0,True,False,True,True,True,False,True,True,False,True,True,True,True,True,False,False,False,11,False,0.0048901155599465,-0.0011534864317461,0.0,12163080.63778839,0.6178937558247903,0.0,3.0,,,,,,0.0453738008792781,0.0157942048374367,0.1489043461632711,-1.88566192918698,0.425,-1.88566192918698,0.6908460503304046,-963.0,0.0701754385964912,0.0263157894736842,0.7719298245614035,0.175438596491228,0.1973684210526315,富華新
842.0,842.0,792.0,811.0,17254445.0,-0.0591647331786543,856.2,0.1406469760900139,781.85,0.192934447888375,759.9524820963542,1.667942065720799,594.5006612141927,0.0374178995554966,64.90765171503958,14607288.1,1.181221653319756,0.0372833663746241,3189.TW,2026-08-21,0.0290069288707848,0.041293547521183,neutral,0.0885368126747437,0.1258154706430568,2026-03-31,2026-05-15,11104965000.0,2349499000.0,890638000.0,964461000.0,88658000.0,549232000.0,1.17,33407134000.0,17816161000.0,83654067000.0,32183791000.0,51470276000.0,11635037000.0,1278540000.0,7562530000.0,,0.0919249197220001,808766173.3486372,65837906000.0,0.0122842025587605,0.0106708578753298,0.0065655146210643,0.6252888754666869,0.2115719410191747,0.0802017836166075,0.0494582378242524,0.2883172632505095,,,45.18411999125517,45.18411999125517,False,79.47380125696505,79.47380125696505,70.90138094053758,427.0,True,True,True,True,True,True,True,True,True,True,True,True,True,True,False,False,False,14,False,0.0671719865468818,0.3641700554943616,1.0,11846510649.1,0.0195712954333644,3.0,3.0,,,,,,-0.1085206942384822,-0.2048465657248994,0.1722452264915257,-1.535147452693232,0.1456140350877193,-1.535147452693232,0.1452055462132039,-427.0,0.5789473684210527,0.8245614035087719,0.0789473684210526,0.5039473684210527,0.5526315789473685,景碩
13.800000190734863,14.0,13.800000190734863,14.0,21033.0,0.0035842431124375,13.870000076293945,0.0294117358316605,13.849999952316283,0.0980392156862746,13.5127986907959,-0.0070922254442736,13.423066004117327,0.0065603609300873,51.28205755210613,41424.85,0.5077387123912338,0.0108303283899022,3266.TW,2026-08-21,0.0290069288707848,0.041293547521183,neutral,0.3178005591798695,0.2292637465051258,2026-03-31,2026-05-15,508760000.0,129118000.0,60784000.0,58332000.0,13161000.0,43683000.0,0.12,12792293000.0,7165124000.0,13882400000.0,7442761000.0,6439639000.0,986601000.0,4625000000.0,151500000.0,,0.2256222999382843,47069774.120551325,6717276000.0,0.0070072711201015,0.0067834547868288,0.003146646113064,1.155773017711086,0.2537896061011085,0.1194748014781036,0.0858617029640695,1.0270049523688098,,,43.42781225211624,43.42781225211624,False,60.63691692780096,60.63691692780096,56.33464075887978,456.0,True,False,True,True,True,True,True,True,True,True,True,True,False,True,False,False,False,12,False,0.0360548040677874,0.0429807911028452,1.0,579947.9,0.9655172413793104,0.0,3.0,,,,,,0.046560478036169,0.0330351757298019,0.2158800496776611,-1.2548256202235235,0.6241228070175439,-1.2548256202235235,0.7270677900509709,-456.0,0.543859649122807,0.2105263157894736,0.7982456140350878,0.5820175438596491,0.4947368421052631,昇陽
5620.0,5830.0,5425.0,5600.0,3181525.0,0.0247026532479415,5582.0,0.375921375921376,4677.25,0.2256018794385963,4550.438403320312,1.1268477532286916,4034.4544759114574,0.0837629612465967,74.86818980667839,2298309.55,1.384289161570947,0.1972847292746806,3443.TW,2026-08-21,0.0290069288707848,0.041293547521183,neutral,0.0130475302889096,0.1015843429636533,2026-03-31,2026-05-15,11447812000.0,3113307000.0,1824178000.0,1924721000.0,278481000.0,1646240000.0,12.28,31638843000.0,19973296000.0,35132291000.0,20548418000.0,14583873000.0,7671980000.0,,,,0.144686424681811,1560244207.1967833,15158995000.0,0.1029253065389086,0.1128808513348957,0.0468583161855285,1.4089822367487703,0.2719565101173918,0.1593473058432476,0.1438038989459295,0.6298963899650951,,,83.63888359987813,83.63888359987813,True,85.27137519699927,85.27137519699927,84.86325229771899,63.0,True,True,True,True,True,True,True,False,True,True,True,True,True,False,True,True,False,12,False,0.2306506546520563,0.3880439185609736,1.0,12870533479.999998,0.015843429636533,3.0,2.0,,,,,,0.0897992530239027,-0.0072185213259051,0.3241962217786762,0.0043762468909959,0.8228070175438597,0.0043762468909959,0.7750053817527502,-63.0,0.9210526315789472,0.9824561403508772,0.8859649122807017,0.9157894736842104,0.9324561403508772,創意
558.0,578.0,541.0,551.0,13959154.0,0.080392156862745,560.0,0.2903981264637003,477.2,0.147828072657254,494.17456614176433,0.8161359283868708,414.9921298980713,0.0699551569506726,69.61325966850829,10187970.0,1.3701604932091476,0.1546521374685667,3450.TW,2026-08-21,0.0290069288707848,0.041293547521183,neutral,0.02143522833178,0.16309412861137,2026-03-31,2026-05-15,2086881000.0,517637000.0,265998000.0,305196000.0,125755000.0,100381000.0,0.69,7884253000.0,4106443000.0,13684502000.0,5884300000.0,7800202000.0,2629692000.0,117848000.0,986625000.0,,0.4,159598800.0,9578059000.0,0.0166629585388855,0.0128690256995908,0.0073353783718252,0.7543778994441426,0.248043371902854,0.1274619875306737,0.048100969820512,-0.243335936667196,,,38.19504843746604,38.19504843746604,False,73.79397219094048,73.79397219094048,64.89424125257187,554.0,True,False,True,True,True,False,True,True,True,True,True,True,True,False,False,False,False,11,False,0.1149906080798461,0.3277360226935735,1.0,5613571470.0,0.0344827586206896,3.0,3.0,,,,,,0.0470431975885651,-0.0674888358938551,0.3016612853614357,-1.2765296545428118,0.5951754385964912,-1.2765296545428118,0.5606179122547197,-554.0,0.4561403508771929,0.6228070175438597,0.5614035087719298,0.4719298245614035,0.5271929824561403,聯鈞
78.4000015258789,80.80000305175781,76.9000015258789,79.69999694824219,2166165.0,0.0755735302218238,78.61999969482422,0.2834138310237728,73.71999950408936,0.0337224192681897,76.17166646321614,0.2492162680457454,69.95333328247071,0.0548004027455778,59.9098975255327,3438437.1,0.6299853500301053,0.0811177086866516,3504.TW,2026-08-21,0.0290069288707848,0.041293547521183,neutral,0.0242311276794035,0.3998136067101584,2026-03-31,2026-05-15,684957000.0,124843000.0,-9502000.0,7393000.0,1414000.0,5979000.0,0.05,2230493000.0,1016643000.0,4251347000.0,1422483000.0,2828864000.0,1174939000.0,85127000.0,112000000.0,,0.1912620045989449,-7684628.432300826,3234704000.0,-0.002375682112583,0.0021135692631388,0.0014063777903803,0.5028460187552318,0.1822639961340638,-0.0138724036691354,0.0087290151060577,0.0537005671880119,,,23.10660181855068,23.10660181855068,False,69.82631008745457,69.82631008745457,58.1463830202286,801.0,True,False,True,True,True,False,True,True,True,False,True,True,False,True,False,False,False,10,False,0.0463207731805355,0.1393309397625781,1.0,274043426.37672275,0.2273998136067101,1.0,3.0,,,,,,0.0203202161135574,-0.0674431870752125,0.2534285362544033,-1.8130970577050316,0.3947368421052631,-1.8130970577050316,0.484501139472156,-801.0,0.2017543859649122,0.2631578947368421,0.4561403508771929,0.2399122807017543,0.2710526315789474,揚明光
5530.0,5560.0,5330.0,5395.0,1262601.0,0.1112255406797115,5389.0,0.5728862973760933,4348.75,0.5414285714285714,3811.647961425781,0.7717569786535303,3896.865647379557,0.1244557123222354,75.51020408163265,1633543.7,0.7729214712774443,0.2405863753952284,3653.TW,2026-08-21,0.0290069288707848,0.041293547521183,neutral,0.0046598322460391,0.02143522833178,2026-03-31,2026-05-15,5305216000.0,2216652000.0,1696566000.0,1775586000.0,371056000.0,1398199000.0,9.53,20477674000.0,8468040000.0,30307238000.0,8909881000.0,21397357000.0,10253854000.0,,,,0.2089766420776014,1342023334.256972,21839198000.0,0.0614502114160498,0.0653444722168256,0.0461341610871963,0.4164010069094047,0.4178250235240186,0.3197920687866432,0.2635517573648274,0.116346562150301,,,88.8947474261209,88.8947474261209,False,84.32432432432432,84.32432432432432,85.46693009977346,39.0,True,True,True,True,True,True,True,False,True,True,False,False,False,False,True,False,False,9,False,0.415398288246418,0.3844459851028894,1.0,8812968261.5,0.0242311276794035,3.0,2.0,,,,,,-0.0101393950401925,-0.1182464678403188,0.2403366043768022,-1.7130149361271827,0.2964912280701754,-1.7130149361271827,0.2901959090732798,-39.0,0.9649122807017544,0.9912280701754386,0.2105263157894736,0.8517543859649123,0.8219298245614035,健策
2270.0,2360.0,2225.0,2275.0,3465503.0,0.0340909090909091,2220.0,0.0317460317460318,2191.75,0.0756501182033098,2084.8686401367186,0.5116279069767442,2120.9759867350263,0.0156394810009267,60.588235294117645,3229842.1,1.072963597817986,0.0379833466408121,3665.TW,2026-08-21,0.0290069288707848,0.041293547521183,neutral,0.3103448275862069,0.2730661696178937,2026-03-31,2026-05-15,20863649000.0,6001841000.0,3108361000.0,3043227000.0,769751000.0,2273834000.0,11.66,52902105000.0,23706185000.0,85600663000.0,38964135000.0,46636528000.0,12968524000.0,2321009000.0,3082678000.0,8542272000.0,0.2529390676410271,2322135066.768269,61894478000.0,0.0375176452214084,0.0487565026281544,0.026563275567153,0.8354853302973154,0.2876697647664605,0.1489845328590411,0.1089854416166606,0.2942080053793907,,,78.1830301662937,78.1830301662937,False,72.17879346064808,72.17879346064808,73.67985263705948,96.0,True,False,True,True,True,True,True,True,True,True,True,True,True,True,True,False,False,13,False,0.091195846204878,0.0726194045704751,1.0,7347890777.5,0.0298229263746505,3.0,2.0,,,,,,0.0212781145679699,-0.0065053833103464,0.3128648773732396,-0.0355923797918029,0.650438596491228,-0.0355923797918029,0.6044729216828831,-96.0,0.8859649122807017,0.8859649122807017,0.6491228070175439,0.850438596491228,0.8385964912280701,貿聯-KY
20.5,20.700000762939453,20.25,20.64999961853028,781123.0,-0.0698198689703082,20.879999923706052,0.1072386080915965,19.999999904632567,0.2439758520476596,18.61583334604899,-0.1673386994435308,19.425416652361555,0.0399064096524326,66.22516372256989,1041822.3,0.749766058952664,0.0324999858498575,3712.TW,2026-08-21,0.0290069288707848,0.041293547521183,neutral,0.124883504193849,0.0848089468779123,2026-03-31,2026-05-15,5952868000.0,2246677000.0,1881231000.0,1749422000.0,95514000.0,-477314000.0,-1.94,29571984000.0,46915609000.0,61775289000.0,55872481000.0,5902808000.0,6100937000.0,11857517000.0,7405579000.0,0.0,0.0545974613329431,1778520563.2191665,14859680000.0,0.1196876758597201,-0.0808621930443951,-0.0077266170296669,9.465407141821316,0.3774108547342222,0.3160209499017952,-0.0801821911723895,-0.1923537691038415,,,39.89432060139683,39.89432060139683,False,76.03586588686942,76.03586588686942,67.00047956550127,510.0,True,True,True,True,True,True,True,True,True,True,True,True,False,True,False,False,False,13,False,0.1092707607910024,0.0630402419718421,1.0,21513630.09757633,0.5452003727865797,0.0,3.0,,,,,,0.1705862752298305,0.1362060600359498,0.3273429830881936,-1.2377940377533714,0.9039473684210526,-1.2377940377533714,0.8904059675740816,-510.0,0.4912280701754385,0.6754385964912281,0.9385964912280702,0.5583333333333333,0.6359649122807017,永崴投控
18.049999237060547,18.299999237060547,17.899999618530273,18.14999961853028,2008321.0,0.0583090391978504,17.609999847412112,0.0645161542927654,17.197499752044678,0.0707963894735967,17.320833206176758,0.0083333121405708,17.625833320617676,0.0087989498981264,75.47170897742349,1295859.35,1.549798595040426,0.0553859502961966,4142.TW,2026-08-21,0.0290069288707848,0.041293547521183,neutral,0.1994408201304753,0.2842497670083877,2026-03-31,2026-05-15,82316000.0,-74558000.0,-199219000.0,-200467000.0,0.0,-185545000.0,-0.44,2912947000.0,1385145000.0,7821186000.0,2973185000.0,4848001000.0,1792715000.0,222500000.0,1545416000.0,,-0.0,-199219000.0,6436041000.0,-0.0309536561373676,-0.0382724756038622,-0.023723384151713,0.6132806078216568,-0.9057534379707468,,,0.1416287584600022,,,24.80070069002073,24.80070069002073,False,61.10768203756265,61.10768203756265,52.03093670067717,768.0,True,False,True,True,True,False,True,False,True,True,True,True,True,True,False,False,False,11,False,0.0478710465301306,0.0297385257410474,1.0,23519846.70816889,0.5358807082945014,0.0,3.0,,,,,,-0.0331364942771212,-0.1001076231548618,0.0664300288037648,-2.1795954414711205,0.0951754385964912,-2.1795954414711205,0.4675887565845318,-768.0,0.2543859649122807,0.1052631578947368,0.4035087719298245,0.2767543859649123,0.2394736842105263,國光生
15.350000381469728,15.350000381469728,15.199999809265137,15.300000190734863,707224.0,-0.0129032135009765,15.420000076293944,0.0479451911627051,14.634999990463257,0.1046931241391968,15.023623657226562,0.1208791661770207,14.25597850481669,0.0150858311844654,72.54904600714997,1100130.05,0.6428549061086005,0.0454390297714346,4306.TW,2026-08-21,0.0290069288707848,0.041293547521183,neutral,0.2506989748369059,0.2180801491146318,2026-03-31,2026-05-15,3266440000.0,556508000.0,165625000.0,302191000.0,119003000.0,155400000.0,0.24,24550171000.0,15849766000.0,37327313000.0,24023660000.0,13303653000.0,2738401000.0,5787002000.0,7511840000.0,,0.3938006095482658,100401774.04356848,21477547000.0,0.0046747318976216,0.0116810022029287,0.0041631713485511,1.8057942431300635,0.1703714135266528,0.0507050489217619,0.0475747296751203,0.0909570639640227,,,24.18555826097449,24.18555826097449,False,55.81361284131325,55.81361284131325,47.90659919622856,778.0,True,False,True,True,True,False,True,False,True,True,True,True,False,True,False,False,False,10,False,0.0183961299759636,0.0732339548327341,1.0,16831989.974833157,0.5712954333643989,0.0,3.0,,,,,,0.0379114586302657,0.0191307468894482,0.2339110738387775,-1.4953515876464234,0.5614035087719298,-1.4953515876464234,0.5502505818846076,-778.0,0.2368421052631578,0.0087719298245614,0.543859649122807,0.2828947368421052,0.2298245614035087,炎洲
171.0,172.5,170.5,172.0,189519.0,0.033033033033033,169.3,0.0392749244712991,167.975,0.0817610062893081,165.56081873575846,0.0177514792899409,160.15540936787923,0.0067425831585256,69.44444444444444,255266.3,0.7424364281536576,0.0239618990921268,4536.TW,2026-08-21,0.0290069288707848,0.041293547521183,neutral,0.282385834109972,0.2600186393289841,2026-03-31,2026-05-15,2316961000.0,794900000.0,396418000.0,448947000.0,83458000.0,327949000.0,3.61,9168173000.0,3277337000.0,14414904000.0,4782570000.0,9632334000.0,5697733000.0,352903000.0,784549000.0,,0.1858972217210494,322724995.159785,11137567000.0,0.0289762562290116,0.0340466806902667,0.022750689147843,0.4965120603168453,0.3430787138842647,0.1710939459058655,0.1415427363688901,-0.0352736858453488,,,64.73287402560862,64.73287402560862,False,62.64206786843742,62.64206786843742,63.16476940773022,212.0,True,False,True,True,True,True,True,True,True,True,True,True,False,True,True,False,False,12,False,0.0388931470224167,0.073956856523738,1.0,43905803.6,0.4408201304753029,2.0,3.0,,,,,,0.0615404212928878,0.0303441814036795,0.2273679856637952,-1.200028276415806,0.6868421052631579,-1.200028276415806,0.7203174455739025,-212.0,0.7719298245614035,0.543859649122807,0.7894736842105263,0.7745614035087719,0.7070175438596491,拓凱
145.5,145.5,141.0,142.5,454891.0,0.0251798561151079,142.9,0.1003861003861004,134.075,0.1680327868852458,128.58333333333334,0.1220472440944882,126.62916666666666,0.0254302103250477,72.58064516129032,325699.5,1.3966585763871298,0.0628379638262168,4736.TW,2026-08-21,0.0290069288707848,0.041293547521183,neutral,0.1314072693383038,0.146318732525629,2026-03-31,2026-05-15,1074466000.0,531890000.0,272939000.0,362978000.0,69184000.0,284846000.0,2.99,7743817000.0,2835366000.0,13071771000.0,3115964000.0,9955807000.0,2352593000.0,940000000.0,169444000.0,,0.1906010832612444,220916530.9357592,10236405000.0,0.0215814566672341,0.0286110407724858,0.0217909264169331,0.3129795505276468,0.4950272972806957,0.2540229285989505,0.2651047124804321,0.0999991809891194,,,73.12470502530472,73.12470502530472,False,75.94179872878765,75.94179872878765,75.23752530291691,136.0,True,True,True,True,True,True,True,False,True,True,True,True,True,True,True,False,False,13,False,0.1082307193778353,0.1253331578427825,1.0,46412178.75,0.4324324324324324,2.0,3.0,,,,,,0.0510029532385748,0.0130206416375465,0.2396681351387778,-1.3599622671305491,0.6267543859649123,-1.3599622671305491,0.6146529772699061,-136.0,0.8596491228070176,0.9035087719298246,0.6842105263157895,0.8333333333333333,0.8377192982456141,泰博
54.400001525878906,54.400001525878906,53.29999923706055,53.900001525878906,1103018.0,0.0486381308518308,52.86000061035156,0.0527343891153575,52.41250057220459,0.0715706231296702,52.66416676839193,-0.0288288013355152,53.07624994913737,0.0055638188930542,60.20408639904088,600233.85,1.837647110372066,0.0283806522763609,4746.TW,2026-08-21,0.0290069288707848,0.041293547521183,neutral,0.2357875116495806,0.2805219012115564,2026-03-31,2026-05-15,1064006000.0,457344000.0,150781000.0,50297000.0,35332000.0,18755000.0,0.16,5381459000.0,2311843000.0,13698402000.0,5014089000.0,8684313000.0,1156746000.0,683000000.0,2376884000.0,,0.4,90468600.0,11386559000.0,0.0079452097863805,0.0021596411829007,0.0013691378016209,0.5773731324515825,0.4298321626005868,0.1417106670451106,0.017626780300111,-0.0696979420680393,,,40.897657444322505,40.897657444322505,False,65.41364044464306,65.41364044464306,59.28464469456292,493.0,True,False,True,True,True,False,True,True,True,True,True,True,True,True,False,False,False,12,False,0.0234663307770912,0.0155201540713771,1.0,32352605.430884168,0.4958061509785648,1.0,3.0,,,,,,0.0082894620063309,-0.0467585915346827,0.1493560515444336,-2.109632013848899,0.2285087719298245,-2.109632013848899,0.2884576305242151,-493.0,0.5263157894736842,0.3245614035087719,0.2017543859649122,0.4776315789473683,0.4008771929824561,台耀
347.0,353.0,343.5,352.5,280454.0,0.0428994082840237,338.8,0.0681818181818181,328.825,0.0405160710075973,340.40510609944664,0.1362691320300795,334.48265813191733,0.0066585029848462,76.42276422764228,319456.9,0.8779087257154251,0.0719987835474798,4766.TW,2026-08-21,0.0290069288707848,0.041293547521183,neutral,0.1891891891891892,0.3765144454799627,2026-03-31,2026-05-15,5836439000.0,2049134000.0,1029134000.0,1137822000.0,294397000.0,790102000.0,6.55,18912976000.0,9859710000.0,29430901000.0,14718429000.0,14712472000.0,8106662000.0,2724136000.0,2823780000.0,,0.2587373068898299,762858640.4112418,19571191000.0,0.0389786518567644,0.0537028719578871,0.026846001078934,1.0004048945683637,0.3510931922701497,0.1763290938190221,0.1353739840337575,0.0507633934800317,,,74.91460354923571,74.91460354923571,False,55.911361816281904,55.911361816281904,60.66217224952035,121.0,True,False,True,True,True,False,True,False,True,False,True,True,True,True,True,False,False,10,False,0.0355308827154312,0.0538662959948637,1.0,112608557.25,0.3215284249767008,2.0,3.0,,,,,,0.0452292735370832,0.0088453731655531,0.2205477028496874,-0.3828955545922987,0.631140350877193,-0.3828955545922987,0.6694930480170963,-121.0,0.8771929824561403,0.3947368421052631,0.7280701754385965,0.8548245614035088,0.7026315789473684,南寶
266.5,277.0,264.0,276.0,7633974.0,0.0361134472626814,263.5,0.263157894736842,252.5007423400879,0.0203327171903882,256.025247446696,0.3496332518337408,249.72929039001465,0.0501142141742975,70.68031179788676,5356909.3,1.4250706092783765,0.0930660933592879,4967.TW,2026-08-21,0.0290069288707848,0.041293547521183,neutral,0.0288909599254426,0.4417520969245107,2026-03-31,2026-05-15,9044806000.0,3438206000.0,2905058000.0,2864850000.0,570946000.0,2293904000.0,27.0,20958301000.0,12834218000.0,21898307000.0,14803268000.0,7095039000.0,1301935000.0,5211626000.0,51810000.0,1902817000.0,0.1992935057681903,2326098806.7200727,9064089000.0,0.2566279751577983,0.3233109782765112,0.1047525728815474,2.0864251768031155,0.3801304306582142,0.3211852194508097,0.2536156109926514,0.6905237801707493,,,87.69619578074207,87.69619578074207,False,64.38723163638441,64.38723163638441,70.21447267247383,46.0,True,False,True,True,True,False,True,True,True,False,True,True,True,True,True,False,False,11,False,0.0780186827373841,0.1051967495240828,1.0,1478506966.8,0.0941286113699906,2.0,2.0,,,,,,0.1166905067160082,0.0431607598262071,0.3910864132058523,0.2992937151406761,0.950438596491228,0.2992937151406761,0.90550145443447,-46.0,0.956140350877193,0.7894736842105263,0.956140350877193,0.9561403508771928,0.906140350877193,十銓
57.29999923706055,58.20000076293945,57.0,57.900001525878906,67519.0,0.0069565482761548,57.26000061035156,0.088345877735656,55.01499977111816,0.1113244380350371,53.92500006357829,-0.0299244309182475,54.14702949523926,0.0193626139824148,66.66668033941784,100558.3,0.6714413429821308,0.0524402756841473,5283.TW,2026-08-21,0.0290069288707848,0.041293547521183,neutral,0.1509785647716682,0.2050326188257222,2026-03-31,2026-05-15,1223404000.0,353685000.0,-7455000.0,16910000.0,3240000.0,13670000.0,0.16,4507049000.0,2765436000.0,8209751000.0,3417985000.0,4791766000.0,676596000.0,1172000000.0,328000000.0,,0.1916026020106445,-6026602.602010644,5444315000.0,-0.0011069533269126,0.0028528104252169,0.0016650931313263,0.7133038215972983,0.2890991038119869,-0.006093653445632,0.011173741462346,-0.0336491827829927,,,23.489256314333275,23.489256314333275,False,73.41853907164379,73.41853907164379,60.93621838231616,794.0,True,False,True,True,True,True,True,True,True,True,True,True,False,True,False,False,False,12,False,0.0737135179900609,0.0693107648863657,1.0,5822325.723439789,0.7204100652376515,1.0,3.0,,,,,,0.0238144083236963,-0.0181910690325612,0.2124252640099039,-1.809960046489405,0.3789473684210526,-1.809960046489405,0.3822095599769614,-794.0,0.219298245614035,0.4210526315789473,0.2982456140350877,0.2311403508771929,0.2956140350877193,禾聯碩
10.649999618530272,11.0,10.649999618530272,10.949999809265137,3226692.0,0.0233644863977964,10.739999771118164,0.0788177557439855,10.315999937057494,0.0946052834914321,10.315092945098876,-0.5915351756448546,11.592953165372212,0.0137578579200236,68.18180832981844,2724522.0,1.1843149000081483,0.0614579174172118,5521.TW,2026-08-21,0.0290069288707848,0.041293547521183,neutral,0.1686859273066169,0.2404473438956197,2026-03-31,2026-05-15,2612835000.0,137924000.0,51483000.0,62397000.0,-996000.0,63393000.0,0.13,12921452000.0,8050714000.0,13909364000.0,8217996000.0,5691368000.0,1805939000.0,1207000000.0,45836000.0,,0.0,51483000.0,5858650000.0,0.0087875193090558,0.0111384468549564,0.0045575771832558,1.44394036723684,0.0527871067250706,0.0197038848606972,0.0242621520302659,0.2132778029044353,,,26.7192956803025,26.7192956803025,False,72.6059021684483,72.6059021684483,61.13425054641185,742.0,True,False,True,True,True,True,True,True,True,True,True,True,True,True,False,False,False,13,False,0.0615512499543622,-0.0554607050451612,0.0,29833515.38033867,0.5069897483690587,0.0,3.0,,,,,,0.0089898955795193,-0.0609478816560393,0.2775133536630219,-1.4163185857017002,0.4767543859649122,-1.4163185857017002,0.5192038117633346,-742.0,0.2807017543859649,0.4298245614035088,0.5087719298245614,0.3149122807017543,0.3710526315789473,工信
61.400001525878906,63.09999847412109,61.400001525878906,63.0,689788.0,0.0378912554884978,61.43999938964844,0.0874122197473066,59.774505615234375,0.1150442477876105,60.75097325642904,0.1931818354228314,58.26631997426351,0.016955102458376,74.736875919795,567025.2,1.2165032524127677,0.0539610382648412,6024.TW,2026-08-21,0.0290069288707848,0.041293547521183,neutral,0.1547064305684995,0.2031686859273066,2026-03-31,2026-05-15,,,-200365000.0,528439000.0,90392000.0,441039000.0,1.76,83604913000.0,73607565000.0,84532833000.0,73635548000.0,10897285000.0,7933176000.0,,,,0.1710547480409281,-166091615.40877944,10925268000.0,-0.0152025209275213,0.040472374540998,0.0052173692084825,6.757237972577573,,,,,,,16.995424717797373,16.995424717797373,False,61.58053689360551,61.58053689360551,50.434258849653474,913.0,True,False,True,True,True,False,True,False,True,True,True,True,True,True,False,False,False,11,False,0.0370204232626505,0.0812421314376363,1.0,35722587.599999994,0.478098788443616,1.0,3.0,,,,,,0.0437840862467854,-0.0341648370470417,0.2520077255074597,-1.6186050245505694,0.5114035087719299,-1.6186050245505694,0.6483815139636733,-913.0,0.1052631578947368,0.0701754385964912,0.7105263157894737,0.1960526315789473,0.2157894736842105,群益期
24.89999961853028,25.14999961853028,24.89999961853028,25.14999961853028,121528.0,0.0059999847412111,25.0,0.030737705398586,24.7649998664856,0.0298265081717776,24.444590250651046,0.1007748592250308,24.051899417241412,0.006502744940591,60.317455511844685,176274.0,0.6894266879970954,0.0155461237278542,6136.TW,2026-08-21,0.0290069288707848,0.041293547521183,neutral,0.3140726933830382,0.412861136999068,2026-03-31,2026-05-15,171722000.0,51677000.0,-8398000.0,-7084000.0,312000.0,-3345000.0,-0.03,770246000.0,319306000.0,4455250000.0,426683000.0,4028567000.0,310276000.0,57595000.0,27169000.0,,0.0,-8398000.0,4135944000.0,-0.0020304917087852,-0.0008303200616993,-0.0007507996184276,0.1059143362888093,0.3009340678538568,-0.048904624917017,-0.0194791581742583,0.2854886401916383,,,36.25455624577715,36.25455624577715,False,65.79341831956965,65.79341831956965,58.408702801121535,585.0,True,False,True,True,True,True,True,True,True,False,True,True,False,True,False,False,False,11,False,0.0288574838295947,0.0456554462597535,1.0,4433291.032756806,0.7520969245107176,0.0,3.0,,,,,,0.0378981470726437,0.0047055377223752,0.1777958363598309,-1.6079446164657796,0.4298245614035088,-1.6079446164657796,0.4641464065398101,-585.0,0.4035087719298245,0.2894736842105263,0.3947368421052631,0.4021929824561403,0.3675438596491228,富爾特
94.5,94.5,93.0999984741211,93.5999984741211,24408.0,-0.0021322448947719,93.36000213623043,0.0196077926200988,92.7000011444092,0.0274423714805021,91.05000012715657,-0.0168067071996964,92.01416657765706,0.0064053906215186,60.49380041518949,35482.5,0.6878883956880152,0.0097087089385239,6183.TW,2026-08-21,0.0290069288707848,0.041293547521183,neutral,0.3718546132339236,0.4193849021435228,2026-03-31,2026-05-15,663941000.0,299863000.0,193194000.0,199461000.0,39323000.0,160138000.0,1.07,2919021000.0,1409346000.0,4616371000.0,1618254000.0,2998117000.0,876563000.0,,,,0.1971463093035731,155106515.9204055,3207025000.0,0.0483646107905007,0.0534128588043762,0.0346891530165144,0.5397567873435226,0.4516410343690177,0.2909806744876427,0.2411931180632014,0.0640097179642915,,,85.55551742626001,85.55551742626001,False,63.60635414448176,63.60635414448176,69.09364496492631,58.0,True,False,True,True,True,True,True,True,False,False,True,True,False,True,True,False,False,10,False,0.0280065715914696,0.0172346493528867,1.0,3321161.9458580017,0.7931034482758621,1.0,2.0,,,,,,0.0535048949730578,0.0497686968186891,0.1678230554535268,-1.1554332968823515,0.6271929824561403,-1.1554332968823515,0.5973579392656695,-58.0,0.9298245614035088,0.7456140350877193,0.631578947368421,0.8850877192982456,0.8149122807017544,關貿
81.4000015258789,81.5999984741211,79.9000015258789,81.0999984741211,806604.0,-0.0345238276890346,83.55999908447265,0.0397435701810395,79.98499946594238,0.0671052430805407,75.6635913848877,0.3471760373140755,71.84512901306152,0.0182686119152435,57.551018882918925,643703.75,1.253067113559615,0.0139401014643187,6277.TW,2026-08-21,0.0290069288707848,0.041293547521183,neutral,0.2795899347623485,0.2926374650512581,2026-03-31,2026-05-15,1293181000.0,778857000.0,186537000.0,183859000.0,52118000.0,128893000.0,1.08,3416718000.0,1638244000.0,7019344000.0,2304220000.0,4715124000.0,897714000.0,266856000.0,200000000.0,,0.2834672221648111,133659874.77904265,5381100000.0,0.0248387643379685,0.0273360785421549,0.01836254214069,0.4886870419526612,0.6022799592632431,0.1442466290488338,0.0996712757146911,0.0734456101555489,,,66.12491163281756,66.12491163281756,False,68.73473182467026,68.73473182467026,68.08227677670709,198.0,True,False,True,True,True,True,True,True,True,True,True,True,True,True,True,False,False,13,False,0.0718497098767005,0.1288169370449181,1.0,52204373.142786026,0.4091332712022367,1.0,3.0,,,,,,0.0603200728304037,0.038485960567363,0.2912325045378744,-1.449382334389372,0.7521929824561403,-1.449382334389372,0.7395030174417477,-198.0,0.7982456140350878,0.7105263157894737,0.8070175438596491,0.7995614035087719,0.7736842105263158,宏正
19.700000762939453,20.299999237060547,19.200000762939453,20.299999237060547,107648.0,0.0712400221514126,19.85999984741211,0.1802324614310835,18.527499961853028,0.0656168005281703,18.38583345413208,-0.1863728009494085,20.04208335876465,0.0354897215789092,68.46846413393645,130510.7,0.8248212598660493,0.0956685618058013,6431.TW,2026-08-21,0.0290069288707848,0.041293547521183,neutral,0.0605778191985088,0.2991612301957129,2026-03-31,2026-05-15,85846000.0,19557000.0,-32996000.0,-38222000.0,0.0,-38722000.0,-0.4,453102000.0,370475000.0,1190820000.0,633837000.0,556983000.0,188041000.0,205018000.0,5667000.0,,-0.0,-32996000.0,820345000.0,-0.0402221016767335,-0.0695209728124556,-0.0325170890646781,1.1379826673345506,0.2278149243995061,-0.3843626959904946,-0.4510635323719218,-0.2172834778485918,,,15.06887924885221,15.06887924885221,False,75.37772133748375,75.37772133748375,60.30051081532586,953.0,True,True,True,True,True,True,True,True,True,True,True,True,True,True,False,False,False,14,False,0.1041109062422336,0.0128687159752336,1.0,2649367.110428238,0.8229263746505125,0.0,3.0,,,,,,-0.01410309606038,-0.1158863648905673,0.1687608702820073,-1.771012337884037,0.1855263157894736,-1.771012337884037,0.286537859405458,-953.0,0.087719298245614,0.3771929824561403,0.1929824561403508,0.1035087719298245,0.1956140350877193,光麗-KY
438.5,462.0,432.0,455.0,3069001.0,0.1124694376528117,425.2,0.1902313382518634,408.1986968994141,0.3541666666666667,405.9938354492188,-0.0789473684210526,415.4719177246094,0.0210544770533684,69.56521739130434,896512.5,3.4232662678992205,0.1146532398463742,6472.TW,2026-08-21,0.0290069288707848,0.041293547521183,neutral,0.054054054054054,0.0447343895619757,2026-03-31,2026-05-15,4001231000.0,1442628000.0,407236000.0,221152000.0,174254000.0,25838000.0,0.21,19812444000.0,14337765000.0,45331756000.0,28703088000.0,16628668000.0,4832012000.0,3410000000.0,3908546000.0,8410772000.0,0.4,244341600.0,30993991000.0,0.0078835152271935,0.0015538225912021,0.0005699757141549,1.7261206970997316,0.3605460419555881,0.1017776779196202,0.0064575127004664,-0.1067853383739788,,,27.229352834015025,27.229352834015025,False,82.29754708063312,82.29754708063312,68.53049851897859,727.0,True,True,True,True,True,True,True,True,True,True,False,True,False,True,False,False,False,12,False,0.1207066715595757,0.0951402022352598,1.0,407913187.5,0.1854613233923578,2.0,3.0,,,,,,-0.0461119377824061,-0.1259547100181497,0.1868311508582573,-1.984871704249412,0.1557017543859649,-1.984871704249412,0.1524789218290935,-727.0,0.3070175438596491,0.7192982456140351,0.087719298245614,0.2741228070175438,0.3868421052631579,保瑞
51.59999847412109,52.0,51.0,51.20000076293945,728147.0,-0.0058252279040882,50.00999984741211,0.1228070718466467,48.69249973297119,0.2337349581431194,47.17499987284342,-0.1633986907734753,49.04624989827474,0.0229516832604262,65.54878963593134,761186.05,0.9565953028172284,0.0514966584940053,6589.TW,2026-08-21,0.0290069288707848,0.041293547521183,neutral,0.1034482758620689,0.0941286113699906,2026-03-31,2026-05-15,308435000.0,64956000.0,-207240000.0,-141836000.0,406000.0,-142242000.0,-0.47,4188368000.0,910711000.0,10619357000.0,2413133000.0,8206224000.0,3257763000.0,0.0,1001914000.0,,0.0,-207240000.0,9708646000.0,-0.0213459219751137,-0.0173334288705743,-0.0133945963018288,0.2940613124867174,0.2105986674664029,-0.6719081816265988,-0.461173342843711,0.6954150931987708,,,33.08565989658788,33.08565989658788,False,78.78051394113156,78.78051394113156,67.35680042999563,627.0,True,True,True,True,True,True,True,True,True,True,True,True,True,True,False,False,False,14,False,0.0853206338303149,0.0439126512043579,1.0,38972726.34073887,0.4603914259086673,1.0,3.0,,,,,,-0.038044445296835,-0.1253105619414816,0.1072396554833085,-2.2446327305994043,0.075438596491228,-2.2446327305994043,0.0630940207431607,-627.0,0.3596491228070175,0.6842105263157895,0.0175438596491228,0.3083333333333333,0.3885964912280701,台康生技
285.0,292.0,264.0,267.5,6964700.0,-0.0092592592592593,282.0,0.1915367483296213,240.95,0.2441860465116279,249.38333333333333,1.758725960613571,203.86190439860027,0.0590045049994505,73.72881355932203,4343887.25,1.6033335119368026,0.1101888358580618,6672.TW,2026-08-21,0.0290069288707848,0.041293547521183,neutral,0.0521901211556384,0.0838769804287045,2026-03-31,2026-05-15,1245827000.0,423777000.0,145352000.0,148482000.0,24894000.0,123588000.0,1.73,4606299000.0,1439948000.0,6456499000.0,2742865000.0,3713634000.0,1563255000.0,30000000.0,69263000.0,896840000.0,0.1676566856588677,120982765.42611226,5016551000.0,0.0241167219123481,0.0332795315855035,0.0191416431722517,0.7385932485538425,0.3401571807321562,0.1166710947828229,0.0992015745364324,0.2185628742514969,,,64.4879602565514,64.4879602565514,False,75.49199557664504,75.49199557664504,72.74098674662163,215.0,True,True,True,True,True,False,True,False,True,True,True,True,True,True,True,False,False,12,False,0.0726458597874757,0.3121627642454059,1.0,1161989839.375,0.1062441752096924,2.0,3.0,,,,,,-0.0057123754817487,-0.1023953337701107,0.3136445520655678,-1.5352820723527032,0.406578947368421,-1.5352820723527032,0.446911859257433,-215.0,0.7543859649122807,0.8771929824561403,0.3859649122807017,0.6991228070175438,0.7175438596491228,騰輝電子-KY
498.0,500.0,443.0,448.0,1954370.0,0.1487179487179486,441.6,0.0651164984230103,377.0778076171875,0.0476634851044739,412.6443033854167,1.3934652162787209,395.9045453389486,0.031147877448206,68.33910034602076,972766.5,2.009084400007607,0.1880837083226423,6715.TW,2026-08-21,0.0290069288707848,0.041293547521183,neutral,0.1985088536812674,0.353215284249767,2026-03-31,2026-05-15,510155000.0,204097000.0,81086000.0,86255000.0,26914000.0,67524000.0,1.02,2720158000.0,818763000.0,4606291000.0,888200000.0,3718091000.0,1348918000.0,63990000.0,,0.0,0.3120282882151759,55784874.22178425,3787528000.0,0.0147285707780336,0.0181609325861039,0.0146590825460223,0.2388860304925296,0.4000686065999549,0.1589438503984083,0.1323597730101635,0.1737792953021677,,,62.82227722701431,62.82227722701431,False,63.65075967656468,63.65075967656468,63.44363906417708,236.0,True,False,True,True,True,False,True,True,True,True,False,True,True,False,True,False,False,10,False,0.0856808062646645,0.1315858968389729,1.0,435799392.0,0.1798695246971109,2.0,3.0,,,,,,-0.0564106240152793,-0.1915501868353672,0.2162584597741657,-1.8203514239243228,0.1662280701754385,-1.8203514239243228,0.2082657843846738,-236.0,0.7456140350877193,0.5614035087719298,0.1140350877192982,0.6508771929824562,0.5640350877192982,嘉基
274.0,306.0,261.0,282.0,68645351.0,0.0348623853211009,274.6,0.175,227.275,0.8641585210639808,181.88758303324383,1.6868386044110113,154.8010950088501,0.0554975037733659,74.93188010899183,29897580.2,2.2960169532382424,0.2407875921240787,8039.TW,2026-08-21,0.0290069288707848,0.041293547521183,neutral,0.0624417520969245,0.0055917986952469,2026-03-31,2026-05-15,2415476000.0,532169000.0,146484000.0,219817000.0,44902000.0,171370000.0,0.65,10090538000.0,4116000000.0,15838059000.0,5212295000.0,10625764000.0,3401205000.0,544660000.0,425464000.0,0.0,0.2042699154296528,116561725.70820272,11722059000.0,0.0099437927848855,0.0161277814941118,0.0108201390081953,0.4905336689201831,0.2203164096848819,0.060643947611154,0.0709466788326607,0.0846351629146733,,,39.59205928302138,39.59205928302138,False,82.9869524697111,82.9869524697111,72.13822917303867,515.0,True,True,True,True,True,True,True,False,True,True,True,True,True,False,False,False,False,12,False,0.5504081988293752,0.821692540249007,1.0,8431117616.4,0.0260950605778192,2.0,3.0,,,,,,-0.0555465427044965,-0.1620250685039622,0.2055716416995985,-2.023353533883987,0.1451754385964912,-2.023353533883987,0.3070052502428588,-515.0,0.4824561403508772,0.8596491228070176,0.2368421052631578,0.4456140350877193,0.5464912280701755,台虹
1180.0,1200.0,1105.0,1135.0,11580147.0,-0.1302681992337164,1210.0,0.0225225225225225,1102.25,0.3380964874017376,1060.6850189208983,1.1023696405986492,884.2289881388347,0.0050148165033052,62.96296296296296,11503236.4,1.006685996646996,0.0297119528237694,8046.TW,2026-08-21,0.0290069288707848,0.041293547521183,neutral,0.353215284249767,0.0475302889095992,2026-03-31,2026-05-15,11177241000.0,1771445000.0,1352237000.0,1598197000.0,289571000.0,1308626000.0,2.03,25923065000.0,8163676000.0,62161816000.0,15455246000.0,46706570000.0,9657576000.0,,,,0.1811860490289995,1107230520.6191726,53998140000.0,0.0205049751828335,0.0280180282988025,0.0210519267969906,0.3309008989527597,0.1584867857819295,0.1209812868846614,0.1170795189975773,0.3214942908705003,,,61.16068715346135,61.16068715346135,False,73.5659269982917,73.5659269982917,70.46461703708411,248.0,True,False,True,True,True,True,True,True,False,True,True,True,True,True,True,False,False,12,False,0.0700631947783205,0.2836041514415848,1.0,13056173314.0,0.0149114631873252,3.0,3.0,,,,,,-0.0683098928902148,-0.1589988916198276,0.2302051299692573,-1.674720752389575,0.2122807017543859,-1.674720752389575,0.1715706387043536,-248.0,0.7280701754385965,0.7982456140350878,0.0964912280701754,0.6333333333333333,0.6228070175438596,南電
25.049999237060547,25.25,24.89999961853028,25.0,14580418.0,-0.0099009900990099,24.809999847412108,0.024590179952874,24.242499923706056,0.0464804438408177,24.437490113576253,-0.1437887153375104,25.267965205510457,0.0049746079888554,57.95455826216176,20481527.7,0.7118813700601054,0.0312467805992733,9904.TW,2026-08-21,0.0290069288707848,0.041293547521183,neutral,0.3429636533084809,0.3550792171481827,2026-03-31,2026-05-15,63091727000.0,13969640000.0,1993963000.0,3794144000.0,725518000.0,2230126000.0,0.76,160479699000.0,107502469000.0,374676156000.0,140292608000.0,234383548000.0,24051020000.0,31294036000.0,23330207000.0,,0.191220470282625,1612676457.4138465,267173687000.0,0.0060360601956054,0.0095148572458677,0.0059521428419907,0.5985599637735666,0.221417936459403,0.0316041911485478,0.0353473602014413,-0.0587574951413359,,,26.74495140194723,26.74495140194723,False,55.05418420216017,55.05418420216017,47.97687600210693,740.0,True,False,True,True,True,False,True,True,False,True,True,True,False,True,False,False,False,10,False,0.0230183166851183,-0.0106049380443193,0.0,512038192.5,0.1612301957129543,0.0,3.0,,,,,,0.0049981708798885,-0.0445676812967824,0.1449793474170421,-2.0428341954613414,0.2179824561403508,-2.0428341954613414,0.3582828855332124,-740.0,0.2894736842105263,0.0175438596491228,0.2807017543859649,0.2881578947368421,0.2061403508771929,寶成
21.549999237060547,21.549999237060547,21.39999961853028,21.5,138005.0,0.0046729151052475,21.429999923706056,0.0411622468364101,21.095000076293942,0.0411622468364101,20.79175271987915,0.036144578313253,20.93170967102051,0.0098133040789211,71.05259459437755,164801.1,0.8374033911181418,0.0191988586035221,9905.TW,2026-08-21,0.0290069288707848,0.041293547521183,neutral,0.2777260018639329,0.3709226467847157,2026-03-31,2026-05-15,2262403000.0,227921000.0,110504000.0,146083000.0,37653000.0,108152000.0,0.35,9976288000.0,2845823000.0,12068826000.0,3342134000.0,8726692000.0,759126000.0,0.0,,,0.2577507307489577,82021513.24931718,9223003000.0,0.0088931461097125,0.0123932413336004,0.0089612693065588,0.3829783381835866,0.1007428826782849,0.0488436410312397,0.0478040384493832,0.1512060067798128,,,34.794291678762654,34.794291678762654,False,58.99505865809096,58.99505865809096,52.944866913258885,601.0,True,False,True,True,True,True,True,True,True,False,True,True,True,True,False,False,False,12,False,0.0340638564561077,0.0271497330084926,1.0,3543223.65,0.7856477166821995,0.0,3.0,,,,,,0.0378932200600059,0.0239060948176298,0.2017386889993385,-1.379780308767811,0.5412280701754386,-1.379780308767811,0.5690800917768617,-601.0,0.3771929824561403,0.1403508771929824,0.5701754385964912,0.4061403508771929,0.3447368421052632,大華
12.75,13.0,12.75,12.899999618530272,129884.0,0.0078124551801015,12.870000076293945,0.019762846445765,12.71749997138977,0.0319999694824217,12.61833332379659,0.0573770344433552,12.549999984105428,0.0061313298869174,53.571406675853645,187766.25,0.6917324066492248,0.014350276984554,9912.TW,2026-08-21,0.0290069288707848,0.041293547521183,neutral,0.3699906803355079,0.4044734389561976,2026-03-31,2026-05-15,113108000.0,50149000.0,-11615000.0,-11926000.0,595000.0,-10227000.0,-0.19,393001000.0,408084000.0,816555000.0,435692000.0,380863000.0,117439000.0,311095000.0,,,0.0,-11615000.0,408471000.0,-0.0284353111971229,-0.0268521751916043,-0.0125245696860591,1.143959901591911,0.4433727057325742,-0.1026894649361672,-0.0904180075679881,-0.0251243287968764,,,26.50966157427303,26.50966157427303,False,56.73030744902449,56.73030744902449,49.17514598033662,745.0,True,False,True,True,True,True,True,True,False,False,True,True,False,True,False,False,False,10,False,0.0223219887687144,0.0278884171209656,1.0,2422184.5533728595,0.8322460391425909,0.0,3.0,,,,,,0.0781375528723177,-0.0175765651620478,0.2428370371135663,-1.158700629149345,0.6552631578947368,-1.158700629149345,0.6247929989652865,-745.0,0.2719298245614035,0.043859649122807,0.6929824561403509,0.3350877192982456,0.287719298245614,偉聯
110.0,110.0,106.0,107.5,4658346.0,0.0643564356435644,102.46000061035156,0.2119504362861242,95.225,0.585545651346588,82.77499961853027,0.2920673550850559,76.82250016530355,0.0467161351941798,72.72727406882275,4421872.3,1.053478183890566,0.1289052244683644,9921.TW,2026-08-21,0.0290069288707848,0.041293547521183,neutral,0.0410065237651444,0.0177073625349487,2026-03-31,2026-05-15,12523541000.0,2458803000.0,-191441000.0,-170563000.0,-23472000.0,-199773000.0,-0.51,48200680000.0,28731484000.0,72341005000.0,34909460000.0,37431545000.0,13787267000.0,9060327000.0,1863857000.0,,0.1376148402643011,-165095877.36496192,43609521000.0,-0.0037857759860504,-0.0053370225567766,-0.0027615458203822,0.9326214026164296,0.1963344871869705,-0.0152864912567459,-0.0159517982973026,-0.2568048701835493,,,14.870530982450036,14.870530982450036,False,83.77277175609333,83.77277175609333,66.5472115626825,956.0,True,True,True,True,True,True,True,False,True,True,True,True,True,True,False,False,False,13,False,0.2987013046863815,0.3993296204716827,1.0,475351272.25,0.1677539608574091,2.0,3.0,,,,,,0.0479418521309413,0.0064303516819869,0.3934436249042173,-1.4693850207651706,0.6969298245614034,-1.4693850207651706,0.6644822752831152,-956.0,0.0789473684210526,0.6666666666666666,0.7192982456140351,0.175,0.3833333333333333,巨大
20.049999237060547,20.25,20.0,20.25,337322.0,-0.0024630166965359,20.479999923706053,0.0438144535146189,19.99250001907349,0.0887096550908723,19.237747859954837,0.0657894736842106,19.03095726966858,0.0151053537256712,57.47126587978605,414032.55,0.81472338346345,0.0128798289699063,9935.TW,2026-08-21,0.0290069288707848,0.041293547521183,neutral,0.2674743709226468,0.2460391425908667,2026-03-31,2026-05-15,1207014000.0,329361000.0,129050000.0,125078000.0,35715000.0,89363000.0,0.51,4101731000.0,3844659000.0,8361229000.0,5772111000.0,2589118000.0,430540000.0,854900000.0,1461115000.0,287107000.0,0.2855418219031324,92200827.88340075,4516570000.0,0.0204139043308087,0.0345148425062125,0.0106877828606297,2.22937347776347,0.2728725598874578,0.1069167383311212,0.0740364237697325,0.0157374361805349,,,40.70851081970746,40.70851081970746,False,67.97729369924784,67.97729369924784,61.160097979362746,496.0,True,False,True,True,True,True,True,True,True,True,True,True,True,True,False,False,False,13,False,0.0526180167977075,0.0640557757057405,1.0,8384159.1375,0.6616961789375583,0.0,3.0,,,,,,0.099514396141598,0.0668946938556301,0.319049375148599,-0.2285760088349329,0.924561403508772,-0.2285760088349329,0.944830986019876,-496.0,0.5175438596491229,0.4385964912280701,0.9824561403508772,0.587280701754386,0.5868421052631578,慶豐富
133.0,136.0,133.0,134.0,1622282.0,0.0151515151515151,131.4,0.0347490347490346,133.125,0.1451149313813744,126.99577878316244,0.1404787756243553,119.68833147684732,0.0016930022573363,57.333333333333336,1838257.8,0.8825106032461824,0.0065727699530515,9939.TW,2026-08-21,0.0290069288707848,0.041293547521183,neutral,0.2982292637465051,0.1677539608574091,2026-03-31,2026-05-15,6859793000.0,1532311000.0,905992000.0,852810000.0,177064000.0,664457000.0,2.25,15830282000.0,15334754000.0,47767359000.0,28356250000.0,19411109000.0,3417062000.0,3186314000.0,8601830000.0,3723183000.0,0.2076242070332196,717886129.4215593,32432605000.0,0.0221347045487576,0.0342307593038604,0.0139102729125133,1.4608258600783706,0.2233756907825061,0.1320727899515335,0.0968625438114532,-0.0577454629967812,,,44.2251041721302,44.2251041721302,False,68.33292982151652,68.33292982151652,62.30597340916994,443.0,True,False,True,True,True,True,True,True,True,True,True,True,True,True,False,False,False,13,False,0.0551531813415377,0.1195744676741621,1.0,246326545.2,0.2395153774464119,2.0,3.0,,,,,,0.0513536658696639,0.0195618281537505,0.2616499987485837,-0.6633909435431573,0.7390350877192984,-0.6633909435431573,0.7006260123425497,-443.0,0.5526315789473685,0.5,0.7807017543859649,0.5868421052631579,0.5824561403508772,宏全
20.799999237060547,21.100000381469727,20.64999961853028,21.049999237060547,435287.0,0.0095922710758589,20.789999771118165,0.0395061351634837,20.7649998664856,0.1711807239860203,19.910207144419356,0.0152056460136646,19.523512252171837,0.0058125445188524,55.128200739170914,501484.6,0.8679967440675148,0.0137249878356575,9940.TW,2026-08-21,0.0290069288707848,0.041293547521183,neutral,0.2805219012115564,0.1416589002795899,2026-03-31,2026-05-15,2876811000.0,665012000.0,209493000.0,232453000.0,69452000.0,159582000.0,0.22,16303412000.0,4204969000.0,30767900000.0,17352956000.0,13414944000.0,4695442000.0,404164000.0,8438314000.0,900000000.0,0.2987786778402516,146900958.44321218,26562931000.0,0.0055302992897588,0.0118958379550447,0.0051866393221506,1.2935541139791564,0.2311629092074522,0.0728212593736606,0.0554718401730249,0.2999785808018913,,,39.42870701490352,39.42870701490352,False,67.66239804204716,67.66239804204716,60.60397528526125,521.0,True,False,True,True,True,True,True,True,True,True,True,True,True,True,False,False,False,13,False,0.0572466215129594,0.0781871092235928,1.0,10556250.447397614,0.6402609506057781,0.0,3.0,,,,,,0.0360061273022498,0.0139702386179621,0.2021478793363459,-1.5427185197506832,0.4815789473684211,-1.5427185197506832,0.4946902708452582,-521.0,0.4736842105263157,0.3859649122807017,0.4736842105263157,0.4736842105263157,0.4473684210526316,信義
85.30000305175781,86.19999694824219,85.0999984741211,85.4000015258789,1093525.0,0.0118483410180196,84.81999969482422,0.0452876954203647,83.62000007629395,0.1730768948617078,82.22999992370606,0.1493943205680459,79.1083334604899,0.0075305741240491,66.99028622813216,1012499.8,1.080024904696277,0.0212867908151268,9941.TW,2026-08-21,0.0290069288707848,0.041293547521183,neutral,0.2609506057781919,0.1388630009319664,2026-03-31,2026-05-15,9588907000.0,4187850000.0,1390166000.0,1382030000.0,301331000.0,1104074000.0,1.82,235100426000.0,237208150000.0,286724084000.0,244513555000.0,42210529000.0,7708912000.0,35439009000.0,3468847000.0,,0.2180350643618445,1087061066.716352,49515934000.0,0.0219537627365839,0.0261563649202311,0.0038506496719682,5.792714775026866,0.4367390360548913,0.1449764816782559,0.1151407558755132,-0.0112940820804001,,,41.17633903527033,41.17633903527033,False,69.48480665693778,69.48480665693778,62.40768975152091,490.0,True,False,True,True,True,True,True,True,True,True,True,True,True,True,False,False,False,13,False,0.0385504269137055,0.0795323045015394,1.0,86467484.4649521,0.3504193849021435,1.0,3.0,,,,,,0.0622625804626965,0.0450540971314015,0.2571960571116469,-0.9173863294698816,0.7969298245614036,-0.9173863294698816,0.7947468371228485,-490.0,0.5350877192982456,0.5087719298245614,0.9035087719298246,0.5903508771929824,0.6008771929824561,裕融
29.950000762939453,30.049999237060547,29.299999237060547,29.39999961853028,8662748.0,-0.0134228063345992,29.79000015258789,0.1264367505298373,27.632500076293944,0.2645161126249582,26.45507230758667,-0.0150754022508756,25.74586950937907,0.0320261466402967,69.91867876328209,8902097.6,0.973113123360948,0.0639645177727759,9945.TW,2026-08-21,0.0290069288707848,0.041293547521183,neutral,0.0987884436160298,0.0736253494874184,2026-03-31,2026-05-15,8802139000.0,2177505000.0,1558595000.0,3524918000.0,275592000.0,2706817000.0,0.99,56821154000.0,31229259000.0,206807304000.0,85163985000.0,121643319000.0,4687641000.0,7435539000.0,36077246000.0,,0.0781839464066965,1436737892.0502548,175578045000.0,0.0081829017520399,0.0222520811027854,0.0130885947819328,0.7001123094972441,0.247383618913539,0.1770700280920353,0.3075180930453381,0.2547092191019549,,,56.447152500431685,56.447152500431685,False,75.61644636508487,75.61644636508487,70.82412289892157,295.0,True,True,True,True,True,True,True,True,True,True,True,True,True,True,False,False,False,14,False,0.1113180594142271,0.1419307321440446,1.0,261721666.04411927,0.2329916123019571,0.0,3.0,,,,,,-0.0313968313801189,-0.0787167452142408,0.1131751468403408,-2.1513360922415354,0.1245614035087719,-2.1513360922415354,0.0920266431080043,-295.0,0.7105263157894737,0.8070175438596491,0.043859649122807,0.6105263157894736,0.606140350877193,潤泰新
186.5,188.0,186.5,188.0,252920.0,0.0301369863013698,185.0,0.0532212885154061,181.45,0.1383142007763151,179.12942301432292,0.0640763779577882,176.1158416748047,0.0110043181501601,77.41935483870968,216686.05,1.1672186557464128,0.0360980986497658,2753.TW,2026-08-21,0.0290069288707848,0.041293547521183,neutral,0.2311276794035414,0.1808014911463187,2026-03-31,2026-05-15,2262828000.0,824778000.0,283918000.0,279202000.0,56223000.0,236960000.0,3.56,2917896000.0,1963845000.0,8230737000.0,4333857000.0,3896880000.0,1488954000.0,111983000.0,92967000.0,946399000.0,0.2013703340233952,226745337.5047457,6266892000.0,0.0361814656299718,0.0608076204553386,0.0287896454473032,1.112135092689536,0.3644899214611097,0.1254704290383538,0.1047185203647824,0.0392582907012151,,,71.61820020352927,71.61820020352927,False,67.94779602460305,67.94779602460305,68.8653970693346,151.0,True,False,True,True,True,True,True,False,True,True,True,True,True,True,True,False,False,12,False,0.0495204910304869,0.0674792126147245,1.0,40736977.4,0.451071761416589,2.0,3.0,,,,,,0.0551459051736618,0.0295785319170267,0.2393520259209348,-0.8726823789713268,0.7140350877192984,-0.8726823789713268,0.6422415379974132,-151.0,0.8333333333333334,0.7280701754385965,0.7017543859649122,0.8135964912280702,0.775438596491228,八方雲集
37.29999923706055,38.0,37.0,38.0,6000.0,0.0,37.85000076293945,0.1192930529027149,36.57500038146973,0.1497730976462106,34.536666806538896,-0.1283765060080196,36.239595317840575,0.0268828544420565,75.40982991448823,8914.15,0.6730871703976262,0.0389610281248891,6807.TW,2026-08-21,0.0290069288707848,0.041293547521183,neutral,0.1062441752096924,0.1621621621621621,2026-03-31,2026-05-15,816575000.0,140988000.0,21290000.0,55642000.0,21854000.0,33788000.0,0.63,2199559000.0,1020947000.0,3561572000.0,1049027000.0,2512545000.0,730437000.0,,,,0.3927608640954674,12928121.2034075,2540625000.0,0.0050885593912551,0.0134477193443301,0.0094868221111351,0.4175157061863568,0.1726577472981661,0.0260723142393533,0.0413777056608394,-0.2993394746687077,,,25.847745535457133,25.847745535457133,False,71.00537303339593,71.00537303339593,59.71596615891123,751.0,True,False,True,True,True,True,True,False,True,True,True,True,False,True,False,False,False,11,False,0.1002798913068641,0.0485768305832263,1.0,338737.7,0.9813606710158436,1.0,3.0,,,,,,0.0273007571128604,-0.0069973748243032,0.214967815973204,-1.7684478382535866,0.4087719298245614,-1.7684478382535866,0.4688245894687585,-751.0,0.2631578947368421,0.3508771929824561,0.4122807017543859,0.2855263157894736,0.3192982456140351,峰源-KY
108.5,118.0,107.5,113.5,11242847.0,0.0913461538461537,106.4,0.160531661128205,106.075,0.1581632653061224,102.768333307902,-0.2816455696202531,104.9933333714803,0.0086530675233371,55.0,5211951.85,2.157127948140964,0.0699976431769973,6919.TW,2026-08-21,0.0290069288707848,0.041293547521183,neutral,0.0717614165890028,0.1537744641192917,2026-03-31,2026-05-15,2000.0,1000.0,-245831000.0,-107754000.0,0.0,-107754000.0,-0.07,5029205000.0,111245000.0,9536630000.0,173792000.0,9362838000.0,2539089000.0,,,,-0.0,-245831000.0,9425385000.0,-0.0260817993111156,-0.0115086899933545,-0.0112989599051237,0.0185618933062817,0.5,,,inf,,,50.0,50.0,False,78.52653326292268,78.52653326292268,71.39489994719202,366.0,True,True,True,True,True,True,True,True,True,True,True,True,True,True,False,False,False,14,False,0.1044258123749566,0.081021016814677,1.0,591556534.9749999,0.151910531220876,2.0,3.0,,,,,,-0.0511985728322682,-0.1424123859039569,0.3326321369637173,-2.164032034823405,0.2885964912280702,-2.164032034823405,0.3048966756029418,-366.0,0.6228070175438597,0.8421052631578947,0.2280701754385964,0.5635964912280702,0.6096491228070176,康霈*
41.400001525878906,42.25,41.400001525878906,41.900001525878906,76357.0,0.0023923992976941,41.61000061035156,0.0707896852070566,39.41750011444092,0.0527638776149246,39.875318336486814,-0.2303312645720906,43.835774421691895,0.0158498876700133,69.26827489161617,111207.05,0.6866201378419803,0.0629796766469343,6931.TW,2026-08-21,0.0290069288707848,0.041293547521183,neutral,0.18452935694315,0.3345759552656104,2026-03-31,2026-05-15,304626000.0,46435000.0,24486000.0,41022000.0,7325000.0,32192000.0,0.49,937071000.0,256770000.0,2623022000.0,1436214000.0,1186808000.0,315403000.0,0.0,134800000.0,,0.1785627224416167,20113713.178294577,2366252000.0,0.0085002413852347,0.027124859286422,0.0122728669450732,1.210148566575217,0.1524328192603389,0.080380532193575,0.1056771253931049,0.1805013020833332,,,40.14398557379552,40.14398557379552,False,57.16105469551402,57.16105469551402,52.9067874150844,505.0,True,False,True,True,True,False,True,True,True,True,True,True,False,True,False,False,False,11,False,0.0507753486080502,-0.0441596600345466,0.0,4659575.564688492,0.7455731593662628,1.0,3.0,,,,,,0.0277484628959979,-0.0047080564519901,0.1674801256623406,-1.0169993542167686,0.4618421052631579,-1.0169993542167686,0.5178830245702284,-505.0,0.5,0.131578947368421,0.5,0.5,0.3894736842105263,青松健康
147.5,148.0,143.5,147.5,57451.0,0.0172413793103447,145.6,0.0611510791366907,138.2,0.2159445040159002,139.98398399353027,0.2389945627618979,129.99760341644287,0.0118982244188175,77.77777777777777,94792.85,0.6060689176451599,0.0672937771345876,7631.TW,2026-08-21,0.0290069288707848,0.041293547521183,neutral,0.2068965517241379,0.1071761416589002,2026-03-31,2026-05-15,408502000.0,93897000.0,47524000.0,48469000.0,12978000.0,35491000.0,1.76,1335645000.0,556998000.0,1567579000.0,716274000.0,851305000.0,481233000.0,,138157000.0,,0.2677587736491366,34799032.04109843,1010581000.0,0.0344346787057132,0.041690111064777,0.0226406452242598,0.8413835229441857,0.2298568917655238,0.1163372517148018,0.0868808475845895,0.9934122561314817,,,69.1770822702721,69.1770822702721,False,61.721514668019,61.721514668019,63.58540656858227,170.0,True,False,True,True,True,False,True,False,True,True,True,True,False,True,True,False,False,10,False,0.0536919709816023,0.1346363019284964,1.0,13981945.375,0.5955265610438024,2.0,3.0,,,,,,0.0267020078865808,-0.0144909887218291,0.2475350254803285,-1.2983835297287918,0.518421052631579,-1.2983835297287918,0.4719650156478115,-170.0,0.8157894736842105,0.5701754385964912,0.4210526315789473,0.756578947368421,0.6631578947368422,聚賢研發-創
36.79999923706055,37.150001525878906,36.09999847412109,36.70000076293945,1651038.0,0.0545977461934965,35.23000030517578,0.0988023678532963,34.05000019073486,0.0668604399720818,34.40424887339274,0.0762464048434352,33.870041100184125,0.0136053991103872,74.71263712629673,531163.5,3.108342346565605,0.0778267417726965,3716.TW,2026-08-21,0.0290069288707848,0.041293547521183,neutral,0.1342031686859273,0.2954333643988816,2026-03-31,2026-05-15,2228857000.0,906220000.0,207486000.0,241831000.0,48842000.0,195893000.0,1.57,5863101000.0,4039684000.0,12583267000.0,4762626000.0,7820641000.0,900139000.0,2057785000.0,230400000.0,,0.2019674896932155,165580573.4335135,8543583000.0,0.0193806946609535,0.0250482025706077,0.0155677376948291,0.6089815400042017,0.406585079258113,0.0930907635617718,0.0878894428848508,-0.0118685350598591,,,52.92075300428222,52.92075300428222,False,60.07363264384153,60.07363264384153,58.2854127339517,324.0,True,False,True,True,True,False,True,False,True,True,True,True,False,True,False,False,False,10,False,0.0667287316166982,0.0835534758987919,1.0,19493700.85524559,0.5573159366262814,1.0,3.0,,,,,,0.0572615799383867,0.0331301861009045,0.2268459967979229,-1.5383624152488653,0.6241228070175439,-1.5383624152488653,0.5696511329295673,-324.0,0.6842105263157895,0.2807017543859649,0.5789473684210527,0.668421052631579,0.5421052631578948,中化控股
255.5,255.5,246.5,248.5,977822.0,-0.0727611940298507,267.3,0.2004830917874396,231.025,0.3729281767955801,240.2936233520508,0.3653846153846154,202.39264500935872,0.0466881130818406,70.74074074074073,1557552.15,0.627794067762033,0.0756411643761496,7788.TW,2026-08-21,0.0290069288707848,0.041293547521183,neutral,0.0447343895619757,0.0438024231127679,2026-03-31,2026-05-15,1857129000.0,500235000.0,178905000.0,229341000.0,52857000.0,177273000.0,2.22,6568822000.0,3373457000.0,11007682000.0,5034895000.0,5972787000.0,2088365000.0,643000000.0,1079805000.0,,0.2304733998718066,137672156.39593443,7634225000.0,0.0180335471375201,0.0296801141577625,0.0161044804891711,0.842972468296626,0.2693593175272153,0.0963341803396533,0.0954554045518647,0.1444346257089825,,,52.52291879760674,52.52291879760674,False,68.86633810000066,68.86633810000066,64.78048327440219,330.0,True,False,True,True,True,False,True,True,True,True,True,True,False,True,False,False,False,11,False,0.0341514540979981,0.2278114157187345,1.0,387051709.275,0.195712954333644,2.0,3.0,,,,,,0.0221130457822371,-0.0546023600425275,0.3216204107688061,-1.4717560311605622,0.5333333333333333,-1.4717560311605622,0.5393860682372985,-330.0,0.6754385964912281,0.6140350877192983,0.5263157894736842,0.6530701754385965,0.6271929824561403,松川精密
159.5,165.5,158.0,161.0,382371.0,0.0,157.4,0.1499999999999999,153.375,0.1065292096219931,159.44166666666666,-0.0152905198776758,149.59166666666667,0.0107084019769357,66.15384615384616,268191.0,1.425741355973914,0.0497147514262428,7827.TW,2026-08-21,0.0290069288707848,0.041293547521183,neutral,0.0792171481826654,0.2124883504193849,2026-03-31,2026-05-15,0.0,0.0,-319867000.0,-320859000.0,9489000.0,-273651000.0,-2.1,880888000.0,384114000.0,965156000.0,384114000.0,581042000.0,816012000.0,95154000.0,,,0.0,-319867000.0,581042000.0,-0.5505058154143763,-0.4709659542683661,-0.2835303308480701,0.6610778566781748,,,,,,,21.65668651223912,21.65668651223912,False,69.27552165284253,69.27552165284253,57.37081286769167,826.0,True,False,True,True,True,False,True,True,True,True,True,True,True,True,False,False,False,12,False,0.0097736894370983,0.0762631608266948,1.0,43178751.0,0.4426840633737186,2.0,3.0,,,,,,0.021167832453496,-0.0973502902650912,0.2419692468829244,-2.331888512722148,0.3149122807017543,-2.331888512722148,0.3404048184697855,-826.0,0.1578947368421052,0.2368421052631578,0.2631578947368421,0.1736842105263157,0.2026315789473684,漢康-KY創
