Open,High,Low,Close,Volume,ret5,ma5,ret20,ma20,ret60,ma60,ret120,ma120,ma20_slope,rsi14,volume_ma20,volume_ratio,ma20_deviation,symbol,date,benchmark_ret20,benchmark_ret60,market_regime,rs20_rank_pct,rs60_rank_pct,period_date,as_of_date,revenue,gross_profit,operating_income,pretax_income,tax_expense,net_income_parent,eps,current_assets,current_liabilities,assets,liabilities,equity,cash,short_borrowings,long_borrowings,bonds_payable,tax_rate,nopat,invested_capital_proxy,roic_proxy,roe,roa,debt_to_equity,gross_margin,operating_margin,net_margin,revenue_growth,pe,pb,eva_like_score,fundamental_score,fundamental_pass,technical_score,score,final_score,fundamental_rank,pass_market,pass_score,pass_rs20,pass_rs60,pass_close_ma20,pass_ma20_ma60,pass_ma20_slope,pass_rsi,pass_ret20_benchmark,pass_ret60_benchmark,pass_ret5_cap,pass_ret20_cap,pass_volume_ratio,pass_ma20_deviation,pass_fundamental_score,pass_fundamental_filter,pass_fundamental_universe,entry_pass_count,entry_all_pass,close_ma60_ratio,close_ma120_ratio,above_ma120,turnover20,liquidity_rank,price_bucket,eva_rank_bucket,forward_60d_return,forward_60d_max_drawdown,reward_60,fwd60_rank_label,top_quantile_60,reg_forward60,reg_reward60,cls_topq60,rank_forward60,ensemble_score,ranker_score,stable_ensemble_score,fundamental_rank_score,fundamental_score_rank,final_score_rank,stable_ml_rank,fund_ml_85_15,fund_final_ml,name
24.850000381469727,26.100000381469727,24.649999618530277,25.649999618530277,130476597.0,0.06652808450006775,24.62999992370606,0.055555572998159164,24.47499971389771,0.11521737471870774,24.124166520436606,0.0822784300766819,24.263889408111574,-0.00020424914738665495,63.63633999156437,56478030.9,2.310218591562122,0.04800816826834797,1101.TW,2026-09-23,0.0618507585267849,0.02834932343281893,bull,0.17767441860465116,0.12930232558139534,2026-03-31,2026-05-15,33168148000.0,6208390000.0,2792191000.0,2132735000.0,927996000.0,718189000.0,0.1,184722314000.0,82516661000.0,597615286000.0,292869670000.0,304745616000.0,97044326000.0,5704442000.0,70674580000.0,98473452000.0,0.4,1675314600.0,515098625000.0,0.0032524152049522,0.0023566836150975,0.0012017580822054,0.961029969336786,0.1871792781435972,0.0841829034289162,0.021652972604922,-0.0511527050022949,,,23.33964555046912,23.33964555046912,False,67.50862333406084,67.50862333406084,56.466378888162915,800.0,True,False,True,True,True,True,False,True,False,True,True,True,True,True,False,False,False,11,False,0.06324915295212685,0.05712646423270118,1.0,1448661471.0403411,0.08837209302325581,0.0,3.0,,,,,,-0.008640551022255132,-0.07434465108852543,0.16985792247041412,-1.625029977442974,0.37531645569620253,-1.625029977442974,0.29706962449912555,-800.0,0.3037974683544304,0.20253164556962025,0.3037974683544304,0.3037974683544304,0.27341772151898736,台泥
232.0,235.0,223.0,227.5,54757783.0,0.015625,234.5,0.09903381642512077,232.075,0.24917137699883307,201.79863357543945,1.9507134176709644,152.13175678253174,0.04951950254381001,54.3046357615894,87071975.8,0.6288795275046464,-0.019713454702143696,1303.TW,2026-09-23,0.0618507585267849,0.02834932343281893,bull,0.11069767441860465,0.06325581395348837,2026-03-31,2026-05-15,68596393000.0,8188671000.0,3741833000.0,16080166000.0,1405348000.0,14254717000.0,1.8,193418745000.0,131197270000.0,647743623000.0,247168932000.0,400574691000.0,42831248000.0,24400300000.0,40333444000.0,51357530000.0,0.0873963614554725,3414810410.6259847,516546353000.0,0.0066108499088096,0.0355856655956329,0.0220067268805825,0.6170358176722652,0.1193746586646327,0.054548538725644,0.207805634911445,0.046448302712712,,,40.56631725411971,40.56631725411971,False,72.65838082037065,72.65838082037065,64.63536492880792,500.0,True,False,True,True,False,True,True,True,True,True,True,True,False,True,False,False,False,11,False,0.12736144922880488,0.49541426991607773,1.0,19808874494.5,0.008372093023255815,2.0,3.0,,,,,,-0.13672497608050552,-0.2449550652812735,0.1099060982297375,-1.719215044589794,0.10759493670886076,-1.719215044589794,0.08310376061965698,-500.0,0.6455696202531646,0.4430379746835443,0.06329113924050633,0.5582278481012659,0.46835443037974683,南亞
8.850000381469727,9.5,8.850000381469727,9.010000228881836,99445538.0,0.10552155222145276,8.970000076293946,0.1276596354171018,8.355500030517579,0.07517901024312201,8.310500001907348,0.10552155222145276,7.940249995390574,0.030398327705211278,70.13573664803195,40903444.6,2.431226488929981,0.07833166129779956,1314.TW,2026-09-23,0.0618507585267849,0.02834932343281893,bull,0.08744186046511628,0.17674418604651163,2026-03-31,2026-05-15,4092344000.0,-291527000.0,-647288000.0,-263196000.0,25000.0,-263381000.0,-0.07,57442349000.0,37332389000.0,128112754000.0,51812243000.0,76300511000.0,1367909000.0,14373487000.0,4356642000.0,,0.0,-647288000.0,90780365000.0,-0.0071302643473618,-0.0034518903811797,-0.0020558530807947,0.679054993484906,-0.0712371687228639,-0.1581704763822396,-0.0643594477883579,-0.3721140502220507,,,12.28013230960367,12.28013230960367,False,74.48577797636702,74.48577797636702,58.93436655967618,1003.0,True,False,True,True,True,True,True,True,True,True,False,True,True,True,False,False,False,12,False,0.08417065481185793,0.13472500665750653,1.0,368540045.2080555,0.19162790697674417,0.0,3.0,,,,,,0.01954981385260723,-0.03294212536401922,0.19872259022101393,-1.7473244970526398,0.5316455696202531,-1.7473244970526398,0.4404958389073116,-1003.0,0.13924050632911392,0.24050632911392406,0.4810126582278481,0.19050632911392404,0.2379746835443038,中石化
26.200000762939453,26.399999618530277,25.5,25.649999618530277,7305842.0,0.02805606549842654,25.50999984741211,0.34293189037918403,21.802499866485597,0.107991362470645,20.509166558583576,0.00785850096641516,23.5120832602183,0.08483641888595266,73.2441451090538,9703858.35,0.7528801159798464,0.17647057794317367,1528.TW,2026-09-23,0.0618507585267849,0.02834932343281893,bull,0.018604651162790697,0.13674418604651162,2026-03-31,2026-05-15,712104000.0,216948000.0,-36032000.0,-16704000.0,12622000.0,-29553000.0,-0.15,3576203000.0,2573818000.0,5348882000.0,3152525000.0,2196357000.0,671813000.0,1666557000.0,460812000.0,,0.0,-36032000.0,2775064000.0,-0.0129842050489646,-0.0134554628414233,-0.0055250798204185,1.435342706126554,0.30465774662128,-0.0505993506566456,-0.0415009605338546,0.2650698085084837,,,29.67019488033945,29.67019488033945,False,81.02325581395348,81.02325581395348,68.18499058054998,684.0,True,True,True,True,True,True,True,False,True,True,True,True,False,False,False,False,False,11,False,0.25066026185228574,0.09092841049645584,1.0,248903962.97577184,0.22697674418604652,0.0,3.0,,,,,,-0.027474591722274677,-0.09455582774484252,0.1778601061937712,-1.8444269608565182,0.3037974683544304,-1.8444269608565182,0.3832217405556213,-684.0,0.3924050632911392,0.620253164556962,0.4177215189873418,0.3962025316455696,0.46582278481012657,恩德
111.0,113.0,111.0,112.0,111423.0,0.022831050228310446,111.1,0.09268292682926838,107.2,0.23620311132777316,97.98553415934245,0.21739130434782616,94.65193347930908,0.02095238095238098,75.0,140234.5,0.7945477040243307,0.04477611940298498,1558.TW,2026-09-23,0.0618507585267849,0.02834932343281893,bull,0.11813953488372093,0.06697674418604652,2026-03-31,2026-05-15,1926175000.0,466203000.0,115500000.0,190949000.0,37396000.0,79533000.0,1.23,7337752000.0,2436771000.0,13553818000.0,4826378000.0,8727440000.0,2321376000.0,528924000.0,448585000.0,1225737000.0,0.1958428690383296,92880148.62607291,11117047000.0,0.0083547500182443,0.0091129815845196,0.0058679406791503,0.5530118797723044,0.2420356405830207,0.0599633989642685,0.0412906407777071,-0.0577927547617254,,,30.82891502090822,30.82891502090822,False,73.51273863241929,73.51273863241929,62.84178272954152,664.0,True,False,True,True,True,True,True,False,True,True,True,True,False,True,False,False,False,11,False,0.14302586561264707,0.18328274851863657,1.0,15706264.0,0.5516279069767441,2.0,3.0,,,,,,0.026633557836415613,-0.007454140210612257,0.2708192777386994,-1.5158139796221524,0.6810126582278481,-1.5158139796221524,0.6281330494723948,-664.0,0.43037974683544306,0.35443037974683544,0.7215189873417721,0.4740506329113924,0.46582278481012657,伸興
33.849998474121094,34.349998474121094,33.79999923706055,34.0,122318.0,0.025640978431253902,33.89999923706055,0.0793650793650793,32.649999904632566,0.0194903015178034,31.373333390553793,0.21384656503494126,31.33259808222453,0.021110236348769525,74.76640278651733,49586.0,2.4667849796313477,0.04134762938164327,1725.TW,2026-09-23,0.0618507585267849,0.02834932343281893,bull,0.14046511627906977,0.29209302325581393,2026-03-31,2026-05-15,2199773000.0,105909000.0,47412000.0,57337000.0,15741000.0,41596000.0,0.23,8253269000.0,2493582000.0,9302017000.0,2580906000.0,6721111000.0,696516000.0,1490591000.0,,,0.2745347681252943,34395757.57364354,6808435000.0,0.0050519330174472,0.0061888577647356,0.0044717183380765,0.3839999071582064,0.0481454222776622,0.0215531329823577,0.0189092238153664,0.0314086980169121,,,23.69650729024193,23.69650729024193,False,66.92935671203617,66.92935671203617,56.12114435658761,792.0,True,False,True,True,True,True,True,False,True,False,True,True,True,True,False,False,False,11,False,0.08372290495077173,0.08513184609765023,1.0,1685924.0,0.8372093023255814,1.0,3.0,,,,,,0.030270558342162558,0.016396892518531152,0.18233654833405136,-1.2646073011270893,0.6664556962025316,-1.2646073011270893,0.5638476305796069,-792.0,0.34177215189873417,0.17721518987341772,0.6329113924050633,0.38544303797468354,0.35063291139240504,元禎
86.0999984741211,86.80000305175781,85.69999694824219,85.80000305175781,1861138.0,0.057953201801064,85.5,0.0437956963159305,82.51499977111817,0.2636229915113717,78.35999997456868,0.23809522761026014,73.13999970753987,0.010532119695096029,59.75611968669214,1674197.8,1.111659566151622,0.03981098333335331,2006.TW,2026-09-23,0.0618507585267849,0.02834932343281893,bull,0.20186046511627906,0.059534883720930236,2026-03-31,2026-05-15,13602390000.0,2004381000.0,1390762000.0,1521134000.0,302993000.0,1211982000.0,1.66,28387625000.0,18568929000.0,51955456000.0,19405487000.0,32549969000.0,1294546000.0,5329132000.0,260000000.0,,0.1991888946010016,1113737654.5669217,33386527000.0,0.0333588951784928,0.0372345055075167,0.0233273287024946,0.596175283607797,0.1473550603974742,0.1022439438951537,0.089100665397772,-0.0619062729029651,,,52.210458028038886,52.210458028038886,False,80.3218030455226,80.3218030455226,73.29396679115168,335.0,True,True,True,True,True,True,True,True,False,True,True,True,True,True,False,False,False,13,False,0.09494644052582624,0.17309274534920238,1.0,143646176.34924623,0.27813953488372095,1.0,3.0,,,,,,0.04763997830018681,-0.0018781335992994936,0.2617834928394384,-1.2010776344454688,0.7746835443037975,-1.2010776344454688,0.7272084846381138,-335.0,0.6962025316455697,0.8481012658227848,0.8481012658227848,0.718987341772152,0.7721518987341772,東和鋼鐵
21.899999618530277,22.350000381469727,21.5,22.0,3446856.0,0.06280189319548324,21.58000030517578,0.08108106081573974,20.84250020980835,0.10000000000000009,20.033825461069743,0.08641975308641969,20.260246038436893,0.014110203544791498,71.42855412837596,1585627.8,2.173811533829061,0.05553555372627206,2034.TW,2026-09-23,0.0618507585267849,0.02834932343281893,bull,0.13767441860465116,0.1469767441860465,2026-03-31,2026-05-15,2833548000.0,238436000.0,35902000.0,-13678000.0,-15456000.0,1778000.0,0.0,10115642000.0,9094633000.0,22657796000.0,13057364000.0,9600432000.0,611722000.0,7049733000.0,1733334000.0,1869816000.0,0.4,21541200.0,13563163000.0,0.0015882136047469,0.0001851999993333,7.847188667423786e-05,1.3600808796937471,0.084147506941827,0.0126703341535064,0.0006274818707853,-0.2200071185015801,,,9.314478880448952,9.314478880448952,False,72.04154886582313,72.04154886582313,56.359781369479585,1040.0,True,False,True,True,True,True,True,True,True,True,True,True,True,True,False,False,False,13,False,0.09814274077364704,0.08587032745123224,1.0,34883811.6,0.4418604651162791,0.0,3.0,,,,,,0.06245255769790555,0.01474588409803523,0.3397476948279798,-1.4354882271717513,0.8424050632911392,-1.4354882271717513,0.7725415903211237,-1040.0,0.06329113924050633,0.189873417721519,0.8860759493670886,0.18670886075949367,0.26582278481012656,允強
27.549999237060547,27.549999237060547,24.450000762939453,24.899999618530277,3367645.0,0.05285412347409091,24.68000030517578,0.14220185733766688,22.792499923706057,0.3681317898202503,20.279166730244956,0.4200682275616856,19.322425731023152,0.04528778276274218,67.24890502352372,1551935.7,2.1699642581841503,0.09246461344208456,2069.TW,2026-09-23,0.0618507585267849,0.02834932343281893,bull,0.07348837209302325,0.03627906976744186,2026-03-31,2026-05-15,2302863000.0,277674000.0,137979000.0,128564000.0,22373000.0,106191000.0,0.64,4252225000.0,3913450000.0,9681868000.0,5325210000.0,4356658000.0,267712000.0,2834868000.0,1356137000.0,,0.174022276842662,113967580.26352634,5768418000.0,0.019757163968271,0.0243744172712202,0.0109680280706161,1.2223153619127325,0.1205777330218949,0.0599162868134144,0.0461125998376803,-0.1384973197554728,,,30.045180578249248,30.045180578249248,False,82.90082659108046,82.90082659108046,69.68691508787266,679.0,True,True,True,True,True,True,True,True,True,True,True,True,True,True,False,False,False,14,False,0.2278610827432901,0.2886580580072844,1.0,38643198.33798352,0.4297674418604651,0.0,3.0,,,,,,0.07959747766249849,0.04698963596055357,0.33907400695844253,-1.165358083395032,0.8987341772151899,-1.165358083395032,0.899915640565667,-679.0,0.4177215189873418,0.6708860759493671,0.9493670886075949,0.49746835443037973,0.6,運錩
255.0,257.0,255.0,256.0,35655946.0,0.032258064516129004,252.0,0.03853955375253548,251.35,0.06299836316706431,248.575,0.3659253677171599,243.766939163208,0.007011217948717949,63.93442622950819,30389518.65,1.1732974915020578,0.01850009946290032,2317.TW,2026-09-23,0.0618507585267849,0.02834932343281893,bull,0.21488372093023256,0.1925581395348837,2026-03-31,2026-05-15,2119533391000.0,130980560000.0,75648689000.0,74031230000.0,17074953000.0,49919449000.0,3.56,4052387707000.0,2792211149000.0,5230479067000.0,3241680598000.0,1988798469000.0,986317310000.0,778365706000.0,25597034000.0,289268494000.0,0.2306452695706933,58200676732.92546,2438267918000.0,0.0238696807283855,0.0251003054246619,0.0095439535003496,1.6299693752429172,0.0617968844256816,0.0356911994504171,0.0235520936881527,0.289006464874042,,,39.93908373911616,39.93908373911616,False,73.46488201313736,73.46488201313736,65.08343244463205,511.0,True,False,True,True,True,True,True,True,False,True,True,True,True,True,False,False,False,12,False,0.029870260484763156,0.05018342880615845,1.0,7779716774.4,0.026046511627906978,2.0,3.0,,,,,,0.05538692037804433,0.0018527377013289313,0.24501447175675753,-1.6835918827133747,0.7037974683544304,-1.6835918827133747,0.600441337373083,-511.0,0.620253164556962,0.4936708860759494,0.7088607594936709,0.6335443037974683,0.6,鴻海
240.0,240.0,225.0,226.0,5984418.0,-0.0423728813559322,236.1,0.03196347031963476,236.125,0.0997566909975669,198.01192626953124,1.2690763399832905,186.35596313476563,0.04307012700165654,51.35135135135135,7148816.6,0.8371200906175157,-0.04287983059820011,2351.TW,2026-09-23,0.0618507585267849,0.02834932343281893,bull,0.23534883720930233,0.14790697674418604,2026-03-31,2026-05-15,2805040000.0,536428000.0,271819000.0,291916000.0,59272000.0,221741000.0,1.22,7664285000.0,3511531000.0,13387353000.0,5808485000.0,7578868000.0,1087862000.0,1177901000.0,596426000.0,1147119000.0,0.2030447114923471,216627589.5668617,9875822000.0,0.0219351452027853,0.0292577994497331,0.0165634685213723,0.7664053523560511,0.1912372016085332,0.0969037874682714,0.0790509226249893,0.1104464802119675,,,50.10730286570861,50.10730286570861,False,64.24186046511628,64.24186046511628,60.70822106526436,364.0,True,False,True,True,False,True,True,True,False,True,True,True,True,True,False,False,False,11,False,0.14134539397577384,0.21273285919251905,1.0,1615632551.6,0.08186046511627906,2.0,3.0,,,,,,0.00856843128193233,-0.09643614638728008,0.3115540343556896,-1.2626244980859238,0.5848101265822785,-1.2626244980859238,0.5311770507833488,-364.0,0.6835443037974683,0.26582278481012656,0.569620253164557,0.6664556962025316,0.5354430379746835,順德
2445.0,2470.0,2305.0,2325.0,2614483.0,0.1124401913875599,2303.0,0.1742424242424243,2150.25,0.02422907488986792,2072.5,0.52746896266056,2133.7268361409506,0.030183255479698166,64.62264150943398,2131682.0,1.2264882848379823,0.08126961981164982,2360.TW,2026-09-23,0.0618507585267849,0.02834932343281893,bull,0.053953488372093024,0.27348837209302324,2026-03-31,2026-05-15,11859669000.0,7424059000.0,4797366000.0,5094071000.0,1145979000.0,3864185000.0,9.12,33181595000.0,20960269000.0,54619514000.0,26092855000.0,28526659000.0,5397006000.0,46393000.0,3050101000.0,,0.2249632955645887,3718134734.6104913,33659245000.0,0.1104639968784353,0.1354587300251319,0.0707473340022761,0.914683174079376,0.6259920913475747,0.4045109522027976,0.3258257039045524,0.7275427378471042,,,96.7477080736541,96.7477080736541,True,81.17889950509455,81.17889950509455,85.07110164723444,14.0,True,True,True,True,True,True,True,True,True,False,False,True,True,True,True,True,True,13,False,0.12183353437876954,0.0896427605536354,1.0,4956160650.0,0.04,3.0,0.0,,,,,,-0.013155164683622354,-0.11241324867448577,0.15639008034087737,-0.7134316548514058,0.4253164556962026,-0.7134316548514058,0.3175098125737783,-14.0,1.0,1.0,0.35443037974683544,0.9031645569620252,0.8708860759493672,致茂
29.700000762939453,29.75,28.950000762939453,29.0,9434868.0,0.026548672566371723,29.47000045776367,0.048824607598366265,28.450000095367432,0.07407407407407418,27.162500095367434,-0.08082406652058371,28.479166634877526,0.016797715367174948,61.11111279307708,11397412.95,0.8278078579227052,0.019332158270260358,2371.TW,2026-09-23,0.0618507585267849,0.02834932343281893,bull,0.1888372093023256,0.17767441860465116,2026-03-31,2026-05-15,11487899000.0,1888219000.0,433191000.0,12977000.0,90847000.0,-98534000.0,-0.05,70419825000.0,36312240000.0,142850022000.0,88657309000.0,54192713000.0,20529203000.0,3847451000.0,30592004000.0,,0.4,259914600.0,106537782000.0,0.0024396471854463,-0.0018182149323286,-0.0006897723823941,1.635963658065984,0.1643659123395844,0.0377084617474439,-0.0085771993643049,0.0894207195266061,,,18.886065333418628,18.886065333418628,False,76.38057778602779,76.38057778602779,62.00694967287549,877.0,True,True,True,True,True,True,True,True,False,True,True,True,True,True,False,False,False,13,False,0.06764840858467047,0.018288223521422342,1.0,330524975.54999995,0.19906976744186047,0.0,3.0,,,,,,-0.03621669849868159,-0.08644533315931202,0.16139422919004365,-1.9395082901669813,0.26962025316455696,-1.9395082901669813,0.20823789050624458,-877.0,0.24050632911392406,0.3291139240506329,0.189873417721519,0.2329113924050633,0.25696202531645573,大同
370.0,370.0,363.5,365.0,2626089.0,0.04285714285714293,362.1,0.038406827880512084,355.15,0.08148148148148149,345.51996053059895,0.6008771929824561,330.7766469319661,0.01240022805017094,60.74074074074074,5233347.4,0.5017990970750384,0.02773475996058017,2376.TW,2026-09-23,0.0618507585267849,0.02834932343281893,bull,0.2158139534883721,0.16651162790697674,2026-03-31,2026-05-15,105057330000.0,12614630000.0,7413710000.0,7054503000.0,1410189000.0,5268403000.0,7.86,234087870000.0,170374747000.0,247826770000.0,180781022000.0,67045748000.0,63311111000.0,69227536000.0,,9540960000.0,0.199899128258929,5931715833.835495,77452023000.0,0.0765856798063944,0.0785792262322138,0.0212584096544533,2.6963831024750444,0.1200737730532462,0.0705682316502808,0.0501478859209538,0.5978925716183887,,,59.16561347732097,59.16561347732097,False,76.38595485076804,76.38595485076804,72.08086950740628,275.0,True,True,True,True,True,True,True,True,False,True,True,True,False,True,False,False,False,12,False,0.05637891205904988,0.10346363138227499,1.0,1910171801.0000002,0.07255813953488371,2.0,3.0,,,,,,0.10540545877256104,0.06603339192160053,0.44879784337475503,0.37874414474265145,0.9822784810126581,0.37874414474265145,0.9861455505361573,-275.0,0.7468354430379747,0.7974683544303798,1.0,0.7848101265822784,0.8126582278481012,技嘉
153.5,154.5,151.0,151.0,6130225.0,-0.016286644951140072,153.1,0.03424657534246567,152.45,0.037800687285223455,148.31987508138022,0.7316514367497797,132.28993746439616,0.016672224074691565,50.51546391752578,9445277.7,0.6490253854579628,-0.009511315185306568,2377.TW,2026-09-23,0.0618507585267849,0.02834932343281893,bull,0.22604651162790698,0.23813953488372094,2026-03-31,2026-05-15,56256838000.0,8440506000.0,3876357000.0,4133431000.0,716617000.0,3416814000.0,4.04,106512512000.0,56814984000.0,119099762000.0,64185562000.0,54914200000.0,25875075000.0,0.0,6305082000.0,,0.1733709840565864,3204309172.355363,62284778000.0,0.0514461040923251,0.0622209555998266,0.0286886719387398,1.1688335985956273,0.1500352010541367,0.0689046369794192,0.0607359766647389,0.0507372103469625,,,60.05362798212559,60.05362798212559,False,62.265116279069765,62.265116279069765,61.71224420483372,263.0,True,False,True,True,False,True,True,True,False,True,True,True,False,True,True,False,False,10,False,0.018069897356300046,0.1414322426498944,1.0,1426236932.6999998,0.09023255813953489,2.0,3.0,,,,,,0.028653962762762736,-0.023740586455821857,0.23784017353418593,-0.8307354626912107,0.7158227848101266,-0.8307354626912107,0.6557644259712646,-263.0,0.759493670886076,0.3037974683544304,0.7721518987341772,0.7613924050632911,0.6253164556962025,微星
53.0,54.20000076293945,52.09999847412109,52.20000076293945,4885407.0,-0.015094325227557492,53.07999954223633,0.1850170639508677,48.36499996185303,0.0762886755245249,44.634096145629876,0.07518025918098648,47.46746466954549,0.053301466933482214,71.31313962676987,6744616.45,0.724341708118925,0.07929289370642412,2413.TW,2026-09-23,0.0618507585267849,0.02834932343281893,bull,0.04837209302325581,0.17488372093023255,2026-03-31,2026-05-15,831399000.0,129516000.0,16288000.0,80206000.0,15195000.0,65063000.0,0.51,2884546000.0,1228472000.0,4310571000.0,2236173000.0,2074398000.0,830840000.0,100000000.0,989591000.0,,0.1894496671071989,13202243.822157942,3082099000.0,0.0042835236058796,0.0313647622105304,0.0150938239968672,1.0779864808971085,0.155780798389221,0.0195910748028323,0.0782572507303954,0.0187764374886652,,,31.00638209532873,31.00638209532873,False,75.78448532824851,75.78448532824851,64.58995952001857,660.0,True,True,True,True,True,True,True,True,True,True,True,True,False,True,False,False,False,13,False,0.16950952905204852,0.09970062918549538,1.0,352068983.835734,0.19348837209302325,1.0,3.0,,,,,,0.02026430624833227,-0.03760375197968684,0.23461912785694647,-0.7919823772640664,0.6639240506329114,-0.7919823772640664,0.5521084755787229,-660.0,0.4430379746835443,0.43037974683544306,0.620253164556962,0.4696202531645569,0.47468354430379744,環科
29.549999237060547,29.700000762939453,28.799999237060547,29.0,1731817.0,0.06032905285252532,28.93999977111817,0.15999999999999992,27.17500009536743,0.04504504504504503,26.052500025431318,-0.11719935016600025,28.61041669845581,0.041088015956709384,60.897447183529096,2581071.95,0.6709681223725669,0.06715730996239011,2419.TW,2026-09-23,0.0618507585267849,0.02834932343281893,bull,0.06325581395348837,0.22604651162790698,2026-03-31,2026-05-15,2075187000.0,397627000.0,27589000.0,60834000.0,19669000.0,22312000.0,0.07,8947701000.0,4731856000.0,11091746000.0,5114260000.0,5977486000.0,3560478000.0,1442576000.0,240000000.0,,0.3233224841371601,18668855.985139888,6359890000.0,0.0029354054842363,0.0037326728996103,0.0020115859126236,0.8555871147167889,0.1916102018757827,0.013294705489192,0.010751802126748,0.0946360808069299,,,24.70938632289472,24.70938632289472,False,82.93365771370695,82.93365771370695,68.37758986600389,770.0,True,True,True,True,True,True,True,True,True,True,True,True,False,True,False,False,False,13,False,0.11313693394842961,0.013616834233848074,1.0,74851086.55000001,0.347906976744186,0.0,3.0,,,,,,-0.01336550630255253,-0.09413861422479847,0.16994602456903501,-2.0128228912319015,0.29683544303797466,-2.0128228912319015,0.3115342328776762,-770.0,0.35443037974683544,0.6329113924050633,0.34177215189873417,0.35253164556962024,0.43544303797468353,仲琦
70.9000015258789,73.0,66.80000305175781,67.4000015258789,3003746.0,0.09593498416063273,63.35999984741211,0.27651519885952114,62.11500015258789,0.411518356562909,60.34083366394043,1.3042735564403043,46.915416892369585,0.051282049792138795,55.83039345565166,1029106.1,2.9187913666044736,0.08508414006774867,2434.TW,2026-09-23,0.0618507585267849,0.02834932343281893,bull,0.029767441860465118,0.030697674418604652,2026-03-31,2026-05-15,10860000.0,-2848000.0,-16820000.0,-1310000.0,3419000.0,-4729000.0,-0.13,108102000.0,111881000.0,690037000.0,222180000.0,467857000.0,67489000.0,60000000.0,62087000.0,,0.0,-16820000.0,578156000.0,-0.0290924940673451,-0.0101077893458898,-0.0068532556949844,0.4748886946225021,-0.2622467771639042,,-0.435451197053407,0.0598223870401093,,,22.24637294998911,22.24637294998911,False,84.68587261786848,84.68587261786848,69.07599770089864,820.0,True,True,True,True,True,True,True,True,True,True,True,True,True,True,False,False,False,14,False,0.11698823886414123,0.43662799971497157,1.0,69361752.71029128,0.3553488372093023,1.0,3.0,,,,,,-0.13518830202085247,-0.23097694992573933,0.06313175652633315,-2.0802025939829965,0.04113924050632911,-2.0802025939829965,0.036840642714060436,-820.0,0.2911392405063291,0.6455696202531646,0.02531645569620253,0.25126582278481013,0.3443037974683545,統懋
54.20000076293945,54.400001525878906,53.29999923706055,53.59999847412109,316613.0,-0.03074142470873975,54.49999923706055,0.028790787791386885,53.10999946594238,0.01593533260200397,52.68592586517334,0.030769201425405512,54.32948554356893,0.01190816803593045,58.49055449451884,460775.2,0.687131165045341,0.009226115855883732,2453.TW,2026-09-23,0.0618507585267849,0.02834932343281893,bull,0.24465116279069768,0.30604651162790697,2026-03-31,2026-05-15,1583059000.0,391288000.0,108424000.0,116409000.0,27107000.0,90493000.0,0.9,3680471000.0,2294582000.0,4494152000.0,2444844000.0,2049308000.0,477804000.0,100000000.0,,,0.2328600022335042,83176387.11783452,2199570000.0,0.0378148397722439,0.0441578327903858,0.0201357230463055,1.1930095427334495,0.2471720889745739,0.0684901826147983,0.0571633779915972,0.0747416608790285,,,56.63608765296079,56.63608765296079,False,67.98987252970375,67.98987252970375,65.151426310518,291.0,True,False,True,True,True,True,True,True,False,False,True,True,False,True,False,False,False,10,False,0.01734946466133902,-0.013427093265273804,0.0,24697550.01691284,0.48930232558139536,1.0,3.0,,,,,,0.0413922855881815,0.013952689347016675,0.1928199875737457,-0.720446162130857,0.7582278481012659,-0.720446162130857,0.7252250777718283,-291.0,0.7341772151898734,0.5063291139240507,0.8354430379746836,0.7493670886075949,0.6860759493670886,凌群
5220.0,5265.0,5140.0,5185.0,6410224.0,0.14459161147902866,4917.0,0.31432192648922697,4531.25,0.20322493762003058,4059.079622395833,2.539249146757679,3735.3545735677085,0.06649014416004707,74.07407407407408,7681778.95,0.8344712913146244,0.14427586206896548,2454.TW,2026-09-23,0.0618507585267849,0.02834932343281893,bull,0.025116279069767444,0.07720930232558139,2026-03-31,2026-05-15,149150510000.0,69055353000.0,22890845000.0,27019390000.0,2643006000.0,24153980000.0,15.17,378185472000.0,309807293000.0,738776057000.0,340329102000.0,398446955000.0,184514674000.0,16440000000.0,120000000.0,,0.0978188626760263,20651688576.4068,428968764000.0,0.0481426395335553,0.0606203151935243,0.0326945896136425,0.8541390459364911,0.4629910618475257,0.1534748020640358,0.1619436634846237,-0.0271454326245333,,,78.23114789730103,78.23114789730103,False,82.31627906976743,82.31627906976743,81.29499627665083,95.0,True,True,True,True,True,True,True,False,True,True,False,True,True,True,True,False,False,12,False,0.2773831711484396,0.388087769951035,1.0,39830023855.75,0.0018604651162790699,3.0,2.0,,,,,,0.015295868662195018,-0.05810621051948081,0.3076482538351957,0.37239405975798434,0.7120253164556963,0.37239405975798434,0.6925848997752455,-95.0,0.8987341772151899,0.9620253164556962,0.7974683544303798,0.8835443037974683,0.8974683544303796,聯發科
117.0,120.0,112.0,113.5,2417041.0,0.09134615384615374,109.5,0.08095238095238089,103.54999961853028,0.591865289509294,100.51499977111817,1.295247689562487,76.90749991734823,0.018892060267067246,72.59615419884399,1399623.6,1.7269221524987146,0.09608885000603284,2466.TW,2026-09-23,0.0618507585267849,0.02834932343281893,bull,0.1386046511627907,0.01674418604651163,2026-03-31,2026-05-15,158640000.0,11405000.0,-51413000.0,20961000.0,15743000.0,5218000.0,0.03,1081532000.0,970641000.0,4505403000.0,2468383000.0,2037020000.0,165962000.0,307514000.0,701925000.0,,0.4,-30847800.0,3534762000.0,-0.0087269807698509,0.0025615850605295,0.001158164985463,1.211761789280419,0.0718923348461926,-0.3240859808371155,0.0328920827029752,-0.2206720377284339,,,10.470510874095902,10.470510874095902,False,82.37297537696693,82.37297537696693,64.39735925124917,1030.0,True,True,True,True,True,True,True,False,True,True,True,True,True,True,False,False,False,13,False,0.12918470137243054,0.4757988508530038,1.0,158857278.60000002,0.26139534883720933,2.0,3.0,,,,,,0.035919564775775514,-0.06481746745382806,0.2619693952886933,-1.6043105775776296,0.6088607594936709,-1.6043105775776296,0.5349607113383236,-1030.0,0.08860759493670886,0.4177215189873418,0.5949367088607594,0.16455696202531644,0.28860759493670884,冠西電
165.0,165.0,160.5,161.0,131063.0,0.006250000000000089,162.9,0.03205128205128216,158.475,0.03205128205128216,158.33333333333334,0.21903015475506638,150.30628751118977,0.006030788763688231,64.1025641025641,209810.75,0.6246724726926528,0.015933112478308864,2480.TW,2026-09-23,0.0618507585267849,0.02834932343281893,bull,0.23348837209302326,0.2483720930232558,2026-03-31,2026-05-15,2420984000.0,568028000.0,300400000.0,336304000.0,56799000.0,279505000.0,2.63,7208003000.0,5342627000.0,8394801000.0,5408397000.0,2986404000.0,1289115000.0,0.0,,,0.1688918359579428,249664892.478234,3052174000.0,0.0817990365156881,0.0935924945184911,0.0332950119961152,1.811006481373585,0.2346269120324628,0.1240817783182375,0.1154509901758954,0.1706727375064554,,,72.57043193555015,72.57043193555015,True,69.66651243752688,69.66651243752688,70.39249231203269,141.0,True,False,True,True,True,True,True,True,False,True,True,True,False,True,True,True,False,11,False,0.01684210526315777,0.07114614209345116,1.0,33779530.75,0.4483720930232558,2.0,3.0,,,,,,0.06345742142502414,0.005765865491485026,0.31224128043073845,-0.5258407054904268,0.8841772151898734,-0.5258407054904268,0.8420836648259238,-141.0,0.8734177215189873,0.7215189873417721,0.9113924050632911,0.8791139240506328,0.8354430379746834,敦陽科
14.850000381469728,15.0,14.800000190734863,14.800000190734863,141390.0,0.02422148000620128,14.730000305175784,0.031358870892172375,14.387500143051147,0.07246376711439373,14.127500041325886,0.12977097402759052,13.660833374659223,0.007528013147669191,70.73172433684721,134041.55,1.0548221801374276,0.028670724141257153,2516.TW,2026-09-23,0.0618507585267849,0.02834932343281893,bull,0.2372093023255814,0.18046511627906978,2026-03-31,2026-05-15,1624343000.0,91613000.0,49137000.0,56516000.0,0.0,56516000.0,0.25,5501612000.0,4873771000.0,7116682000.0,5000833000.0,2115849000.0,1859804000.0,596780000.0,,,0.0,49137000.0,2242911000.0,0.0219076904968587,0.0267107907983981,0.0079413412036676,2.363511290266933,0.0564000337367169,0.0302503843092253,0.0347931440588594,-0.2679604746075582,,,20.556737993044667,20.556737993044667,False,66.21817153617246,66.21817153617246,54.80281315039051,847.0,True,False,True,True,True,True,True,True,False,True,True,True,True,True,False,False,False,12,False,0.04760220473840193,0.08338926219455911,1.0,1983814.9655663965,0.8186046511627907,0.0,3.0,,,,,,0.1609206428312663,0.08943364026869234,0.42422300380280553,-0.24644988976355947,0.9835443037974684,-0.24644988976355947,0.9836057444711624,-847.0,0.25316455696202533,0.11392405063291139,0.9873417721518988,0.3632911392405064,0.35822784810126584,新建
37.5,37.5,36.650001525878906,36.95000076293945,934304.0,0.015109868516613112,37.57999954223633,0.032122948334825985,36.71249980926514,0.07725952142341819,35.510847155253096,0.15649451895474664,33.585006936391196,0.009486488933329075,50.48543042089896,1546334.0,0.6042058184066315,0.006469212254905488,2520.TW,2026-09-23,0.0618507585267849,0.02834932343281893,bull,0.23255813953488372,0.17209302325581396,2026-03-31,2026-05-15,4862541000.0,1141758000.0,658447000.0,599530000.0,162065000.0,308665000.0,0.52,53619294000.0,30715620000.0,65803063000.0,37306228000.0,28496835000.0,17736193000.0,16539209000.0,220000000.0,3700000000.0,0.2703200840658515,480455551.60709226,35087443000.0,0.0136930910470475,0.0108315537497409,0.0046907390921908,1.3091358391203796,0.2348068633251627,0.1354121230031787,0.063478127999332,0.0287244960456058,,,37.26396887406752,37.26396887406752,False,64.26003125380026,64.26003125380026,57.51101565886708,567.0,True,False,True,True,True,True,True,True,False,True,True,True,False,True,False,False,False,11,False,0.04052715502377047,0.1001933342732797,1.0,57137042.47975922,0.38325581395348834,1.0,3.0,,,,,,0.046086927802926024,0.012656800910695902,0.20389316293410184,-1.4360397320834284,0.7177215189873418,-1.4360397320834284,0.7006059724671491,-567.0,0.5316455696202531,0.21518987341772153,0.810126582278481,0.5734177215189873,0.4924050632911392,冠德
48.75,48.900001525878906,47.84999847412109,48.400001525878906,658264.0,0.12427415525277619,46.60000076293945,0.13348947684063384,44.202500343322754,0.1891892043881953,44.319515736897785,0.6351351656123088,40.09892457326253,0.02313680770086189,75.9999938964867,579729.3,1.135467881302532,0.09496071828412367,2527.TW,2026-09-23,0.0618507585267849,0.02834932343281893,bull,0.0827906976744186,0.08465116279069768,2026-03-31,2026-05-15,4588717000.0,1261812000.0,1127130000.0,1064163000.0,166487000.0,902888000.0,3.45,13282023000.0,8513905000.0,33780839000.0,11901818000.0,21879021000.0,1538877000.0,2676000000.0,3358749000.0,,0.1564487771140323,950791889.8514608,25266934000.0,0.0376298877359421,0.0412672943638565,0.0267278145459915,0.5439831151494393,0.2749814381667032,0.2456307503818605,0.1967626244983074,24.973085718167,,,82.24426248497689,82.24426248497689,False,69.44229220119809,69.44229220119809,72.64278477214279,75.0,True,False,True,True,True,False,True,False,True,True,False,True,True,True,True,False,False,10,False,0.09206972867674978,0.20701495217034904,1.0,28058899.004596714,0.47348837209302325,1.0,2.0,,,,,,0.032261562088216796,0.004017865736679626,0.34476528840693293,-1.0504159086348699,0.8139240506329114,-1.0504159086348699,0.7653245141515219,-75.0,0.9240506329113924,0.8227848101265823,0.8734177215189873,0.9164556962025316,0.8835443037974684,宏璟
241.5,243.0,239.0,243.0,5779750.0,0.01673640167364021,242.1,0.051948051948051965,236.175,0.3099730458221024,218.83333333333334,0.29388753485317176,206.56760368347167,-0.003060363022372285,54.8780487804878,9627837.35,0.6003165394147421,0.028898062877103836,2603.TW,2026-09-23,0.0618507585267849,0.02834932343281893,bull,0.1841860465116279,0.046511627906976744,2026-03-31,2026-05-15,86511471000.0,13386693000.0,8948352000.0,10639378000.0,1948722000.0,8303529000.0,3.84,244500947000.0,151671937000.0,935103407000.0,330097608000.0,605005799000.0,183466379000.0,21757000.0,72484631000.0,,0.1831612712698054,7309360471.910295,783431470000.0,0.0093299296132567,0.0137247097692695,0.0088797976115169,0.5456106512460056,0.1547389362966675,0.1034354392147603,0.0959818265025224,-0.2133215452088127,,,31.8537233857576,31.8537233857576,False,63.917631791721846,63.917631791721846,55.901654690230785,648.0,True,False,True,True,True,True,False,True,False,True,True,True,False,True,False,False,False,10,False,0.11043412033511046,0.17637032945569975,1.0,2339564476.0499997,0.0641860465116279,2.0,3.0,,,,,,0.0730337541783198,-0.00010721299349039115,0.24217683232761014,-1.5999049943953179,0.7240506329113924,-1.5999049943953179,0.6555133251469305,-648.0,0.45569620253164556,0.16455696202531644,0.759493670886076,0.5012658227848101,0.4291139240506329,長榮
37.59999847412109,37.650001525878906,36.70000076293945,37.04999923706055,6722374.0,0.02773925162727786,36.939999389648435,0.06312771475651946,36.02249965667725,0.28200691093797103,33.47999982833862,-0.07186422990972774,32.660539102554324,0.0032725226174603514,59.171584009707814,10725044.15,0.6267921983332815,0.028523827890240216,2605.TW,2026-09-23,0.0618507585267849,0.02834932343281893,bull,0.17116279069767443,0.05488372093023256,2026-03-31,2026-05-15,1366845000.0,582927000.0,482738000.0,537338000.0,149979000.0,387359000.0,0.66,9807913000.0,5258125000.0,22934806000.0,5269539000.0,17665267000.0,4877423000.0,4114000000.0,,,0.2791148215834353,347998669.2584556,17676681000.0,0.0196868783941089,0.0219277183865944,0.0168895695040978,0.2982994256469489,0.4264763012631278,0.3531768415584795,0.2833964348554518,0.4444113329930603,,,75.1720503143159,75.1720503143159,False,78.8384355907871,78.8384355907871,77.9218392716693,118.0,True,True,True,True,True,True,True,True,True,True,True,True,False,True,True,False,False,13,False,0.10663080725885066,0.13439643848876126,1.0,397362877.5749407,0.18604651162790697,1.0,3.0,,,,,,-0.014492434568557236,-0.10238823679761548,0.14419522259923606,-2.1156044908482365,0.22974683544303798,-2.1156044908482365,0.1708011103274476,-118.0,0.8860759493670886,0.8987341772151899,0.1518987341772152,0.7759493670886075,0.7430379746835444,新興
53.79999923706055,53.79999923706055,53.59999847412109,53.70000076293945,176784.0,0.011299478456873846,53.54000015258789,0.024809145022992363,53.16999988555908,0.16866158588294722,49.805000050862624,0.10398816170728908,47.97234315872193,0.006340494731039186,55.17239111361329,325528.55,0.5430675742573117,0.009968043605813826,2607.TW,2026-09-23,0.0618507585267849,0.02834932343281893,bull,0.2586046511627907,0.09302325581395349,2026-03-31,2026-05-15,3991930000.0,868803000.0,467559000.0,709936000.0,149297000.0,553268000.0,1.04,14530568000.0,4295956000.0,44350782000.0,12631508000.0,31719274000.0,4170571000.0,346407000.0,4274711000.0,,0.2102964210858443,369233015.6535237,40054826000.0,0.0092181904785586,0.0174426438637908,0.012474819496982,0.3982281561677609,0.2176398383739193,0.1171260518095257,0.1385966186781832,-0.1369527758740344,,,38.62339041274056,38.62339041274056,False,69.27182838537782,69.27182838537782,61.609718892218496,546.0,True,False,True,True,True,True,True,True,False,True,True,True,False,True,False,False,False,11,False,0.07820501371547262,0.11939499359593353,1.0,17480883.38335857,0.5330232558139535,1.0,3.0,,,,,,0.036664543994985116,0.00991829858093632,0.1694218904760585,-1.458587542703182,0.6272151898734177,-1.458587542703182,0.5854661073783981,-546.0,0.569620253164557,0.2911392405063291,0.6708860759493671,0.5848101265822785,0.5063291139240507,榮運
61.0,61.09999847412109,59.5,59.900001525878906,27628841.0,-0.00498337596774967,60.95999984741211,0.03993060959526207,58.954999923706055,0.18145957839244153,54.547415033976236,0.14971215509021962,52.80829070409139,-0.004390776803463309,60.0000072660874,45311504.15,0.6097533400907857,0.016029201991277775,2609.TW,2026-09-23,0.0618507585267849,0.02834932343281893,bull,0.21209302325581394,0.08837209302325581,2026-03-31,2026-05-15,38660500000.0,2823780000.0,748244000.0,1901061000.0,403937000.0,1435563000.0,0.41,211388001000.0,47890391000.0,460181224000.0,130409310000.0,329771914000.0,136009607000.0,1836000000.0,0.0,1398091000.0,0.2124797678769908,589257288.564649,412290833000.0,0.0014292272381536,0.0043531997088144,0.0031195601322491,0.3954530524391473,0.0730404417945965,0.019354224596164,0.0371325513120627,-0.1505117671934875,,,16.553971895296993,16.553971895296993,False,66.65257077167,66.65257077167,54.127921052576745,923.0,True,False,True,True,True,True,False,True,False,True,True,True,False,True,False,False,False,10,False,0.09812722543439834,0.13429161836586534,1.0,2714159167.7248683,0.0586046511627907,1.0,3.0,,,,,,-0.016375445198590008,-0.07586648925684326,0.14936092059996908,-1.8333798820487393,0.30949367088607593,-1.8333798820487393,0.17784463221096358,-923.0,0.189873417721519,0.08860759493670886,0.16455696202531644,0.1860759493670886,0.15443037974683546,陽明
28.399999618530277,28.399999618530277,27.75,27.850000381469727,32077773.0,-0.03633215401107848,28.640000534057616,0.16527200108726814,27.14000024795532,0.16771488201349483,24.86025749842326,0.3585366039741329,23.14179541269938,0.04545454962912473,59.12408962368699,32807878.1,0.9777460432590427,0.02616065316977645,2801.TW,2026-09-23,0.0618507585267849,0.02834932343281893,bull,0.06046511627906977,0.09395348837209302,2026-03-31,2026-05-15,,,,,992320000.0,5221136000.0,,,,3481563454000.0,3255586729000.0,225976725000.0,40993679000.0,,,,,,3481563454000.0,,0.0231047511640855,0.0014996526902307,14.406734715710211,,,,,,,11.293260418625334,11.293260418625334,False,80.93291887057028,80.93291887057028,63.523004257584034,1020.0,True,True,True,True,True,True,True,True,True,True,True,True,True,True,False,False,False,14,False,0.12026194351510999,0.20345028917620867,1.0,913699417.6002123,0.11813953488372093,0.0,3.0,,,,,,-0.007262363190983911,-0.12899899955795285,0.18193593789735232,-1.5097413396714818,0.3791139240506329,-1.5097413396714818,0.37983009763111897,-1020.0,0.10126582278481013,0.379746835443038,0.4050632911392405,0.1468354430379747,0.24556962025316453,彰銀
40.54999923706055,40.84999847412109,40.20000076293945,40.45000076293945,336628.0,0.020176524748388713,40.58000030517578,0.041184101715838306,39.51750030517578,0.19497791983252744,36.146666844685875,0.3855478282503335,33.44851336479187,0.01901753967401975,56.617647883800004,651203.65,0.5169319920120227,0.023597151908961722,2816.TW,2026-09-23,0.0618507585267849,0.02834932343281893,bull,0.2055813953488372,0.08186046511627906,2026-03-31,2026-05-15,,,460640000.0,461658000.0,63688000.0,,,,,25125030000.0,16643189000.0,8481841000.0,3180641000.0,,,,0.1379549363381551,397092438.1251922,25125030000.0,0.0158046552830063,,,1.962214217408697,,,,,,,38.97407433693017,38.97407433693017,False,73.8831957082636,73.8831957082636,65.15591536543025,536.0,True,False,True,True,True,True,True,True,False,True,True,True,False,True,False,False,False,11,False,0.11905202592382969,0.20932133281347554,1.0,26341188.139328957,0.48186046511627906,1.0,3.0,,,,,,0.04375778175390928,-0.029673283930132147,0.21641735315596308,-1.548349483095597,0.6556962025316455,-1.548349483095597,0.585521351233648,-536.0,0.5949367088607594,0.5189873417721519,0.6835443037974683,0.6082278481012657,0.589873417721519,旺旺保
17.350000381469727,17.350000381469727,17.149999618530273,17.25,2298081.0,-0.0028901294373144815,17.39000015258789,0.03293408454693614,17.07249994277954,0.023738849226980552,16.72916660308838,0.08485760024067512,16.499256944656373,0.014107514155464162,56.666692097981766,3113719.25,0.7380501630004054,0.010396840405059171,2820.TW,2026-09-23,0.0618507585267849,0.02834932343281893,bull,0.2297674418604651,0.28,2026-03-31,2026-05-15,,,,,160963000.0,,,,,264308740000.0,236433646000.0,27875094000.0,326912000.0,,,,,,264308740000.0,,,,8.48189591755278,,,,,,,0.0,0.0,False,67.15859355347627,67.15859355347627,50.3689451651072,1072.0,True,False,True,True,True,True,True,True,False,False,True,True,False,True,False,False,False,10,False,0.031133254230098162,0.04550162821646153,1.0,53711657.0625,0.386046511627907,0.0,3.0,,,,,,0.06497951526224309,-0.02972017371980398,0.1952583104630031,-0.7464413459944869,0.7316455696202532,-0.7464413459944869,0.6865379945889242,-1072.0,0.02531645569620253,0.012658227848101266,0.7848101265822784,0.13924050632911392,0.17341772151898735,華票
16.200000762939453,16.200000762939453,15.899999618530272,15.949999809265137,137493.0,-0.003125011920928955,16.09000015258789,0.09246571181661212,15.4375,0.10763890498582285,14.857456795374553,0.2222221897428931,14.37122838497162,0.027283316532207478,68.42104206455372,251804.6,0.5460305331991552,0.0331983682115069,2849.TW,2026-09-23,0.0618507585267849,0.02834932343281893,bull,0.11906976744186047,0.1386046511627907,2026-03-31,2026-05-15,,,,,36199000.0,,,,,398942212000.0,362433426000.0,36508786000.0,2706824000.0,,,,,,398942212000.0,,,,9.92729328222527,,,,,,,0.0,0.0,False,72.48371908801808,72.48371908801808,54.36278931601356,1074.0,True,False,True,True,True,True,True,True,True,True,True,True,False,True,False,False,False,12,False,0.07353499518374607,0.1098564007196825,1.0,4016283.321972084,0.7209302325581395,0.0,3.0,,,,,,0.08199528936997164,0.0041901371767075115,0.27858105345916606,-0.23301734016223685,0.8848101265822784,-0.23301734016223685,0.8673679456537252,-1074.0,0.012658227848101266,0.10126582278481013,0.9367088607594937,0.15126582278481013,0.2240506329113924,安泰銀
47.45000076293945,48.150001525878906,47.04999923706055,47.95000076293945,2401488.0,0.03452000736767458,47.50000076293945,0.042391320933466314,46.485000419616696,0.33194446563720703,40.62750015258789,0.6765891964624886,36.36168616612752,0.014845547505225263,53.439159846637125,3088423.3,0.7775773482864218,0.03151554974934512,2851.TW,2026-09-23,0.0618507585267849,0.02834932343281893,bull,0.20372093023255813,0.04279069767441861,2026-03-31,2026-05-15,,,2142185000.0,2164691000.0,325242000.0,,,,,59204658000.0,35668047000.0,23536611000.0,16387176000.0,,,,0.1502486960032633,1820324497.152249,59204658000.0,0.0307463054199595,,,1.5154283256837613,,,,,,,65.92494981784269,65.92494981784269,False,72.0439669598717,72.0439669598717,70.51421267436444,201.0,True,False,True,True,True,True,True,True,False,True,True,True,False,True,True,False,False,11,False,0.18023507680388584,0.31869574320255123,1.0,148089899.59127998,0.27162790697674416,1.0,3.0,,,,,,0.01284344053326647,-0.042205236287249565,0.21462910311238695,-1.5593975902656219,0.5373417721518987,-1.5593975902656219,0.528880424020811,-201.0,0.8227848101265823,0.7341772151898734,0.5569620253164557,0.7829113924050634,0.7430379746835444,中再保
46.59999847412109,46.59999847412109,45.59999847412109,45.79999923706055,11545867.0,-0.03273493742365552,46.91000061035156,0.1565656818646397,44.64749984741211,0.24795635653802206,41.688697242736815,0.35302810344512814,38.04018193880717,0.043836586705967344,64.41715235743342,17518904.6,0.6590518793052849,0.025813301832963598,2880.TW,2026-09-23,0.0618507585267849,0.02834932343281893,bull,0.06604651162790698,0.06511627906976744,2026-03-31,2026-05-15,18727437000.0,,,9327986000.0,1664716000.0,7663213000.0,,,,4445991154000.0,4202483247000.0,243507907000.0,45717871000.0,,,,0.1784646760833474,,4445991154000.0,,0.0314700787108321,0.0017236230875325,17.25809768879497,,,0.4091971047613189,0.1221769088861191,,,25.15680897546131,25.15680897546131,False,79.7449702077951,79.7449702077951,66.09792989971166,762.0,True,True,True,True,True,True,True,True,True,True,True,True,False,True,False,False,False,13,False,0.09861910460730505,0.20399001536680617,1.0,802365817.3141366,0.13116279069767442,1.0,3.0,,,,,,-0.07652736074124782,-0.1794611452269841,0.15675781351589935,-1.9118288178275977,0.17088607594936708,-1.9118288178275977,0.10494600648859187,-762.0,0.3670886075949367,0.5569620253164557,0.10126582278481013,0.32721518987341774,0.37088607594936707,華南金
155.5,155.5,152.5,153.0,14863115.0,0.0,152.8,0.10469314079422376,149.0,0.2489795918367348,134.53333333333333,0.8017268316927575,118.19164441426595,0.031141868512110725,61.11111111111111,17714766.3,0.8390240519289266,0.02684563758389258,2881.TW,2026-09-23,0.0618507585267849,0.02834932343281893,bull,0.10325581395348837,0.0641860465116279,2026-03-31,2026-05-15,66193246000.0,,,38624861000.0,5062760000.0,33551455000.0,,,,13120104726000.0,12085399702000.0,1034705024000.0,358727505000.0,,,,0.131075164257549,,13120104726000.0,,0.0324261062058977,0.0025572551211051,11.68004351160858,,,0.5068712750542556,-0.3925800152621125,,,12.264204123597382,12.264204123597382,False,82.41135409380557,82.41135409380557,64.87456660125352,1004.0,True,True,True,True,True,True,True,True,True,True,True,True,True,True,False,False,False,14,False,0.1372646184340931,0.29450775271160046,1.0,2710359243.9,0.059534883720930236,2.0,3.0,,,,,,-0.021276154245064592,-0.1712212734128994,0.28164350158750917,-0.8857040462925629,0.5018987341772152,-0.8857040462925629,0.446440891542081,-1004.0,0.12658227848101267,0.4810126582278481,0.4936708860759494,0.1816455696202532,0.30632911392405066,富邦金
112.5,112.5,110.5,111.5,16836683.0,-0.008888888888888835,111.8,0.08780487804878057,110.975,0.17368421052631589,102.18000005086263,0.608386285783211,92.85347595214844,0.026073691260535357,47.5,23356794.55,0.7208473304826839,0.004730795224149542,2882.TW,2026-09-23,0.0618507585267849,0.02834932343281893,bull,0.12744186046511627,0.08930232558139535,2026-03-31,2026-05-15,72538053000.0,,,38391738000.0,6735806000.0,31593811000.0,,,,14450034484000.0,13633007653000.0,817026831000.0,293505959000.0,,,,0.1754493636104726,,14450034484000.0,,0.0386692453677815,0.0021864176888285,16.686119887046893,,,0.4355480977687669,-0.3173702053156907,,,13.906153918122188,13.906153918122188,False,69.33841898185743,69.33841898185743,55.480352715923615,981.0,True,False,True,True,True,True,True,False,True,True,True,True,False,True,False,False,False,11,False,0.0912115868516159,0.20081665071387245,1.0,2604282592.3250003,0.06046511627906977,2.0,3.0,,,,,,0.009217842736025848,-0.13172439424068627,0.28827767317189834,-0.9224237626337453,0.5816455696202532,-0.9224237626337453,0.5332400796311783,-981.0,0.16455696202531644,0.1518987341772152,0.5822784810126582,0.2272151898734177,0.24430379746835443,國泰金
39.45000076293945,39.5,38.84999847412109,39.34999847412109,34986112.0,0.005108478683199413,39.60999984741211,0.22015499144561512,37.10000019073486,0.3904593475249958,32.6466667175293,1.0464056353809488,27.922553412119548,0.05871441731062946,69.49151154280175,49011546.3,0.7138340787260573,0.060646853687837066,2883.TW,2026-09-23,0.0618507585267849,0.02834932343281893,bull,0.04093023255813953,0.03348837209302326,2026-03-31,2026-05-15,23565513000.0,,,13099615000.0,1407592000.0,11689699000.0,,,,4235032868000.0,3864021319000.0,371011549000.0,75116245000.0,,,,0.1074529289601259,,4235032868000.0,,0.0315076418281523,0.0027602380818169,10.414827596108069,,,0.4960511150340754,-0.1317078255463794,,,12.146336472811727,12.146336472811727,False,78.55377536958137,78.55377536958137,61.95191564538896,1009.0,True,True,True,True,True,True,True,True,True,True,True,True,False,True,False,False,False,13,False,0.20532974513420998,0.4092550166648281,1.0,1928604272.119315,0.07162790697674419,1.0,3.0,,,,,,-0.07351224819616337,-0.21960493525682556,0.2268503537434883,-1.231434883862812,0.34620253164556963,-1.231434883862812,0.3277690689330579,-1009.0,0.11392405063291139,0.31645569620253167,0.3670886075949367,0.15189873417721517,0.22531645569620254,凱基金
46.09999847412109,46.09999847412109,45.400001525878906,45.59999847412109,25150171.0,-0.018299295475933564,46.30999984741211,0.17829451098588422,43.939999961853026,0.3860181264202207,39.01333344777425,0.47843284287707344,35.26772411664327,0.04812451361131255,62.24489676758623,48071247.95,0.5231853149757889,0.03777875543261744,2884.TW,2026-09-23,0.0618507585267849,0.02834932343281893,bull,0.05023255813953489,0.035348837209302326,2026-03-31,2026-05-15,25169421000.0,,,12706707000.0,2639201000.0,10056957000.0,,,,4679436007000.0,4394289185000.0,285146822000.0,45485669000.0,,,,0.2077014131198586,,4679436007000.0,,0.0352693988642805,0.0021491814365995,15.410619533399537,,,0.3995704549580223,0.174006725249566,,,29.938092003685178,29.938092003685178,False,84.37431331431482,84.37431331431482,70.76525798665742,682.0,True,True,True,True,True,True,True,True,True,True,True,True,False,True,False,False,False,13,False,0.16883112629081465,0.2929668589701224,1.0,2192048833.1690965,0.06697674418604652,1.0,3.0,,,,,,-0.09811677101672298,-0.20887170173413092,0.1482711783601384,-1.9290145452416214,0.12468354430379747,-1.9290145452416214,0.08759499442615813,-682.0,0.4050632911392405,0.759493670886076,0.0759493670886076,0.3556962025316456,0.44556962025316454,玉山金
71.30000305175781,71.30000305175781,69.4000015258789,69.5999984741211,17800699.0,0.002881800343586649,69.91999969482421,0.10828024394381863,68.62999973297119,0.05454543142607715,66.39019018809,0.5179934741634749,61.88259506225586,0.026857183955370095,55.14017758655972,21623791.4,0.8231997188060185,0.014133742458458665,2885.TW,2026-09-23,0.0618507585267849,0.02834932343281893,bull,0.09953488372093024,0.20930232558139536,2026-03-31,2026-05-15,39984934000.0,,,18723853000.0,3129395000.0,14409154000.0,,,,4640879682000.0,4254342700000.0,386536982000.0,77947312000.0,,,,0.167134136334012,,4640879682000.0,,0.0372775560192064,0.0031048324859373,11.00630184979299,,,0.360364581319554,0.2805185364050884,,,38.0190051862678,38.0190051862678,False,71.44829342766401,71.44829342766401,63.090971367314964,558.0,True,False,True,True,True,True,True,True,True,True,True,True,True,True,False,False,False,13,False,0.04834762902376677,0.12471040369430653,1.0,1505015848.4447126,0.08651162790697674,1.0,3.0,,,,,,-0.06480902641204671,-0.1866445717423539,0.14513870749668065,-1.9309540053340737,0.1550632911392405,-1.9309540053340737,0.12150641454688053,-558.0,0.5569620253164557,0.3670886075949367,0.11392405063291139,0.490506329113924,0.4113924050632911,元大金
50.900001525878906,50.900001525878906,49.650001525878906,50.0,20917406.0,-0.017681758328068398,50.91999969482422,0.0729614085238024,50.14250011444092,0.08342358281314866,48.56066220601399,0.2738853503184713,44.91033115386963,0.021180183465631847,47.938135815849954,27893426.35,0.749904502140878,-0.0028419028591651907,2886.TW,2026-09-23,0.0618507585267849,0.02834932343281893,bull,0.15441860465116278,0.16372093023255813,2026-03-31,2026-05-15,20768442000.0,,,11219594000.0,1822242000.0,9397352000.0,,,,5003279677000.0,4601326283000.0,401953394000.0,108936088000.0,,,,0.1624160375143699,,5003279677000.0,,0.0233792079884763,0.0018782383969458,11.447412440557724,,,0.4524822805677961,0.1010590363542149,,,21.43739093265881,21.43739093265881,False,66.27441860465116,66.27441860465116,55.06516168665308,831.0,True,False,True,True,False,True,True,False,True,True,True,True,False,True,False,False,False,10,False,0.029639995185398504,0.11332957730132054,1.0,1394671317.5,0.09209302325581395,1.0,3.0,,,,,,-0.07582763977903353,-0.176891283362253,0.14746186434578418,-1.8257979450028776,0.18544303797468356,-1.8257979450028776,0.13848923011898878,-831.0,0.27848101265822783,0.13924050632911392,0.13924050632911392,0.25759493670886074,0.2088607594936709,兆豐金
43.29999923706055,43.29999923706055,42.34999847412109,42.95000076293945,38903925.0,-0.03265767371864414,43.62000045776367,0.1453333536783854,41.91750030517578,0.2878561537646773,37.49036884307861,0.763860373309245,31.883101081848146,0.041946308406636906,59.86842303394979,64761529.0,0.6007258568586298,0.024631727804536707,2887.TW,2026-09-23,0.0618507585267849,0.02834932343281893,bull,0.07162790697674419,0.052093023255813956,2026-03-31,2026-05-15,47867456000.0,,,25588754000.0,4532177000.0,21040510000.0,,,,9064708955000.0,8465511408000.0,599197547000.0,97795796000.0,,,,0.1771159705548773,,9064708955000.0,,0.035114479532407,0.0023211456765409,14.12808088147931,,,0.439557723727787,0.933005034802805,,,37.907562917661295,37.907562917661295,False,82.34417345295792,82.34417345295792,71.23502081913375,559.0,True,True,True,True,True,True,True,True,True,True,True,True,False,True,False,False,False,13,False,0.14562758618654636,0.3471086345296559,1.0,2781507719.9591255,0.05767441860465116,1.0,3.0,,,,,,-0.14946973562848445,-0.2591727237875718,0.12969504704053408,-2.023133273901497,0.056962025316455694,-2.023133273901497,0.05744984510484587,-559.0,0.5443037974683544,0.7848101265822784,0.0379746835443038,0.46835443037974683,0.5151898734177216,台新新光金
45.70000076293945,45.70000076293945,44.650001525878906,45.04999923706055,20231149.0,-0.005518763889856171,45.470000457763675,0.15070236222804811,43.359999847412105,0.12624998092651363,40.656915473937985,0.41666667666325297,36.78970775604248,0.0370724755671535,66.89654809541477,27741216.85,0.7292812391537179,0.03897600082093411,2890.TW,2026-09-23,0.0618507585267849,0.02834932343281893,bull,0.06976744186046512,0.12093023255813953,2026-03-31,2026-05-15,26199317000.0,,,13172491000.0,2157069000.0,10973530000.0,,,,3820349236000.0,3552231164000.0,268118072000.0,41779009000.0,,,,0.163755587306911,,3820349236000.0,,0.0409279759403909,0.0028723892299148,13.24875692825361,,,0.4188479417230609,0.4040584778805451,,,40.18365017296791,40.18365017296791,False,76.58000089262731,76.58000089262731,67.48091321271247,506.0,True,True,True,True,True,True,True,True,True,True,True,True,False,True,False,False,False,13,False,0.10805255912585476,0.22452723831874866,1.0,1249741797.9276311,0.09674418604651162,1.0,3.0,,,,,,-0.0973659894089492,-0.19372732683760344,0.1334556937691753,-2.0796116526515864,0.0930379746835443,-2.0796116526515864,0.08107139514745537,-506.0,0.6329113924050633,0.5949367088607594,0.05063291139240506,0.5455696202531646,0.5050632911392405,永豐金
70.0,70.0,68.9000015258789,68.9000015258789,20541038.0,-0.026836178587307802,69.91999969482421,0.06656351630535107,67.83499965667724,0.012123137753300872,65.9859806060791,0.26422021148401664,62.979828453063966,0.021457611916381323,55.22388569574092,32738322.3,0.6274309908666272,0.015699887588881856,2891.TW,2026-09-23,0.0618507585267849,0.02834932343281893,bull,0.16372093023255813,0.31813953488372093,2026-03-31,2026-05-15,59859484000.0,,,28299359000.0,4691107000.0,23103564000.0,,,,9627795130000.0,9033405624000.0,594389506000.0,137297531000.0,,,,0.165767252890781,,9627795130000.0,,0.0388694009008967,0.0023996734130756,15.197787869424465,,,0.3859633003184591,-0.0259120213272754,,,18.776914292805223,18.776914292805223,False,67.0253029041603,67.0253029041603,54.96320575132153,880.0,True,False,True,True,True,True,True,True,True,False,True,True,False,True,False,False,False,11,False,0.04416121262478212,0.09400109873635132,1.0,2255670456.4247155,0.06511627906976744,1.0,3.0,,,,,,-0.05422902066004917,-0.17859748103583198,0.18751653685066047,-1.3588599538988873,0.320253164556962,-1.3588599538988873,0.27111746872146847,-880.0,0.22784810126582278,0.12658227848101267,0.27848101265822783,0.23544303797468352,0.20759493670886076,中信金
18.649999618530277,18.799999237060547,18.350000381469727,18.649999618530277,1429359.0,0.005390856365640184,18.60999984741211,0.08126723834593297,18.165042781829833,0.26013509312017447,16.85721335411072,0.2951388967074,15.507773327827454,0.02022392766707894,57.89470514106666,1609477.0,0.888089112177434,0.026697258163660198,2905.TW,2026-09-23,0.0618507585267849,0.02834932343281893,bull,0.13674418604651162,0.06046511627906977,2026-03-31,2026-05-15,29552820000.0,,,,-68929000.0,32878000.0,0.03,133124099000.0,1468399841000.0,1617410517000.0,62246052000.0,86764624000.0,72610211000.0,2757000000.0,7269508000.0,,,,149010676000.0,,0.0003789332389661,2.032755423217024e-05,0.717412801788895,,,0.0011125165043471,-0.4161502905041906,,,21.27042291580655,21.27042291580655,False,78.16049040422922,78.16049040422922,63.93797353212355,837.0,True,True,True,True,True,True,True,True,True,True,True,True,True,True,False,False,False,14,False,0.10635128278674699,0.20262266053788336,1.0,30016745.436033256,0.4613953488372093,0.0,3.0,,,,,,0.006872885301713864,-0.043752675611713025,0.17874933897857778,-1.6918644688898503,0.4443037974683544,-1.6918644688898503,0.4122866562398858,-837.0,0.26582278481012656,0.3924050632911392,0.4430379746835443,0.29240506329113924,0.33924050632911396,三商
5.78000020980835,5.829999923706055,5.710000038146973,5.820000171661377,98057.0,0.012173942897630852,5.781999969482422,0.03743316098914562,5.728999948501587,0.03928576263846262,5.7479999701182045,-0.05672607784517214,5.793499998251597,0.004118830896238188,61.97181963491787,148438.75,0.6605889634613603,0.015884137541944288,2929.TW,2026-09-23,0.0618507585267849,0.02834932343281893,bull,0.21767441860465117,0.23627906976744187,2026-03-31,2026-05-15,420493000.0,70439000.0,-34454000.0,-31001000.0,-6689000.0,-24312000.0,-0.22,3349489000.0,471304000.0,3586187000.0,788873000.0,2797314000.0,793736000.0,,,,0.2157672333150543,-27019955.74336312,3114883000.0,-0.0086744689105058,-0.0086911944815633,-0.0067793453046369,0.2820108861572208,0.1675152737382073,-0.0819371547207682,-0.057817847146088,-0.0947542232948049,,,17.228788912459304,17.228788912459304,False,62.806669231816585,62.806669231816585,51.41219915197726,907.0,True,False,True,True,True,False,True,True,False,True,True,True,False,True,False,False,False,10,False,0.012526131161704201,0.004574121587602953,1.0,863913.5504812002,0.9106976744186046,0.0,3.0,,,,,,0.1354771748113593,0.09567405413123146,0.32417268073873357,-1.300094525847934,0.9063291139240507,-1.300094525847934,0.929020721345587,-907.0,0.20253164556962025,0.05063291139240506,0.9746835443037974,0.31835443037974687,0.31139240506329113,淘帝-KY
3425.0,3590.0,3410.0,3470.0,2646917.0,0.09291338582677167,3378.0,0.09984152139461178,3356.0,0.3244274809160306,2847.4305216471353,0.6763285024154588,2682.590260823568,0.03198031980319803,55.629139072847686,3067755.25,0.862818831456649,0.03396901072705605,3017.TW,2026-09-23,0.0618507585267849,0.02834932343281893,bull,0.10883720930232559,0.04372093023255814,2026-03-31,2026-05-15,49037946000.0,14597401000.0,12019030000.0,11979060000.0,3304089000.0,7915619000.0,20.17,135871669000.0,112699102000.0,175993383000.0,124678400000.0,51314983000.0,67880246000.0,16445795000.0,7190026000.0,,0.2758220594938167,8703916392.282032,63294281000.0,0.1375150527783392,0.1542555124689411,0.0449767989288551,2.4296685433959904,0.2976756204266794,0.2450965217833552,0.161418241294201,1.1016606943545204,,,82.5145908535667,82.5145908535667,False,77.50498810664615,77.50498810664615,78.7573887933763,70.0,True,True,True,True,True,True,True,True,True,True,True,True,True,True,True,False,False,14,False,0.21864255286296874,0.2935259069100973,1.0,10645110717.5,0.01581395348837209,3.0,2.0,,,,,,0.09411878143936925,-0.022070747185117687,0.32031818896231495,-0.14697543552773482,0.9006329113924051,-0.14697543552773482,0.9163642133526038,-70.0,0.9367088607594937,0.9240506329113924,0.9620253164556962,0.9405063291139241,0.9379746835443038,奇鋐
541.0,547.0,525.0,543.0,2946472.0,0.07738095238095233,525.2,0.1288981288981288,503.8,0.10279521300876371,455.9880767822266,0.5670995670995671,467.34410095214844,0.029371200899014148,71.59533073929961,2840573.95,1.0372805115670374,0.0778086542278682,3044.TW,2026-09-23,0.0618507585267849,0.02834932343281893,bull,0.08651162790697674,0.14511627906976743,2026-03-31,2026-05-15,20964231000.0,5558653000.0,3845829000.0,4106800000.0,1160501000.0,2946230000.0,5.61,70597125000.0,38074338000.0,103583725000.0,45274053000.0,58309672000.0,21846246000.0,4498565000.0,1000000000.0,,0.2825803545339437,2759073277.703078,65509387000.0,0.042117220203924,0.050527295025772,0.0284429817522009,0.7764415653032657,0.2651493870679063,0.1834471772420366,0.1405360396954221,0.2239921180540351,,,79.90151858407886,79.90151858407886,False,75.57146963476085,75.57146963476085,76.65398187209036,86.0,True,True,True,True,True,True,True,True,True,True,True,True,True,True,True,False,False,14,False,0.19082061055585253,0.16188478445264032,1.0,1542431654.8500001,0.08465116279069768,3.0,2.0,,,,,,0.03920752426003949,-0.04517137014967795,0.2880190997356087,-0.8396546822893327,0.7537974683544304,-0.8396546822893327,0.7042268563887203,-86.0,0.9113924050632911,0.8734177215189873,0.8227848101265823,0.8981012658227847,0.8822784810126583,健鼎
123.0,123.0,121.5,123.0,6839967.0,-0.012048192771084376,123.7,0.06493506493506485,119.925,0.08805465670900814,114.40941416422525,0.12328767123287676,114.02304337819417,0.01803904923599321,72.72727272727272,8154541.95,0.8387923002836474,0.025641025641025772,3045.TW,2026-09-23,0.0618507585267849,0.02834932343281893,bull,0.1655813953488372,0.15627906976744185,2026-03-31,2026-05-15,49778303000.0,10732395000.0,5932746000.0,5668910000.0,1142669000.0,4146321000.0,1.37,41814599000.0,76460035000.0,236418708000.0,136571793000.0,99846915000.0,10062152000.0,11400000000.0,12970613000.0,28970690000.0,0.2015676735033719,4736896191.293565,159958673000.0,0.0296132501130061,0.0415267812731119,0.0175380410250782,1.367811844762555,0.2156038746439387,0.1191833719200913,0.0832957483504409,0.0334448521595114,,,52.335130939946126,52.335130939946126,False,68.262333532101,68.262333532101,64.28053288406228,333.0,True,False,True,True,True,True,True,False,True,True,True,True,True,True,False,False,False,12,False,0.07508635454984214,0.078729319581752,1.0,1003008659.85,0.11162790697674418,2.0,3.0,,,,,,0.033810690803195265,-0.02723734890631345,0.23213067115942607,-1.0443880437625037,0.7037974683544305,-1.0443880437625037,0.5707642238005232,-333.0,0.7088607594936709,0.4050632911392405,0.6455696202531646,0.6993670886075949,0.6050632911392405,台灣大
873.0,903.0,860.0,890.0,6358164.0,0.08009708737864085,842.2,0.24301675977653625,823.0,0.06214046459758804,743.4514200846354,0.9977553310886644,754.5267135620118,0.042365904629219235,65.32567049808429,4965084.6,1.280575158779772,0.0814094775212637,3167.TW,2026-09-23,0.0618507585267849,0.02834932343281893,bull,0.03627906976744186,0.19441860465116279,2026-03-31,2026-05-15,1946206000.0,824053000.0,409380000.0,425365000.0,143361000.0,282004000.0,3.19,7943560000.0,5595217000.0,10404607000.0,6825735000.0,3578872000.0,1402836000.0,918708000.0,407412000.0,308759000.0,0.337030550233329,271406433.3454797,4809390000.0,0.0564326106523862,0.078796894664017,0.0271037627850816,1.907230825802096,0.4234150958326097,0.2103477226973917,0.144899358033014,1.3065981160430264,,,88.81703425043213,88.81703425043213,False,83.36711168720743,83.36711168720743,84.72959232801361,40.0,True,True,True,True,True,True,True,True,True,True,True,True,True,True,True,False,False,14,False,0.19711924136035863,0.17954736923552828,1.0,4418925294.0,0.044651162790697675,3.0,2.0,,,,,,0.009658496363160617,-0.15243553264872542,0.23486994263648922,-1.0081079115334663,0.5139240506329115,-1.0081079115334663,0.4175484214019618,-40.0,0.9620253164556962,0.9873417721518988,0.46835443037974683,0.8879746835443039,0.8708860759493671,大量
905.0,922.0,881.0,906.0,29704984.0,0.1048780487804879,855.8,0.028376844494892195,835.65,0.022016881151143863,799.45,1.70104461447088,692.5112762451172,0.006443454173190441,73.47670250896057,18897870.4,1.5718693890503135,0.08418596302279657,3189.TW,2026-09-23,0.0618507585267849,0.02834932343281893,bull,0.24651162790697675,0.2827906976744186,2026-03-31,2026-05-15,11104965000.0,2349499000.0,890638000.0,964461000.0,88658000.0,549232000.0,1.17,33407134000.0,17816161000.0,83654067000.0,32183791000.0,51470276000.0,11635037000.0,1278540000.0,7562530000.0,,0.0919249197220001,808766173.3486372,65837906000.0,0.0122842025587605,0.0106708578753298,0.0065655146210643,0.6252888754666869,0.2115719410191747,0.0802017836166075,0.0494582378242524,0.2883172632505095,,,45.18411999125517,45.18411999125517,False,72.31595888158256,72.31595888158256,65.53299915900071,429.0,True,False,True,True,True,True,True,False,False,False,False,True,True,True,False,False,False,9,False,0.13327912940146347,0.30828194583696233,1.0,17121470582.399998,0.009302325581395349,3.0,3.0,,,,,,-0.10816920460049066,-0.19367488669969338,0.15374210525860624,-1.5919850683956385,0.18734177215189876,-1.5919850683956385,0.18448117112188497,-429.0,0.6582278481012658,0.5443037974683544,0.17721518987341772,0.5860759493670886,0.5278481012658227,景碩
32.150001525878906,32.79999923706055,31.850000381469727,32.45000076293945,568804.0,0.07095714785527774,31.670000076293945,0.17148013968126485,30.244999980926515,0.06743424901754258,28.874999936421712,0.5867970441227082,29.82999987602234,0.033045851654518274,53.6585394219942,1044654.15,0.5444902506729141,0.07290463823453419,3518.TW,2026-09-23,0.0618507585267849,0.02834932343281893,bull,0.05581395348837209,0.18604651162790697,2026-03-31,2026-05-15,62020000.0,-8136000.0,-65733000.0,299263000.0,11897000.0,283367000.0,2.81,1286836000.0,314326000.0,2442515000.0,739644000.0,1702871000.0,660760000.0,144500000.0,19646000.0,291744000.0,0.0397543298035507,-63119828.6390232,2128189000.0,-0.0296589394264434,0.1664054411637757,0.1160144359400044,0.434351163417546,-0.1311834891970332,,,-0.1616426505177215,,,49.17067183075589,49.17067183075589,False,76.59262670418923,76.59262670418923,69.7371379858309,383.0,True,True,True,True,True,True,True,True,True,True,True,True,False,True,False,False,False,13,False,0.12380955270612426,0.08783107267201484,1.0,33899027.96450787,0.44558139534883723,1.0,3.0,,,,,,0.017704867078517626,-0.06218040207317779,0.08757482938832015,-2.165555370799083,0.31139240506329113,-2.165555370799083,0.3113095369508,-383.0,0.6708860759493671,0.6835443037974683,0.3291139240506329,0.619620253164557,0.6063291139240506,柏騰
442.0,460.0,430.5,445.0,11424961.0,0.011363636363636465,441.7,0.16492146596858648,413.475,0.11250000000000004,388.19434407552086,2.4099616858237547,324.4513387044271,0.049428934010152345,70.0,7464721.6,1.530527407746861,0.07624402926416352,3532.TW,2026-09-23,0.0618507585267849,0.02834932343281893,bull,0.061395348837209304,0.1330232558139535,2026-03-31,2026-05-15,3308768000.0,27622000.0,-105154000.0,-82202000.0,-13987000.0,-68215000.0,-0.18,9109304000.0,3626589000.0,51226148000.0,26972355000.0,24253793000.0,1958029000.0,0.0,20500000000.0,,0.1701540108513174,-87261625.14294055,47599559000.0,-0.0018332444034395,-0.0028125497731426,-0.0013316441439243,1.112088117516299,0.0083481223222661,-0.03178040890144,-0.0206164348784804,0.1086960163893446,,,17.44238091593533,17.44238091593533,False,80.60728897610569,80.60728897610569,64.8160619610631,900.0,True,True,True,True,True,True,True,True,True,True,True,True,True,True,False,False,False,14,False,0.14633303341850845,0.37154619788883636,1.0,3321801112.0,0.053953488372093024,2.0,3.0,,,,,,-0.2207825633481927,-0.35019031859901917,0.08412599883169551,-1.9929464945983362,0.038607594936708865,-1.9929464945983362,0.027051414290114838,-900.0,0.21518987341772153,0.46835443037974683,0.012658227848101266,0.1848101265822785,0.25063291139240507,台勝科
17.600000381469727,18.0,17.549999237060547,17.75,11331244.0,0.08895710618456065,17.29000015258789,0.04105576505938502,17.069999790191652,0.05654766702868441,17.18999989827474,-0.13625300929505324,17.3945832490921,0.0029377259849563218,59.72221633535371,9968797.45,1.1366711036946588,0.03983598231788332,3576.TW,2026-09-23,0.0618507585267849,0.02834932343281893,bull,0.20651162790697675,0.20465116279069767,2026-03-31,2026-05-15,520029000.0,-237380000.0,-450612000.0,1756562000.0,10661000.0,1745834000.0,1.07,9492286000.0,6482798000.0,25509734000.0,12399640000.0,13110094000.0,6613378000.0,616197000.0,3678862000.0,,0.0060692420762831,-447877126.6895219,19026936000.0,-0.0235391093284552,0.1331671611202787,0.0684379539198644,0.9458086265437914,-0.4564745427658842,-0.8665132136861599,,-0.4687390816645519,,,39.4401659971228,39.4401659971228,False,66.72720352291758,66.72720352291758,59.90544414146888,522.0,True,False,True,True,True,False,True,True,False,True,True,True,True,True,False,False,False,11,False,0.03257708580797991,0.02043261087766801,1.0,176946154.73749998,0.25116279069767444,0.0,3.0,,,,,,-0.022151912800356253,-0.12706744455720625,0.0921382495588852,-1.4596927036961398,0.2778481012658228,-1.4596927036961398,0.24124980277162306,-522.0,0.6075949367088608,0.25316455696202533,0.25316455696202533,0.5544303797468354,0.43037974683544306,聯合再生
235.0,235.0,222.5,223.5,1997274.0,-0.04077253218884125,232.1,0.10098522167487678,232.4,0.04815272450871033,215.5033856709798,0.7126436781609196,217.42454045613607,0.033807829181494636,45.9016393442623,3168339.5,0.6303850960416332,-0.0382960413080895,4576.TW,2026-09-23,0.0618507585267849,0.02834932343281893,bull,0.10697674418604651,0.2186046511627907,2026-03-31,2026-05-15,855045000.0,333579000.0,142385000.0,156336000.0,25448000.0,115509000.0,0.96,2993873000.0,1467204000.0,7172640000.0,2677573000.0,4495067000.0,739838000.0,80000000.0,1087969000.0,,0.1627776072049943,119207910.39811689,5705436000.0,0.0208937424586161,0.0256968361094506,0.0161041122933815,0.5956692080451749,0.3901303440169815,0.1665233993532504,0.135091135554269,0.454690065244945,,,70.19733381714003,70.19733381714003,False,66.32558139534883,66.32558139534883,67.29351950079663,161.0,True,False,True,True,False,True,True,False,True,True,True,True,False,True,True,False,False,10,False,0.037106676092917734,0.027942841829713405,1.0,708123878.25,0.1413953488372093,2.0,3.0,,,,,,-0.005853132707515807,-0.09092666463513549,0.20040249346133335,-1.768000725607667,0.4088607594936709,-1.768000725607667,0.3009975720125969,-161.0,0.8607594936708861,0.5822784810126582,0.31645569620253167,0.779113924050633,0.6683544303797468,大銀微系統
106.0,106.5,105.0,105.5,3728796.0,0.004761904761904745,106.1,0.044554455445544594,104.1,0.05846938795818013,102.14814847310384,0.14054054054054044,100.59548060099284,0.010189228529839856,58.33333333333333,4972801.15,0.7498381470572174,0.01344860710854956,4904.TW,2026-09-23,0.0618507585267849,0.02834932343281893,bull,0.1972093023255814,0.20093023255813955,2026-03-31,2026-05-15,27804510000.0,9180075000.0,4900562000.0,4717879000.0,943576000.0,3708354000.0,1.03,36726189000.0,39569231000.0,185313352000.0,85176808000.0,100136544000.0,7149542000.0,1907000000.0,7161318000.0,18487164000.0,0.2000000423919307,3920449392.255715,145744121000.0,0.026899537115845,0.0370329736963959,0.0200112617897063,0.850606627686292,0.3301649624467397,0.1762506154577081,0.1333723917450802,0.0676669313513584,,,64.90506799565857,64.90506799565857,False,72.2182194123619,72.2182194123619,70.38993155818606,211.0,True,False,True,True,True,True,True,True,False,True,True,True,False,True,True,False,False,11,False,0.03281362978183311,0.04875486820785424,1.0,524630521.32500005,0.16186046511627908,2.0,3.0,,,,,,0.02780486626114314,-0.03803551964010097,0.24797610545108145,-1.358021539811177,0.6563291139240507,-1.358021539811177,0.5922138913694559,-211.0,0.810126582278481,0.7088607594936709,0.6962025316455697,0.7930379746835443,0.7569620253164557,遠傳
182.0,182.0,177.5,178.5,555939.0,-0.013812154696132617,181.0,0.0785498489425982,173.1,0.10526315789473695,167.30833333333334,0.25678903505129513,162.4683452606201,0.0235033259423503,66.23376623376623,973883.8,0.5708473639257579,0.03119584055459268,4961.TW,2026-09-23,0.0618507585267849,0.02834932343281893,bull,0.14325581395348838,0.1413953488372093,2026-03-31,2026-05-15,4501219000.0,1251280000.0,294573000.0,378167000.0,58735000.0,224263000.0,1.86,18756288000.0,2898638000.0,26661399000.0,3800040000.0,22861359000.0,2014179000.0,,,,0.155314979889837,248821400.42891103,23762761000.0,0.0104710643863695,0.0098096967901164,0.0084115240914402,0.1662210894811634,0.2779869186547022,0.0654429389016619,0.049822725799389,-0.0343346930509377,,,36.99914354663914,36.99914354663914,False,73.95179942471869,73.95179942471869,64.7136354551988,572.0,True,False,True,True,True,True,True,True,True,True,True,True,False,True,False,False,False,12,False,0.06689246401354776,0.09867555869829947,1.0,173838258.3,0.25302325581395346,2.0,3.0,,,,,,0.0047565663074487265,-0.06234283733629093,0.185277164196706,-1.7990894365945704,0.41455696202531644,-1.7990894365945704,0.340876032530204,-572.0,0.5189873417721519,0.45569620253164556,0.379746835443038,0.4981012658227848,0.47215189873417723,天鈺
54.20000076293945,54.20000076293945,53.5,53.5,70431.0,0.011342125837701111,54.37999954223633,0.04876332677290929,53.53362064361572,0.015180250957854469,53.17734362284342,-0.01834862385321101,53.247838560740156,0.01880037727836742,48.54369291610666,99732.4,0.706199790639752,-0.0006280285773969663,5283.TW,2026-09-23,0.0618507585267849,0.02834932343281893,bull,0.18976744186046512,0.30790697674418605,2026-03-31,2026-05-15,1223404000.0,353685000.0,-7455000.0,16910000.0,3240000.0,13670000.0,0.16,4507049000.0,2765436000.0,8209751000.0,3417985000.0,4791766000.0,676596000.0,1172000000.0,328000000.0,,0.1916026020106445,-6026602.602010644,5444315000.0,-0.0011069533269126,0.0028528104252169,0.0016650931313263,0.7133038215972983,0.2890991038119869,-0.006093653445632,0.011173741462346,-0.0336491827829927,,,23.489256314333275,23.489256314333275,False,61.609302325581396,61.609302325581396,52.079290822769366,796.0,True,False,True,True,False,True,True,False,False,False,True,True,False,True,False,False,False,8,False,0.006067553495056055,0.0047356183100690785,1.0,5335683.399999999,0.6865116279069767,1.0,3.0,,,,,,0.01410059085462218,-0.02693961899163175,0.18790545363451025,-1.831689461514414,0.5031645569620253,-1.831689461514414,0.46162581126213753,-796.0,0.3291139240506329,0.0759493670886076,0.5063291139240507,0.3556962025316456,0.28860759493670884,禾聯碩
49.70000076293945,49.900001525878906,48.900001525878906,49.25,5062979.0,-0.01005025125628145,49.52000045776367,0.13741341496022108,47.400000381469724,0.16155656197182422,44.76512832641602,0.24525918963482596,42.58298075993856,0.03194905370012375,69.64284011296947,8778734.45,0.5767322190728756,0.03902952750298927,5876.TW,2026-09-23,0.0618507585267849,0.02834932343281893,bull,0.07906976744186046,0.10232558139534884,2026-03-31,2026-05-15,,,,,1276742000.0,5109024000.0,,,,2488960189000.0,2207968500000.0,280991689000.0,30954201000.0,,,,,,2488960189000.0,,0.0181821178348089,0.0020526740534378,7.857771551385635,,,,,,,9.85663137943466,9.85663137943466,False,73.71907238603238,73.71907238603238,57.75346213438294,1038.0,True,False,True,True,True,True,True,True,True,True,True,True,False,True,False,False,False,12,False,0.1001867266163392,0.15656534890421936,1.0,432352671.66249996,0.1786046511627907,1.0,3.0,,,,,,0.005538865290484594,-0.12512924164422456,0.1923903238963102,-1.255014900237319,0.45949367088607596,-1.255014900237319,0.39810604228129753,-1038.0,0.0759493670886076,0.22784810126582278,0.43037974683544306,0.1291139240506329,0.19240506329113924,上海商銀
27.149999618530277,27.149999618530277,26.649999618530277,26.75,17467624.0,-0.02193785642051549,27.16999969482422,0.07000000000000006,26.65,0.07645873599048603,25.64849195480347,0.13107824234554344,24.582162666320805,0.020975003886489957,50.847444476772374,20599182.4,0.8479765682350577,0.0037523452157599557,5880.TW,2026-09-23,0.0618507585267849,0.02834932343281893,bull,0.15627906976744185,0.17302325581395347,2026-03-31,2026-05-15,16133084000.0,,,7244382000.0,1432147000.0,5589587000.0,,,,5429875285000.0,5139559219000.0,290316066000.0,54560035000.0,,,,0.1976907070886101,,5429875285000.0,,0.0192534539235593,0.001029413514421,17.70332344955377,,,0.3464673586277738,-0.0732164392268276,,,8.548521494786451,8.548521494786451,False,66.29874194627456,66.29874194627456,51.861186833402535,1052.0,True,False,True,True,True,True,True,True,True,True,True,True,True,True,False,False,False,13,False,0.04294630838871738,0.08818741308913713,1.0,551028129.1999999,0.15813953488372093,0.0,3.0,,,,,,-0.01744532461286006,-0.1765780967314004,0.13817687637855983,-1.131372343221205,0.31645569620253167,-1.131372343221205,0.2364979087971694,-1052.0,0.05063291139240506,0.06329113924050633,0.24050632911392406,0.07911392405063292,0.09240506329113925,合庫金
26.75,27.399999618530277,25.799999237060547,26.049999237060547,3341854.0,0.09915605056839794,26.95,0.16035627402133468,23.949898147583006,0.08995814447056794,22.865799331665038,0.18678807888897953,22.870399665832522,0.05078447526508401,63.91833257385136,3568889.1,0.9363849383832072,0.0876872659973913,6133.TW,2026-09-23,0.0618507585267849,0.02834932343281893,bull,0.062325581395348835,0.15348837209302327,2026-03-31,2026-05-15,324191000.0,77708000.0,27678000.0,22995000.0,8071000.0,14924000.0,0.13,1167334000.0,805832000.0,2434869000.0,834956000.0,1599913000.0,389506000.0,523000000.0,0.0,,0.3509893455098934,17963316.894977167,1629037000.0,0.0110269545105342,0.009328007210392,0.006129282519922,0.521875877000812,0.2396982026027866,0.0853755964847882,0.0460345907196683,0.0760312529042366,,,38.81172473878017,38.81172473878017,False,83.3577036735395,83.3577036735395,72.22120893984967,540.0,True,True,True,True,True,True,True,True,True,True,True,True,True,True,False,False,False,14,False,0.1392560067203057,0.13902684770210727,1.0,92969558.33215371,0.32744186046511625,0.0,3.0,,,,,,0.02648215431239891,-0.0561748546153424,0.2452433935271424,-1.7280562246985833,0.5651898734177215,-1.7280562246985833,0.4160799254659553,-540.0,0.5822784810126582,0.810126582278481,0.45569620253164556,0.5632911392405063,0.6253164556962025,金橋
53.5,54.400001525878906,51.0,51.79999923706055,3175237.0,0.038076105272186744,50.189999389648435,0.02777773152373375,52.260000228881836,0.318066163935502,42.753333536783856,1.4725535728234784,38.20166668891907,0.018812745150723738,50.21833726519207,3396719.2,0.9347952577298706,-0.008802162070544073,6141.TW,2026-09-23,0.0618507585267849,0.02834932343281893,bull,0.24930232558139534,0.045581395348837206,2026-03-31,2026-05-15,492434000.0,34293000.0,-63612000.0,-77804000.0,15064000.0,-65599000.0,-0.58,1350221000.0,3615846000.0,5252579000.0,4716598000.0,535981000.0,92109000.0,1308939000.0,1003547000.0,,0.0,-63612000.0,1636733000.0,-0.0388652272545369,-0.1223905325002192,-0.0124889125894156,8.799935072325326,0.0696397892915598,-0.129178732581422,-0.1332137910867243,0.0266912966607733,,,4.52468916645619,4.52468916645619,False,66.3813953488372,66.3813953488372,50.91721880324195,1067.0,True,False,True,True,False,True,True,True,False,True,True,True,True,True,False,False,False,11,False,0.21160141097519736,0.3559617610109631,1.0,175950051.96850893,0.25209302325581395,1.0,3.0,,,,,,-0.06297256221513224,-0.16407899398296774,0.18192674131992997,-0.49676977141873274,0.37721518987341773,-0.49676977141873274,0.3501233755582469,-1067.0,0.0379746835443038,0.02531645569620253,0.3924050632911392,0.0911392405063291,0.10506329113924051,柏承
15.350000381469728,15.449999809265137,15.0,15.050000190734863,1092147.0,-0.0066006224629271415,15.200000190734864,0.07500001362391884,14.527500009536743,0.1401515460758722,13.560000006357829,-0.08787877631909924,14.35250001748403,0.022703276226435587,64.42308009728949,1327455.05,0.822737462937069,0.03596628331475604,6152.TW,2026-09-23,0.0618507585267849,0.02834932343281893,bull,0.1516279069767442,0.11162790697674418,2026-03-31,2026-05-15,331599000.0,67905000.0,-74688000.0,-37067000.0,0.0,-37057000.0,-0.22,2369207000.0,1662086000.0,2991955000.0,1740955000.0,1251000000.0,751624000.0,571363000.0,46921000.0,,-0.0,-74688000.0,1329869000.0,-0.056161922715696,-0.0296219024780175,-0.012385547242522,1.391650679456435,0.2047804727999783,-0.2252359024001881,-0.1117524479868757,-0.1247891807146872,,,12.786538756616617,12.786538756616617,False,76.85423306218709,76.85423306218709,60.83730948579447,994.0,True,True,True,True,True,True,True,True,True,True,True,True,True,True,False,False,False,14,False,0.1098820194453114,0.048597817272332255,1.0,19978198.755691957,0.5116279069767442,0.0,3.0,,,,,,-0.026159793872094703,-0.09595012513190669,0.16634389024366292,-1.8508192527816576,0.28354430379746837,-1.8508192527816576,0.2663441862969691,-994.0,0.1518987341772152,0.27848101265822783,0.26582278481012656,0.16898734177215188,0.21265822784810126,百一
190.5,190.5,187.0,190.0,2526682.0,-0.005235602094240788,191.9,0.04972375690607733,187.125,0.45038167938931295,162.725,0.845994875712113,143.6089542388916,0.015741620301262076,68.42105263157895,1798503.65,1.4048801068599444,0.015364061456245803,6214.TW,2026-09-23,0.0618507585267849,0.02834932343281893,bull,0.18790697674418605,0.026046511627906978,2026-03-31,2026-05-15,11968686000.0,2441124000.0,591731000.0,895921000.0,121622000.0,718327000.0,2.64,28637858000.0,16986250000.0,37839475000.0,17932964000.0,19906511000.0,4485498000.0,2337560000.0,448042000.0,0.0,0.1357508083860072,511403038.4029395,20853225000.0,0.0245239303946003,0.0360850276575337,0.0189835350516887,0.9008592213874144,0.203959231614899,0.0494399301644307,0.0600171982120677,0.2168964026850304,,,53.24611007538207,53.24611007538207,False,75.12035321707572,75.12035321707572,69.65179243165231,321.0,True,True,True,True,True,True,True,True,False,True,True,True,True,True,False,False,False,13,False,0.16761407282224616,0.32303727860825093,1.0,341715693.5,0.19627906976744186,2.0,3.0,,,,,,0.029746745406651197,-0.0630235906347944,0.2485161667403565,-1.4067998000924091,0.6272151898734177,-1.4067998000924091,0.549427236841953,-321.0,0.7215189873417721,0.6582278481012658,0.6075949367088608,0.7044303797468354,0.6797468354430379,精誠
38.84999847412109,40.75,38.75,39.900001525878906,822481.0,0.06117029641213523,38.60999984741211,0.035019515318706285,38.68000030517578,0.016560548430035738,39.365000089009605,-0.1326086624808933,41.07750005722046,0.003437319553984146,54.545461551325396,286248.65,2.8733096208488664,0.03154087929363003,6235.TW,2026-09-23,0.0618507585267849,0.02834932343281893,bull,0.2241860465116279,0.3041860465116279,2026-03-31,2026-05-15,1642000000.0,401090000.0,107878000.0,79269000.0,18623000.0,60646000.0,0.3,4823255000.0,3718899000.0,10741232000.0,5775598000.0,4965634000.0,1153134000.0,504318000.0,1458534000.0,,0.2349342113562679,82533767.14730853,7022333000.0,0.0117530409263286,0.0122131433770592,0.0056460934835035,1.1631139145575369,0.2442691839220462,0.0656991473812423,0.0369342265529841,0.1305697947829918,,,36.53611312437063,36.53611312437063,False,56.12646466224674,56.12646466224674,51.228876777777714,578.0,True,False,True,True,True,False,True,True,False,False,True,True,True,True,False,False,False,10,False,0.01359078967762195,-0.028665291940875526,0.0,11421321.571780778,0.5990697674418605,1.0,3.0,,,,,,0.022010154208428247,-0.028003785814502833,0.17161208045037293,-1.846195935039409,0.4867088607594937,-1.846195935039409,0.7727707358077227,-578.0,0.5063291139240507,0.0379746835443038,0.8987341772151899,0.5651898734177215,0.44430379746835447,華孚
212.5,218.0,204.5,209.0,18914542.0,0.14207650273224037,199.4,0.04761904761904767,194.95,0.03855947647655911,179.6156313578288,1.2210414812862949,183.17711238861085,0.018281535648994516,61.146496815286625,5183467.1,3.649013610986361,0.07206976147730204,6278.TW,2026-09-23,0.0618507585267849,0.02834932343281893,bull,0.1925581395348837,0.2372093023255814,2026-03-31,2026-05-15,12555084000.0,1419454000.0,723987000.0,799040000.0,170919000.0,627376000.0,2.17,37797116000.0,26839243000.0,53112334000.0,30850052000.0,22262282000.0,9566156000.0,4162457000.0,1773538000.0,,0.2139054365238286,569122244.7274228,26273091000.0,0.0216617924677162,0.0281811181800679,0.0118122468502325,1.3857542546626622,0.113058104589344,0.0576648471647023,0.0499698767447513,0.0113360711318526,,,34.433104916963885,34.433104916963885,False,79.13606247304843,79.13606247304843,67.9603230840273,606.0,True,True,True,True,True,True,True,True,False,True,False,True,False,True,False,False,False,11,False,0.163595831944225,0.1409722386965344,1.0,1083344623.8999999,0.10976744186046512,2.0,3.0,,,,,,0.018590859586217177,-0.04866201638856908,0.23786122463629344,-1.0046956689173372,0.6341772151898735,-1.0046956689173372,0.5735721457983627,-606.0,0.4936708860759494,0.6075949367088608,0.6582278481012658,0.5183544303797468,0.5607594936708861,台表科
87.9000015258789,88.5,86.5,87.30000305175781,12771142.0,0.084472087599476,87.13999938964844,0.24005683465314265,81.3049991607666,0.6287314465859102,74.38999964396159,0.6322503717023762,63.27846269607544,0.04875845934648438,69.42446378809825,25277181.05,0.5052439184075869,0.07373475128063323,6505.TW,2026-09-23,0.0618507585267849,0.02834932343281893,bull,0.037209302325581395,0.013023255813953489,2026-03-31,2026-05-15,161989437000.0,27190906000.0,24513957000.0,25616191000.0,5209581000.0,20407731000.0,2.14,296450387000.0,65693610000.0,463713281000.0,83114597000.0,380598684000.0,63985692000.0,123643000.0,1500200000.0,8100000000.0,0.2033706338307674,19528538027.20982,398019671000.0,0.0490642534780895,0.0536200776774099,0.0440093735421824,0.2183785716925915,0.1678560436011639,0.1513305895371437,0.1259818626321912,-0.0650893152444253,,,66.8716639923295,66.8716639923295,False,80.34218682149398,80.34218682149398,76.97455611420287,193.0,True,True,True,True,True,True,True,True,True,True,True,True,False,True,True,False,False,13,False,0.17354487793500284,0.3796163707556728,1.0,2206697982.804835,0.06604651162790698,1.0,3.0,,,,,,0.02432467191642899,-0.03358905735708339,0.18940979425560983,-1.5214164054772508,0.5569620253164557,-1.5214164054772508,0.48391789548379693,-193.0,0.8354430379746836,0.8860759493670886,0.5189873417721519,0.7879746835443038,0.7873417721518987,台塑化
940.0,999.0,940.0,987.0,3922103.0,0.04004214963119068,951.4,0.07751091703056767,947.15,0.027055150884495394,887.65,1.2585746112092897,893.155913289388,0.019098343017000214,56.931608133086876,3480665.75,1.1268255218128889,0.04207358918861859,6531.TW,2026-09-23,0.0618507585267849,0.02834932343281893,bull,0.14604651162790697,0.26325581395348835,2026-03-31,2026-05-15,2099951000.0,969865000.0,588249000.0,825691000.0,165725000.0,676217000.0,4.15,13696423000.0,3453169000.0,15567366000.0,3557927000.0,12009439000.0,8765915000.0,50000000.0,,,0.2007106774810431,470181144.6824538,12114197000.0,0.0388124070198341,0.0563071264194772,0.0434381127802866,0.2962608827939423,0.4618512527197063,0.280125107681084,0.3220156089356371,1.1538842619184375,,,95.34498936770456,95.34498936770456,False,74.07978567546995,74.07978567546995,79.3960865985286,16.0,True,False,True,True,True,True,True,True,True,False,True,True,True,True,True,False,False,12,False,0.11192474511350192,0.10507021821643137,1.0,3435417095.25,0.053023255813953486,3.0,1.0,,,,,,-0.08782436054587746,-0.20462036019925672,0.1413956290813876,-1.2156403015832011,0.2291139240506329,-1.2156403015832011,0.22132948554234458,-16.0,0.9873417721518988,0.9493670886075949,0.20253164556962025,0.869620253164557,0.8189873417721518,愛普*
51.900001525878906,53.900001525878906,51.20000076293945,53.900001525878906,1185115.0,0.10112360951559274,52.28000106811523,0.0673267628886911,49.20250053405762,0.11134023764698786,48.61333338419596,-0.05933678458031444,47.45333325068156,0.008299611727571132,70.0,646829.4,1.8321909919369774,0.09547281013837305,6589.TW,2026-09-23,0.0618507585267849,0.02834932343281893,bull,0.16186046511627908,0.13488372093023257,2026-03-31,2026-05-15,308435000.0,64956000.0,-207240000.0,-141836000.0,406000.0,-142242000.0,-0.47,4188368000.0,910711000.0,10619357000.0,2413133000.0,8206224000.0,3257763000.0,0.0,1001914000.0,,0.0,-207240000.0,9708646000.0,-0.0213459219751137,-0.0173334288705743,-0.0133945963018288,0.2940613124867174,0.2105986674664029,-0.6719081816265988,-0.461173342843711,0.6954150931987708,,,33.08565989658788,33.08565989658788,False,77.79323560197875,77.79323560197875,66.61634167563103,626.0,True,True,True,True,True,True,True,True,True,True,False,True,True,True,False,False,False,13,False,0.10874934454508378,0.13585280176508485,1.0,34864105.64698334,0.4427906976744186,1.0,3.0,,,,,,-0.04974124541002013,-0.1507864305222541,0.12051223142091277,-2.2155599640609633,0.14240506329113925,-2.2155599640609633,0.124081821137134,-626.0,0.46835443037974683,0.569620253164557,0.12658227848101267,0.4170886075949367,0.43037974683544306,台康生技
48.95000076293945,49.45000076293945,46.650001525878906,46.95000076293945,3582836.0,0.08680555402251433,48.14000015258789,0.20230478054353918,43.78499984741211,0.2210663155094872,38.61250012715657,0.3748169448063039,38.35333331425984,0.07093065943067527,60.38187044045659,4550442.8,0.7873598586933123,0.0722850502810819,6668.TW,2026-09-23,0.0618507585267849,0.02834932343281893,bull,0.045581395348837206,0.07255813953488371,2026-03-31,2026-05-15,266191000.0,30013000.0,-64011000.0,-65550000.0,476000.0,-66026000.0,-0.62,1253334000.0,833718000.0,3689403000.0,1550388000.0,2139015000.0,347154000.0,202579000.0,608736000.0,,0.0,-64011000.0,2855685000.0,-0.022415287400396,-0.0308674787226831,-0.0178961203208215,0.7248139914867358,0.1127498675762892,-0.240470188699092,-0.2480399412451961,0.2035801162927393,,,23.40057097773575,23.40057097773575,False,87.15554821953805,87.15554821953805,71.21680390908747,798.0,True,True,True,True,True,True,True,True,True,True,True,True,False,True,False,False,False,13,False,0.21592750037750164,0.2241439454099119,1.0,213643292.93171233,0.24093023255813953,1.0,3.0,,,,,,-0.03762348909658017,-0.13346532189000174,0.21088778907094852,-1.94680850571646,0.2917721518987342,-1.94680850571646,0.23450330401531297,-798.0,0.31645569620253167,0.7721518987341772,0.22784810126582278,0.3031645569620253,0.43544303797468353,中揚光
271.0,273.0,268.5,273.0,197861.0,0.011111111111111072,273.1,0.032136105860113506,275.4,0.08548707753479134,266.9583333333333,0.12497309602375739,259.2209946950277,0.006854949273375378,46.15384615384615,217268.6,0.9106746211831807,-0.008714596949890963,6670.TW,2026-09-23,0.0618507585267849,0.02834932343281893,bull,0.23162790697674418,0.16279069767441862,2026-03-31,2026-05-15,8468855000.0,2032739000.0,1265065000.0,1332547000.0,298511000.0,970370000.0,6.96,20003146000.0,8031634000.0,30684051000.0,10347885000.0,20336166000.0,9145558000.0,1517321000.0,68804000.0,1552151000.0,0.2240153630603648,981671004.7300396,22652417000.0,0.0433362587634705,0.047716467302637,0.0316245726485072,0.5088414895905158,0.2400252454434513,0.149378516930565,0.1145810147888941,-0.0012569118061379,,,69.78295043229787,69.78295043229787,False,63.98139534883721,63.98139534883721,65.43178411970237,168.0,True,False,True,True,False,True,True,False,False,True,True,True,True,True,True,False,False,10,False,0.022631496800374684,0.05315543720208016,1.0,59314327.800000004,0.3758139534883721,2.0,3.0,,,,,,0.06503830499255316,0.030286687548367407,0.2734234693810701,-0.3868308635753818,0.8841772151898735,-0.3868308635753818,0.8629127781515018,-168.0,0.8481012658227848,0.5316455696202531,0.9240506329113924,0.8594936708860759,0.7683544303797468,復盛應用
302.0,310.0,298.0,307.0,3268568.0,0.009868421052631637,302.9,0.11030741410488254,291.825,0.05679862306368322,267.30833333333334,1.4228528764492134,238.44017575581867,0.0270103818405772,69.2982456140351,4977665.7,0.6566467490976744,0.052000342671121524,6672.TW,2026-09-23,0.0618507585267849,0.02834932343281893,bull,0.09674418604651162,0.20372093023255813,2026-03-31,2026-05-15,1245827000.0,423777000.0,145352000.0,148482000.0,24894000.0,123588000.0,1.73,4606299000.0,1439948000.0,6456499000.0,2742865000.0,3713634000.0,1563255000.0,30000000.0,69263000.0,896840000.0,0.1676566856588677,120982765.42611226,5016551000.0,0.0241167219123481,0.0332795315855035,0.0191416431722517,0.7385932485538425,0.3401571807321562,0.1166710947828229,0.0992015745364324,0.2185628742514969,,,64.4879602565514,64.4879602565514,False,72.11774014756739,72.11774014756739,70.2102951748134,216.0,True,False,True,True,True,True,True,True,True,True,True,True,False,True,True,False,False,12,False,0.14848645446893416,0.2875346993301664,1.0,1528143369.9,0.08558139534883721,2.0,3.0,,,,,,0.014045032124954645,-0.08672258997839208,0.2951452908460748,-1.5072924918823167,0.5784810126582278,-1.5072924918823167,0.4920631642454625,-216.0,0.7848101265822784,0.6962025316455697,0.5316455696202531,0.7468354430379747,0.7075949367088608,騰輝電子-KY
123.5,129.0,122.0,123.5,5640914.0,0.029166666666666563,127.2,0.08810572687224671,119.775,0.2814554993351823,96.26919542948404,0.5573769892466911,99.61008307139079,0.06014338892620394,52.577319587628864,6398993.9,0.8815313919896063,0.03109997912753082,8103.TW,2026-09-23,0.0618507585267849,0.02834932343281893,bull,0.12651162790697673,0.05581395348837209,2026-03-31,2026-05-15,910083000.0,345551000.0,129570000.0,118832000.0,28319000.0,90670000.0,1.17,4806255000.0,2292724000.0,6664637000.0,2807482000.0,3857155000.0,2444140000.0,830000000.0,60524000.0,,0.2383112292985054,98692014.01979265,4371913000.0,0.0225741029201158,0.0235069630336348,0.0136046419332365,0.7278634122818503,0.3796917424015172,0.1423716298403552,0.0996282756627692,0.2327956035203264,,,63.77372008138453,63.77372008138453,False,73.04243346135215,73.04243346135215,70.72525511636024,225.0,True,False,True,True,True,True,True,True,True,True,True,True,True,True,True,False,False,13,False,0.2828610382483374,0.23983432391565462,1.0,790275746.6500001,0.13395348837209303,2.0,3.0,,,,,,0.033362936108234806,-0.054478819755012904,0.296750649669435,-1.5504738926574797,0.6645569620253164,-1.5504738926574797,0.6480361804988934,-225.0,0.7721518987341772,0.7468354430379747,0.7341772151898734,0.7664556962025316,0.7569620253164557,瀚荃
68.80000305175781,69.4000015258789,67.19999694824219,67.5,12339133.0,0.04976666868376922,67.62000122070313,0.0765550108238231,64.20000038146972,0.08173074277900438,59.1900000890096,0.2636126153024587,63.43898452123006,0.035734457400332154,63.043478260869556,16452727.0,0.7499749433634922,0.051401862911558016,3714.TW,2026-09-23,0.0618507585267849,0.02834932343281893,bull,0.14790697674418604,0.1655813953488372,2026-03-31,2026-05-15,5245484000.0,584329000.0,-306588000.0,-119121000.0,18834000.0,-149358000.0,-0.2,29431729000.0,8058738000.0,52475692000.0,9694529000.0,42781163000.0,12182867000.0,0.0,129498000.0,,0.0,-306588000.0,44416954000.0,-0.0069024994374895,-0.0034912094372001,-0.002846232118292,0.226607420653805,0.1113965841855584,-0.0584479906906588,-0.0284736356073147,-0.0685880333927878,,,15.872736937423232,15.872736937423232,False,78.43621298895047,78.43621298895047,62.795343976068665,937.0,True,True,True,True,True,True,True,True,True,True,True,True,False,True,False,False,False,13,False,0.14039533533525717,0.06401450952309795,1.0,1110559072.5,0.10604651162790697,1.0,3.0,,,,,,-0.03179590062265051,-0.12015068190601136,0.20215425302893733,-2.0629788449012,0.29620253164556964,-2.0629788449012,0.22731350265176867,-937.0,0.17721518987341772,0.34177215189873417,0.21518987341772153,0.1829113924050633,0.23417721518987342,富采
217.0,218.0,214.0,218.0,140445.0,0.058252427184465994,216.2,0.050602409638554224,210.775,0.11508951406649626,202.0153605143229,0.21448467966573825,196.79518025716146,0.016640540214638934,58.252427184466015,238346.8,0.5892464257963607,0.03427825880678448,4771.TW,2026-09-23,0.0618507585267849,0.02834932343281893,bull,0.18604651162790697,0.13023255813953488,2026-03-31,2026-05-15,1030727000.0,422528000.0,298124000.0,310643000.0,69136000.0,214777000.0,3.66,2662213000.0,1036935000.0,7439213000.0,2725761000.0,4713452000.0,939697000.0,0.0,1180020000.0,,0.2225577270371455,231774200.18477803,6402278000.0,0.0362018331888709,0.0455668159981262,0.0288709302986754,0.5782939976900158,0.4099320188565934,0.2892366261871475,0.208374283394148,0.2716625438753415,,,87.83714193650803,87.83714193650803,False,75.96645358097982,75.96645358097982,78.93412566986187,44.0,True,True,True,True,True,True,True,True,False,True,True,True,False,True,True,False,False,12,False,0.07912586174130931,0.10775070667446829,1.0,51959602.4,0.38883720930232557,2.0,2.0,,,,,,0.0375284281294189,-0.022198321831206725,0.27660551268029937,-1.4571723147862938,0.7316455696202532,-1.4571723147862938,0.6519373383633656,-44.0,0.9493670886075949,0.9367088607594937,0.7468354430379747,0.9189873417721519,0.9050632911392406,望隼
30.299999237060547,31.049999237060547,29.299999237060547,30.25,1897354.0,0.11213232174670495,30.510000228881836,0.3180827448532755,26.407500171661376,0.44391402856233997,22.83750009536743,0.2075848671183289,22.86041679382324,0.0966569786610856,75.7352970050696,1181610.95,1.605734950238909,0.145507897504896,6885.TW,2026-09-23,0.0618507585267849,0.02834932343281893,bull,0.023255813953488372,0.026976744186046512,2026-03-31,2026-05-15,2823000.0,-320000.0,-83470000.0,-75995000.0,,-65328000.0,-0.5,1123451000.0,41113000.0,1728169000.0,47111000.0,1681058000.0,283632000.0,,5968000.0,,,-66776000.0,1687056000.0,-0.0395813772631139,-0.038861240956588,-0.0378018584987926,0.028024613071054,-0.1133545873184555,,,27.23,,,33.33333333333333,33.33333333333333,False,88.58011572475328,88.58011572475328,74.76842012689829,619.0,True,True,True,True,True,True,True,False,True,True,False,True,True,True,False,False,False,12,False,0.32457580180311374,0.32324796493532815,1.0,35743731.2375,0.4390697674418605,1.0,3.0,,,,,,-0.0841453301481325,-0.13987563057675215,0.11163717917927525,-1.9991396173957696,0.1360759493670886,-1.9991396173957696,0.1009236608936118,-619.0,0.4810126582278481,0.8607594936708861,0.08860759493670886,0.42215189873417724,0.5164556962025316,全福生技
303.5,306.0,297.5,300.0,357479.0,0.034482758620689724,299.3,0.0948905109489051,289.8,0.11291293276739722,275.2595642089844,0.24740124740124747,285.32372767130533,0.030766494753690324,66.1764705882353,532346.15,0.6715160802797202,0.035196687370600444,6937.TW,2026-09-23,0.0618507585267849,0.02834932343281893,bull,0.11534883720930232,0.13209302325581396,2026-03-31,2026-05-15,582447000.0,243295000.0,75551000.0,79509000.0,17753000.0,64817000.0,0.96,2979355000.0,819804000.0,4523134000.0,1044661000.0,3478473000.0,472664000.0,71200000.0,178118000.0,,0.2232828987913317,58681753.71341609,3703330000.0,0.0158456723309605,0.0186337510741063,0.0143301082833274,0.3003217216290021,0.4177118261404042,0.1297130897746919,0.1112839451486573,0.2629110526156022,,,64.73082411847425,64.73082411847425,False,75.41863259628084,75.41863259628084,72.7466804768292,214.0,True,True,True,True,True,True,True,True,True,True,True,True,False,True,True,False,False,13,False,0.08988038567201984,0.05143726548253236,1.0,159703845.0,0.26046511627906976,2.0,3.0,,,,,,-0.0029048000978618505,-0.06487014702143128,0.19119805225612355,-1.8922555757432364,0.38987341772151896,-1.8922555757432364,0.2875779188889176,-214.0,0.7974683544303798,0.8354430379746836,0.2911392405063291,0.7215189873417722,0.7075949367088608,天虹
320.0,350.0,320.0,350.0,1316471.0,0.11287758346581866,334.7,0.627906976744186,312.55,1.482269503546099,217.18914998372395,1.5089605734767026,191.544574991862,0.12407840316489839,61.11111111111111,1428260.65,0.9217302178002315,0.11982082866741317,6933.TW,2026-09-23,0.0618507585267849,0.02834932343281893,bull,0.0027906976744186047,0.0009302325581395349,2026-03-31,2026-05-15,1820470000.0,249043000.0,75692000.0,58930000.0,12357000.0,46573000.0,1.1,5046947000.0,2858081000.0,5403999000.0,3014996000.0,2389003000.0,1147835000.0,1110793000.0,,,0.2096894620736467,59820185.23672154,2545918000.0,0.0234965090143207,0.019494743204592,0.0086182473386838,1.2620310648416937,0.1368014853307113,0.041578273742495,0.0255829538525765,-0.0692122762723702,,,29.486569053500588,29.486569053500588,False,94.75463552130826,94.75463552130826,78.43761890435634,687.0,True,True,True,True,True,True,True,True,True,True,False,False,True,True,False,False,False,12,False,0.6114985487361078,0.8272509154324532,1.0,499891227.49999994,0.16651162790697674,2.0,3.0,,,,,,0.0035390130119232663,-0.04367263999127168,0.35750005759200926,-1.5795871349662978,0.609493670886076,-1.5795871349662978,0.5014323293783358,-687.0,0.379746835443038,0.9113924050632911,0.5443037974683544,0.40443037974683543,0.5721518987341772,AMAX-KY
240.0,244.0,240.0,243.0,161590.0,0.012499999999999956,239.6,0.08240534521158138,228.375,0.11212814645308922,225.7,0.1489705708667881,227.76048100789384,0.017034068136272493,65.21739130434783,258972.3,0.6239663469799666,0.0640394088669951,7765.TW,2026-09-23,0.0618507585267849,0.02834932343281893,bull,0.13581395348837208,0.13395348837209303,2026-03-31,2026-05-15,597577000.0,292990000.0,164586000.0,171875000.0,34375000.0,,3.38,2567338000.0,682012000.0,2932327000.0,735621000.0,2196706000.0,1288943000.0,,,,0.2,131668800.0,2250315000.0,0.0585112750881543,,,0.3348745803944633,0.4902966479633587,0.2754222468401561,,0.1576036527132864,,,92.62185241052016,92.62185241052016,False,78.22737125346518,78.22737125346518,81.82599154272893,25.0,True,True,True,True,True,True,True,True,True,True,True,True,False,True,True,False,False,13,False,0.07665042091271612,0.06691028630018558,1.0,62930268.9,0.37116279069767444,2.0,1.0,,,,,,0.1221279980403091,0.03584733729543955,0.2682234724192824,-1.870328425878219,0.7594936708860759,-1.870328425878219,0.7384684168107654,-25.0,0.9746835443037974,0.9746835443037974,0.8607594936708861,0.9575949367088608,0.9518987341772152,中華資安
