Open,High,Low,Close,Volume,ret5,ma5,ret20,ma20,ret60,ma60,ret120,ma120,ma20_slope,rsi14,volume_ma20,volume_ratio,ma20_deviation,symbol,date,benchmark_ret20,benchmark_ret60,market_regime,rs20_rank_pct,rs60_rank_pct,period_date,as_of_date,revenue,gross_profit,operating_income,pretax_income,tax_expense,net_income_parent,eps,current_assets,current_liabilities,assets,liabilities,equity,cash,short_borrowings,long_borrowings,bonds_payable,tax_rate,nopat,invested_capital_proxy,roic_proxy,roe,roa,debt_to_equity,gross_margin,operating_margin,net_margin,revenue_growth,pe,pb,eva_like_score,fundamental_score,fundamental_pass,technical_score,score,final_score,fundamental_rank,pass_market,pass_score,pass_rs20,pass_rs60,pass_close_ma20,pass_ma20_ma60,pass_ma20_slope,pass_rsi,pass_ret20_benchmark,pass_ret60_benchmark,pass_ret5_cap,pass_ret20_cap,pass_volume_ratio,pass_ma20_deviation,pass_fundamental_score,pass_fundamental_filter,pass_fundamental_universe,entry_pass_count,entry_all_pass,close_ma60_ratio,close_ma120_ratio,above_ma120,turnover20,liquidity_rank,price_bucket,eva_rank_bucket,forward_60d_return,forward_60d_max_drawdown,reward_60,fwd60_rank_label,top_quantile_60,reg_forward60,reg_reward60,cls_topq60,rank_forward60,ensemble_score,ranker_score,stable_ensemble_score,fundamental_rank_score,fundamental_score_rank,final_score_rank,stable_ml_rank,fund_ml_85_15,fund_final_ml,name
67.0,68.9000015258789,66.19999694824219,66.5999984741211,29445949.0,0.0060423194005831,66.58000030517579,0.197841732048247,61.05499973297119,0.4857873231430989,58.25956401824951,0.4474031861823604,53.03671051661173,0.0472555803124466,67.74191847170306,34915412.5,0.8433510272863023,0.0908197324609185,1301.TW,2026-09-07,0.0541966573225793,0.077979448902512,bull,0.0462534690101757,0.0212765957446808,2026-03-31,2026-05-15,41985122000.0,1555468000.0,-1301844000.0,3378716000.0,110089000.0,3268627000.0,0.51,175217601000.0,95826345000.0,593528010000.0,203311522000.0,390216488000.0,10197694000.0,31910508000.0,18393084000.0,43127284000.0,0.0325830877765399,-1259425902.676638,497701665000.0,-0.0025304836034186,0.008376445128582,0.0055071149885579,0.521022376686451,0.0370480762209051,-0.0310072696704323,0.0778520305359598,-0.110526237291801,,,17.23451320303393,17.23451320303393,False,83.15777155037308,83.15777155037308,66.6769569635383,910.0,True,True,True,True,True,True,True,True,True,True,True,True,True,True,False,False,False,14,False,0.1431599188291039,0.255733959089736,1.0,2325366419.2233086,0.0684551341350601,1.0,3.0,,,,,,0.0044125434979858,-0.0881386954409759,0.2117029737556738,-1.775275513557732,0.4200854700854701,-1.775275513557732,0.380374138031626,-910.0,0.1196581196581196,0.5042735042735043,0.3846153846153846,0.1594017094017094,0.288034188034188,台塑
232.0,240.0,229.5,230.5,75790049.0,-0.0494845360824742,229.8,0.2459459459459458,207.825,1.164319248826291,184.46684697469075,1.6959064327485378,136.54009011586507,0.0639959042621272,60.48109965635739,103354421.95,0.7333024322526338,0.1091062191747864,1303.TW,2026-09-07,0.0541966573225793,0.077979448902512,bull,0.0286771507863089,0.003700277520814,2026-03-31,2026-05-15,68596393000.0,8188671000.0,3741833000.0,16080166000.0,1405348000.0,14254717000.0,1.8,193418745000.0,131197270000.0,647743623000.0,247168932000.0,400574691000.0,42831248000.0,24400300000.0,40333444000.0,51357530000.0,0.0873963614554725,3414810410.6259847,516546353000.0,0.0066108499088096,0.0355856655956329,0.0220067268805825,0.6170358176722652,0.1193746586646327,0.054548538725644,0.207805634911445,0.046448302712712,,,40.56631725411971,40.56631725411971,False,92.56280753224192,92.56280753224192,79.56368496271138,501.0,True,True,True,True,True,True,True,True,True,True,True,True,False,True,False,False,False,13,False,0.2495470258220713,0.6881488785044929,1.0,23823194259.475,0.005550416281221,2.0,3.0,,,,,,-0.1327601124777185,-0.2641975910909879,0.116566520382171,-1.749912813908841,0.0978632478632478,-1.749912813908841,0.0960890405992013,-501.0,0.5128205128205128,0.8803418803418803,0.0598290598290598,0.4448717948717948,0.5324786324786324,南亞
14.199999809265137,14.449999809265137,14.050000190734863,14.100000381469728,21621293.0,-0.0932475750147634,14.9,0.1848740196187646,13.072500038146972,0.0888031342967139,13.09083333015442,0.0107527293373126,12.85691667397817,0.0595744670818663,68.54838920557545,33290268.35,0.6494778826257194,0.0786001407783054,1312.TW,2026-09-07,0.0541966573225793,0.077979448902512,bull,0.0536540240518038,0.1628122109158186,2026-03-31,2026-05-15,7516970000.0,-129821000.0,-893985000.0,-1361698000.0,-33529000.0,-1295839000.0,-1.17,18480939000.0,17728005000.0,68874697000.0,36965041000.0,31909656000.0,7061166000.0,10545359000.0,14468621000.0,,0.0246229340132687,-871972466.3361479,51146692000.0,-0.0170484626129124,-0.0406096198592676,-0.0188144421165293,1.1584280632796542,-0.0172703895319523,-0.1189289035342698,-0.1723884756757044,0.3190665807523956,,,24.02948114666849,24.02948114666849,False,67.48298661976982,67.48298661976982,56.61961025149449,786.0,True,False,True,True,True,False,True,True,True,True,True,True,False,True,False,False,False,11,False,0.0770895958923192,0.0966859892626903,1.0,469392796.4342297,0.1702127659574468,0.0,3.0,,,,,,-0.0009894547023848,-0.0519898647865362,0.1228241845912687,-1.8933902416938853,0.3273504273504273,-1.8933902416938853,0.2743963848989873,-786.0,0.2478632478632478,0.1111111111111111,0.2393162393162393,0.2465811965811966,0.2051282051282051,國喬
70.19999694824219,75.0999984741211,69.9000015258789,71.9000015258789,57868936.0,0.0527086136642338,71.7000015258789,0.2227891574624658,62.9600004196167,0.4901990642372698,61.444566853841145,0.645287674645624,54.48817335764567,0.0552250139926311,67.7053732522644,38313375.2,1.5104108081816816,0.1419949340323818,1326.TW,2026-09-07,0.0541966573225793,0.077979448902512,bull,0.0388529139685476,0.0203515263644773,2026-03-31,2026-05-15,81749811000.0,6327773000.0,3120431000.0,7294502000.0,759958000.0,6245039000.0,1.07,214839826000.0,114054227000.0,581165153000.0,170197763000.0,410967390000.0,16802058000.0,33492647000.0,26687136000.0,25800000000.0,0.1041823005874835,2795337319.595498,467110926000.0,0.0059843115714135,0.0151959477855408,0.0107457217070962,0.4141393384034679,0.0774041300230039,0.0381704980333226,0.0763920909859962,0.0359959953561419,,,29.94873186889634,29.94873186889634,False,90.12863309860744,90.12863309860744,75.08365779117966,685.0,True,True,True,True,True,True,True,True,True,True,True,True,True,True,False,False,False,14,False,0.1701604422878952,0.3195524293675014,1.0,2754731735.341572,0.062904717853839,1.0,3.0,,,,,,-0.0072622059330492,-0.0668856666331721,0.1907021365399626,-2.0186214525873964,0.3423076923076922,-2.0186214525873964,0.3633971527618848,-685.0,0.3162393162393162,0.811965811965812,0.3418803418803419,0.32008547008547,0.4700854700854701,台化
29.200000762939453,29.200000762939453,28.5,28.700000762939453,10062713.0,0.0123456923019478,29.09000015258789,0.0532110371720899,28.455000019073488,0.0629629912199798,27.86363754272461,0.0609982097011774,27.12015207608541,0.017612875067447,56.521752350877065,16101895.45,0.6249396557844376,0.0086101122369264,1402.TW,2026-09-07,0.0541966573225793,0.077979448902512,bull,0.2035152636447733,0.215541165587419,2026-03-31,2026-05-15,61298588000.0,13425322000.0,4896381000.0,7132853000.0,1579509000.0,3092903000.0,0.61,166621578000.0,157755773000.0,679737079000.0,356159064000.0,323578015000.0,47148878000.0,35989865000.0,71488233000.0,85137297000.0,0.2214414064049827,3812119505.065365,521981306000.0,0.0073031724723593,0.0095584460520285,0.0045501460719932,1.1006899340797305,0.2190151916712991,0.0798775495448606,0.0504563498265245,-0.0379277396462631,,,28.35795292059996,28.35795292059996,False,69.24769158280083,69.24769158280083,59.02525691725061,713.0,True,False,True,True,True,True,True,True,False,False,True,True,False,True,False,False,False,10,False,0.0300162970083288,0.0582536809683731,1.0,462124411.6997713,0.1720629047178538,0.0,3.0,,,,,,0.0062163476274512,-0.0297041313928969,0.1599858885090637,-1.4944041855819914,0.4782051282051281,-1.4944041855819914,0.424554515377096,-713.0,0.2991452991452991,0.188034188034188,0.4358974358974359,0.3196581196581196,0.2931623931623932,遠東新
67.5999984741211,68.30000305175781,66.80000305175781,68.30000305175781,86409.0,0.0395739151337233,67.16000061035156,0.0507692777193509,65.79000053405761,0.0507692777193509,66.00802326202393,0.0945513041923888,64.75651172002156,0.0108511688807828,68.75002980235081,96493.95,0.8954861936940088,0.0381517327454776,1419.TW,2026-09-07,0.0541966573225793,0.077979448902512,bull,0.211840888066605,0.2414431082331175,2026-03-31,2026-05-15,1453047000.0,375765000.0,152661000.0,2932327000.0,127257000.0,2805070000.0,9.37,6923708000.0,4287205000.0,25723813000.0,5280888000.0,20442925000.0,2263855000.0,3450000000.0,0.0,,0.0433979566398972,146035824.54139665,21436608000.0,0.0068124502039406,0.1372147087562078,0.1090456535351116,0.2583235031190497,0.2586048489828615,0.1050626717511546,1.930474375570784,0.3659537865683988,,,72.80054807279497,72.80054807279497,True,57.17686248946283,57.17686248946283,61.08278388529587,140.0,True,False,True,True,True,False,True,True,False,False,True,True,True,True,True,True,False,10,False,0.0347227454552865,0.0547202317977957,1.0,6590537.079476166,0.6614246068455134,1.0,3.0,,,,,,-0.0012412258509161,-0.0170120447177675,0.1550050576372513,-0.9183341431802396,0.5162393162393163,-0.9183341431802396,0.3760399007185892,-140.0,0.8290598290598291,0.2393162393162393,0.358974358974359,0.7585470085470086,0.5581196581196581,新紡
18.350000381469727,18.39999961853028,18.100000381469727,18.100000381469727,1720880.0,-0.0027547789593066,18.200000381469728,0.0225988475304361,17.870000171661378,0.0870871349045381,17.76904951731364,0.0903614437066171,16.93660806020101,0.0123212019370299,60.7843474579504,2017967.0,0.8527790593205935,0.0128707446893643,1434.TW,2026-09-07,0.0541966573225793,0.077979448902512,bull,0.3163737280296022,0.1683626271970398,2026-03-31,2026-05-15,6979321000.0,780112000.0,198663000.0,386155000.0,49552000.0,336603000.0,0.2,15272141000.0,6346633000.0,61146600000.0,15727850000.0,45418750000.0,3214804000.0,2317516000.0,8200000000.0,,0.1283215289197343,173170260.1002188,54799967000.0,0.0031600431456504,0.0074111022430163,0.0055048522730617,0.3462853997523049,0.1117747700671741,0.0284645168204758,0.0482286170818049,-0.0921530851652357,,,20.54681103606591,20.54681103606591,False,72.13267060102231,72.13267060102231,59.23620570978321,853.0,True,False,True,True,True,True,True,True,False,True,True,True,True,True,False,False,False,12,False,0.0186251303894233,0.0686909868335767,1.0,36525203.46979332,0.4458834412580943,0.0,3.0,,,,,,0.0128756562260264,-0.0200261347703213,0.1946763525104023,-1.856546019957812,0.4901709401709401,-1.856546019957812,0.4596581456406382,-853.0,0.1623931623931624,0.1965811965811965,0.5213675213675214,0.2162393162393162,0.2444444444444444,福懋
32.04999923706055,32.20000076293945,32.0,32.20000076293945,83911.0,0.0062500238418579,32.03000030517578,0.0627063225650175,31.775000190734865,0.0860034123850546,30.884122308095296,0.0403877211368857,30.232061179478965,0.0169321098300755,64.81482135578436,138470.25,0.6059857622846785,0.0133753129709977,1437.TW,2026-09-07,0.0541966573225793,0.077979448902512,bull,0.1803885291396854,0.1729879740980573,2026-03-31,2026-05-15,173801000.0,106736000.0,81756000.0,164121000.0,25845000.0,138012000.0,0.68,2289494000.0,1297708000.0,13727130000.0,5454839000.0,8272291000.0,555767000.0,882000000.0,3400000000.0,,0.157475277386806,68881451.22196428,12429422000.0,0.0055418064671039,0.0166836490640863,0.0100539588391746,0.6594109177252105,0.6141276517396332,0.4704000552355855,0.7940805864177997,-0.0904852113118288,,,51.0413507613127,51.0413507613127,False,72.13956379229185,72.13956379229185,66.86501053454707,354.0,True,False,True,True,True,True,True,True,True,True,True,True,False,True,False,False,False,12,False,0.042606956471586,0.0650944562389379,1.0,4458742.155644417,0.7280296022201665,1.0,3.0,,,,,,0.0194866850685545,-0.0132711300134376,0.0989941866999931,-1.8220078668532504,0.4333333333333333,-1.8220078668532504,0.2646917764481348,-354.0,0.5897435897435898,0.5128205128205128,0.2136752136752136,0.5333333333333333,0.4914529914529914,勤益控
15.899999618530272,16.0,15.350000381469728,15.350000381469728,259949.0,-0.0096773947438885,15.470000076293946,0.096428598676409,14.817500019073488,0.3008474689282003,13.575562604268391,0.3180842379054116,12.570159180959063,0.0409202724717542,77.58621710234247,198354.55,1.3105270335366646,0.0359372607869608,1459.TW,2026-09-07,0.0541966573225793,0.077979448902512,bull,0.1184088806660499,0.0490286771507863,2026-03-31,2026-05-15,231160000.0,43640000.0,24305000.0,20991000.0,11327000.0,10929000.0,0.03,2303265000.0,1144782000.0,4781139000.0,1238615000.0,3542524000.0,1064701000.0,969808000.0,0.0,,0.4,14583000.0,3636357000.0,0.0040103323188564,0.0030850884849333,0.0022858569893073,0.3496419502027368,0.1887869873680567,0.1051436234642671,0.0472789409932514,-0.1821658664987316,,,27.476121095005883,27.476121095005883,False,75.80451366296779,75.80451366296779,63.722415520977314,725.0,True,True,True,True,True,True,True,False,True,True,True,True,True,True,False,False,False,13,False,0.1307082313217298,0.221146061914752,1.0,3044742.418166256,0.7779833487511564,0.0,3.0,,,,,,0.0569987872336365,0.0235026484799283,0.2733459852336179,-1.4035701403954284,0.8209401709401709,-1.4035701403954284,0.7390967457321317,-725.0,0.282051282051282,0.358974358974359,0.8290598290598291,0.3641025641025641,0.4145299145299145,聯發
24.25,24.5,24.0,24.5,17000.0,0.0187110510276444,24.36999969482422,0.0470085640770112,23.917499923706053,0.1132681484234345,22.78591938018799,0.1256653292821827,22.20795267422994,0.0136681476177257,59.37499379118433,13856.5,1.226861039945152,0.024354555373766,1470.TW,2026-09-07,0.0541966573225793,0.077979448902512,bull,0.2210915818686401,0.1369102682701202,2026-03-31,2026-05-15,191305000.0,51630000.0,23476000.0,33194000.0,6523000.0,26671000.0,0.31,639175000.0,186883000.0,1180792000.0,196077000.0,984715000.0,246931000.0,25000000.0,,,0.196511417726095,18862697.95746219,993909000.0,0.0189782947507892,0.0270849941353589,0.0225873820283335,0.1991205577248239,0.2698831708528266,0.1227150361987402,0.1394161156268785,-0.1058090510512195,,,51.74217296976339,51.74217296976339,False,77.05898833030493,77.05898833030493,70.72978449016954,342.0,True,True,True,True,True,True,True,True,False,True,True,True,True,True,False,False,False,13,False,0.0752254316015168,0.1032084028362392,1.0,339484.25,0.9750231267345052,0.0,3.0,,,,,,0.1058803500483298,0.0449259541463539,0.2427805128580222,-1.1821846995047522,0.8405982905982906,-1.1821846995047522,0.8463652570777322,-342.0,0.6068376068376068,0.6837606837606838,0.9230769230769232,0.6542735042735042,0.6931623931623931,大統新創
108.0,108.0,106.0,106.5,143708.0,0.0289855072463767,105.5,0.1257928299981345,101.53499984741212,0.1780973252474131,94.32386728922526,0.1222339124089246,93.03943347930908,0.0337507652503339,71.59090662790703,139687.55,1.028781734664256,0.0488993958738301,1558.TW,2026-09-07,0.0541966573225793,0.077979448902512,bull,0.0906567992599444,0.0925069380203515,2026-03-31,2026-05-15,1926175000.0,466203000.0,115500000.0,190949000.0,37396000.0,79533000.0,1.23,7337752000.0,2436771000.0,13553818000.0,4826378000.0,8727440000.0,2321376000.0,528924000.0,448585000.0,1225737000.0,0.1958428690383296,92880148.62607291,11117047000.0,0.0083547500182443,0.0091129815845196,0.0058679406791503,0.5530118797723044,0.2420356405830207,0.0599633989642685,0.0412906407777071,-0.0577927547617254,,,30.82891502090822,30.82891502090822,False,74.2824200167142,74.2824200167142,63.41904376776271,668.0,True,False,True,True,True,True,True,True,True,True,True,True,True,True,False,False,False,13,False,0.1290885653939428,0.1446759295206199,1.0,14876724.075,0.5679925994449584,2.0,3.0,,,,,,0.0116584652735236,-0.0289624732593353,0.2701149085628406,-1.539454085759142,0.6333333333333333,-1.539454085759142,0.6104877250314935,-668.0,0.3504273504273504,0.3247863247863248,0.6923076923076923,0.4017094017094017,0.4111111111111111,伸興
702.0,736.0,702.0,730.0,1762655.0,0.0688140556368961,716.8,0.061046511627907,703.6,0.1196319018404907,697.7863637288411,0.6168327796234774,637.0598485310873,0.0133947861155121,54.95495495495495,1257994.4,1.4011628350650849,0.0375213189312109,1560.TW,2026-09-07,0.0541966573225793,0.077979448902512,bull,0.1868640148011101,0.1350601295097132,2026-03-31,2026-05-15,2293229000.0,802560000.0,444439000.0,531951000.0,89799000.0,436359000.0,2.94,5759371000.0,3216860000.0,13961884000.0,5383626000.0,8578258000.0,1772650000.0,642250000.0,940383000.0,555943000.0,0.1688106611323223,369412958.57701176,10745024000.0,0.0343799100473867,0.050868020057219,0.0312535901315323,0.6275896574805747,0.3499694099455396,0.193804892577235,0.1902814764683335,0.2944197621734146,,,86.28355650333096,86.28355650333096,False,75.77065980465042,75.77065980465042,78.39888397932056,54.0,True,True,True,True,True,True,True,True,True,True,True,True,True,True,True,False,False,14,False,0.0461654711895129,0.1458891997089617,1.0,918335912.0,0.1193339500462534,3.0,2.0,,,,,,-7.98165159723655e-05,-0.1106165808819279,0.2916288138596782,-0.6601697356620528,0.5944444444444444,-0.6601697356620528,0.5663250067944082,-54.0,0.9316239316239316,0.8717948717948718,0.6666666666666666,0.8918803418803418,0.8606837606837607,中砂
88.80000305175781,88.80000305175781,79.0,79.5,1524156.0,-0.096590909090909,86.3,0.4070796460176991,80.25147819519043,0.3227953746826217,68.22016932169596,0.9461445035393112,57.6830013593038,0.0993883582494946,47.96148683095515,981185.25,1.553382503456916,-0.0093640417857806,1563.TW,2026-09-07,0.0541966573225793,0.077979448902512,bull,0.0120259019426456,0.0462534690101757,2026-03-31,2026-05-15,1871936000.0,411927000.0,163156000.0,163478000.0,32736000.0,130706000.0,0.6,10888013000.0,5754269000.0,19938639000.0,11683940000.0,8254699000.0,2764628000.0,2859266000.0,5833677000.0,,0.2002471280539277,130484479.57523336,14184370000.0,0.009199173426471,0.0158341327769795,0.0065554123328076,1.415428957494392,0.2200539975725665,0.0871589626995794,0.0698239683407979,-0.0241387938944032,,,30.55810984175432,30.55810984175432,False,78.09440707860719,78.09440707860719,66.21033276939397,673.0,True,True,True,True,False,True,True,False,True,True,True,False,True,True,False,False,False,11,False,0.1653445130737418,0.3782223207284152,1.0,78004227.375,0.3543015726179463,1.0,3.0,,,,,,0.0369131777026761,-0.0310466517511591,0.2649096957735946,-1.4551616424689653,0.6794871794871795,-1.4551616424689653,0.598575530443282,-673.0,0.3333333333333333,0.4700854700854701,0.6752136752136753,0.3846153846153846,0.4427350427350427,巧新
16.0,16.049999237060547,15.550000190734863,15.649999618530272,3973439.0,-0.0428135013215534,16.05000019073486,0.0793103185193291,15.575000047683716,0.1549815054047993,15.39416658083598,0.1679104525412502,14.522916626930236,0.0343682594994338,58.024684380985455,5136014.95,0.7736424131709352,0.0048153817410556,1710.TW,2026-09-07,0.0541966573225793,0.077979448902512,bull,0.1396854764107308,0.1063829787234042,2026-03-31,2026-05-15,5345825000.0,88577000.0,-176669000.0,-219291000.0,-8101000.0,-127331000.0,-0.15,7085020000.0,12457768000.0,36888664000.0,23663579000.0,13225085000.0,2362413000.0,9628981000.0,8250000000.0,,0.0369417805564295,-170142532.57087615,24430896000.0,-0.0069642362920654,-0.0096279910488287,-0.0034517650191939,1.7892950404477552,0.0165693789078392,-0.0330480328106513,-0.0238187744641846,-0.1284074295508901,,,6.405846346837272,6.405846346837272,False,75.2452368079981,75.2452368079981,58.035389192707896,1066.0,True,True,True,True,True,True,True,True,True,True,True,True,False,True,False,False,False,13,False,0.0166188300192084,0.0776072066343791,1.0,80378632.00826578,0.3487511563367252,0.0,3.0,,,,,,0.0519941793548982,0.0113651913343106,0.2423332451535348,-1.735696161495656,0.6867521367521368,-1.735696161495656,0.6805865846174161,-1066.0,0.0256410256410256,0.1538461538461538,0.7692307692307693,0.1371794871794872,0.2128205128205128,東聯
77.69999694824219,77.9000015258789,73.0999984741211,73.5,17168563.0,-0.1090909090909091,78.38000030517578,0.05,74.84499969482422,0.0440340682802617,70.85363686879477,0.1686449691167921,72.48540576299031,0.0413217459379431,55.395685822493,21464148.85,0.7998715961196848,-0.0179704683052759,1717.TW,2026-09-07,0.0541966573225793,0.077979448902512,bull,0.2164662349676225,0.2627197039777983,2026-03-31,2026-05-15,10243036000.0,2269956000.0,534996000.0,622227000.0,192450000.0,428283000.0,0.37,32875604000.0,19435870000.0,62816878000.0,32795852000.0,30021026000.0,7384161000.0,3858120000.0,10885733000.0,0.0,0.3092922679343712,369525873.8241831,43381008000.0,0.0085181486291001,0.0142661013650899,0.0068179606124328,1.092429419300993,0.2216096868155105,0.0522302176815545,0.0418121150799431,0.0181282449431219,,,30.66980834742356,30.66980834742356,False,65.71100459874081,65.71100459874081,56.950705535911496,672.0,True,False,True,True,False,True,True,True,False,False,True,True,False,True,False,False,False,9,False,0.037349714822765,0.0139972209071597,1.0,1577614940.475,0.0860314523589269,1.0,3.0,,,,,,-0.011805076433141,-0.0896599631242364,0.1959001350741303,-1.492867056987747,0.4055555555555555,-1.492867056987747,0.4250598069659183,-672.0,0.3418803418803419,0.1196581196581196,0.4444444444444444,0.3572649572649573,0.2957264957264957,長興
94.6999969482422,95.4000015258789,90.8000030517578,91.0,4247825.0,-0.0890891030023995,92.87999877929688,0.1895424836601307,89.42999954223633,0.0673931799354403,86.05880387624104,0.6424393177947523,79.43557230631511,0.0557195101325268,52.63158117200608,6192656.55,0.6859455171948782,0.0175556353102985,1727.TW,2026-09-07,0.0541966573225793,0.077979448902512,bull,0.0518038852913968,0.2035152636447733,2026-03-31,2026-05-15,519337000.0,93230000.0,43151000.0,41099000.0,5200000.0,,0.28,1123188000.0,1095199000.0,3624612000.0,1513893000.0,2110719000.0,149557000.0,500000000.0,406375000.0,,0.1265237597021825,37691373.24509112,2529413000.0,0.014901233307922,,,0.7172404284985353,0.1795173461548089,0.0830886303113392,,0.1494054192828735,,,48.38391394144922,48.38391394144922,False,70.52272831711484,70.52272831711484,64.98802472319844,392.0,True,False,True,True,True,True,True,True,True,False,True,True,False,True,False,False,False,11,False,0.0574165094237744,0.1455824809707517,1.0,563531746.05,0.1600370027752081,1.0,3.0,,,,,,-0.0018946685020824,-0.0794024009248249,0.2628097635242901,-1.6707460784137114,0.4807692307692308,-1.6707460784137114,0.4656014473647987,-392.0,0.5555555555555556,0.4017094017094017,0.5470085470085471,0.5542735042735043,0.5076923076923078,中華化
32.29999923706055,32.5,31.700000762939453,31.700000762939453,260715.0,-0.0078247259477373,32.15,0.0275526862547557,31.75999994277954,0.0837607098440837,31.030833307902014,0.1234206477743737,29.600271828969323,0.0030793507391879,57.62713946547634,151560.25,1.720206980392286,-0.0018891429454718,1733.TW,2026-09-07,0.0541966573225793,0.077979448902512,bull,0.2923219241443108,0.1748381128584643,2026-03-31,2026-05-15,519723000.0,175664000.0,87211000.0,86914000.0,5544000.0,81275000.0,0.81,1759309000.0,560904000.0,2489266000.0,666458000.0,1822808000.0,593961000.0,,,,0.0637871919368571,81648055.20399475,1928362000.0,0.0423406265026974,0.0445878007996453,0.0326501868422257,0.3656216123694871,0.3379954321821432,0.1678028488252396,0.1563813800813125,-0.0698519739491331,,,72.99324516078546,72.99324516078546,False,72.1100418014693,72.1100418014693,72.33084264129833,137.0,True,False,True,True,False,True,True,True,False,True,True,True,True,True,True,False,False,11,False,0.021564598294788,0.070936136874093,1.0,4804460.040631294,0.7123034227567068,1.0,3.0,,,,,,0.0550009611864979,0.0376483404386458,0.1533566684131651,-1.1296787542415938,0.6764957264957265,-1.1296787542415938,0.6914223959363437,-137.0,0.8376068376068376,0.717948717948718,0.7948717948717948,0.8311965811965812,0.7931623931623931,五鼎
35.04999923706055,35.04999923706055,34.0,34.25,1127521.0,0.0043988719234913,35.00999984741211,0.0269865537348461,34.45749969482422,0.073667724437985,32.46083319981893,0.0703125,31.194583304723107,0.0176461886342294,55.69106170131735,2205561.15,0.5112172927057588,-0.0060219022465924,1808.TW,2026-09-07,0.0541966573225793,0.077979448902512,bull,0.2978723404255319,0.1905642923219241,2026-03-31,2026-05-15,5392216000.0,1474911000.0,1229561000.0,1153602000.0,211319000.0,942283000.0,1.06,46784978000.0,26633648000.0,51660398000.0,37973630000.0,13686768000.0,5845055000.0,11570200000.0,207356000.0,10980553000.0,0.1831818946222353,1004327686.4663897,25026750000.0,0.0401301681787043,0.068846275468394,0.0182399485191732,2.774477509957062,0.2735259492572256,0.2280251755493474,0.1747487489373571,173.44891620834682,,,72.1127428848662,72.1127428848662,False,65.40090214731632,65.40090214731632,67.07886233170379,149.0,True,False,True,True,False,True,True,True,False,False,True,True,False,True,True,False,False,9,False,0.0551177102931248,0.0979470270665316,1.0,75540469.3875,0.3570767807585568,1.0,3.0,,,,,,0.0953858995725965,0.0331880504804653,0.208598988754964,-0.6154265922186386,0.8200854700854701,-0.6154265922186386,0.8246171764643495,-149.0,0.8205128205128205,0.5213675213675214,0.905982905982906,0.8333333333333333,0.7478632478632479,潤隆
40.09999847412109,40.20000076293945,39.900001525878906,40.09999847412109,97378.0,0.0,40.13999938964843,0.0442707521013117,39.93249950408936,0.0713292842448876,38.94293352762858,0.0962438122348285,37.90848687489827,0.0115255458326688,58.06450025103113,70180.0,1.3875463094898832,0.0041945526103261,1817.TW,2026-09-07,0.0541966573225793,0.077979448902512,bull,0.2303422756706753,0.1961147086031452,2026-03-31,2026-05-15,611528000.0,237424000.0,117537000.0,116319000.0,27903000.0,87774000.0,1.21,1873263000.0,304617000.0,2963735000.0,558812000.0,2404923000.0,382710000.0,40000000.0,857000.0,,0.2398834240321873,89341821.9895288,2659118000.0,0.0335982916100484,0.0364976342277902,0.0296160081788688,0.2323617013933502,0.3882471448568176,0.1922021559110948,0.143532266715506,-0.0085682370507754,,,75.60284732958029,75.60284732958029,False,73.5042962570008,73.5042962570008,74.02893402514567,115.0,True,False,True,True,True,True,True,True,False,False,True,True,True,True,True,False,False,11,False,0.0297118075522382,0.0578105796323398,1.0,2814217.892913818,0.7872340425531915,1.0,3.0,,,,,,0.0692373977536852,0.0584557204697863,0.2108363194317021,-0.7382570106350816,0.8094017094017094,-0.7382570106350816,0.8212615455439403,-115.0,0.8632478632478633,0.7863247863247863,0.8974358974358975,0.8683760683760684,0.8470085470085471,凱撒衛
50.59999847412109,50.59999847412109,48.29999923706055,49.09999847412109,20630302.0,0.0061475254457117,49.76999969482422,0.0380549527715468,49.40499992370605,0.1274397091685264,44.31229985555013,0.312834130237839,41.81406653722127,0.0209226676927585,46.10388162747846,18457701.9,1.1177069665427852,-0.0061734935746576,2027.TW,2026-09-07,0.0541966573225793,0.077979448902512,bull,0.2553191489361702,0.1285846438482886,2026-03-31,2026-05-15,31174326000.0,8517820000.0,5633209000.0,4716863000.0,1204326000.0,2914770000.0,1.17,89517343000.0,24455518000.0,159942793000.0,66551339000.0,93391454000.0,9252095000.0,11925609000.0,29968117000.0,,0.2553235063218923,4194918326.275959,135487275000.0,0.0309617144951506,0.0312102432841446,0.0182238283159154,0.7126063054977172,0.2732318896004359,0.1807002659816927,0.0934990543179666,0.1950875950100803,,,67.77515994414823,67.77515994414823,False,65.10670082356422,65.10670082356422,65.77381560371023,180.0,True,False,True,True,False,True,True,False,False,True,True,True,True,True,True,False,False,10,False,0.1080444624670342,0.1742459545381494,1.0,906273135.1257818,0.1211840888066605,1.0,3.0,,,,,,0.0224072247929579,-0.0469610712657058,0.2947155945897639,-1.168565051699038,0.7162393162393162,-1.168565051699038,0.6843395548339931,-180.0,0.7863247863247863,0.4273504273504273,0.7777777777777778,0.785042735042735,0.6769230769230768,大成鋼
23.350000381469727,23.5,22.549999237060547,22.850000381469727,2362501.0,0.0088300559076313,23.01000022888184,0.1173593901707659,22.28499984741211,0.2384823542863239,19.484166558583578,0.5197071958503554,17.976557342211404,0.0557858566024972,68.18181818181819,3536816.95,0.6679737836022303,0.0253534008492815,2030.TW,2026-09-07,0.0541966573225793,0.077979448902512,bull,0.0989824236817761,0.0684551341350601,2026-03-31,2026-05-15,2637279000.0,397354000.0,208556000.0,212139000.0,43592000.0,168547000.0,0.61,6688220000.0,4584464000.0,12076498000.0,7059382000.0,5017116000.0,1408221000.0,3147626000.0,2063078000.0,,0.2054879112280156,165700263.18592998,7492034000.0,0.0221168594784713,0.0335943996511143,0.0139566122563014,1.4070597530533475,0.1506681697309992,0.0790799911575529,0.0639094308944939,-0.0137930957114074,,,38.807934191914576,38.807934191914576,False,74.45213436047902,74.45213436047902,65.54108431833791,543.0,True,False,True,True,True,True,True,True,True,True,True,True,False,True,False,False,False,12,False,0.1727471284320016,0.2710999078680551,1.0,80816268.6566886,0.3478260869565217,0.0,3.0,,,,,,0.0771964509433437,0.0299967646129885,0.3063812405960975,-0.3969861840629228,0.923076923076923,-0.3969861840629228,0.911101832288244,-543.0,0.4615384615384615,0.4188034188034188,0.9914529914529916,0.541025641025641,0.5547008547008547,彰源
26.100000381469727,27.350000381469727,25.700000762939453,25.700000762939453,1215741.0,-0.0115384321946364,25.16999969482422,0.3743315355298238,23.32749996185303,0.6369427436408601,18.309166622161865,0.5718654534140899,17.00249995390574,0.0990577082232611,65.9482812484585,1669411.35,0.7282453183273253,0.1017040319351034,2033.TW,2026-09-07,0.0541966573225793,0.077979448902512,bull,0.0138760407030527,0.0138760407030527,2026-03-31,2026-05-15,175517000.0,27282000.0,8642000.0,9338000.0,1877000.0,,0.09,382129000.0,130958000.0,1213456000.0,149464000.0,1063992000.0,47710000.0,72000000.0,,,0.2010066395373741,6904900.621118012,1082498000.0,0.0063786728669411,,,0.140474740411582,0.1554379347869437,0.0492373958078134,,-0.0245478897818088,,,33.37842346640696,33.37842346640696,False,87.21406347985906,87.21406347985906,73.75515347649603,621.0,True,True,True,True,True,True,True,True,True,True,True,True,False,True,False,False,False,13,False,0.4036685171585876,0.5115424692023458,1.0,42903872.96865979,0.4246068455134135,0.0,3.0,,,,,,-0.0126302118034383,-0.0760065860838619,0.180232419973293,-1.80572692773791,0.3478632478632478,-1.80572692773791,0.2856454477005089,-621.0,0.3931623931623931,0.7692307692307693,0.2564102564102564,0.3726495726495726,0.4786324786324786,佳大
21.39999961853028,21.39999961853028,20.549999237060547,20.89999961853028,1585844.0,0.0170316493656372,20.750000000000004,0.027026989029512,20.36500015258789,0.0320987465940878,19.92799202601115,0.027026989029512,20.191912666956583,0.017105752018522,76.19048051552912,1233469.55,1.285677461596032,0.0262705358180124,2034.TW,2026-09-07,0.0541966573225793,0.077979448902512,bull,0.2969472710453284,0.2895467160037003,2026-03-31,2026-05-15,2833548000.0,238436000.0,35902000.0,-13678000.0,-15456000.0,1778000.0,0.0,10115642000.0,9094633000.0,22657796000.0,13057364000.0,9600432000.0,611722000.0,7049733000.0,1733334000.0,1869816000.0,0.4,21541200.0,13563163000.0,0.0015882136047469,0.0001851999993333,7.847188667423786e-05,1.3600808796937471,0.084147506941827,0.0126703341535064,0.0006274818707853,-0.2200071185015801,,,9.314478880448952,9.314478880448952,False,63.422770800015606,63.422770800015606,49.89569782012394,1045.0,True,False,True,True,True,True,True,False,False,False,True,True,True,True,False,False,False,10,False,0.0487759926464446,0.0350678493539866,1.0,25779513.124468718,0.4939870490286771,0.0,3.0,,,,,,0.0602539941525867,0.016603999900027,0.3064799604024887,-1.4749653624649484,0.8324786324786325,-1.4749653624649484,0.7294608553798242,-1045.0,0.0427350427350427,0.0256410256410256,0.8205128205128205,0.1594017094017094,0.1931623931623931,允強
21.200000762939453,21.200000762939453,20.39999961853028,20.39999961853028,527856.0,-0.0377359016801399,20.85999984741211,0.0225563327509628,20.592500019073487,0.0813739461622031,19.239166736602783,0.1357288023430125,18.701577949523926,0.0205674618102414,56.96201431428663,555912.05,0.9495314951348868,-0.0093480830576622,2069.TW,2026-09-07,0.0541966573225793,0.077979448902512,bull,0.3172987974098057,0.1785383903792784,2026-03-31,2026-05-15,2302863000.0,277674000.0,137979000.0,128564000.0,22373000.0,106191000.0,0.64,4252225000.0,3913450000.0,9681868000.0,5325210000.0,4356658000.0,267712000.0,2834868000.0,1356137000.0,,0.174022276842662,113967580.26352634,5768418000.0,0.019757163968271,0.0243744172712202,0.0109680280706161,1.2223153619127325,0.1205777330218949,0.0599162868134144,0.0461125998376803,-0.1384973197554728,,,30.045180578249248,30.045180578249248,False,66.53092555632011,66.53092555632011,57.4094893118024,683.0,True,False,True,True,False,True,True,True,False,True,True,True,True,True,False,False,False,11,False,0.0603369625005116,0.0908170248302275,1.0,11340605.607936386,0.6022201665124884,0.0,3.0,,,,,,0.0589024914236907,0.0347346503663868,0.2457342962058042,-1.10806231533513,0.8115384615384615,-1.10806231533513,0.8376797620331982,-683.0,0.3247863247863248,0.1452991452991453,0.9145299145299144,0.4132478632478632,0.3888888888888889,運錩
26.850000381469727,26.850000381469727,26.350000381469727,26.5,192163.0,-0.014869874505676,26.789999771118165,0.0412573361722474,26.387500095367432,0.0578841832074901,25.902499961853028,0.1147823785900912,25.07611298561096,0.0129558540792489,62.7906935481869,293481.85,0.6547696220396594,0.0042633786537558,2107.TW,2026-09-07,0.0541966573225793,0.077979448902512,bull,0.2414431082331175,0.2312673450508788,2026-03-31,2026-05-15,327504000.0,108944000.0,61789000.0,88780000.0,18672000.0,70108000.0,0.23,11124237000.0,2061631000.0,15861263000.0,2536045000.0,13325218000.0,807947000.0,1085000000.0,220797000.0,,0.2103176391079071,48793683.39716153,13799632000.0,0.0035358684490399,0.0052613022916398,0.0044200767618568,0.1903192127888639,0.332649372221408,0.1886663979676584,0.2140676144413503,-0.1658159366690099,,,41.47495597513323,41.47495597513323,False,70.34064518322872,70.34064518322872,63.12422288120485,491.0,True,False,True,True,True,True,True,True,False,False,True,True,False,True,False,False,False,10,False,0.0230672730055754,0.0567826048321797,1.0,7777269.024999999,0.6429232192414431,0.0,3.0,,,,,,0.0372003393993103,0.0112078536947476,0.1802131882097669,-1.52926899769291,0.5991452991452991,-1.52926899769291,0.5650824192606779,-491.0,0.5213675213675214,0.282051282051282,0.6581196581196581,0.541880341880342,0.4769230769230769,厚生
31.14999961853028,31.25,30.700000762939453,30.799999237060547,4244330.0,0.0352940920020352,31.35,0.1179673353902699,29.2005877494812,0.1079136720263165,28.310195859273275,0.0999999727521623,27.85343132019043,0.0350932057603987,73.48669869163331,4414997.9,0.9613436056221,0.0547732635144566,2201.TW,2026-09-07,0.0541966573225793,0.077979448902512,bull,0.0971322849213691,0.1424606845513413,2026-03-31,2026-05-15,16975232000.0,5600166000.0,1529772000.0,1410701000.0,356383000.0,363664000.0,0.35,258394518000.0,257093889000.0,369722615000.0,273701167000.0,96021448000.0,11770568000.0,38309974000.0,7312596000.0,1700000000.0,0.2526283032336406,1143308295.3056672,112628726000.0,0.0101511251694853,0.0037873205161413,0.0009836130797679,2.850416992253648,0.3299021774783402,0.0901178846922386,0.0214232123602198,-0.0348376488341026,,,22.837441404461494,22.837441404461494,False,73.0889529647801,73.0889529647801,60.52607507470045,817.0,True,False,True,True,True,True,True,False,True,True,True,True,True,True,False,False,False,12,False,0.0879472325152321,0.1057883275851261,1.0,135981931.95162392,0.2913968547641073,1.0,3.0,,,,,,0.0466308396916367,-0.0063466400565464,0.2682665898583062,-1.1113181992352532,0.7846153846153846,-1.1113181992352532,0.7287423826381847,-817.0,0.188034188034188,0.2222222222222222,0.8034188034188035,0.2803418803418803,0.3213675213675213,裕隆
548.0,548.0,533.0,539.0,281894.0,0.0506822612085771,526.8,0.0486381322957198,518.5,0.1691973969631237,499.51666666666665,0.064319300514583,482.7110417683919,0.0060147458284827,68.0,255799.05,1.1020134750304975,0.0395371263259403,2207.TW,2026-09-07,0.0541966573225793,0.077979448902512,bull,0.217391304347826,0.0999074930619796,2026-03-31,2026-05-15,71331231000.0,,,,1278339000.0,4429572000.0,7.95,371776395000.0,39724833000.0,525151865000.0,369092964000.0,116334068000.0,33821612000.0,111314642000.0,1403494000.0,,,,485427032000.0,,0.0380763096842792,0.0084348400819256,3.1726988520679944,,,0.0620986339069348,-0.0236719001813244,,,23.69838641660918,23.69838641660918,False,72.34766858432046,72.34766858432046,60.18534804239264,795.0,True,False,True,True,True,True,True,True,False,True,True,True,True,True,False,False,False,12,False,0.0790430749724733,0.1166100489961776,1.0,137875687.95,0.2895467160037003,3.0,3.0,,,,,,0.0420224254974764,-0.0398730823196182,0.2470692525425369,-0.7530771801751163,0.7230769230769232,-0.7530771801751163,0.6262422306904349,-795.0,0.2393162393162393,0.2136752136752136,0.717948717948718,0.3111111111111111,0.3273504273504274,和泰車
314.0,314.0,297.0,299.0,24980727.0,-0.0196721311475409,304.3,0.1114486345219292,286.1680511474609,0.3778801843317971,240.39798838297529,0.8117336814182055,214.14482752482093,0.0460545149617992,59.39597315436242,35560081.5,0.7024935249375062,0.0448406060742498,2301.TW,2026-09-07,0.0541966573225793,0.077979448902512,bull,0.1036077705827937,0.032377428307123,2026-03-31,2026-05-15,43407292000.0,9402933000.0,4099305000.0,4969901000.0,1195242000.0,3775414000.0,1.66,165353065000.0,116511425000.0,210691221000.0,122427807000.0,88263414000.0,71133162000.0,13521025000.0,3000000000.0,,0.2404961386554782,3113437976.3289046,94179796000.0,0.0330584489302663,0.0427743934763275,0.0179191804104642,1.3870730969006029,0.2166210460675593,0.0944381649055647,0.0869764923368175,0.1919657430575541,,,57.60700281241379,57.60700281241379,False,83.03679629698385,83.03679629698385,76.67934792584134,288.0,True,True,True,True,True,True,True,True,True,True,True,True,False,True,False,False,False,13,False,0.2437708069489605,0.396251328859875,1.0,10632464368.5,0.0194264569842738,2.0,3.0,,,,,,0.0012748544303807,-0.0685295746092387,0.2909333895511589,-1.0575195763207743,0.6341880341880342,-1.0575195763207743,0.6426146890757086,-288.0,0.6495726495726496,0.8205128205128205,0.7521367521367521,0.664957264957265,0.7213675213675214,光寶科
134.5,143.0,134.0,143.0,337280402.0,0.1085271317829457,131.3,0.1626016260162601,124.275,0.0711610486891385,137.5095667521159,1.3558484053151614,114.09228331247964,0.0228395061728395,69.67213114754098,149568517.0,2.2550227064162174,0.1506739086702875,2303.TW,2026-09-07,0.0541966573225793,0.077979448902512,bull,0.0656799259944495,0.1970397779833487,2026-03-31,2026-05-15,61037902000.0,17818490000.0,11276411000.0,16643830000.0,526846000.0,16171474000.0,1.29,216440269000.0,79611375000.0,599931908000.0,193195750000.0,406736158000.0,109018591000.0,3589671000.0,13091599000.0,34073429000.0,0.031654132492341,10919465992.16791,520320533000.0,0.0209860370668245,0.0397591256197094,0.0269555157582983,0.4749903498867194,0.2919250075141835,0.1847444068441277,0.264941511259676,0.0549430056265964,,,67.2329618749115,67.2329618749115,False,68.46790649553726,68.46790649553726,68.15917034038083,188.0,True,False,True,True,True,False,True,True,True,False,False,True,True,False,True,False,False,9,False,0.0399276455999715,0.2533713573629423,1.0,21388297931.0,0.0074005550416281,2.0,3.0,,,,,,-0.0443240378636374,-0.1300322956783764,0.2188458569728219,-1.5128816842925323,0.3641025641025641,-1.5128816842925323,0.316126748188857,-188.0,0.7777777777777778,0.5726495726495726,0.2735042735042735,0.7021367521367521,0.6153846153846154,聯電
31.100000381469727,33.70000076293945,30.549999237060547,33.400001525878906,12462545.0,0.1114809442220157,30.79000015258789,0.1497419071622157,28.937499904632567,0.3306773314050115,32.170833333333334,1.25675683077275,25.18833331267039,0.0175824210539256,70.71428697936372,5956321.1,2.092322557962834,0.1542117196009715,2305.TW,2026-09-07,0.0541966573225793,0.077979448902512,bull,0.0721554116558741,0.0444033302497687,2026-03-31,2026-05-15,246934000.0,104237000.0,18562000.0,63999000.0,14151000.0,32176000.0,0.16,1660268000.0,336947000.0,3155900000.0,667749000.0,2488151000.0,393143000.0,0.0,,,0.221112829887967,14457703.651619555,2818953000.0,0.0051287494511684,0.0129316910428667,0.0101955068284799,0.2683715739117119,0.4221249402674399,0.0751698834506386,0.1303020240226133,0.4915977046209605,,,55.093877523246825,55.093877523246825,False,72.62256641105594,72.62256641105594,68.24039418910367,307.0,True,False,True,True,True,False,True,True,True,True,False,True,True,False,False,False,False,10,False,0.0382075335074389,0.326010780914902,1.0,198941133.82862476,0.2516188714153561,1.0,3.0,,,,,,-0.0643758191705942,-0.1506758289543816,0.1789681715213464,-1.9584985934029575,0.1905982905982906,-1.9584985934029575,0.2295626175778259,-307.0,0.6410256410256411,0.5811965811965812,0.1538461538461538,0.567948717948718,0.5256410256410257,全友
41.59999847412109,41.59999847412109,39.20000076293945,40.04999923706055,125370556.0,-0.0074349256110368,40.0,0.1033057872952083,40.04249992370605,0.1017881958254725,37.43416659037272,0.2887943016377863,34.6163597424825,0.0202560692881018,48.04270617229248,116117152.75,1.0796902355151832,0.000187283845134,2324.TW,2026-09-07,0.0541966573225793,0.077979448902512,bull,0.1119333950046253,0.1489361702127659,2026-03-31,2026-05-15,201303536000.0,10597495000.0,2644084000.0,3090596000.0,699988000.0,1967195000.0,0.45,372539532000.0,285043722000.0,452433934000.0,306525209000.0,145908725000.0,84569615000.0,55846516000.0,11898445000.0,,0.2264896479513983,2045226345.6860747,167390212000.0,0.0122183150451238,0.013482367144254,0.0043480270867569,2.100801093286231,0.0526443559342146,0.0131348115017711,0.009772282390509,0.0110778585236814,,,17.5664711440274,17.5664711440274,False,68.59828617759646,68.59828617759646,55.8403324192042,902.0,True,False,True,True,True,True,True,False,True,True,True,True,True,True,False,False,False,12,False,0.0698782124712926,0.1569673857967704,1.0,4650491879.047143,0.0453283996299722,1.0,3.0,,,,,,-0.0285421523020515,-0.0637328935752686,0.2553293704422383,-1.5666329866737023,0.4722222222222222,-1.5666329866737023,0.4255523666840107,-902.0,0.1367521367521367,0.0683760683760683,0.452991452991453,0.1841880341880342,0.1794871794871795,仁寶
2435.0,2460.0,2430.0,2460.0,26592285.0,0.0228690228690229,2417.0,0.0336134453781513,2403.25,0.0649350649350648,2396.0,0.3190175857491812,2259.4778533935546,0.0051233793391886,61.11111111111111,17113203.85,1.5539045308573238,0.0236138562363465,2330.TW,2026-09-07,0.0541966573225793,0.077979448902512,bull,0.272895467160037,0.2109158186864014,2026-03-31,2026-05-15,1134103440000.0,751295421000.0,658966142000.0,687799687000.0,114998383000.0,572479752000.0,22.08,4265512176000.0,1714253448000.0,8660949685000.0,2728560764000.0,5932388921000.0,3035637228000.0,,40991672000.0,860026070000.0,0.167197492487373,548788655423.5218,6946696237000.0,0.0789999500050863,0.096500711538565,0.0660989582922395,0.4599430010971123,0.6624575805889452,0.5810458894296273,0.5047861877572649,0.351323787607557,,,99.15374073493592,99.15374073493592,True,78.00047617142198,78.00047617142198,83.28879231230047,5.0,True,True,True,True,True,True,True,True,False,False,True,True,True,True,True,True,True,13,False,0.0267111853088479,0.0887471175277407,1.0,42098481471.0,0.001850138760407,3.0,0.0,,,,,,-0.0156315258270683,-0.1386447592814048,0.1365358544548269,-1.4856271333828035,0.2965811965811966,-1.4856271333828035,0.2702468062812586,-5.0,0.9914529914529916,0.9316239316239316,0.2222222222222222,0.8760683760683761,0.8196581196581196,台積電
236.0,244.5,229.0,233.5,7235932.0,0.0043010752688172,230.2,0.3857566765578635,203.25,0.2759562841530054,190.1202596028646,1.489338938199792,172.36179644266764,0.0815484900891312,74.89177489177489,5467726.6,1.3233895052470257,0.1488314883148831,2351.TW,2026-09-07,0.0541966573225793,0.077979448902512,bull,0.0129509713228492,0.0555041628122109,2026-03-31,2026-05-15,2805040000.0,536428000.0,271819000.0,291916000.0,59272000.0,221741000.0,1.22,7664285000.0,3511531000.0,13387353000.0,5808485000.0,7578868000.0,1087862000.0,1177901000.0,596426000.0,1147119000.0,0.2030447114923471,216627589.5668617,9875822000.0,0.0219351452027853,0.0292577994497331,0.0165634685213723,0.7664053523560511,0.1912372016085332,0.0969037874682714,0.0790509226249893,0.1104464802119675,,,50.10730286570861,50.10730286570861,False,85.91877933373446,85.91877933373446,76.965910216728,365.0,True,True,True,True,True,True,True,False,True,True,True,True,True,True,False,False,False,13,False,0.2281700040161411,0.3547085538625645,1.0,1276714161.1,0.1026827012025902,2.0,3.0,,,,,,0.0012474310466386,-0.1054702139043227,0.3144072194302243,-1.2788072450634598,0.5837606837606838,-1.2788072450634598,0.4342369475666048,-365.0,0.5811965811965812,0.8290598290598291,0.4786324786324786,0.5658119658119658,0.6350427350427351,順德
66.69999694824219,66.80000305175781,64.69999694824219,65.69999694824219,11504412.0,0.0154559512699816,65.44000015258788,0.0412044142154366,62.82500019073486,0.1849482348923203,58.34753068288168,0.2213752259293053,56.33393281300862,0.0242928206026117,71.96968470941826,12428145.0,0.9256741050253277,0.0457619856550564,2354.TW,2026-09-07,0.0541966573225793,0.077979448902512,bull,0.242368177613321,0.0878815911193339,2026-03-31,2026-05-15,25274831000.0,1224398000.0,373042000.0,939869000.0,285306000.0,663384000.0,0.47,119608118000.0,42954189000.0,150753789000.0,44332160000.0,106421629000.0,18348663000.0,13096824000.0,,,0.3035593258209388,259801621.9771053,107799600000.0,0.0024100425416894,0.0062335448746043,0.0044004466116602,0.4165709585219749,0.0484433704027536,0.0147594260867659,0.0262468223823138,-0.1575198993297046,,,17.738249987351253,17.738249987351253,False,69.34541369820505,69.34541369820505,56.4436227704916,899.0,True,False,True,True,True,True,True,True,False,True,True,True,True,True,False,False,False,12,False,0.1260116097341137,0.1662597242468886,1.0,816529088.5723114,0.1313598519888991,1.0,3.0,,,,,,-0.0224141128151574,-0.0725248674778779,0.153949403469732,-1.8193380782605808,0.2935897435897436,-1.8193380782605808,0.2593628923751524,-899.0,0.1452991452991453,0.0854700854700854,0.1965811965811965,0.152991452991453,0.1376068376068376,鴻準
1025.0,1025.0,981.0,999.0,4998224.0,0.0,1003.0,0.2212713936430317,949.85,0.3538419392156366,803.6123321533203,0.7921854806576187,708.5359975179036,0.0507771447535814,67.45098039215686,3954579.0,1.26390799121727,0.0517450123703742,2357.TW,2026-09-07,0.0541966573225793,0.077979448902512,bull,0.0397779833487511,0.0397779833487511,2026-03-31,2026-05-15,208369726000.0,30970538000.0,11895859000.0,13859608000.0,2702804000.0,9797017000.0,13.19,485857648000.0,327627459000.0,671441698000.0,354711686000.0,316730012000.0,57955263000.0,41417377000.0,275376000.0,,0.1950130191272365,9576011621.29809,343814239000.0,0.0278522833991703,0.0309317608967223,0.0145910166574134,1.1199181402487366,0.1486326185407567,0.0570901504184921,0.0470174683629425,0.4108280576281871,,,51.58078089609261,51.58078089609261,False,82.15577254887503,82.15577254887503,74.51202463567942,344.0,True,True,True,True,True,True,True,True,True,True,True,True,True,True,False,False,False,14,False,0.2431367215621598,0.4099495346737929,1.0,3950624421.0,0.0499537465309898,3.0,3.0,,,,,,0.0839119160582853,-0.0034399254648763,0.320826044802627,-0.9541158961378072,0.9017094017094018,-0.9541158961378072,0.8776880997053169,-344.0,0.5982905982905983,0.7948717948717948,0.9658119658119658,0.6534188034188033,0.7307692307692307,華碩
49.45000076293945,49.45000076293945,47.75,47.95000076293945,1175942.0,0.0041884976531822,48.18000030517578,0.0245726825774865,48.15500011444092,0.0442625481265457,45.24958070119222,0.2902086629258589,42.02297080357869,0.0006753613438243,53.7313449831584,1508713.35,0.7794336810236351,-0.0042570730145214,2362.TW,2026-09-07,0.0541966573225793,0.077979448902512,bull,0.3071230342275671,0.2608695652173913,2026-03-31,2026-05-15,4941226000.0,1031961000.0,338299000.0,460047000.0,109186000.0,350861000.0,0.61,21268600000.0,19086193000.0,104921126000.0,60685209000.0,44235917000.0,8972993000.0,7767445000.0,28201977000.0,,0.2373366199540481,258008258.80616543,85834933000.0,0.0030058654418261,0.0079315864527008,0.0033440453164789,1.3718537585645618,0.2088471565558831,0.0684645875335392,0.0710068715739778,0.1924432336345798,,,31.430349126543067,31.430349126543067,False,61.18828649069197,61.18828649069197,53.74880214965474,657.0,True,False,True,True,False,True,True,True,False,False,True,True,False,True,False,False,False,9,False,0.0596783444155999,0.141042621357365,1.0,72342806.28355694,0.364477335800185,1.0,3.0,,,,,,0.022175318557132,-0.0069928087239055,0.2059591394209394,-1.4820588414341456,0.6205128205128205,-1.4820588414341456,0.4847133192623374,-657.0,0.358974358974359,0.0598290598290598,0.5641025641025641,0.3897435897435897,0.3102564102564102,藍天
369.5,371.0,361.0,364.5,5296828.0,0.0181564245810055,359.3,0.0429184549356223,357.175,0.0657894736842106,342.244960530599,0.469758064516129,318.8724802652995,0.0120422186016859,61.8705035971223,7983279.05,0.6634902734610035,0.020508154266116,2376.TW,2026-09-07,0.0541966573225793,0.077979448902512,bull,0.2321924144310823,0.2062904717853839,2026-03-31,2026-05-15,105057330000.0,12614630000.0,7413710000.0,7054503000.0,1410189000.0,5268403000.0,7.86,234087870000.0,170374747000.0,247826770000.0,180781022000.0,67045748000.0,63311111000.0,69227536000.0,,9540960000.0,0.199899128258929,5931715833.835495,77452023000.0,0.0765856798063944,0.0785792262322138,0.0212584096544533,2.6963831024750444,0.1200737730532462,0.0705682316502808,0.0501478859209538,0.5978925716183887,,,59.16561347732097,59.16561347732097,False,73.61875240891783,73.61875240891783,70.00546767601861,275.0,True,False,True,True,True,True,True,True,False,False,True,True,False,True,False,False,False,10,False,0.0650266389164591,0.143090177291997,1.0,2909905213.725,0.0592044403330249,2.0,3.0,,,,,,0.0977368449975191,0.0766641822791401,0.4522978217175578,0.5157352398910912,0.9927350427350428,0.5157352398910912,0.9813671966061128,-275.0,0.6752136752136753,0.6410256410256411,1.0,0.723931623931624,0.72991452991453,技嘉
164.0,164.0,156.0,158.5,14256453.0,0.0225806451612902,155.9,0.0527621809534319,150.13180923461914,0.1611721611721612,145.43654174804686,0.6933760959816972,126.1491040547689,0.0071929872943288,67.86726478362641,15611982.75,0.9131737607127448,0.0557389590390098,2377.TW,2026-09-07,0.0541966573225793,0.077979448902512,bull,0.2081406105457909,0.1026827012025902,2026-03-31,2026-05-15,56256838000.0,8440506000.0,3876357000.0,4133431000.0,716617000.0,3416814000.0,4.04,106512512000.0,56814984000.0,119099762000.0,64185562000.0,54914200000.0,25875075000.0,0.0,6305082000.0,,0.1733709840565864,3204309172.355363,62284778000.0,0.0514461040923251,0.0622209555998266,0.0286886719387398,1.1688335985956273,0.1500352010541367,0.0689046369794192,0.0607359766647389,0.0507372103469625,,,60.05362798212559,60.05362798212559,False,73.203333202783,73.203333202783,69.91590689761864,263.0,True,False,True,True,True,True,True,True,False,True,True,True,True,True,True,False,False,12,False,0.0898223932922179,0.2564496687284092,1.0,2474499265.875,0.0675300647548566,2.0,3.0,,,,,,0.0221393508862141,-0.0245944215732542,0.250852647511911,-0.9860755032040256,0.6965811965811965,-0.9860755032040256,0.6280622775930199,-263.0,0.6923076923076923,0.6324786324786325,0.7350427350427351,0.6987179487179488,0.6829059829059829,微星
46.20000076293945,46.29999923706055,44.29999923706055,44.34999847412109,3262376.0,-0.0144444783528647,45.33999938964844,0.1686428875498635,43.2899995803833,0.1270648079767602,38.9816499710083,0.1826666259765623,38.134991614023846,0.0516853879374764,65.75873973186701,6495440.5,0.5022563134863601,0.0244859991686883,2392.TW,2026-09-07,0.0541966573225793,0.077979448902512,bull,0.061054579093432,0.1295097132284921,2026-03-31,2026-05-15,20284345000.0,3918165000.0,2024943000.0,2036754000.0,252111000.0,-210762000.0,-0.46,65961303000.0,65464823000.0,123191294000.0,95674753000.0,27516541000.0,21416412000.0,16445470000.0,26655579000.0,0.0,0.1237807805950055,1774293974.7996078,57726471000.0,0.0307362280088039,-0.0076594656283287,-0.0017108514177958,3.476990549066469,0.1931620173094078,0.0998278721841893,-0.0103903774068129,-0.0513983335778374,,,22.851074819845003,22.851074819845003,False,76.68363113624541,76.68363113624541,63.2254920571453,813.0,True,True,True,True,True,True,True,True,True,True,True,True,False,True,False,False,False,13,False,0.1377147582799951,0.1629738619848475,1.0,288072776.2637443,0.217391304347826,1.0,3.0,,,,,,0.0505074626521112,0.0191840682512989,0.2823783181031848,-0.1729589771803859,0.870940170940171,-0.1729589771803859,0.8776536389083663,-813.0,0.1965811965811965,0.2991452991452991,0.9572649572649572,0.3106837606837607,0.3794871794871794,正崴
519.0,525.0,508.0,517.0,56960926.0,-0.0478821362799263,505.3,0.0298804780876493,512.05,0.3823529411764705,455.364148457845,0.9042357274401474,363.4737408955892,0.0227193289059768,50.38910505836576,84085661.0,0.6774154513692887,0.0096670247046188,2408.TW,2026-09-07,0.0541966573225793,0.077979448902512,bull,0.2830712303422756,0.0314523589269195,2026-03-31,2026-05-15,49086932000.0,33325482000.0,30111283000.0,31718134000.0,5659880000.0,26059487000.0,8.41,141606845000.0,25207062000.0,240968098000.0,47930660000.0,193037438000.0,86281008000.0,0.0,13800000000.0,3996400000.0,0.1784430319892084,24738134364.394894,215761036000.0,0.1146552446308929,0.1349970620724877,0.1081449669740099,0.2482972240856201,0.6789074126694249,0.6134276837672398,0.5308844113541258,5.829068133568171,,,100.0,100.0,True,66.52713950861032,66.52713950861032,74.89535463145774,2.0,True,False,True,True,True,True,True,True,False,True,True,True,False,True,True,True,True,12,False,0.1353550817535669,0.4223861089005396,1.0,43472286737.0,0.0009250693802035,3.0,0.0,,,,,,-0.0845941247750755,-0.1950220592095556,0.1903097190086533,-1.5010075461642225,0.2568376068376068,-1.5010075461642225,0.2549708934859394,-2.0,1.0,0.8034188034188035,0.1794871794871795,0.8769230769230769,0.7769230769230769,南亞科
26.950000762939453,29.450000762939453,26.700000762939453,28.700000762939453,522633576.0,0.0769231209663421,26.969999694824217,0.0629629912199798,26.2024998664856,0.2212766282101894,26.895288944244385,0.8050315378304618,23.152227822939555,0.0191559675146701,70.08547203615157,177520525.25,2.9440740740485163,0.0953153672046496,2409.TW,2026-09-07,0.0541966573225793,0.077979448902512,bull,0.1794634597594819,0.0730804810360777,2026-03-31,2026-05-15,69031355000.0,8183487000.0,-635608000.0,-501422000.0,538028000.0,-1143537000.0,-0.15,139726713000.0,124948160000.0,376390658000.0,214627241000.0,161763417000.0,53064131000.0,12198589000.0,72270609000.0,,0.0,-635608000.0,251442498000.0,-0.0025278463468017,-0.0070691941429501,-0.0030381652033457,1.3267971521645094,0.118547390529999,-0.0092075260582672,-0.0165654723132698,-0.0425858019689946,,,11.660468541521832,11.660468541521832,False,65.73203144836774,65.73203144836774,52.21414072165626,1021.0,True,False,True,True,True,False,True,True,True,True,True,True,True,True,False,False,False,12,False,0.0671014103041001,0.2396215596368263,1.0,5094839210.112412,0.0407030527289546,0.0,3.0,,,,,,-0.0711323786243769,-0.1988798646808647,0.215814354301689,-1.9464663472602528,0.2166666666666666,-1.9464663472602528,0.1932965155984777,-1021.0,0.0683760683760683,0.0427350427350427,0.1196581196581196,0.076068376068376,0.0709401709401709,友達
178.0,178.5,169.0,171.5,6509119.0,-0.0445682451253481,171.8,0.1471571906354514,156.15,0.1909722222222223,144.91666666666666,0.1402397324722526,143.24951108296713,0.0425638457686529,67.33333333333333,4993768.2,1.3034483659053298,0.0983029138648734,2421.TW,2026-09-07,0.0541966573225793,0.077979448902512,bull,0.0749306197964847,0.0832562442183163,2026-03-31,2026-05-15,5019470000.0,1589335000.0,788361000.0,804772000.0,155735000.0,649037000.0,2.36,14963066000.0,7265103000.0,19420226000.0,8096459000.0,11323767000.0,6013084000.0,462398000.0,0.0,,0.1935144363869518,635801765.4155462,12155123000.0,0.0523073082366625,0.0573163506455051,0.0334206718294627,0.7149969617001127,0.3166340270984785,0.157060606000235,0.1293038906498096,0.2059937007805909,,,81.54483186948244,81.54483186948244,False,84.35428413489437,84.35428413489437,83.65192106854138,79.0,True,True,True,True,True,True,True,True,True,True,True,True,True,True,True,False,False,14,False,0.183438757906843,0.1972117650067983,1.0,856431246.3000001,0.125809435707678,2.0,2.0,,,,,,-0.0066005268380488,-0.0823147083417856,0.2730863047053846,-1.5441213480545093,0.5064102564102564,-1.5441213480545093,0.4491669343585065,-79.0,0.8888888888888888,0.9401709401709402,0.5042735042735043,0.8311965811965811,0.8273504273504273,建準
106.0,109.5,99.0999984741211,99.0999984741211,60894657.0,0.0132923863169545,102.11999969482422,0.4659763418790454,85.41999969482421,0.4573529187370748,74.04416650136312,1.696175439820062,65.7517347017924,0.1236516682901333,71.2765922909039,47372958.2,1.2854307460157723,0.1601498340923757,2426.TW,2026-09-07,0.0541966573225793,0.077979448902512,bull,0.0092506938020351,0.0222016651248843,2026-03-31,2026-05-15,545147000.0,107038000.0,16725000.0,17730000.0,1096000.0,16634000.0,0.06,2649632000.0,798477000.0,4627612000.0,866690000.0,3760922000.0,615916000.0,52733000.0,0.0,,0.0618161308516638,15691125.211505923,3829135000.0,0.0040978250209266,0.004422851630531,0.0035945105164391,0.2304461512363191,0.1963470403395781,0.0306797982929375,0.0305128708403421,-0.0985551006369594,,,23.08242867683808,23.08242867683808,False,86.54602710794828,86.54602710794828,70.68012750017074,808.0,True,True,True,True,True,True,True,True,True,True,True,False,True,False,False,False,False,12,False,0.3383903574942222,0.5071845468956062,1.0,4694660085.334602,0.0434782608695652,1.0,3.0,,,,,,-0.1012718991254021,-0.221716268507396,0.1640662570305717,-1.7976786287678317,0.1521367521367521,-1.7976786287678317,0.152219370545542,-808.0,0.2051282051282051,0.6752136752136753,0.1025641025641025,0.1897435897435897,0.3256410256410256,鼎元
65.0,66.5,64.0,64.80000305175781,730448.0,0.0451613395444807,65.88000030517578,0.2249527633767152,55.85000019073486,0.9938462477463944,56.218333625793456,1.204081765052662,43.6370835463206,0.0484325119349198,69.80875127117508,1131892.6,0.6453333116587209,0.1602507221209947,2434.TW,2026-09-07,0.0541966573225793,0.077979448902512,bull,0.036077705827937,0.0083256244218316,2026-03-31,2026-05-15,10860000.0,-2848000.0,-16820000.0,-1310000.0,3419000.0,-4729000.0,-0.13,108102000.0,111881000.0,690037000.0,222180000.0,467857000.0,67489000.0,60000000.0,62087000.0,,0.0,-16820000.0,578156000.0,-0.0290924940673451,-0.0101077893458898,-0.0068532556949844,0.4748886946225021,-0.2622467771639042,,-0.435451197053407,0.0598223870401093,,,22.24637294998911,22.24637294998911,False,73.92202680219934,73.92202680219934,61.00311333914678,824.0,True,False,True,True,True,False,True,True,True,True,True,True,False,False,False,False,False,10,False,0.1526489469269329,0.4849755709034233,1.0,73346643.9342621,0.3617021276595745,1.0,3.0,,,,,,-0.1302120034332778,-0.2253300162334652,0.0687441991281515,-2.092599157301857,0.0354700854700854,-2.092599157301857,0.1196605576225254,-824.0,0.1794871794871795,0.2307692307692307,0.094017094017094,0.1666666666666666,0.1777777777777777,統懋
69.0999984741211,71.69999694824219,69.0999984741211,71.69999694824219,15531881.0,0.0913242051552414,67.11999816894532,0.0637981502227749,66.2299991607666,0.0872772006377522,65.41149190266927,0.1701173683053902,66.49421860376994,0.0193935581323813,68.81719812628694,5394104.25,2.87941802385447,0.0825909384989984,2436.TW,2026-09-07,0.0541966573225793,0.077979448902512,bull,0.1757631822386679,0.1665124884366327,2026-03-31,2026-05-15,1047731000.0,351386000.0,143273000.0,175219000.0,37758000.0,137922000.0,0.7,4987637000.0,1886160000.0,6389164000.0,2035867000.0,4353297000.0,1412266000.0,0.0,,,0.2154903292451161,112399054.05806448,4503004000.0,0.0249609047778026,0.0316821939784949,0.0215868617553094,0.4676609475530844,0.3353780693708595,0.1367459777366518,0.1316387507862228,0.3174001825721551,,,71.40875700399049,71.40875700399049,False,73.76109483429963,73.76109483429963,73.17301037672235,157.0,True,False,True,True,True,True,True,True,True,True,True,True,True,True,True,False,False,13,False,0.0961376183703326,0.078289187447901,1.0,386757258.2635002,0.1877890841813136,1.0,3.0,,,,,,0.0066679479972327,-0.0756553826031972,0.2064791612762881,-1.4291164601049524,0.5051282051282051,-1.4291164601049524,0.5331717277247705,-157.0,0.811965811965812,0.7435897435897436,0.6239316239316239,0.7837606837606838,0.7538461538461538,偉詮電
213.0,213.0,202.5,203.0,16813945.0,0.1306666304050368,204.4057189941406,0.1277777777777777,192.47906875610352,0.3624161073825502,170.60968958536785,1.566371730922535,141.29484481811522,0.0429494251133959,59.48144197547325,18615701.25,0.9032130873930952,0.054660131680229,2464.TW,2026-09-07,0.0541966573225793,0.077979448902512,bull,0.0869565217391304,0.036077705827937,2026-03-31,2026-05-15,1864911000.0,348125000.0,41838000.0,53528000.0,4046000.0,49169000.0,0.24,7398797000.0,5883475000.0,11317462000.0,6229196000.0,5088266000.0,1831434000.0,460111000.0,103169000.0,0.0,0.0755866088775967,38675607.45777911,5433987000.0,0.0071173536958736,0.00966321336188,0.0043445253008139,1.2242276641983734,0.1866711065568276,0.0224343145597832,0.0263653332518281,0.0786759589539871,,,25.84400824761181,25.84400824761181,False,84.35708598156148,84.35708598156148,69.72881654807406,757.0,True,True,True,True,True,True,True,True,True,True,False,True,True,True,False,False,False,13,False,0.1898503566435776,0.4367120064522951,1.0,3778987353.75,0.0527289546716003,2.0,3.0,,,,,,-0.0911774110571369,-0.213090739090453,0.1768130067572496,-1.810271659000268,0.167094017094017,-1.810271659000268,0.1072883978423708,-757.0,0.2649572649572649,0.6153846153846154,0.0683760683760683,0.2354700854700854,0.3307692307692307,盟立
99.1999969482422,103.5,98.5999984741211,102.5,6154239.0,0.0904255319148936,99.73999938964845,0.0950854879376905,93.78499984741212,0.3398692810457515,83.8583334604899,0.7672413793103448,77.85750017166137,0.0391689733785275,69.3586776679781,5654115.1,1.088453080836646,0.092925309663242,2465.TW,2026-09-07,0.0541966573225793,0.077979448902512,bull,0.1202590194264569,0.0416281221091581,2026-03-31,2026-05-15,1569188000.0,167121000.0,92107000.0,130068000.0,22277000.0,107791000.0,1.15,1574817000.0,638916000.0,1902288000.0,697716000.0,1204572000.0,319532000.0,112731000.0,0.0,,0.1712719500568933,76331654.49610972,1263372000.0,0.0604189854580517,0.0894848958800304,0.0566638700344006,0.5792231597613094,0.1065015791606869,0.0586972370423429,0.0686922153368493,0.9128577645528606,,,73.28778007996519,73.28778007996519,True,79.54499154563278,79.54499154563278,77.98068867921589,133.0,True,True,True,True,True,True,True,True,True,True,True,True,True,True,True,True,False,14,False,0.2222995112142691,0.3165077195389845,1.0,579546797.75,0.1591119333950046,2.0,3.0,,,,,,-0.0405287931873325,-0.1941197011154088,0.1803593521623313,-2.3245637657943163,0.188034188034188,-2.3245637657943163,0.1752670198045252,-133.0,0.8461538461538461,0.8547008547008547,0.1111111111111111,0.735897435897436,0.7017094017094018,麗臺
616.0,635.0,607.0,619.0,1067292.0,0.0097879282218598,610.0,0.1254545454545454,574.1,0.1320197626080499,563.8463673909505,0.6596943612804054,546.8793263753255,0.0418292350966338,63.681592039801,1330945.35,0.8019052021933132,0.078209371189688,2467.TW,2026-09-07,0.0541966573225793,0.077979448902512,bull,0.091581868640148,0.122109158186864,2026-03-31,2026-05-15,2261506000.0,1118836000.0,551124000.0,613560000.0,131154000.0,466168000.0,3.06,8668744000.0,7397306000.0,20907953000.0,12303757000.0,8604196000.0,2586058000.0,930000000.0,2672580000.0,1609684000.0,0.2137590455701153,433316259.7692157,13510647000.0,0.0320722064434971,0.0541791470115278,0.0222962047025837,1.4299717254232702,0.4947305025942889,0.243697783689276,0.2061316662436447,0.7275418248873835,,,82.91061822425604,82.91061822425604,False,82.73771587437463,82.73771587437463,82.78094146184498,67.0,True,True,True,True,True,True,True,True,True,True,True,True,True,True,True,False,False,14,False,0.0978167738567836,0.1318767599109749,1.0,823855171.6500001,0.1304347826086956,3.0,2.0,,,,,,0.0265294314814896,-0.0834876257086462,0.2938844924584757,-0.5908558535233366,0.6995726495726495,-0.5908558535233366,0.6306714799506631,-67.0,0.9145299145299144,0.9145299145299144,0.7435897435897436,0.8888888888888888,0.8803418803418803,志聖
158.0,168.0,155.0,158.0,60658862.0,0.0463576158940397,155.0,0.1490909090909091,145.075,0.089655172413793,157.54166666666666,0.5470782013699114,136.74889647165935,0.0362499999999999,63.70370370370371,33049760.1,1.835379797507214,0.0890918490435981,2481.TW,2026-09-07,0.0541966573225793,0.077979448902512,bull,0.0730804810360777,0.1600370027752081,2026-03-31,2026-05-15,3421155000.0,1119956000.0,222307000.0,401292000.0,91991000.0,287830000.0,0.75,16640056000.0,9238488000.0,30592464000.0,14747647000.0,15844817000.0,2062678000.0,3840875000.0,4482923000.0,455744000.0,0.2292370642823679,171345995.9505796,21353976000.0,0.0080240792604889,0.0181655616470673,0.0094085262305121,0.930755274737474,0.3273619581690978,0.064980101749263,0.0841324055764792,0.1137638172403219,,,42.02257957760406,42.02257957760406,False,76.26536771427307,76.26536771427307,67.70467068010582,480.0,True,True,True,True,True,False,True,True,True,True,True,True,True,True,False,False,False,13,False,0.0029092832583972,0.1554023767405308,1.0,5221862095.8,0.0388529139685476,2.0,3.0,,,,,,-0.0525628545419941,-0.1320462652735063,0.2251401006111086,-1.832104729443087,0.3119658119658119,-1.832104729443087,0.3566899454219198,-480.0,0.5299145299145299,0.5641025641025641,0.3247863247863248,0.4991452991452991,0.4991452991452991,強茂
42.0,44.45000076293945,40.79999923706055,43.0,2599634.0,-0.1535432943741099,45.15,0.2320916366755689,42.04500026702881,0.3738019504194156,36.765833377838135,1.5825826417523778,28.30541667938233,0.0931426675340391,54.05117143320763,2443245.3,1.0640085954529412,0.0227137525723857,2491.TW,2026-09-07,0.0541966573225793,0.077979448902512,bull,0.032377428307123,0.03422756706753,2026-03-31,2026-05-15,35944000.0,5341000.0,-45575000.0,117289000.0,-67000.0,70043000.0,0.85,1624764000.0,245075000.0,1724545000.0,273979000.0,1450566000.0,105525000.0,,0.0,,0.0,-45575000.0,1479470000.0,-0.0308049504214347,0.0482866687899757,0.040615350715696,0.1888773072028435,0.1485922546182951,,1.9486701535722235,-0.1873756556339302,,,45.70697288449711,45.70697288449711,False,77.87828502080208,77.87828502080208,69.83545698672584,424.0,True,True,True,True,True,True,True,True,True,True,True,True,True,True,False,False,False,14,False,0.1695641319508269,0.5191438616525017,1.0,105059547.9,0.3182238667900092,1.0,3.0,,,,,,-0.024974214188735,-0.1199725586328746,0.2218988809129654,-1.7264969099703344,0.3585470085470085,-1.7264969099703344,0.3519874683663609,-424.0,0.5470085470085471,0.6239316239316239,0.3162393162393162,0.5123931623931623,0.523931623931624,吉祥全
14.949999809265137,15.0,14.649999618530272,14.899999618530272,136769.0,-0.0324675332717779,14.979999923706057,0.0915750941342949,14.629999923706055,0.0797101023617328,13.756666644414263,0.0419580013840947,13.65291666984558,0.0315529696858554,64.70588675282403,154653.55,0.8843573264241268,0.0184552082181979,2509.TW,2026-09-07,0.0541966573225793,0.077979448902512,bull,0.1248843663274745,0.1813135985198889,2026-03-31,2026-05-15,64339000.0,17741000.0,-24855000.0,-103715000.0,440000.0,-100923000.0,-0.45,11515918000.0,9505024000.0,14164161000.0,9994241000.0,4169920000.0,916570000.0,4613123000.0,0.0,486938000.0,0.0,-24855000.0,4659137000.0,-0.0053346789330298,-0.0242026225922799,-0.0071252367153974,2.396746460363748,0.2757425511742489,-0.3863131226783133,,-0.0720024231584717,,,11.364896482710066,11.364896482710066,False,74.14091111777944,74.14091111777944,58.446907459012095,1024.0,True,False,True,True,True,True,True,True,True,True,True,True,True,True,False,False,False,13,False,0.0831111928252068,0.0913418706670239,1.0,2304337.836004352,0.8103607770582794,0.0,3.0,,,,,,0.0692960851399314,0.0167612374856907,0.2657044284818092,-1.064287094361085,0.8423076923076923,-1.064287094361085,0.800295654078502,-1024.0,0.0598290598290598,0.1709401709401709,0.8632478632478633,0.1803418803418803,0.2538461538461539,全坤建
37.45000076293945,37.45000076293945,36.45000076293945,36.59999847412109,1707740.0,0.0041151634579428,36.50999908447265,0.0502152102330653,35.964999961853025,0.0457142421177454,35.02668056488037,0.119265982268774,33.08042362531026,0.0240446553864365,54.99997820172986,1633375.85,1.0455278863098163,0.0176560131500509,2520.TW,2026-09-07,0.0541966573225793,0.077979448902512,bull,0.215541165587419,0.2562442183163737,2026-03-31,2026-05-15,4862541000.0,1141758000.0,658447000.0,599530000.0,162065000.0,308665000.0,0.52,53619294000.0,30715620000.0,65803063000.0,37306228000.0,28496835000.0,17736193000.0,16539209000.0,220000000.0,3700000000.0,0.2703200840658515,480455551.60709226,35087443000.0,0.0136930910470475,0.0108315537497409,0.0046907390921908,1.3091358391203796,0.2348068633251627,0.1354121230031787,0.063478127999332,0.0287244960456058,,,37.26396887406752,37.26396887406752,False,67.31170216925398,67.31170216925398,59.799768845457365,571.0,True,False,True,True,True,True,True,True,False,False,True,True,True,True,False,False,False,11,False,0.0449176994184885,0.1063944914574175,1.0,59781553.61766624,0.3876040703052729,1.0,3.0,,,,,,0.0444336535028968,0.0154942123875887,0.2162073548200939,-1.430492664216132,0.6978632478632478,-1.430492664216132,0.6883393434146686,-571.0,0.4273504273504273,0.2051282051282051,0.7863247863247863,0.4811965811965811,0.4324786324786324,冠德
48.54999923706055,48.54999923706055,47.59999847412109,48.0,7651209.0,0.0289388730967605,48.21000061035157,0.0822999244973761,47.40000019073487,0.0678531520643537,44.988333193461095,0.3061224489795917,42.206666723887125,0.0216618236373484,51.8248179247374,8554596.0,0.8943974677471619,0.0126582237732231,2542.TW,2026-09-07,0.0541966573225793,0.077979448902512,bull,0.1350601295097132,0.2025901942645698,2026-03-31,2026-05-15,16191907000.0,4874634000.0,3912933000.0,3918335000.0,698387000.0,2421313000.0,1.15,244126134000.0,168451704000.0,269504119000.0,203260373000.0,66243746000.0,18030010000.0,104829064000.0,11468836000.0,23019028000.0,0.1782356536641201,3215508829.0010934,101052415000.0,0.0318202076516537,0.0365515712230404,0.0089843265067128,3.068370756086167,0.3010537301134449,0.2416597995529495,0.1495384700517363,13.610654325020349,,,58.947380152838136,58.947380152838136,False,66.93829323919627,66.93829323919627,64.94056496760673,278.0,True,False,True,True,True,True,True,True,True,False,True,True,True,True,False,False,False,12,False,0.0669432849087336,0.1372610946515258,1.0,410620608.0,0.1803885291396854,1.0,3.0,,,,,,0.0814364249747024,0.1050465787081861,0.2284138127562753,-0.6334180106296388,0.861965811965812,-0.6334180106296388,0.8581419112906031,-278.0,0.6666666666666666,0.3931623931623931,0.9401709401709402,0.7076923076923076,0.6393162393162393,興富發
54.0,54.0,52.79999923706055,53.09999847412109,349955.0,0.007590089286354,53.37999954223633,0.0948453293633213,51.71500015258789,0.1300529125528264,48.44343242645263,0.0430450418357855,47.533194351196286,0.0291542240795365,70.96771414894773,614470.3,0.5695230509920496,0.0267813655118762,2607.TW,2026-09-07,0.0541966573225793,0.077979448902512,bull,0.1211840888066605,0.125809435707678,2026-03-31,2026-05-15,3991930000.0,868803000.0,467559000.0,709936000.0,149297000.0,553268000.0,1.04,14530568000.0,4295956000.0,44350782000.0,12631508000.0,31719274000.0,4170571000.0,346407000.0,4274711000.0,,0.2102964210858443,369233015.6535237,40054826000.0,0.0092181904785586,0.0174426438637908,0.012474819496982,0.3982281561677609,0.2176398383739193,0.1171260518095257,0.1385966186781832,-0.1369527758740344,,,38.62339041274056,38.62339041274056,False,70.45102190243125,70.45102190243125,62.494114030008575,547.0,True,False,True,True,True,True,True,True,True,True,True,True,False,True,False,False,False,12,False,0.0961237842660738,0.11711403365393,1.0,32628371.99239273,0.4616096207215541,1.0,3.0,,,,,,0.0395917943820347,0.0181123886790615,0.180332033513793,-1.548162565078448,0.617094017094017,-1.548162565078448,0.5379213067375564,-547.0,0.452991452991453,0.2564102564102564,0.6324786324786325,0.4799145299145299,0.4299145299145299,榮運
32.75,33.150001525878906,32.20000076293945,32.900001525878906,3608362.0,0.0630048696242504,32.02000045776367,0.1228669755139393,30.78000020980835,0.0966667175292967,29.726791763305663,0.0015221629857062,29.77756250699361,0.0258290348356009,72.26279323411589,2377443.1,1.5177490472852957,0.06887593572514,2617.TW,2026-09-07,0.0541966573225793,0.077979448902512,bull,0.0943570767807585,0.1558741905642923,2026-03-31,2026-05-15,1083585000.0,454984000.0,420156000.0,372514000.0,74470000.0,298044000.0,0.71,3272834000.0,1957091000.0,26562212000.0,8269177000.0,18293035000.0,921024000.0,1017237000.0,5281631000.0,,0.1999119496180009,336161794.8962992,24605121000.0,0.013662269529026,0.0162927584187096,0.0112206016577233,0.452039642410349,0.4198876876294891,0.3877462312601226,0.2750536413848475,0.0574449605745959,,,59.57860740402141,59.57860740402141,False,78.32666963694241,78.32666963694241,73.63965407871216,271.0,True,True,True,True,True,True,True,False,True,True,True,True,True,True,False,False,False,13,False,0.106745786354591,0.1048587848032205,1.0,78217881.61769028,0.3533765032377428,1.0,3.0,,,,,,0.0130551704239238,-0.0314900950926982,0.1627634275176055,-2.1207395770305317,0.3905982905982905,-2.1207395770305317,0.3748006143528947,-271.0,0.6837606837606838,0.7606837606837606,0.3504273504273504,0.6337606837606838,0.6401709401709401,台航
40.29999923706055,40.29999923706055,38.75,38.79999923706055,689304.0,-0.0064020487806498,39.18000030517578,0.1479289974219191,36.96000003814697,0.2229474885309448,34.867500114440915,0.3290297568616711,32.43023551305135,0.0380564560411289,74.60316050670474,819766.0,0.8408545853328877,0.0497835280577512,2816.TW,2026-09-07,0.0541966573225793,0.077979448902512,bull,0.0740055504162812,0.0712303422756706,2026-03-31,2026-05-15,,,460640000.0,461658000.0,63688000.0,,,,,25125030000.0,16643189000.0,8481841000.0,3180641000.0,,,,0.1379549363381551,397092438.1251922,25125030000.0,0.0158046552830063,,,1.962214217408697,,,,,,,38.97407433693017,38.97407433693017,False,75.14770226876573,75.14770226876573,66.10429528580684,537.0,True,True,True,True,True,True,True,False,True,True,True,True,True,True,False,False,False,13,False,0.1127840857449635,0.1964143529406601,1.0,31806920.174568176,0.4662349676225717,1.0,3.0,,,,,,0.0515770988050567,-0.0117576388854208,0.2209131725659913,-1.5871828790584463,0.6632478632478632,-1.5871828790584463,0.6100936191404251,-537.0,0.4786324786324786,0.4615384615384615,0.6837606837606838,0.5094017094017094,0.5145299145299145,旺旺保
13.699999809265137,13.800000190734863,13.550000190734863,13.75,14844726.0,0.0715208062209493,13.404961395263673,0.0456274067585704,13.216156148910525,0.0617760774144953,13.214552068710328,0.1044176876024864,12.782276050249736,0.0035110609838726,57.05666499320071,15876012.05,0.9350412404102452,0.0403932766134489,2845.TW,2026-09-07,0.0541966573225793,0.077979448902512,bull,0.2266419981498612,0.2201665124884366,2026-03-31,2026-05-15,,,,,143704000.0,1221472000.0,,,,891493396000.0,820291532000.0,71201864000.0,7041472000.0,,,,,,891493396000.0,,0.0171550565024533,0.0013701413891348,11.520646875199784,,,,,,,8.670319530616531,8.670319530616531,False,71.68120028685924,71.68120028685924,55.92848009779856,1055.0,True,False,True,True,True,True,True,True,False,False,True,True,True,True,False,False,False,11,False,0.0405195672547626,0.0757082655660028,1.0,218295165.6875,0.2386679000925069,0.0,3.0,,,,,,0.0388770323105565,-0.0804836244189668,0.1814585582309169,-0.9752807435158896,0.5611111111111111,-0.9752807435158896,0.4946671838893741,-1055.0,0.0341880341880341,0.0769230769230769,0.5811965811965812,0.1162393162393162,0.1564102564102564,遠東銀
15.100000381469728,16.149999618530273,15.100000381469728,15.699999809265137,709302.0,0.105633804235778,14.81999988555908,0.0680272117670177,14.482499933242796,0.1017543725800096,14.571623436609904,0.1939163699397788,14.074561707178752,0.0041601690818785,74.60318805890265,174088.7,4.074371283144742,0.0840669692134932,2849.TW,2026-09-07,0.0541966573225793,0.077979448902512,bull,0.1665124884366327,0.1498612395929695,2026-03-31,2026-05-15,,,,,36199000.0,,,,,398942212000.0,362433426000.0,36508786000.0,2706824000.0,,,,,,398942212000.0,,,,9.92729328222527,,,,,,,0.0,0.0,False,63.26367512486789,63.26367512486789,47.44775634365092,1080.0,True,False,True,True,True,False,True,False,True,True,False,True,False,True,False,False,False,9,False,0.0774365586349348,0.1154876532501418,1.0,2733192.556795216,0.7918593894542091,0.0,3.0,,,,,,0.08661546498446,-0.0083400087855834,0.2866157473649963,-0.1822541225030304,0.8918803418803418,-0.1822541225030304,0.8031921920635113,-1080.0,0.0085470085470085,0.0085470085470085,0.8803418803418803,0.1393162393162393,0.1829059829059829,安泰銀
46.900001525878906,46.900001525878906,44.45000076293945,44.95000076293945,4273963.0,-0.0270562766094739,46.18000030517578,0.2486111323038737,42.972500038146975,0.2861230266582391,38.52970186869303,0.6060326198438177,34.56782401402791,0.0680377779894263,63.23184990787552,4634511.3,0.9222035988994136,0.0460178189083027,2851.TW,2026-09-07,0.0541966573225793,0.077979448902512,bull,0.0277520814061054,0.0508788159111933,2026-03-31,2026-05-15,,,2142185000.0,2164691000.0,325242000.0,,,,,59204658000.0,35668047000.0,23536611000.0,16387176000.0,,,,0.1502486960032633,1820324497.152249,59204658000.0,0.0307463054199595,,,1.5154283256837613,,,,,,,65.92494981784269,65.92494981784269,False,84.25045217142278,84.25045217142278,79.66907658302776,201.0,True,True,True,True,True,True,True,True,True,True,True,True,True,True,True,False,False,14,False,0.1666324571139019,0.3003422125933748,1.0,208321286.4708515,0.244218316373728,1.0,3.0,,,,,,0.0042086277697693,-0.0296666694697894,0.2213644880003132,-1.5172333658160857,0.5572649572649573,-1.5172333658160857,0.4960346743233284,-201.0,0.7435897435897436,0.8888888888888888,0.5897435897435898,0.7205128205128205,0.7564102564102564,中再保
28.450000762939453,28.450000762939453,27.950000762939453,27.950000762939453,430389.0,-0.0071047551794342,28.220000076293942,0.0390335003456978,28.132500171661377,0.0729802444844267,27.14554967880249,0.1344104330288831,26.01263345082601,0.0133273292529321,55.55556340473298,700741.8,0.6141905620586641,-0.006487137922628,2852.TW,2026-09-07,0.0541966573225793,0.077979448902512,bull,0.2516188714153561,0.1942645698427382,2026-03-31,2026-05-15,,,394962000.0,395700000.0,93803000.0,,,,,19910531000.0,10498172000.0,9412359000.0,2155671000.0,,,,0.2370558503917109,301333947.2175891,19910531000.0,0.0151344003440987,,,1.1153603469650912,,,,,,,53.81873474558473,53.81873474558473,False,66.54544561672972,66.54544561672972,63.36376789894347,315.0,True,False,True,True,False,True,True,True,False,False,True,True,False,True,False,False,False,9,False,0.0296347317941823,0.0744779384131106,1.0,19585733.84462357,0.5309898242368177,0.0,3.0,,,,,,0.0166342506107369,-0.0192893456055477,0.1353572640910989,-1.6950585905353075,0.4670940170940171,-1.6950585905353075,0.4314375741860469,-315.0,0.6324786324786325,0.3162393162393162,0.4615384615384615,0.6068376068376068,0.5034188034188034,第一保
51.20000076293945,52.29999923706055,50.400001525878906,52.0,5696915.0,0.0494450212040971,50.57999954223632,0.1341330802737133,48.00499973297119,0.0732522149255687,47.52513529459635,0.6832061589483172,42.464521423975626,0.0287704286186116,76.41026423527646,3745250.55,1.5211038417710132,0.0832205038902422,2855.TW,2026-09-07,0.0541966573225793,0.077979448902512,bull,0.0841813135985199,0.1924144310823311,2026-03-31,2026-05-15,,,2098581000.0,2515780000.0,218397000.0,2291390000.0,,256323628000.0,220745648000.0,267670154000.0,225790103000.0,41880051000.0,8784022000.0,11858164000.0,4700000000.0,,0.0868108499153344,1916401399.773828,46924506000.0,0.0408400974913583,0.0547131616434755,0.0085604986800284,5.391352149977085,,,,,,,49.23161191360978,49.23161191360978,False,78.9417738205981,78.9417738205981,71.51423334385103,382.0,True,True,True,True,True,True,True,False,True,False,True,True,True,True,False,False,False,12,False,0.0941578530532336,0.2245516552705244,1.0,194753028.6,0.2525439407955596,1.0,3.0,,,,,,0.0067223086131273,-0.0833696571661802,0.237747815653479,-1.5356499549883538,0.5072649572649572,-1.5356499549883538,0.4416867655433899,-382.0,0.5726495726495726,0.6923076923076923,0.4957264957264957,0.561111111111111,0.5931623931623932,統一證
155.0,155.5,148.0,149.5,21454499.0,0.0381944444444444,147.1,0.1634241245136187,136.775,0.2669906032526852,130.04512507120768,0.7213012352530743,111.55607948303222,0.0363705247205911,76.31578947368422,20247149.25,1.059630604540538,0.0930360080424053,2881.TW,2026-09-07,0.0541966573225793,0.077979448902512,bull,0.064754856614246,0.0582793709528214,2026-03-31,2026-05-15,66193246000.0,,,38624861000.0,5062760000.0,33551455000.0,,,,13120104726000.0,12085399702000.0,1034705024000.0,358727505000.0,,,,0.131075164257549,,13120104726000.0,,0.0324261062058977,0.0025572551211051,11.68004351160858,,,0.5068712750542556,-0.3925800152621125,,,12.264204123597382,12.264204123597382,False,79.85029240245701,79.85029240245701,62.95377033274211,1009.0,True,True,True,True,True,True,True,False,True,True,True,True,True,True,False,False,False,13,False,0.1496009551925885,0.3401331482139356,1.0,3026948812.875,0.0564292321924144,2.0,3.0,,,,,,-0.0437299606569466,-0.1926044382196311,0.2731534180469399,-0.9672468127208304,0.4696581196581196,-0.9672468127208304,0.4877623829341922,-1009.0,0.0769230769230769,0.2735042735042735,0.5726495726495726,0.1512820512820512,0.235042735042735,富邦金
117.0,117.0,113.5,114.5,25197198.0,0.0361990950226245,112.4,0.1336633663366335,103.94999961853028,0.1799929598632794,100.75396525065104,0.6200723129366406,88.5881311416626,0.0319666444051137,77.81818736683238,22414701.65,1.1241371129291833,0.1014911055332901,2882.TW,2026-09-07,0.0541966573225793,0.077979448902512,bull,0.0851063829787234,0.0897317298797409,2026-03-31,2026-05-15,72538053000.0,,,38391738000.0,6735806000.0,31593811000.0,,,,14450034484000.0,13633007653000.0,817026831000.0,293505959000.0,,,,0.1754493636104726,,14450034484000.0,,0.0386692453677815,0.0021864176888285,16.686119887046893,,,0.4355480977687669,-0.3173702053156907,,,13.906153918122188,13.906153918122188,False,79.69558333249547,79.69558333249547,63.24822597890216,986.0,True,True,True,True,True,True,True,False,True,True,True,True,True,True,False,False,False,13,False,0.1364316998854806,0.2924981995263152,1.0,2566483338.925,0.0656799259944495,2.0,3.0,,,,,,0.0165925225669224,-0.1393750967972533,0.2853118034708784,-1.0743174620602411,0.5982905982905983,-1.0743174620602411,0.5240932493562227,-986.0,0.094017094017094,0.3076923076923077,0.6068376068376068,0.1709401709401709,0.2606837606837607,國泰金
70.9000015258789,70.9000015258789,69.0999984741211,70.19999694824219,20512420.0,0.0733944237059982,68.37999877929687,0.0704985446694228,65.30711555480957,0.0985914753039847,65.73352349599203,0.5722283213709329,59.41301170984904,0.0044039167219317,73.4848423547091,23430039.75,0.8754752539418974,0.0749211070166806,2885.TW,2026-09-07,0.0541966573225793,0.077979448902512,bull,0.1600370027752081,0.1535615171137835,2026-03-31,2026-05-15,39984934000.0,,,18723853000.0,3129395000.0,14409154000.0,,,,4640879682000.0,4254342700000.0,386536982000.0,77947312000.0,,,,0.167134136334012,,4640879682000.0,,0.0372775560192064,0.0031048324859373,11.00630184979299,,,0.360364581319554,0.2805185364050884,,,38.0190051862678,38.0190051862678,False,62.60327757362256,62.60327757362256,56.457209476783866,560.0,True,False,True,True,True,False,True,False,True,True,True,True,True,True,False,False,False,11,False,0.0679481825209398,0.1815593070937518,1.0,1644788718.9471931,0.0841813135985199,1.0,3.0,,,,,,-0.0619640942101535,-0.1965703390514649,0.1313573897175099,-2.0226153664941213,0.1226495726495726,-2.0226153664941213,0.0783614019803009,-560.0,0.4444444444444444,0.094017094017094,0.0512820512820512,0.3854700854700854,0.2606837606837607,元大金
41.84999847412109,41.84999847412109,40.70000076293945,41.09999847412109,57486245.0,0.0661478414403977,41.10999984741211,0.1448467054936948,37.94250030517578,0.3609270674111302,35.3012020111084,0.6407185519317367,29.968517669041955,0.0393781616144936,73.86361074842594,62691477.95,0.9169706454495862,0.0832179783501136,2887.TW,2026-09-07,0.0541966573225793,0.077979448902512,bull,0.0777058279370952,0.0370027752081406,2026-03-31,2026-05-15,47867456000.0,,,25588754000.0,4532177000.0,21040510000.0,,,,9064708955000.0,8465511408000.0,599197547000.0,97795796000.0,,,,0.1771159705548773,,9064708955000.0,,0.035114479532407,0.0023211456765409,14.12808088147931,,,0.439557723727787,0.933005034802805,,,37.907562917661295,37.907562917661295,False,78.67858731085977,78.67858731085977,68.48583121256016,561.0,True,True,True,True,True,True,True,False,True,True,True,True,True,True,False,False,False,13,False,0.1642662609955307,0.3714391525136447,1.0,2576619648.085396,0.064754856614246,1.0,3.0,,,,,,-0.111195114965586,-0.24926857183816,0.128456220616397,-2.0065668172545634,0.0641025641025641,-2.0065668172545634,0.0498912274631914,-561.0,0.4358974358974359,0.5897435897435898,0.017094017094017,0.3730769230769231,0.3982905982905983,台新新光金
16.649999618530273,16.700000762939453,16.350000381469727,16.450000762939453,15596583.0,0.0745105529129486,16.230000305175782,0.071661260855578,15.582461166381837,0.0966667175292967,15.447487099965413,0.0123077392578125,15.258743556340535,0.0144857162260633,63.36821637525136,14718762.65,1.059639547893654,0.0556741061180552,2889.TW,2026-09-07,0.0541966573225793,0.077979448902512,bull,0.1572617946345976,0.1558741905642923,2026-03-31,2026-05-15,2670617000.0,,,1318966000.0,191865000.0,897373000.0,,,,469578158000.0,414812209000.0,54765949000.0,15724281000.0,,,,0.1454662212672654,,469578158000.0,,0.0163856012063262,0.0019110194644104,7.57427227272187,,,0.3360171076571444,0.5571184687557942,,,31.713016597318976,31.713016597318976,False,78.89044494441609,78.89044494441609,67.0960878576418,654.0,True,True,True,True,True,True,True,True,True,True,True,True,True,True,False,False,False,14,False,0.0648981712356493,0.0780704651205641,1.0,242123656.82202476,0.2275670675300647,0.0,3.0,,,,,,-0.0619775889088418,-0.1386847969021508,0.1133255210895535,-1.375203221125275,0.2512820512820513,-1.375203221125275,0.2173262208618309,-654.0,0.3675213675213675,0.5299145299145299,0.1452991452991453,0.3341880341880341,0.3717948717948718,國票金
43.25,43.25,42.150001525878906,42.59999847412109,19187096.0,0.0364963517199272,42.33999938964843,0.0951155990516015,40.31499938964844,0.2474376741048976,39.47441539764405,0.3438484999635978,35.48304107983907,0.0202454717894589,76.78575807695353,24514158.7,0.7826944515946207,0.0566786337359925,2890.TW,2026-09-07,0.0541966573225793,0.077979448902512,bull,0.1193339500462534,0.0666049953746531,2026-03-31,2026-05-15,26199317000.0,,,13172491000.0,2157069000.0,10973530000.0,,,,3820349236000.0,3552231164000.0,268118072000.0,41779009000.0,,,,0.163755587306911,,3820349236000.0,,0.0409279759403909,0.0028723892299148,13.24875692825361,,,0.4188479417230609,0.4040584778805451,,,40.18365017296791,40.18365017296791,False,74.47807609224544,74.47807609224544,65.90446961242607,507.0,True,False,True,True,True,True,True,False,True,True,True,True,False,True,False,False,False,11,False,0.0791799712545859,0.2005734902560469,1.0,1044303123.214362,0.1128584643848288,1.0,3.0,,,,,,-0.0713237249060818,-0.1978534119978419,0.130716347592894,-1.9909681526066452,0.1106837606837606,-1.9909681526066452,0.0739615519278913,-507.0,0.5042735042735043,0.452991452991453,0.0341880341880341,0.4337606837606837,0.3948717948717948,永豐金
18.25,18.299999237060547,17.899999618530273,17.899999618530273,1487090.0,0.0228571210588728,17.889999771118163,0.0848484617291074,17.276640033721925,0.2013422870339589,16.16638003985087,0.213559296171544,15.092773334185283,0.0226409797837908,57.777989275335486,1619349.3,0.9183256509265788,0.0360810657391497,2905.TW,2026-09-07,0.0541966573225793,0.077979448902512,bull,0.1332099907493062,0.0795559666975023,2026-03-31,2026-05-15,29552820000.0,,,,-68929000.0,32878000.0,0.03,133124099000.0,1468399841000.0,1617410517000.0,62246052000.0,86764624000.0,72610211000.0,2757000000.0,7269508000.0,,,,149010676000.0,,0.0003789332389661,2.032755423217024e-05,0.717412801788895,,,0.0011125165043471,-0.4161502905041906,,,21.27042291580655,21.27042291580655,False,78.44154467205183,78.44154467205183,64.14876423299052,841.0,True,True,True,True,True,True,True,True,True,True,True,True,True,True,False,False,False,14,False,0.1072361019848568,0.1859980417241538,1.0,28986351.852267265,0.4773358001850138,0.0,3.0,,,,,,0.0154698070248399,-0.0265899032512682,0.1585307037540592,-1.6931243664037012,0.4722222222222222,-1.6931243664037012,0.4154544014475097,-841.0,0.1709401709401709,0.3846153846153846,0.4188034188034188,0.2081196581196581,0.2846153846153846,三商
288.0,304.0,288.0,297.0,25692058.0,0.0153846153846153,282.5,0.0780399274047187,272.0,0.3751194845811374,237.64045435587565,0.5341950930833586,216.3684289296468,0.0314751611679939,69.75806451612904,13837275.35,1.8567281021837876,0.0919117647058822,3006.TW,2026-09-07,0.0541966573225793,0.077979448902512,bull,0.1433857539315448,0.0333024976873265,2026-03-31,2026-05-15,7266900000.0,3453448000.0,2254754000.0,2352467000.0,288641000.0,2063883000.0,7.22,17585827000.0,5859607000.0,20073767000.0,7169155000.0,12904612000.0,7031281000.0,1000000000.0,693679000.0,0.0,0.1226971515434647,1978102106.7687664,14214160000.0,0.1391641930841334,0.1599337508171497,0.1028149325435529,0.5555498297817866,0.4752298779396992,0.3102772846743453,0.2840114766957024,1.503294079957009,,,98.64788449850906,98.64788449850906,True,80.65459501813018,80.65459501813018,85.15291738822489,7.0,True,True,True,True,True,True,True,True,True,True,True,True,True,True,True,True,True,15,True,0.249787208179762,0.3726586705335413,1.0,4109670778.95,0.0490286771507863,2.0,0.0,,,,,,0.0657615567352992,-0.0547511223422068,0.2679183130985287,-1.248899126651272,0.7405982905982906,-1.248899126651272,0.6262973695711521,-7.0,0.9829059829059827,0.9658119658119658,0.7264957264957265,0.9444444444444444,0.9264957264957264,晶豪科
7185.0,7185.0,6660.0,6660.0,2461676.0,-0.1294117647058823,7320.0,0.5274618665909936,6039.454077148437,0.6567164179104477,4887.850541178385,1.8354270390504008,3891.9502705891928,0.1360164679745661,64.18219461697723,2502500.3,0.9836865953622465,0.1027486780965072,3008.TW,2026-09-07,0.0541966573225793,0.077979448902512,bull,0.0064754856614246,0.0120259019426456,2026-03-31,2026-05-15,15544079000.0,7679569000.0,5812218000.0,7287959000.0,1112047000.0,6123204000.0,46.63,159095122000.0,39536493000.0,226385533000.0,39762818000.0,186622715000.0,119023098000.0,146000.0,,,0.1525868902390916,4925349729.988327,186849040000.0,0.026360048357692,0.0328106040039123,0.0270476824152893,0.213065263786351,0.4940510788706104,0.3739184547376528,0.3939251724080918,0.0661796222311039,,,76.94531754874203,76.94531754874203,False,89.53170592632534,89.53170592632534,86.38510883192951,100.0,True,True,True,True,True,True,True,True,True,True,True,False,True,True,True,False,False,13,False,0.3625621208938145,0.7112243314948006,1.0,16666651997.999998,0.0101757631822386,3.0,2.0,,,,,,-0.0415816252916808,-0.1450588992991337,0.2440957158471126,-1.0847336029232533,0.4282051282051282,-1.0847336029232533,0.4504054601038044,-100.0,0.8717948717948718,0.9829059829059827,0.5128205128205128,0.8179487179487179,0.8333333333333333,大立光
3595.0,3595.0,3410.0,3420.0,3290919.0,-0.0014598540145985,3402.0,0.2442273274326851,3161.1068725585938,0.4220374220374221,2666.4305216471357,0.795275590551181,2555.465260823568,0.0534243395943156,64.05886233650108,3987477.1,0.8253135798572987,0.0818995174408192,3017.TW,2026-09-07,0.0541966573225793,0.077979448902512,bull,0.0296022201665124,0.0268270120259019,2026-03-31,2026-05-15,49037946000.0,14597401000.0,12019030000.0,11979060000.0,3304089000.0,7915619000.0,20.17,135871669000.0,112699102000.0,175993383000.0,124678400000.0,51314983000.0,67880246000.0,16445795000.0,7190026000.0,,0.2758220594938167,8703916392.282032,63294281000.0,0.1375150527783392,0.1542555124689411,0.0449767989288551,2.4296685433959904,0.2976756204266794,0.2450965217833552,0.161418241294201,1.1016606943545204,,,82.5145908535667,82.5145908535667,False,86.86748195164637,86.86748195164637,85.77925917712645,70.0,True,True,True,True,True,True,True,True,True,True,True,True,True,True,True,False,False,14,False,0.2826135810534309,0.3383081556341769,1.0,13637171682.0,0.0138760407030527,3.0,2.0,,,,,,0.1088083999058927,-0.0138314988102295,0.3311916892235308,-0.4892045158528367,0.914102564102564,-0.4892045158528367,0.8920407852454328,-70.0,0.905982905982906,0.9743589743589745,0.9829059829059827,0.9175213675213674,0.941880341880342,奇鋐
343.0,348.0,338.5,339.5,1464651.0,0.0864,330.9,0.0794912559618441,319.6,0.0812101910828024,314.025314839681,0.3857142857142857,301.2418240865072,0.0193074353535774,70.70063694267516,938155.95,1.5612020581439578,0.0622653316645807,3023.TW,2026-09-07,0.0541966573225793,0.077979448902512,bull,0.1387604070305272,0.1794634597594819,2026-03-31,2026-05-15,8292838000.0,2032426000.0,955920000.0,1115731000.0,253177000.0,865006000.0,3.6,26277086000.0,13869565000.0,32645613000.0,14861895000.0,17783718000.0,6352840000.0,3453676000.0,0.0,,0.2269158067670433,739006641.995248,18776048000.0,0.0393590089882198,0.0486403349400839,0.0264968527317897,0.8357023542546053,0.2450820816709551,0.1152705503230619,0.1043075965067688,0.0164281431445099,,,64.45244261187088,64.45244261187088,False,76.21606275167852,76.21606275167852,73.27515771672661,217.0,True,True,True,True,True,True,True,True,True,True,True,True,True,True,True,False,False,14,False,0.0811230303942998,0.1270015411356235,1.0,318503945.025,0.2053654024051804,2.0,3.0,,,,,,0.014708518454733,-0.0554068093780141,0.2606238577028683,-1.5597413886228768,0.5867521367521368,-1.5597413886228768,0.5409394675184149,-217.0,0.7094017094017094,0.7521367521367521,0.6410256410256411,0.6991452991452991,0.7085470085470085,信邦
14.050000190734863,14.399999618530272,14.050000190734863,14.300000190734863,872099.0,-0.0434782359078989,14.530000114440918,0.0916030362077366,14.114999961853028,0.1532258573109368,13.096049547195436,0.3750000687745929,13.053191423416138,0.0342553596654033,65.454563109355,1454504.6,0.5995849033409726,0.013106640409622,3024.TW,2026-09-07,0.0541966573225793,0.077979448902512,bull,0.123959296947271,0.1082331174838112,2026-03-31,2026-05-15,257621000.0,66335000.0,3797000.0,8577000.0,2582000.0,5995000.0,0.02,2489569000.0,1763960000.0,4904392000.0,1870820000.0,3033572000.0,719789000.0,360000000.0,0.0,,0.3010376588550775,2653960.0093272706,3140432000.0,0.0008450939263538,0.0019762181349247,0.00122237374174,0.6167053229657974,0.2574906548767375,0.0147387053074089,0.0232706184666622,-0.5896336791534654,,,20.275012830277888,20.275012830277888,False,74.71809862267176,74.71809862267176,61.10732717457329,859.0,True,False,True,True,True,True,True,True,True,True,True,True,False,True,False,False,False,12,False,0.0919323525159736,0.0955175425591379,1.0,20799416.05742474,0.5208140610545791,0.0,3.0,,,,,,0.0450235384050693,-0.0016533470444494,0.2748622522802655,-1.4214097364248772,0.7764957264957265,-1.4214097364248772,0.7762549692304976,-859.0,0.1538461538461538,0.2478632478632478,0.8461538461538461,0.2576923076923076,0.3205128205128205,憶聲
133.5,144.0,133.0,134.5,3486050.0,0.1161825726141079,133.9,0.1850220264317181,120.775,0.6833541605933091,125.30817998250326,1.252931294491622,104.26992333730064,0.0559562841530055,61.1842105263158,2882895.8,1.2092181756968117,0.1136410681018422,3055.TW,2026-09-07,0.0541966573225793,0.077979448902512,bull,0.0527289546716003,0.0111008325624421,2026-03-31,2026-05-15,84070000.0,26798000.0,-54195000.0,-15984000.0,508000.0,-17388000.0,-0.15,1123572000.0,157618000.0,1932560000.0,284996000.0,1647564000.0,837950000.0,0.0,5887000.0,,0.0,-54195000.0,1774942000.0,-0.0305333920770368,-0.0105537630101167,-0.0089973920602723,0.1729802302065352,0.3187581777090519,-0.6446413702866659,-0.2068276436303081,0.2642485488285362,,,36.22349624220495,36.22349624220495,False,84.14950598917811,84.14950598917811,72.16800355243481,589.0,True,True,True,True,True,False,True,True,True,True,False,True,True,True,False,False,False,12,False,0.0733537109770503,0.2899213473564062,1.0,387749485.1,0.1868640148011101,2.0,3.0,,,,,,-0.1159184311904524,-0.2364577721974202,0.1164389263029827,-1.895399314404872,0.0743589743589743,-1.895399314404872,0.0691135852669198,-589.0,0.4188034188034188,0.7094017094017094,0.0256410256410256,0.3598290598290598,0.4273504273504273,蔚華科
6000.0,6030.0,5705.0,5935.0,2128228.0,-0.0270491803278688,5887.0,0.3101545253863134,5676.5,0.3550228310502283,4822.166666666667,1.6035103720015025,4361.124448649089,0.0691717285869002,58.26446280991736,2228902.2,0.954832383403812,0.0455386241522064,3443.TW,2026-09-07,0.0541966573225793,0.077979448902512,bull,0.0203515263644773,0.0388529139685476,2026-03-31,2026-05-15,11447812000.0,3113307000.0,1824178000.0,1924721000.0,278481000.0,1646240000.0,12.28,31638843000.0,19973296000.0,35132291000.0,20548418000.0,14583873000.0,7671980000.0,,,,0.144686424681811,1560244207.1967833,15158995000.0,0.1029253065389086,0.1128808513348957,0.0468583161855285,1.4089822367487703,0.2719565101173918,0.1593473058432476,0.1438038989459295,0.6298963899650951,,,83.63888359987813,83.63888359987813,True,84.1735309391107,84.1735309391107,84.03986910430255,63.0,True,True,True,True,True,True,True,True,True,True,True,True,True,True,True,True,False,14,False,0.2307745480938718,0.3608875577578252,1.0,13228534557.000002,0.0148011100832562,3.0,2.0,,,,,,0.0563853866257992,-0.0601351139945859,0.3154084361362935,0.0612656549963512,0.8226495726495726,0.0612656549963512,0.8574475904147763,-63.0,0.9230769230769232,0.9487179487179488,0.9316239316239316,0.9243589743589744,0.9324786324786324,創意
89.69999694824219,89.80000305175781,83.4000015258789,84.5,3252541.0,-0.0642303749251633,88.7,0.1434370535216984,82.72999954223633,0.1311914786094032,77.81333300272624,0.4225588860159495,72.59166660308838,0.0403672064461745,56.68016019256962,4275180.5,0.7607961815881225,0.0213949047208688,3504.TW,2026-09-07,0.0541966573225793,0.077979448902512,bull,0.0786308973172988,0.1230342275670675,2026-03-31,2026-05-15,684957000.0,124843000.0,-9502000.0,7393000.0,1414000.0,5979000.0,0.05,2230493000.0,1016643000.0,4251347000.0,1422483000.0,2828864000.0,1174939000.0,85127000.0,112000000.0,,0.1912620045989449,-7684628.432300826,3234704000.0,-0.002375682112583,0.0021135692631388,0.0014063777903803,0.5028460187552318,0.1822639961340638,-0.0138724036691354,0.0087290151060577,0.0537005671880119,,,23.10660181855068,23.10660181855068,False,76.54830410978744,76.54830410978744,63.187878536978246,807.0,True,True,True,True,True,True,True,True,True,True,True,True,False,True,False,False,False,13,False,0.0859321499188254,0.1640454607830284,1.0,361252752.25,0.1970397779833487,1.0,3.0,,,,,,0.0023140163304981,-0.0774877389878144,0.2714403460643136,-1.8060783402113707,0.4995726495726496,-1.8060783402113707,0.469228210631775,-807.0,0.2136752136752136,0.2905982905982906,0.5555555555555556,0.2649572649572649,0.3051282051282051,揚明光
30.549999237060547,30.64999961853028,29.75,29.75,754362.0,0.0420315514888609,31.139999771118163,0.0530973451327434,28.810000038146978,0.0778985358266064,28.634166526794434,0.4268584870837737,28.94624988238017,0.0401660799157969,58.03108285995518,820642.0,0.9192339656025404,0.0326275585077535,3518.TW,2026-09-07,0.0541966573225793,0.077979448902512,bull,0.2053654024051804,0.1840888066604995,2026-03-31,2026-05-15,62020000.0,-8136000.0,-65733000.0,299263000.0,11897000.0,283367000.0,2.81,1286836000.0,314326000.0,2442515000.0,739644000.0,1702871000.0,660760000.0,144500000.0,19646000.0,291744000.0,0.0397543298035507,-63119828.6390232,2128189000.0,-0.0296589394264434,0.1664054411637757,0.1160144359400044,0.434351163417546,-0.1311834891970332,,,-0.1616426505177215,,,49.17067183075589,49.17067183075589,False,73.65698414803954,73.65698414803954,67.53540606871863,384.0,True,False,True,True,True,True,True,True,False,False,True,True,True,True,False,False,False,11,False,0.0389686031951175,0.0277669860823346,1.0,24414099.5,0.4976873265494912,0.0,3.0,,,,,,0.0413769614849489,-0.0464706646730414,0.0817074820016874,-2.1014388306481773,0.3897435897435897,-2.1014388306481773,0.2739239467385518,-384.0,0.5641025641025641,0.5555555555555556,0.2307692307692307,0.514102564102564,0.4948717948717948,柏騰
401.0,418.5,393.5,403.0,8001754.0,0.0633245382585752,394.2,0.4240282685512366,367.7,0.234303215926493,377.0610107421875,1.9416058394160585,295.65550537109374,0.0654110829409633,59.770114942528735,9328666.8,0.8577596532872199,0.0960021756867011,3532.TW,2026-09-07,0.0541966573225793,0.077979448902512,bull,0.0111008325624421,0.0693802035152636,2026-03-31,2026-05-15,3308768000.0,27622000.0,-105154000.0,-82202000.0,-13987000.0,-68215000.0,-0.18,9109304000.0,3626589000.0,51226148000.0,26972355000.0,24253793000.0,1958029000.0,0.0,20500000000.0,,0.1701540108513174,-87261625.14294055,47599559000.0,-0.0018332444034395,-0.0028125497731426,-0.0013316441439243,1.112088117516299,0.0083481223222661,-0.03178040890144,-0.0206164348784804,0.1086960163893446,,,17.44238091593533,17.44238091593533,False,79.56611228972437,79.56611228972437,64.03517944627711,904.0,True,True,True,True,True,False,True,True,True,True,True,False,True,True,False,False,False,12,False,0.0687925521834134,0.3630728759614072,1.0,3759452720.4,0.0536540240518038,2.0,3.0,,,,,,-0.2110266315892308,-0.3383919411213907,0.0880831282345038,-2.044756187115449,0.0247863247863247,-2.044756187115449,0.0287144659196939,-904.0,0.1282051282051282,0.3675213675213675,0.0085470085470085,0.1102564102564102,0.176068376068376,台勝科
24.0,24.299999237060547,23.200000762939453,23.600000381469727,3595983.0,0.058296017438812,23.30000038146973,0.0875575830289925,21.775000190734865,0.0373626541305374,22.86333344777425,0.1683168064413238,23.161250019073485,0.0213414595688213,75.4098376033447,1020907.4,3.5223400280965738,0.0838117187025968,3591.TW,2026-09-07,0.0541966573225793,0.077979448902512,bull,0.1285846438482886,0.2738205365402405,2026-03-31,2026-05-15,581640000.0,129432000.0,21965000.0,26378000.0,7095000.0,16630000.0,0.12,2403392000.0,678296000.0,4222147000.0,1178716000.0,3043431000.0,1017515000.0,85000000.0,148925000.0,286171000.0,0.2689741451209341,16056982.902418682,3543851000.0,0.0045309418771891,0.0054642277087931,0.0039387543825451,0.3872984141910889,0.2225293996286362,0.037763908947115,0.0285915686679045,0.0154630985905657,,,28.82807983570504,28.82807983570504,False,61.2812571629284,61.2812571629284,53.16796283112256,704.0,True,False,True,True,True,False,True,False,True,False,True,True,False,True,False,False,False,9,False,0.0322204518154891,0.0189432937356544,1.0,24093415.02944527,0.4986123959296947,0.0,3.0,,,,,,0.0078860768187873,-0.0528503006428968,0.1739294884487481,-1.827507684840228,0.4183760683760684,-1.827507684840228,0.4225324488809738,-704.0,0.3076923076923077,0.0512820512820512,0.4273504273504273,0.3256410256410256,0.2547008547008547,艾笛森
121.5,128.0,117.0,120.5,10410668.0,-0.133093525179856,121.1,0.121386180890483,121.0963981628418,0.6439289902200118,97.57318026224772,0.972176808662897,85.10599527359008,0.0404886125217004,49.707602339181285,13319584.85,0.7816060423234588,-0.0049249868029914,3605.TW,2026-09-07,0.0541966573225793,0.077979448902512,bull,0.095282146160962,0.0129509713228492,2026-03-31,2026-05-15,2821542000.0,693877000.0,147463000.0,143021000.0,35356000.0,107659000.0,0.67,7733924000.0,4283420000.0,15202980000.0,7237415000.0,7965565000.0,2596697000.0,794000000.0,2115835000.0,130740000.0,0.2472084519056642,111008900.05663504,10919560000.0,0.010166059809794,0.0135155509998349,0.007081440612301,0.9085877775148404,0.2459212019526911,0.0522632659730034,0.0381560862818983,0.0947751117457165,,,35.95481269053683,35.95481269053683,False,71.8177613320999,71.8177613320999,62.85202417170914,592.0,True,False,True,True,False,True,True,False,True,True,True,True,False,True,False,False,False,10,False,0.2349705080446471,0.4158814500979499,1.0,1605009974.425,0.0851063829787234,2.0,3.0,,,,,,0.0266528988971297,-0.0743540212184037,0.2928907577902187,-1.576413271350301,0.6273504273504273,-1.576413271350301,0.6234611504592272,-592.0,0.4102564102564102,0.2649572649572649,0.7094017094017094,0.4551282051282051,0.4264957264957265,宏致
6000.0,6000.0,5600.0,5655.0,800879.0,-0.0559265442404006,5760.0,0.3675937122128174,5363.75,0.532520325203252,4158.4812947591145,0.5181208053691275,4112.44898071289,0.073555166374781,59.19854280510018,1377635.3,0.581343262618198,0.0542996970403169,3653.TW,2026-09-07,0.0541966573225793,0.077979448902512,bull,0.0157261794634597,0.0175763182238667,2026-03-31,2026-05-15,5305216000.0,2216652000.0,1696566000.0,1775586000.0,371056000.0,1398199000.0,9.53,20477674000.0,8468040000.0,30307238000.0,8909881000.0,21397357000.0,10253854000.0,,,,0.2089766420776014,1342023334.256972,21839198000.0,0.0614502114160498,0.0653444722168256,0.0461341610871963,0.4164010069094047,0.4178250235240186,0.3197920687866432,0.2635517573648274,0.116346562150301,,,88.8947474261209,88.8947474261209,False,86.61216230841504,86.61216230841504,87.1828085878415,39.0,True,True,True,True,True,True,True,True,True,True,True,True,False,True,True,False,False,13,False,0.3598714528611517,0.3750930471165892,1.0,7790527621.5,0.0268270120259019,3.0,2.0,,,,,,-0.0215673735946358,-0.114286298047269,0.2414247037400347,-1.6676792523591122,0.388034188034188,-1.6676792523591122,0.378264909108721,-39.0,0.9487179487179488,1.0,0.376068376068376,0.8628205128205128,0.8495726495726494,健策
55.59999847412109,55.79999923706055,54.59999847412109,54.59999847412109,130392.0,-0.0144404879011441,55.79999923706055,0.0399999709356397,53.825,0.3348468308832957,48.81600125630697,0.0133143391110099,47.28106082280477,0.0283230621830781,64.5569614140845,203584.9,0.640479721236693,0.014398485352923,4119.TW,2026-09-07,0.0541966573225793,0.077979448902512,bull,0.2479185938945421,0.0434782608695652,2026-03-31,2026-05-15,375798000.0,82325000.0,33151000.0,28590000.0,8480000.0,20110000.0,0.17,1104577000.0,1053320000.0,6954821000.0,1544198000.0,5410623000.0,51949000.0,390000000.0,300399000.0,,0.2966072053165442,23318174.53655124,5901501000.0,0.0039512277531684,0.0037167623765322,0.0028915194222827,0.2854011451176694,0.2190671584202151,0.0882149452631466,0.0535127914464685,0.0430373141784996,,,33.11973270077256,33.11973270077256,False,73.7231800918521,73.7231800918521,63.57231824408221,629.0,True,False,True,True,True,True,True,True,False,True,True,True,False,True,False,False,False,11,False,0.1184856823369331,0.1547963925501905,1.0,11115735.229354093,0.6049953746530989,1.0,3.0,,,,,,0.0050249461331948,-0.0353385850813253,0.1565027181131062,-1.872905554158783,0.3905982905982906,-1.872905554158783,0.4090112633922906,-629.0,0.376068376068376,0.3418803418803419,0.4102564102564102,0.3811965811965812,0.3726495726495726,旭富
25.89999961853028,26.100000381469727,25.89999961853028,26.0,8938.0,0.0019267528165916,25.939999771118163,0.0236220626173551,25.410000133514405,0.0441767228241687,25.33260374069214,-0.0909091030346382,25.5825518767039,0.0059382422488977,77.77773068282976,9567.45,0.9342092198025596,0.0232191996609798,4190.TW,2026-09-07,0.0541966573225793,0.077979448902512,bull,0.3126734505087881,0.2617946345975948,2026-03-31,2026-05-15,547291000.0,358277000.0,-2980000.0,-1118000.0,14477000.0,-15595000.0,-0.26,1622513000.0,3364541000.0,6747057000.0,5134925000.0,1612132000.0,755987000.0,400000000.0,918267000.0,0.0,0.0,-2980000.0,3382516000.0,-0.0008810010063514,-0.0096735254929497,-0.0023113781312355,3.185176524006719,0.6546371126146785,-0.0054450009227266,-0.0284948957684303,-0.0893812082993626,,,14.664956846451332,14.664956846451332,False,61.00986392487815,61.00986392487815,49.42363715527144,967.0,True,False,True,True,True,True,True,False,False,False,True,True,True,True,False,False,False,10,False,0.0263453479215722,0.0163176889196983,1.0,248753.7,0.9842738205365402,0.0,3.0,,,,,,-0.0184769736582879,-0.0744775732696311,0.1711222067102346,-0.1623039105133574,0.461965811965812,-0.1623039105133574,0.4087749712707637,-967.0,0.1025641025641025,0.017094017094017,0.4017094017094017,0.1474358974358974,0.1367521367521367,佐登-KY
250.0,258.0,245.0,247.0,6087232.0,0.1408775981524248,237.7,0.0905077262693156,218.975,0.2227722772277227,211.50741424560547,1.0583333333333331,206.7495404561361,0.0249239410250409,71.34502923976608,2971964.1,2.0482185501500507,0.1279826464208242,4576.TW,2026-09-07,0.0541966573225793,0.077979448902512,bull,0.125809435707678,0.0721554116558741,2026-03-31,2026-05-15,855045000.0,333579000.0,142385000.0,156336000.0,25448000.0,115509000.0,0.96,2993873000.0,1467204000.0,7172640000.0,2677573000.0,4495067000.0,739838000.0,80000000.0,1087969000.0,,0.1627776072049943,119207910.39811689,5705436000.0,0.0208937424586161,0.0256968361094506,0.0161041122933815,0.5956692080451749,0.3901303440169815,0.1665233993532504,0.135091135554269,0.454690065244945,,,70.19733381714003,70.19733381714003,False,80.68667705278905,80.68667705278905,78.0643412438768,161.0,True,True,True,True,True,True,True,True,True,True,False,True,True,True,True,False,False,13,False,0.1678077616379916,0.1946822201155194,1.0,734075132.7,0.1369102682701202,2.0,3.0,,,,,,-0.0453398481952253,-0.1138974405009021,0.2202560151738628,-1.7996130712480194,0.3299145299145299,-1.7996130712480194,0.3336428870080969,-161.0,0.8034188034188035,0.8632478632478633,0.2991452991452991,0.7277777777777777,0.7205128205128206,大銀微系統
58.59999847412109,59.09999847412109,58.29999923706055,59.0,158484.0,0.024305582690387,58.04000015258789,0.0592459459938865,57.34499988555908,0.0746812087462043,56.91833337148031,-0.0483870967741935,59.14250008265177,0.0143274085138969,66.66666666666666,65359.1,2.4248191912067334,0.0288604083659207,4737.TW,2026-09-07,0.0541966573225793,0.077979448902512,bull,0.1896392229417206,0.1887141535615171,2026-03-31,2026-05-15,405264000.0,122255000.0,-88509000.0,-100891000.0,-21625000.0,-79924000.0,-1.09,1492041000.0,1758421000.0,5654786000.0,3442043000.0,2212743000.0,387476000.0,517663000.0,1666248000.0,,0.2143402285634992,-69537960.71007325,3896365000.0,-0.0178468805438076,-0.0361198747437004,-0.0141338681958963,1.555554802342613,0.3016675549765091,-0.2183983773540211,-0.1972146551383789,-0.1582270724761705,,,15.873895957923814,15.873895957923814,False,70.70170720690756,70.70170720690756,56.994754394661626,940.0,True,False,True,True,True,True,True,True,True,False,True,True,True,True,False,False,False,12,False,0.0365728668640663,-0.0024094362337173,0.0,3856186.9,0.7437557816836263,1.0,3.0,,,,,,-0.0283516695672848,-0.0712459837924773,0.1452640956279353,-1.8176617688298915,0.2871794871794872,-1.8176617688298915,0.2338061167041435,-940.0,0.1111111111111111,0.1282051282051282,0.1623931623931624,0.1188034188034188,0.1264957264957265,華廣
101.5,102.0,98.8000030517578,102.0,577563.0,0.0365853497794337,101.43999938964843,0.1358574224235884,94.82000007629397,0.1233479798657934,89.1650001525879,0.1383480949784805,91.02108999888102,0.0321105867402985,76.96081254632797,725633.9,0.7959426923135757,0.0757224205645314,4912.TW,2026-09-07,0.0541966573225793,0.077979448902512,bull,0.0832562442183163,0.1332099907493062,2026-03-31,2026-05-15,1740520000.0,347686000.0,96486000.0,119505000.0,29737000.0,88059000.0,1.35,5718665000.0,3540355000.0,8497344000.0,4357124000.0,4140220000.0,1833571000.0,1475118000.0,85900000.0,,0.2488347767875821,72476927.72687335,4956989000.0,0.0146211596852188,0.0212691596098758,0.010363120523307,1.052389486549024,0.1997598418863328,0.0554351573093098,0.0505935007928665,0.1385875004742698,,,39.66467030210741,39.66467030210741,False,75.48226461842881,75.48226461842881,66.52786603934847,517.0,True,True,True,True,True,True,True,False,True,True,True,True,False,True,False,False,False,12,False,0.1439466138669611,0.1206194081091969,1.0,74014657.8,0.3598519888991674,2.0,3.0,,,,,,0.0437098752311557,-0.0044551270621621,0.2464231015856551,-1.633978188057864,0.6820512820512821,-1.633978188057864,0.6702820660367935,-517.0,0.4957264957264957,0.4957264957264957,0.7606837606837606,0.5354700854700855,0.5487179487179488,聯德控股-KY
95.5999984741211,95.5999984741211,91.5999984741211,93.5999984741211,12697270.0,0.0274423714805021,92.4199996948242,0.0458100388169955,90.87500076293944,0.0506163337037963,86.28166669209799,0.2507976826422056,82.81213099161783,0.0109016064804166,57.55813979277308,13948755.5,0.910279773704543,0.02998621940362,4938.TW,2026-09-07,0.0541966573225793,0.077979448902512,bull,0.2247918593894542,0.242368177613321,2026-03-31,2026-05-15,244105400000.0,10801479000.0,2829288000.0,3464858000.0,605203000.0,1561454000.0,0.58,455223337000.0,347425362000.0,623242706000.0,374551574000.0,248691132000.0,112291906000.0,50872952000.0,7687427000.0,2697039000.0,0.174668918610806,2335099324.60147,275817344000.0,0.0084661076447805,0.0062786878946692,0.0025053706765723,1.5060913953296895,0.0442492423354829,0.0115904359346413,0.0063966385012375,-0.1039816497152077,,,13.24211612714073,13.24211612714073,False,70.87160227581066,70.87160227581066,56.46423073864317,994.0,True,False,True,True,True,True,True,True,False,False,True,True,True,True,False,False,False,11,False,0.0848190822291261,0.130269168940903,1.0,1305603493.5158882,0.1017576318223866,1.0,3.0,,,,,,-0.0149478430312206,-0.0598821596369847,0.185300677347962,-1.653300876490061,0.3952991452991453,-1.653300876490061,0.3218162462959613,-994.0,0.0854700854700854,0.1025641025641025,0.282051282051282,0.1149572649572649,0.1299145299145299,和碩
1450.0,1455.0,1420.0,1440.0,326470.0,0.0105263157894737,1448.0,0.0285714285714284,1429.0,0.0472727272727273,1429.7903971354167,0.1950207468879667,1375.2701985677083,0.0090026478375992,61.11111111111111,477065.8,0.6843290799717775,0.0076976906927921,5269.TW,2026-09-07,0.0541966573225793,0.077979448902512,bull,0.2876965772432932,0.2516188714153561,2026-03-31,2026-05-15,3497963000.0,1778068000.0,807599000.0,1936464000.0,82474000.0,1853990000.0,24.85,10669746000.0,3568387000.0,41500017000.0,4404988000.0,37095029000.0,5726443000.0,,,,0.0425899990911269,773203359.324005,37931630000.0,0.020384132169485,0.0499794729908419,0.0446744395309524,0.1187487412396954,0.508315268057438,0.2308769418087041,0.5300199001533178,0.3940900795771613,,,87.63352452318074,87.63352452318074,False,60.59664833159319,60.59664833159319,67.35586737949006,47.0,True,False,True,True,True,False,True,True,False,False,True,True,False,True,True,False,False,9,False,0.0071406290635593,0.0470669701849899,1.0,686974752.0,0.1415356151711378,3.0,2.0,,,,,,0.041045625935799,-0.0519728729490642,0.3090115880365971,-0.1631678538667266,0.7940170940170941,-0.1631678538667266,0.7290125858470675,-47.0,0.9401709401709402,0.5384615384615384,0.811965811965812,0.9209401709401708,0.794017094017094,祥碩
548.0,549.0,539.0,541.0,438056.0,0.0504854368932039,536.2,0.0525291828793774,528.8,0.1609442060085837,521.1902709960938,0.6418816388467374,463.2034688313802,0.0132209235485724,45.58823529411765,748023.6,0.5856178869222843,0.0230711043872919,5434.TW,2026-09-07,0.0541966573225793,0.077979448902512,bull,0.2099907493061979,0.1036077705827937,2026-03-31,2026-05-15,18536692000.0,2517460000.0,1430469000.0,1720554000.0,385901000.0,1322921000.0,6.86,26594173000.0,20377745000.0,43809103000.0,24343457000.0,19465646000.0,6619207000.0,553886000.0,2499050000.0,0.0,0.2242888046524549,1109630817.8976076,23431358000.0,0.0473566584530699,0.0679618338893042,0.0301973998417634,1.25058562145844,0.1358095608428947,0.07716959422965,0.0713676960268854,0.1762262681445767,,,65.82773904429318,65.82773904429318,False,68.03267528851856,68.03267528851856,67.48144122746221,203.0,True,False,True,True,True,True,True,False,False,True,True,True,False,True,True,False,False,10,False,0.0380086316002139,0.167953256837418,1.0,404680767.6,0.1822386679000925,3.0,3.0,,,,,,0.0452732181426277,-0.0107463156441931,0.2456317758536183,0.1864225565259134,0.7910256410256411,0.1864225565259134,0.8018273862005545,-203.0,0.7350427350427351,0.5470085470085471,0.8717948717948718,0.7555555555555555,0.705982905982906,崇越
61.70000076293945,62.09999847412109,60.400001525878906,61.0,2701634.0,-0.0032679862818002,60.88000030517578,0.0758377280282354,58.810000038146974,0.1254612387701332,58.562589645385735,0.4369846620416422,52.18171141942342,0.0246537147830315,69.67213909269567,3175317.5,0.8508232641302799,0.0372385641971175,5471.TW,2026-09-07,0.0541966573225793,0.077979448902512,bull,0.1470860314523589,0.1322849213691027,2026-03-31,2026-05-15,762695000.0,324634000.0,69170000.0,100354000.0,20035000.0,80319000.0,0.48,2907264000.0,471709000.0,4129482000.0,577986000.0,3551496000.0,1448788000.0,,,,0.1996432628495127,55360675.5086992,3657773000.0,0.0151350768647204,0.0226155400428439,0.019450139266862,0.1627443758911737,0.4256406558322789,0.0906915608467342,0.1053094618425451,0.2391711942393677,,,64.00671286733612,64.00671286733612,False,70.74779960229961,70.74779960229961,69.06252791855874,224.0,True,False,True,True,True,True,True,True,True,True,True,True,True,True,True,False,False,13,False,0.0416206040302098,0.1689919387598732,1.0,193694367.5,0.2553191489361702,1.0,3.0,,,,,,0.0176281260261515,-0.0546574216365936,0.2167486007833593,-1.8375357199985407,0.4982905982905983,-1.8375357199985407,0.4623199452876873,-224.0,0.7008547008547008,0.6068376068376068,0.5299145299145299,0.6752136752136753,0.6384615384615384,松翰
56.79999923706055,57.0,55.0,55.20000076293945,994691.0,0.0697674882805252,55.3,0.1185410834791835,53.61499996185303,0.0514285859607515,51.1066307703654,0.1276813054665351,49.87498200734456,0.0320997183567822,56.96202806699864,1443458.45,0.6891026201689422,0.0295626373629422,5607.TW,2026-09-07,0.0541966573225793,0.077979448902512,bull,0.0962072155411655,0.2405180388529139,2026-03-31,2026-05-15,1214027000.0,623213000.0,537027000.0,447750000.0,84390000.0,363360000.0,0.98,1402675000.0,2902177000.0,27156231000.0,15739732000.0,11416499000.0,684986000.0,1050000000.0,8303128000.0,,0.1884757118927973,435810453.86934674,24254054000.0,0.017968561209163,0.031827620709291,0.0133803545860248,1.378682904452582,0.5133436076792361,0.4423517763608223,0.2993014158663687,0.3566927382792288,,,69.90798459707267,69.90798459707267,False,74.07775019490809,74.07775019490809,73.03530879544923,165.0,True,False,True,True,True,True,True,True,True,False,True,True,False,True,True,False,False,11,False,0.0800946947758416,0.1067673318621094,1.0,79678907.5412714,0.3506012950971323,1.0,3.0,,,,,,0.0781811256894619,0.0114471145171377,0.3796738282422156,-0.8861888180526339,0.9166666666666669,-0.8861888180526339,0.8830533414116623,-165.0,0.7948717948717948,0.7350427350427351,0.9743589743589745,0.8217948717948718,0.8128205128205128,遠雄港
46.5,46.95000076293945,46.04999923706055,46.95000076293945,9670841.0,0.0944055732636148,45.80999984741211,0.0830450384206469,43.795000076293945,0.1047059003044577,43.39929491678874,0.1916243386970815,41.59881401062012,0.0121331131505719,76.22377062737084,7898413.65,1.2244029533702632,0.0720402027891147,5876.TW,2026-09-07,0.0541966573225793,0.077979448902512,bull,0.1341350601295097,0.1443108233117483,2026-03-31,2026-05-15,,,,,1276742000.0,5109024000.0,,,,2488960189000.0,2207968500000.0,280991689000.0,30954201000.0,,,,,,2488960189000.0,,0.0181821178348089,0.0020526740534378,7.857771551385635,,,,,,,9.85663137943466,9.85663137943466,False,75.24155245716608,75.24155245716608,58.89532218773323,1043.0,True,True,True,True,True,True,True,False,True,True,True,True,True,True,False,False,False,13,False,0.0818148279357677,0.1286379643167996,1.0,370830526.8935114,0.1924144310823311,1.0,3.0,,,,,,0.0101204545770417,-0.1473736322029925,0.1945295872880034,-1.289306145099136,0.438034188034188,-1.289306145099136,0.3771061803245711,-1043.0,0.0512820512820512,0.1794871794871795,0.3675213675213675,0.0987179487179487,0.152991452991453,上海商銀
51.5,52.900001525878906,51.29999923706055,51.900001525878906,2287535.0,-0.1188454977700537,53.78000030517578,0.4956772445178019,46.9975004196167,0.6193448599482367,40.14583339691162,1.144628094613947,35.45500001907349,0.1148736773037357,69.18919193852054,4270712.0,0.535633168427185,0.1043140818658499,6141.TW,2026-09-07,0.0541966573225793,0.077979448902512,bull,0.0083256244218316,0.0148011100832562,2026-03-31,2026-05-15,492434000.0,34293000.0,-63612000.0,-77804000.0,15064000.0,-65599000.0,-0.58,1350221000.0,3615846000.0,5252579000.0,4716598000.0,535981000.0,92109000.0,1308939000.0,1003547000.0,,0.0,-63612000.0,1636733000.0,-0.0388652272545369,-0.1223905325002192,-0.0124889125894156,8.799935072325326,0.0696397892915598,-0.129178732581422,-0.1332137910867243,0.0266912966607733,,,4.52468916645619,4.52468916645619,False,83.97394151683943,83.97394151683943,64.11162842924362,1072.0,True,True,True,True,True,True,True,True,True,True,True,False,False,True,False,False,False,12,False,0.292786751062229,0.4638274290779469,1.0,221649959.31658936,0.2340425531914893,1.0,3.0,,,,,,-0.0779671925759877,-0.2115096723571635,0.1934838254114125,-0.5543574219640134,0.3243589743589744,-0.5543574219640134,0.3985353957055302,-1072.0,0.017094017094017,0.376068376068376,0.3931623931623931,0.0735042735042735,0.1999999999999999,柏承
28.89999961853028,30.25,28.39999961853028,29.39999961853028,9393883.0,0.0333918745207326,28.32999992370605,0.1736527151279936,26.75500011444092,0.1307692160973184,26.94416666030884,0.2866520406000645,26.64083333015442,0.0348095106296361,77.54011502438448,4321632.9,2.1736883297051905,0.0988600072052225,6168.TW,2026-09-07,0.0541966573225793,0.077979448902512,bull,0.0592044403330249,0.1248843663274745,2026-03-31,2026-05-15,502953000.0,119301000.0,-11310000.0,9301000.0,2206000.0,4900000.0,0.02,2152808000.0,496712000.0,3778323000.0,554367000.0,3223956000.0,336677000.0,16668000.0,,,0.2371787979787119,-8627507.794860767,3281611000.0,-0.0026290464637218,0.0015198718592933,0.001296871654435,0.1719524087797724,0.2372010903603318,-0.0224871906520092,0.0097424610251852,0.0779543101840838,,,27.13023348806351,27.13023348806351,False,68.55935548471435,68.55935548471435,58.20207498555164,736.0,True,False,True,True,True,False,True,False,True,True,True,True,True,True,False,False,False,11,False,0.0911452556385459,0.1035690683614163,1.0,127056005.6114279,0.2978723404255319,0.0,3.0,,,,,,-0.0062530430551917,-0.0762773157569026,0.2021545658899778,-1.8984248010844915,0.3602564102564102,-1.8984248010844915,0.3337589643084637,-736.0,0.2735042735042735,0.1623931623931624,0.3076923076923077,0.2786324786324786,0.247008547008547,宏齊
535.0,535.0,505.0,513.0,12231708.0,-0.063868613138686,525.6,0.1999999999999999,512.875,1.0487499353290324,391.59081115722654,2.359151598595989,313.6264197031657,0.0829286317567567,54.370629370629366,14917791.7,0.8199409299970317,0.0002437241043138,6213.TW,2026-09-07,0.0541966573225793,0.077979448902512,bull,0.0453283996299722,0.0064754856614246,2026-03-31,2026-05-15,9143071000.0,1044251000.0,424199000.0,483404000.0,168881000.0,314523000.0,0.87,27657471000.0,15422932000.0,39926715000.0,18831086000.0,21095629000.0,3563235000.0,3355253000.0,1984813000.0,,0.3493578869847994,276001733.69893503,24503783000.0,0.0112636376880637,0.0149093918934581,0.0078775075785723,0.8926534496790781,0.11421228162835,0.0463956804010381,0.0344001484840268,0.206199391931416,,,35.19697595463791,35.19697595463791,False,76.132603845624,76.132603845624,65.89869687287748,601.0,True,True,True,True,True,True,True,True,True,True,True,True,True,True,False,False,False,14,False,0.3100409544442215,0.6357040343907667,1.0,7652827142.099999,0.0277520814061054,3.0,3.0,,,,,,-0.1955838469446635,-0.2790214094806973,0.1329408162645228,-1.5824024532450465,0.1226495726495726,-1.5824024532450465,0.1176950214741593,-601.0,0.4017094017094017,0.4444444444444444,0.0854700854700854,0.3542735042735043,0.3512820512820513,聯茂
85.5999984741211,92.8000030517578,82.5,88.80000305175781,5436028.0,0.1326530781054384,83.10000152587891,0.5857143402099609,73.6350004196167,0.1638269921368242,69.36833343505859,1.1897791377674354,67.06352128982545,0.1019904270509054,74.8414360293859,1949981.45,2.787733185872101,0.2059482928732501,6224.TW,2026-09-07,0.0541966573225793,0.077979448902512,bull,0.0046253469010175,0.1017576318223866,2026-03-31,2026-05-15,713234000.0,230515000.0,42553000.0,67484000.0,17642000.0,53918000.0,0.64,2519578000.0,1589974000.0,4008179000.0,1826099000.0,2182080000.0,635781000.0,633794000.0,35000000.0,,0.2614249303538616,31428584.938652128,2418205000.0,0.0129966586532788,0.0247094515324827,0.0134519940351965,0.836861618272474,0.3231968750788661,0.0596620463971151,0.0755965082988191,-0.005489625207935,,,42.538182454550814,42.538182454550814,False,82.3172987974098,82.3172987974098,72.37251971169505,471.0,True,True,True,True,True,True,True,False,True,True,False,False,True,False,False,False,False,10,False,0.2801230569405391,0.3241178116489704,1.0,173158358.71087113,0.2664199814986124,1.0,3.0,,,,,,0.0390541047813667,-0.0540445528520417,0.2655507431154421,-1.7251462691960908,0.6183760683760683,-1.7251462691960908,0.6167075416576647,-471.0,0.5384615384615384,0.7264957264957265,0.7008547008547008,0.5628205128205128,0.6273504273504273,聚鼎
285.0,296.0,285.0,296.0,3488692.0,0.1362037155264208,271.5,0.360919540229885,249.0318962097168,0.5297157622739017,204.95229873657223,0.7259475218658893,212.12198270161943,0.0882744072595865,67.46812204278909,2293938.3,1.5208307913076826,0.1886027633614051,6426.TW,2026-09-07,0.0541966573225793,0.077979448902512,bull,0.0166512488436632,0.0185013876040703,2026-03-31,2026-05-15,154269000.0,60877000.0,19307000.0,27476000.0,-977000.0,28453000.0,0.74,831225000.0,83262000.0,1018747000.0,85873000.0,932874000.0,275168000.0,7500000.0,,,0.0,19307000.0,935485000.0,0.020638492332854,0.0305003676809515,0.0279294073994819,0.0920520884921222,0.3946158982037869,0.1251515210444094,0.1844375733297033,0.5607004835805192,,,75.05902824356723,75.05902824356723,False,91.19138216905338,91.19138216905338,87.15829368768185,120.0,True,True,True,True,True,True,True,True,True,True,False,True,True,False,True,False,False,12,False,0.444238497565975,0.3954235022230921,1.0,679005736.8,0.1433857539315448,2.0,3.0,,,,,,0.001000069350258,-0.1126477481308982,0.2548617024704215,-1.5720419886543513,0.4670940170940171,-1.5720419886543513,0.4372376551296607,-120.0,0.8547008547008547,0.9914529914529916,0.4871794871794871,0.7995726495726495,0.8222222222222222,統新
158.0,158.0,154.0,155.5,390790.0,0.0471380471380471,156.3,0.0578231292517006,148.525,0.0542852768225512,149.1243288675944,-0.0055795130126022,158.4376651763916,0.0176430284343954,68.65671641791045,431111.35,0.90647114718738,0.0469617909442854,6438.TW,2026-09-07,0.0541966573225793,0.077979448902512,bull,0.1942645698427382,0.2358926919518963,2026-03-31,2026-05-15,1744783000.0,460838000.0,193997000.0,184067000.0,41884000.0,144835000.0,1.76,6414724000.0,3600710000.0,10415508000.0,4638877000.0,5776631000.0,1850590000.0,412580000.0,851792000.0,,0.2275475777841764,149853452.55260313,6814798000.0,0.0219894195767215,0.0250725725773378,0.0139057067595742,0.8030419460754893,0.2641233895561797,0.1111868925820574,0.0830103227736629,0.1220382865212614,,,52.44239867927419,52.44239867927419,False,58.68076549804374,58.68076549804374,57.12117379335135,333.0,True,False,True,True,True,False,True,True,True,False,True,True,True,True,False,False,False,11,False,0.0427540642148771,-0.0185414571283982,0.0,67037814.925,0.3718778908418131,2.0,3.0,,,,,,0.0040728282290113,-0.0711036734812169,0.1672839401142202,-1.9958447228154403,0.344017094017094,-1.9958447228154403,0.3632642642975304,-333.0,0.6153846153846154,0.1367521367521367,0.3333333333333333,0.5730769230769232,0.4153846153846154,迅得
79.5,83.0999984741211,78.80000305175781,79.69999694824219,21174120.0,0.0843536999760841,77.93999786376953,0.1550724195397419,73.13499946594239,0.5437757566877335,68.09144407908121,0.4375900692370276,60.23794422149658,0.0330531786313327,62.300319410942265,21551797.1,0.9824758418869858,0.0897654683836703,6505.TW,2026-09-07,0.0541966573225793,0.077979448902512,bull,0.0693802035152636,0.0166512488436632,2026-03-31,2026-05-15,161989437000.0,27190906000.0,24513957000.0,25616191000.0,5209581000.0,20407731000.0,2.14,296450387000.0,65693610000.0,463713281000.0,83114597000.0,380598684000.0,63985692000.0,123643000.0,1500200000.0,8100000000.0,0.2033706338307674,19528538027.20982,398019671000.0,0.0490642534780895,0.0536200776774099,0.0440093735421824,0.2183785716925915,0.1678560436011639,0.1513305895371437,0.1259818626321912,-0.0650893152444253,,,66.8716639923295,66.8716639923295,False,88.5379690265983,88.5379690265983,83.1213927680311,193.0,True,True,True,True,True,True,True,True,True,True,True,True,True,True,True,False,False,14,False,0.170484750707869,0.3230862702615331,1.0,1717678163.099135,0.0786308973172988,1.0,3.0,,,,,,0.0257444224173766,-0.0393407708764373,0.1878502462949092,-1.4791132054682137,0.5611111111111111,-1.4791132054682137,0.5301681724421967,-193.0,0.7606837606837606,0.9230769230769232,0.6153846153846154,0.7388888888888888,0.7803418803418803,台塑化
939.0,968.0,936.0,960.0,2881287.0,0.035598705501618,939.6,0.0400866738894907,895.9,0.0371110826846157,896.7335561116537,0.6665301611355086,847.3787506103515,0.0148966298499008,63.36088154269972,3217329.2,0.8955524352310605,0.0715481638575734,6531.TW,2026-09-07,0.0541966573225793,0.077979448902512,bull,0.2469935245143385,0.274745605920444,2026-03-31,2026-05-15,2099951000.0,969865000.0,588249000.0,825691000.0,165725000.0,676217000.0,4.15,13696423000.0,3453169000.0,15567366000.0,3557927000.0,12009439000.0,8765915000.0,50000000.0,,,0.2007106774810431,470181144.6824538,12114197000.0,0.0388124070198341,0.0563071264194772,0.0434381127802866,0.2962608827939423,0.4618512527197063,0.280125107681084,0.3220156089356371,1.1538842619184375,,,95.34498936770456,95.34498936770456,False,64.06069939057906,64.06069939057906,71.88177188486043,16.0,True,False,True,True,True,False,True,True,False,False,True,True,True,True,True,False,False,10,False,0.0705521093274097,0.1329054443582984,1.0,3088636032.0,0.0555041628122109,3.0,1.0,,,,,,-0.0748818791378849,-0.1712822354472866,0.1443814033752129,-1.254525100894702,0.244017094017094,-1.254525100894702,0.2027687265060326,-16.0,0.9743589743589745,0.7008547008547008,0.1282051282051282,0.8474358974358974,0.7230769230769231,愛普*
255.5,262.0,255.0,257.0,1506767.0,-0.0153256704980843,262.2,0.028,255.3,0.2786069651741294,226.3,0.381720430107527,220.56666666666663,0.0236567762630313,60.909090909090914,1546502.7,0.9743060907685452,0.0066588327457892,6533.TW,2026-09-07,0.0541966573225793,0.077979448902512,bull,0.2904717853839038,0.0536540240518038,2026-03-31,2026-05-15,326356000.0,325982000.0,-202956000.0,-191919000.0,-25688000.0,-166231000.0,-3.28,1735463000.0,291379000.0,6111740000.0,1760341000.0,4351399000.0,1046856000.0,,,1419903000.0,0.1338481338481338,-175790718.14671814,5820361000.0,-0.0302027173480679,-0.0382017369586195,-0.0271986373765899,0.4045459862448835,0.9988540121830148,-0.621885303165868,-0.5093548149873145,0.2031025355560307,,,38.84336576062605,38.84336576062605,False,75.39838846499345,75.39838846499345,66.2596327889016,540.0,True,True,True,True,True,True,True,True,False,True,True,True,True,True,False,False,False,13,False,0.1356606274856384,0.1651805954359981,1.0,397451193.9,0.1840888066604995,2.0,3.0,,,,,,-0.1039500436495355,-0.1488700446619512,0.10708658397215,-2.1084461345448213,0.0803418803418803,-2.1084461345448213,0.0766538673263778,-540.0,0.4700854700854701,0.4786324786324786,0.0427350427350427,0.4059829059829059,0.3871794871794872,晶心科
42.75,42.75,40.45000076293945,40.900001525878906,1381583.0,-0.0704545107754793,42.58999938964843,0.1602837312306073,38.992499923706056,0.0749015071212528,38.1525000890096,0.1685714721679687,37.31041666666666,0.0498788304660006,65.97633443289902,2071702.75,0.666882833456682,0.0489197052229306,6668.TW,2026-09-07,0.0541966573225793,0.077979448902512,bull,0.0666049953746531,0.1877890841813136,2026-03-31,2026-05-15,266191000.0,30013000.0,-64011000.0,-65550000.0,476000.0,-66026000.0,-0.62,1253334000.0,833718000.0,3689403000.0,1550388000.0,2139015000.0,347154000.0,202579000.0,608736000.0,,0.0,-64011000.0,2855685000.0,-0.022415287400396,-0.0308674787226831,-0.0178961203208215,0.7248139914867358,0.1127498675762892,-0.240470188699092,-0.2480399412451961,0.2035801162927393,,,23.40057097773575,23.40057097773575,False,76.85450465513955,76.85450465513955,63.4910212357886,802.0,True,True,True,True,True,True,True,True,True,False,True,True,False,True,False,False,False,12,False,0.0720136670063402,0.0962086510928514,1.0,84732645.63616753,0.3432007400555041,1.0,3.0,,,,,,-0.0232758760864891,-0.1066411182993735,0.2191499304710043,-1.91079721323534,0.3277777777777777,-1.91079721323534,0.3135794558078104,-802.0,0.2222222222222222,0.3333333333333333,0.2649572649572649,0.2286324786324786,0.264102564102564,中揚光
293.0,309.5,287.0,299.5,14501875.0,0.0890909090909091,280.4,0.1908548707753479,276.175,0.3552036199095023,260.01666666666665,1.9862859741475507,220.6688710530599,0.0472082661863683,54.21245421245422,5033925.75,2.880828148885589,0.0844573187290667,6672.TW,2026-09-07,0.0541966573225793,0.077979448902512,bull,0.0499537465309898,0.0379278445883441,2026-03-31,2026-05-15,1245827000.0,423777000.0,145352000.0,148482000.0,24894000.0,123588000.0,1.73,4606299000.0,1439948000.0,6456499000.0,2742865000.0,3713634000.0,1563255000.0,30000000.0,69263000.0,896840000.0,0.1676566856588677,120982765.42611226,5016551000.0,0.0241167219123481,0.0332795315855035,0.0191416431722517,0.7385932485538425,0.3401571807321562,0.1166710947828229,0.0992015745364324,0.2185628742514969,,,64.4879602565514,64.4879602565514,False,82.04958384173307,82.04958384173307,77.65917794543765,216.0,True,True,True,True,True,True,True,True,True,True,True,True,True,True,True,False,False,14,False,0.1518492404333056,0.3572371969401391,1.0,1507660762.125,0.0906567992599444,2.0,3.0,,,,,,-0.0044728498466634,-0.1429442158675013,0.3153991348999285,-1.5078283542807889,0.5068376068376068,-1.5078283542807889,0.4651676463007975,-216.0,0.717948717948718,0.8461538461538461,0.5384615384615384,0.691025641025641,0.7205128205128206,騰輝電子-KY
324.0,327.0,306.0,327.0,22292423.0,0.0,310.0,0.4469026548672565,289.4,1.2194667444108829,213.5674072265625,1.823917287550524,173.43244393666586,0.0844028103044495,61.43187066974596,38663200.1,0.576579872911244,0.1299239806496199,8039.TW,2026-09-07,0.0541966573225793,0.077979448902512,bull,0.0101757631822386,0.0027752081406105,2026-03-31,2026-05-15,2415476000.0,532169000.0,146484000.0,219817000.0,44902000.0,171370000.0,0.65,10090538000.0,4116000000.0,15838059000.0,5212295000.0,10625764000.0,3401205000.0,544660000.0,425464000.0,0.0,0.2042699154296528,116561725.70820272,11722059000.0,0.0099437927848855,0.0161277814941118,0.0108201390081953,0.4905336689201831,0.2203164096848819,0.060643947611154,0.0709466788326607,0.0846351629146733,,,39.59205928302138,39.59205928302138,False,94.14549060129984,94.14549060129984,80.50713277173024,518.0,True,True,True,True,True,True,True,True,True,True,True,False,False,True,False,False,False,12,False,0.531132508684262,0.8854603704910831,1.0,12642866432.7,0.0157261794634597,2.0,3.0,,,,,,-0.0658786044820996,-0.1999307480646784,0.1945507478727689,-1.996868643696181,0.1854700854700854,-1.996868643696181,0.2569937496394187,-518.0,0.4871794871794871,0.905982905982906,0.188034188034188,0.4423076923076923,0.5529914529914529,台虹
10.600000381469728,11.399999618530272,10.399999618530272,10.75,364476.0,0.0836693465042934,10.157999992370604,0.0749999999999999,9.993499946594238,0.0591133402975052,10.109666665395102,0.0836693465042934,10.050333340962728,0.003162016252661,73.48070519305347,145173.8,2.510618307160108,0.0756992102315041,8488.TW,2026-09-07,0.0541966573225793,0.077979448902512,bull,0.1498612395929695,0.2229417206290471,2026-03-31,2026-05-15,1012821000.0,38539000.0,-19360000.0,-10332000.0,3634000.0,-13966000.0,-0.19,2803515000.0,3006398000.0,5442574000.0,3030168000.0,2412406000.0,443856000.0,57467000.0,0.0,0.0,0.0,-19360000.0,2436176000.0,-0.0079468806851393,-0.0057892411144724,-0.0025660652478037,1.256077127979287,0.038051146253879,-0.0191149275143386,-0.0137892085570895,0.555773508159654,,,23.51281942868102,23.51281942868102,False,61.23888731577675,61.23888731577675,51.80737034400281,799.0,True,False,True,True,True,False,True,False,True,False,True,True,True,True,False,False,False,10,False,0.0633387188518024,0.0696162639885384,1.0,1560618.35,0.8519888991674376,0.0,3.0,,,,,,0.0694419402688631,0.0406115363491863,0.2525520456471999,-0.9374281123878314,0.8568376068376069,-0.9374281123878314,0.8640854700854701,-799.0,0.2307692307692307,0.0341880341880341,0.9487179487179488,0.3384615384615385,0.3153846153846154,吉源-KY
1390.0,1410.0,1205.0,1240.0,8746084.0,0.0553191489361701,1233.0,0.1534883720930233,1201.0,0.0829694323144105,1207.7833333333333,0.3580836491652892,1137.410605875651,0.0364617044228694,53.93939393939394,3754980.05,2.3291958635039887,0.0324729392173188,8996.TW,2026-09-07,0.0541966573225793,0.077979448902512,bull,0.0703052728954671,0.1766882516188714,2026-03-31,2026-05-15,3422971000.0,993397000.0,708890000.0,760217000.0,154549000.0,605668000.0,6.54,6117858000.0,3808253000.0,8901358000.0,4255580000.0,4645778000.0,1874428000.0,690000000.0,245167000.0,0.0,0.2032959010387823,564775568.7126175,5093105000.0,0.1108902268287454,0.1303695527422963,0.0680422020999492,0.91601019248014,0.2902148455245458,0.2070978690733868,0.1769421943685763,2.3761538742261066,,,90.21884377245992,90.21884377245992,True,63.334595945656254,63.334595945656254,70.05565790235717,30.0,True,False,True,True,True,False,True,True,True,True,True,True,True,True,True,True,False,12,False,0.0266742103302193,0.0901955666620226,1.0,4656175262.0,0.0444033302497687,3.0,1.0,,,,,,0.0106655527164651,-0.0946399615828816,0.2019746258343941,-1.0633402414843136,0.5115384615384615,-1.0633402414843136,0.5157059749628934,-30.0,0.9572649572649572,0.6581196581196581,0.5982905982905983,0.9034188034188034,0.7957264957264958,高力
228.5,230.0,224.5,229.0,312812.0,-0.1001964636542239,236.4,0.0700934579439251,222.225,0.1773778920308484,203.62083079020184,0.0930787589498807,203.6979153951009,0.036134747639585,66.13756613756614,624161.85,0.5011712907477444,0.0304871189110136,6782.TW,2026-09-07,0.0541966573225793,0.077979448902512,bull,0.1609620721554116,0.0943570767807585,2026-03-31,2026-05-15,1228595000.0,562960000.0,345415000.0,320529000.0,79940000.0,240471000.0,3.82,2257209000.0,1785112000.0,6287420000.0,2055065000.0,4232355000.0,548061000.0,34008000.0,243227000.0,,0.2494002102773852,259268426.36703697,4502308000.0,0.0575856708086245,0.0568173038414783,0.0382463713255993,0.4855606394076111,0.4582144644899255,0.2811463500990969,0.1957284540471026,0.2971931691721623,,,94.77818654579036,94.77818654579036,False,74.64439733888523,74.64439733888523,79.67784464061151,18.0,True,False,True,True,True,True,True,True,True,True,True,True,False,True,True,False,False,12,False,0.1246393559603302,0.1242137630904181,1.0,142933063.65,0.2876965772432932,2.0,1.0,,,,,,-0.0148005961526238,-0.0849006305055131,0.1652689843720477,-1.9842568876150315,0.2743589743589743,-1.9842568876150315,0.2608341247667552,-18.0,0.9658119658119658,0.8974358974358975,0.2051282051282051,0.8517094017094017,0.7931623931623931,視陽
232.0,246.5,231.5,239.0,1366862.0,0.1247058823529412,224.0,0.0814479638009049,216.625,0.1194379391100701,216.6833333333333,0.0094963437500743,223.38800977071125,0.0100244783774332,70.49180327868852,448728.4,3.0460786524766426,0.1032890940565494,4770.TW,2026-09-07,0.0541966573225793,0.077979448902512,bull,0.1369102682701202,0.1359851988899167,2026-03-31,2026-05-15,1058605000.0,369927000.0,210485000.0,236117000.0,34491000.0,201626000.0,2.52,8447386000.0,2125986000.0,10526887000.0,2447197000.0,8079690000.0,2937319000.0,150000000.0,208913000.0,,0.1460758861073112,179738217.11270258,8400901000.0,0.0213951119186742,0.024954670290568,0.0191534306390863,0.3028825363349336,0.3494476221064514,0.1988324256923026,0.1904638651810637,0.0960345809390692,,,66.86426683810382,66.86426683810382,False,66.10048648436093,66.10048648436093,66.29143157279665,194.0,True,False,True,True,True,False,True,True,True,True,False,True,False,True,True,False,False,10,False,0.1029920775324975,0.0698873240569766,1.0,107246087.6,0.3145235892691952,2.0,3.0,,,,,,0.0061508498416425,-0.1086337717113151,0.211135455771164,-1.8500948514071784,0.388034188034188,-1.8500948514071784,0.43218407969303,-194.0,0.7521367521367521,0.4871794871794871,0.4700854700854701,0.7098290598290597,0.6162393162393162,上品
70.0,73.5,69.30000305175781,72.9000015258789,242159121.0,-0.0013698421112479,70.08000183105469,0.0784024137779644,70.58881912231445,0.0848215005430266,69.68377259572347,0.016736466230298,66.23938627243042,0.0176605151203282,57.04374661616822,200192855.95,1.2096291840727895,0.0327414799156748,6770.TW,2026-09-07,0.0541966573225793,0.077979448902512,bull,0.1415356151711378,0.1739130434782608,2026-03-31,2026-05-15,13572462000.0,1388213000.0,14226108000.0,14331913000.0,100704000.0,14231209000.0,3.36,73060915000.0,23437313000.0,172678080000.0,76101188000.0,96576892000.0,25559039000.0,1800000000.0,30244117000.0,,0.0070265567478675,14126147444.836708,149240767000.0,0.0946534095796807,0.1473562537092206,0.0824146817013485,0.7879854737922194,0.1022815904734159,1.048159722237572,1.0485355567766557,0.2209320651616573,,,80.40162331663433,80.40162331663433,True,76.48563489167574,76.48563489167574,77.46463199791539,85.0,True,True,True,True,True,True,True,True,True,True,True,True,True,True,True,True,False,14,False,0.0461546327121906,0.1005536981585939,1.0,14594059504.225056,0.0120259019426456,1.0,2.0,,,,,,-0.0659177708621877,-0.1358106999763908,0.175627931987832,-1.2798549304174909,0.3042735042735043,-1.2798549304174909,0.2811254963703488,-85.0,0.8803418803418803,0.8376068376068376,0.2478632478632478,0.7854700854700855,0.7410256410256411,力積電
609.0,613.0,580.0,582.0,1555661.0,0.1192307692307692,587.8,0.3710247349823321,490.275,0.1710261569416498,450.14166666666665,0.5689919220385025,563.5153834025065,0.0990864764893795,75.8147512864494,2644347.75,0.5882966792094573,0.1870888786905309,6830.TW,2026-09-07,0.0541966573225793,0.077979448902512,bull,0.0148011100832562,0.0980573543015726,2026-03-31,2026-05-15,578726000.0,124911000.0,-8825000.0,-21082000.0,10771000.0,-31853000.0,-0.61,1597883000.0,1337928000.0,6462425000.0,3231054000.0,3231371000.0,678445000.0,205000000.0,1336980000.0,0.0,0.0,-8825000.0,5124497000.0,-0.0017221202393132,-0.0098574258418485,-0.0049289546880621,0.9999018992248182,0.2158378921976894,-0.0152490124860469,-0.0550398634241419,0.2453942710563748,,,27.646116546874687,27.646116546874687,False,82.104532839963,82.104532839963,68.48992876669092,722.0,True,True,True,True,True,True,True,False,True,True,False,True,False,False,False,False,False,10,False,0.2929263009793212,0.0328023282805225,1.0,1539010390.5,0.0897317298797409,3.0,3.0,,,,,,-0.0722650557922635,-0.1933097889610063,0.2176621527955334,-1.817908586519265,0.252991452991453,-1.817908586519265,0.2064610948840165,-722.0,0.2905982905982906,0.5982905982905983,0.1367521367521367,0.2675213675213675,0.3521367521367521,汎銓
77.69999694824219,78.0,77.0,78.0,18240.0,0.0103627342407042,77.33999938964844,0.0714285265145553,75.39000015258789,0.0641200102668955,73.59666659037272,-0.0295667674883164,74.53245086669922,0.0201623783954915,66.9999946594279,33813.7,0.5394263271987391,0.0346199740301038,6918.TW,2026-09-07,0.0541966573225793,0.077979448902512,bull,0.1591119333950046,0.2127659574468085,2026-03-31,2026-05-15,219385000.0,145307000.0,52877000.0,58755000.0,11065000.0,47501000.0,1.39,1203027000.0,380831000.0,1686462000.0,542764000.0,1143698000.0,607226000.0,,157857000.0,,0.1883243979235809,42918970.81099481,1305631000.0,0.0328722057081938,0.0415328172297232,0.0281660660008941,0.474569335611324,0.6623378991271053,0.2410237709961939,0.2165189051211341,0.1171055110572492,,,82.25632418471866,82.25632418471866,False,71.12583016512397,71.12583016512397,73.90845367002265,74.0,True,False,True,True,True,True,True,True,True,False,True,True,False,True,True,False,False,11,False,0.0598306093689748,0.0465240186385722,1.0,2637468.6,0.7955596669750231,1.0,2.0,,,,,,0.0606776706147157,0.0476235885108963,0.2201999815087054,-1.188314166602649,0.7888888888888889,-1.188314166602649,0.778810096871687,-74.0,0.8974358974358975,0.7777777777777778,0.8547008547008547,0.891025641025641,0.8529914529914531,愛派司
285.5,288.5,279.0,286.5,268581.0,0.0159574468085106,286.0,0.0591497227356747,278.85,0.0361663652802892,270.76412200927734,0.0232142857142856,281.777894337972,0.0251838235294118,58.91891891891892,447608.95,0.6000349188728241,0.0274341043571813,6937.TW,2026-09-07,0.0541966573225793,0.077979448902512,bull,0.1905642923219241,0.2765957446808511,2026-03-31,2026-05-15,582447000.0,243295000.0,75551000.0,79509000.0,17753000.0,64817000.0,0.96,2979355000.0,819804000.0,4523134000.0,1044661000.0,3478473000.0,472664000.0,71200000.0,178118000.0,,0.2232828987913317,58681753.71341609,3703330000.0,0.0158456723309605,0.0186337510741063,0.0143301082833274,0.3003217216290021,0.4177118261404042,0.1297130897746919,0.1112839451486573,0.2629110526156022,,,64.73082411847425,64.73082411847425,False,72.34204066410712,72.34204066410712,70.4392365276989,214.0,True,False,True,True,True,True,True,True,True,False,True,True,False,True,True,False,False,11,False,0.0581165550071789,0.0167582544866495,1.0,128239964.175,0.2950971322849213,2.0,3.0,,,,,,-0.0219462052163809,-0.0877362869415814,0.1731671439202043,-2.073455532992546,0.2525641025641025,-2.073455532992546,0.3268759741894384,-214.0,0.7264957264957265,0.6666666666666666,0.2905982905982906,0.661111111111111,0.6213675213675214,天虹
182.5,182.5,174.0,177.5,164693.0,0.0471976401179941,175.5,0.0617179023244063,166.2875,0.0597014925373133,166.7498873392741,0.2724014336917562,167.9332770029704,0.019359616870016,68.36734693877551,110351.05,1.49244615252868,0.0674283996091107,4569.TW,2026-09-07,0.0541966573225793,0.077979448902512,bull,0.1840888066604995,0.2220166512488436,2026-03-31,2026-05-15,499360000.0,140363000.0,83034000.0,97767000.0,0.0,97775000.0,3.22,1983309000.0,282050000.0,3633624000.0,903370000.0,2730254000.0,909890000.0,,,478335000.0,0.0,83034000.0,3351574000.0,0.0247746282791309,0.0358116863852227,0.0269083977868926,0.3308739772929551,0.281085789810958,0.1662808394745274,0.1958006247997436,0.0656468870972559,,,67.09571560472591,67.09571560472591,False,65.46372971437826,65.46372971437826,65.87172618696518,190.0,True,False,True,True,True,False,True,True,True,False,True,True,True,True,True,False,False,11,False,0.0644684853001034,0.0569674049584609,1.0,19587311.375,0.5300647548566142,2.0,3.0,,,,,,0.0533779114665939,-0.0085005970712717,0.2533101604865953,-1.3816282697082076,0.752991452991453,-1.3816282697082076,0.7443308440604228,-190.0,0.7692307692307693,0.4358974358974359,0.8376068376068376,0.7794871794871795,0.6829059829059829,六方科-KY
75.80000305175781,78.80000305175781,72.80000305175781,77.5999984741211,91308.0,0.0444144722317774,75.01999969482422,0.0777777565850152,73.46499977111816,0.1085714067731584,73.31333325703939,-0.0605326887695587,75.85750001271566,0.0060942165757226,64.02116209891659,26515.4,3.4435837287010567,0.0562852884487254,6934.TW,2026-09-07,0.0541966573225793,0.077979448902512,bull,0.1452358926919519,0.1415356151711378,2026-03-31,2026-05-15,3685000.0,-16447000.0,-50409000.0,-50082000.0,0.0,-50082000.0,-1.43,534649000.0,48275000.0,709636000.0,137947000.0,571689000.0,78973000.0,,41591000.0,,-0.0,-50409000.0,661361000.0,-0.0762200976471246,-0.0876035746708437,-0.0705742098766128,0.2412972787652027,,,,,,,25.0,25.0,False,78.43812676744948,78.43812676744948,65.0785950755871,771.0,True,True,True,True,True,True,True,True,True,True,True,True,False,True,False,False,False,13,False,0.058470472240738,0.022970681357985,1.0,2057594.9995407104,0.8251618871415356,1.0,3.0,,,,,,0.046727403555618,-0.0202352485611832,0.2035207326024274,-1.9994639746631937,0.5478632478632479,-1.9994639746631937,0.2464590994861661,-771.0,0.2564102564102564,0.4102564102564102,0.1709401709401709,0.2435897435897435,0.2854700854700854,心誠鎂
219.5,222.5,218.5,221.0,55038.0,0.0068337129840547,219.3,0.0327102803738317,218.4,0.1662269129287599,213.18733978271484,0.3641975308641976,188.9645032246908,0.0093587521663778,60.0,70745.45,0.777972293624537,0.0119047619047618,6957.TW,2026-09-07,0.0541966573225793,0.077979448902512,bull,0.2738205365402405,0.1008325624421831,2026-03-31,2026-05-15,1008397000.0,304729000.0,100942000.0,102458000.0,25691000.0,82568000.0,1.51,2765058000.0,1395803000.0,5405505000.0,3045045000.0,2360460000.0,1274466000.0,40000000.0,27000000.0,945042000.0,0.2507466474067423,75631131.9174686,4009702000.0,0.0188620331180393,0.0349796226159307,0.0152747985618364,1.2900218601459037,0.3021914979913665,0.1001014481399686,0.0818804498625045,0.2868739487648066,,,57.7309173012778,57.7309173012778,False,74.14552222369058,74.14552222369058,70.04187099308737,286.0,True,False,True,True,True,True,True,True,False,True,True,True,False,True,False,False,False,11,False,0.0366469238991771,0.1695318233246008,1.0,15634744.45,0.5605920444033302,2.0,3.0,,,,,,0.0341609208387418,-0.0128673646070885,0.3187940915492555,-0.1869646415953499,0.8226495726495726,-0.1869646415953499,0.8187366923726648,-286.0,0.6581196581196581,0.6495726495726496,0.8888888888888888,0.6927350427350427,0.7017094017094018,裕慶-KY
335.0,335.0,310.0,316.5,3770745.0,0.0015822784810126,320.6,0.3496801705756929,285.2,0.1898496240601503,254.6936233520508,1.0891089108910892,215.55097834269205,0.0965013456362935,61.424332344213646,2513368.35,1.5002755167184307,0.1097475455820478,7788.TW,2026-09-07,0.0541966573225793,0.077979448902512,bull,0.0175763182238667,0.0860314523589269,2026-03-31,2026-05-15,1857129000.0,500235000.0,178905000.0,229341000.0,52857000.0,177273000.0,2.22,6568822000.0,3373457000.0,11007682000.0,5034895000.0,5972787000.0,2088365000.0,643000000.0,1079805000.0,,0.2304733998718066,137672156.39593443,7634225000.0,0.0180335471375201,0.0296801141577625,0.0161044804891711,0.842972468296626,0.2693593175272153,0.0963341803396533,0.0954554045518647,0.1444346257089825,,,52.52291879760674,52.52291879760674,False,95.16503519967549,95.16503519967549,84.50450609915829,331.0,True,True,True,True,True,True,True,True,True,True,True,True,True,True,False,False,False,14,False,0.2426695094855877,0.4683301483179303,1.0,795481082.775,0.1332099907493062,2.0,3.0,,,,,,-0.0017090046954354,-0.1078160597929438,0.3341429476569121,-1.5623444352445663,0.535042735042735,-1.5623444352445663,0.5471688060635443,-331.0,0.6239316239316239,0.9572649572649572,0.6495726495726496,0.6277777777777778,0.729059829059829,松川精密
380.0,403.0,370.5,395.0,670326.0,0.0748299319727892,369.4,0.1033519553072626,364.575,0.1416184971098266,383.03333333333336,-0.0595238095238095,370.8666666666667,0.0083667542525237,62.71676300578035,274833.0,2.439030247459366,0.0834533360762532,7799.TW,2026-09-07,0.0541966573225793,0.077979448902512,bull,0.1110083256244218,0.1147086031452359,2026-03-31,2026-05-15,2885000.0,-17000.0,-88494000.0,-57578000.0,0.0,-57578000.0,-0.37,10455995000.0,34213000.0,11666612000.0,290333000.0,11376279000.0,2207595000.0,,,,-0.0,-88494000.0,11632399000.0,-0.0076075450988226,-0.0050612331149754,-0.0049352802681703,0.0255209106598036,-0.0058925476603119,,,11.59825327510917,,,33.33333333333333,33.33333333333333,False,73.8489653747905,73.8489653747905,63.7200573644262,625.0,True,False,True,True,True,False,True,True,True,True,True,True,True,True,False,False,False,12,False,0.0312418414411277,0.065072802444724,1.0,108559035.0,0.3117483811285846,2.0,3.0,,,,,,-0.0623670102613046,-0.1962330497512241,0.1702136143766819,-2.326261349763067,0.1401709401709401,-2.326261349763067,0.1083570404556037,-625.0,0.3846153846153846,0.3504273504273504,0.0769230769230769,0.3384615384615385,0.3128205128205128,禾榮科
