Open,High,Low,Close,Volume,ret5,ma5,ret20,ma20,ret60,ma60,ret120,ma120,ma20_slope,rsi14,volume_ma20,volume_ratio,ma20_deviation,symbol,date,benchmark_ret20,benchmark_ret60,market_regime,rs20_rank_pct,rs60_rank_pct,period_date,as_of_date,revenue,gross_profit,operating_income,pretax_income,tax_expense,net_income_parent,eps,current_assets,current_liabilities,assets,liabilities,equity,cash,short_borrowings,long_borrowings,bonds_payable,tax_rate,nopat,invested_capital_proxy,roic_proxy,roe,roa,debt_to_equity,gross_margin,operating_margin,net_margin,revenue_growth,pe,pb,eva_like_score,fundamental_score,fundamental_pass,technical_score,score,final_score,fundamental_rank,pass_market,pass_score,pass_rs20,pass_rs60,pass_close_ma20,pass_ma20_ma60,pass_ma20_slope,pass_rsi,pass_ret20_benchmark,pass_ret60_benchmark,pass_ret5_cap,pass_ret20_cap,pass_volume_ratio,pass_ma20_deviation,pass_fundamental_score,pass_fundamental_filter,pass_fundamental_universe,entry_pass_count,entry_all_pass,close_ma60_ratio,close_ma120_ratio,above_ma120,turnover20,liquidity_rank,price_bucket,eva_rank_bucket,forward_60d_return,forward_60d_max_drawdown,reward_60,fwd60_rank_label,top_quantile_60,reg_forward60,reg_reward60,cls_topq60,rank_forward60,ensemble_score,ranker_score,stable_ensemble_score,fundamental_rank_score,fundamental_score_rank,final_score_rank,stable_ml_rank,fund_ml_85_15,fund_final_ml,name
15.75,15.949999809265137,15.600000381469728,15.800000190734863,364785.0,-0.0186335517780575,15.949999809265137,0.0128205002804167,15.93999981880188,0.0972222645341627,15.353173844019572,-0.021671791706659,15.44200360774994,0.0055077054482576,53.84617641837336,262064.35,1.3919672782658152,-0.008782912776566,1110.TW,2026-08-06,-0.0236294889214415,0.081675424625736,neutral,0.2314814814814814,0.23725671918443,2026-03-31,2026-05-15,582643000.0,83497000.0,44070000.0,33666000.0,8657000.0,25695000.0,0.05,2827051000.0,1931603000.0,12789768000.0,3130316000.0,9659452000.0,402347000.0,1166000000.0,483161000.0,,0.2571437058159567,32737676.884690788,10858165000.0,0.0030150284955782,0.0026600887917865,0.0020090278416309,0.3240676593247732,0.1433073082487904,0.0756380836979076,0.0441007615297875,-0.2132017328270251,,,22.850230007474945,22.850230007474945,False,67.44183869301922,67.44183869301922,56.29393652163315,814.0,True,False,True,True,False,True,True,True,True,True,True,True,True,True,False,False,False,12,False,0.0291031907314291,0.0231832987531006,1.0,4140616.779984808,0.7722222222222223,0.0,3.0,,,,,,0.0419661290273763,0.0176427691439038,0.1107659011574001,-1.5993835649615025,0.3421686746987951,-1.5993835649615025,0.3384212305127416,-814.0,0.253012048192771,0.1566265060240964,0.2650602409638554,0.2548192771084337,0.2265060240963855,東泥
31.600000381469727,31.850000381469727,31.549999237060547,31.700000762939453,110000.0,-0.0139969126464031,31.879999923706052,0.0079491254033481,31.900000190734865,0.0764006771378915,30.84583349227905,-0.0451807218533085,31.73583337465922,0.001255494571652,49.27537193372365,135423.6,0.8122661042831529,-0.0062695745015544,1321.TW,2026-08-06,-0.0236294889214415,0.081675424625736,neutral,0.25,0.2715477293790547,2026-03-31,2026-05-15,880894000.0,105477000.0,20883000.0,93159000.0,58043000.0,35116000.0,0.16,2103160000.0,996940000.0,11565078000.0,5771280000.0,5793798000.0,430438000.0,490000000.0,3742014000.0,,0.4,12529800.0,10568138000.0,0.0011856203997336,0.0060609638099222,0.0030363824610607,0.9961134302576652,0.119738583756956,0.0237065980696882,0.0398640472065878,-0.1112010218886778,,,14.654052606066369,14.654052606066369,False,60.71130676552363,60.71130676552363,49.19699322565931,967.0,True,False,True,True,False,True,True,False,True,False,True,True,True,True,False,False,False,10,False,0.027691495866831,-0.0011290899878614,0.0,4292928.223320007,0.7648148148148148,1.0,3.0,,,,,,0.0262789969869155,-0.0163372496961559,0.1286880261024336,-1.5712623468151858,0.2427710843373494,-1.5712623468151858,0.2100057326545568,-967.0,0.1204819277108433,0.0120481927710843,0.0963855421686747,0.116867469879518,0.0831325301204819,大洋
44.5,45.25,44.34999847412109,45.04999923706055,207618.0,0.0332568993964554,44.49000091552735,0.00558035723789,44.38250026702881,0.10687956738522,43.66166667938232,0.052570094395042,42.642916615804026,-0.0032564119939855,65.13759156147083,89394.6,2.3224892778758446,0.0150396883009227,1339.TW,2026-08-06,-0.0236294889214415,0.081675424625736,neutral,0.2564814814814815,0.2159406858202039,2026-03-31,2026-05-15,394676000.0,97156000.0,-1039000.0,239290000.0,15507000.0,206388000.0,2.78,1829193000.0,837135000.0,5225726000.0,1066079000.0,4159647000.0,705809000.0,,152479000.0,,0.0648042124618663,-971668.4232521208,4388591000.0,-0.0002214078330042,0.0496167102641161,0.0394946080219284,0.2562907381323463,0.2461664757928022,-0.0026325390953592,0.5229302009749769,-0.2023637499065291,,,43.397534008094304,43.397534008094304,False,58.56302181127088,58.56302181127088,54.771649860476735,460.0,True,False,True,True,True,True,False,True,True,True,True,True,True,True,False,False,False,12,False,0.0317975162943977,0.0564474199300997,1.0,4027226.661797333,0.7777777777777778,1.0,3.0,,,,,,0.0621481305793662,0.039548462851819,0.1552333184033073,-1.2389750820434722,0.5590361445783133,-1.2389750820434722,0.510647794322054,-460.0,0.5542168674698795,0.1204819277108433,0.5060240963855421,0.5469879518072289,0.4144578313253012,昭輝
58.09999847412109,59.29999923706055,57.79999923706055,59.29999923706055,8036.0,0.0224137799493198,58.8,0.0189003171769981,58.64500007629395,0.0375895058955513,58.25128695170085,0.0818553155158099,57.169883505503336,0.0037655126451681,55.07247097926634,4777.05,1.6822097319475409,0.0111688832792988,1341.TW,2026-08-06,-0.0236294889214415,0.081675424625736,neutral,0.2064814814814815,0.3642261353104726,2026-03-31,2026-05-15,680910000.0,170623000.0,103167000.0,104723000.0,18948000.0,85775000.0,1.62,1612072000.0,978823000.0,2196060000.0,1009317000.0,1186743000.0,373612000.0,417599000.0,,,0.1809344652082159,84500534.02786398,1217237000.0,0.0694199519303668,0.0722776540497816,0.0390585867417101,0.8504933250080262,0.2505808403460075,0.1515134158699387,0.1259711268743299,-0.0132454169987682,,,72.53331110056003,72.53331110056003,False,68.35941799013509,68.35941799013509,69.40289126774132,142.0,True,False,True,True,True,True,True,True,True,False,True,True,True,True,True,False,False,12,False,0.0180032466274819,0.0372594030448245,1.0,283279.0613554001,0.9888888888888888,1.0,3.0,,,,,,0.0620049875356142,0.0624169008392877,0.1596275150842953,-0.6493035615376938,0.6644578313253012,-0.6493035615376938,0.7039768425667907,-142.0,0.891566265060241,0.7349397590361446,0.7710843373493976,0.8734939759036144,0.8204819277108434,富林-KY
19.549999237060547,19.549999237060547,18.799999237060547,19.350000381469727,257472.0,0.0690607720251605,19.309999847412108,-0.0025772803115313,18.67249984741211,0.216981185264856,17.493333260218304,0.0221592009383939,17.72118546962738,-0.0025373952156707,60.39604857883676,276730.35,0.9304075248703296,0.0362833332223331,1414.TW,2026-08-06,-0.0236294889214415,0.081675424625736,neutral,0.2935185185185185,0.1093605189990732,2026-03-31,2026-05-15,113452000.0,12596000.0,-7033000.0,11377000.0,382000.0,10995000.0,0.06,876335000.0,611698000.0,4159720000.0,1289474000.0,2870246000.0,113194000.0,505000000.0,,,0.033576514019513,-6796856.376900765,3548022000.0,-0.0019156748117403,0.0038306821087809,0.0026432067543007,0.4492555690348492,0.1110249268413073,-0.0619909741564714,0.0969132320276416,-0.1489036091252128,,,15.88871955373819,15.88871955373819,False,65.81298543670287,65.81298543670287,53.3319189659617,938.0,True,False,True,True,True,True,False,True,True,True,True,True,True,True,False,False,False,12,False,0.1061356971614826,0.0919134284009384,1.0,5354732.378064251,0.7388888888888889,0.0,3.0,,,,,,0.025074513603605,-0.0023894670382096,0.2181269870011075,-1.5970338372417556,0.3783132530120482,-1.5970338372417556,0.4970881621859296,-938.0,0.144578313253012,0.072289156626506,0.4819277108433735,0.1951807228915662,0.1903614457831325,東和
22.850000381469727,22.850000381469727,22.200000762939453,22.450000762939453,35044.0,-0.0323275851437935,22.77999992370605,0.0227790424884268,22.0625,0.0690476553780692,21.68833332061768,-0.2929133617971825,25.008750073115035,0.0068454034902334,66.66666666666674,59403.4,0.5899325627826016,0.0175637739575955,1438.TW,2026-08-06,-0.0236294889214415,0.081675424625736,neutral,0.1888888888888888,0.283595922150139,2026-03-31,2026-05-15,377477000.0,149341000.0,122347000.0,87324000.0,15498000.0,,0.65,13719838000.0,9737355000.0,14176631000.0,10964578000.0,3212053000.0,127523000.0,3403550000.0,71700000.0,910937000.0,0.1774769822729146,100633223.64985572,4439276000.0,0.0226688369116621,,,3.413573188238177,0.3956294025861178,0.3241177608172153,,1565.2946058091286,,,68.22752717503778,68.22752717503778,False,67.4107868130831,67.4107868130831,67.61497190357177,178.0,True,False,True,True,True,True,True,True,True,False,True,True,False,True,True,False,False,11,False,0.0351187632107123,-0.1023141621510422,0.0,1333606.3753211976,0.9092592592592592,0.0,3.0,,,,,,0.1809243413904256,0.1522960291356866,0.282092194251742,0.2237859256068886,0.944578313253012,0.2237859256068886,0.9439224466313756,-178.0,0.8674698795180723,0.6746987951807228,0.9759036144578314,0.8837349397590362,0.8313253012048193,三地開發
12.899999618530272,12.949999809265137,12.600000381469728,12.949999809265137,151058.0,-0.1803797688015832,13.479999923706057,0.1115880028585674,13.959187841415403,0.0980993316656377,12.448464934031168,0.1262558041857817,12.024146262804669,0.0287415882489665,48.49395923229005,76564.85,1.9729418917427517,-0.0722956122960188,1459.TW,2026-08-06,-0.0236294889214415,0.081675424625736,neutral,0.0462962962962962,0.2344763670064875,2026-03-31,2026-05-15,231160000.0,43640000.0,24305000.0,20991000.0,11327000.0,10929000.0,0.03,2303265000.0,1144782000.0,4781139000.0,1238615000.0,3542524000.0,1064701000.0,969808000.0,0.0,,0.4,14583000.0,3636357000.0,0.0040103323188564,0.0030850884849333,0.0022858569893073,0.3496419502027368,0.1887869873680567,0.1051436234642671,0.0472789409932514,-0.1821658664987316,,,27.476121095005883,27.476121095005883,False,69.64135283809266,69.64135283809266,59.10004490232097,725.0,True,False,True,True,False,True,True,False,True,True,True,True,True,True,False,False,False,11,False,0.0402888932805594,0.0769995246418859,1.0,991514.7928964138,0.9314814814814816,0.0,3.0,,,,,,0.0789665763257996,0.0639108674289391,0.2394069874079049,-1.0909273609024015,0.7481927710843373,-1.0909273609024015,0.7705194995074316,-725.0,0.3373493975903614,0.2650602409638554,0.8433734939759037,0.4132530120481927,0.416867469879518,聯發
10.0,10.350000381469728,9.649999618530272,9.989999771118164,1359495.0,0.0593848831197834,9.529999923706054,0.1878715757875126,9.490499925613404,0.403089878046216,8.176499994595845,0.3427418943932603,7.6953333457310995,0.0160047092991418,62.28571169068261,975770.3,1.3932531047522148,0.0526315630809592,1467.TW,2026-08-06,-0.0236294889214415,0.081675424625736,neutral,0.0222222222222222,0.0352177942539388,2026-03-31,2026-05-15,1182469000.0,233654000.0,6454000.0,43184000.0,15488000.0,25429000.0,0.11,4780307000.0,3706895000.0,8859724000.0,5854515000.0,3005209000.0,1788594000.0,1910806000.0,1915954000.0,,0.3586513523527232,4139264.171915524,5152829000.0,0.0008032993471965,0.00846164110383,0.0028701797031149,1.948122410121892,0.197598414842165,0.0054580712052493,0.0215050035138341,-0.0488497818933252,,,14.540544369959688,14.540544369959688,False,89.68739272813036,89.68739272813036,70.90068063858769,970.0,True,True,True,True,True,True,True,True,True,True,True,True,True,True,False,False,False,14,False,0.2217941390229227,0.2981893470098999,1.0,9747945.073663903,0.6657407407407407,0.0,3.0,,,,,,0.1067934548272264,0.0522062921248448,0.3000828717310582,-1.005628422056307,0.8530120481927711,-1.005628422056307,0.8737162201406994,-970.0,0.108433734939759,0.8072289156626506,0.9397590361445785,0.2331325301204819,0.4843373493975904,南緯
13.75,13.75,13.25,13.449999809265137,35010.0,-0.0182481754365374,13.870000076293945,0.1024590179952873,13.40750002861023,0.0846774373416729,12.475833368301393,0.0466925610882187,12.448749995231628,0.0317429817844683,48.62384695003354,59161.6,0.5917689852877542,0.0031698512447673,1468.TW,2026-08-06,-0.0236294889214415,0.081675424625736,neutral,0.0509259259259259,0.2585727525486561,2026-03-31,2026-05-15,127625000.0,33061000.0,6858000.0,37576000.0,10255000.0,27394000.0,0.17,2026221000.0,1309595000.0,3251907000.0,1720312000.0,1531595000.0,422483000.0,1024218000.0,318861000.0,,0.2729135618479881,4986358.792846498,1942312000.0,0.002567228536325,0.0178859293742797,0.0084239801445736,1.1232159937842576,0.2590479921645445,0.0537355533790401,0.2146444662095984,-0.4821632894854295,,,27.22145617109853,27.22145617109853,False,67.2720576789031,67.2720576789031,57.25940730195196,732.0,True,False,True,True,True,True,True,False,True,True,True,True,False,True,False,False,False,11,False,0.0780842779961223,0.08042974711654,1.0,795723.5087158203,0.9518518518518518,0.0,3.0,,,,,,0.0968311548534448,0.0604528179606251,0.2187722399316371,-0.8235063541333373,0.7897590361445782,-0.8235063541333373,0.809467371620309,-732.0,0.3253012048192771,0.1927710843373494,0.8795180722891566,0.408433734939759,0.3963855421686747,昶和
355.5,368.0,354.0,364.5,2077048.0,0.0355113636363635,353.3,0.0880597014925372,342.325,0.0921026764888162,331.0689188639323,-0.06237677143757,339.31589482625327,0.0161027010982487,72.79411764705883,1659430.9,1.2516628441714568,0.064777623603301,1476.TW,2026-08-06,-0.0236294889214415,0.081675424625736,neutral,0.0694444444444444,0.2465245597775718,2026-03-31,2026-05-15,9621070000.0,3094736000.0,2194913000.0,2290689000.0,456173000.0,1834516000.0,6.69,23249199000.0,9214639000.0,36864649000.0,9360987000.0,27503662000.0,2958067000.0,280436000.0,,,0.1991422668026956,1757813049.7452948,27650010000.0,0.0635736858592562,0.0667007906074471,0.0497635553236923,0.3403542044692085,0.321662351484814,0.2281360597106143,0.1906769205504169,0.026290598239542,,,82.3980197254144,82.3980197254144,False,74.24887834059793,74.24887834059793,76.28616368680204,71.0,True,False,True,True,True,True,True,False,True,True,True,True,True,True,True,False,False,12,False,0.1009792198276628,0.0742202341763043,1.0,604862563.05,0.1564814814814814,2.0,2.0,,,,,,0.0490461122113197,-0.0202853968221801,0.2238460987258571,-0.8214515496346412,0.5379518072289156,-0.8214515496346412,0.5596832345417365,-71.0,0.9759036144578314,0.9397590361445785,0.5662650602409639,0.9144578313253012,0.883132530120482,儒鴻
67.5999984741211,68.80000305175781,67.4000015258789,68.80000305175781,23010.0,0.0117647507611442,68.56000061035157,0.0284006200679072,67.4450008392334,0.1976296962893982,64.9325180053711,0.1497244595761955,62.15907843907674,0.0044679424566289,57.14289606840308,16065.2,1.4322884246694718,0.0200904766204137,1525.TW,2026-08-06,-0.0236294889214415,0.081675424625736,neutral,0.1731481481481481,0.1214087117701575,2026-03-31,2026-05-15,281735000.0,40655000.0,2924000.0,46209000.0,106069000.0,-59860000.0,-0.82,2768107000.0,386523000.0,5758402000.0,665056000.0,5093346000.0,2111569000.0,,,,0.4,1754400.0,5371879000.0,0.0003265896346511,-0.0117525885734053,-0.0103952450697259,0.1305734972648628,0.1443022698635242,0.0103785472163557,-0.2124691642855875,0.0173619762608918,,,20.40210850591844,20.40210850591844,False,77.76127665014069,77.76127665014069,63.42148461408512,854.0,True,True,True,True,True,True,True,True,True,True,True,True,True,True,False,False,False,14,False,0.059561605882384,0.1068375654762958,1.0,1105285.8090270995,0.9203703703703704,1.0,3.0,,,,,,0.0223957085881484,-0.0171031754018955,0.1098333086950672,-1.4124987375614992,0.2240963855421686,-1.4124987375614992,0.218288356849621,-854.0,0.1927710843373494,0.4819277108433735,0.1325301204819277,0.1837349397590361,0.2674698795180723,江申
17.600000381469727,19.14999961853028,17.600000381469727,19.14999961853028,1773177.0,0.0323450353718077,18.16999969482422,0.329861119849447,16.82499990463257,0.2640264092883226,15.3174999554952,-0.1030445303808468,16.427499977747598,0.0548589313437092,59.89583488553819,1891713.0,0.9373393321291338,0.1381872051754096,1526.TW,2026-08-06,-0.0236294889214415,0.081675424625736,neutral,0.0055555555555555,0.0815569972196478,2026-03-31,2026-05-15,161967000.0,20373000.0,-31597000.0,-32188000.0,-5656000.0,-26532000.0,-0.44,1390560000.0,762634000.0,2260417000.0,919977000.0,1340440000.0,321815000.0,47136000.0,137059000.0,0.0,0.1757176587548154,-26044849.136324096,1497783000.0,-0.0173889336014122,-0.0197935006415803,-0.0117376572552763,0.6863246396705559,0.1257848821056141,-0.1950829489957831,-0.1638111467150715,-0.1925147819844253,,,13.294112740747746,13.294112740747746,False,91.56755827566236,91.56755827566236,71.99919689193369,990.0,True,True,True,True,True,True,True,True,True,True,True,True,True,True,False,False,False,14,False,0.2502039937437803,0.1657281780228598,1.0,36226303.22836877,0.4666666666666667,0.0,3.0,,,,,,0.017697730787673,-0.0842680285867518,0.2414741718390013,-1.8646352961350323,0.2740963855421686,-1.8646352961350323,0.247581960629776,-990.0,0.0843373493975903,0.8313253012048193,0.144578313253012,0.0933734939759036,0.3204819277108434,日馳
32.349998474121094,32.349998474121094,31.64999961853028,31.850000381469727,1090481.0,-0.0184899959125725,32.56000022888183,0.0581395341468946,31.882500076293944,0.1020761523141318,30.812500095367437,-0.0015673742212682,30.53583342234294,0.0167424091744165,46.464639069552014,1355921.8,0.8042359080000041,-0.0010193584175157,1808.TW,2026-08-06,-0.0236294889214415,0.081675424625736,neutral,0.1027777777777777,0.2215013901760889,2026-03-31,2026-05-15,5392216000.0,1474911000.0,1229561000.0,1153602000.0,211319000.0,942283000.0,1.06,46784978000.0,26633648000.0,51660398000.0,37973630000.0,13686768000.0,5845055000.0,11570200000.0,207356000.0,10980553000.0,0.1831818946222353,1004327686.4663897,25026750000.0,0.0401301681787043,0.068846275468394,0.0182399485191732,2.774477509957062,0.2735259492572256,0.2280251755493474,0.1747487489373571,173.44891620834682,,,72.1127428848662,72.1127428848662,False,66.37913191226444,66.37913191226444,67.81253465541488,149.0,True,False,True,True,False,True,True,False,True,True,True,True,True,True,True,False,False,11,False,0.0336714087753715,0.0430368787041266,1.0,43186109.84724312,0.4462962962962963,1.0,3.0,,,,,,0.0949084252275291,0.0324764980317816,0.168463811023626,-0.9246305541881265,0.6686746987951807,-0.9246305541881265,0.7121933098708698,-149.0,0.8795180722891566,0.6867469879518072,0.7831325301204819,0.8650602409638554,0.8024096385542168,潤隆
30.75,31.100000381469727,30.600000381469727,30.850000381469727,36480.0,-0.0048386973719443,30.9,0.069324089204678,30.629999828338622,0.1137183946487372,29.733348496754964,0.0529010643266036,28.95625758171082,0.0150622283488573,47.8260995760296,33175.35,1.0996116092219073,0.0071825189149221,2008.TW,2026-08-06,-0.0236294889214415,0.081675424625736,neutral,0.0925925925925925,0.2029657089898053,2026-03-31,2026-05-15,349981000.0,60260000.0,34264000.0,25821000.0,1897000.0,,0.13,2434612000.0,1949854000.0,8362257000.0,4596942000.0,3765315000.0,312935000.0,1633298000.0,2437214000.0,,0.073467332791139,31746715.309244413,6412403000.0,0.0049508297137975,,,1.2208651865780151,0.1721807755278143,0.0979024575619819,,-0.2357091693673075,,,28.43463561506169,28.43463561506169,False,68.57671948390316,68.57671948390316,58.5411985166928,710.0,True,False,True,True,True,True,True,False,True,True,True,True,True,True,False,False,False,12,False,0.0375555375082168,0.0654001227339207,1.0,1023459.5601553916,0.925925925925926,1.0,3.0,,,,,,0.0345756595872348,0.0161397561477179,0.1791765407121094,-1.1673173217058548,0.4518072289156626,-1.1673173217058548,0.410055669385617,-710.0,0.3614457831325301,0.2289156626506024,0.4096385542168674,0.3686746987951807,0.3313253012048193,高興昌
63.0,65.30000305175781,63.0,65.0,382861.0,-0.0225563909774436,64.57999954223632,0.056910569105691,64.04499988555908,0.0383386834565351,62.69166673024496,0.0493116158724935,62.97510293324788,0.009854932332281,56.31067170107608,374829.35,1.021427484267174,0.0149113922421328,2015.TW,2026-08-06,-0.0236294889214415,0.081675424625736,neutral,0.1046296296296296,0.3614457831325301,2026-03-31,2026-05-15,6404574000.0,820478000.0,589291000.0,648609000.0,122645000.0,526749000.0,0.91,12172005000.0,4388066000.0,26283228000.0,5068762000.0,21214466000.0,4570295000.0,40284000.0,,,0.1890892664147429,477862397.1051897,21895162000.0,0.0218250222174738,0.0248297081812005,0.0200412597722014,0.2389295115889318,0.1281081302206829,0.0920109596672628,0.0822457512396609,-0.1410674325019171,,,42.92012472337977,42.92012472337977,False,69.0357801452866,69.0357801452866,62.50686628980989,462.0,True,False,True,True,True,True,True,True,True,False,True,True,True,True,False,False,False,12,False,0.036820416335197,0.0321539302428526,1.0,24363907.75,0.5231481481481481,1.0,3.0,,,,,,0.0689432221475619,0.0346107965503392,0.134556763245155,-1.2527985431945328,0.536144578313253,-1.2527985431945328,0.525874774493795,-462.0,0.5421686746987951,0.3975903614457831,0.5301204819277109,0.5403614457831325,0.4963855421686746,豐興
44.34999847412109,46.95000076293945,44.34999847412109,46.09999847412109,39566946.0,0.0549198551322909,44.46999969482422,0.1979933317915014,42.3940507888794,0.2099737616901453,41.73563321431478,0.2083878540043919,39.59531660079956,0.0318770919541224,69.96335655314613,19467099.15,2.032503440554984,0.0874166921131729,2027.TW,2026-08-06,-0.0236294889214415,0.081675424625736,neutral,0.0203703703703703,0.1149212233549582,2026-03-31,2026-05-15,31174326000.0,8517820000.0,5633209000.0,4716863000.0,1204326000.0,2914770000.0,1.17,89517343000.0,24455518000.0,159942793000.0,66551339000.0,93391454000.0,9252095000.0,11925609000.0,29968117000.0,,0.2553235063218923,4194918326.275959,135487275000.0,0.0309617144951506,0.0312102432841446,0.0182238283159154,0.7126063054977172,0.2732318896004359,0.1807002659816927,0.0934990543179666,0.1950875950100803,,,67.77515994414823,67.77515994414823,False,80.2371022507699,80.2371022507699,77.12161667411448,180.0,True,True,True,True,True,True,True,True,True,True,True,True,True,True,True,False,False,14,False,0.1045716794901625,0.1642790721665847,1.0,897433241.1105639,0.1212962962962962,1.0,3.0,,,,,,0.0433007422211292,-0.032746324922104,0.2807166970576947,-1.0952320147806305,0.5024096385542169,-1.0952320147806305,0.5057726971845532,-180.0,0.8554216867469879,0.9518072289156626,0.4939759036144578,0.8012048192771084,0.8120481927710843,大成鋼
38.75,40.95000076293945,38.75,40.95000076293945,2499641.0,0.0636363834529727,39.0,0.0677966725493579,39.492499923706056,0.1299165456382289,38.540872764587405,0.1211913240814932,37.93651383717855,0.0026021823293295,58.602163548800895,875206.6,2.8560582152831118,0.0369057629182523,2031.TW,2026-08-06,-0.0236294889214415,0.081675424625736,neutral,0.0962962962962963,0.1862835959221501,2026-03-31,2026-05-15,4589073000.0,567832000.0,427931000.0,146733000.0,66925000.0,70724000.0,0.22,15811293000.0,10640609000.0,28813736000.0,17538865000.0,11274871000.0,1366991000.0,6979961000.0,6673974000.0,,0.4,256758600.0,18173127000.0,0.0141284766237533,0.0062727103485263,0.0024545237729671,1.5555712344735475,0.1237356651332415,0.0932499875247136,0.0154113913637895,-0.0896215532289155,,,22.130264986727884,22.130264986727884,False,77.86523873269049,77.86523873269049,63.93149529619984,826.0,True,True,True,True,True,True,True,True,True,True,True,True,True,True,False,False,False,14,False,0.0625083924037557,0.0794349986584068,1.0,35839710.93772964,0.4712962962962962,1.0,3.0,,,,,,0.0553071777062302,0.0203711532817924,0.2238330832624114,-1.351791730600703,0.5753012048192772,-1.351791730600703,0.590160428274619,-826.0,0.2409638554216867,0.5180722891566265,0.6385542168674698,0.3006024096385542,0.4036144578313252,新光鋼
34.29999923706055,34.599998474121094,34.04999923706055,34.599998474121094,1511143.0,0.066255706028738,33.869999694824216,0.017647013944738,33.62999992370605,0.066255706028738,32.50666669209798,0.0086293347116546,33.40095283190409,-5.671569000129687e-09,56.12243150285012,1724536.7,0.8762602732664373,0.0288432516388821,2101.TW,2026-08-06,-0.0236294889214415,0.081675424625736,neutral,0.2111111111111111,0.2919369786839666,2026-03-31,2026-05-15,5423749000.0,2237626000.0,1648897000.0,1437849000.0,93759000.0,1344090000.0,1.86,40354728000.0,37879190000.0,52223322000.0,38754818000.0,13468504000.0,1824544000.0,7891061000.0,37500000.0,,0.0652078208490599,1541376019.8254476,14344132000.0,0.1074569043163746,0.0997950477647703,0.0257373515993486,2.8774404343644995,0.4125607582504279,0.3040142528719526,0.2478156714110479,1.6217745942925426,,,82.80478413647866,82.80478413647866,False,58.35232595041892,58.35232595041892,64.46544049693385,68.0,True,False,True,True,True,True,False,True,True,False,True,True,True,True,True,False,False,11,False,0.0643969989864257,0.0358985460160792,1.0,59668967.18856583,0.4027777777777778,1.0,2.0,,,,,,0.1215238521487845,0.0691629598557311,0.3715868720931703,0.141693712272784,0.9620481927710844,0.141693712272784,0.7209482062887194,-68.0,0.9879518072289156,0.5421686746987951,0.7951807228915663,0.9590361445783132,0.8156626506024096,南港
18.049999237060547,18.350000381469727,17.950000762939453,18.049999237060547,1071708.0,-0.0136612027553372,18.15,0.0373563007345156,17.975,0.0986582142928458,17.270828628540038,-0.0269027503057061,17.52248257001241,0.0061572929404901,48.648615210772725,1152556.2,0.929853138614846,0.0041724193079579,2106.TW,2026-08-06,-0.0236294889214415,0.081675424625736,neutral,0.1453703703703703,0.2298424467099165,2026-03-31,2026-05-15,8698617000.0,1718035000.0,255513000.0,171823000.0,60640000.0,111183000.0,0.12,25478129000.0,9730576000.0,47068938000.0,27476173000.0,19592765000.0,9412275000.0,3037616000.0,14974373000.0,,0.3529213201957829,165337014.71281496,37338362000.0,0.0044280735912522,0.0056746967566854,0.0023621310512678,1.4023632192801785,0.1975066841085198,0.029373979794719,0.0127816870199021,-0.0124089540383796,,,20.024805479941964,20.024805479941964,False,65.24052933013746,65.24052933013746,53.93659836758859,861.0,True,False,True,True,True,True,True,False,True,True,True,True,True,True,False,False,False,12,False,0.0451148364261417,0.0301051329308164,1.0,20803638.5306694,0.549074074074074,0.0,3.0,,,,,,0.0094929076395304,-0.0227579566545966,0.1493183771890633,-1.6446258186252194,0.1867469879518072,-1.6446258186252194,0.1742640222067178,-861.0,0.180722891566265,0.108433734939759,0.0602409638554216,0.1626506024096385,0.1349397590361445,建大
21.89999961853028,22.200000762939453,21.850000381469727,22.100000381469727,75131.0,0.0184331614961699,21.89000015258789,0.0327103166082916,21.85500001907349,0.141500006945489,20.801012166341145,-0.0312424177107895,20.761479139328003,0.0072588999031965,59.5237814110173,81230.55,0.9249106401470876,0.0112102659429154,2115.TW,2026-08-06,-0.0236294889214415,0.081675424625736,neutral,0.1592592592592592,0.1696014828544949,2026-03-31,2026-05-15,795763000.0,146418000.0,55001000.0,50773000.0,23159000.0,28129000.0,0.27,2550411000.0,942761000.0,4966182000.0,1610225000.0,3355957000.0,883919000.0,179756000.0,658841000.0,,0.4,33000600.0,4023421000.0,0.0082021245104601,0.0083818118050976,0.0056641097728597,0.4798109749320388,0.1839969940798956,0.0691173125666812,0.0353484643040704,-0.0114512019538349,,,30.9467161073479,30.9467161073479,False,75.2761311027887,75.2761311027887,64.1937773539285,666.0,True,True,True,True,True,True,True,True,True,True,True,True,True,True,False,False,False,14,False,0.0624483176463173,0.0644713815022068,1.0,1795195.1859869957,0.875,0.0,3.0,,,,,,0.0555627097956658,0.0341894322458667,0.1788790486950557,-1.4883884456848064,0.536144578313253,-1.4883884456848064,0.5408759119669707,-666.0,0.3855421686746988,0.5301204819277109,0.5542168674698795,0.4108433734939759,0.4626506024096385,六暉-KY
502.0,518.0,502.0,516.0,337945.0,-0.0635208711433756,524.4,0.0828961175236095,502.0,0.1361791847965847,475.9619745890299,0.0227772757132642,480.55998102823895,0.0249604410188352,61.71875,539103.15,0.626865192681586,0.0278884462151394,2207.TW,2026-08-06,-0.0236294889214415,0.081675424625736,neutral,0.0768518518518518,0.1770157553290083,2026-03-31,2026-05-15,71331231000.0,,,,1278339000.0,4429572000.0,7.95,371776395000.0,39724833000.0,525151865000.0,369092964000.0,116334068000.0,33821612000.0,111314642000.0,1403494000.0,,,,485427032000.0,,0.0380763096842792,0.0084348400819256,3.1726988520679944,,,0.0620986339069348,-0.0236719001813244,,,23.69838641660918,23.69838641660918,False,79.79447663470307,79.79447663470307,65.7704540801796,795.0,True,True,True,True,True,True,True,True,True,True,True,True,False,True,False,False,False,13,False,0.0841202187328955,0.0737473372125809,1.0,278177225.40000004,0.2333333333333333,3.0,3.0,,,,,,0.0598408911080296,-0.0091848274384377,0.2044263163935826,-0.6932099545372594,0.5837349397590361,-0.6932099545372594,0.5696027848155535,-795.0,0.2771084337349397,0.6024096385542169,0.6024096385542169,0.3259036144578313,0.4397590361445783,和泰車
224.5,230.0,224.5,230.0,65501.0,-0.002169197396963,227.7,0.0226955768033638,224.74134674072263,0.0926365795724466,224.68727467854816,-0.1401869158878504,232.13947067260744,-0.0006468911442264,59.09090909090909,63189.95,1.0365730626468292,0.0233986906972845,2247.TW,2026-08-06,-0.0236294889214415,0.081675424625736,neutral,0.1898148148148148,0.2455977757182576,2026-03-31,2026-05-15,8954402000.0,1071235000.0,228149000.0,239620000.0,49871000.0,189749000.0,2.35,11058769000.0,4180964000.0,21216122000.0,8824557000.0,12391565000.0,3847286000.0,1000000.0,,1957261000.0,0.2081253651615057,180665406.06376764,17035158000.0,0.0106054435223769,0.0153127550878359,0.0089436231560131,0.7121422516042163,0.1196322211131463,0.0254789767088857,0.0211905831344181,-0.3190939047800822,,,24.122169142423303,24.122169142423303,False,63.29906545488427,63.29906545488427,53.50484137676903,784.0,True,False,True,True,True,True,False,True,True,True,True,True,True,True,False,False,False,12,False,0.0236449764636317,-0.009216315805358,0.0,14533688.5,0.6018518518518519,2.0,3.0,,,,,,0.0216414596237087,-0.0202600474713312,0.1432043936807074,-1.7281788817078412,0.1897590361445783,-1.7281788817078412,0.5152630403563465,-784.0,0.3012048192771084,0.0843373493975903,0.5180722891566265,0.3337349397590362,0.2795180722891566,汎德永業
36.79999923706055,37.29999923706055,36.5,37.29999923706055,29507927.0,0.1051851625795716,36.71999969482422,0.0191257047028132,36.07500019073486,0.1916932954073602,35.8458332379659,0.2078021930852562,32.83889153798421,0.0077519368692994,55.50847526118572,49033812.8,0.601787324195193,0.0339570073416188,2324.TW,2026-08-06,-0.0236294889214415,0.081675424625736,neutral,0.2046296296296296,0.1278962001853568,2026-03-31,2026-05-15,201303536000.0,10597495000.0,2644084000.0,3090596000.0,699988000.0,1967195000.0,0.45,372539532000.0,285043722000.0,452433934000.0,306525209000.0,145908725000.0,84569615000.0,55846516000.0,11898445000.0,,0.2264896479513983,2045226345.6860747,167390212000.0,0.0122183150451238,0.013482367144254,0.0043480270867569,2.100801093286231,0.0526443559342146,0.0131348115017711,0.009772282390509,0.0110778585236814,,,17.5664711440274,17.5664711440274,False,72.39176256404068,72.39176256404068,58.68543970903736,901.0,True,False,True,True,True,True,True,True,True,True,False,True,False,True,False,False,False,11,False,0.0405672254691649,0.1358483033422808,1.0,1828961180.0301692,0.0759259259259259,1.0,3.0,,,,,,0.0220640181909333,-0.0633168859915484,0.2464343667504719,-1.3953306029043355,0.3493975903614458,-1.3953306029043355,0.353797450729168,-901.0,0.1566265060240964,0.253012048192771,0.2771084337349397,0.1746987951807229,0.2096385542168674,仁寶
95.6999969482422,96.9000015258789,93.5999984741211,94.6999969482422,5189022.0,0.0998838400294048,94.1999984741211,0.1233688436535298,88.03499984741211,0.1395908385934996,88.09111315409342,0.4348484386097304,82.545556640625,0.0204068936384172,66.78571253406666,6536612.0,0.7938396833099471,0.0757084922176667,2347.TW,2026-08-06,-0.0236294889214415,0.081675424625736,neutral,0.0425925925925925,0.1742354031510658,2026-03-31,2026-05-15,126357648000.0,5428837000.0,3373256000.0,3875913000.0,784782000.0,2954386000.0,1.77,208416617000.0,157729943000.0,249263901000.0,167490035000.0,81773866000.0,15304988000.0,56810338000.0,2500000000.0,,0.2024766809781334,2690250321.030425,91533958000.0,0.0293907351961162,0.036128730907745,0.0118524422836502,2.048209815590717,0.042964055487959,0.0266960967807821,0.0233811411241209,0.3825024363831348,,,42.4453478070041,42.4453478070041,False,69.24680867928816,69.24680867928816,62.54644346121715,475.0,True,False,True,True,True,False,True,True,True,True,True,True,False,True,False,False,False,11,False,0.0750232748516661,0.1472452401106636,1.0,619017136.4518434,0.1537037037037037,1.0,3.0,,,,,,0.053935452333339,-0.0242674418934294,0.3254018120888705,-0.0951716678012373,0.658433734939759,-0.0951716678012373,0.7437102456145147,-475.0,0.5180722891566265,0.4096385542168674,0.8192771084337349,0.5632530120481928,0.5457831325301206,聯強
830.0,843.0,806.0,818.0,4054046.0,0.1099050203527816,814.2,0.195906432748538,750.15,0.3125381702340533,721.002998860677,0.7369516196530246,628.4484972635905,0.0476223727393338,68.20987654320987,4380943.65,0.9253819094431858,0.0904485769512764,2357.TW,2026-08-06,-0.0236294889214415,0.081675424625736,neutral,0.0212962962962962,0.0639481000926784,2026-03-31,2026-05-15,208369726000.0,30970538000.0,11895859000.0,13859608000.0,2702804000.0,9797017000.0,13.19,485857648000.0,327627459000.0,671441698000.0,354711686000.0,316730012000.0,57955263000.0,41417377000.0,275376000.0,,0.1950130191272365,9576011621.29809,343814239000.0,0.0278522833991703,0.0309317608967223,0.0145910166574134,1.1199181402487366,0.1486326185407567,0.0570901504184921,0.0470174683629425,0.4108280576281871,,,51.58078089609261,51.58078089609261,False,82.28881608450065,82.28881608450065,74.61180728739865,344.0,True,True,True,True,True,True,True,True,True,True,False,True,True,True,False,False,False,13,False,0.1345306486832882,0.3016181971343084,1.0,3583611905.7000003,0.0435185185185185,3.0,3.0,,,,,,0.0908290675411469,-0.0033323044738548,0.3247644540062141,-1.032484146880562,0.7259036144578314,-1.032484146880562,0.8037654828258104,-344.0,0.6265060240963856,0.9156626506024096,0.8674698795180723,0.6626506024096386,0.7614457831325301,華碩
342.0,348.5,339.0,344.0,7486723.0,0.1200034656720612,333.4,0.0222882615156017,331.3848815917969,0.0972886762360447,338.169960530599,0.5087719298245614,295.4141469319662,-0.0009797718368846,60.24222364065883,6847815.2,1.093300969921034,0.0380678754794328,2376.TW,2026-08-06,-0.0236294889214415,0.081675424625736,neutral,0.1925925925925926,0.2363299351251158,2026-03-31,2026-05-15,105057330000.0,12614630000.0,7413710000.0,7054503000.0,1410189000.0,5268403000.0,7.86,234087870000.0,170374747000.0,247826770000.0,180781022000.0,67045748000.0,63311111000.0,69227536000.0,,9540960000.0,0.199899128258929,5931715833.835495,77452023000.0,0.0765856798063944,0.0785792262322138,0.0212584096544533,2.6963831024750444,0.1200737730532462,0.0705682316502808,0.0501478859209538,0.5978925716183887,,,59.16561347732097,59.16561347732097,False,56.42183115078771,56.42183115078771,57.10777673242102,275.0,True,False,True,True,True,False,False,True,True,True,False,True,True,True,False,False,False,10,False,0.0172399685065269,0.1644669138990935,1.0,2355648428.8,0.062037037037037,2.0,3.0,,,,,,0.104682033990541,0.0767833710522705,0.4234844582459346,0.4082327044226785,0.9734939759036144,0.4082327044226785,0.9592035360912614,-275.0,0.7349397590361446,0.180722891566265,0.9879518072289156,0.7728915662650603,0.619277108433735,技嘉
151.0,158.0,151.0,154.0,16743493.0,0.1323529411764705,147.9,0.0620689655172412,145.8,0.3333333333333332,137.43333333333334,0.711111111111111,115.6441665649414,0.0103950103950103,62.37623762376238,15752224.1,1.0629288215878037,0.0562414266117969,2377.TW,2026-08-06,-0.0236294889214415,0.081675424625736,neutral,0.099074074074074,0.0583873957367933,2026-03-31,2026-05-15,56256838000.0,8440506000.0,3876357000.0,4133431000.0,716617000.0,3416814000.0,4.04,106512512000.0,56814984000.0,119099762000.0,64185562000.0,54914200000.0,25875075000.0,0.0,6305082000.0,,0.1733709840565864,3204309172.355363,62284778000.0,0.0514461040923251,0.0622209555998266,0.0286886719387398,1.1688335985956273,0.1500352010541367,0.0689046369794192,0.0607359766647389,0.0507372103469625,,,60.05362798212559,60.05362798212559,False,84.25013236661452,84.25013236661452,78.20100627049229,263.0,True,True,True,True,True,True,True,True,True,True,False,True,True,True,True,False,False,13,False,0.1205432937181663,0.3316711475759515,1.0,2425842511.4,0.0601851851851851,2.0,3.0,,,,,,0.033137163783109,-0.0239157248278311,0.2525642091444073,-1.1422113254951631,0.4704819277108434,-1.1422113254951631,0.5719350384905726,-263.0,0.7590361445783133,0.9759036144578314,0.6144578313253012,0.7373493975903614,0.7951807228915663,微星
670.0,672.0,614.0,622.0,10826326.0,0.1371115173674588,594.0,0.1766243251858974,559.2414154052734,0.3390742734122713,512.5027969360351,1.1448275862068966,432.1097318013509,0.0366720120295711,72.9957805907173,4304373.5,2.515192048273692,0.1122209172388393,2395.TW,2026-08-06,-0.0236294889214415,0.081675424625736,neutral,0.0296296296296296,0.0565338276181649,2026-03-31,2026-05-15,20385264000.0,7979823000.0,3728486000.0,4068287000.0,750007000.0,3334165000.0,3.85,49300373000.0,29811036000.0,83769137000.0,34044129000.0,49725008000.0,10001958000.0,,43915000.0,,0.184354496130681,3041122842.1397014,53958101000.0,0.0563608204473263,0.0670520756879516,0.0398018305954375,0.6846480346468723,0.3914505595806853,0.182901040673302,0.1635576071028562,0.1748587968840969,,,87.43653384699755,87.43653384699755,False,82.04950852389359,82.04950852389359,83.39626485466958,49.0,True,True,True,True,True,True,True,False,True,True,False,True,True,True,True,False,False,12,False,0.213651913157522,0.4394491820562498,1.0,2677320317.0,0.0546296296296296,3.0,2.0,,,,,,-0.026210938999381,-0.1380623914218659,0.3039237038609814,-0.9616940049600794,0.3867469879518072,-0.9616940049600794,0.4127591861511006,-49.0,1.0,1.0,0.4216867469879518,0.9132530120481928,0.8843373493975905,研華
49.09999847412109,49.09999847412109,47.04999923706055,48.150001525878906,3830629.0,0.1276346760084759,48.54000015258789,0.2022472520130029,44.85249977111816,0.4330358247773227,39.95532989501953,0.6777003569998297,34.56808164914449,0.045634691461022,66.27359084702849,5725987.75,0.6689900794845396,0.0735187954202745,2425.TW,2026-08-06,-0.0236294889214415,0.081675424625736,neutral,0.0185185185185185,0.0324374420759962,2026-03-31,2026-05-15,742329000.0,57186000.0,84000.0,19626000.0,14929000.0,59718000.0,0.62,6477498000.0,3530704000.0,6656471000.0,3632354000.0,3024117000.0,955233000.0,0.0,,,0.4,50400.0,3125767000.0,1.6124042515005117e-05,0.0197472518424386,0.0089714204418527,1.2011287923053242,0.0770359234247887,0.0001131573736173,0.0804468099723976,-0.0094210083147737,,,20.556959597295062,20.556959597295062,False,83.9005292919802,83.9005292919802,68.06463686830892,850.0,True,True,True,True,True,True,True,True,True,True,False,True,False,True,False,False,False,12,False,0.2050958320802363,0.3929034886745168,1.0,275706318.8996639,0.2342592592592592,1.0,3.0,,,,,,0.0063634019355968,-0.0916118034129909,0.2428181029932579,-1.6765110496413624,0.2662650602409638,-1.6765110496413624,0.2742662007239239,-850.0,0.2048192771084337,0.7108433734939759,0.180722891566265,0.2012048192771084,0.3518072289156626,承啟
42.45000076293945,46.0,42.45000076293945,45.95000076293945,1311818.0,0.1331689673854197,44.16999969482422,0.0786385541974479,45.522500038146966,0.3475074140490497,40.201666577657065,0.6094571625519376,36.070416657129925,0.0117235282571295,45.51148717600759,1904963.35,0.6886316211805334,0.0093909764277939,2527.TW,2026-08-06,-0.0236294889214415,0.081675424625736,neutral,0.0796296296296296,0.051899907321594,2026-03-31,2026-05-15,4588717000.0,1261812000.0,1127130000.0,1064163000.0,166487000.0,902888000.0,3.45,13282023000.0,8513905000.0,33780839000.0,11901818000.0,21879021000.0,1538877000.0,2676000000.0,3358749000.0,,0.1564487771140323,950791889.8514608,25266934000.0,0.0376298877359421,0.0412672943638565,0.0267278145459915,0.5439831151494393,0.2749814381667032,0.2456307503818605,0.1967626244983074,24.973085718167,,,82.24426248497689,82.24426248497689,False,72.0961947970541,72.0961947970541,74.63321171903479,75.0,True,False,True,True,True,True,True,False,True,True,False,True,False,True,True,False,False,10,False,0.1429874598402134,0.2738971440147382,1.0,87533067.3858717,0.3527777777777778,1.0,2.0,,,,,,0.031404062053859,-0.0162608107340335,0.340743668898613,-0.8748757673182712,0.5716867469879519,-0.8748757673182712,0.7257400572939681,-75.0,0.963855421686747,0.927710843373494,0.8072289156626506,0.9403614457831324,0.9216867469879518,宏璟
90.5,94.5,90.5,93.0,1173190.0,0.0763888698791774,89.36000061035156,0.0508474576271187,88.04000091552734,0.24,86.52833366394043,0.448209764931516,77.9962428410848,0.0022768670072343,70.96776257694621,336464.8,3.486813479448668,0.0563380171841625,2535.TW,2026-08-06,-0.0236294889214415,0.081675424625736,neutral,0.1189814814814814,0.098239110287303,2026-03-31,2026-05-15,7158996000.0,1023899000.0,759460000.0,917121000.0,168741000.0,748785000.0,2.88,29176307000.0,17358125000.0,31406521000.0,21164629000.0,10241892000.0,7958413000.0,1895000000.0,3752518000.0,0.0,0.1839898988246916,619727031.4385997,14048396000.0,0.0441137216973809,0.0731100269364293,0.023841704721131,2.0664764869615886,0.1430227087708946,0.10608470796743,0.1045935770881838,0.5557714720596632,,,66.50740970485359,66.50740970485359,False,73.66941256371985,73.66941256371985,71.87891184900329,196.0,True,False,True,True,True,True,True,True,True,True,True,True,False,True,True,False,False,12,False,0.0747924530847234,0.1923651269906032,1.0,31291226.4,0.4898148148148148,1.0,3.0,,,,,,0.0889607505036646,0.0309534537975128,0.3463625323796589,-0.4116115377588887,0.8620481927710844,-0.4116115377588887,0.8950526669379147,-196.0,0.8313253012048193,0.8192771084337349,0.9518072289156626,0.8493975903614458,0.8518072289156626,達欣工
42.84999847412109,43.54999923706055,42.5,43.09999847412109,1177927.0,0.0034923797093633,42.530000305175776,0.0966920944231743,41.265000343322754,0.0966920944231743,39.13666687011719,-0.0751072985966662,42.732500076293945,0.0190146949306451,63.5294133486639,1297627.35,0.9077544489178652,0.0444686323889795,2539.TW,2026-08-06,-0.0236294889214415,0.081675424625736,neutral,0.0564814814814814,0.2409638554216867,2026-03-31,2026-05-15,2476909000.0,1123612000.0,1002985000.0,1009807000.0,195023000.0,814784000.0,0.68,31998835000.0,10750825000.0,32104295000.0,13379256000.0,18725039000.0,5711725000.0,397000000.0,2628180000.0,,0.1931289840533884,809279525.9292122,21353470000.0,0.0378992044819512,0.0435130735909281,0.0253792833637991,0.7145115158371633,0.4536347520235907,0.4049341336318774,0.3289519316212262,-0.5500200926952697,,,74.05495514883755,74.05495514883755,False,78.17671925946847,78.17671925946847,77.14627823181074,129.0,True,True,True,True,True,True,True,True,True,True,True,True,True,True,True,False,False,14,False,0.101269012436777,0.0085999741922662,1.0,55927736.8049778,0.4111111111111111,1.0,3.0,,,,,,0.0343243681540982,-0.032228650384681,0.1721694145123007,-1.5606791444209682,0.2939759036144578,-1.5606791444209682,0.265319460606604,-129.0,0.9156626506024096,0.963855421686747,0.1566265060240964,0.8018072289156626,0.7783132530120481,櫻花建
43.79999923706055,44.20000076293945,43.79999923706055,44.09999847412109,5060152.0,-0.0056369787734238,44.029999542236325,0.0114678903096012,43.79499969482421,0.0327868310577814,43.58749993642171,0.1775700287238037,40.40416666666667,0.0004568791695309,56.66665607029206,8106714.5,0.6241926985340362,0.0069642375025045,2542.TW,2026-08-06,-0.0236294889214415,0.081675424625736,neutral,0.2379629629629629,0.3725671918443002,2026-03-31,2026-05-15,16191907000.0,4874634000.0,3912933000.0,3918335000.0,698387000.0,2421313000.0,1.15,244126134000.0,168451704000.0,269504119000.0,203260373000.0,66243746000.0,18030010000.0,104829064000.0,11468836000.0,23019028000.0,0.1782356536641201,3215508829.0010934,101052415000.0,0.0318202076516537,0.0365515712230404,0.0089843265067128,3.068370756086167,0.3010537301134449,0.2416597995529495,0.1495384700517363,13.610654325020349,,,58.947380152838136,58.947380152838136,False,64.31245785164793,64.31245785164793,62.97118842694549,278.0,True,False,True,True,True,True,True,True,True,False,True,True,False,True,False,False,False,11,False,0.0117579245987251,0.0914715513858988,1.0,357506097.0801353,0.199074074074074,1.0,3.0,,,,,,0.0854427966923018,0.0903971637348975,0.1937092729709153,-0.5882140661911933,0.7759036144578313,-0.5882140661911933,0.770398767134555,-278.0,0.7228915662650602,0.4457831325301205,0.8313253012048193,0.7391566265060241,0.6614457831325301,興富發
99.0,100.0,99.0,100.0,238610.0,0.015228426395939,100.9199996948242,0.0845987343810481,97.125,0.179245240580532,92.57333335876464,0.1641443332206835,88.62250010172527,0.0190431240740072,60.20942073763812,216474.55,1.102254283471198,0.0296010296010296,2546.TW,2026-08-06,-0.0236294889214415,0.081675424625736,neutral,0.0731481481481481,0.1380908248378128,2026-03-31,2026-05-15,4271987000.0,331333000.0,227648000.0,236497000.0,50162000.0,186338000.0,1.43,15279304000.0,9683343000.0,16184746000.0,9989889000.0,6194857000.0,7854449000.0,0.0,,,0.2121041704545935,179362909.8043527,6501403000.0,0.0275883389791945,0.0300794675325031,0.0115131865523252,1.6126101054471476,0.0775594588653944,0.0532885516739634,0.0436185784273219,0.0858039345262302,,,37.32527210445105,37.32527210445105,False,81.79373502766504,81.79373502766504,70.67661929686155,570.0,True,True,True,True,True,True,True,True,True,True,True,True,True,True,False,False,False,14,False,0.0802246864380866,0.1283816173682199,1.0,21647455.0,0.5462962962962963,1.0,3.0,,,,,,0.099852142706205,0.0413016807237504,0.3456244895942982,-0.0673754744790101,0.9096385542168676,-0.0673754744790101,0.9010328211106806,-570.0,0.4457831325301205,0.7831325301204819,0.963855421686747,0.5234939759036145,0.6506024096385542,根基
65.19999694824219,65.5999984741211,64.0999984741211,64.4000015258789,2641623.0,0.0609555307485021,63.58000030517578,0.0206022675625101,62.9399995803833,0.0451010961565556,63.35534642537434,0.0909091966498985,61.34288078943889,0.0044685623496231,64.7541160450322,3432558.15,0.7695785139138867,0.0231967263303041,2606.TW,2026-08-06,-0.0236294889214415,0.081675424625736,neutral,0.1972222222222222,0.3447636700648749,2026-03-31,2026-05-15,3891765000.0,1243986000.0,987897000.0,987799000.0,68000.0,987731000.0,1.17,29154469000.0,15158773000.0,89632874000.0,49048791000.0,40584083000.0,18437340000.0,5972000000.0,33795287000.0,,6.883991581283237e-05,987828993.2536882,74474101000.0,0.0132640606598754,0.0243378912860985,0.0110197403689186,1.2085721143434485,0.3196457134487822,0.2538429221702749,0.2538002680017935,0.1329549990000165,,,55.37983321173965,55.37983321173965,False,58.22606205920102,58.22606205920102,57.51450484733568,303.0,True,False,True,True,True,False,True,True,True,False,True,True,False,True,False,False,False,10,False,0.0164888231135322,0.0498366020163556,1.0,221056750.09766808,0.2462962962962963,1.0,3.0,,,,,,0.0317537751165369,-0.0201819525842048,0.1574085332388328,-1.642058106342255,0.2668674698795181,-1.642058106342255,0.2885618547781181,-303.0,0.6867469879518072,0.216867469879518,0.216867469879518,0.6162650602409638,0.4518072289156626,裕民
46.900001525878906,47.25,46.75,47.25,294101.0,0.0021208583432645,47.10000076293945,0.0194175092881916,47.03249988555908,0.0587595414023713,46.31610921223958,-0.1098507480706599,47.71391356786092,0.0041097377323134,65.33335367838555,387300.25,0.7593617613208357,0.004624464252807,2607.TW,2026-08-06,-0.0236294889214415,0.081675424625736,neutral,0.2027777777777777,0.3076923076923077,2026-03-31,2026-05-15,3991930000.0,868803000.0,467559000.0,709936000.0,149297000.0,553268000.0,1.04,14530568000.0,4295956000.0,44350782000.0,12631508000.0,31719274000.0,4170571000.0,346407000.0,4274711000.0,,0.2102964210858443,369233015.6535237,40054826000.0,0.0092181904785586,0.0174426438637908,0.012474819496982,0.3982281561677609,0.2176398383739193,0.1171260518095257,0.1385966186781832,-0.1369527758740344,,,38.62339041274056,38.62339041274056,False,66.79489357499784,66.79489357499784,59.75201778443352,547.0,True,False,True,True,True,True,True,True,True,False,True,True,False,True,False,False,False,11,False,0.0201634119023457,-0.009722815279051,0.0,18299936.8125,0.5694444444444444,1.0,3.0,,,,,,0.0390861329320093,0.0064975445288737,0.1171528766949342,-1.7165732945976857,0.2831325301204819,-1.7165732945976857,0.2656755658441584,-547.0,0.4698795180722891,0.2891566265060241,0.1686746987951807,0.4246987951807229,0.3554216867469879,榮運
22.600000381469727,22.700000762939453,22.100000381469727,22.14999961853028,23627479.0,0.0207372737220985,22.410000228881835,0.0759978478151035,21.40927734375,0.1813333129882814,20.73371569315593,-0.0067264405229657,19.91144118309021,0.013740148438433,66.27906099921094,41451689.7,0.5700003828794462,0.034598191376904,2610.TW,2026-08-06,-0.0236294889214415,0.081675424625736,neutral,0.0842592592592592,0.1353104726598702,2026-03-31,2026-05-15,56997031000.0,11740924000.0,6436036000.0,7021709000.0,1173546000.0,5169442000.0,0.85,86787582000.0,117191909000.0,372739998000.0,264413465000.0,108326533000.0,52710911000.0,,54806125000.0,5750000000.0,0.1671311072560825,5360374176.979992,255548089000.0,0.0209759900688593,0.0477209217062268,0.0138687611411104,2.440892897403077,0.2059918524528058,0.1129187939631452,0.0906966890959636,0.080061410563945,,,43.706898976143904,43.706898976143904,False,76.10701968801085,76.10701968801085,68.00698951004412,453.0,True,True,True,True,True,True,True,True,True,True,True,True,False,True,False,False,False,13,False,0.0683082543589548,0.1124257362817695,1.0,918154911.0424356,0.1185185185185185,0.0,3.0,,,,,,0.0634540813329432,0.024766298355984,0.2136037910664757,-0.9862058592086916,0.6469879518072289,-0.9862058592086916,0.5801980187466199,-453.0,0.5783132530120482,0.6987951807228916,0.6265060240963856,0.5855421686746988,0.6240963855421686,華航
85.0999984741211,85.5999984741211,84.0,84.30000305175781,4896111.0,-0.0011848160226682,85.31999969482422,0.0485074807445566,83.33999938964844,0.1345894964907867,81.32964973449707,0.1453804999927956,79.16482493082682,0.018328441137895,63.48316388636481,9740767.25,0.5026412062150443,0.0115191224998809,2615.TW,2026-08-06,-0.0236294889214415,0.081675424625736,neutral,0.1222222222222222,0.1797961075069508,2026-03-31,2026-05-15,33640864000.0,7656632000.0,5825197000.0,9789626000.0,2113020000.0,7671518000.0,2.73,141008376000.0,35567443000.0,420232464000.0,133190864000.0,287041600000.0,99479800000.0,1000000000.0,42718782000.0,0.0,0.2158427707044171,4567870339.620942,384665021000.0,0.0118749303686256,0.0267261539790748,0.0182554149362434,0.4640124079575922,0.2275991484642011,0.1731583647792161,0.2280416460171772,-0.0929984351119866,,,48.73816272918027,48.73816272918027,False,75.03928653579985,75.03928653579985,68.46400558414496,389.0,True,True,True,True,True,True,True,True,True,True,True,True,False,True,False,False,False,13,False,0.036522391611885,0.0648669169093474,1.0,821146708.9014626,0.1277777777777777,1.0,3.0,,,,,,0.0685922131056872,0.0215869291818143,0.2390628939803859,-1.1899479646867248,0.658433734939759,-1.1899479646867248,0.6466057971713719,-389.0,0.6024096385542169,0.7228915662650602,0.6987951807228916,0.6168674698795181,0.6578313253012048,萬海
86.19999694824219,86.5999984741211,84.5,85.5,2207412.0,0.0947503414911197,83.22000122070312,0.0301204819277107,82.25000076293945,0.2092865961244019,77.05702489217123,0.2821561111596082,72.63059409459431,0.0131805871796445,63.43611727755026,2584964.8,0.8539427693560857,0.0395136681691672,2637.TW,2026-08-06,-0.0236294889214415,0.081675424625736,neutral,0.1694444444444444,0.1158480074142724,2026-03-31,2026-05-15,4338022000.0,1244039000.0,1197473000.0,1201283000.0,6082000.0,1195201000.0,1.6,8930959000.0,8128467000.0,84286573000.0,33874386000.0,50412187000.0,5975075000.0,2132536000.0,18694305000.0,992902000.0,0.0050629202277897,1191410289.726068,76158106000.0,0.0156439065032167,0.0237085726909645,0.0141802063775923,0.6719483524886551,0.2867756318432686,0.276041246448266,0.2755175054437253,0.2360516073148353,,,62.80204855376821,62.80204855376821,False,77.60647518701795,77.60647518701795,73.90536852870551,238.0,True,True,True,True,True,True,True,True,True,True,True,True,True,True,True,False,False,14,False,0.1095678832610438,0.1771898752286747,1.0,221014490.4,0.2472222222222222,1.0,3.0,,,,,,0.0268217087308382,-0.043204802290258,0.2166924027339957,-1.550277817887656,0.3114457831325301,-1.550277817887656,0.3044019205660058,-238.0,0.7831325301204819,0.9036144578313252,0.2289156626506024,0.7,0.708433734939759,慧洋-KY
45.59999847412109,46.20000076293945,45.29999923706055,45.59999847412109,81326.0,-0.050000031789144,46.41999969482422,0.0044052189762191,45.93156204223633,0.0519031160137917,44.29802055358887,0.0629369895619569,43.46901022593181,0.0077890895496419,52.835453599782674,120165.35,0.6767841145554854,-0.00721864342019,2704.TW,2026-08-06,-0.0236294889214415,0.081675424625736,neutral,0.2629629629629629,0.3225208526413345,2026-03-31,2026-05-15,378532000.0,113136000.0,11772000.0,102498000.0,43662000.0,58697000.0,0.16,22038050000.0,4179836000.0,34495152000.0,8091080000.0,26404072000.0,3958344000.0,340000000.0,400000000.0,,0.4,7063200.0,30315316000.0,0.0002329911388685,0.0022230283268429,0.0017016014308329,0.3064330380556453,0.2988809400526243,0.0310990880559635,0.1550648293935519,0.0078893625405718,,,28.393804821713665,28.393804821713665,False,59.97637157261405,59.97637157261405,52.08072988488895,712.0,True,False,True,True,False,True,True,True,True,False,True,True,False,True,False,False,False,10,False,0.0293913340655294,0.0490231601113848,1.0,5479539.776642227,0.7351851851851852,1.0,3.0,,,,,,0.0405009815215387,0.0044527090113203,0.1673028487030987,-1.254904107214601,0.4144578313253012,-1.254904107214601,0.4091801938128993,-712.0,0.3493975903614458,0.036144578313253,0.3975903614457831,0.3566265060240964,0.2650602409638554,國賓
58.5,59.09999847412109,57.70000076293945,57.79999923706055,374125.0,0.0069686010548501,58.97999954223633,0.0266429843752573,57.23500003814697,0.1432555014734806,54.37592576344808,0.2742166517382185,50.28012243906657,0.0104157431077211,58.13952663126095,232787.8,1.6071503747189502,0.0098715680708831,2832.TW,2026-08-06,-0.0236294889214415,0.081675424625736,neutral,0.1796296296296296,0.1640407784986098,2026-03-31,2026-05-15,,,514384000.0,513794000.0,96832000.0,,,,,25841065000.0,13610551000.0,12230514000.0,3713301000.0,,,,0.1884646375784847,417440805.8638287,25841065000.0,0.0161541641516643,,,1.112835568480605,,,,,,,55.14019466216183,55.14019466216183,False,78.09483212218483,78.09483212218483,72.35617275717908,306.0,True,True,True,True,True,True,True,True,True,True,True,True,True,True,False,False,False,14,False,0.0629703940767507,0.1495596357607753,1.0,13455134.662397005,0.6148148148148148,1.0,3.0,,,,,,0.0433561204333705,0.0008953805491421,0.1563300935172934,-1.3540077948189242,0.389156626506024,-1.3540077948189242,0.3656086824319149,-306.0,0.6746987951807228,0.8433734939759037,0.3132530120481928,0.6204819277108433,0.6530120481927711,台產
154.5,157.0,153.0,157.0,292181.0,0.0,159.9,0.0940766550522647,151.8,0.2414322651792382,142.65646832784017,0.4611548235325526,128.74147872924806,0.0248101265822785,67.14285714285714,429165.9,0.6808113132939966,0.0342555994729907,2850.TW,2026-08-06,-0.0236294889214415,0.081675424625736,neutral,0.0601851851851851,0.0954587581093605,2026-03-31,2026-05-15,,,1507350000.0,1508204000.0,248433000.0,,,,,58099283000.0,36260125000.0,21839158000.0,14722947000.0,,,,0.1647210854765005,1259057671.8069968,58099283000.0,0.0216707953488341,,,1.6603261444420157,,,,,,,51.89726928896828,51.89726928896828,False,76.8372119557295,76.8372119557295,70.6022262890392,341.0,True,True,True,True,True,True,True,True,True,True,True,True,False,True,False,False,False,13,False,0.1005459607986145,0.2194981877610828,1.0,67379046.3,0.3805555555555555,2.0,3.0,,,,,,0.0095904634738207,-0.0360606057767829,0.1833410208489013,-2.017810304240259,0.2060240963855421,-2.017810304240259,0.1949495166136702,-341.0,0.6385542168674698,0.7710843373493976,0.072289156626506,0.5536144578313252,0.5650602409638554,新產
9.68000030517578,9.81999969482422,9.68000030517578,9.770000457763672,17363585.0,0.0198330412913105,9.804000091552734,0.102708898007757,9.318499994277952,0.2639069125040829,8.5443332751592,0.2414232020118529,8.191249982515972,0.0290999528207674,72.83240244405293,20276261.55,0.856350415345673,0.0484520538458941,2867.TW,2026-08-06,-0.0236294889214415,0.081675424625736,neutral,0.05,0.0834105653382761,2026-03-31,2026-05-15,,,-260328000.0,-260476000.0,-99972000.0,,,,,1583200325000.0,1505084533000.0,78115792000.0,70736282000.0,,,,0.3838050338610851,-160412803.14501145,1583200325000.0,-0.0001013218609243,,,19.267352918856663,,,,,,,0.0,0.0,False,75.45240702036762,75.45240702036762,56.58930526527571,1079.0,True,True,True,True,True,True,True,False,True,True,True,True,True,True,False,False,False,13,False,0.1434479605527365,0.1927362098113847,1.0,198099084.62523597,0.2574074074074074,0.0,3.0,,,,,,0.0981012441190003,-0.0268844990769911,0.2345783920472021,-0.4333496006052382,0.6789156626506023,-0.4333496006052382,0.6534654019997812,-1079.0,0.0120481927710843,0.1686746987951807,0.7108433734939759,0.116867469879518,0.1987951807228915,三商壽
128.5,129.5,125.0,126.0,19926021.0,0.0161290322580645,128.7,0.0120481927710842,126.525,0.375664808048741,118.58094444274904,0.4191224868795116,102.87166786193848,0.0109868158210147,52.54237288135593,22481371.5,0.8863347594251534,-0.004149377593361,2881.TW,2026-08-06,-0.0236294889214415,0.081675424625736,neutral,0.237037037037037,0.041705282669138,2026-03-31,2026-05-15,66193246000.0,,,38624861000.0,5062760000.0,33551455000.0,,,,13120104726000.0,12085399702000.0,1034705024000.0,358727505000.0,,,,0.131075164257549,,13120104726000.0,,0.0324261062058977,0.0025572551211051,11.68004351160858,,,0.5068712750542556,-0.3925800152621125,,,12.264204123597382,12.264204123597382,False,67.44889335700036,67.44889335700036,53.65272104864961,1007.0,True,False,True,True,False,True,True,True,True,True,True,True,True,True,False,False,False,12,False,0.0625653269344037,0.2248270356528241,1.0,2832652809.0,0.0509259259259259,2.0,3.0,,,,,,-0.0176015146031447,-0.124554637782174,0.2843555364429458,-0.8337433708047031,0.3957831325301205,-0.8337433708047031,0.3849408790994145,-1007.0,0.0602409638554216,0.0963855421686747,0.3373493975903614,0.1018072289156626,0.1265060240963855,富邦金
99.3000030517578,100.5,97.5,97.5,16618124.0,0.0241596966962955,99.83999938964844,0.0124610271050276,97.03000030517578,0.3063666503756559,93.81338958740234,0.3518360590742813,82.90278600056966,0.0108871145301791,56.7226774922777,21463880.75,0.7742366906320051,0.0048438595624651,2882.TW,2026-08-06,-0.0236294889214415,0.081675424625736,neutral,0.2342592592592592,0.0648748841519925,2026-03-31,2026-05-15,72538053000.0,,,38391738000.0,6735806000.0,31593811000.0,,,,14450034484000.0,13633007653000.0,817026831000.0,293505959000.0,,,,0.1754493636104726,,14450034484000.0,,0.0386692453677815,0.0021864176888285,16.686119887046893,,,0.4355480977687669,-0.3173702053156907,,,13.906153918122188,13.906153918122188,False,72.00142451782527,72.00142451782527,57.477606867899496,984.0,True,False,True,True,True,True,True,True,True,True,True,True,False,True,False,False,False,12,False,0.0392972733296561,0.1760762780557221,1.0,2092728373.125,0.0685185185185185,1.0,3.0,,,,,,0.014034025032016,-0.0956651110165246,0.2650397897351495,-0.8869194974494224,0.4096385542168674,-0.8869194974494224,0.3953162861589937,-984.0,0.0963855421686747,0.2048192771084337,0.3734939759036144,0.1379518072289156,0.1843373493975903,國泰金
31.14999961853028,31.350000381469727,30.5,30.600000381469727,45934499.0,0.0569948039739789,30.8,0.0183028671671601,30.182499980926515,0.4427362794391003,27.27401774724325,0.7352363823933008,23.565063158671062,0.0095325676867933,53.614457969759584,47778354.75,0.9614081363904644,0.0138325321231522,2883.TW,2026-08-06,-0.0236294889214415,0.081675424625736,neutral,0.2101851851851852,0.0305838739573679,2026-03-31,2026-05-15,23565513000.0,,,13099615000.0,1407592000.0,11689699000.0,,,,4235032868000.0,3864021319000.0,371011549000.0,75116245000.0,,,,0.1074529289601259,,4235032868000.0,,0.0315076418281523,0.0027602380818169,10.414827596108069,,,0.4960511150340754,-0.1317078255463794,,,12.146336472811727,12.146336472811727,False,70.8764007943947,70.8764007943947,56.19388471399896,1012.0,True,False,True,True,True,True,True,True,True,True,True,True,True,True,False,False,False,13,False,0.1219469263769419,0.2985325002284185,1.0,1462017673.575996,0.0898148148148148,1.0,3.0,,,,,,-0.0049877044754733,-0.1432267260656939,0.2254805338961082,-1.2077420897757989,0.2831325301204819,-1.2077420897757989,0.2746662693190181,-1012.0,0.0481927710843373,0.144578313253012,0.1927710843373494,0.0698795180722891,0.1060240963855421,凱基金
37.70000076293945,38.25,37.70000076293945,37.95000076293945,22642386.0,0.0066312996005495,38.23000030517578,0.0920863528903439,36.33750019073487,0.2400490741262995,33.60960553487142,0.1843582116418569,32.55311943689982,0.0268456374391975,69.38776463480906,44846055.45,0.5048913616325647,0.0443756605088572,2884.TW,2026-08-06,-0.0236294889214415,0.081675424625736,neutral,0.0638888888888888,0.0973123262279888,2026-03-31,2026-05-15,25169421000.0,,,12706707000.0,2639201000.0,10056957000.0,,,,4679436007000.0,4394289185000.0,285146822000.0,45485669000.0,,,,0.2077014131198586,,4679436007000.0,,0.0352693988642805,0.0021491814365995,15.410619533399537,,,0.3995704549580223,0.174006725249566,,,29.938092003685178,29.938092003685178,False,75.02875840358388,75.02875840358388,63.7560918036092,686.0,True,True,True,True,True,True,True,True,True,True,True,True,False,True,False,False,False,13,False,0.1291415105590776,0.165786917487303,1.0,1701907838.542325,0.0805555555555555,1.0,3.0,,,,,,-0.0648279887207365,-0.1478850241244234,0.1348371527874425,-1.9537988149869183,0.0512048192771084,-1.9537988149869183,0.0573042984574445,-686.0,0.3734939759036144,0.4939759036144578,0.0120481927710843,0.3192771084337349,0.3373493975903615,玉山金
50.5,51.900001525878906,50.29999923706055,50.29999923706055,31290910.0,-0.0233009856881447,51.37999954223633,0.0770877604990962,48.98250007629394,0.2718078434228299,45.064166895548496,0.2930590556300516,42.274166679382326,0.0259726650024755,63.235306767314974,32694269.2,0.9570762939701984,0.0268973441272801,2886.TW,2026-08-06,-0.0236294889214415,0.081675424625736,neutral,0.0833333333333333,0.0769230769230769,2026-03-31,2026-05-15,20768442000.0,,,11219594000.0,1822242000.0,9397352000.0,,,,5003279677000.0,4601326283000.0,401953394000.0,108936088000.0,,,,0.1624160375143699,,5003279677000.0,,0.0233792079884763,0.0018782383969458,11.447412440557724,,,0.4524822805677961,0.1010590363542149,,,21.43739093265881,21.43739093265881,False,80.33469423495757,80.33469423495757,65.61036840938287,835.0,True,True,True,True,True,True,True,True,True,True,True,True,True,True,False,False,False,14,False,0.116186156367827,0.1898519400405478,1.0,1644521715.816252,0.0824074074074074,1.0,3.0,,,,,,-0.0713141911658072,-0.165882071529392,0.1540131862004873,-1.871564876782352,0.0620481927710843,-1.871564876782352,0.0755350000348415,-835.0,0.2289156626506024,0.5783132530120482,0.0240963855421686,0.1981927710843373,0.2927710843373494,兆豐金
35.79999923706055,36.29999923706055,35.5,35.5,50662936.0,0.0,35.880000305175784,0.0565476670286844,34.625,0.2033898305084744,31.88666652043661,0.2262521265783721,30.392499907811484,0.0190567355821817,61.66667938232421,40565285.1,1.24892345450322,0.0252707581227435,2892.TW,2026-08-06,-0.0236294889214415,0.081675424625736,neutral,0.1055555555555555,0.1177015755329008,2026-03-31,2026-05-15,19296673000.0,,,10035758000.0,1792064000.0,8243694000.0,,,,5146398447000.0,4848752228000.0,297646219000.0,66304190000.0,,,,0.1785678769854753,,5146398447000.0,,0.0276962832845526,0.0016018374956578,16.290320247609124,,,0.427208047729264,0.0559316737098873,,,19.735682713005552,19.735682713005552,False,82.3302977068505,82.3302977068505,66.68164395838926,866.0,True,True,True,True,True,True,True,True,True,True,True,True,True,True,False,False,False,14,False,0.1133180063600427,0.1680513319957528,1.0,1440067621.05,0.0907407407407407,1.0,3.0,,,,,,-0.0451936477151557,-0.1684094507099651,0.1581728198267377,-1.490109064393862,0.1265060240963855,-1.490109064393862,0.1212690452397262,-866.0,0.1686746987951807,0.6506024096385542,0.0481927710843373,0.1506024096385542,0.2891566265060241,第一金
16.299999237060547,16.399999618530273,15.800000190734863,16.200000762939453,1488587.0,-0.0240963620083277,16.610000228881837,0.0519481275471311,15.997500133514404,0.2134831685417497,14.920833365122478,0.0657895372514918,14.801250012715656,0.0217148366957526,66.12905061704278,1271259.95,1.1709540601825772,0.0126582670876691,2905.TW,2026-08-06,-0.0236294889214415,0.081675424625736,neutral,0.1129629629629629,0.1112140871177015,2026-03-31,2026-05-15,29552820000.0,,,,-68929000.0,32878000.0,0.03,133124099000.0,1468399841000.0,1617410517000.0,62246052000.0,86764624000.0,72610211000.0,2757000000.0,7269508000.0,,,,149010676000.0,,0.0003789332389661,2.032755423217024e-05,0.717412801788895,,,0.0011125165043471,-0.4161502905041906,,,21.27042291580655,21.27042291580655,False,75.61128656194828,75.61128656194828,62.02607065041285,841.0,True,True,True,True,True,True,True,True,True,True,True,True,True,True,False,False,False,14,False,0.0857302917682223,0.0945022041396597,1.0,20594412.15989437,0.5518518518518518,0.0,3.0,,,,,,0.0455542116618276,0.0128537976002926,0.1500604513568719,-1.4589576730106055,0.3843373493975904,-1.4589576730106055,0.3242411719440439,-841.0,0.216867469879518,0.3614457831325301,0.253012048192771,0.222289156626506,0.2674698795180723,三商
21.700000762939453,21.799999237060547,21.350000381469727,21.700000762939453,279332.0,-0.0136363289572976,21.780000305175783,-0.0068649709799311,21.82749996185303,0.0758304410923247,21.24715299606323,0.0997378697329149,20.51960921287537,0.0029867874487319,45.90163831908137,197031.35,1.41770332487698,-0.0058412186066384,2908.TW,2026-08-06,-0.0236294889214415,0.081675424625736,neutral,0.3111111111111111,0.2771084337349397,2026-03-31,2026-05-15,9402236000.0,2780908000.0,276866000.0,231204000.0,54293000.0,160854000.0,0.32,20114529000.0,15304252000.0,40538813000.0,31810333000.0,8728480000.0,2421634000.0,4169050000.0,9539478000.0,,0.2348272521236656,211850318.0135292,25234561000.0,0.0083952448395487,0.0184286382050483,0.0039679010828462,3.6444298434549887,0.2957709208745664,0.0294468252020051,0.0171080581257479,0.0988141239298459,,,24.019508975015057,24.019508975015057,False,62.21981686393468,62.21981686393468,52.669739891704765,787.0,True,False,True,True,False,True,True,False,True,False,True,True,True,True,False,False,False,10,False,0.0213133386369517,0.0575250502004407,1.0,4275580.44532299,0.7685185185185185,0.0,3.0,,,,,,0.0954463009008059,0.0570559560846272,0.2456041892900773,-0.0579991249567198,0.8560240963855421,-0.0579991249567198,0.8617647764385911,-787.0,0.2891566265060241,0.0602409638554216,0.927710843373494,0.3849397590361445,0.3481927710843373,特力
51.59999847412109,51.900001525878906,51.09999847412109,51.20000076293945,1874810.0,-0.0038910653113259,51.9,0.0213692134083649,51.08489570617676,0.1920838149814128,49.38611106872558,0.0199203184223506,48.71638895670573,0.0071777742811129,52.380949497579486,2960735.1,0.6332244988752962,0.0022532111531505,2915.TW,2026-08-06,-0.0236294889214415,0.081675424625736,neutral,0.1953703703703703,0.1269694161260426,2026-03-31,2026-05-15,418613000.0,187104000.0,-8207000.0,2736586000.0,18591000.0,2708283000.0,2.59,4840429000.0,1001903000.0,130249863000.0,12898049000.0,117351814000.0,3969846000.0,450000000.0,9445000000.0,,0.0067935010995452,-8151245.736476032,129247960000.0,-6.306672644176382e-05,0.0230783224194557,0.0207929815634431,0.1099092426470714,0.4469617522628298,-0.019605220095888,,-0.3549697834454577,,,42.46996725529738,42.46996725529738,False,66.57569830136646,66.57569830136646,60.54926553984919,473.0,True,False,True,True,True,True,True,True,True,True,True,True,False,True,False,False,False,12,False,0.0367287412383952,0.0509810324496939,1.0,151589639.37886164,0.2935185185185185,1.0,3.0,,,,,,0.0842570179935491,0.0472201598538876,0.1732011792258628,-1.3739934727914411,0.6150602409638554,-1.3739934727914411,0.6559069543772277,-473.0,0.5301204819277109,0.3253012048192771,0.7228915662650602,0.5590361445783133,0.5072289156626506,潤泰全
114.5,116.0,113.5,115.5,2750696.0,0.05,114.6,0.03125,113.0,0.1797752625107846,106.79666659037272,0.0894910584938371,106.96824633280436,0.0132257341403272,60.37735849056604,4457916.05,0.6170362943465479,0.0221238938053096,3005.TW,2026-08-06,-0.0236294889214415,0.081675424625736,neutral,0.1657407407407407,0.1371640407784986,2026-03-31,2026-05-15,9308269000.0,2890739000.0,1257624000.0,1391228000.0,215931000.0,1087413000.0,1.74,34157049000.0,19619666000.0,51413542000.0,24716257000.0,26697285000.0,14015961000.0,1317501000.0,1977017000.0,,0.1552089233396682,1062429532.993873,31793876000.0,0.0334161689815319,0.0407312204218518,0.0211503226134468,0.9257966493596632,0.3105560228222884,0.1351082569702272,0.1168222577151562,-0.0255358141879895,,,60.64311592085046,60.64311592085046,False,77.75051067605338,77.75051067605338,73.47366198725265,256.0,True,True,True,True,True,True,True,True,True,True,True,True,False,True,True,False,False,13,False,0.0814944294376678,0.0797596853242903,1.0,514889303.775,0.1666666666666666,2.0,3.0,,,,,,0.0538156698130199,0.0005536217338288,0.2936325015340567,-0.6394633593473643,0.6819277108433734,-0.6394633593473643,0.6929025540808598,-256.0,0.7710843373493976,0.8674698795180723,0.7590361445783133,0.769277108433735,0.7975903614457831,神基
111.0,114.0,108.5,110.0,3217124.0,0.083743842364532,107.4,0.0679611650485436,104.1150001525879,0.1328527469474367,102.07666676839192,0.0394394407095566,102.33269068400064,0.0104328415994572,61.06194889430022,1337074.15,2.406092436982646,0.0565240343734065,3029.TW,2026-08-06,-0.0236294889214415,0.081675424625736,neutral,0.0953703703703703,0.1825764596848934,2026-03-31,2026-05-15,6876938000.0,811379000.0,385472000.0,424218000.0,78018000.0,295873000.0,1.77,12286821000.0,7803745000.0,15126326000.0,8760650000.0,6365676000.0,2911146000.0,3716000.0,,,0.1839101593991768,314579783.0360805,7322581000.0,0.0429602326059732,0.0464794312497211,0.0195601364138258,1.3762324692617092,0.1179855045952137,0.0560528537555522,0.0430239446683974,0.0168646985516829,,,48.26050505492552,48.26050505492552,False,82.2159814897724,82.2159814897724,73.72711238106069,395.0,True,True,True,True,True,True,True,True,True,True,True,True,True,True,False,False,False,14,False,0.0776213946090718,0.0749253172642132,1.0,147078156.5,0.2981481481481481,2.0,3.0,,,,,,0.0390015139542632,-0.0109365239832453,0.2402546999153761,-0.6533137062044345,0.55,-0.6533137062044345,0.5350062354741796,-395.0,0.5903614457831325,0.891566265060241,0.5421686746987951,0.5831325301204819,0.6710843373493975,零壹
547.0,556.0,540.0,543.0,2984063.0,0.105906313645621,531.0,0.0462427745664739,498.25,0.1161356628982528,500.0089487711588,0.4538152610441768,449.6503077189128,0.0077136933172096,72.85318559556787,5187426.1,0.5752492551170995,0.0898143502257902,3034.TW,2026-08-06,-0.0236294889214415,0.081675424625736,neutral,0.1296296296296296,0.201112140871177,2026-03-31,2026-05-15,23145303000.0,9039901000.0,4027546000.0,4389348000.0,622236000.0,3767112000.0,6.19,79261926000.0,21790635000.0,103666583000.0,31738768000.0,71927815000.0,48919537000.0,,,,0.1417604619182621,3456599218.642951,81875948000.0,0.0422175169030464,0.0523735080788982,0.036338730292673,0.4412586146263444,0.390571728527382,0.1740113750077067,0.1627592432036858,-0.1465659805926223,,,75.54535048945058,75.54535048945058,False,63.5678367748142,63.5678367748142,66.5622152034733,116.0,True,False,True,True,True,False,True,False,True,True,False,True,False,True,True,False,False,9,False,0.0859805636169064,0.2076050892851659,1.0,2816772372.3,0.0518518518518518,3.0,3.0,,,,,,0.0813467282907885,-0.0079967532216159,0.3043296985612751,0.301799510207727,0.7686746987951807,0.301799510207727,0.8395845904184223,-116.0,0.927710843373494,0.6385542168674698,0.9036144578313252,0.9240963855421688,0.8361445783132531,聯詠
13.800000190734863,13.899999618530272,13.75,13.75,33568.0,-0.0107913397587655,13.839999771118164,0.0223048472110911,13.58839602470398,0.0496182900459845,13.26529868443807,0.0,13.421399323145549,0.006108438320872,56.39063036050111,60010.8,0.5593659807901245,0.0118927925711189,3266.TW,2026-08-06,-0.0236294889214415,0.081675424625736,neutral,0.1916666666666666,0.329935125115848,2026-03-31,2026-05-15,508760000.0,129118000.0,60784000.0,58332000.0,13161000.0,43683000.0,0.12,12792293000.0,7165124000.0,13882400000.0,7442761000.0,6439639000.0,986601000.0,4625000000.0,151500000.0,,0.2256222999382843,47069774.120551325,6717276000.0,0.0070072711201015,0.0067834547868288,0.003146646113064,1.155773017711086,0.2537896061011085,0.1194748014781036,0.0858617029640695,1.0270049523688098,,,43.42781225211624,43.42781225211624,False,66.87116609803161,66.87116609803161,61.010327636552766,459.0,True,False,True,True,True,True,True,True,True,False,True,True,False,True,False,False,False,11,False,0.0365390427379179,0.0244833395492356,1.0,825148.5,0.949074074074074,0.0,3.0,,,,,,0.0578559793295751,0.0301915081998434,0.2306861047196483,-1.079162942223928,0.6542168674698795,-1.079162942223928,0.6302201030930812,-459.0,0.5662650602409639,0.3373493975903614,0.6746987951807228,0.5825301204819278,0.5192771084337349,昇陽
92.0,94.0,91.8000030517578,92.9000015258789,19604423.0,0.104637374689914,90.60000152587892,0.0473506733048423,89.71500053405762,0.1315469336477772,88.13166707356771,0.1849489759922227,84.56750036875407,0.0039727024088148,61.16503739697087,12655534.6,1.5490790092739346,0.0355013205468599,3706.TW,2026-08-06,-0.0236294889214415,0.081675424625736,neutral,0.124074074074074,0.1844300278035217,2026-03-31,2026-05-15,31863922000.0,2934046000.0,1186173000.0,1645175000.0,108264000.0,1460985000.0,1.1,82662619000.0,48216898000.0,135913012000.0,68280278000.0,67632734000.0,9782105000.0,1879510000.0,7968750000.0,,0.0658069810202562,1108114535.9022596,87696114000.0,0.0126358453682709,0.0216017439129401,0.0107494122784947,1.009574417027116,0.0920805040886052,0.0372262083744744,0.0458507587358517,0.3464486758783238,,,39.67324991044731,39.67324991044731,False,84.01775398668764,84.01775398668764,72.93162796762755,516.0,True,True,True,True,True,True,True,True,True,True,False,True,True,True,False,False,False,13,False,0.0541046664683062,0.0985307727057227,1.0,1175699183.650813,0.099074074074074,1.0,3.0,,,,,,0.0460452877648199,-0.0297998967389329,0.2131201550476676,-1.6479900881229943,0.3542168674698795,-1.6479900881229943,0.389312047155553,-516.0,0.4939759036144578,0.8554216867469879,0.3493975903614458,0.472289156626506,0.5734939759036145,神達
24.25,25.5,24.100000381469727,24.89999961853028,844366.0,0.0755939537294516,23.95999984741211,0.0573248588197505,24.07862234115601,0.0663811225583794,23.69954071044922,0.0802603228938609,23.103520345687866,0.003961035555832,49.12810991978062,291155.6,2.900050694542712,0.03411230367488,4106.TW,2026-08-06,-0.0236294889214415,0.081675424625736,neutral,0.1037037037037037,0.2910101946246524,2026-03-31,2026-05-15,583212000.0,288466000.0,58188000.0,61725000.0,15302000.0,46423000.0,0.46,1721731000.0,619160000.0,3208895000.0,728668000.0,2480227000.0,807797000.0,106264000.0,91028000.0,,0.2479060348319157,43762843.64520048,2589735000.0,0.0168985798335352,0.0187172383818094,0.0144669738336717,0.2937908505955302,0.4946160229899247,0.0997716096376617,0.0795988422734786,0.0484257757867525,,,56.47003550426275,56.47003550426275,False,67.45632599617926,67.45632599617926,64.70975337320013,294.0,True,False,True,True,True,True,True,False,True,False,True,True,True,True,False,False,False,11,False,0.0506532562275254,0.0777578155173963,1.0,7249774.328932953,0.7074074074074074,0.0,3.0,,,,,,0.0553798291618821,0.0162147507168924,0.1966691760414476,-1.3012884500567503,0.5355421686746987,-1.3012884500567503,0.6029876408858346,-294.0,0.7108433734939759,0.5662650602409639,0.6626506024096386,0.7036144578313253,0.6578313253012048,雃博
48.79999923706055,48.84999847412109,47.5,48.650001525878906,121194.0,0.0135416984558105,48.26999969482422,0.0692308027665693,48.079999923706055,0.1893828237022183,44.135671615600586,-0.0317353591922802,46.96477057139079,0.0168129444614443,58.09859968418616,218730.25,0.5540797397707907,0.0118552746064337,4119.TW,2026-08-06,-0.0236294889214415,0.081675424625736,neutral,0.0935185185185185,0.1316033364226135,2026-03-31,2026-05-15,375798000.0,82325000.0,33151000.0,28590000.0,8480000.0,20110000.0,0.17,1104577000.0,1053320000.0,6954821000.0,1544198000.0,5410623000.0,51949000.0,390000000.0,300399000.0,,0.2966072053165442,23318174.53655124,5901501000.0,0.0039512277531684,0.0037167623765322,0.0028915194222827,0.2854011451176694,0.2190671584202151,0.0882149452631466,0.0535127914464685,0.0430373141784996,,,33.11973270077256,33.11973270077256,False,76.6685224557332,76.6685224557332,65.78132501699304,629.0,True,True,True,True,True,True,True,True,True,True,True,True,False,True,False,False,False,13,False,0.1022830228934965,0.0358828742051748,1.0,10641226.996255876,0.649074074074074,1.0,3.0,,,,,,0.0302815787703235,-0.0167553516598844,0.1298330193196859,-1.6915366362781052,0.2204819277108433,-1.6915366362781052,0.2108515819640422,-629.0,0.3975903614457831,0.6144578313253012,0.108433734939759,0.3542168674698795,0.4048192771084337,旭富
165.0,167.5,165.0,167.5,243630.0,0.0182370820668693,166.0,0.0246114215731159,164.80350875854492,0.098360655737705,163.3941520690918,0.0601265822784811,159.55124270121257,-0.0009332554724717,57.14285714285714,399487.65,0.609856149495485,0.0163618557745983,4536.TW,2026-08-06,-0.0236294889214415,0.081675424625736,neutral,0.1851851851851851,0.2316960148285449,2026-03-31,2026-05-15,2316961000.0,794900000.0,396418000.0,448947000.0,83458000.0,327949000.0,3.61,9168173000.0,3277337000.0,14414904000.0,4782570000.0,9632334000.0,5697733000.0,352903000.0,784549000.0,,0.1858972217210494,322724995.159785,11137567000.0,0.0289762562290116,0.0340466806902667,0.022750689147843,0.4965120603168453,0.3430787138842647,0.1710939459058655,0.1415427363688901,-0.0352736858453488,,,64.73287402560862,64.73287402560862,False,60.72981776923306,60.72981776923306,61.73058183332695,213.0,True,False,True,True,True,True,False,True,True,True,True,True,False,True,True,False,False,11,False,0.0251284876411734,0.0498194634163573,1.0,66914181.37500001,0.3824074074074074,2.0,3.0,,,,,,0.0733179980455409,0.0332456624907142,0.2180219307104367,-0.8625435897296889,0.7060240963855422,-0.8625435897296889,0.6884920800712343,-213.0,0.8072289156626506,0.3493975903614458,0.7349397590361446,0.7963855421686747,0.655421686746988,拓凱
128.5,129.0,128.0,129.0,107454.0,0.0157480314960629,128.7,0.0238095238095237,128.75,0.0573770491803278,125.61666666666666,-0.0190114068441065,125.525,0.0052703494046458,50.0,183435.85,0.5857851668580596,0.0019417475728156,4736.TW,2026-08-06,-0.0236294889214415,0.081675424625736,neutral,0.187037037037037,0.3113994439295644,2026-03-31,2026-05-15,1074466000.0,531890000.0,272939000.0,362978000.0,69184000.0,284846000.0,2.99,7743817000.0,2835366000.0,13071771000.0,3115964000.0,9955807000.0,2352593000.0,940000000.0,169444000.0,,0.1906010832612444,220916530.9357592,10236405000.0,0.0215814566672341,0.0286110407724858,0.0217909264169331,0.3129795505276468,0.4950272972806957,0.2540229285989505,0.2651047124804321,0.0999991809891194,,,73.12470502530472,73.12470502530472,False,61.76571508838442,61.76571508838442,64.6054625726145,136.0,True,False,True,True,True,True,True,True,True,False,True,True,False,True,True,False,False,11,False,0.0269337932864535,0.0276837283409678,1.0,23663224.65,0.5277777777777778,2.0,3.0,,,,,,0.0533472751771893,0.009756943740611,0.1644159038744413,-1.3716924806704764,0.4469879518072289,-1.3716924806704764,0.48744088753014,-136.0,0.9036144578313252,0.5542168674698795,0.4698795180722891,0.8385542168674699,0.7120481927710843,泰博
48.20000076293945,49.70000076293945,48.09999847412109,49.650001525878906,5508307.0,0.0430672923838926,48.93000030517578,0.0430672923838926,48.329999923706055,0.200725595115859,45.82333329518636,-0.0089819752883749,45.25750001271566,-0.0024253041761933,63.78206241138779,8652958.35,0.6365807828024505,0.027312261623352,4763.TW,2026-08-06,-0.0236294889214415,0.081675424625736,neutral,0.1342592592592592,0.1195551436515292,2026-03-31,2026-05-15,2711414000.0,1506899000.0,1344230000.0,1277102000.0,163292000.0,1114887000.0,1.13,18689835000.0,1425022000.0,23180026000.0,1425022000.0,21755004000.0,10088044000.0,,,,0.1278613611128946,1172354922.5512135,21755004000.0,0.0538889775681591,0.0512473819816351,0.0480968830664814,0.0655031826240988,0.5557613112567834,0.4957671532270616,0.4111828735855166,-0.3473205110583516,,,80.5798896395777,80.5798896395777,False,67.16818497578245,67.16818497578245,70.52111114173127,83.0,True,False,True,True,True,True,False,True,True,True,True,True,False,True,True,False,False,11,False,0.0835091634657343,0.0970557700255012,1.0,429619395.2808666,0.1851851851851851,1.0,2.0,,,,,,0.0510164344399663,-0.0027437130965926,0.1793736630629403,-1.1985289423064935,0.4777108433734939,-1.1985289423064935,0.4721819201218574,-83.0,0.9518072289156626,0.7469879518072289,0.4457831325301205,0.8759036144578313,0.789156626506024,材料*-KY
88.0,89.19999694824219,87.4000015258789,88.0,7535193.0,0.0931677018633541,87.38000030517578,0.0640871009351404,84.41499938964844,0.1242096575315028,83.54734586079915,0.326989189046158,78.79107335408528,0.0119882516012353,60.0000052616514,11967672.05,0.6296289678158418,0.0424687630903564,4938.TW,2026-08-06,-0.0236294889214415,0.081675424625736,neutral,0.0981481481481481,0.1936978683966636,2026-03-31,2026-05-15,244105400000.0,10801479000.0,2829288000.0,3464858000.0,605203000.0,1561454000.0,0.58,455223337000.0,347425362000.0,623242706000.0,374551574000.0,248691132000.0,112291906000.0,50872952000.0,7687427000.0,2697039000.0,0.174668918610806,2335099324.60147,275817344000.0,0.0084661076447805,0.0062786878946692,0.0025053706765723,1.5060913953296895,0.0442492423354829,0.0115904359346413,0.0063966385012375,-0.1039816497152077,,,13.24211612714073,13.24211612714073,False,79.64106717167023,79.64106717167023,63.041329410537855,992.0,True,True,True,True,True,True,True,True,True,True,True,True,False,True,False,False,False,13,False,0.0532949801495734,0.1168777915301395,1.0,1053155140.4,0.1064814814814814,1.0,3.0,,,,,,-0.0015723695543391,-0.0512538825589504,0.2073489404313811,-1.6041083675850942,0.2313253012048192,-1.6041083675850942,0.2117467202537587,-992.0,0.072289156626506,0.4578313253012048,0.1204819277108433,0.0795180722891566,0.1975903614457831,和碩
52.70000076293945,53.79999923706055,52.70000076293945,53.79999923706055,91060.0,0.0131826889464152,54.119999694824216,0.0150943252275574,53.47499961853028,0.0346153699434721,53.196666653951006,-0.0925574426024371,54.4882347424825,0.0022490841750473,55.88235459113409,75999.55,1.198164989134804,0.0060775992678576,5283.TW,2026-08-06,-0.0236294889214415,0.081675424625736,neutral,0.2231481481481481,0.3697868396663577,2026-03-31,2026-05-15,1223404000.0,353685000.0,-7455000.0,16910000.0,3240000.0,13670000.0,0.16,4507049000.0,2765436000.0,8209751000.0,3417985000.0,4791766000.0,676596000.0,1172000000.0,328000000.0,,0.1916026020106445,-6026602.602010644,5444315000.0,-0.0011069533269126,0.0028528104252169,0.0016650931313263,0.7133038215972983,0.2890991038119869,-0.006093653445632,0.011173741462346,-0.0336491827829927,,,23.489256314333275,23.489256314333275,False,65.53245340249045,65.53245340249045,55.021654130451154,800.0,True,False,True,True,True,True,True,True,True,False,True,True,True,True,False,False,False,12,False,0.0113415486544348,-0.0126309011234193,0.0,4088775.732016945,0.775,1.0,3.0,,,,,,0.0465175251367216,-0.0057818857540772,0.1584316591700557,-1.6225647860187964,0.3566265060240963,-1.6225647860187964,0.3545256848889317,-800.0,0.2650602409638554,0.1325301204819277,0.3012048192771084,0.2704819277108434,0.2325301204819277,禾聯碩
42.150001525878906,42.400001525878906,41.900001525878906,42.400001525878906,315545.0,-0.011655011240463,42.45000076293945,0.0291262315708229,42.43250026702881,0.180975414253341,39.99705518086751,0.4415661441923331,37.05951625506084,0.0106585739782123,54.040418830575874,517578.65,0.6096561363186058,-0.0007658926753169,5515.TW,2026-08-06,-0.0236294889214415,0.081675424625736,neutral,0.1703703703703703,0.1362372567191844,2026-03-31,2026-05-15,2015280000.0,391103000.0,268702000.0,476647000.0,82479000.0,394168000.0,1.96,9114211000.0,5142167000.0,11530797000.0,5836747000.0,5694050000.0,2270517000.0,100000000.0,,,0.1730400065457246,222205804.1611507,6388630000.0,0.0347814483169553,0.0692245414072584,0.0341839336864572,1.02506072127923,0.1940688142590607,0.1333323409154063,0.1955896947322456,0.3881614203981094,,,76.63848749386133,76.63848749386133,False,68.75008950488248,68.75008950488248,70.7221890021272,104.0,True,False,True,True,False,True,True,True,True,True,True,True,False,True,True,False,False,11,False,0.0600780816023884,0.1441056389959967,1.0,21945335.549762346,0.5407407407407407,1.0,3.0,,,,,,0.0711423965856389,0.0403973154899087,0.2676533036733768,-0.6451311016408968,0.7969879518072288,-0.6451311016408968,0.8028560920660788,-104.0,0.9397590361445785,0.7951807228915663,0.8554216867469879,0.9271084337349398,0.8795180722891567,建國
43.650001525878906,44.400001525878906,43.150001525878906,43.45000076293945,8042300.0,-0.0301338950248086,44.37000122070312,0.0151869518099445,44.00288467407226,0.0781638110549172,42.19679489135742,0.1000000193149228,40.83089742660522,0.011958734433555,52.77729162649739,15412440.25,0.5218057536346329,-0.0125647196820845,5876.TW,2026-08-06,-0.0236294889214415,0.081675424625736,neutral,0.2222222222222222,0.267840593141798,2026-03-31,2026-05-15,,,,,1276742000.0,5109024000.0,,,,2488960189000.0,2207968500000.0,280991689000.0,30954201000.0,,,,,,2488960189000.0,,0.0181821178348089,0.0020526740534378,7.857771551385635,,,,,,,9.85663137943466,9.85663137943466,False,62.500975867563255,62.500975867563255,49.33988974553111,1041.0,True,False,True,True,False,True,True,True,True,False,True,True,False,True,False,False,False,10,False,0.0296990772595078,0.0641451327647684,1.0,669670540.6212587,0.1472222222222222,1.0,3.0,,,,,,0.0350455768184472,-0.1173365509992246,0.1627886931349231,-1.2497380032827163,0.2903614457831325,-1.2497380032827163,0.2813683602410322,-1041.0,0.036144578313253,0.0240963855421686,0.2048192771084337,0.0614457831325301,0.0662650602409638,上海商銀
26.450000762939453,26.700000762939453,26.100000381469727,26.100000381469727,26897336.0,-0.0333333192048249,26.75,0.0377733907494572,25.925000190734863,0.1422319451090949,24.52750015258789,0.1106383141050948,23.96916672388713,0.0177642539125374,59.03613294984186,25358631.65,1.0606777357405246,0.0067502483875547,5880.TW,2026-08-06,-0.0236294889214415,0.081675424625736,neutral,0.1444444444444444,0.1677479147358665,2026-03-31,2026-05-15,16133084000.0,,,7244382000.0,1432147000.0,5589587000.0,,,,5429875285000.0,5139559219000.0,290316066000.0,54560035000.0,,,,0.1976907070886101,,5429875285000.0,,0.0192534539235593,0.001029413514421,17.70332344955377,,,0.3464673586277738,-0.0732164392268276,,,8.548521494786451,8.548521494786451,False,75.3590627948949,75.3590627948949,58.656427469867786,1055.0,True,True,True,True,True,True,True,True,True,True,True,True,True,True,False,False,False,14,False,0.0641117202772056,0.088898945972079,1.0,661860295.7385502,0.149074074074074,0.0,3.0,,,,,,-0.0007920806156283,-0.160134973796342,0.1499597459759392,-1.0146369380877875,0.2120481927710843,-1.0146369380877875,0.2032883342873709,-1055.0,0.0240963855421686,0.2409638554216867,0.0843373493975903,0.0331325301204819,0.1012048192771084,合庫金
24.850000381469727,24.850000381469727,24.350000381469727,24.75,94122.0,0.0269709381013143,24.620000076293945,0.0269709381013143,24.354999923706057,0.0440345551431631,24.277746550242107,0.0900949186418842,23.852411476771035,0.0047442228561882,65.78948689299854,144398.25,0.6518223039406641,0.0162184388228827,6136.TW,2026-08-06,-0.0236294889214415,0.081675424625736,neutral,0.1777777777777777,0.3493975903614458,2026-03-31,2026-05-15,171722000.0,51677000.0,-8398000.0,-7084000.0,312000.0,-3345000.0,-0.03,770246000.0,319306000.0,4455250000.0,426683000.0,4028567000.0,310276000.0,57595000.0,27169000.0,,0.0,-8398000.0,4135944000.0,-0.0020304917087852,-0.0008303200616993,-0.0007507996184276,0.1059143362888093,0.3009340678538568,-0.048904624917017,-0.0194791581742583,0.2854886401916383,,,36.25455624577715,36.25455624577715,False,66.96161137287237,66.96161137287237,59.28484759109857,588.0,True,False,True,True,True,True,True,True,True,False,True,True,False,True,False,False,False,11,False,0.019452112195857,0.0376309340505505,1.0,3573856.6875,0.7953703703703704,0.0,3.0,,,,,,0.0403927355541619,0.0088181377952888,0.1848414590977321,-1.3596177738025226,0.4325301204819277,-1.3596177738025226,0.3543458520239712,-588.0,0.4096385542168674,0.2771084337349397,0.2891566265060241,0.3915662650602409,0.3457831325301205,富爾特
147.5,147.5,140.0,145.5,4454452.0,0.0139372822299652,150.2,0.0139372822299652,143.55,0.2456284239557291,135.53156038920085,0.3272197588759282,122.91870594024658,0.0248081384972337,59.55056179775281,2146903.85,2.07482603377883,0.0135841170323927,6214.TW,2026-08-06,-0.0236294889214415,0.081675424625736,neutral,0.2287037037037037,0.0926784059314179,2026-03-31,2026-05-15,11968686000.0,2441124000.0,591731000.0,895921000.0,121622000.0,718327000.0,2.64,28637858000.0,16986250000.0,37839475000.0,17932964000.0,19906511000.0,4485498000.0,2337560000.0,448042000.0,0.0,0.1357508083860072,511403038.4029395,20853225000.0,0.0245239303946003,0.0360850276575337,0.0189835350516887,0.9008592213874144,0.203959231614899,0.0494399301644307,0.0600171982120677,0.2168964026850304,,,53.24611007538207,53.24611007538207,False,76.38656798709349,76.38656798709349,70.60145350916564,322.0,True,True,True,True,True,True,True,True,True,True,True,True,True,True,False,False,False,14,False,0.073550688726472,0.183709174995144,1.0,312374510.175,0.2212962962962963,2.0,3.0,,,,,,0.0234020592213868,-0.0514988546949757,0.2376808373225234,-1.294934258721164,0.3548192771084337,-1.294934258721164,0.3669060598642596,-322.0,0.6506024096385542,0.7590361445783133,0.3253012048192771,0.6018072289156626,0.6180722891566265,精誠
31.200000762939453,31.600000381469727,30.0,30.14999961853028,569357.0,0.0486956389054009,30.84000015258789,0.3194747971637017,28.037500190734864,0.2484472088933782,25.32583341598511,0.2510373087675277,24.42124994595845,0.0754698889957123,58.50340091921224,847279.45,0.6719825436578215,0.0753454984725598,6598.TW,2026-08-06,-0.0236294889214415,0.081675424625736,neutral,0.0064814814814814,0.0898980537534754,2026-03-31,2026-05-15,217115000.0,140181000.0,17966000.0,20979000.0,0.0,20979000.0,0.2,947351000.0,157433000.0,1089898000.0,414395000.0,675503000.0,434793000.0,,,,0.0,17966000.0,932465000.0,0.0192672111017571,0.0310568568903468,0.0192485902350495,0.613461376189299,0.6456532252492918,0.0827487736913617,0.0966262119153444,0.8094876945002376,,,67.77168793520316,67.77168793520316,False,86.0628967724456,86.0628967724456,81.49009456313499,181.0,True,True,True,True,True,True,True,True,True,True,True,True,False,True,True,False,False,13,False,0.1904840059281232,0.2345805266007643,1.0,25545475.094288543,0.5157407407407407,1.0,3.0,,,,,,0.0480659018117591,-0.0166068664472536,0.329970218368493,-1.3377632000337998,0.5566265060240964,-1.3377632000337998,0.5669236030503576,-181.0,0.8433734939759037,0.9879518072289156,0.5903614457831325,0.805421686746988,0.836144578313253,ABC-KY
135.0,138.0,135.0,138.0,438297.0,0.0494296577946768,135.1,0.0952380952380953,131.675,0.0415094339622641,134.68787333170573,-0.086092715231788,134.60643666585287,0.0118869547645772,71.42857142857143,409530.65,1.0702422395002669,0.0480349344978165,6605.TW,2026-08-06,-0.0236294889214415,0.081675424625736,neutral,0.0583333333333333,0.3531047265987025,2026-03-31,2026-05-15,4732845000.0,1585730000.0,866034000.0,951380000.0,217734000.0,732007000.0,4.41,15540524000.0,11970379000.0,33504289000.0,12358666000.0,21145623000.0,3981949000.0,1597489000.0,0.0,,0.228861233156047,667832390.8049359,21533910000.0,0.0310130575824332,0.0346174241354818,0.0218481580074718,0.5844550430129205,0.3350479468480375,0.1829838078365127,0.1546653228660562,-0.0451555541567658,,,64.93006759035887,64.93006759035887,False,59.01064503901938,59.01064503901938,60.49050067685425,210.0,True,False,True,True,True,False,True,True,True,False,True,True,True,True,True,False,False,11,False,0.0245911275184904,0.0252110034126473,1.0,56515229.7,0.4092592592592592,2.0,3.0,,,,,,0.0664383164835611,0.0166961747533379,0.2160999038534472,-0.7907544265532107,0.6590361445783133,-0.7907544265532107,0.5942783179515061,-210.0,0.8192771084337349,0.3132530120481928,0.6506024096385542,0.7939759036144578,0.6337349397590362,帝寶
26.100000381469727,26.14999961853028,25.200000762939453,26.0,122107.0,0.0097087378640776,26.06000022888184,0.0379241833083157,25.832499980926517,0.0704010660439178,25.11249605814616,0.0557952027362478,24.3772025903066,0.009772305294103,53.84617641837308,154324.3,0.7912363769024062,0.006484080874757,6606.TW,2026-08-06,-0.0236294889214415,0.081675424625736,neutral,0.1435185185185185,0.2817423540315106,2026-03-31,2026-05-15,191808000.0,78315000.0,47168000.0,50588000.0,21113000.0,29102000.0,0.26,1052582000.0,392295000.0,2170020000.0,549327000.0,1620693000.0,84940000.0,0.0,,,0.4,28300800.0,1777725000.0,0.0159196726152807,0.0179565161322964,0.0134109363047345,0.3389457472821811,0.4082989239239239,0.2459125792459126,0.1517246413079746,0.1109322058440243,,,63.7605672758917,63.7605672758917,False,66.24253279807874,66.24253279807874,65.62204141753199,226.0,True,False,True,True,True,True,True,True,True,False,True,True,False,True,True,False,False,11,False,0.0353411281697721,0.066570288517793,1.0,4012431.8,0.7787037037037037,0.0,3.0,,,,,,0.0538124868343843,0.022661410005735,0.1404212660355258,-1.0617467478966744,0.4951807228915662,-1.0617467478966744,0.4758523377808365,-226.0,0.7951807228915663,0.5903614457831325,0.4578313253012048,0.744578313253012,0.6662650602409639,建德工業
13.0,13.149999618530272,12.75,12.949999809265137,228887.0,0.0,13.04000015258789,0.0443548554560402,12.82025580406189,0.0443548554560402,12.359251912434896,0.0791666507720947,12.31212596098582,0.01263798215389,61.67644195880533,130987.7,1.7473930758384184,0.0101202352890759,8411.TW,2026-08-06,-0.0236294889214415,0.081675424625736,neutral,0.1314814814814814,0.3484708063021316,2026-03-31,2026-05-15,2726482000.0,240600000.0,69628000.0,61624000.0,19776000.0,41688000.0,0.19,5684691000.0,4777607000.0,13494274000.0,7266361000.0,6227913000.0,1476105000.0,1130770000.0,1174037000.0,1103389000.0,0.3209139296378034,47283404.90717903,8716667000.0,0.0054244821910919,0.0066937351244309,0.0030893103252535,1.16674092910418,0.0882455853367086,0.025537670888713,0.0152900330902606,0.2387255467647537,,,26.84034715613582,26.84034715613582,False,76.2072605303214,76.2072605303214,63.86553218677501,741.0,True,True,True,True,True,True,True,True,True,False,True,True,True,True,False,False,False,13,False,0.0477980302542322,0.0518085869410844,1.0,1696290.690016079,0.8796296296296297,0.0,3.0,,,,,,0.0834766605159711,0.0502809402529853,0.2852453240689727,-0.9625825377272926,0.8054216867469879,-0.9625825377272926,0.8181228312799329,-741.0,0.3132530120481928,0.5060240963855421,0.891566265060241,0.4,0.4867469879518072,福貞-KY
165.0,166.5,162.0,164.5,151675.0,-0.0436046511627906,165.7,0.0345911949685535,161.25,0.1864690647475679,145.49566141764322,0.2507183641345105,140.61902046203613,0.0191183441301943,61.42857142857143,250567.3,0.6053263933482143,0.0201550387596898,8462.TW,2026-08-06,-0.0236294889214415,0.081675424625736,neutral,0.1527777777777778,0.1325301204819277,2026-03-31,2026-05-15,1626910000.0,546235000.0,263101000.0,241835000.0,49259000.0,191204000.0,2.42,2261807000.0,3161235000.0,12373315000.0,9648191000.0,2725124000.0,1414659000.0,,386628000.0,,0.2036884652759112,209510361.09744248,9212080000.0,0.0227430027851953,0.0701634127474566,0.0154529323790754,3.5404594433134053,0.3357499800234801,0.161718226576762,0.1175258619100011,0.2017296409310929,,,59.6562061392525,59.6562061392525,False,78.30680974173549,78.30680974173549,73.64415884111474,269.0,True,True,True,True,True,True,True,True,True,True,True,True,False,True,False,False,False,13,False,0.1306179056968928,0.1698275201995962,1.0,41218320.85,0.4518518518518518,2.0,3.0,,,,,,0.1229805738093064,0.0936083568997074,0.4581617430484934,0.3732235256245613,0.9909638554216867,0.3732235256245613,0.982115441081989,-269.0,0.7469879518072289,0.8795180722891566,1.0,0.7849397590361445,0.8373493975903614,柏文
49.900001525878906,49.900001525878906,49.900001525878906,49.900001525878906,5050.0,-0.0291828785110984,50.09000015258789,0.0417536521145924,49.13250007629394,0.059916071994315,47.84275798797607,0.0686397323308265,47.66474857330322,0.0078978416912803,56.862749497918735,7713.15,0.6547260198492185,0.0156210542592616,8482.TW,2026-08-06,-0.0236294889214415,0.081675424625736,neutral,0.137037037037037,0.3030583873957368,2026-03-31,2026-05-15,893999000.0,292668000.0,84423000.0,75275000.0,8455000.0,68874000.0,0.66,2085471000.0,1272891000.0,4600110000.0,1300768000.0,3299342000.0,771291000.0,0.0,11674000.0,,0.1123214878777814,74940483.02889405,3327219000.0,0.022523459690779,0.0208750714536413,0.014972250663571,0.3942507324187671,0.3273694937018945,0.0944329915357847,0.0770403546312691,0.0556944387041158,,,53.436743859307214,53.436743859307214,False,70.01723872328807,70.01723872328807,65.87211500729286,320.0,True,False,True,True,True,True,True,True,True,False,True,True,False,True,False,False,False,11,False,0.0430001033472999,0.0468953056395149,1.0,384886.19676933286,0.9824074074074074,1.0,3.0,,,,,,0.0491263758981213,0.0196671244591372,0.110238613803649,-1.243923660994732,0.4277108433734939,-1.243923660994732,0.393585560683148,-320.0,0.6626506024096386,0.6265060240963856,0.3614457831325301,0.6174698795180723,0.591566265060241,商億-KY
86.0999984741211,91.0,85.0999984741211,90.1999969482422,3337742.0,0.0476190307407895,85.55999908447265,0.2407152783301891,84.37999954223633,0.1915455823586624,76.84499969482422,-0.0269687171769362,75.26500002543132,0.0317926193219754,57.75862097314948,3088071.8,1.0808498688404848,0.068973660080345,9921.TW,2026-08-06,-0.0236294889214415,0.081675424625736,neutral,0.0111111111111111,0.1288229842446709,2026-03-31,2026-05-15,12523541000.0,2458803000.0,-191441000.0,-170563000.0,-23472000.0,-199773000.0,-0.51,48200680000.0,28731484000.0,72341005000.0,34909460000.0,37431545000.0,13787267000.0,9060327000.0,1863857000.0,,0.1376148402643011,-165095877.36496192,43609521000.0,-0.0037857759860504,-0.0053370225567766,-0.0027615458203822,0.9326214026164296,0.1963344871869705,-0.0152864912567459,-0.0159517982973026,-0.2568048701835493,,,14.870530982450036,14.870530982450036,False,84.26611372219321,84.26611372219321,66.91721803725741,961.0,True,True,True,True,True,True,True,True,True,True,True,True,True,True,False,False,False,14,False,0.1737913632175793,0.1984321652529661,1.0,278544066.9359528,0.2324074074074074,1.0,3.0,,,,,,0.0245651823833574,-0.0427574093455263,0.2802812609708431,-1.600789698752146,0.3578313253012048,-1.600789698752146,0.403445291515831,-961.0,0.1325301204819277,0.6626506024096386,0.3855421686746988,0.1704819277108434,0.3421686746987952,巨大
10.699999809265137,10.850000381469728,10.600000381469728,10.75,787212.0,0.0386473047137676,10.629999923706055,0.0436893010613654,10.640000057220458,0.1332396489590599,10.251463921864827,0.0889102485459063,9.861344567934673,0.0051960293758894,55.17240472128347,1101530.5,0.7146529306269777,0.0103383404312009,9934.TW,2026-08-06,-0.0236294889214415,0.081675424625736,neutral,0.1324074074074074,0.180722891566265,2026-03-31,2026-05-15,4675859000.0,1599481000.0,215608000.0,179015000.0,65010000.0,114005000.0,0.28,10184466000.0,6401709000.0,16132102000.0,9818930000.0,6313172000.0,2756002000.0,2012873000.0,1745714000.0,,0.3631539256486886,137309108.39873755,9730393000.0,0.0141113630660896,0.0180582756180252,0.0070669649869558,1.5553084883478543,0.3420721197965978,0.0461108857217465,0.0243816162976685,0.0629297965528301,,,37.04526496126525,37.04526496126525,False,70.89612799264731,70.89612799264731,62.43341223480179,573.0,True,False,True,True,True,True,True,True,True,True,True,True,False,True,False,False,False,12,False,0.0486307206399927,0.090115037147662,1.0,11841452.875,0.6351851851851852,0.0,3.0,,,,,,0.0799345541273403,0.0360981812751062,0.2257176229111362,-1.1550055390431198,0.6993975903614458,-1.1550055390431198,0.6896926112514467,-573.0,0.4337349397590361,0.3855421686746988,0.7469879518072289,0.480722891566265,0.4819277108433735,成霖
19.850000381469727,19.850000381469727,19.450000762939453,19.600000381469727,527218.0,0.0129198963861214,19.65,0.0710383168637767,19.182500171661378,0.0652174341205391,18.88858127593994,0.0,18.928873952229814,0.0118686585500157,75.55556874217449,298861.5,1.7640880474734952,0.0217646399620592,9935.TW,2026-08-06,-0.0236294889214415,0.081675424625736,neutral,0.0907407407407407,0.293790546802595,2026-03-31,2026-05-15,1207014000.0,329361000.0,129050000.0,125078000.0,35715000.0,89363000.0,0.51,4101731000.0,3844659000.0,8361229000.0,5772111000.0,2589118000.0,430540000.0,854900000.0,1461115000.0,287107000.0,0.2855418219031324,92200827.88340075,4516570000.0,0.0204139043308087,0.0345148425062125,0.0106877828606297,2.22937347776347,0.2728725598874578,0.1069167383311212,0.0740364237697325,0.0157374361805349,,,40.70851081970746,40.70851081970746,False,70.3793337089387,70.3793337089387,62.961627986630894,499.0,True,False,True,True,True,True,True,False,True,False,True,True,True,True,False,False,False,11,False,0.0376639777830207,0.0354551692263158,1.0,5857685.514006615,0.7268518518518519,0.0,3.0,,,,,,0.1014938172477769,0.0728988095254016,0.2458053158462323,-0.4750549702938028,0.8765060240963856,-0.4750549702938028,0.8497386253574716,-499.0,0.5060240963855421,0.4337349397590361,0.9156626506024096,0.5674698795180723,0.5662650602409638,慶豐富
20.299999237060547,20.549999237060547,20.299999237060547,20.350000381469727,350043.0,-0.0239808149089709,20.450000000000003,0.0329949032160994,20.25249996185303,0.1054179696634478,19.37159293492635,-0.0276415895652427,19.542456483840944,0.0103517077138418,57.40741394839551,553437.9,0.6324883062760971,0.0048142411949312,9940.TW,2026-08-06,-0.0236294889214415,0.081675424625736,neutral,0.1574074074074074,0.216867469879518,2026-03-31,2026-05-15,2876811000.0,665012000.0,209493000.0,232453000.0,69452000.0,159582000.0,0.22,16303412000.0,4204969000.0,30767900000.0,17352956000.0,13414944000.0,4695442000.0,404164000.0,8438314000.0,900000000.0,0.2987786778402516,146900958.44321218,26562931000.0,0.0055302992897588,0.0118958379550447,0.0051866393221506,1.2935541139791564,0.2311629092074522,0.0728212593736606,0.0554718401730249,0.2999785808018913,,,39.42870701490352,39.42870701490352,False,71.26551551747356,71.26551551747356,63.306313391831054,524.0,True,False,True,True,True,True,True,True,True,True,True,True,False,True,False,False,False,12,False,0.0505073304931644,0.0413225378445394,1.0,11262461.476119803,0.6407407407407407,0.0,3.0,,,,,,0.0463923709238584,0.0148168490872971,0.1820462222722177,-1.5243532197027478,0.4415662650602409,-1.5243532197027478,0.4402028041388875,-524.0,0.4819277108433735,0.4698795180722891,0.4337349397590361,0.4746987951807229,0.4686746987951807,信義
26.200000762939453,26.549999237060547,26.200000762939453,26.350000381469727,3767473.0,-0.0131086281448927,26.69000015258789,0.0193423594824555,26.34750003814697,0.1309013409561792,25.503405634562174,-0.0656028486318697,25.808786169687902,0.0106444210749322,51.51515852102912,6073864.7,0.6202760822117095,9.48986932018947e-05,9945.TW,2026-08-06,-0.0236294889214415,0.081675424625736,neutral,0.2037037037037037,0.1853568118628359,2026-03-31,2026-05-15,8802139000.0,2177505000.0,1558595000.0,3524918000.0,275592000.0,2706817000.0,0.99,56821154000.0,31229259000.0,206807304000.0,85163985000.0,121643319000.0,4687641000.0,7435539000.0,36077246000.0,,0.0781839464066965,1436737892.0502548,175578045000.0,0.0081829017520399,0.0222520811027854,0.0130885947819328,0.7001123094972441,0.247383618913539,0.1770700280920353,0.3075180930453381,0.2547092191019549,,,56.447152500431685,56.447152500431685,False,64.26287681675149,64.26287681675149,62.308945737671536,296.0,True,False,True,True,True,True,True,True,True,True,True,True,False,True,False,False,False,12,False,0.0331953606133388,0.0209701536609834,1.0,160046337.1619955,0.2888888888888888,0.0,3.0,,,,,,-0.0018667924075089,-0.0426650231528812,0.0916291575555095,-1.8664528612573688,0.0957831325301204,-1.8664528612573688,0.0842038823305238,-296.0,0.6987951807228916,0.3734939759036144,0.036144578313253,0.5993975903614458,0.4686746987951807,潤泰新
21.200000762939453,21.39999961853028,21.049999237060547,21.14999961853028,3707620.0,-0.0185614678743176,21.31999969482422,-2.220446049250313e-16,21.38499975204468,0.0444444256064333,20.96333325703939,-0.0723684067431132,21.1916666507721,0.0007019167992651,49.29575799972173,5491777.05,0.6751220900345909,-0.0109890173597937,2646.TW,2026-08-06,-0.0236294889214415,0.081675424625736,neutral,0.2888888888888888,0.3466172381835032,2026-03-31,2026-05-15,13759797000.0,2774967000.0,1358324000.0,909756000.0,0.0,,0.3,22245094000.0,24008566000.0,147095973000.0,115227744000.0,31868229000.0,14210592000.0,,53652207000.0,4992822000.0,0.0,1358324000.0,123087407000.0,0.011035442480318,,,3.6157561187350575,0.2016720886216562,0.098716863337446,,0.2291196863125946,,,36.52985733991709,36.52985733991709,False,57.66790237874575,57.66790237874575,52.38339111903859,583.0,True,False,True,True,False,True,True,False,True,False,True,True,False,True,False,False,False,9,False,0.0089044217921883,-0.0019661989275536,0.0,116151082.51255332,0.3222222222222222,0.0,3.0,,,,,,0.0545751968488947,0.0171993910438849,0.1712625614551223,-0.8852466223544062,0.5632530120481928,-0.8852466223544062,0.5607271205856409,-583.0,0.4216867469879518,0.0481927710843373,0.5783132530120482,0.4451807228915663,0.3409638554216868,星宇航空
108.5,110.0,106.0,107.5,3349715.0,0.0436893203883494,107.3,0.0,105.4900001525879,0.082578013053717,101.625,-0.3582089552238806,110.1308333714803,0.0070644405974978,56.80272250069805,5587316.0,0.5995213086211698,0.0190539372879392,6919.TW,2026-08-06,-0.0236294889214415,0.081675424625736,neutral,0.2856481481481481,0.2613531047265987,2026-03-31,2026-05-15,2000.0,1000.0,-245831000.0,-107754000.0,0.0,-107754000.0,-0.07,5029205000.0,111245000.0,9536630000.0,173792000.0,9362838000.0,2539089000.0,,,,-0.0,-245831000.0,9425385000.0,-0.0260817993111156,-0.0115086899933545,-0.0112989599051237,0.0185618933062817,0.5,,,inf,,,50.0,50.0,False,66.82091437882781,66.82091437882781,62.615685784120856,367.0,True,False,True,True,True,True,True,True,True,True,True,True,False,True,False,False,False,12,False,0.0578105781057811,-0.0238882544600955,0.0,600636470.0,0.1574074074074074,2.0,3.0,,,,,,-0.004297372993145,-0.0846628123908234,0.3515456368522828,-1.6649309534424968,0.3234939759036144,-1.6649309534424968,0.3099812645229748,-367.0,0.6144578313253012,0.4216867469879518,0.2409638554216867,0.558433734939759,0.4819277108433734,康霈*
28.600000381469727,29.350000381469727,28.350000381469727,28.39999961853028,202161.0,0.0106761292878267,28.40999984741211,0.0070921578077991,28.29999990463257,0.1319257360553272,27.182962131500243,0.2070837655605866,26.282042884826662,0.0001767069697623,55.93221215673376,47234.6,4.279934624194976,0.0035335588068794,2432.TW,2026-08-06,-0.0236294889214415,0.081675424625736,neutral,0.2546296296296296,0.1835032437442076,2026-03-31,2026-05-15,950969000.0,103864000.0,18274000.0,20907000.0,4695000.0,16212000.0,0.26,1474029000.0,593217000.0,1716970000.0,616736000.0,1100234000.0,920685000.0,,,,0.224565934854355,14170282.106471518,1123753000.0,0.0126097835613978,0.0147350472717621,0.0094422150649108,0.5605498466689813,0.1092191228105227,0.019216188960944,0.0170478743260821,0.2580852139079173,,,37.70323749345623,37.70323749345623,False,67.43711787000561,67.43711787000561,60.00364777586826,564.0,True,False,True,True,True,True,True,True,True,True,True,True,False,True,False,False,False,12,False,0.0447720701350535,0.080585696590822,1.0,1341462.62198143,0.9064814814814814,0.0,3.0,,,,,,0.0552552002951771,0.0291214681864501,0.2065294679222504,-1.0428338315421497,0.6024096385542168,-1.0428338315421497,0.6333561324926273,-564.0,0.4578313253012048,0.3012048192771084,0.6867469879518072,0.4921686746987951,0.4566265060240964,倚天酷碁-創
