Open,High,Low,Close,Volume,ret5,ma5,ret20,ma20,ret60,ma60,ret120,ma120,ma20_slope,rsi14,volume_ma20,volume_ratio,ma20_deviation,symbol,date,benchmark_ret20,benchmark_ret60,market_regime,rs20_rank_pct,rs60_rank_pct,period_date,as_of_date,revenue,gross_profit,operating_income,pretax_income,tax_expense,net_income_parent,eps,current_assets,current_liabilities,assets,liabilities,equity,cash,short_borrowings,long_borrowings,bonds_payable,tax_rate,nopat,invested_capital_proxy,roic_proxy,roe,roa,debt_to_equity,gross_margin,operating_margin,net_margin,revenue_growth,pe,pb,eva_like_score,fundamental_score,fundamental_pass,technical_score,score,final_score,fundamental_rank,pass_market,pass_score,pass_rs20,pass_rs60,pass_close_ma20,pass_ma20_ma60,pass_ma20_slope,pass_rsi,pass_ret20_benchmark,pass_ret60_benchmark,pass_ret5_cap,pass_ret20_cap,pass_volume_ratio,pass_ma20_deviation,pass_fundamental_score,pass_fundamental_filter,pass_fundamental_universe,entry_pass_count,entry_all_pass,close_ma60_ratio,close_ma120_ratio,above_ma120,turnover20,liquidity_rank,price_bucket,eva_rank_bucket,forward_60d_return,forward_60d_max_drawdown,reward_60,fwd60_rank_label,top_quantile_60,reg_forward60,reg_reward60,cls_topq60,rank_forward60,ensemble_score,ranker_score,stable_ensemble_score,fundamental_rank_score,fundamental_score_rank,final_score_rank,stable_ml_rank,fund_ml_85_15,fund_final_ml,name
75.69999694824219,76.19999694824219,75.0999984741211,76.19999694824219,14413909.0,-0.015503934805937925,76.91999816894531,0.043835574633454666,76.10999946594238,0.03252024115502006,75.94615097045899,0.08547008918566967,73.89890874226889,0.008326074622795655,51.76467737114638,14145087.15,1.0190046089606453,0.0011824659431258766,1216.TW,2026-08-31,0.033057866566078786,0.0014137750050533526,bull,0.39053803339517623,0.25788497217068646,2026-03-31,2026-05-15,175017371000.0,59125238000.0,10253052000.0,13286190000.0,3522350000.0,6544541000.0,1.15,241807588000.0,273723981000.0,749062049000.0,525351793000.0,223710256000.0,107370831000.0,48103130000.0,39421781000.0,54500000000.0,0.2651136255013664,7534828211.825964,475338068000.0,0.0158515143622495,0.0292545416424716,0.0087369811469383,2.348358105673975,0.3378249693854674,0.0585830534501629,0.0373936653407963,0.033984250237258,,,36.04802884719801,36.04802884719801,False,57.09364526381009,57.09364526381009,51.83224115965707,591.0,True,False,True,True,True,True,True,True,True,True,True,True,True,True,False,False,False,13,False,0.0033424469119172073,0.031138324572540288,1.0,1077855597.6626198,0.11595547309833024,1.0,3.0,,,,,,0.021966179731908418,-0.019664804857035346,0.19768204218785537,-1.1243403755246397,0.6825203252032519,-1.1243403755246397,0.6942862093403198,-591.0,0.4146341463414634,0.07317073170731707,0.8211382113821138,0.47560975609756095,0.3934959349593496,統一
156.5,157.5,156.5,157.0,104038.0,0.0,156.9,0.0228013029315961,155.425,0.1029320902296389,150.7135159810384,0.09560360541858426,146.34024620056152,0.003389283408650779,60.0,173436.55,0.5998620244694675,0.010133504905903035,1232.TW,2026-08-31,0.033057866566078786,0.0014137750050533526,bull,0.48515769944341375,0.14285714285714285,2026-03-31,2026-05-15,5894059000.0,806895000.0,480031000.0,487266000.0,97456000.0,372297000.0,2.33,7651568000.0,2814803000.0,10506118000.0,3994796000.0,6511322000.0,3420506000.0,220000000.0,,,0.2000057463479906,384022041.5748277,7691315000.0,0.0499293087820259,0.0571768682304453,0.0354362096447041,0.6135153506461515,0.1368997154592446,0.0814431955974651,0.0631647901726128,0.0920647302197261,,,64.65049610002629,64.65049610002629,False,66.60718807631649,66.60718807631649,66.11801508224394,215.0,True,False,False,True,True,True,True,True,False,True,True,True,False,True,True,False,False,10,False,0.04171148140258718,0.0728422568377336,1.0,27229538.349999998,0.49443413729128016,2.0,3.0,,,,,,0.004779694569931488,-0.04083145158397778,0.1822174000243775,-1.4916532961258206,0.5447154471544716,-1.4916532961258206,0.4766670209942003,-215.0,0.7886178861788617,0.6585365853658537,0.5203252032520326,0.7483739837398373,0.6959349593495935,大統益
25.549999237060547,25.700000762939453,25.399999618530277,25.700000762939453,64996.0,0.007843167174096166,25.600000381469727,0.04048582870897821,25.36000003814697,0.007843167174096166,24.79855823516846,-0.08214282989501953,25.267195828755696,0.015110579706141117,62.50000000000009,105235.85,0.6176222266461476,0.01340696862306956,1236.TW,2026-08-31,0.033057866566078786,0.0014137750050533526,bull,0.4076994434137291,0.3172541743970315,2026-03-31,2026-05-15,545487000.0,153231000.0,25153000.0,27178000.0,7201000.0,19977000.0,0.23,655326000.0,634194000.0,3381286000.0,926736000.0,2454550000.0,37670000.0,70000000.0,268492000.0,,0.2649569504746486,18488537.824711163,2747092000.0,0.0067302215669191,0.0081387627059949,0.0059081071521308,0.3775584119288668,0.2809067860462302,0.0461110897234947,0.0366223209719021,0.0572006674767866,,,35.61630643064442,35.61630643064442,False,64.28824305625136,64.28824305625136,57.120258899849624,595.0,True,False,False,True,True,True,True,True,True,True,True,True,False,True,False,False,False,11,False,0.0363506022899589,0.01712912414646328,1.0,2704561.425288582,0.7959183673469388,0.0,3.0,,,,,,0.027336689960772233,-0.007398830615866903,0.15385703351499927,-1.722541371381287,0.5565040650406503,-1.722541371381287,0.48660347885014243,-595.0,0.4065040650406504,0.21951219512195122,0.5284552845528455,0.4247967479674797,0.3747967479674797,宏亞
14.0,14.5,13.949999809265137,14.399999618530272,3015304.0,0.04727269952947433,14.020000076293945,0.14285707798134073,13.592500019073487,0.039711135156097255,13.843390417098998,-0.010309317542147478,14.483361872037252,0.02701171355253754,62.49999999999998,1619168.2,1.8622549528825973,0.05940773208193284,1308.TW,2026-08-31,0.033057866566078786,0.0014137750050533526,bull,0.15306122448979592,0.24675324675324675,2026-03-31,2026-05-15,1301918000.0,73711000.0,13526000.0,-115776000.0,4459000.0,-120235000.0,-0.2,2732713000.0,1008062000.0,12537553000.0,1505156000.0,11032397000.0,726414000.0,,295229000.0,,0.0,13526000.0,11529491000.0,0.0011731654068683,-0.0108983569028561,-0.009589989370334,0.1364305508585305,0.0566172370302891,0.0103892871901302,-0.0923522065137743,-0.1515061063473556,,,14.704701931024411,14.704701931024411,False,70.33785182928108,70.33785182928108,56.42956435471691,962.0,True,False,True,True,True,False,True,True,True,True,True,True,True,True,False,False,False,12,False,0.04020757810483788,-0.00575572537947322,0.0,23316021.462336347,0.5194805194805194,0.0,3.0,,,,,,-0.001134985027552244,-0.06662048256920486,0.1317017387440999,-1.9886450500657349,0.31747967479674793,-1.9886450500657349,0.23054247281245122,-962.0,0.0975609756097561,0.17886178861788618,0.16260162601626016,0.1073170731707317,0.13495934959349595,亞聚
11.850000381469728,12.25,11.850000381469728,12.149999618530272,3721316.0,0.04741372577358982,11.939999771118163,0.15165871079325166,11.60499997138977,0.08939128941735208,11.785610644022624,-0.015610292816616633,11.699396586418152,0.031097281435504137,62.31883977847099,3141111.45,1.184713137128579,0.04696248586679097,1313.TW,2026-08-31,0.033057866566078786,0.0014137750050533526,bull,0.1437847866419295,0.16512059369202226,2026-03-31,2026-05-15,14431164000.0,896155000.0,195198000.0,172691000.0,70351000.0,102340000.0,0.08,19273009000.0,8329694000.0,54586668000.0,25914554000.0,28672114000.0,2987238000.0,4703421000.0,14008019000.0,2998655000.0,0.4,117118800.0,46256974000.0,0.0025319165927282,0.0035693217458608,0.0018748167592863,0.9038243221270674,0.0620985944030571,0.0135261438370459,0.0070915970465029,-0.0083447619882685,,,16.79868265460239,16.79868265460239,False,70.54588065844453,70.54588065844453,57.109081157484,922.0,True,False,True,True,True,False,True,True,True,True,True,True,True,True,False,False,False,12,False,0.03091812427152063,0.03851506603641641,1.0,38164502.91926107,0.4489795918367347,0.0,3.0,,,,,,-0.025645796567610176,-0.07458571756368818,0.14913893121963492,-1.7588002256005941,0.2943089430894309,-1.7588002256005941,0.34045583543433466,-922.0,0.16260162601626016,0.21138211382113822,0.23577235772357724,0.17357723577235773,0.191869918699187,聯成
8.020000457763672,8.289999961853027,8.0,8.180000305175781,23223307.0,0.02506269243411796,8.05600004196167,0.06788517860602195,7.872000002861023,0.011124864139724577,8.176666657129923,-0.08705354125562081,7.9423332969347635,0.015283419635877404,63.95350835851515,23719478.05,0.9790817045402902,0.039126054649748054,1314.TW,2026-08-31,0.033057866566078786,0.0014137750050533526,bull,0.3181818181818182,0.3051948051948052,2026-03-31,2026-05-15,4092344000.0,-291527000.0,-647288000.0,-263196000.0,25000.0,-263381000.0,-0.07,57442349000.0,37332389000.0,128112754000.0,51812243000.0,76300511000.0,1367909000.0,14373487000.0,4356642000.0,,0.0,-647288000.0,90780365000.0,-0.0071302643473618,-0.0034518903811797,-0.0020558530807947,0.679054993484906,-0.0712371687228639,-0.1581704763822396,-0.0643594477883579,-0.3721140502220507,,,12.28013230960367,12.28013230960367,False,57.803503924915276,57.803503924915276,46.42266102108737,1005.0,True,False,True,True,True,False,True,True,True,True,True,True,True,True,False,False,False,12,False,0.0004077025743676188,0.029924078901692797,1.0,194025337.68761024,0.2662337662337662,0.0,3.0,,,,,,0.023784682357221924,-0.047959223540331684,0.15929607718314215,-1.8542110265486107,0.4621951219512195,-1.8542110265486107,0.5874223486845038,-1005.0,0.056910569105691054,0.016260162601626018,0.6422764227642277,0.14471544715447154,0.16178861788617888,中石化
65.4000015258789,66.5,65.19999694824219,66.0,48981.0,0.027989177225019812,65.04000091552734,0.04100943866791251,64.26786594390869,0.07317073170731714,63.43595536549886,0.06373270831455558,62.53867435455322,0.005869202865051192,63.42777564348825,59450.95,0.8238892734262447,0.02695179045781715,1315.TW,2026-08-31,0.033057866566078786,0.0014137750050533526,bull,0.4025974025974026,0.1901669758812616,2026-03-31,2026-05-15,400564000.0,44047000.0,-40608000.0,22670000.0,8119000.0,13937000.0,0.15,7354156000.0,780905000.0,11315299000.0,994940000.0,10320359000.0,2244943000.0,109175000.0,,,0.3581385090427878,-26064711.42479048,10534394000.0,-0.0024742487726195,0.0013504375186948,0.001231695247293,0.0964055610856172,0.1099624529413526,-0.1013770583477297,0.0347934412478405,-0.2598363215400335,,,15.52001612125422,15.52001612125422,False,67.71635757043309,67.71635757043309,54.66727220813837,951.0,True,False,False,True,True,True,True,True,True,True,True,True,True,True,False,False,False,12,False,0.040419421757391216,0.055346962198516314,1.0,3923762.6999999997,0.7504638218923934,1.0,3.0,,,,,,0.0024140575132906,-0.027138053891073044,0.21354831557510584,-1.6094253137220897,0.5882113821138212,-1.6094253137220897,0.3896404858768467,-951.0,0.12195121951219512,0.12195121951219512,0.34959349593495936,0.15609756097560976,0.16747967479674797,達新
10.949999809265137,11.050000190734863,10.75,10.949999809265137,2938164.0,-0.03097348456300908,11.3,0.08955219914920876,10.600500059127807,0.03301881275469154,10.472166728973388,-0.14785996231910448,11.010666672388712,0.03530617972615923,60.71427922670651,4315601.65,0.6808237270926059,0.03297011916304693,1316.TW,2026-08-31,0.033057866566078786,0.0014137750050533526,bull,0.26437847866419295,0.2560296846011132,2026-03-31,2026-05-15,1897267000.0,610043000.0,55716000.0,79483000.0,38515000.0,-63701000.0,-0.19,17988375000.0,10662365000.0,26109463000.0,12103585000.0,14005878000.0,2458006000.0,6168829000.0,315546000.0,409198000.0,0.4,33429600.0,15447098000.0,0.0021641346484627,-0.0045481618503316,-0.002439766761959,0.8641789540077387,0.3215377698552707,0.0293664518488963,-0.0335751372895854,1.492291666119324,,,36.14498711992685,36.14498711992685,False,73.09794592941864,73.09794592941864,63.85970622704569,590.0,True,False,True,True,True,True,True,True,True,True,True,True,False,True,False,False,False,12,False,0.04562886484319684,-0.005509826509934146,0.0,47255837.244364314,0.42115027829313545,0.0,3.0,,,,,,-0.020372275449409324,-0.07463455394162345,0.2431648536090361,-1.7893552578726815,0.42235772357723583,-1.7893552578726815,0.41224472919736954,-590.0,0.42276422764227645,0.5121951219512195,0.4065040650406504,0.42032520325203254,0.44634146341463415,上曜
58.900001525878906,59.79999923706055,58.20000076293945,59.79999923706055,9090.0,0.0033557175848972776,60.0,0.03639512038741466,59.64499988555908,0.006791512443045988,58.80257403055827,0.06552104984085028,57.6497517267863,0.007516889958768205,57.97101048655678,8655.5,1.0501992952457975,0.0025986981607655224,1341.TW,2026-08-31,0.033057866566078786,0.0014137750050533526,bull,0.4267161410018553,0.31910946196660483,2026-03-31,2026-05-15,680910000.0,170623000.0,103167000.0,104723000.0,18948000.0,85775000.0,1.62,1612072000.0,978823000.0,2196060000.0,1009317000.0,1186743000.0,373612000.0,417599000.0,,,0.1809344652082159,84500534.02786398,1217237000.0,0.0694199519303668,0.0722776540497816,0.0390585867417101,0.8504933250080262,0.2505808403460075,0.1515134158699387,0.1259711268743299,-0.0132454169987682,,,72.53331110056003,72.53331110056003,False,61.49012095739886,61.49012095739886,64.25091849318915,142.0,True,False,False,True,True,True,True,True,True,True,True,True,True,True,True,False,False,12,False,0.016962271175134935,0.037298469566091175,1.0,517598.89339637756,0.9591836734693877,1.0,3.0,,,,,,0.028984123483691327,0.015908379645240733,0.1609595072134189,-0.8170075815243628,0.7126016260162602,-0.8170075815243628,0.6607322133776694,-142.0,0.8699186991869918,0.5284552845528455,0.7804878048780488,0.8565040650406504,0.7495934959349594,富林-KY
28.100000381469727,28.600000381469727,27.899999618530277,28.350000381469727,14807294.0,-0.03735145510943383,28.479999923706053,0.05390337485137375,27.9625,0.02903815486618999,27.714470863342285,-0.008741258624666903,27.058485396703087,0.01185091579151703,57.77778845265381,18404892.35,0.8045303236995026,0.013857858970754755,1402.TW,2026-08-31,0.033057866566078786,0.0014137750050533526,bull,0.3589981447124304,0.26437847866419295,2026-03-31,2026-05-15,61298588000.0,13425322000.0,4896381000.0,7132853000.0,1579509000.0,3092903000.0,0.61,166621578000.0,157755773000.0,679737079000.0,356159064000.0,323578015000.0,47148878000.0,35989865000.0,71488233000.0,85137297000.0,0.2214414064049827,3812119505.065365,521981306000.0,0.0073031724723593,0.0095584460520285,0.0045501460719932,1.1006899340797305,0.2190151916712991,0.0798775495448606,0.0504563498265245,-0.0379277396462631,,,28.35795292059996,28.35795292059996,False,65.19518022031163,65.19518022031163,55.98587339538371,712.0,True,False,True,True,True,True,True,True,True,True,True,True,True,True,False,False,False,13,False,0.022931324262374764,0.04773049806121077,1.0,521778705.1434093,0.16697588126159554,0.0,3.0,,,,,,-0.005144490831204583,-0.05222056504859815,0.13898630367045778,-1.6438091685349743,0.3991869918699187,-1.6438091685349743,0.34439781683919846,-712.0,0.3252032520325203,0.16260162601626016,0.24390243902439024,0.3130081300813008,0.26016260162601623,遠東新
19.399999618530277,19.399999618530277,19.049999237060547,19.399999618530277,234420.0,0.0025839398488296528,19.309999847412108,0.02645502698898361,19.617499828338623,0.14792899742191934,18.696666558583576,-0.042686493638090406,17.706101902325948,0.008741482568986072,51.020412135253636,376016.0,0.6234309178332836,-0.011087050424955502,1414.TW,2026-08-31,0.033057866566078786,0.0014137750050533526,bull,0.4647495361781076,0.10204081632653061,2026-03-31,2026-05-15,113452000.0,12596000.0,-7033000.0,11377000.0,382000.0,10995000.0,0.06,876335000.0,611698000.0,4159720000.0,1289474000.0,2870246000.0,113194000.0,505000000.0,,,0.033576514019513,-6796856.376900765,3548022000.0,-0.0019156748117403,0.0038306821087809,0.0026432067543007,0.4492555690348492,0.1110249268413073,-0.0619909741564714,0.0969132320276416,-0.1489036091252128,,,15.88871955373819,15.88871955373819,False,58.50649350649351,58.50649350649351,47.85205001830468,937.0,True,False,False,True,False,True,True,True,False,True,True,True,False,True,False,False,False,9,False,0.037618099341018674,0.09566745552174938,1.0,7294710.25656128,0.6576994434137291,0.0,3.0,,,,,,-0.0014934698734711423,-0.030256682693637498,0.18478988685402878,-1.9091636002492014,0.45650406504065044,-1.9091636002492014,0.44507598719967784,-937.0,0.14634146341463414,0.032520325203252036,0.4634146341463415,0.19390243902439025,0.17560975609756097,東和
17.799999237060547,18.149999618530277,17.700000762939453,18.149999618530277,1819479.0,0.022535189776353715,17.929999923706056,0.0614034627857889,17.65250015258789,0.09337344586996421,17.61821616490682,0.08682627481123562,16.86994137763977,0.006700879507975279,58.69565397670219,2056958.3,0.884548315831196,0.028182946417901755,1434.TW,2026-08-31,0.033057866566078786,0.0014137750050533526,bull,0.3358070500927644,0.15769944341372913,2026-03-31,2026-05-15,6979321000.0,780112000.0,198663000.0,386155000.0,49552000.0,336603000.0,0.2,15272141000.0,6346633000.0,61146600000.0,15727850000.0,45418750000.0,3214804000.0,2317516000.0,8200000000.0,,0.1283215289197343,173170260.1002188,54799967000.0,0.0031600431456504,0.0074111022430163,0.0055048522730617,0.3462853997523049,0.1117747700671741,0.0284645168204758,0.0482286170818049,-0.0921530851652357,,,20.54681103606591,20.54681103606591,False,70.77149680970142,70.77149680970142,58.21532536629254,852.0,True,False,True,True,True,True,True,True,True,True,True,True,True,True,False,False,False,13,False,0.030183728514053598,0.07587804914290674,1.0,37333792.36033269,0.45454545454545453,0.0,3.0,,,,,,0.0024360451632430918,-0.04164889583058878,0.19406678422741122,-1.8225046434285037,0.4764227642276423,-1.8225046434285037,0.4078074097196218,-852.0,0.22764227642276422,0.2926829268292683,0.3983739837398374,0.2532520325203252,0.28130081300813004,福懋
31.649999618530277,32.150001525878906,31.399999618530277,32.0,180246.0,0.006289332318799801,32.00000076293945,0.04022526660195691,31.245940494537354,0.09777016873983113,30.62828893661499,0.0372771346615941,30.20206117630005,0.009758770579786361,71.62158888048633,175781.95,1.0253953833143845,0.024133039157341996,1437.TW,2026-08-31,0.033057866566078786,0.0014137750050533526,bull,0.4109461966604824,0.14842300556586271,2026-03-31,2026-05-15,173801000.0,106736000.0,81756000.0,164121000.0,25845000.0,138012000.0,0.68,2289494000.0,1297708000.0,13727130000.0,5454839000.0,8272291000.0,555767000.0,882000000.0,3400000000.0,,0.157475277386806,68881451.22196428,12429422000.0,0.0055418064671039,0.0166836490640863,0.0100539588391746,0.6594109177252105,0.6141276517396332,0.4704000552355855,0.7940805864177997,-0.0904852113118288,,,51.0413507613127,51.0413507613127,False,61.183753751770666,61.183753751770666,58.64815300415617,354.0,True,False,False,True,True,True,True,True,True,True,True,True,True,True,False,False,False,12,False,0.04478575562035991,0.05953033513854411,1.0,5625022.4,0.6966604823747681,1.0,3.0,,,,,,0.00417959894013071,-0.037022340744047665,0.10246637708720116,-1.7224903294785472,0.42357723577235773,-1.7224903294785472,0.2171117690571518,-354.0,0.6260162601626016,0.3170731707317073,0.13821138211382114,0.5528455284552846,0.4357723577235772,勤益控
11.350000381469728,11.449999809265137,11.199999809265137,11.449999809265137,68198.0,-0.004347842672596802,11.439999771118163,0.022321428951560307,11.405000019073487,0.0555672487226313,11.291391436258952,0.05081242340138581,11.160531401634216,0.00241704783253981,57.14283119256384,88580.5,0.7698985668403316,0.003945619475352213,1452.TW,2026-08-31,0.033057866566078786,0.0014137750050533526,bull,0.48886827458256027,0.212430426716141,2026-03-31,2026-05-15,328337000.0,10851000.0,-11536000.0,-12066000.0,-447000.0,-11619000.0,-0.09,2006413000.0,114850000.0,2816026000.0,163197000.0,2652829000.0,382433000.0,,,,0.0370462456489308,-11108634.510193933,2701176000.0,-0.0041125178478536,-0.0043798526026366,-0.004126027245487,0.0615181001112397,0.0330483618964661,-0.0351346330142506,-0.0353874220693982,-0.0621461664581511,,,15.637636912208889,15.637636912208889,False,61.06624959819217,61.06624959819217,49.70909642669635,947.0,True,False,False,True,True,True,True,True,False,True,True,True,False,True,False,False,False,10,False,0.014046840365206092,0.025936794334769253,1.0,1014246.7081046104,0.9072356215213359,0.0,3.0,,,,,,0.032144505390086654,0.010123341219866884,0.1262557921904909,-1.4220589789393512,0.6126016260162601,-1.4220589789393512,0.5892033609175378,-947.0,0.13008130081300814,0.056910569105691054,0.6504065040650406,0.208130081300813,0.21219512195121953,宏益
10.0,10.100000381469728,9.949999809265137,10.0,843788.0,0.0,9.97599983215332,0.162790646096578,9.725,0.09890105283544104,9.584986257553101,0.16009282282622816,9.10557645559311,0.03495981853424541,66.94913199495673,1327216.15,0.6357577851957272,0.028277634961439535,1455.TW,2026-08-31,0.033057866566078786,0.0014137750050533526,bull,0.12708719851576994,0.14749536178107606,2026-03-31,2026-05-15,1265739000.0,26904000.0,-45175000.0,-32149000.0,-5368000.0,-26781000.0,-0.05,3072494000.0,1880065000.0,9399593000.0,3651618000.0,5747975000.0,484215000.0,608371000.0,1509426000.0,,0.1669725341379203,-37632015.77031945,7519528000.0,-0.0050045715329897,-0.004659206068224,-0.0028491659160135,0.6352877317664047,0.0212555669059735,-0.0356906123616322,-0.0211583904738654,-0.319428201806952,,,12.511705122929076,12.511705122929076,False,73.24632291905694,73.24632291905694,58.062668470024974,1002.0,True,False,True,True,True,True,True,True,True,True,True,True,False,True,False,False,False,12,False,0.04329831376856297,0.09822810766225465,1.0,13272161.5,0.5853432282003711,0.0,3.0,,,,,,0.05427785165109801,0.021568687011749237,0.16151874073982378,-1.6500448534867689,0.6650406504065041,-1.6500448534867689,0.6349081054446908,-1002.0,0.06504065040650407,0.2845528455284553,0.7398373983739838,0.16626016260162602,0.2658536585365854,集盛
15.199999809265137,15.600000381469728,15.199999809265137,15.5,136232.0,0.05442178238877515,15.430000114440919,0.21093748195562534,14.234999942779542,0.31914893617021267,13.26056261062622,0.330964506828092,12.407127571105956,0.004055720760446381,76.4705865853388,203124.0,0.6706839172131309,0.08886547680403112,1459.TW,2026-08-31,0.033057866566078786,0.0014137750050533526,bull,0.09369202226345083,0.04359925788497217,2026-03-31,2026-05-15,231160000.0,43640000.0,24305000.0,20991000.0,11327000.0,10929000.0,0.03,2303265000.0,1144782000.0,4781139000.0,1238615000.0,3542524000.0,1064701000.0,969808000.0,0.0,,0.4,14583000.0,3636357000.0,0.0040103323188564,0.0030850884849333,0.0022858569893073,0.3496419502027368,0.1887869873680567,0.1051436234642671,0.0472789409932514,-0.1821658664987316,,,27.476121095005883,27.476121095005883,False,78.5047142853081,78.5047142853081,65.74756598773254,724.0,True,True,True,True,True,True,True,False,True,True,True,True,False,True,False,False,False,12,False,0.1688795155327143,0.24928190761065494,1.0,3148422.0,0.7820037105751392,0.0,3.0,,,,,,0.03742191099855172,-0.0004070830053986555,0.26429410672042447,-1.4381493477598977,0.8016260162601626,-1.4381493477598977,0.7305201100823254,-724.0,0.3170731707317073,0.6260162601626016,0.8699186991869918,0.4,0.5203252032520325,聯發
23.75,24.049999237060547,23.450000762939453,24.049999237060547,7000.0,0.01050420201739799,24.089999771118165,0.0344085693359375,23.594999980926513,0.10745635915481078,22.584986241658534,0.07856611418470072,22.093751780192058,0.010600700117646933,58.02468438098541,12556.5,0.5574801895432644,0.01928371504563864,1470.TW,2026-08-31,0.033057866566078786,0.0014137750050533526,bull,0.43692022263450836,0.13636363636363635,2026-03-31,2026-05-15,191305000.0,51630000.0,23476000.0,33194000.0,6523000.0,26671000.0,0.31,639175000.0,186883000.0,1180792000.0,196077000.0,984715000.0,246931000.0,25000000.0,,,0.196511417726095,18862697.95746219,993909000.0,0.0189782947507892,0.0270849941353589,0.0225873820283335,0.1991205577248239,0.2698831708528266,0.1227150361987402,0.1394161156268785,-0.1058090510512195,,,51.74217296976339,51.74217296976339,False,66.78437242232751,66.78437242232751,63.02382255918647,342.0,True,False,False,True,True,True,True,True,True,True,True,True,False,True,False,False,False,11,False,0.06486667646047817,0.08854301778760565,1.0,301983.81542015076,0.9814471243042672,0.0,3.0,,,,,,0.08679276452850404,0.017614622598175905,0.2553354615558469,-1.08930846244952,0.8853658536585366,-1.08930846244952,0.8224377635506851,-342.0,0.6504065040650406,0.4634146341463415,0.959349593495935,0.6967479674796748,0.6560975609756098,大統新創
34.25,34.349998474121094,33.099998474121094,33.400001525878906,1835052.0,0.0014993419503936956,34.61000061035156,0.13220344155521713,32.555000114440915,0.3027352484067154,32.82250010172526,0.38712291460876913,27.73729853630066,0.04678457280611162,56.21469249224346,2970674.25,0.6177223908006743,0.02595611759998606,1515.TW,2026-08-31,0.033057866566078786,0.0014137750050533526,bull,0.17717996289424862,0.04823747680890538,2026-03-31,2026-05-15,1050350000.0,154824000.0,-4490000.0,14779000.0,3226000.0,12904000.0,0.07,3269060000.0,3141849000.0,7565435000.0,3655094000.0,3910341000.0,1971793000.0,512612000.0,499226000.0,,0.2182826984234386,-3509910.68407876,4423586000.0,-0.0007934537011552,0.0032999679567587,0.0017056520874212,0.934725130110136,0.1474022944732708,-0.004274765554339,0.0122854286666349,0.0353447485591325,,,19.09740408546057,19.09740408546057,False,65.32466565099703,65.32466565099703,53.76785025961292,873.0,True,False,True,True,True,False,True,True,True,True,True,True,False,True,False,False,False,11,False,0.017594681159686765,0.20415481277555902,1.0,99220524.48288918,0.3293135435992579,1.0,3.0,,,,,,-0.019552940961856533,-0.10789501207706696,0.22564297514947276,-1.6566804414306104,0.3845528455284553,-1.6566804414306104,0.42152670137448184,-873.0,0.21138211382113822,0.11382113821138211,0.42276422764227645,0.24308943089430896,0.22439024390243903,力山
102.0,103.5,102.0,103.5,90085.0,0.009756097560975618,102.7,0.13486845902789102,98.21999969482422,0.12745094291168613,93.05886726379394,0.106951871657754,92.56943346659342,0.030531950951502074,70.76923498270472,118383.35,0.7609600505476488,0.05375687560151765,1558.TW,2026-08-31,0.033057866566078786,0.0014137750050533526,bull,0.1725417439703154,0.12152133580705009,2026-03-31,2026-05-15,1926175000.0,466203000.0,115500000.0,190949000.0,37396000.0,79533000.0,1.23,7337752000.0,2436771000.0,13553818000.0,4826378000.0,8727440000.0,2321376000.0,528924000.0,448585000.0,1225737000.0,0.1958428690383296,92880148.62607291,11117047000.0,0.0083547500182443,0.0091129815845196,0.0058679406791503,0.5530118797723044,0.2420356405830207,0.0599633989642685,0.0412906407777071,-0.0577927547617254,,,30.82891502090822,30.82891502090822,False,71.26545391917409,71.26545391917409,61.156319194607626,668.0,True,False,True,True,True,True,True,True,True,True,True,True,False,True,False,False,False,12,False,0.11219922446088426,0.11807965247352636,1.0,12252676.725000001,0.5936920222634509,2.0,3.0,,,,,,0.0015362685472625258,-0.053124954658730954,0.26149880343933835,-1.4744089481151281,0.6211382113821138,-1.4744089481151281,0.6092369003312935,-668.0,0.35772357723577236,0.3821138211382114,0.6829268292682927,0.4065040650406504,0.43008130081300816,伸興
38.79999923706055,39.20000076293945,38.25,39.20000076293945,22222894.0,0.028871452306370227,38.99000091552735,0.1951220022788165,37.58249969482422,0.005598780760854183,35.84935350418091,0.2625850960321017,34.431962410608925,0.05940803946411104,55.42169394557211,33276742.65,0.6678205927105669,0.04303867707708631,1605.TW,2026-08-31,0.033057866566078786,0.0014137750050533526,bull,0.1038961038961039,0.323747680890538,2026-03-31,2026-05-15,41070352000.0,3192789000.0,547321000.0,4060027000.0,562012000.0,3584927000.0,0.81,90410765000.0,60341422000.0,306209880000.0,131730308000.0,174479572000.0,13913788000.0,12903118000.0,50244505000.0,5300000000.0,0.1384256804203519,471557718.1666526,245868458000.0,0.0019179268540686,0.0205463995521492,0.0117074178011499,0.7549898620796709,0.0777395090258783,0.0133264258363307,0.0872874671247034,-0.0841324099926965,,,22.373994815385178,22.373994815385178,False,71.17786344569075,71.17786344569075,58.976896288114354,820.0,True,False,True,True,True,True,True,True,True,True,True,True,False,True,False,False,False,12,False,0.09346464946342126,0.1384771014637678,1.0,1304448337.2681398,0.10111317254174397,1.0,3.0,,,,,,-0.005206719149463696,-0.07597521762057051,0.21602007224910882,-1.7264946415794473,0.44024390243902434,-1.7264946415794473,0.3550877253943615,-820.0,0.25203252032520324,0.3252032520325203,0.2682926829268293,0.25447154471544714,0.27723577235772356,華新
35.849998474121094,36.25,33.349998474121094,33.45000076293945,12661759.0,-0.005510865674648091,34.305066680908205,0.4575163246598146,30.62893142700195,0.6559405692850031,25.942977142333987,0.985163205083667,22.27398858070374,0.09741134510854361,62.458283442353114,11750231.2,1.0775753076245853,0.09210472597325081,1709.TW,2026-08-31,0.033057866566078786,0.0014137750050533526,bull,0.027829313543599257,0.012987012987012988,2026-03-31,2026-05-15,2424471000.0,492933000.0,320616000.0,344786000.0,79982000.0,264726000.0,0.55,5694389000.0,2189161000.0,12130526000.0,3134319000.0,8996207000.0,600735000.0,285000000.0,20699000.0,,0.2319757762786192,246240854.51265424,9941365000.0,0.0247693203612033,0.0294264015934715,0.021823126218929,0.34840449980753,0.2033156923716555,0.1322416312671919,0.1091891798252072,-0.0753599255550004,,,52.52750676874495,52.52750676874495,False,90.54198506104457,90.54198506104457,81.03836548796967,330.0,True,True,True,True,True,True,True,True,True,True,True,False,True,True,False,False,False,13,False,0.2893663121012984,0.5017517245168046,1.0,393045242.60471493,0.1901669758812616,1.0,3.0,,,,,,-0.010275035371835677,-0.0967918905775006,0.28626117714271865,-1.1604075258704687,0.5520325203252032,-1.1604075258704687,0.5517022907188986,-330.0,0.6585365853658537,0.9512195121951219,0.6178861788617886,0.6524390243902439,0.7382113821138212,和益
15.850000381469728,16.549999237060547,15.75,16.350000381469727,6145230.0,0.06862746259119046,15.95,0.22014931693431006,15.057499980926513,0.04140131083447529,15.232499885559083,0.18478261996307066,14.425833288828532,0.04802506078889719,66.66667423551078,4896691.2,1.2549760131902947,0.08583764915692749,1710.TW,2026-08-31,0.033057866566078786,0.0014137750050533526,bull,0.08812615955473098,0.24211502782931354,2026-03-31,2026-05-15,5345825000.0,88577000.0,-176669000.0,-219291000.0,-8101000.0,-127331000.0,-0.15,7085020000.0,12457768000.0,36888664000.0,23663579000.0,13225085000.0,2362413000.0,9628981000.0,8250000000.0,,0.0369417805564295,-170142532.57087615,24430896000.0,-0.0069642362920654,-0.0096279910488287,-0.0034517650191939,1.7892950404477552,0.0165693789078392,-0.0330480328106513,-0.0238187744641846,-0.1284074295508901,,,6.405846346837272,6.405846346837272,False,69.28497235116522,69.28497235116522,53.56519085008324,1063.0,True,False,True,True,True,False,True,True,True,True,True,True,True,True,False,False,False,12,False,0.0733629085380838,0.13338342777961287,1.0,80060902.98793946,0.35714285714285715,0.0,3.0,,,,,,0.02771438054283001,-0.012355920163210897,0.2484208150648945,-1.7363642418432244,0.674390243902439,-1.7363642418432244,0.5988581131917646,-1063.0,0.016260162601626018,0.10569105691056911,0.6666666666666666,0.11382113821138211,0.17317073170731706,東聯
16.549999237060547,16.950000762939453,16.549999237060547,16.899999618530273,9935570.0,0.015015015359025385,16.639999771118163,0.1777002905416909,16.412677621841432,0.4695651842200237,16.613392527898153,0.7512953664866779,13.182362953821817,0.05242004544801045,55.10765876260561,18080093.65,0.5495308925017653,0.029691803367923875,1714.TW,2026-08-31,0.033057866566078786,0.0014137750050533526,bull,0.11224489795918367,0.02040816326530612,2026-03-31,2026-05-15,7139550000.0,802314000.0,490214000.0,535557000.0,131252000.0,223134000.0,0.23,17219321000.0,4978429000.0,25588223000.0,7499378000.0,18088845000.0,5982998000.0,888587000.0,1280870000.0,,0.2450756875551995,370074466.90081537,20609794000.0,0.01795624288631,0.0123354476197899,0.0087201835000421,0.414585784775092,0.1123759900834086,0.0686617503904307,0.0312532302456037,0.3342708703208805,,,45.10051143692903,45.10051143692903,False,67.04972010759172,67.04972010759172,61.56241793992605,433.0,True,False,True,True,True,False,True,True,True,True,True,True,False,True,False,False,False,11,False,0.017251569187378912,0.2820159540236784,1.0,305553575.7879916,0.21428571428571427,0.0,3.0,,,,,,-0.047379898259295866,-0.15078541678935495,0.2587909588133087,-1.9202761114179363,0.30325203252032523,-1.9202761114179363,0.32471047686602217,-433.0,0.5609756097560976,0.3902439024390244,0.21138211382113822,0.5085365853658537,0.4398373983739838,和桐
86.5999984741211,87.5,86.0,86.0999984741211,310605.0,-0.026018133620557604,86.88000030517578,0.03113770627689938,85.7350009918213,0.00937860953976588,85.28873125712077,0.2551020464905953,82.56769879659016,0.011383741385183483,53.23741875921772,475448.3,0.6532886961631791,0.004257275069427191,1723.TW,2026-08-31,0.033057866566078786,0.0014137750050533526,bull,0.44990723562152135,0.3116883116883117,2026-03-31,2026-05-15,1277807000.0,319750000.0,181223000.0,217086000.0,38207000.0,178879000.0,0.77,3402849000.0,1696462000.0,11518279000.0,3468337000.0,8049942000.0,782501000.0,937470000.0,1000000000.0,,0.1759993735201717,149327865.5325539,9821817000.0,0.0152036904711779,0.0222211538915435,0.0155300110372391,0.4308524210484994,0.2502334077055455,0.1418234522114842,0.139989059380642,-0.2447011744956525,,,46.187073211591255,46.187073211591255,False,55.440257794062966,55.440257794062966,53.12696164844503,414.0,True,False,False,True,True,True,True,True,False,True,True,True,False,True,False,False,False,10,False,0.009512009441840386,0.04278064823185801,1.0,40936097.90452347,0.44434137291280146,1.0,3.0,,,,,,0.022308796667970875,-0.010117606297836477,0.21196390765641257,-1.4952219066234762,0.6666666666666667,-1.4952219066234762,0.6220469292787179,-414.0,0.5772357723577236,0.0975609756097561,0.6991869918699187,0.5955284552845529,0.4577235772357724,中碳
41.5,41.5,40.59999847412109,41.34999847412109,152253.0,0.024783148396928967,40.74000015258789,0.032459407286519415,40.49000015258789,0.033749961853027255,39.87416667938233,-0.015476226806640847,40.380000082651776,0.005026381490076577,68.33326127812362,83272.75,1.8283652215160422,0.021239770765430155,1783.TW,2026-08-31,0.033057866566078786,0.0014137750050533526,bull,0.44434137291280146,0.2541743970315399,2026-03-31,2026-05-15,190868000.0,134561000.0,58409000.0,68648000.0,15855000.0,52793000.0,0.59,1180100000.0,355506000.0,1990823000.0,364273000.0,1626550000.0,649526000.0,100000000.0,,,0.2309608437245076,44918808.07889523,1635317000.0,0.0274679515218732,0.0324570409762995,0.0265181786627942,0.223954381974117,0.7049950751304567,0.3060177714441394,0.2765942955340864,0.0772486891935364,,,77.42104017134606,77.42104017134606,False,62.03426818450894,62.03426818450894,65.88096118121823,99.0,True,False,False,True,True,True,True,True,False,True,True,True,True,True,True,False,False,11,False,0.03701222916093849,0.02402175308280996,1.0,3443328.085435867,0.7708719851576994,1.0,2.0,,,,,,0.019849299436856326,-0.006602925269620918,0.1875175287981746,-1.2095012483745302,0.6646341463414634,-1.2095012483745302,0.5467044531222415,-99.0,0.9186991869918699,0.6341463414634146,0.6097560975609756,0.8723577235772357,0.7715447154471545,和康生
34.650001525878906,35.0,33.95000076293945,34.099998474121094,2545246.0,-0.04481799032562872,35.359999084472655,0.030211481755258784,33.85999975204468,0.07911386273645005,32.146666558583576,0.16780813640939019,31.03749998410543,0.02303798808319,57.74646979242671,2081753.85,1.2226450307753725,0.007087971761190692,1808.TW,2026-08-31,0.033057866566078786,0.0014137750050533526,bull,0.4536178107606679,0.1836734693877551,2026-03-31,2026-05-15,5392216000.0,1474911000.0,1229561000.0,1153602000.0,211319000.0,942283000.0,1.06,46784978000.0,26633648000.0,51660398000.0,37973630000.0,13686768000.0,5845055000.0,11570200000.0,207356000.0,10980553000.0,0.1831818946222353,1004327686.4663897,25026750000.0,0.0401301681787043,0.068846275468394,0.0182399485191732,2.774477509957062,0.2735259492572256,0.2280251755493474,0.1747487489373571,173.44891620834682,,,72.1127428848662,72.1127428848662,False,65.63063494840976,65.63063494840976,67.25116193252387,149.0,True,False,False,True,True,True,True,True,False,True,True,True,True,True,True,False,False,11,False,0.06076312490994362,0.0986709139455173,1.0,70987803.10849571,0.3682745825602968,1.0,3.0,,,,,,0.04177959219632754,-0.021304471614427823,0.20489828329270288,-0.6426298277085731,0.7703252032520325,-0.6426298277085731,0.7191734005548829,-149.0,0.8536585365853658,0.6829268292682927,0.8455284552845529,0.8524390243902439,0.8008130081300813,潤隆
40.45000076293945,40.45000076293945,40.04999923706055,40.09999847412109,46522.0,0.002499961853027255,40.22999954223633,0.04155840192522309,39.47749977111816,0.0713292842448876,38.698995208740236,0.0934185547305082,37.7613122622172,0.01030069791729132,76.27109877192916,66134.2,0.7034484427119403,0.015768442951352935,1817.TW,2026-08-31,0.033057866566078786,0.0014137750050533526,bull,0.3979591836734694,0.19109461966604824,2026-03-31,2026-05-15,611528000.0,237424000.0,117537000.0,116319000.0,27903000.0,87774000.0,1.21,1873263000.0,304617000.0,2963735000.0,558812000.0,2404923000.0,382710000.0,40000000.0,857000.0,,0.2398834240321873,89341821.9895288,2659118000.0,0.0335982916100484,0.0364976342277902,0.0296160081788688,0.2323617013933502,0.3882471448568176,0.1922021559110948,0.143532266715506,-0.0085682370507754,,,75.60284732958029,75.60284732958029,False,59.59789591075745,59.59789591075745,63.599133765463165,115.0,True,False,True,True,True,True,True,False,True,True,True,True,False,True,True,False,False,11,False,0.036202574713475544,0.06193339351301885,1.0,2651981.3190872185,0.800556586270872,1.0,3.0,,,,,,0.04779293633465364,0.02168049771003993,0.21668552087470597,-0.6899987670671544,0.8406504065040651,-0.6899987670671544,0.8033873025670804,-115.0,0.9105691056910569,0.5040650406504065,0.9186991869918699,0.9117886178861788,0.7902439024390243,凱撒衛
25.100000381469727,25.399999618530277,24.850000381469727,25.200000762939453,2401850.0,-0.02135919367225425,25.300000381469726,0.1914894192650869,24.410000038146975,0.17354632827371752,22.84592526753744,0.4686093901885273,20.59694789250692,0.044389778496414074,58.75000953674315,3215966.75,0.7468516271195901,0.03236381497574348,1904.TW,2026-08-31,0.033057866566078786,0.0014137750050533526,bull,0.10760667903525047,0.0862708719851577,2026-03-31,2026-05-15,10422205000.0,2150150000.0,696170000.0,676222000.0,51875000.0,623134000.0,0.56,23384595000.0,24639229000.0,73010397000.0,42553667000.0,30456730000.0,6316415000.0,12166669000.0,15580624000.0,,0.0767129729585846,642764729.6154221,48371168000.0,0.0132881788096459,0.0204596488198174,0.0085348666163258,1.3971843661483028,0.2063047119107713,0.0667968054744653,0.0597890753444208,0.0134174531712039,,,33.04763840274124,33.04763840274124,False,79.81202300700677,79.81202300700677,68.1209268559404,632.0,True,True,True,True,True,True,True,True,True,True,True,True,False,True,False,False,False,13,False,0.10304137249135636,0.22348227972684764,1.0,81042364.55358791,0.3534322820037106,0.0,3.0,,,,,,0.02158948386427045,-0.023344850721523695,0.22004162740011912,-1.4373090594977584,0.6727642276422765,-1.4373090594977584,0.6798443038090325,-632.0,0.3821138211382114,0.7560975609756098,0.8048780487804879,0.44552845528455287,0.5788617886178862,正隆
29.899999618530277,30.299999237060547,29.850000381469727,29.850000381469727,1102245.0,-0.037096761888073315,30.24000015258789,0.024013748614063912,30.15250015258789,0.14587336874094925,28.27500015894572,0.2233606904977372,26.55958342552185,0.01242340553499921,46.36364109259828,1545872.7,0.7130244295018601,-0.010032327985651346,1907.TW,2026-08-31,0.033057866566078786,0.0014137750050533526,bull,0.48144712430426717,0.10482374768089053,2026-03-31,2026-05-15,17964361000.0,2424583000.0,-77218000.0,452137000.0,195557000.0,208827000.0,0.13,69038373000.0,57579369000.0,178076390000.0,82625870000.0,95450520000.0,10428232000.0,15812770000.0,19190444000.0,964996000.0,0.4,-46330800.0,120497021000.0,-0.0003844974723482,0.0021878036913785,0.0011726821281585,0.8656408576925511,0.1349662812943917,-0.0042983994810614,0.0116245158956669,-0.0057560278150267,,,17.0350561108219,17.0350561108219,False,57.93599257884972,57.93599257884972,47.710758461842765,916.0,True,False,False,True,False,True,True,False,False,True,True,True,False,True,False,False,False,8,False,0.0557029253287451,0.12388812366635316,1.0,46144300.68470363,0.4267161410018553,0.0,3.0,,,,,,-0.013207561495051083,-0.0882751297425661,0.19425366048961668,-1.734629212620729,0.367479674796748,-1.734629212620729,0.3491077689828404,-916.0,0.18699186991869918,0.024390243902439025,0.2601626016260163,0.19796747967479675,0.15284552845528454,永豐餘
10.75,11.300000190734863,10.75,11.100000381469728,4401923.0,0.013698682631726689,10.970000076293946,0.10447762893605361,10.657000017166137,0.13963045608936753,10.225500059127807,0.21179045484435344,9.79399999777476,0.02387471436212849,69.23078051686247,4674754.75,0.9416372056737308,0.041568955952896,1909.TW,2026-08-31,0.033057866566078786,0.0014137750050533526,bull,0.21614100185528756,0.11131725417439703,2026-03-31,2026-05-15,10760215000.0,1109471000.0,15988000.0,29258000.0,59036000.0,-27240000.0,-0.02,14658431000.0,22767425000.0,70430999000.0,49630869000.0,20800130000.0,2240646000.0,8614561000.0,26455684000.0,0.0,0.4,9592800.0,47663574000.0,0.0002012606104611,-0.0013096071995703,-0.0003867615167576,2.386084558125358,0.1031086274763097,0.0014858439166875,-0.0025315479291073,0.0525224624933875,,,8.894222198109352,8.894222198109352,False,70.05160656732004,70.05160656732004,54.762260475017364,1046.0,True,False,True,True,True,True,True,True,True,True,True,True,True,True,False,False,False,13,False,0.08552152142049008,0.13334698631730624,1.0,51889779.50827742,0.40630797773654914,0.0,3.0,,,,,,0.025123110258322392,-0.05307683391224887,0.2987295803224285,-1.5596170522206152,0.6886178861788618,-1.5596170522206152,0.6568704169263013,-1046.0,0.024390243902439025,0.13008130081300814,0.7642276422764228,0.1353658536585366,0.20406504065040654,榮成
13.649999618530272,14.149999618530272,13.600000381469728,14.149999618530272,2223720.0,0.014336904085998636,13.870000076293945,0.03284670186351435,13.824999952316285,0.014336904085998636,13.789166561762492,-0.04067799196404942,13.94708325068156,0.0030836254025101238,59.99997456868478,1083826.9,2.051729847266201,0.023508113369616,2023.TW,2026-08-31,0.033057866566078786,0.0014137750050533526,bull,0.4424860853432282,0.2949907235621521,2026-03-31,2026-05-15,16315401000.0,1394040000.0,85956000.0,-764265000.0,73813000.0,-745181000.0,-0.4,27193306000.0,24854621000.0,100725919000.0,68710431000.0,32015488000.0,8667067000.0,13411996000.0,43526115000.0,,0.0,85956000.0,75871298000.0,0.0011329185379166,-0.0232756408398335,-0.0073981057447587,2.146162226232504,0.085443195665249,0.0052683964065608,-0.045673471341587,-0.1203441998032832,,,4.922273942205671,4.922273942205671,False,66.43410403610432,66.43410403610432,51.05614651262965,1068.0,True,False,False,True,True,True,True,True,False,True,True,True,True,True,False,False,False,11,False,0.026167865559646897,0.014549018185490148,1.0,15336150.221552845,0.5658627087198516,0.0,3.0,,,,,,0.03152816536972473,-0.034294921034573954,0.21920351026622165,-1.5582974735370514,0.6626016260162602,-1.5582974735370514,0.6292436942528199,-1068.0,0.008130081300813009,0.06504065040650407,0.7154471544715447,0.11422764227642276,0.16666666666666669,燁輝
48.400001525878906,49.45000076293945,47.84999847412109,48.79999923706055,16374112.0,-0.04313726986155786,49.29000015258789,0.0978627311464062,48.39249973297119,0.11415525312998964,43.71979986826579,0.3388202528291291,41.27656656901042,0.03160306737116445,58.3038806385398,20034539.95,0.8172941350719661,0.008420716151013696,2027.TW,2026-08-31,0.033057866566078786,0.0014137750050533526,bull,0.23747680890538034,0.13172541743970315,2026-03-31,2026-05-15,31174326000.0,8517820000.0,5633209000.0,4716863000.0,1204326000.0,2914770000.0,1.17,89517343000.0,24455518000.0,159942793000.0,66551339000.0,93391454000.0,9252095000.0,11925609000.0,29968117000.0,,0.2553235063218923,4194918326.275959,135487275000.0,0.0309617144951506,0.0312102432841446,0.0182238283159154,0.7126063054977172,0.2732318896004359,0.1807002659816927,0.0934990543179666,0.1950875950100803,,,67.77515994414823,67.77515994414823,False,72.2885984633636,72.2885984633636,71.16023883355976,180.0,True,False,True,True,True,True,True,True,True,True,True,True,True,True,True,False,False,13,False,0.11619905361191374,0.18226885842047147,1.0,977685534.274859,0.11966604823747681,1.0,3.0,,,,,,-0.008955290131557127,-0.08576226141668507,0.28906790080910877,-1.1427700673472247,0.589430894308943,-1.1427700673472247,0.594885565790417,-180.0,0.8373983739837398,0.8130081300813008,0.6585365853658537,0.8105691056910569,0.7943089430894309,大成鋼
20.549999237060547,20.700000762939453,20.399999618530277,20.549999237060547,899913.0,0.002438987173685181,20.410000228881835,0.10781671602466991,20.022500228881835,0.002438987173685181,19.871325333913166,0.05115089713683063,20.166495990753177,0.023645198988264487,52.63153667928864,1378221.8,0.6529522316364463,0.026345311631851498,2034.TW,2026-08-31,0.033057866566078786,0.0014137750050533526,bull,0.21428571428571427,0.33302411873840443,2026-03-31,2026-05-15,2833548000.0,238436000.0,35902000.0,-13678000.0,-15456000.0,1778000.0,0.0,10115642000.0,9094633000.0,22657796000.0,13057364000.0,9600432000.0,611722000.0,7049733000.0,1733334000.0,1869816000.0,0.4,21541200.0,13563163000.0,0.0015882136047469,0.0001851999993333,7.847188667423786e-05,1.3600808796937471,0.084147506941827,0.0126703341535064,0.0006274818707853,-0.2200071185015801,,,9.314478880448952,9.314478880448952,False,63.142975660387904,63.142975660387904,49.68585146540317,1042.0,True,False,True,True,True,True,True,True,True,True,True,True,False,True,False,False,False,12,False,0.034153429212349984,0.01901685084425253,1.0,28322456.938500214,0.49165120593692024,0.0,3.0,,,,,,0.04666788040315884,-0.009916137686306042,0.29226889305438264,-1.397365538012528,0.8390243902439025,-1.397365538012528,0.677239832961261,-1042.0,0.032520325203252036,0.04878048780487805,0.7967479674796748,0.14715447154471545,0.1902439024390244,允強
14250.0,14310.0,13850.0,14180.0,981440.0,-0.012490227133123755,14302.758203125,0.6421540243196293,12816.438720703125,1.5231316725978647,9315.979573567709,3.6339869281045756,6720.1147867838545,0.14927609341063683,68.01863681977703,561686.35,1.7473096862688582,0.10639158888141331,2059.TW,2026-08-31,0.033057866566078786,0.0014137750050533526,bull,0.012987012987012988,0.0018552875695732839,2026-03-31,2026-05-15,5449725000.0,4236615000.0,3654349000.0,4351760000.0,865950000.0,3485810000.0,36.58,34276607000.0,6265438000.0,39510069000.0,7981426000.0,31528643000.0,27231577000.0,,257007000.0,,0.1989884552456937,2927175737.561354,33244631000.0,0.088049578217949,0.1105601024439903,0.088225864652375,0.2531484149190943,0.7773997770529706,0.6705565877177289,0.6396304400680768,0.3782121233655666,,,100.0,100.0,True,89.4039070870531,89.4039070870531,92.05293031528983,1.0,True,True,True,True,True,True,True,True,True,True,True,False,True,True,True,True,True,14,False,0.5221158320519517,1.110083004517596,1.0,7964712443.0,0.030612244897959183,3.0,0.0,,,,,,-0.10687665838076962,-0.2680591466640799,0.13777625592745074,-1.8801948849079633,0.08617886178861789,-1.8801948849079633,0.11577030249144771,-1.0,1.0,0.983739837398374,0.056910569105691054,0.8585365853658536,0.8065040650406504,川湖
21.299999237060547,21.850000381469727,21.149999618530277,21.200000762939453,502158.0,0.021686783756118322,21.39000015258789,0.1397849638788169,20.17750005722046,0.09616954784670151,19.069739564259848,0.180267251294137,18.584789276123047,0.042630151017216504,65.33335367838548,615424.3,0.8159541311579669,0.05067529192513098,2069.TW,2026-08-31,0.033057866566078786,0.0014137750050533526,bull,0.1614100185528757,0.15398886827458255,2026-03-31,2026-05-15,2302863000.0,277674000.0,137979000.0,128564000.0,22373000.0,106191000.0,0.64,4252225000.0,3913450000.0,9681868000.0,5325210000.0,4356658000.0,267712000.0,2834868000.0,1356137000.0,,0.174022276842662,113967580.26352634,5768418000.0,0.019757163968271,0.0243744172712202,0.0109680280706161,1.2223153619127325,0.1205777330218949,0.0599162868134144,0.0461125998376803,-0.1384973197554728,,,30.045180578249248,30.045180578249248,False,75.71608130988177,75.71608130988177,64.29835612697364,682.0,True,True,True,True,True,True,True,True,True,True,True,True,True,True,False,False,False,14,False,0.11170898225962667,0.14071784446737423,1.0,13046995.62953148,0.5871985157699443,0.0,3.0,,,,,,0.03513524275236964,0.002154574303989628,0.2725671441942177,-1.1162893004480694,0.8398373983739837,-1.1162893004480694,0.7980471446818428,-682.0,0.34959349593495936,0.5365853658536586,0.9105691056910569,0.43373983739837396,0.5178861788617887,運錩
14.800000190734863,14.850000381469728,14.75,14.800000190734863,83113.0,-0.0033670161246094343,14.800000190734863,0.02422148000620128,14.672500038146973,0.017182130358953218,14.600000015894574,0.03412971057222314,14.496927913029989,0.007035010663954206,58.82354921120039,78493.85,1.0588472854879714,0.008689736054278585,2109.TW,2026-08-31,0.033057866566078786,0.0014137750050533526,bull,0.47959183673469385,0.287569573283859,2026-03-31,2026-05-15,1087805000.0,247547000.0,119153000.0,187878000.0,44674000.0,113502000.0,0.41,3848121000.0,2285586000.0,8526981000.0,3577294000.0,4949687000.0,2144050000.0,1401000000.0,923772000.0,,0.2377819648921108,90820565.53721032,6241395000.0,0.0145513247498692,0.0229311469593935,0.0133109244643561,0.7227313565484039,0.2275656022908517,0.1095352567785586,0.1043403918900905,-0.1083894446516317,,,39.992057305842906,39.992057305842906,False,62.21926562856389,62.21926562856389,56.66246354788364,511.0,True,False,False,True,True,True,True,True,False,True,True,True,True,True,False,False,False,11,False,0.01369864209743521,0.020905965699979046,1.0,1161708.9949715137,0.8942486085343229,0.0,3.0,,,,,,0.051946146063689594,0.03005107813705113,0.14560269932426476,-1.1255701038456716,0.724390243902439,-1.1255701038456716,0.6475411367967543,-511.0,0.4878048780487805,0.1951219512195122,0.7479674796747967,0.526829268292683,0.45203252032520325,華豐
28.399999618530277,29.799999237060547,28.200000762939453,29.75,7240670.0,0.04239660286115643,28.85999984741211,0.08378867661693468,28.210587787628175,0.03658533829784494,27.999362500508628,0.0625,27.714681323369344,0.013289948599341368,68.60210315373715,2711009.1,2.6708394302328236,0.05456859757622423,2201.TW,2026-08-31,0.033057866566078786,0.0014137750050533526,bull,0.28385899814471244,0.25139146567717996,2026-03-31,2026-05-15,16975232000.0,5600166000.0,1529772000.0,1410701000.0,356383000.0,363664000.0,0.35,258394518000.0,257093889000.0,369722615000.0,273701167000.0,96021448000.0,11770568000.0,38309974000.0,7312596000.0,1700000000.0,0.2526283032336406,1143308295.3056672,112628726000.0,0.0101511251694853,0.0037873205161413,0.0009836130797679,2.850416992253648,0.3299021774783402,0.0901178846922386,0.0214232123602198,-0.0348376488341026,,,22.837441404461494,22.837441404461494,False,66.30004526315099,66.30004526315099,55.434394298478615,816.0,True,False,True,True,True,True,True,True,True,True,True,True,True,True,False,False,False,13,False,0.062524191379699,0.07343828539404673,1.0,80652520.72500001,0.35528756957328383,0.0,3.0,,,,,,0.027041947689411865,-0.03942968809537269,0.24131737700313752,-1.1075578583174743,0.724390243902439,-1.1075578583174743,0.6044213320154455,-816.0,0.2601626016260163,0.15447154471544716,0.6747967479674797,0.3223577235772358,0.31138211382113823,裕隆
19.350000381469727,19.399999618530277,19.149999618530277,19.299999237060547,1703750.0,0.005208253653516293,19.24000015258789,0.02387261785061745,19.22249984741211,0.051771053724344984,19.10166660944621,-0.05853662258241232,19.603750038146977,0.007600575648869087,52.054791657195125,3394719.35,0.5018824310174566,0.0040317019255364794,2208.TW,2026-08-31,0.033057866566078786,0.0014137750050533526,bull,0.48330241187384043,0.22077922077922077,2026-03-31,2026-05-15,4731963000.0,2242000.0,-179865000.0,89975000.0,4011000.0,91374000.0,0.07,29452802000.0,26569866000.0,49164218000.0,41875243000.0,7288975000.0,1600977000.0,12149843000.0,7399184000.0,,0.0445790497360377,-171846789.21922755,22594352000.0,-0.0076057409931131,0.0125359189735182,0.0018585467992188,5.7450111984195305,0.0004737991400186,-0.0380106522388277,0.0193099565655944,0.2102250493991537,,,14.203045294868932,14.203045294868932,False,55.37830190387133,55.37830190387133,45.084487751620735,979.0,True,False,False,True,True,True,True,True,False,True,True,True,False,True,False,False,False,10,False,0.010383001214996579,-0.015494525307421347,0.0,65518080.86503468,0.37940630797773656,0.0,3.0,,,,,,-0.025651536587560485,-0.09225534240902705,0.17073533296075896,-1.2789553366621007,0.37235772357723573,-1.2789553366621007,0.41515733925798326,-979.0,0.08943089430894309,0.008130081300813009,0.4146341463414634,0.13821138211382114,0.13008130081300814,台船
311.0,314.5,304.0,305.0,26191840.0,0.06271777003484313,305.3,0.3289760348583879,273.56896514892577,0.326086956521739,233.0563217163086,1.0030907465101833,208.1661262512207,0.10479811182634112,64.90445748314215,40507120.35,0.6465984195788432,0.11489254577529939,2301.TW,2026-08-31,0.033057866566078786,0.0014137750050533526,bull,0.04916512059369202,0.039888682745825604,2026-03-31,2026-05-15,43407292000.0,9402933000.0,4099305000.0,4969901000.0,1195242000.0,3775414000.0,1.66,165353065000.0,116511425000.0,210691221000.0,122427807000.0,88263414000.0,71133162000.0,13521025000.0,3000000000.0,,0.2404961386554782,3113437976.3289046,94179796000.0,0.0330584489302663,0.0427743934763275,0.0179191804104642,1.3870730969006029,0.2166210460675593,0.0944381649055647,0.0869764923368175,0.1919657430575541,,,57.60700281241379,57.60700281241379,False,87.76392203577171,87.76392203577171,80.22469222993223,288.0,True,True,True,True,True,True,True,True,True,True,True,True,False,True,False,False,False,13,False,0.3086965320394355,0.46517594141093577,1.0,12354671706.75,0.016697588126159554,2.0,3.0,,,,,,-0.020662033639115458,-0.10203953866081134,0.28872777868954863,-1.0987591056445436,0.5439024390243903,-1.0987591056445436,0.5184174077436847,-288.0,0.6991869918699187,0.943089430894309,0.5772357723577236,0.6808943089430894,0.7479674796747968,光寶科
179.5,186.0,176.0,182.5,340675609.0,0.031073446327683607,182.1,0.27622377622377625,176.325,0.1265432098765431,174.78333333333333,0.7389146249929577,143.8604472478231,0.07466097821118392,54.12844036697247,165063723.85,2.063903570414936,0.035020558627534504,2344.TW,2026-08-31,0.033057866566078786,0.0014137750050533526,bull,0.06307977736549165,0.12337662337662338,2026-03-31,2026-05-15,38253064000.0,20415002000.0,12550494000.0,12688424000.0,2570746000.0,10114310000.0,2.25,110641935000.0,75046248000.0,229813688000.0,106920169000.0,122893519000.0,25520648000.0,5251103000.0,22148521000.0,4892959000.0,0.202605619106045,10007693393.043297,154767440000.0,0.0646627830313875,0.082301410866101,0.0440109120045103,0.870022844736019,0.5336827920503309,0.3280912085891995,0.2644052251605257,0.913359516665577,,,96.98400611250784,96.98400611250784,True,76.44064163453693,76.44064163453693,81.57648275402966,11.0,True,True,True,True,True,True,True,True,True,True,True,True,True,True,True,True,True,15,True,0.04414989987603701,0.2685905229087324,1.0,30124129602.625,0.0027829313543599257,2.0,0.0,,,,,,-0.09024204046265555,-0.19789826955481873,0.16069287119048978,-1.343660521867058,0.2483739837398374,-1.343660521867058,0.21134826781766497,-11.0,0.975609756097561,0.959349593495935,0.13008130081300814,0.848780487804878,0.8016260162601626,華邦電
63.0,65.0999984741211,62.59999847412109,64.69999694824219,14081841.0,0.069421437161028,63.0,0.1471630354221687,61.33500003814697,0.09759100593204773,57.50978838602702,0.25973512810282084,55.814546553293866,0.03545201314505975,59.61537544543052,16185163.6,0.8700462564369754,0.05486258919054987,2354.TW,2026-08-31,0.033057866566078786,0.0014137750050533526,bull,0.14935064935064934,0.14935064935064934,2026-03-31,2026-05-15,25274831000.0,1224398000.0,373042000.0,939869000.0,285306000.0,663384000.0,0.47,119608118000.0,42954189000.0,150753789000.0,44332160000.0,106421629000.0,18348663000.0,13096824000.0,,,0.3035593258209388,259801621.9771053,107799600000.0,0.0024100425416894,0.0062335448746043,0.0044004466116602,0.4165709585219749,0.0484433704027536,0.0147594260867659,0.0262468223823138,-0.1575198993297046,,,17.738249987351253,17.738249987351253,False,79.81912499096069,79.81912499096069,64.29890624005833,898.0,True,True,True,True,True,True,True,True,True,True,True,True,True,True,False,False,False,14,False,0.1250258219340301,0.1591959613335594,1.0,1047180035.5268005,0.11688311688311688,1.0,3.0,,,,,,-0.03173268992893277,-0.08891962457223941,0.1722132440483435,-1.8367734973681313,0.26626016260162605,-1.8367734973681313,0.20229815135209323,-898.0,0.2032520325203252,0.5447154471544715,0.11382113821138211,0.18983739837398372,0.28780487804878047,鴻準
962.0,1005.0,951.0,999.0,5169509.0,0.08234019501625145,965.6,0.2503128911138923,903.95,0.18085106382978733,783.6199991861979,1.0014425446992292,689.742997233073,0.05768443222371739,71.73913043478261,3864572.65,1.3376664040718707,0.10514962110736215,2357.TW,2026-08-31,0.033057866566078786,0.0014137750050533526,bull,0.07421150278293136,0.08163265306122448,2026-03-31,2026-05-15,208369726000.0,30970538000.0,11895859000.0,13859608000.0,2702804000.0,9797017000.0,13.19,485857648000.0,327627459000.0,671441698000.0,354711686000.0,316730012000.0,57955263000.0,41417377000.0,275376000.0,,0.1950130191272365,9576011621.29809,343814239000.0,0.0278522833991703,0.0309317608967223,0.0145910166574134,1.1199181402487366,0.1486326185407567,0.0570901504184921,0.0470174683629425,0.4108280576281871,,,51.58078089609261,51.58078089609261,False,82.30919371619387,82.30919371619387,74.62709051116856,344.0,True,True,True,True,True,True,True,True,True,True,True,True,True,True,False,False,False,14,False,0.2748526084549625,0.4483655564572917,1.0,3860708077.35,0.04916512059369202,3.0,3.0,,,,,,0.026221199303021768,-0.07358759827474506,0.31241641535989023,-0.8934401202445981,0.7585365853658536,-0.8934401202445981,0.8188051471263227,-344.0,0.6422764227642277,0.8373983739837398,0.943089430894309,0.6873983739837399,0.7609756097560976,華碩
145.5,155.0,145.0,155.0,17679339.0,0.07638888888888884,147.0,0.08391608391608396,149.05962524414062,0.09540636042402828,143.6698750813802,0.6702585657626658,123.56327075958252,0.01273910231377678,54.85870850103875,15891573.05,1.1124977335078858,0.03985233926443743,2377.TW,2026-08-31,0.033057866566078786,0.0014137750050533526,bull,0.2829313543599258,0.1549165120593692,2026-03-31,2026-05-15,56256838000.0,8440506000.0,3876357000.0,4133431000.0,716617000.0,3416814000.0,4.04,106512512000.0,56814984000.0,119099762000.0,64185562000.0,54914200000.0,25875075000.0,0.0,6305082000.0,,0.1733709840565864,3204309172.355363,62284778000.0,0.0514461040923251,0.0622209555998266,0.0286886719387398,1.1688335985956273,0.1500352010541367,0.0689046369794192,0.0607359766647389,0.0507372103469625,,,60.05362798212559,60.05362798212559,False,70.0739987312521,70.0739987312521,67.56890604397047,263.0,True,False,True,True,True,True,True,True,True,True,True,True,True,True,True,False,False,13,False,0.07886221737300159,0.2544180730015153,1.0,2463193822.75,0.06307977736549165,2.0,3.0,,,,,,0.005346123795264502,-0.059754398939011036,0.24792294266825476,-1.026171703616366,0.666260162601626,-1.026171703616366,0.5690720982394205,-263.0,0.7317073170731707,0.7073170731707317,0.6260162601626016,0.7158536585365853,0.7032520325203252,微星
5300.0,5500.0,5300.0,5485.0,1997692.0,0.01474134090303858,5577.55458984375,0.10140562248995977,5629.813647460937,0.12282497441146356,5286.021215820312,1.3094736842105261,4630.760607910156,0.04976550062902933,49.128035696038694,2054476.5,0.972360598916561,-0.025722636046088043,2383.TW,2026-08-31,0.033057866566078786,0.0014137750050533526,bull,0.22820037105751392,0.1261595547309833,2026-03-31,2026-05-15,33067261000.0,9729153000.0,7128470000.0,7194158000.0,1855381000.0,5339793000.0,14.9,90741002000.0,68350963000.0,130976723000.0,83055788000.0,47920935000.0,22134504000.0,12291308000.0,10978888000.0,0.0,0.2579010636130038,5290030005.06661,62625760000.0,0.0844705118958494,0.1114292323386428,0.0407690227522336,1.733183795349569,0.2942231290338803,0.2155748551414645,0.1614827729457241,0.5252381635035763,,,86.0587773245522,86.0587773245522,True,65.0,65.0,70.26469433113805,55.0,True,False,True,True,False,True,True,False,True,True,True,True,True,True,True,True,False,11,False,0.03764244902842484,0.18447064411635794,1.0,11268803602.5,0.02040816326530612,3.0,2.0,,,,,,0.0384034078228271,-0.08269964204649428,0.30529160153539625,0.6203799024890206,0.8,0.6203799024890206,0.8210064327345881,-55.0,0.943089430894309,0.7886178861788617,0.9512195121951219,0.9443089430894309,0.8983739837398375,台光電
44.34999847412109,45.84999847412109,43.70000076293945,45.0,14213575.0,0.016949152542372836,45.28000030517578,0.30624089995405757,41.162499809265135,0.10565108492518838,38.42415002187093,0.23626368443987156,37.77290830612183,0.07459862423123206,65.08380185910002,5927727.55,2.3978117887688684,0.09322806458589028,2392.TW,2026-08-31,0.033057866566078786,0.0014137750050533526,bull,0.05658627087198516,0.1391465677179963,2026-03-31,2026-05-15,20284345000.0,3918165000.0,2024943000.0,2036754000.0,252111000.0,-210762000.0,-0.46,65961303000.0,65464823000.0,123191294000.0,95674753000.0,27516541000.0,21416412000.0,16445470000.0,26655579000.0,0.0,0.1237807805950055,1774293974.7996078,57726471000.0,0.0307362280088039,-0.0076594656283287,-0.0017108514177958,3.476990549066469,0.1931620173094078,0.0998278721841893,-0.0103903774068129,-0.0513983335778374,,,22.851074819845003,22.851074819845003,False,83.05519544182582,83.05519544182582,68.00416528633062,812.0,True,True,True,True,True,True,True,True,True,True,True,True,True,True,False,False,False,14,False,0.1711384630339543,0.19133003038336027,1.0,266747739.75,0.22727272727272727,1.0,3.0,,,,,,0.032950764528380486,-0.013697342448159294,0.28832182430203646,-0.16015397577647977,0.8646341463414633,-0.16015397577647977,0.8545646135662711,-812.0,0.2682926829268293,0.7398373983739838,0.967479674796748,0.37317073170731707,0.5495934959349593,正崴
66.0,66.0999984741211,65.0,66.0999984741211,2324195.0,0.010703317001685253,66.15999908447266,0.1596490960372121,63.90499973297119,0.001515128395774168,66.01459331512451,0.10166664123535152,67.1481299718221,0.03537521038353947,57.4803092843579,2860031.7,0.812646587099017,0.03434784054959339,2393.TW,2026-08-31,0.033057866566078786,0.0014137750050533526,bull,0.13172541743970315,0.3385899814471243,2026-03-31,2026-05-15,5039603000.0,1246426000.0,373642000.0,536284000.0,120219000.0,403048000.0,0.91,20413501000.0,8613579000.0,30669796000.0,9548824000.0,21120972000.0,5020014000.0,764105000.0,4128000.0,,0.2241704022495543,289882522.562672,22056217000.0,0.0131428940222465,0.019082833877153,0.0131415285579336,0.4521015415389026,0.2473262278794579,0.074141157547529,0.0799761409777714,0.0026684222704629,,,41.81731665153093,41.81731665153093,False,61.5350405246057,61.5350405246057,56.605609556337,482.0,True,False,True,True,True,False,True,True,True,True,True,True,True,True,False,False,False,12,False,0.0012937315025012275,-0.015609243297480369,0.0,189048091.00593796,0.2717996289424861,1.0,3.0,,,,,,0.00022062717913300296,-0.048372798611774376,0.18112763584927588,-1.7771370933465829,0.43902439024390244,-1.7771370933465829,0.5709647985703872,-482.0,0.5284552845528455,0.18699186991869918,0.6341463414634146,0.5443089430894309,0.44715447154471544,億光
664.0,677.0,656.0,677.0,3302504.0,0.028875379939209633,675.8,0.17534722222222232,663.3,0.36491935483870974,564.6361302693684,0.9594790159189581,481.9638984680176,0.04629702657938309,54.166666666666664,4023138.0,0.8208776333300026,0.020654304236393806,2395.TW,2026-08-31,0.033057866566078786,0.0014137750050533526,bull,0.11410018552875696,0.032467532467532464,2026-03-31,2026-05-15,20385264000.0,7979823000.0,3728486000.0,4068287000.0,750007000.0,3334165000.0,3.85,49300373000.0,29811036000.0,83769137000.0,34044129000.0,49725008000.0,10001958000.0,,43915000.0,,0.184354496130681,3041122842.1397014,53958101000.0,0.0563608204473263,0.0670520756879516,0.0398018305954375,0.6846480346468723,0.3914505595806853,0.182901040673302,0.1635576071028562,0.1748587968840969,,,87.43653384699755,87.43653384699755,False,74.89390554955587,74.89390554955587,78.02956262391629,49.0,True,False,True,True,True,True,True,True,True,True,True,True,True,True,True,False,False,13,False,0.1990022666049136,0.4046695243189977,1.0,2723664426.0,0.06029684601113173,3.0,2.0,,,,,,-0.036600975357724816,-0.15185613062739733,0.3093196521435264,-0.8599486723849824,0.509349593495935,-0.8599486723849824,0.4552991810137841,-49.0,0.959349593495935,0.9024390243902439,0.4715447154471545,0.8861788617886178,0.8447154471544717,研華
546.0,558.0,531.0,543.0,158354207.0,0.08383233532934131,530.2,0.3694829760403531,500.675,0.5083333333333333,442.41414845784504,1.3506493506493507,352.9570742289225,0.08919345189536085,62.67605633802817,91774213.5,1.7254760456214642,0.08453587656663508,2408.TW,2026-08-31,0.033057866566078786,0.0014137750050533526,bull,0.03525046382189239,0.017625231910946195,2026-03-31,2026-05-15,49086932000.0,33325482000.0,30111283000.0,31718134000.0,5659880000.0,26059487000.0,8.41,141606845000.0,25207062000.0,240968098000.0,47930660000.0,193037438000.0,86281008000.0,0.0,13800000000.0,3996400000.0,0.1784430319892084,24738134364.394894,215761036000.0,0.1146552446308929,0.1349970620724877,0.1081449669740099,0.2482972240856201,0.6789074126694249,0.6134276837672398,0.5308844113541258,5.829068133568171,,,100.0,100.0,True,92.63859313457898,92.63859313457898,94.47894485093424,2.0,True,True,True,True,True,True,True,True,True,True,True,True,True,True,True,True,True,15,True,0.2273567694269596,0.5384307034679763,1.0,49833397930.5,0.0009276437847866419,3.0,0.0,,,,,,-0.12429807020065649,-0.2510507427657931,0.18047010608632558,-1.403962765268152,0.23536585365853657,-1.403962765268152,0.1997820358192132,-2.0,0.991869918699187,0.991869918699187,0.10569105691056911,0.8589430894308943,0.8146341463414634,南亞科
185.0,187.0,175.0,180.0,15613867.0,-0.040000000000000036,193.2,0.22033898305084754,184.7,0.09090909090909083,165.88333333333333,1.6745912605913111,135.84666665395102,0.09080171268271077,46.19289340101523,17252897.85,0.9049996780685744,-0.02544667027612335,2464.TW,2026-08-31,0.033057866566078786,0.0014137750050533526,bull,0.08719851576994433,0.16233766233766234,2026-03-31,2026-05-15,1864911000.0,348125000.0,41838000.0,53528000.0,4046000.0,49169000.0,0.24,7398797000.0,5883475000.0,11317462000.0,6229196000.0,5088266000.0,1831434000.0,460111000.0,103169000.0,0.0,0.0755866088775967,38675607.45777911,5433987000.0,0.0071173536958736,0.00966321336188,0.0043445253008139,1.2242276641983734,0.1866711065568276,0.0224343145597832,0.0263653332518281,0.0786759589539871,,,25.84400824761181,25.84400824761181,False,68.32560296846012,68.32560296846012,57.70520428824804,756.0,True,False,True,True,False,True,True,False,True,True,True,True,True,True,False,False,False,11,False,0.08509996985833412,0.325023310719305,1.0,3105521613.0000005,0.055658627087198514,2.0,3.0,,,,,,-0.12467328300958284,-0.27717994203704577,0.15892353874091342,-1.7865655763736283,0.11626016260162603,-1.7865655763736283,0.11779853934132563,-756.0,0.2764227642276423,0.2682926829268293,0.06504065040650407,0.24471544715447155,0.23170731707317072,盟立
93.5999984741211,96.8000030517578,93.0999984741211,94.0,2381033.0,0.02508182255508662,93.48000030517578,0.24503311258278138,90.25,0.12845133921056195,82.03833351135253,0.8799999999999999,76.04750019709269,0.06095339143987488,56.71077534715557,4696666.25,0.5069623586730269,0.04155124653739617,2465.TW,2026-08-31,0.033057866566078786,0.0014137750050533526,bull,0.07699443413729128,0.11966604823747681,2026-03-31,2026-05-15,1569188000.0,167121000.0,92107000.0,130068000.0,22277000.0,107791000.0,1.15,1574817000.0,638916000.0,1902288000.0,697716000.0,1204572000.0,319532000.0,112731000.0,0.0,,0.1712719500568933,76331654.49610972,1263372000.0,0.0604189854580517,0.0894848958800304,0.0566638700344006,0.5792231597613094,0.1065015791606869,0.0586972370423429,0.0686922153368493,0.9128577645528606,,,73.28778007996519,73.28778007996519,True,78.39531447823354,78.39531447823354,77.11843087866646,133.0,True,True,True,True,True,True,True,True,True,True,True,True,False,True,True,True,False,13,False,0.1458058199950174,0.2360695585835133,1.0,441486627.5,0.17810760667903525,1.0,3.0,,,,,,-0.0754754605382016,-0.22034701107865223,0.17135691239095505,-2.103710315687095,0.12682926829268293,-2.103710315687095,0.10209263869600123,-133.0,0.8780487804878049,0.8780487804878049,0.04878048780487805,0.7536585365853659,0.7121951219512195,麗臺
124.5,126.0,122.5,125.5,1338211.0,0.08658008658008653,124.7,0.07970069983644512,121.53379364013672,0.04583333333333339,122.77352981567383,0.6733333333333333,114.66593163808187,0.03020417385229233,57.499989708116296,1823004.75,0.734068849793178,0.03263459685630532,2476.TW,2026-08-31,0.033057866566078786,0.0014137750050533526,bull,0.2940630797773655,0.23376623376623376,2026-03-31,2026-05-15,2167648000.0,648571000.0,386545000.0,381039000.0,105379000.0,249094000.0,1.14,8508714000.0,2022591000.0,12826616000.0,2840613000.0,9986003000.0,3388343000.0,0.0,,0.0,0.2765569928537499,279643277.1973472,10804025000.0,0.0258832497330714,0.0249443145570855,0.0194200871063731,0.2844594579032271,0.2992049447142709,0.1783246172810345,0.1149144141484226,0.3165738497392238,,,72.21370863120339,72.21370863120339,False,59.164601176233404,59.164601176233404,62.4268780399759,147.0,True,False,True,True,True,False,True,True,True,True,True,True,False,True,True,False,False,11,False,0.022207312833796955,0.0944837599725219,1.0,228787096.125,0.23933209647495363,2.0,3.0,,,,,,-0.0270315917295853,-0.11830182556443444,0.2267549172843603,-1.6368907107832829,0.3715447154471545,-1.6368907107832829,0.3894740560818305,-147.0,0.8617886178861789,0.43089430894308944,0.34146341463414637,0.783739837398374,0.6284552845528455,鉅祥
35.29999923706055,36.45000076293945,34.95000076293945,36.45000076293945,2101263.0,0.0,35.720000457763675,0.1017387714910658,35.12053871154785,0.13551409643602685,34.78168067932129,0.13728554229701917,32.9320903301239,0.01820674243895401,64.28571428571428,1537366.0,1.3667942441812815,0.03785426135717174,2520.TW,2026-08-31,0.033057866566078786,0.0014137750050533526,bull,0.22727272727272727,0.11688311688311688,2026-03-31,2026-05-15,4862541000.0,1141758000.0,658447000.0,599530000.0,162065000.0,308665000.0,0.52,53619294000.0,30715620000.0,65803063000.0,37306228000.0,28496835000.0,17736193000.0,16539209000.0,220000000.0,3700000000.0,0.2703200840658515,480455551.60709226,35087443000.0,0.0136930910470475,0.0108315537497409,0.0046907390921908,1.3091358391203796,0.2348068633251627,0.1354121230031787,0.063478127999332,0.0287244960456058,,,37.26396887406752,37.26396887406752,False,77.82008709022159,77.82008709022159,67.68105753618308,571.0,True,True,True,True,True,True,True,True,True,True,True,True,True,True,False,False,False,14,False,0.04796548214560614,0.10682317452523282,1.0,56036991.872917175,0.3979591836734694,1.0,3.0,,,,,,0.01964882602580592,-0.014899274322902578,0.22173471320813,-1.4091873504304517,0.6869918699186992,-1.4091873504304517,0.6316429080536718,-571.0,0.43089430894308944,0.7154471544715447,0.7235772357723578,0.47479674796747967,0.5747967479674797,冠德
20.700000762939453,20.850000381469727,20.399999618530277,20.799999237060547,1994541.0,0.0,20.929999923706056,0.15235457707685973,20.377499961853026,0.009708682130449064,19.9793981552124,-0.08167772241180182,20.67761575380961,0.03610016230283379,46.153823581770126,1542003.7,1.2934735500310408,0.02073361678314045,2536.TW,2026-08-31,0.033057866566078786,0.0014137750050533526,bull,0.14192949907235622,0.3098330241187384,2026-03-31,2026-05-15,885984000.0,198992000.0,124933000.0,51693000.0,481000.0,50662000.0,0.15,37093849000.0,23042551000.0,40456098000.0,26821064000.0,13635034000.0,3624765000.0,10389980000.0,2660000000.0,1000000000.0,0.0093049349041456,123770506.56762037,17413547000.0,0.0071077136994329,0.0037155756267274,0.0012522710420565,1.9670698290888016,0.2245999927763932,0.1410104471412576,0.0571816195326326,0.0254337628427481,,,28.43301834599211,28.43301834599211,False,67.16970374038124,67.16970374038124,57.485532391783956,710.0,True,False,True,True,True,True,True,False,True,True,True,True,True,True,False,False,False,12,False,0.041072362414183106,0.005918645781411547,1.0,32073675.78354454,0.47588126159554733,0.0,3.0,,,,,,-0.010111537609400912,-0.06996724092800195,0.1420631606907894,-1.7096247024349756,0.3459349593495935,-1.7096247024349756,0.3806041430327094,-710.0,0.3333333333333333,0.24390243902439024,0.3252032520325203,0.33211382113821136,0.3048780487804878,宏普
11.449999809265137,11.600000381469728,11.399999618530272,11.5,621218.0,0.0,11.529999732971191,0.04072396393643962,11.262499856948851,0.1330049686903545,11.139166673024496,0.13861381838151443,10.648500013351441,0.012132095759031812,64.10255657851297,1010610.2,0.6146959529994849,0.02108769332455207,2537.TW,2026-08-31,0.033057866566078786,0.0014137750050533526,bull,0.40538033395176254,0.11781076066790352,2026-03-31,2026-05-15,1212617000.0,259289000.0,167409000.0,150138000.0,30818000.0,,0.4,17831477000.0,12815624000.0,18460150000.0,13906467000.0,4553683000.0,679610000.0,8130480000.0,,1090843000.0,0.205264490002531,133045876.99316628,5644526000.0,0.0235707793698117,,,3.053894397128654,0.2138259648347334,0.1380559566623262,,2.980962167272918,,,51.40705905064119,51.40705905064119,False,68.2033436545589,68.2033436545589,64.00427250357947,351.0,True,False,False,True,True,True,True,True,True,True,True,True,False,True,False,False,False,11,False,0.03239320656268907,0.07996431286856542,1.0,11622017.299999999,0.5964749536178108,0.0,3.0,,,,,,0.11404025629321861,0.07458373490920026,0.37441645666726886,0.535948122795122,0.9967479674796749,0.535948122795122,0.9831355273561637,-351.0,0.6341463414634146,0.5203252032520326,1.0,0.6890243902439025,0.673170731707317,聯上發
46.900001525878906,47.150001525878906,46.5,46.650001525878906,5536087.0,-0.03416144383529507,47.380000305175784,0.06385411970790145,46.39499988555908,0.08488375641578849,44.65166651407877,0.2958333757188585,41.727916685740155,0.020343087682935742,63.46155445016268,7912744.5,0.6996418246538859,0.005496317296019626,2542.TW,2026-08-31,0.033057866566078786,0.0014137750050533526,bull,0.3302411873840445,0.17439703153988867,2026-03-31,2026-05-15,16191907000.0,4874634000.0,3912933000.0,3918335000.0,698387000.0,2421313000.0,1.15,244126134000.0,168451704000.0,269504119000.0,203260373000.0,66243746000.0,18030010000.0,104829064000.0,11468836000.0,23019028000.0,0.1782356536641201,3215508829.0010934,101052415000.0,0.0318202076516537,0.0365515712230404,0.0089843265067128,3.068370756086167,0.3010537301134449,0.2416597995529495,0.1495384700517363,13.610654325020349,,,58.947380152838136,58.947380152838136,False,68.45580453113567,68.45580453113567,66.07869843656128,278.0,True,False,True,True,True,True,True,True,True,True,True,True,False,True,False,False,False,12,False,0.04475387298635436,0.11795663984875615,1.0,369129542.9988899,0.19573283858998144,1.0,3.0,,,,,,0.030244792597923793,0.044712669417049884,0.21184369105334502,-0.5492726713945183,0.798780487804878,-0.5492726713945183,0.7974912886742755,-278.0,0.7154471544715447,0.6504065040650406,0.9024390243902439,0.7434959349593496,0.7333333333333334,興富發
234.0,234.5,230.5,233.5,10787967.0,-0.06786427145708585,234.9,0.1253012048192772,226.8,0.08521093654539746,207.22870407104492,0.225153005459231,200.39247194925943,0.03668152211175868,61.832061068702295,16900056.2,0.6383391198426902,0.02954144620811272,2603.TW,2026-08-31,0.033057866566078786,0.0014137750050533526,bull,0.18274582560296845,0.17346938775510204,2026-03-31,2026-05-15,86511471000.0,13386693000.0,8948352000.0,10639378000.0,1948722000.0,8303529000.0,3.84,244500947000.0,151671937000.0,935103407000.0,330097608000.0,605005799000.0,183466379000.0,21757000.0,72484631000.0,,0.1831612712698054,7309360471.910295,783431470000.0,0.0093299296132567,0.0137247097692695,0.0088797976115169,0.5456106512460056,0.1547389362966675,0.1034354392147603,0.0959818265025224,-0.2133215452088127,,,31.8537233857576,31.8537233857576,False,76.71816542348469,76.71816542348469,65.50205491405292,652.0,True,True,True,True,True,True,True,True,True,True,True,True,False,True,False,False,False,13,False,0.12677440630979575,0.16521343206507066,1.0,3946163122.7,0.04730983302411874,2.0,3.0,,,,,,0.03243760767084778,-0.025881237222452197,0.25518523552962263,-1.4634900865225917,0.7410569105691056,-1.4634900865225917,0.6590901819384063,-652.0,0.37398373983739835,0.6178861788617886,0.7723577235772358,0.43373983739837396,0.526829268292683,長榮
35.29999923706055,35.650001525878906,34.95000076293945,35.349998474121094,8856544.0,-0.034153006888342774,35.26999969482422,0.13301274390067208,34.14249973297119,0.13935148812487785,31.71068827311198,0.10326336196858943,33.03787601788839,0.03430777922310668,61.607139207877886,17126724.25,0.5171183859049987,0.03536644213498619,2605.TW,2026-08-31,0.033057866566078786,0.0014137750050533526,bull,0.17625231910946196,0.11224489795918367,2026-03-31,2026-05-15,1366845000.0,582927000.0,482738000.0,537338000.0,149979000.0,387359000.0,0.66,9807913000.0,5258125000.0,22934806000.0,5269539000.0,17665267000.0,4877423000.0,4114000000.0,,,0.2791148215834353,347998669.2584556,17676681000.0,0.0196868783941089,0.0219277183865944,0.0168895695040978,0.2982994256469489,0.4264763012631278,0.3531768415584795,0.2833964348554518,0.4444113329930603,,,75.1720503143159,75.1720503143159,False,79.17891236912106,79.17891236912106,78.17719685541977,118.0,True,True,True,True,True,True,True,True,True,True,True,True,False,True,True,False,False,13,False,0.11476604259311984,0.0699839921604164,1.0,605429676.1041927,0.15213358070500926,1.0,3.0,,,,,,-0.02827905327909272,-0.1174436482342992,0.14506450694154288,-1.7336733091404908,0.23089430894308943,-1.7336733091404908,0.2112838105149258,-118.0,0.8943089430894309,0.9186991869918699,0.12195121951219512,0.7784552845528455,0.7471544715447154,新興
72.9000015258789,77.69999694824219,71.9000015258789,76.0999984741211,11419830.0,0.052558717316276704,74.51999969482422,0.20793648371620788,69.33500061035156,0.12159174923410876,64.81090253194172,0.30391945973754875,62.64406162897746,0.04751473109107623,66.0065940120086,9853731.5,1.1589345619981628,0.0975697382882772,2606.TW,2026-08-31,0.033057866566078786,0.0014137750050533526,bull,0.09647495361781076,0.12708719851576994,2026-03-31,2026-05-15,3891765000.0,1243986000.0,987897000.0,987799000.0,68000.0,987731000.0,1.17,29154469000.0,15158773000.0,89632874000.0,49048791000.0,40584083000.0,18437340000.0,5972000000.0,33795287000.0,,6.883991581283237e-05,987828993.2536882,74474101000.0,0.0132640606598754,0.0243378912860985,0.0110197403689186,1.2085721143434485,0.3196457134487822,0.2538429221702749,0.2538002680017935,0.1329549990000165,,,55.37983321173965,55.37983321173965,False,82.82095540034744,82.82095540034744,75.9606748531955,303.0,True,True,True,True,True,True,True,True,True,True,True,True,True,True,False,False,False,14,False,0.17418513708577965,0.21479987879520368,1.0,749868952.114399,0.13079777365491652,1.0,3.0,,,,,,-0.008816157366716015,-0.07391463436105507,0.20246624651668907,-1.5557931021970095,0.4605691056910569,-1.5557931021970095,0.39076609516478755,-303.0,0.6829268292682927,0.8617886178861789,0.35772357723577236,0.6341463414634148,0.6715447154471545,裕民
52.29999923706055,52.70000076293945,51.70000076293945,52.70000076293945,1076738.0,0.007648212843480495,52.24000015258789,0.11770941797349366,50.250000381469725,0.12948642133858668,47.88093573252359,0.02191629393013783,47.45068492889404,0.025667187369494512,74.39023028663243,624851.1,1.7231913331031985,0.04875622612678021,2607.TW,2026-08-31,0.033057866566078786,0.0014137750050533526,bull,0.19666048237476808,0.11873840445269017,2026-03-31,2026-05-15,3991930000.0,868803000.0,467559000.0,709936000.0,149297000.0,553268000.0,1.04,14530568000.0,4295956000.0,44350782000.0,12631508000.0,31719274000.0,4170571000.0,346407000.0,4274711000.0,,0.2102964210858443,369233015.6535237,40054826000.0,0.0092181904785586,0.0174426438637908,0.012474819496982,0.3982281561677609,0.2176398383739193,0.1171260518095257,0.1385966186781832,-0.1369527758740344,,,38.62339041274056,38.62339041274056,False,74.1681498188114,74.1681498188114,65.28195996729369,547.0,True,False,True,True,True,True,True,False,True,True,True,True,True,True,False,False,False,12,False,0.10064684318904127,0.11062676633459834,1.0,32929653.446723554,0.4712430426716141,1.0,3.0,,,,,,0.014198861451794529,-0.017457055700971967,0.17082887408564365,-1.719812388608365,0.5345528455284553,-1.719812388608365,0.3666419170919218,-547.0,0.44715447154471544,0.6097560975609756,0.2764227642276423,0.42154471544715444,0.46178861788617886,榮運
57.20000076293945,59.5,56.29999923706055,59.5,218684879.0,-0.07751937984496127,58.95999984741211,0.1712598601102433,55.714999961853025,0.09174311926605494,52.34408168792724,-0.008333333333333304,52.30079072316487,0.0395559302326851,64.47876362575906,81260065.05,2.691172827211514,0.06793502720521394,2609.TW,2026-08-31,0.033057866566078786,0.0014137750050533526,bull,0.11873840445269017,0.16048237476808905,2026-03-31,2026-05-15,38660500000.0,2823780000.0,748244000.0,1901061000.0,403937000.0,1435563000.0,0.41,211388001000.0,47890391000.0,460181224000.0,130409310000.0,329771914000.0,136009607000.0,1836000000.0,0.0,1398091000.0,0.2124797678769908,589257288.564649,412290833000.0,0.0014292272381536,0.0043531997088144,0.0031195601322491,0.3954530524391473,0.0730404417945965,0.019354224596164,0.0371325513120627,-0.1505117671934875,,,16.553971895296993,16.553971895296993,False,79.22174784680817,79.22174784680817,63.55480385893038,925.0,True,True,True,True,True,True,True,True,True,True,True,True,True,True,False,False,False,14,False,0.13670921489722532,0.13765010389501597,1.0,4834973870.474999,0.039888682745825604,1.0,3.0,,,,,,-0.053799869052332784,-0.13790856049092412,0.13153561121506577,-2.0576702371127653,0.11951219512195121,-2.0576702371127653,0.13668563205348488,-925.0,0.15447154471544716,0.4878048780487805,0.07317073170731707,0.14227642276422767,0.23821138211382115,陽明
14.899999618530272,15.25,14.649999618530272,14.850000381469728,905554.0,-0.10271896881928533,15.250000190734863,0.10408926335004032,14.894999980926514,0.049470019915955676,14.266666650772095,0.0663219215080002,14.036285964647927,0.03222453636029081,56.896550873655805,1695148.3,0.534203408633923,-0.0030211211490035472,2611.TW,2026-08-31,0.033057866566078786,0.0014137750050533526,bull,0.21799628942486085,0.22727272727272727,2026-03-31,2026-05-15,353426000.0,93706000.0,35228000.0,64426000.0,5952000.0,53112000.0,0.28,2531460000.0,477345000.0,3873907000.0,1025452000.0,2848455000.0,534450000.0,60000000.0,9174000.0,,0.0923850619315183,31973459.038276475,3396562000.0,0.0094134772273482,0.0186458975128622,0.0137101897386798,0.3600028787535699,0.2651361246767357,0.0996757454177112,0.1502775687131111,1.1037011464149238,,,54.537917356638296,54.537917356638296,False,68.21890521727578,68.21890521727578,64.7986582521164,309.0,True,False,True,True,False,True,True,True,True,True,True,True,False,True,False,False,False,11,False,0.04088787836548091,0.05797220282282933,1.0,25172952.90164776,0.5074211502782932,0.0,3.0,,,,,,-0.021286143464541794,-0.0890668944346906,0.17467913087900105,-1.986350157236276,0.2727642276422764,-1.986350157236276,0.3720765016463631,-309.0,0.6747967479674797,0.5772357723577236,0.2845528455284553,0.6162601626016261,0.567479674796748,志信
60.59999847412109,63.0,59.59999847412109,60.5,1478189.0,0.0033167622797669605,61.6,0.16346153846153855,57.39500007629395,0.05400694062217837,54.64000021616618,0.0413609008762692,54.580550066630046,0.04811906932476667,67.02128479846829,1428696.75,1.0346415360712482,0.05409878769193566,2612.TW,2026-08-31,0.033057866566078786,0.0014137750050533526,bull,0.12523191094619665,0.21521335807050093,2026-03-31,2026-05-15,1239781000.0,413974000.0,286693000.0,251153000.0,6735000.0,245435000.0,1.24,3774080000.0,3383047000.0,26827564000.0,13202888000.0,13624676000.0,3013054000.0,905000000.0,5029390000.0,4000000000.0,0.0268163231177807,279004947.8763941,23444517000.0,0.0119006481505417,0.018014006351417,0.0091486129713454,0.9690423464014852,0.3339089726330699,0.2312448730864564,0.1979664150362039,0.0092344987980661,,,50.30355978018509,50.30355978018509,False,73.96930405203074,73.96930405203074,68.05286798406932,362.0,True,False,True,True,True,True,True,True,True,True,True,True,True,True,False,False,False,13,False,0.10724743339404386,0.1084534678771778,1.0,86436153.375,0.3450834879406308,1.0,3.0,,,,,,0.014447936475703346,-0.03851751733684724,0.1902406606285699,-1.4126130625100255,0.5971544715447155,-1.4126130625100255,0.4565887110708998,-362.0,0.6178861788617886,0.7479674796747967,0.4878048780487805,0.5983739837398374,0.6308943089430894,中航
22.899999618530277,23.5,22.649999618530277,22.700000762939453,893772.0,-0.05020915793908354,23.190000152587892,0.1350000381469727,21.864999866485597,0.013392908460632125,21.599999936421717,-0.08154153099383243,22.22240254084269,0.03551977757505381,62.35955802648945,1717041.1,0.520530347235136,0.03818892758072856,2613.TW,2026-08-31,0.033057866566078786,0.0014137750050533526,bull,0.17161410018552875,0.29777365491651203,2026-03-31,2026-05-15,828689000.0,111527000.0,60198000.0,31378000.0,6342000.0,24024000.0,0.18,1631118000.0,1485031000.0,10383751000.0,7198437000.0,3185314000.0,744688000.0,370000000.0,1975783000.0,,0.202116132322009,48031013.0664797,8898720000.0,0.0053975193136181,0.0075421135875458,0.002313614800663,2.259883013103261,0.1345824549378596,0.0726424509073971,0.0289903691252086,0.0738597782535002,,,20.090954556187583,20.090954556187583,False,74.07902622381599,74.07902622381599,60.58200830690889,860.0,True,False,True,True,True,True,True,True,True,True,True,True,False,True,False,False,False,12,False,0.050925964340533314,0.02149174560306788,1.0,38976834.2799984,0.4461966604823748,0.0,3.0,,,,,,-0.013377594961791162,-0.07578565691227251,0.13620740876964146,-1.7405786485923465,0.2947154471544715,-1.7405786485923465,0.3280910250810708,-860.0,0.21951219512195122,0.35772357723577236,0.21951219512195122,0.21951219512195122,0.26097560975609757,中櫃
116.0,116.0,110.0,114.0,40379743.0,-0.08433734939759041,116.1,0.3240418353115855,101.72999992370606,0.3240418353115855,87.9013163248698,0.4393939948570944,83.0064915339152,0.08344427556682475,73.63796204262351,39420896.6,1.0243233026820602,0.12061338922142939,2615.TW,2026-08-31,0.033057866566078786,0.0014137750050533526,bull,0.05194805194805195,0.041743970315398886,2026-03-31,2026-05-15,33640864000.0,7656632000.0,5825197000.0,9789626000.0,2113020000.0,7671518000.0,2.73,141008376000.0,35567443000.0,420232464000.0,133190864000.0,287041600000.0,99479800000.0,1000000000.0,42718782000.0,0.0,0.2158427707044171,4567870339.620942,384665021000.0,0.0118749303686256,0.0267261539790748,0.0182554149362434,0.4640124079575922,0.2275991484642011,0.1731583647792161,0.2280416460171772,-0.0929984351119866,,,48.73816272918027,48.73816272918027,False,82.60065337269063,82.60065337269063,74.13503071181304,389.0,True,True,True,True,True,True,True,False,True,True,True,True,True,True,False,False,False,13,False,0.2969089061041301,0.37338656162116335,1.0,4493982212.400001,0.04359925788497217,2.0,3.0,,,,,,0.033363736835751175,-0.034490120561918,0.3056375776111397,-1.6147082233806236,0.7532520325203251,-1.6147082233806236,0.722645917357862,-389.0,0.6016260162601627,0.8292682926829268,0.8536585365853658,0.6394308943089432,0.7203252032520325,萬海
30.450000762939453,31.299999237060547,30.399999618530277,30.950000762939453,1050245.0,-0.02519682636411169,31.08000030517578,0.08406310297772213,30.005000019073492,0.04560812040782469,29.5259583791097,-0.029780528744551615,29.794229125976567,0.022752450586228757,63.565897891447264,1896945.75,0.5536505195259274,0.03149477564623382,2617.TW,2026-08-31,0.033057866566078786,0.0014137750050533526,bull,0.2810760667903525,0.23562152133580705,2026-03-31,2026-05-15,1083585000.0,454984000.0,420156000.0,372514000.0,74470000.0,298044000.0,0.71,3272834000.0,1957091000.0,26562212000.0,8269177000.0,18293035000.0,921024000.0,1017237000.0,5281631000.0,,0.1999119496180009,336161794.8962992,24605121000.0,0.013662269529026,0.0162927584187096,0.0112206016577233,0.452039642410349,0.4198876876294891,0.3877462312601226,0.2750536413848475,0.0574449605745959,,,59.57860740402141,59.57860740402141,False,70.45074694291677,70.45074694291677,67.73271205819293,271.0,True,False,True,True,True,True,True,True,True,True,True,True,False,True,False,False,False,12,False,0.04823018326942097,0.038791795286128306,1.0,58710472.40975475,0.39053803339517623,1.0,3.0,,,,,,-0.007747947612550167,-0.04593735611019108,0.14172078175888295,-2.0257018255759323,0.33577235772357716,-2.0257018255759323,0.5066982826776576,-271.0,0.7235772357723578,0.7235772357723578,0.5447154471544715,0.6967479674796748,0.6878048780487804,台航
92.9000015258789,94.5,91.0,94.0999984741211,4937434.0,-0.030895984007657362,93.4999984741211,0.13373492137495302,90.28999938964844,0.2202874699525652,82.56839714050292,0.4421580487476342,75.94357954661051,0.03781608493848785,58.7179411437321,7423471.1,0.6651112307825917,0.04219735419457171,2637.TW,2026-08-31,0.033057866566078786,0.0014137750050533526,bull,0.17532467532467533,0.06771799628942486,2026-03-31,2026-05-15,4338022000.0,1244039000.0,1197473000.0,1201283000.0,6082000.0,1195201000.0,1.6,8930959000.0,8128467000.0,84286573000.0,33874386000.0,50412187000.0,5975075000.0,2132536000.0,18694305000.0,992902000.0,0.0050629202277897,1191410289.726068,76158106000.0,0.0156439065032167,0.0237085726909645,0.0141802063775923,0.6719483524886551,0.2867756318432686,0.276041246448266,0.2755175054437253,0.2360516073148353,,,62.80204855376821,62.80204855376821,False,79.02813506449631,79.02813506449631,74.97161343681428,238.0,True,True,True,True,True,True,True,True,True,True,True,True,False,True,True,False,False,13,False,0.13966119887243744,0.23907773423251744,1.0,698548619.182682,0.13821892393320964,1.0,3.0,,,,,,-0.019378006008520028,-0.09655951201535204,0.20707002739260888,-1.6200300918310302,0.3894308943089431,-1.6200300918310302,0.3799424158836898,-238.0,0.7560975609756098,0.8455284552845529,0.3170731707317073,0.6902439024390244,0.6951219512195121,慧洋-KY
44.59999847412109,46.20000076293945,44.25,46.20000076293945,4597628.0,0.07817975281473055,45.35,0.32758625792549956,40.23500003814697,0.3308442884931646,37.546829541524254,0.8255819422080959,33.78709780375163,0.07336267833003697,74.99999537051352,4115877.95,1.1170467287544326,0.14825402557815437,2851.TW,2026-08-31,0.033057866566078786,0.0014137750050533526,bull,0.05009276437847866,0.038033395176252316,2026-03-31,2026-05-15,,,2142185000.0,2164691000.0,325242000.0,,,,,59204658000.0,35668047000.0,23536611000.0,16387176000.0,,,,0.1502486960032633,1820324497.152249,59204658000.0,0.0307463054199595,,,1.5154283256837613,,,,,,,65.92494981784269,65.92494981784269,False,83.52177159552626,83.52177159552626,79.12256615110536,201.0,True,True,True,True,True,True,True,False,True,True,True,True,True,True,True,False,False,13,False,0.23046343265402425,0.36738588887647916,1.0,190153564.43016568,0.2699443413729128,1.0,3.0,,,,,,-0.03537314372459184,-0.08942727867414206,0.2169905893629868,-1.5239444144131107,0.3926829268292683,-1.5239444144131107,0.3974574470925406,-201.0,0.8130081300813008,0.926829268292683,0.37398373983739835,0.7471544715447154,0.759349593495935,中再保
27.950000762939453,28.149999618530277,27.850000381469727,28.149999618530277,521334.0,-0.035958942362146584,28.829999923706055,0.042592578464084374,27.762500190734862,0.07483768783906153,26.95679149627686,0.1211321540157293,25.875152953465783,0.01899430789627555,63.551399870015025,701923.25,0.7427222278219164,0.013957656015603837,2852.TW,2026-08-31,0.033057866566078786,0.0014137750050533526,bull,0.39517625231910947,0.18645640074211503,2026-03-31,2026-05-15,,,394962000.0,395700000.0,93803000.0,,,,,19910531000.0,10498172000.0,9412359000.0,2155671000.0,,,,0.2370558503917109,301333947.2175891,19910531000.0,0.0151344003440987,,,1.1153603469650912,,,,,,,53.81873474558473,53.81873474558473,False,66.81155166871301,66.81155166871301,63.563347437930936,315.0,True,False,True,True,True,True,True,True,True,True,True,True,False,True,False,False,False,12,False,0.044263729324694134,0.08791625963160898,1.0,19759139.219737533,0.5371057513914657,0.0,3.0,,,,,,-0.0020066581777128715,-0.04099389225116946,0.13274612669235827,-1.6504820852936117,0.4134146341463415,-1.6504820852936117,0.39527872910975076,-315.0,0.6666666666666666,0.4959349593495935,0.36585365853658536,0.6215447154471545,0.5552845528455284,第一保
143.0,145.0,142.0,144.0,33240177.0,0.09090909090909083,141.9,0.11196911196911197,131.975,0.2617477158092021,127.63592287699382,0.6861407631188154,109.01596202850342,0.030249804839968777,70.51282051282051,19963422.05,1.6650540632135762,0.09111574161773062,2881.TW,2026-08-31,0.033057866566078786,0.0014137750050533526,bull,0.20500927643784786,0.05658627087198516,2026-03-31,2026-05-15,66193246000.0,,,38624861000.0,5062760000.0,33551455000.0,,,,13120104726000.0,12085399702000.0,1034705024000.0,358727505000.0,,,,0.131075164257549,,13120104726000.0,,0.0324261062058977,0.0025572551211051,11.68004351160858,,,0.5068712750542556,-0.3925800152621125,,,12.264204123597382,12.264204123597382,False,79.48592620976268,79.48592620976268,62.680495688221356,1006.0,True,True,True,True,True,True,True,True,True,True,True,True,True,True,False,False,False,14,False,0.12820902418496005,0.3209074829092424,1.0,2874732775.2000003,0.05844155844155844,2.0,3.0,,,,,,-0.070817925061703,-0.2091914545339306,0.27878051424497213,-1.0053585805037522,0.43536585365853664,-1.0053585805037522,0.428509947314115,-1006.0,0.04878048780487805,0.44715447154471544,0.43089430894308944,0.10609756097560977,0.24471544715447152,富邦金
106.5,111.0,105.5,110.5,59901531.0,0.11729017487513138,104.8,0.09950248756218905,100.72999954223633,0.14446433872738917,99.43166605631511,0.609654555869136,86.81422309875488,0.018864109281359783,71.54150888945244,20299686.75,2.950859869795774,0.09699196368671759,2882.TW,2026-08-31,0.033057866566078786,0.0014137750050533526,bull,0.23191094619666047,0.10760667903525047,2026-03-31,2026-05-15,72538053000.0,,,38391738000.0,6735806000.0,31593811000.0,,,,14450034484000.0,13633007653000.0,817026831000.0,293505959000.0,,,,0.1754493636104726,,14450034484000.0,,0.0386692453677815,0.0021864176888285,16.686119887046893,,,0.4355480977687669,-0.3173702053156907,,,13.906153918122188,13.906153918122188,False,73.43516827877872,73.43516827877872,58.552914688614585,983.0,True,False,True,True,True,True,True,True,True,True,False,True,True,True,False,False,False,12,False,0.11131598596986314,0.272832907509885,1.0,2243115385.875,0.06771799628942486,2.0,3.0,,,,,,-0.03674307730237093,-0.1661259801957945,0.2816929238206205,-1.1306845347204313,0.45000000000000007,-1.1306845347204313,0.5111673166113541,-983.0,0.07317073170731707,0.3089430894308943,0.5691056910569106,0.1475609756097561,0.24308943089430896,國泰金
32.70000076293945,33.849998474121094,32.54999923706055,33.849998474121094,101561259.0,0.0919354346490675,32.54000015258789,0.11348680588429594,31.42249994277954,0.2692572257373782,29.944926961263022,0.7603768823684851,25.30031329790751,0.02236863514820054,71.21213259667229,42979743.05,2.3630029356352797,0.07725351374849332,2883.TW,2026-08-31,0.033057866566078786,0.0014137750050533526,bull,0.20408163265306123,0.05473098330241188,2026-03-31,2026-05-15,23565513000.0,,,13099615000.0,1407592000.0,11689699000.0,,,,4235032868000.0,3864021319000.0,371011549000.0,75116245000.0,,,,0.1074529289601259,,4235032868000.0,,0.0315076418281523,0.0027602380818169,10.414827596108069,,,0.4960511150340754,-0.1317078255463794,,,12.146336472811727,12.146336472811727,False,73.94706925022231,73.94706925022231,58.496886055869666,1011.0,True,False,True,True,True,True,True,True,True,True,True,True,True,True,False,False,False,13,False,0.13040845008270363,0.3379280357338774,1.0,1454864236.6606166,0.09369202226345083,1.0,3.0,,,,,,-0.07414030531972021,-0.20888918714614232,0.2319478566613364,-1.315898826559186,0.3544715447154472,-1.315898826559186,0.37695683925804696,-1011.0,0.04065040650406504,0.3008130081300813,0.3089430894308943,0.08089430894308944,0.17235772357723578,凱基金
38.5,39.75,38.5,39.75,74589219.0,0.04193966999020282,38.95,0.0338101225296612,38.025,0.24239329164966916,35.74392360051473,0.2405332797447175,33.294095532099405,0.009557940951909705,75.6756478108461,38221472.45,1.9515004058929184,0.04536489151873768,2884.TW,2026-08-31,0.033057866566078786,0.0014137750050533526,bull,0.437847866419295,0.061224489795918366,2026-03-31,2026-05-15,25169421000.0,,,12706707000.0,2639201000.0,10056957000.0,,,,4679436007000.0,4394289185000.0,285146822000.0,45485669000.0,,,,0.2077014131198586,,4679436007000.0,,0.0352693988642805,0.0021491814365995,15.410619533399537,,,0.3995704549580223,0.174006725249566,,,29.938092003685178,29.938092003685178,False,66.185189339977,66.185189339977,57.12341500590404,685.0,True,False,False,True,True,True,True,False,True,True,True,True,True,True,False,False,False,11,False,0.11207713076657266,0.19390538666762547,1.0,1519303529.8875,0.09090909090909091,1.0,3.0,,,,,,-0.10031372933715976,-0.2186696171503694,0.13573804432552147,-2.012220801303812,0.07845528455284553,-2.012220801303812,0.06914129477187127,-685.0,0.34146341463414637,0.22764227642276422,0.032520325203252036,0.29512195121951224,0.24552845528455283,玉山金
37.5,38.79999923706055,37.34999847412109,38.54999923706055,177819835.0,0.056164362659193,37.6,0.09206799065842208,36.50500049591064,0.3479020532474377,34.29453535079956,0.5864197714980568,29.28560099601746,0.023911365236182053,67.64705882352942,55590106.0,3.1987676907829607,0.056019688080239494,2887.TW,2026-08-31,0.033057866566078786,0.0014137750050533526,bull,0.2569573283858998,0.03525046382189239,2026-03-31,2026-05-15,47867456000.0,,,25588754000.0,4532177000.0,21040510000.0,,,,9064708955000.0,8465511408000.0,599197547000.0,97795796000.0,,,,0.1771159705548773,,9064708955000.0,,0.035114479532407,0.0023211456765409,14.12808088147931,,,0.439557723727787,0.933005034802805,,,37.907562917661295,37.907562917661295,False,73.69270497786297,73.69270497786297,64.74641946281255,561.0,True,False,True,True,True,True,True,True,True,True,True,True,False,True,False,False,False,12,False,0.12408577176310298,0.3163465295557004,1.0,2142998543.888115,0.07050092764378478,1.0,3.0,,,,,,-0.14995322299837158,-0.2929476591799291,0.12503474386554475,-2.1704448103530565,0.02723577235772358,-2.1704448103530565,0.024061052570879708,-561.0,0.43902439024390244,0.5691056910569106,0.008130081300813009,0.374390243902439,0.391869918699187,台新新光金
15.899999618530272,16.049999237060547,15.800000190734863,15.949999809265137,29033463.0,0.019169341728267675,15.880000114440918,0.025723447821473622,15.58250002861023,0.05980063834712346,15.41416670481364,0.0,15.302500017484029,0.00516045921782124,68.29267271497434,9763533.45,2.973663494746362,0.023584134765291864,2889.TW,2026-08-31,0.033057866566078786,0.0014137750050533526,bull,0.46985157699443414,0.20964749536178107,2026-03-31,2026-05-15,2670617000.0,,,1318966000.0,191865000.0,897373000.0,,,,469578158000.0,414812209000.0,54765949000.0,15724281000.0,,,,0.1454662212672654,,469578158000.0,,0.0163856012063262,0.0019110194644104,7.57427227272187,,,0.3360171076571444,0.5571184687557942,,,31.713016597318976,31.713016597318976,False,59.52564018659194,59.52564018659194,52.5724842892737,654.0,True,False,False,True,True,True,True,True,False,True,True,True,True,True,False,False,False,11,False,0.0347623789668865,0.042313333837039835,1.0,155728356.66525376,0.2884972170686456,0.0,3.0,,,,,,-0.059337560537691056,-0.1439905831113977,0.1282370933077121,-1.1951524040088721,0.25121951219512195,-1.1951524040088721,0.23117822640317934,-654.0,0.36585365853658536,0.08130081300813008,0.17073170731707318,0.33658536585365856,0.24146341463414633,國票金
39.650001525878906,41.09999847412109,39.59999847412109,41.09999847412109,62877125.0,0.05519891319815673,39.73999938964844,0.026217209914174422,39.514999580383304,0.25688065795710235,38.72191546758016,0.31309902479029206,35.0405411084493,0.0024735216408768657,66.94216595658548,23019056.0,2.731524915704623,0.04011132255014971,2890.TW,2026-08-31,0.033057866566078786,0.0014137750050533526,bull,0.46660482374768086,0.05844155844155844,2026-03-31,2026-05-15,26199317000.0,,,13172491000.0,2157069000.0,10973530000.0,,,,3820349236000.0,3552231164000.0,268118072000.0,41779009000.0,,,,0.163755587306911,,3820349236000.0,,0.0409279759403909,0.0028723892299148,13.24875692825361,,,0.4188479417230609,0.4040584778805451,,,40.18365017296791,40.18365017296791,False,66.28101992061478,66.28101992061478,59.756677483703065,507.0,True,False,False,True,True,True,True,True,False,True,True,True,True,True,False,False,False,11,False,0.061414394867215893,0.17292704889795996,1.0,946083166.4757079,0.12152133580705009,1.0,3.0,,,,,,-0.12811753655729632,-0.23526367464632045,0.12528998184644277,-1.961177051516827,0.06219512195121952,-1.961177051516827,0.05227454765832477,-507.0,0.5040650406504065,0.34146341463414637,0.024390243902439025,0.43211382113821134,0.359349593495935,永豐金
17.200000762939453,17.5,17.0,17.5,1592720.0,0.029255752056230877,17.22982749938965,0.026393007805027624,16.89414014816284,0.23239438275074464,15.874713373184203,0.12179484436341181,14.984440008799234,0.008203102946184737,64.25334870913002,1460991.4,1.090163843538025,0.03586213009503436,2905.TW,2026-08-31,0.033057866566078786,0.0014137750050533526,bull,0.46567717996289426,0.06215213358070501,2026-03-31,2026-05-15,29552820000.0,,,,-68929000.0,32878000.0,0.03,133124099000.0,1468399841000.0,1617410517000.0,62246052000.0,86764624000.0,72610211000.0,2757000000.0,7269508000.0,,,,149010676000.0,,0.0003789332389661,2.032755423217024e-05,0.717412801788895,,,0.0011125165043471,-0.4161502905041906,,,21.27042291580655,21.27042291580655,False,69.60092556663191,69.60092556663191,57.518299903925566,840.0,True,False,False,True,True,True,True,True,False,True,True,True,True,True,False,False,False,11,False,0.10238210848967233,0.1678781449105584,1.0,25567349.5,0.5046382189239332,0.0,3.0,,,,,,0.0009630094864249537,-0.037546527845265694,0.15338045773198422,-1.6532438631272386,0.4617886178861789,-1.6532438631272386,0.38785330943259144,-840.0,0.23577235772357724,0.25203252032520324,0.3333333333333333,0.25040650406504067,0.26016260162601623,三商
13.949999809265137,14.0,13.800000190734863,13.800000190734863,100126.0,-0.010752660973561312,14.060000228881837,0.07812499883584678,13.59249997138977,0.08661420456614755,13.481400632858277,0.11290327542530432,13.105700294176737,0.018737125552963557,62.0689881967912,195789.1,0.5113972126129596,0.015265787734548564,2906.TW,2026-08-31,0.033057866566078786,0.0014137750050533526,bull,0.29684601113172543,0.16975881261595546,2026-03-31,2026-05-15,2284987000.0,678347000.0,87656000.0,107952000.0,33901000.0,14332000.0,0.07,5399113000.0,4299259000.0,13106768000.0,6450412000.0,6656356000.0,988485000.0,2269710000.0,1295253000.0,,0.3140377204683563,60128709.57462576,8807509000.0,0.0068269824730949,0.0021531300309057,0.0010934808642374,0.9690605490451532,0.2968712732282503,0.0383617062153964,0.0062722457501946,-0.0082534614755276,,,26.85861461958869,26.85861461958869,False,71.93503366542706,71.93503366542706,60.66592890396746,739.0,True,False,True,True,True,True,True,True,True,True,True,True,False,True,False,False,False,12,False,0.023632526512123775,0.05297693987910179,1.0,2701889.617343807,0.7968460111317254,0.0,3.0,,,,,,0.050927442042064196,0.01166002926716804,0.24199739253986186,-1.1702946960315108,0.8292682926829268,-1.1702946960315108,0.7242215879605606,-739.0,0.2926829268292683,0.36585365853658536,0.8617886178861789,0.3780487804878049,0.42845528455284554,高林
57.29999923706055,57.29999923706055,55.79999923706055,56.0,4258130.0,-0.061976561401257735,58.039999389648436,0.06666666666666665,56.87999954223633,0.1428571428571428,53.07194423675537,0.08317213101750953,49.51055555343628,0.029409099938796684,57.792211974284,4030836.5,1.0563886677120244,-0.015471159446527105,2915.TW,2026-08-31,0.033057866566078786,0.0014137750050533526,bull,0.3228200371057514,0.10853432282003711,2026-03-31,2026-05-15,418613000.0,187104000.0,-8207000.0,2736586000.0,18591000.0,2708283000.0,2.59,4840429000.0,1001903000.0,130249863000.0,12898049000.0,117351814000.0,3969846000.0,450000000.0,9445000000.0,,0.0067935010995452,-8151245.736476032,129247960000.0,-6.306672644176382e-05,0.0230783224194557,0.0207929815634431,0.1099092426470714,0.4469617522628298,-0.019605220095888,,-0.3549697834454577,,,42.46996725529738,42.46996725529738,False,69.50773746313118,69.50773746313118,62.74829491117273,473.0,True,False,True,True,False,True,True,True,True,True,True,True,True,True,False,False,False,12,False,0.055171443318196456,0.13107193757015567,1.0,225726844.0,0.24211502782931354,1.0,3.0,,,,,,0.062307525938797036,0.002425290498124692,0.20368281090891413,-1.4716498421014093,0.7483739837398374,-1.4716498421014093,0.7035143080149597,-473.0,0.5447154471544715,0.45528455284552843,0.8292682926829268,0.5873983739837397,0.5747967479674797,潤泰全
72.0999984741211,72.30000305175781,68.0999984741211,69.0,1303414.0,0.07981218078775232,68.08000030517579,0.22906284577707248,65.77142868041992,0.0969793056620416,64.20429954528808,0.3967610904597514,59.70006637573242,0.05422664556678897,46.808512710563036,1341156.95,0.9718579171513073,0.04908774804433014,3003.TW,2026-08-31,0.033057866566078786,0.0014137750050533526,bull,0.08256029684601113,0.15120593692022263,2026-03-31,2026-05-15,1263159000.0,291390000.0,111988000.0,120680000.0,40410000.0,73811000.0,0.47,6542183000.0,1409389000.0,8333214000.0,1821129000.0,6512085000.0,2249606000.0,451528000.0,158298000.0,,0.3348525024859131,74488537.95160756,6923825000.0,0.0107582929885731,0.0113344650753176,0.0088574468386387,0.2796537514482689,0.2306835481518953,0.0886570890917137,0.0584336572038832,0.2552234771772852,,,47.83935568476647,47.83935568476647,False,72.83368834197495,72.83368834197495,66.58510517767283,398.0,True,False,True,True,True,True,True,False,True,True,True,True,True,True,False,False,False,12,False,0.07469438166409947,0.15577760945418184,1.0,92539829.55,0.3395176252319109,1.0,3.0,,,,,,-0.007014825436068335,-0.08661115595400663,0.21721985038173255,-1.6861715573046903,0.44146341463414634,-1.6861715573046903,0.43659628993428656,-398.0,0.5853658536585366,0.6747967479674797,0.43902439024390244,0.5634146341463414,0.5829268292682926,健和興
114.5,119.0,114.5,117.0,2786881.0,0.008620689655172376,116.0,0.02183406113537112,116.05,0.07339449541284404,110.26999994913737,-0.04180064268499839,107.77773927052816,0.01066840844763766,58.064516129032256,3241191.6,0.8598322296034582,0.008186126669539107,3005.TW,2026-08-31,0.033057866566078786,0.0014137750050533526,bull,0.49257884972170685,0.18831168831168832,2026-03-31,2026-05-15,9308269000.0,2890739000.0,1257624000.0,1391228000.0,215931000.0,1087413000.0,1.74,34157049000.0,19619666000.0,51413542000.0,24716257000.0,26697285000.0,14015961000.0,1317501000.0,1977017000.0,,0.1552089233396682,1062429532.993873,31793876000.0,0.0334161689815319,0.0407312204218518,0.0211503226134468,0.9257966493596632,0.3105560228222884,0.1351082569702272,0.1168222577151562,-0.0255358141879895,,,60.64311592085046,60.64311592085046,False,62.93537077749846,62.93537077749846,62.36230706333646,256.0,True,False,False,True,True,True,True,True,False,True,True,True,True,True,True,False,False,11,False,0.061032012822770154,0.08556739816487946,1.0,379219417.2,0.19387755102040816,2.0,3.0,,,,,,0.004534960932450853,-0.03220038908268325,0.2549029134641359,-0.8167914088255382,0.7276422764227642,-0.8167914088255382,0.6757078561120407,-256.0,0.7398373983739838,0.4146341463414634,0.7886178861788617,0.7471544715447155,0.6520325203252033,神基
265.5,293.5,263.5,292.5,23155060.0,0.037234042553191404,275.9,0.4772727272727273,263.7,0.3208077197599637,231.43368657430014,1.0267567312102446,211.69329210917155,0.09886446504844253,60.24590163934426,12916078.15,1.7927314879246066,0.10921501706484649,3006.TW,2026-08-31,0.033057866566078786,0.0014137750050533526,bull,0.02411873840445269,0.04267161410018553,2026-03-31,2026-05-15,7266900000.0,3453448000.0,2254754000.0,2352467000.0,288641000.0,2063883000.0,7.22,17585827000.0,5859607000.0,20073767000.0,7169155000.0,12904612000.0,7031281000.0,1000000000.0,693679000.0,0.0,0.1226971515434647,1978102106.7687664,14214160000.0,0.1391641930841334,0.1599337508171497,0.1028149325435529,0.5555498297817866,0.4752298779396992,0.3102772846743453,0.2840114766957024,1.503294079957009,,,98.64788449850906,98.64788449850906,True,94.86691611733201,94.86691611733201,95.81215821262626,7.0,True,True,True,True,True,True,True,True,True,True,True,False,True,True,True,True,True,14,False,0.26386095442546975,0.3817159584308223,1.0,3777952858.875,0.05009276437847866,2.0,0.0,,,,,,-0.023429866909950612,-0.14848049077653236,0.2562081565230844,-1.1959949293725725,0.4699186991869919,-1.1959949293725725,0.44062991583070754,-7.0,0.983739837398374,1.0,0.45528455284552843,0.9044715447154471,0.8829268292682927,晶豪科
111.0,115.0,110.5,113.0,1353675.0,-0.004405286343612369,111.4,0.08653846153846145,110.075,0.051162790697674376,105.0183334350586,0.058253947748985624,102.47818864186605,0.01907142382541357,61.36363636363637,1158025.5,1.16895094279012,0.026572791278673513,3029.TW,2026-08-31,0.033057866566078786,0.0014137750050533526,bull,0.27365491651205937,0.22263450834879406,2026-03-31,2026-05-15,6876938000.0,811379000.0,385472000.0,424218000.0,78018000.0,295873000.0,1.77,12286821000.0,7803745000.0,15126326000.0,8760650000.0,6365676000.0,2911146000.0,3716000.0,,,0.1839101593991768,314579783.0360805,7322581000.0,0.0429602326059732,0.0464794312497211,0.0195601364138258,1.3762324692617092,0.1179855045952137,0.0560528537555522,0.0430239446683974,0.0168646985516829,,,48.26050505492552,48.26050505492552,False,74.44277318835175,74.44277318835175,67.89720615499519,395.0,True,False,True,True,True,True,True,True,True,True,True,True,True,True,False,False,False,13,False,0.07600260167789763,0.10267366644140119,1.0,130856881.5,0.30612244897959184,2.0,3.0,,,,,,0.0011292561073049639,-0.04107920878804183,0.25293941138099096,-0.49529195535057885,0.6991869918699187,-0.49529195535057885,0.6198218457548921,-395.0,0.5934959349593496,0.7317073170731707,0.6910569105691057,0.608130081300813,0.6544715447154471,零壹
543.0,544.0,533.0,540.0,5481086.0,-0.0036900369003689537,549.0,0.040462427745664664,536.0,0.09756097560975618,514.1922821044922,0.4044213263979193,472.08780771891276,0.020806551445031574,50.847457627118644,3759336.25,1.4579930167193744,0.00746268656716409,3034.TW,2026-08-31,0.033057866566078786,0.0014137750050533526,bull,0.4090909090909091,0.150278293135436,2026-03-31,2026-05-15,23145303000.0,9039901000.0,4027546000.0,4389348000.0,622236000.0,3767112000.0,6.19,79261926000.0,21790635000.0,103666583000.0,31738768000.0,71927815000.0,48919537000.0,,,,0.1417604619182621,3456599218.642951,81875948000.0,0.0422175169030464,0.0523735080788982,0.036338730292673,0.4412586146263444,0.390571728527382,0.1740113750077067,0.1627592432036858,-0.1465659805926223,,,75.54535048945058,75.54535048945058,False,63.40881441881195,63.40881441881195,66.44294843647161,116.0,True,False,False,True,True,True,True,True,True,True,True,True,True,True,True,False,False,12,False,0.0501907920318867,0.14385500148634023,1.0,2030041575.0,0.07328385899814471,3.0,3.0,,,,,,0.06361798662768654,-0.01711784084272091,0.3138191674733947,0.5733489670748306,0.9365853658536585,0.5733489670748306,0.8930064545203071,-116.0,0.9024390243902439,0.6666666666666666,0.975609756097561,0.9134146341463415,0.8463414634146342,聯詠
11.100000381469728,11.199999809265137,11.050000190734863,11.149999618530272,540732.0,-0.00888892279730924,11.199999809265137,0.056871982649093766,11.032499933242798,0.018264823082088988,10.853333298365275,-0.017621212001541653,10.847083322207133,0.015182881277884799,63.999945068484934,407348.6,1.3274428830736131,0.010650322773483767,3052.TW,2026-08-31,0.033057866566078786,0.0014137750050533526,bull,0.3469387755102041,0.2820037105751391,2026-03-31,2026-05-15,871124000.0,84606000.0,43642000.0,49244000.0,10109000.0,39093000.0,0.19,11542706000.0,8128121000.0,11782392000.0,8138924000.0,3643468000.0,859342000.0,750076000.0,9917000.0,0.0,0.205283892453903,34683000.365526766,3654271000.0,0.0094910860101855,0.0107296125559494,0.0033179171088519,2.233839847090739,0.0971227976728915,0.0500984934406582,0.0448765043782515,0.1339674489624569,,,21.68414340880005,21.68414340880005,False,67.82468926206923,67.82468926206923,56.289552798751934,830.0,True,False,True,True,True,True,True,True,True,True,True,True,True,True,False,False,False,13,False,0.027334120496389946,0.027926059690440486,1.0,4541936.73460884,0.7309833024118738,0.0,3.0,,,,,,0.037331712155451544,0.01160429003784649,0.23985905363926907,-1.0064411726022884,0.8288617886178862,-1.0064411726022884,0.8058875585378071,-830.0,0.24390243902439024,0.17073170731707318,0.926829268292683,0.3463414634146341,0.35853658536585364,夆典
40.0,40.95000076293945,39.70000076293945,40.5,4244419.0,0.06578947368421062,39.17999954223633,0.1522047863975824,37.249999809265134,0.2799512364256955,37.26742382049561,0.8199306385808602,32.43830873171488,0.042906135335131365,62.18488661046988,2239159.65,1.8955410347806152,0.0872483277147964,3094.TW,2026-08-31,0.033057866566078786,0.0014137750050533526,bull,0.14285714285714285,0.05287569573283859,2026-03-31,2026-05-15,47206000.0,35395000.0,2347000.0,7478000.0,1717000.0,5761000.0,0.07,792305000.0,52199000.0,1133462000.0,121752000.0,1011710000.0,710423000.0,,,,0.229606846750468,1808112.730676652,1081263000.0,0.0016722228825703,0.005694319518439,0.0050826582629148,0.1203427859762184,0.7497987543956277,0.0497182561538787,0.1220395712409439,-0.0850131803380369,,,35.49964257677029,35.49964257677029,False,77.88370466239279,77.88370466239279,67.28768914098715,596.0,True,True,True,True,True,False,True,True,True,True,True,True,True,True,False,False,False,13,False,0.08673999563464863,0.24852378510113926,1.0,90685965.825,0.3423005565862709,1.0,3.0,,,,,,-0.010491357089096957,-0.10915339224775591,0.20599741943514213,-1.7562896090484545,0.3451219512195122,-1.7562896090484545,0.3746781357811432,-596.0,0.3983739837398374,0.6910569105691057,0.3008130081300813,0.383739837398374,0.4666666666666667,聯傑
844.0,899.0,810.0,819.0,31798669.0,0.03148614609571787,869.6,0.17335243553008595,847.15,0.15225007625281317,772.6274943033854,1.994168081357675,623.0335042317708,0.0777304242732651,47.174447174447174,16991186.65,1.8714801770481406,-0.03322906214956023,3189.TW,2026-08-31,0.033057866566078786,0.0014137750050533526,bull,0.11688311688311688,0.09833024118738404,2026-03-31,2026-05-15,11104965000.0,2349499000.0,890638000.0,964461000.0,88658000.0,549232000.0,1.17,33407134000.0,17816161000.0,83654067000.0,32183791000.0,51470276000.0,11635037000.0,1278540000.0,7562530000.0,,0.0919249197220001,808766173.3486372,65837906000.0,0.0122842025587605,0.0106708578753298,0.0065655146210643,0.6252888754666869,0.2115719410191747,0.0802017836166075,0.0494582378242524,0.2883172632505095,,,45.18411999125517,45.18411999125517,False,71.77291565508737,71.77291565508737,65.12571673912932,430.0,True,False,True,True,False,True,True,False,True,True,True,True,True,True,False,False,False,11,False,0.06001922794428238,0.31453604731877927,1.0,13915781866.349998,0.013914656771799629,3.0,3.0,,,,,,-0.12913770819223686,-0.24068668701476484,0.16573785645643924,-1.4626170414453468,0.20447154471544718,-1.4626170414453468,0.19242253531597603,-430.0,0.5691056910569106,0.6016260162601627,0.0975609756097561,0.4983739837398374,0.48455284552845534,景碩
55.400001525878906,56.900001525878906,53.20000076293945,53.400001525878906,1118431.0,-0.10552762406280336,55.880000305175784,0.1253951668550164,53.20250015258789,0.2040587004087191,45.61916688283284,1.731457985156827,39.248750082651775,0.07246887801658616,53.614459630971744,1933316.15,0.5785039348065241,0.0037122573699464034,3229.TW,2026-08-31,0.033057866566078786,0.0014137750050533526,bull,0.18181818181818182,0.07328385899814471,2026-03-31,2026-05-15,342922000.0,37599000.0,21175000.0,35503000.0,188000.0,35315000.0,0.55,692865000.0,303681000.0,941103000.0,306548000.0,634555000.0,107034000.0,151140000.0,,,0.0052953271554516,21062871.447483312,637422000.0,0.0330438413601716,0.0556531742717337,0.0375251168044305,0.4830913002025041,0.1096430091974268,0.0617487358641323,0.1029826024577017,0.4578839294444752,,,67.33482851500801,67.33482851500801,False,69.81655688574286,69.81655688574286,69.19612479305914,186.0,True,False,True,True,True,True,True,True,True,True,True,True,False,True,True,False,False,12,False,0.1705606475241026,0.3605529198618247,1.0,103239085.36000633,0.32560296846011133,1.0,3.0,,,,,,-0.07974876504415546,-0.148317331336231,0.2558301190543836,-1.6519203951049375,0.33495934959349594,-1.6519203951049375,0.24629538791153757,-186.0,0.8292682926829268,0.7723577235772358,0.18699186991869918,0.7329268292682927,0.6837398373983739,晟鈦
5850.0,6100.0,5680.0,6100.0,2035818.0,0.13699906803355089,5946.0,0.4575866188769415,5309.25,0.3895216400911161,4682.833333333333,1.729528020933781,4211.23149617513,0.1193864642631246,67.1150971599402,2341627.0,0.8694031970078924,0.1489381739417055,3443.TW,2026-08-31,0.033057866566078786,0.0014137750050533526,bull,0.026901669758812616,0.029684601113172542,2026-03-31,2026-05-15,11447812000.0,3113307000.0,1824178000.0,1924721000.0,278481000.0,1646240000.0,12.28,31638843000.0,19973296000.0,35132291000.0,20548418000.0,14583873000.0,7671980000.0,,,,0.144686424681811,1560244207.1967833,15158995000.0,0.1029253065389086,0.1128808513348957,0.0468583161855285,1.4089822367487703,0.2719565101173918,0.1593473058432476,0.1438038989459295,0.6298963899650951,,,83.63888359987813,83.63888359987813,True,86.65628247947274,86.65628247947274,85.90193275957408,63.0,True,True,True,True,True,True,True,True,True,True,False,False,True,True,True,True,False,12,False,0.3026301740399331,0.44850740348526386,1.0,14283924700.0,0.012987012987012988,3.0,2.0,,,,,,0.038084798976627254,-0.0745651799426115,0.2781962972748863,0.11992689197742512,0.7804878048780488,0.11992689197742512,0.8064282261175956,-63.0,0.9349593495934959,0.975609756097561,0.9349593495934959,0.9349593495934959,0.9471544715447154,創意
393.0,394.5,367.5,379.0,4397077.0,0.006640106241699861,386.4,0.4301886792452829,345.125,0.306896551724138,368.19434407552086,2.19831223628692,284.62217203776044,0.07273292408112511,73.98989898989899,8221087.15,0.53485347129546,0.0981528431727634,3532.TW,2026-08-31,0.033057866566078786,0.0014137750050533526,bull,0.030612244897959183,0.04730983302411874,2026-03-31,2026-05-15,3308768000.0,27622000.0,-105154000.0,-82202000.0,-13987000.0,-68215000.0,-0.18,9109304000.0,3626589000.0,51226148000.0,26972355000.0,24253793000.0,1958029000.0,0.0,20500000000.0,,0.1701540108513174,-87261625.14294055,47599559000.0,-0.0018332444034395,-0.0028125497731426,-0.0013316441439243,1.112088117516299,0.0083481223222661,-0.03178040890144,-0.0206164348784804,0.1086960163893446,,,17.44238091593533,17.44238091593533,False,71.07829042518854,71.07829042518854,57.66931304787524,903.0,True,False,True,True,True,False,True,False,True,True,True,False,False,True,False,False,False,9,False,0.029347696667124223,0.3315898662656491,1.0,3115792029.85,0.05473098330241188,2.0,3.0,,,,,,-0.19088258060883995,-0.30947041575911455,0.07654919902969474,-1.9828495904047783,0.022764227642276424,-1.9828495904047783,0.030127885672097742,-903.0,0.1951219512195122,0.2601626016260163,0.016260162601626018,0.16829268292682928,0.17886178861788618,台勝科
17.350000381469727,18.200000762939453,17.100000381469727,18.200000762939453,37788496.0,0.07058828017290897,17.379999923706055,0.09309316395924339,17.32249984741211,0.06122455788714265,17.449166568120322,-0.08080800685720757,18.264583293596903,0.01598240710823313,60.97562223725357,12004888.75,3.1477589494529883,0.050656713710892864,3576.TW,2026-08-31,0.033057866566078786,0.0014137750050533526,bull,0.25139146567717996,0.20593692022263452,2026-03-31,2026-05-15,520029000.0,-237380000.0,-450612000.0,1756562000.0,10661000.0,1745834000.0,1.07,9492286000.0,6482798000.0,25509734000.0,12399640000.0,13110094000.0,6613378000.0,616197000.0,3678862000.0,,0.0060692420762831,-447877126.6895219,19026936000.0,-0.0235391093284552,0.1331671611202787,0.0684379539198644,0.9458086265437914,-0.4564745427658842,-0.8665132136861599,,-0.4687390816645519,,,39.4401659971228,39.4401659971228,False,66.50413943030821,66.50413943030821,59.73814607201186,523.0,True,False,True,True,True,False,True,True,True,True,True,True,False,True,False,False,False,11,False,0.04302980270650325,-0.0035359432853905304,0.0,218488984.40900326,0.24675324675324675,0.0,3.0,,,,,,-0.02464207136479796,-0.12874931626763925,0.08719141658425927,-1.6192633681025772,0.23211382113821138,-1.6192633681025772,0.22810679713855495,-523.0,0.4634146341463415,0.3333333333333333,0.15447154471544716,0.41707317073170735,0.36260162601626017,聯合再生
244.0,254.0,240.0,254.0,754184.0,-0.013592233009708687,249.0,0.15981735159817356,244.375,0.17050691244239635,224.23826319376627,0.35828877005347604,206.65663159688313,0.04211087420042644,65.625,788260.0,0.9567706086824145,0.039386189258312054,3617.TW,2026-08-31,0.033057866566078786,0.0014137750050533526,bull,0.13079777365491652,0.08812615955473098,2026-03-31,2026-05-15,2931932000.0,1579254000.0,476843000.0,521769000.0,118652000.0,388950000.0,4.13,10475363000.0,3752308000.0,14792411000.0,5524979000.0,9267432000.0,4373481000.0,0.0,,1434491000.0,0.2274033144935785,368407321.3069385,11040103000.0,0.033369917047598,0.0419695553201793,0.026293888129528,0.5961715176329322,0.5386393681708853,0.1626378101538507,0.1326599661929403,0.0219561852265348,,,74.61371274804436,74.61371274804436,False,77.01620635078802,77.01620635078802,76.4155829501021,123.0,True,True,True,True,True,True,True,True,True,True,True,True,True,True,True,False,False,14,False,0.13272372155556855,0.22909193882278944,1.0,200218040.0,0.2569573283858998,2.0,3.0,,,,,,0.016732682718436483,-0.04081689241573455,0.2986221421262942,-1.0430755049070894,0.7654471544715448,-1.0430755049070894,0.7436675500549524,-123.0,0.8861788617886179,0.8699186991869918,0.8780487804878049,0.884959349593496,0.8796747967479676,碩天
92.0,93.6999969482422,91.3000030517578,92.5,9549101.0,0.004343121959891283,91.78000030517578,0.033519553072625774,91.59999961853028,0.0010822345505383524,89.38833351135254,0.16645644943578075,86.35666688283284,0.013498562541193781,61.261270549550524,10503665.3,0.9091208380373658,0.00982533171635147,3706.TW,2026-08-31,0.033057866566078786,0.0014137750050533526,bull,0.4397031539888683,0.3404452690166976,2026-03-31,2026-05-15,31863922000.0,2934046000.0,1186173000.0,1645175000.0,108264000.0,1460985000.0,1.1,82662619000.0,48216898000.0,135913012000.0,68280278000.0,67632734000.0,9782105000.0,1879510000.0,7968750000.0,,0.0658069810202562,1108114535.9022596,87696114000.0,0.0126358453682709,0.0216017439129401,0.0107494122784947,1.009574417027116,0.0920805040886052,0.0372262083744744,0.0458507587358517,0.3464486758783238,,,39.67324991044731,39.67324991044731,False,63.82625068733411,63.82625068733411,57.78800049311241,516.0,True,False,False,True,True,True,True,True,True,False,True,True,True,True,False,False,False,11,False,0.034810655556658965,0.07113907170018874,1.0,971589040.2500001,0.12059369202226346,1.0,3.0,,,,,,-0.0007809134231579693,-0.06495012556987939,0.19127986076319253,-1.7399024236064384,0.4426829268292683,-1.7399024236064384,0.3977182582098944,-516.0,0.4796747967479675,0.2764227642276423,0.3821138211382114,0.46504065040650405,0.3991869918699187,神達
53.59999847412109,55.400001525878906,53.59999847412109,55.400001525878906,285553.0,0.0674373775934245,53.42000045776367,0.1364102877103366,52.34250011444092,0.36424331528874854,47.61887874603271,0.05118007135365654,47.185600407918294,0.02281388001030153,61.68223799279987,203526.55,1.4030257968800632,0.05841336208154191,4119.TW,2026-08-31,0.033057866566078786,0.0014137750050533526,bull,0.16883116883116883,0.03339517625231911,2026-03-31,2026-05-15,375798000.0,82325000.0,33151000.0,28590000.0,8480000.0,20110000.0,0.17,1104577000.0,1053320000.0,6954821000.0,1544198000.0,5410623000.0,51949000.0,390000000.0,300399000.0,,0.2966072053165442,23318174.53655124,5901501000.0,0.0039512277531684,0.0037167623765322,0.0028915194222827,0.2854011451176694,0.2190671584202151,0.0882149452631466,0.0535127914464685,0.0430373141784996,,,33.11973270077256,33.11973270077256,False,86.56847179533057,86.56847179533057,73.20628702169107,629.0,True,True,True,True,True,True,True,True,True,True,True,True,True,True,False,False,False,14,False,0.1634041578623786,0.17408703178400464,1.0,11275371.18055687,0.6020408163265306,1.0,3.0,,,,,,-0.0028893164919855893,-0.06638739396887074,0.1795630125916714,-1.6374232233071353,0.4337398373983741,-1.6374232233071353,0.3734686865310884,-629.0,0.3902439024390244,0.8211382113821138,0.2926829268292683,0.375609756097561,0.5,旭富
57.79999923706055,58.400001525878906,56.79999923706055,57.59999847412109,54002.0,0.019468999541966125,57.49999923706055,0.04918027091437227,56.53499984741211,0.04727269952947433,56.63000005086263,-0.06796117823284342,59.24500007629395,0.004084890018714425,59.99998612837347,51786.05,1.0427904812203286,0.018837863793816245,4737.TW,2026-08-31,0.033057866566078786,0.0014137750050533526,bull,0.3692022263450835,0.23191094619666047,2026-03-31,2026-05-15,405264000.0,122255000.0,-88509000.0,-100891000.0,-21625000.0,-79924000.0,-1.09,1492041000.0,1758421000.0,5654786000.0,3442043000.0,2212743000.0,387476000.0,517663000.0,1666248000.0,,0.2143402285634992,-69537960.71007325,3896365000.0,-0.0178468805438076,-0.0361198747437004,-0.0141338681958963,1.555554802342613,0.3016675549765091,-0.2183983773540211,-0.1972146551383789,-0.1582270724761705,,,15.873895957923814,15.873895957923814,False,58.94144235702227,58.94144235702227,48.17455575724766,938.0,True,False,True,True,True,False,True,True,True,True,True,True,True,True,False,False,False,12,False,0.017128702496684634,-0.02776608321469287,0.0,2982876.4009807585,0.7884972170686456,1.0,3.0,,,,,,-0.03700794608099947,-0.0824839196475625,0.141209040365941,-1.7824263062227934,0.23902439024390243,-1.7824263062227934,0.4628851430696635,-938.0,0.13821138211382114,0.04065040650406504,0.4959349593495935,0.191869918699187,0.18048780487804877,華廣
98.0,98.9000015258789,95.3000030517578,98.4000015258789,735999.0,0.09454949783903133,94.9,0.13625869814863845,91.87000045776367,0.06148872454461052,88.3800001780192,0.15034374781759974,90.45439027150472,0.03784455470714112,68.4000260010003,575991.85,1.27779412156613,0.07107870943265482,4912.TW,2026-08-31,0.033057866566078786,0.0014137750050533526,bull,0.16975881261595546,0.20500927643784786,2026-03-31,2026-05-15,1740520000.0,347686000.0,96486000.0,119505000.0,29737000.0,88059000.0,1.35,5718665000.0,3540355000.0,8497344000.0,4357124000.0,4140220000.0,1833571000.0,1475118000.0,85900000.0,,0.2488347767875821,72476927.72687335,4956989000.0,0.0146211596852188,0.0212691596098758,0.010363120523307,1.052389486549024,0.1997598418863328,0.0554351573093098,0.0505935007928665,0.1385875004742698,,,39.66467030210741,39.66467030210741,False,74.79792939745825,74.79792939745825,66.01461462362055,517.0,True,False,True,True,True,True,True,True,True,True,True,True,True,True,False,False,False,13,False,0.11337408155325801,0.08784107913971795,1.0,56677598.918893814,0.39517625231910947,1.0,3.0,,,,,,0.011935050544771465,-0.04309975758878572,0.22798008601782768,-1.4849152308740643,0.6174796747967479,-1.4849152308740643,0.5032714140772192,-517.0,0.4715447154471545,0.6422764227642277,0.5365853658536586,0.4813008130081301,0.5357723577235772,聯德控股-KY
61.400001525878906,61.59999847412109,59.59999847412109,61.20000076293945,2874065.0,0.09090913418065405,60.2,0.12293579381540276,57.39500007629395,0.19531249708961695,57.69008967081705,0.49268294543754765,51.400044759114586,0.04649466672354349,68.11594803827748,3263461.2,0.8806799970534351,0.06629498530512423,5471.TW,2026-08-31,0.033057866566078786,0.0014137750050533526,bull,0.18831168831168832,0.075139146567718,2026-03-31,2026-05-15,762695000.0,324634000.0,69170000.0,100354000.0,20035000.0,80319000.0,0.48,2907264000.0,471709000.0,4129482000.0,577986000.0,3551496000.0,1448788000.0,,,,0.1996432628495127,55360675.5086992,3657773000.0,0.0151350768647204,0.0226155400428439,0.019450139266862,0.1627443758911737,0.4256406558322789,0.0906915608467342,0.1053094618425451,0.2391711942393677,,,64.00671286733612,64.00671286733612,False,65.09014386379734,65.09014386379734,64.81928611468203,224.0,True,False,True,True,True,False,True,True,True,True,True,True,True,True,True,False,False,12,False,0.06084079799754427,0.19066045661540154,1.0,199723827.9298233,0.2588126159554731,1.0,3.0,,,,,,-0.008781093939527198,-0.10334193488696328,0.23272718462890413,-1.787781515017903,0.39837398373983746,-1.787781515017903,0.4729012270617764,-224.0,0.7723577235772358,0.5853658536585366,0.5040650406504065,0.7321138211382113,0.6626016260162602,松翰
10.699999809265137,10.699999809265137,10.5,10.649999618530272,2106025.0,-0.03619914618100928,10.760000038146973,0.0492610855952329,10.589999961853028,0.06461607805336755,10.379139423370361,-0.36248658304741144,11.072232000033061,0.022842519556990157,56.5217192997877,2236602.95,0.9416177332682136,0.005665689980488331,5521.TW,2026-08-31,0.033057866566078786,0.0014137750050533526,bull,0.3682745825602968,0.19944341372912802,2026-03-31,2026-05-15,2612835000.0,137924000.0,51483000.0,62397000.0,-996000.0,63393000.0,0.13,12921452000.0,8050714000.0,13909364000.0,8217996000.0,5691368000.0,1805939000.0,1207000000.0,45836000.0,,0.0,51483000.0,5858650000.0,0.0087875193090558,0.0111384468549564,0.0045575771832558,1.44394036723684,0.0527871067250706,0.0197038848606972,0.0242621520302659,0.2132778029044353,,,26.7192956803025,26.7192956803025,False,64.46195056698993,64.46195056698993,55.026286845318076,745.0,True,False,True,True,True,True,True,True,True,True,True,True,True,True,False,False,False,13,False,0.026096594728270306,-0.038134351005427725,0.0,23819820.56430368,0.5139146567717996,0.0,3.0,,,,,,-0.033323149041763124,-0.09112921146562718,0.1972851717637742,-1.2948939841802296,0.40040650406504064,-1.2948939841802296,0.5251960934520726,-745.0,0.2845528455284553,0.13821138211382114,0.5853658536585366,0.32967479674796746,0.30081300813008127,工信
16.950000762939453,17.5,16.799999237060547,16.950000762939453,7747663.0,-0.05833329094780815,17.14000015258789,0.2840909854439675,15.545000028610229,0.12624588359635203,14.696666717529297,0.021084359844980805,15.180833379427591,0.06948744677053013,67.04545590010524,15332598.4,0.5053065891297329,0.09038280680240285,5608.TW,2026-08-31,0.033057866566078786,0.0014137750050533526,bull,0.06029684601113173,0.12430426716141002,2026-03-31,2026-05-15,768625000.0,88536000.0,9188000.0,-74001000.0,-7798000.0,-41753000.0,-0.11,2021604000.0,3457460000.0,17703610000.0,7965748000.0,9737862000.0,1521109000.0,643510000.0,3211737000.0,579455000.0,0.1053769543654815,8219796.543289956,14246150000.0,0.0005769837144274,-0.0042876968270858,-0.002358445537379,0.8180181645622007,0.1151875101642543,0.0119538136282322,-0.0543216783216783,-0.0190303955402176,,,15.2626130103749,15.2626130103749,False,80.89821528515854,80.89821528515854,64.48931471646263,956.0,True,True,True,True,True,True,True,True,True,True,True,True,False,True,False,False,False,13,False,0.1533227968436215,0.11653954294165181,1.0,259887554.57784423,0.2300556586270872,0.0,3.0,,,,,,-0.027373290983061408,-0.08276855363512375,0.18368978088897064,-1.963010858229317,0.28739837398373985,-1.963010858229317,0.34815117278216184,-956.0,0.11382113821138211,0.5609756097560976,0.25203252032520324,0.13455284552845528,0.275609756097561,四維航
61.70000076293945,63.79999923706055,61.70000076293945,63.5,565415.0,0.012759158330559517,62.42000045776367,0.08919383929655145,61.325,0.05132447675175755,61.08263994852702,0.16942911403689886,58.763820012410484,0.02171471446962581,61.44580915822845,342495.3,1.6508693695942689,0.0354667753770892,6024.TW,2026-08-31,0.033057866566078786,0.0014137750050533526,bull,0.2653061224489796,0.22170686456400743,2026-03-31,2026-05-15,,,-200365000.0,528439000.0,90392000.0,441039000.0,1.76,83604913000.0,73607565000.0,84532833000.0,73635548000.0,10897285000.0,7933176000.0,,,,0.1710547480409281,-166091615.40877944,10925268000.0,-0.0152025209275213,0.040472374540998,0.0052173692084825,6.757237972577573,,,,,,,16.995424717797373,16.995424717797373,False,78.53445440475957,78.53445440475957,63.14969698301902,918.0,True,True,True,True,True,True,True,True,True,True,True,True,True,True,False,False,False,14,False,0.03957523861951673,0.08059687043131758,1.0,21748451.55,0.5287569573283859,1.0,3.0,,,,,,0.007473220723322061,-0.07509798788138144,0.2388689122354429,-1.5505736275974715,0.5642276422764227,-1.5505736275974715,0.6284680222269684,-918.0,0.17886178861788618,0.4715447154471545,0.7073170731707317,0.258130081300813,0.37235772357723573,群益期
26.0,26.149999618530277,23.700000762939453,23.850000381469727,5625339.0,0.01923080214852213,23.79000015258789,0.41124265797728277,21.937500095367433,0.2168367304736405,19.3025000890096,0.5142857385060144,18.79625009695689,0.09033300259352024,64.8275882026951,3905010.35,1.440543941195956,0.08717949984219753,6108.TW,2026-08-31,0.033057866566078786,0.0014137750050533526,bull,0.03153988868274583,0.0686456400742115,2026-03-31,2026-05-15,1005533000.0,-58176000.0,-188023000.0,-163927000.0,2837000.0,-166764000.0,-1.08,5952056000.0,4035658000.0,7430512000.0,4257488000.0,3173024000.0,3009763000.0,2815370000.0,,,0.0,-188023000.0,3394854000.0,-0.055384708738579,-0.0525568038565103,-0.0224431371620152,1.3417761731395663,-0.0578558833971634,-0.186988393220312,-0.1658463720235934,0.0519018870845751,,,14.198738437467275,14.198738437467275,False,89.02094438703944,89.02094438703944,70.3153928996464,980.0,True,True,True,True,True,True,True,True,True,True,True,False,True,True,False,False,False,13,False,0.23559125872245779,0.2688701341195199,1.0,93134498.33714323,0.3385899814471243,0.0,3.0,,,,,,-0.09060359470100701,-0.1823407332329845,0.1909689899296372,-1.9293646589851043,0.1780487804878049,-1.9293646589851043,0.184366369727961,-980.0,0.08130081300813008,0.7967479674796748,0.08943089430894309,0.08252032520325203,0.2975609756097561,競國
28.200000762939453,28.950000762939453,28.049999237060547,28.450000762939453,2176226.0,0.047882179104043354,28.64000015258789,0.21063833033784918,25.85500020980835,0.09213057950744563,26.63833332061768,0.5092838295593296,26.375833336512247,0.07661878610050904,72.78107043128433,3481718.15,0.6250437014839929,0.10036745434435024,6168.TW,2026-08-31,0.033057866566078786,0.0014137750050533526,bull,0.09461966604823747,0.15955473098330242,2026-03-31,2026-05-15,502953000.0,119301000.0,-11310000.0,9301000.0,2206000.0,4900000.0,0.02,2152808000.0,496712000.0,3778323000.0,554367000.0,3223956000.0,336677000.0,16668000.0,,,0.2371787979787119,-8627507.794860767,3281611000.0,-0.0026290464637218,0.0015198718592933,0.001296871654435,0.1719524087797724,0.2372010903603318,-0.0224871906520092,0.0097424610251852,0.0779543101840838,,,27.13023348806351,27.13023348806351,False,66.53649627266617,66.53649627266617,56.684930576515505,735.0,True,False,True,True,True,False,True,False,True,True,True,True,False,True,False,False,False,10,False,0.06800978952086201,0.07863893435950398,1.0,99054884.02384014,0.3302411873840445,0.0,3.0,,,,,,-0.026967978373254004,-0.10596966261347512,0.19344308121998907,-1.8644611974394718,0.28130081300813004,-1.8644611974394718,0.2933911135903764,-735.0,0.3008130081300813,0.2032520325203252,0.1951219512195122,0.284959349593496,0.25040650406504067,宏齊
1030.0,1040.0,994.0,1035.0,321873.0,0.024752475247524774,1032.0,0.10813704496788001,1012.2,0.11530172413793105,1002.5621154785156,0.2637362637362637,878.2227244059245,0.026780279975654384,53.52112676056338,486383.25,0.6617682660741299,0.022525192649673897,6409.TW,2026-08-31,0.033057866566078786,0.0014137750050533526,bull,0.21150278293135436,0.13079777365491652,2026-03-31,2026-05-15,4204594000.0,1097283000.0,761311000.0,497580000.0,106071000.0,391509000.0,4.46,12925624000.0,6848461000.0,17835228000.0,7506620000.0,10328608000.0,7086998000.0,,489300000.0,,0.2131737610032557,599019470.8368503,10986767000.0,0.0545219053827982,0.0379053014694719,0.0219514435139264,0.7267794459814914,0.2609724030429573,0.1810664715784687,0.0931145789581586,-0.1581824756109622,,,62.88856390334461,62.88856390334461,False,68.9522124032297,68.9522124032297,67.43630027825843,235.0,True,False,True,True,True,True,True,True,True,True,True,True,False,True,True,False,False,12,False,0.03235498730769626,0.1785165325801923,1.0,503406663.75,0.17161410018552875,3.0,3.0,,,,,,0.05438828595720203,0.003188175938434615,0.28405370526326384,-0.0024661940182753458,0.9166666666666666,-0.0024661940182753458,0.9075792368646836,-235.0,0.7642276422764228,0.6991869918699187,0.991869918699187,0.7983739837398375,0.7902439024390244,旭隼
99.0,102.0,99.0,102.0,347601.0,0.030303030303030276,100.7,0.09795477206301362,99.26499977111817,0.16704803454492012,92.30515047709147,0.2993630573248407,88.0159086227417,0.02525304371924772,53.92491947474357,669765.1,0.518989418827586,0.02755251332481845,6416.TW,2026-08-31,0.033057866566078786,0.0014137750050533526,bull,0.23562152133580705,0.08905380333951762,2026-03-31,2026-05-15,1057732000.0,271486000.0,132488000.0,135818000.0,38070000.0,99022000.0,1.35,4240170000.0,1810116000.0,6158927000.0,2539091000.0,3619836000.0,356630000.0,274239000.0,208323000.0,,0.2803015800556627,95351404.26158535,4348811000.0,0.0219258561159786,0.0273553829510508,0.016077800564936,0.7014381314512591,0.2566680406757099,0.1252566812765426,0.0936172867985463,-0.046140444062884,,,49.20522556408967,49.20522556408967,False,70.13985146988779,70.13985146988779,64.90619499343826,383.0,True,False,True,True,True,True,True,True,True,True,True,True,False,True,False,False,False,12,False,0.10503042866838319,0.15888140673747553,1.0,68316040.2,0.37291280148423006,2.0,3.0,,,,,,0.033059433334257655,-0.031607010789525936,0.32708500114985917,-1.3556028358223815,0.8170731707317074,-1.3556028358223815,0.6898950108355377,-383.0,0.6097560975609756,0.5934959349593496,0.8130081300813008,0.6402439024390244,0.6455284552845528,瑞祺電通
20.200000762939453,20.200000762939453,19.399999618530277,20.100000381469727,145423.0,0.020304548377620968,19.90999984741211,0.10136988391614943,19.427499961853027,0.08648650710647177,18.511666774749756,-0.17791412047983746,19.809166701634727,0.04099129065521903,59.48276627503521,106056.2,1.3711881059287434,0.034615901219260836,6431.TW,2026-08-31,0.033057866566078786,0.0014137750050533526,bull,0.22912801484230055,0.17068645640074212,2026-03-31,2026-05-15,85846000.0,19557000.0,-32996000.0,-38222000.0,0.0,-38722000.0,-0.4,453102000.0,370475000.0,1190820000.0,633837000.0,556983000.0,188041000.0,205018000.0,5667000.0,,-0.0,-32996000.0,820345000.0,-0.0402221016767335,-0.0695209728124556,-0.0325170890646781,1.1379826673345506,0.2278149243995061,-0.3843626959904946,-0.4510635323719218,-0.2172834778485918,,,15.06887924885221,15.06887924885221,False,78.15107554576281,78.15107554576281,62.380526471535156,957.0,True,True,True,True,True,True,True,True,True,True,True,True,True,True,False,False,False,14,False,0.08580176091363567,0.014681772545788174,1.0,2131729.6604572297,0.8218923933209648,0.0,3.0,,,,,,-0.013372147837575423,-0.09786204086828876,0.18198796682500595,-1.5967015394791824,0.359349593495935,-1.5967015394791824,0.30042433569422916,-957.0,0.10569105691056911,0.42276422764227645,0.2032520325203252,0.12032520325203253,0.22032520325203253,光麗-KY
444.5,444.5,433.0,433.0,760523.0,-0.04415011037527594,446.9,0.09205548549810838,428.775,0.1655450874831763,415.1021687825521,-0.05869565217391304,414.31358439127604,0.041879349910584555,53.380782918149464,1204416.05,0.6314454212064012,0.009853652848230476,6472.TW,2026-08-31,0.033057866566078786,0.0014137750050533526,bull,0.25788497217068646,0.09090909090909091,2026-03-31,2026-05-15,4001231000.0,1442628000.0,407236000.0,221152000.0,174254000.0,25838000.0,0.21,19812444000.0,14337765000.0,45331756000.0,28703088000.0,16628668000.0,4832012000.0,3410000000.0,3908546000.0,8410772000.0,0.4,244341600.0,30993991000.0,0.0078835152271935,0.0015538225912021,0.0005699757141549,1.7261206970997316,0.3605460419555881,0.1017776779196202,0.0064575127004664,-0.1067853383739788,,,27.229352834015025,27.229352834015025,False,67.34606454189296,67.34606454189296,57.316886614923476,730.0,True,False,True,True,True,True,True,True,True,True,True,True,False,True,False,False,False,12,False,0.043116689247710394,0.04510210698540984,1.0,521512149.65000004,0.1679035250463822,2.0,3.0,,,,,,-0.04892184718594606,-0.088368982356515,0.18254632340735605,-1.8020688619565377,0.25894308943089434,-1.8020688619565377,0.24479909941635264,-730.0,0.3089430894308943,0.23577235772357724,0.17886178861788618,0.28943089430894314,0.26097560975609757,保瑞
375.5,399.5,374.5,399.5,1312652.0,0.09153005464480879,380.6,0.15261878651511274,372.8170501708984,0.23112480739599395,349.37399037679035,0.4267857142857143,320.7619951883952,0.04184498476630979,63.190184049079754,487296.75,2.693742570620469,0.07157116289845167,6491.TW,2026-08-31,0.033057866566078786,0.0014137750050533526,bull,0.14100185528756956,0.0640074211502783,2026-03-31,2026-05-15,1885667000.0,1005547000.0,542809000.0,566411000.0,88526000.0,472275000.0,6.06,6983966000.0,4705377000.0,16639674000.0,5326767000.0,11312907000.0,1204500000.0,831456000.0,457203000.0,,0.1562928686060122,457971824.2848391,11934297000.0,0.0383744282788369,0.0417465643446021,0.0283824671084301,0.4708574904752598,0.5332579930602805,0.2878604758952667,0.2504551439888379,0.1833499738625503,,,86.74813401220891,86.74813401220891,False,82.70048455517609,82.70048455517609,83.7123969194343,52.0,True,True,True,True,True,True,True,True,True,True,True,True,True,True,True,False,False,14,False,0.14347378741373995,0.24547173914839604,1.0,194675051.625,0.26437847866419295,2.0,2.0,,,,,,0.0003091788689067095,-0.06854775883324231,0.32532761147958356,-1.234421553064523,0.6735772357723577,-1.234421553064523,0.6547784701486626,-52.0,0.9512195121951219,0.967479674796748,0.7560975609756098,0.921951219512195,0.9170731707317074,晶碩
71.9000015258789,73.9000015258789,71.0999984741211,73.5,17096059.0,0.05150212296902845,71.8,0.08567213165743581,70.79499969482421,0.35932109235956555,65.8367405573527,0.22427447875871587,59.346888828277585,-0.0003530076264859512,54.95868302720637,20804258.25,0.8217576803056653,0.03820891753423572,6505.TW,2026-08-31,0.033057866566078786,0.0014137750050533526,bull,0.2764378478664193,0.03432282003710575,2026-03-31,2026-05-15,161989437000.0,27190906000.0,24513957000.0,25616191000.0,5209581000.0,20407731000.0,2.14,296450387000.0,65693610000.0,463713281000.0,83114597000.0,380598684000.0,63985692000.0,123643000.0,1500200000.0,8100000000.0,0.2033706338307674,19528538027.20982,398019671000.0,0.0490642534780895,0.0536200776774099,0.0440093735421824,0.2183785716925915,0.1678560436011639,0.1513305895371437,0.1259818626321912,-0.0650893152444253,,,66.8716639923295,66.8716639923295,False,62.32029611005094,62.32029611005094,63.45813808062058,193.0,True,False,True,True,True,True,False,True,True,True,True,True,True,True,True,False,False,12,False,0.11639791669169242,0.23848109734404055,1.0,1529112981.375,0.08905380333951762,1.0,3.0,,,,,,-0.0032019854043157264,-0.06476864865897095,0.1532058908407674,-1.3360506603255642,0.4605691056910569,-1.3360506603255642,0.45641169900971645,-193.0,0.8211382113821138,0.4796747967479675,0.4796747967479675,0.7699186991869919,0.6504065040650406,台塑化
262.5,262.5,255.5,261.0,906762.0,0.05882352941176472,263.1,0.12742980561555073,249.4,0.17832957110609482,221.26666666666668,0.41081081081081083,217.5625,0.05443399217841666,58.87096774193549,1543568.15,0.5874453939724009,0.04651162790697683,6533.TW,2026-08-31,0.033057866566078786,0.0014137750050533526,bull,0.17996289424860853,0.08256029684601113,2026-03-31,2026-05-15,326356000.0,325982000.0,-202956000.0,-191919000.0,-25688000.0,-166231000.0,-3.28,1735463000.0,291379000.0,6111740000.0,1760341000.0,4351399000.0,1046856000.0,,,1419903000.0,0.1338481338481338,-175790718.14671814,5820361000.0,-0.0302027173480679,-0.0382017369586195,-0.0271986373765899,0.4045459862448835,0.9988540121830148,-0.621885303165868,-0.5093548149873145,0.2031025355560307,,,38.84336576062605,38.84336576062605,False,79.04748334579007,79.04748334579007,68.99645394949907,540.0,True,True,True,True,True,True,True,True,True,True,True,True,False,True,False,False,False,13,False,0.17957216028924372,0.19965527147371454,1.0,402871287.15,0.18738404452690166,2.0,3.0,,,,,,-0.09319373553926158,-0.1528480608188153,0.11655057212082842,-2.0787125778467384,0.07398373983739838,-2.0787125778467384,0.07212686726656699,-540.0,0.45528455284552843,0.7642276422764228,0.04065040650406504,0.3930894308943089,0.46504065040650405,晶心科
7100.0,7360.0,7035.0,7095.0,1914140.0,0.1261904761904762,6867.0,0.1974683544303797,6391.25,0.2898379686855743,5471.211857096354,0.8435563559357784,4910.209120686849,0.06383421414006908,77.67220902612827,1473206.0,1.2993023378943611,0.11011148053980047,6669.TW,2026-08-31,0.033057866566078786,0.0014137750050533526,bull,0.10204081632653061,0.05102040816326531,2026-03-31,2026-05-15,276507734000.0,20881168000.0,17458392000.0,17934386000.0,3819977000.0,14114409000.0,75.95,395619318000.0,257883938000.0,432576398000.0,292412129000.0,140164269000.0,70996229000.0,72191879000.0,9594000000.0,18686968000.0,0.2129973671805658,13739800468.793749,174692460000.0,0.0786513651979813,0.1006990519102982,0.0326287080507799,2.086210209536355,0.0755174826321494,0.0631388921656708,0.0510452593705751,0.6202705683581411,,,65.40144535951697,65.40144535951697,False,82.33340816689217,82.33340816689217,78.10041746504837,208.0,True,True,True,True,True,True,True,False,True,True,False,True,True,True,True,False,False,12,False,0.29678765606517965,0.44494864182231386,1.0,10452396570.0,0.02411873840445269,3.0,3.0,,,,,,0.05940336048018139,-0.056447751065626155,0.3403683035691877,0.11475785162282348,0.8719512195121951,0.11475785162282348,0.9045195559152461,-208.0,0.8048780487804879,0.9105691056910569,0.983739837398374,0.8317073170731708,0.8723577235772357,緯穎
274.5,288.0,272.5,287.5,604354.0,0.08286252354048962,273.2,0.10789980732177273,266.575,0.1031672380127111,263.4509880065918,0.12559766908757175,256.6734921773275,0.010615107572741964,65.04065040650406,229717.65,2.630855748350203,0.07849573290818723,6670.TW,2026-08-31,0.033057866566078786,0.0014137750050533526,bull,0.21335807050092764,0.14192949907235622,2026-03-31,2026-05-15,8468855000.0,2032739000.0,1265065000.0,1332547000.0,298511000.0,970370000.0,6.96,20003146000.0,8031634000.0,30684051000.0,10347885000.0,20336166000.0,9145558000.0,1517321000.0,68804000.0,1552151000.0,0.2240153630603648,981671004.7300396,22652417000.0,0.0433362587634705,0.047716467302637,0.0316245726485072,0.5088414895905158,0.2400252454434513,0.149378516930565,0.1145810147888941,-0.0012569118061379,,,69.78295043229787,69.78295043229787,False,77.10271992106325,77.10271992106325,75.27277754887191,168.0,True,True,True,True,True,True,True,True,True,True,True,True,True,True,True,False,False,14,False,0.0912845769734083,0.12010008342184197,1.0,66043824.375,0.37569573283859,2.0,3.0,,,,,,0.03181086440706948,-0.019538457083790716,0.30675309776010007,-0.5352820050244292,0.8601626016260163,-0.5352820050244292,0.7040401295697952,-168.0,0.8455284552845529,0.8536585365853658,0.8373983739837398,0.8443089430894309,0.8463414634146342,復盛應用
285.0,291.5,273.0,275.0,3567881.0,0.061776061776061875,278.6,0.30023640661938544,263.725,0.2557077625570776,254.98333333333332,2.041719338336931,212.9955790837606,0.08595841054148663,57.56302521008404,4563988.4,0.7817462901527094,0.042752867570385655,6672.TW,2026-08-31,0.033057866566078786,0.0014137750050533526,bull,0.0575139146567718,0.06029684601113173,2026-03-31,2026-05-15,1245827000.0,423777000.0,145352000.0,148482000.0,24894000.0,123588000.0,1.73,4606299000.0,1439948000.0,6456499000.0,2742865000.0,3713634000.0,1563255000.0,30000000.0,69263000.0,896840000.0,0.1676566856588677,120982765.42611226,5016551000.0,0.0241167219123481,0.0332795315855035,0.0191416431722517,0.7385932485538425,0.3401571807321562,0.1166710947828229,0.0992015745364324,0.2185628742514969,,,64.4879602565514,64.4879602565514,False,81.51103949653296,81.51103949653296,77.25526968653757,216.0,True,True,True,True,True,True,True,True,True,True,True,True,False,True,True,False,False,13,False,0.07850186286685412,0.291106609737924,1.0,1255096810.0,0.10482374768089053,2.0,3.0,,,,,,-0.04094084690930448,-0.20320935892720737,0.31099584279896353,-1.5198332515927961,0.41747967479674797,-1.5198332515927961,0.439535954678981,-216.0,0.7804878048780488,0.8861788617886179,0.44715447154471544,0.7304878048780488,0.7455284552845529,騰輝電子-KY
99.3000030517578,100.5,98.0999984741211,100.5,82503.0,0.021341447576795014,100.88000030517578,0.053459102647263945,99.2900001525879,0.05456449928357365,97.69833323160807,0.4070149856027214,91.75322615305582,0.029018551099306844,51.42856727652149,134824.75,0.611927706151875,0.012186522767172914,6756.TW,2026-08-31,0.033057866566078786,0.0014137750050533526,bull,0.3608534322820037,0.21428571428571427,2026-03-31,2026-05-15,414892000.0,185087000.0,-50699000.0,46990000.0,8682000.0,44595000.0,0.64,1744541000.0,848091000.0,3944534000.0,980235000.0,2964299000.0,833541000.0,,113508000.0,,0.1847627154713768,-41331715.08831666,3096443000.0,-0.0133481272183329,0.0150440289592918,0.0113055179648597,0.3306802046622152,0.4461088668858401,-0.1221980660027187,0.1074858035344137,0.0636156451162206,,,42.16370730947515,42.16370730947515,False,59.83279773832811,59.83279773832811,55.41552513111487,478.0,True,False,True,True,True,True,True,True,True,True,True,True,False,True,False,False,False,12,False,0.028676709987980775,0.09532933296921331,1.0,13549887.375,0.5825602968460112,2.0,3.0,,,,,,-0.009961245258578168,-0.057913254700524906,0.2483977772723915,-1.4062308350956105,0.5646341463414634,-1.4062308350956105,0.5367838732054336,-478.0,0.5365853658536586,0.14634146341463414,0.6016260162601627,0.5463414634146342,0.43252032520325207,威鋒電子
187.5,192.5,187.0,187.0,4715805.0,0.0108108108108107,189.4,0.08405797101449286,186.45,0.39033457249070636,180.69166666666666,0.36496350364963503,161.45355339050292,0.035689487571170575,49.03846153846154,8385922.3,0.5623478052020587,0.002949852507374784,8033.TW,2026-08-31,0.033057866566078786,0.0014137750050533526,bull,0.2820037105751391,0.0287569573283859,2026-03-31,2026-05-15,375050000.0,143311000.0,-2634000.0,51909000.0,1188000.0,51587000.0,0.34,1888108000.0,862133000.0,3872200000.0,1760802000.0,2111398000.0,325588000.0,470000000.0,714045000.0,,0.0228862047043865,-2573717.736808646,3010067000.0,-0.0008550366941362,0.0244326271029905,0.013322400702443,0.8339507757419492,0.3821117184375416,-0.0070230635915211,0.1375469937341688,0.1184905075182363,,,41.48554379538239,41.48554379538239,False,66.06678579181741,66.06678579181741,59.92147529270866,490.0,True,False,True,True,True,True,True,False,True,True,True,True,False,True,False,False,False,11,False,0.034912143153622566,0.15822783749892855,1.0,1568167470.1,0.08534322820037106,2.0,3.0,,,,,,-0.03595849136545544,-0.14764888976705576,0.2128601432296682,-1.7034287838338227,0.30772357723577237,-1.7034287838338227,0.33951749320952185,-490.0,0.5203252032520326,0.34959349593495936,0.22764227642276422,0.4764227642276423,0.4105691056910569,雷虎
1220.0,1325.0,1155.0,1230.0,20581788.0,0.08370044052863435,1221.0,0.2906610703043022,1182.25,0.45867615514937365,1094.167987060547,1.8798630857774579,921.8474919637044,0.06966749604161954,55.88235294117647,10765437.65,1.9118394132355594,0.04038908860224155,8046.TW,2026-08-31,0.033057866566078786,0.0014137750050533526,bull,0.059369202226345084,0.022263450834879406,2026-03-31,2026-05-15,11177241000.0,1771445000.0,1352237000.0,1598197000.0,289571000.0,1308626000.0,2.03,25923065000.0,8163676000.0,62161816000.0,15455246000.0,46706570000.0,9657576000.0,,,,0.1811860490289995,1107230520.6191726,53998140000.0,0.0205049751828335,0.0280180282988025,0.0210519267969906,0.3309008989527597,0.1584867857819295,0.1209812868846614,0.1170795189975773,0.3214942908705003,,,61.16068715346135,61.16068715346135,False,82.74315875909086,82.74315875909086,77.34754085768348,249.0,True,True,True,True,True,True,True,True,True,True,True,True,True,True,True,False,False,14,False,0.12414182698249299,0.33427710193133375,1.0,13241488309.5,0.014842300556586271,3.0,3.0,,,,,,-0.17606488458078673,-0.3094257209788577,0.21013042627174552,-1.6413466530046144,0.21300813008130082,-1.6413466530046144,0.22381211982869575,-249.0,0.7479674796747967,0.8943089430894309,0.14634146341463414,0.6577235772357723,0.6715447154471544,南電
45.25,45.95000076293945,45.04999923706055,45.29999923706055,127504.0,-0.02494825710587767,45.82999877929687,0.02257336381991215,44.19849758148193,0.0902527092384442,43.35699914296468,-0.26817450532498444,46.250999514261885,0.009939782634026806,55.992193763203026,101555.95,1.2555049704128611,0.02492169905884123,8442.TW,2026-08-31,0.033057866566078786,0.0014137750050533526,bull,0.487012987012987,0.16326530612244897,2026-03-31,2026-05-15,1984281000.0,309762000.0,14442000.0,9791000.0,7672000.0,2119000.0,0.03,5623110000.0,3304700000.0,7633369000.0,4004645000.0,3628724000.0,869779000.0,847304000.0,355784000.0,0.0,0.4,8665200.0,4328669000.0,0.0020018162626895,0.0005839518243878,0.0002775969562063,1.1035959196676297,0.1561079302780201,0.0072782030367674,0.0010678931058655,0.0007857880298962,,,16.87489657354098,16.87489657354098,False,64.9497649262298,64.9497649262298,52.931047838057594,921.0,True,False,False,True,True,True,True,True,False,True,True,True,True,True,False,False,False,11,False,0.04481398926362612,-0.020561723793841247,0.0,4600484.4575189585,0.7282003710575139,1.0,3.0,,,,,,0.00020430738643063763,-0.06627717895605516,0.19604694921683471,-1.614125163781309,0.4886178861788618,-1.614125163781309,0.5093005790459874,-921.0,0.17073170731707318,0.08943089430894309,0.5528455284552846,0.22804878048780491,0.22276422764227644,威宏-KY
86.5,86.9000015258789,85.4000015258789,86.9000015258789,2260218.0,0.011641443332206736,86.64000091552734,0.061050059912637344,84.98000030517578,0.061050059912637344,83.0433334350586,0.13892526933361493,79.72500012715658,0.01414165794859968,58.42697207125345,1259373.0,1.7947168948357635,0.02259356570732085,9941.TW,2026-08-31,0.033057866566078786,0.0014137750050533526,bull,0.33766233766233766,0.2077922077922078,2026-03-31,2026-05-15,9588907000.0,4187850000.0,1390166000.0,1382030000.0,301331000.0,1104074000.0,1.82,235100426000.0,237208150000.0,286724084000.0,244513555000.0,42210529000.0,7708912000.0,35439009000.0,3468847000.0,,0.2180350643618445,1087061066.716352,49515934000.0,0.0219537627365839,0.0261563649202311,0.0038506496719682,5.792714775026866,0.4367390360548913,0.1449764816782559,0.1151407558755132,-0.0112940820804001,,,41.17633903527033,41.17633903527033,False,72.07656110647389,72.07656110647389,64.351505588673,493.0,True,False,True,True,True,True,True,True,True,True,True,True,True,True,False,False,False,13,False,0.046441633919191094,0.08999688162155706,1.0,109439515.6216507,0.3181818181818182,1.0,3.0,,,,,,0.00904041148858425,-0.005177189689441541,0.243985888952984,-1.0475534212168787,0.7516260162601627,-1.0475534212168787,0.7791613155221071,-493.0,0.5121951219512195,0.5528455284552846,0.8861788617886179,0.5682926829268293,0.5991869918699188,裕融
27.899999618530277,28.0,27.700000762939453,27.799999237060547,4467872.0,-0.041379336653084575,28.40999984741211,0.031539831170987576,28.230000019073486,0.10536777967096955,26.875905640920003,-0.0035842431124377683,25.759202845891316,0.01674770253537608,55.90550968241905,8607071.0,0.5190931967448624,-0.015232050362111615,9945.TW,2026-08-31,0.033057866566078786,0.0014137750050533526,bull,0.44805194805194803,0.14007421150278293,2026-03-31,2026-05-15,8802139000.0,2177505000.0,1558595000.0,3524918000.0,275592000.0,2706817000.0,0.99,56821154000.0,31229259000.0,206807304000.0,85163985000.0,121643319000.0,4687641000.0,7435539000.0,36077246000.0,,0.0781839464066965,1436737892.0502548,175578045000.0,0.0081829017520399,0.0222520811027854,0.0130885947819328,0.7001123094972441,0.247383618913539,0.1770700280920353,0.3075180930453381,0.2547092191019549,,,56.447152500431685,56.447152500431685,False,62.396041473559826,62.396041473559826,60.90881923027779,296.0,True,False,False,True,False,True,True,True,False,True,True,True,False,True,False,False,False,9,False,0.03438371932418027,0.0792259140695708,1.0,239276567.23332596,0.23654916512059368,0.0,3.0,,,,,,-0.040852696383043625,-0.09327291387896317,0.10599640482053047,-1.9920910038213175,0.15040650406504064,-1.9920910038213175,0.15499278176222492,-296.0,0.6910569105691057,0.37398373983739835,0.08130081300813008,0.5995934959349594,0.47398373983739833,潤泰新
205.0,218.0,205.0,215.0,607278.0,0.07231920199501252,208.8,0.15281501340482584,201.75,0.09693877551020402,196.2903605143229,0.24637681159420288,193.29934692382812,0.0334229734921245,65.88235294117646,260841.05,2.328153486577362,0.06567534076827752,4771.TW,2026-08-31,0.033057866566078786,0.0014137750050533526,bull,0.1391465677179963,0.15213358070500926,2026-03-31,2026-05-15,1030727000.0,422528000.0,298124000.0,310643000.0,69136000.0,214777000.0,3.66,2662213000.0,1036935000.0,7439213000.0,2725761000.0,4713452000.0,939697000.0,0.0,1180020000.0,,0.2225577270371455,231774200.18477803,6402278000.0,0.0362018331888709,0.0455668159981262,0.0288709302986754,0.5782939976900158,0.4099320188565934,0.2892366261871475,0.208374283394148,0.2716625438753415,,,87.83714193650803,87.83714193650803,False,77.07037191355083,77.07037191355083,79.76206441929013,44.0,True,True,True,True,True,True,True,True,True,True,True,True,True,True,True,False,False,14,False,0.09531614001142907,0.11226449246475356,1.0,56080825.75,0.3970315398886827,2.0,2.0,,,,,,-0.008377747234274707,-0.0845359179405081,0.2914112829983719,-1.5215879314995229,0.5536585365853658,-1.5215879314995229,0.5309749558612926,-44.0,0.967479674796748,0.9349593495934959,0.5934959349593496,0.9113821138211382,0.8829268292682926,望隼
41.29999923706055,41.45000076293945,40.900001525878906,41.45000076293945,58514.0,-0.009557890699302685,41.50000076293945,0.0922266121116384,40.55,0.0036319982723946875,39.982818349202475,-0.19128697593874844,43.317803064982094,0.025219645764718288,62.11179564992198,105954.75,0.5522546181270779,0.02219484002316774,6931.TW,2026-08-31,0.033057866566078786,0.0014137750050533526,bull,0.2560296846011132,0.3293135435992579,2026-03-31,2026-05-15,304626000.0,46435000.0,24486000.0,41022000.0,7325000.0,32192000.0,0.49,937071000.0,256770000.0,2623022000.0,1436214000.0,1186808000.0,315403000.0,0.0,134800000.0,,0.1785627224416167,20113713.178294577,2366252000.0,0.0085002413852347,0.027124859286422,0.0122728669450732,1.210148566575217,0.1524328192603389,0.080380532193575,0.1056771253931049,0.1805013020833332,,,40.14398557379552,40.14398557379552,False,69.70051237400249,69.70051237400249,62.31138067395075,508.0,True,False,True,True,True,True,True,True,True,True,True,True,False,True,False,False,False,12,False,0.036695322498851324,-0.04311858335106944,0.0,4391824.468337059,0.735621521335807,1.0,3.0,,,,,,0.005489117819449781,-0.04104037581751928,0.1589790801261474,-0.9219365008315051,0.5800813008130081,-0.9219365008315051,0.509817478276663,-508.0,0.4959349593495935,0.3983739837398374,0.5609756097560976,0.505691056910569,0.4796747967479674,青松健康
77.0,77.5,76.9000015258789,77.19999694824219,25150.0,0.036241569775062876,76.33999938964844,0.09659084197411016,73.90000038146972,0.04043126850925116,73.25666669209798,-0.0009135062070436684,74.630735206604,0.020084200628231588,68.47823382775144,33862.45,0.7427105835519876,0.04465489241864651,6918.TW,2026-08-31,0.033057866566078786,0.0014137750050533526,bull,0.23933209647495363,0.24582560296846012,2026-03-31,2026-05-15,219385000.0,145307000.0,52877000.0,58755000.0,11065000.0,47501000.0,1.39,1203027000.0,380831000.0,1686462000.0,542764000.0,1143698000.0,607226000.0,,157857000.0,,0.1883243979235809,42918970.81099481,1305631000.0,0.0328722057081938,0.0415328172297232,0.0281660660008941,0.474569335611324,0.6623378991271053,0.2410237709961939,0.2165189051211341,0.1171055110572492,,,82.25632418471866,82.25632418471866,False,67.0864893689255,67.0864893689255,70.87894807287378,74.0,True,False,True,True,True,True,True,True,True,True,True,True,False,True,True,False,False,12,False,0.05382896102437007,0.03442632227225917,1.0,2614181.0366600035,0.8033395176252319,1.0,2.0,,,,,,0.03219333098736147,0.014916297463363235,0.22847915839684477,-1.0572737897012812,0.8036585365853658,-1.0572737897012812,0.6339455008597309,-74.0,0.926829268292683,0.8048780487804879,0.7317073170731707,0.8975609756097561,0.8512195121951219,愛派司
288.5,288.5,275.5,282.0,313945.0,0.08253358925143961,278.3,0.09090909090909083,272.0,0.001776198934280604,269.905788675944,0.12574850299401197,281.09456100463865,0.028647064384986248,47.19101123595505,372005.4,0.8439259215054404,0.03676470588235303,6937.TW,2026-08-31,0.033057866566078786,0.0014137750050533526,bull,0.2592764378478664,0.336734693877551,2026-03-31,2026-05-15,582447000.0,243295000.0,75551000.0,79509000.0,17753000.0,64817000.0,0.96,2979355000.0,819804000.0,4523134000.0,1044661000.0,3478473000.0,472664000.0,71200000.0,178118000.0,,0.2232828987913317,58681753.71341609,3703330000.0,0.0158456723309605,0.0186337510741063,0.0143301082833274,0.3003217216290021,0.4177118261404042,0.1297130897746919,0.1112839451486573,0.2629110526156022,,,64.73082411847425,64.73082411847425,False,61.86706500782132,61.86706500782132,62.58300478548455,214.0,True,False,True,True,True,True,True,False,True,True,True,True,True,True,True,False,False,12,False,0.044809010519506254,0.003221118872329898,1.0,104905522.80000001,0.323747680890538,2.0,3.0,,,,,,-0.03860605117345007,-0.10540046999469489,0.18776897142960186,-1.8675622412529365,0.2443089430894309,-1.8675622412529365,0.4737423718095427,-214.0,0.7967479674796748,0.43902439024390244,0.5121951219512195,0.7540650406504065,0.632520325203252,天虹
227.0,227.0,218.0,219.5,174763.0,0.018561484918793614,222.2,0.030516431924882736,216.375,0.14621409921671025,210.70400644938152,0.32228915662650603,186.72283655802408,0.012505886650923233,55.4054054054054,79766.0,2.1909460171000177,0.01444251877527436,6957.TW,2026-08-31,0.033057866566078786,0.0014137750050533526,bull,0.45269016697588127,0.1038961038961039,2026-03-31,2026-05-15,1008397000.0,304729000.0,100942000.0,102458000.0,25691000.0,82568000.0,1.51,2765058000.0,1395803000.0,5405505000.0,3045045000.0,2360460000.0,1274466000.0,40000000.0,27000000.0,945042000.0,0.2507466474067423,75631131.9174686,4009702000.0,0.0188620331180393,0.0349796226159307,0.0152747985618364,1.2900218601459037,0.3021914979913665,0.1001014481399686,0.0818804498625045,0.2868739487648066,,,57.7309173012778,57.7309173012778,False,63.88466926587746,63.88466926587746,62.34623127472755,286.0,True,False,False,True,True,True,True,True,False,True,True,True,True,True,False,False,False,11,False,0.0417457346865,0.17553912550910944,1.0,17508637.0,0.5528756957328386,2.0,3.0,,,,,,0.013063197183772919,-0.049308173825944115,0.32308245033902977,-0.30958794280498486,0.7788617886178862,-0.30958794280498486,0.7855374804799213,-286.0,0.7073170731707317,0.4065040650406504,0.8943089430894309,0.7353658536585366,0.6544715447154471,裕慶-KY
545.0,557.0,508.0,508.0,1492131.0,-0.10563380281690138,549.6,0.31776913099870296,515.325,0.33684210526315783,480.375,0.287787147320848,432.87010650634767,0.1030072773972604,56.666666666666664,1502640.35,0.9930060776020023,-0.014214330762140515,7795.TW,2026-08-31,0.033057866566078786,0.0014137750050533526,bull,0.05380333951762523,0.036178107606679034,2026-03-31,2026-05-15,417748000.0,164583000.0,45923000.0,46458000.0,30360000.0,16098000.0,0.21,3862664000.0,1062319000.0,4174097000.0,1361173000.0,2812924000.0,2813974000.0,298396000.0,,,0.4,27553800.0,3111778000.0,0.008854680507414,0.0057228705787998,0.0038566425265153,0.4838996716583882,0.3939767515344178,0.1099299098978331,0.0385351934659172,,,,44.88151404428712,44.88151404428712,False,77.66663230948944,77.66663230948944,69.47035274318887,435.0,True,True,True,True,False,True,True,True,True,True,True,True,True,True,False,False,False,13,False,0.05750715586781152,0.17356221269243655,1.0,763341297.8000001,0.12987012987012986,3.0,3.0,,,,,,-0.031183792226526817,-0.11852953887600981,0.28272630237245644,-1.60203154709555,0.4268292682926829,-1.60203154709555,0.404800774015787,-435.0,0.5528455284552846,0.7804878048780488,0.3902439024390244,0.5284552845528455,0.5886178861788618,長廣
