Open,High,Low,Close,Volume,ret5,ma5,ret20,ma20,ret60,ma60,ret120,ma120,ma20_slope,rsi14,volume_ma20,volume_ratio,ma20_deviation,symbol,date,benchmark_ret20,benchmark_ret60,market_regime,rs20_rank_pct,rs60_rank_pct,period_date,as_of_date,revenue,gross_profit,operating_income,pretax_income,tax_expense,net_income_parent,eps,current_assets,current_liabilities,assets,liabilities,equity,cash,short_borrowings,long_borrowings,bonds_payable,tax_rate,nopat,invested_capital_proxy,roic_proxy,roe,roa,debt_to_equity,gross_margin,operating_margin,net_margin,revenue_growth,pe,pb,eva_like_score,fundamental_score,fundamental_pass,technical_score,score,final_score,fundamental_rank,pass_market,pass_score,pass_rs20,pass_rs60,pass_close_ma20,pass_ma20_ma60,pass_ma20_slope,pass_rsi,pass_ret20_benchmark,pass_ret60_benchmark,pass_ret5_cap,pass_ret20_cap,pass_volume_ratio,pass_ma20_deviation,pass_fundamental_score,pass_fundamental_filter,pass_fundamental_universe,entry_pass_count,entry_all_pass,close_ma60_ratio,close_ma120_ratio,above_ma120,turnover20,liquidity_rank,price_bucket,eva_rank_bucket,forward_60d_return,forward_60d_max_drawdown,reward_60,fwd60_rank_label,top_quantile_60,reg_forward60,reg_reward60,cls_topq60,rank_forward60,ensemble_score,ranker_score,stable_ensemble_score,fundamental_rank_score,fundamental_score_rank,final_score_rank,stable_ml_rank,fund_ml_85_15,fund_final_ml,name
24.600000381469727,26.100000381469727,24.600000381469727,25.299999237060547,108782743.0,0.028455237590894633,24.479999542236328,0.07430998117596666,24.419999885559083,0.06079659674627913,23.9819455464681,0.011999969482421768,24.14972276687622,0.004834894340870842,61.97179920310505,53624878.25,2.0285872257434914,0.0360360096488721,1101.TW,2026-09-01,0.07749622756198149,0.07429420729794867,bull,0.2772093023255814,0.2641860465116279,2026-03-31,2026-05-15,33168148000.0,6208390000.0,2792191000.0,2132735000.0,927996000.0,718189000.0,0.1,184722314000.0,82516661000.0,597615286000.0,292869670000.0,304745616000.0,97044326000.0,5704442000.0,70674580000.0,98473452000.0,0.4,1675314600.0,515098625000.0,0.0032524152049522,0.0023566836150975,0.0012017580822054,0.961029969336786,0.1871792781435972,0.0841829034289162,0.021652972604922,-0.0511527050022949,,,23.33964555046912,23.33964555046912,False,73.4307334646465,73.4307334646465,60.90796148610215,801.0,True,False,True,True,True,True,True,True,False,False,True,True,True,True,False,False,False,11,False,0.05496024866033267,0.04763104244666727,1.0,1356709378.8124647,0.1013953488372093,0.0,3.0,,,,,,-0.013328910352573957,-0.06978615900530268,0.14837822188725067,-1.6808435757735094,0.28911290322580646,-1.6808435757735094,0.2561557908436257,-801.0,0.20161290322580644,0.24193548387096775,0.22580645161290322,0.20524193548387096,0.2185483870967742,台泥
14.25,15.25,14.25,14.5,3858775.0,0.062271091957821545,14.19000015258789,0.13725490196078427,13.680000019073486,0.08208958304361347,13.86172375679016,0.02112677427918852,14.485861873626709,0.029926598058932975,62.50001117587825,1748229.85,2.2072469475338155,0.05994151899000144,1308.TW,2026-09-01,0.07749622756198149,0.07429420729794867,bull,0.14511627906976743,0.2288372093023256,2026-03-31,2026-05-15,1301918000.0,73711000.0,13526000.0,-115776000.0,4459000.0,-120235000.0,-0.2,2732713000.0,1008062000.0,12537553000.0,1505156000.0,11032397000.0,726414000.0,,295229000.0,,0.0,13526000.0,11529491000.0,0.0011731654068683,-0.0108983569028561,-0.009589989370334,0.1364305508585305,0.0566172370302891,0.0103892871901302,-0.0923522065137743,-0.1515061063473556,,,14.704701931024411,14.704701931024411,False,68.25402889353978,68.25402889353978,54.86669715291094,960.0,True,False,True,True,True,False,True,True,True,True,True,True,True,True,False,False,False,12,False,0.04604595030233383,0.0009759948352836556,1.0,25349332.825000003,0.5023255813953489,0.0,3.0,,,,,,0.01093502656583282,-0.04685440176129749,0.13260909959711728,-1.9642756798331906,0.31693548387096776,-1.9642756798331906,0.2499775565874383,-960.0,0.0967741935483871,0.0967741935483871,0.21774193548387097,0.11491935483870969,0.12096774193548387,亞聚
12.199999809265137,12.600000381469728,12.100000381469728,12.149999618530272,4439404.0,0.04291845634095215,12.039999771118165,0.13551400328153074,11.677499961853027,0.1243717648337983,11.808010069529216,-0.0036055778450374554,11.69903020064036,0.03432240059066631,61.19403494947518,3261421.75,1.3611867278434628,0.04046239847747923,1313.TW,2026-09-01,0.07749622756198149,0.07429420729794867,bull,0.1469767441860465,0.16744186046511628,2026-03-31,2026-05-15,14431164000.0,896155000.0,195198000.0,172691000.0,70351000.0,102340000.0,0.08,19273009000.0,8329694000.0,54586668000.0,25914554000.0,28672114000.0,2987238000.0,4703421000.0,14008019000.0,2998655000.0,0.4,117118800.0,46256974000.0,0.0025319165927282,0.0035693217458608,0.0018748167592863,0.9038243221270674,0.0620985944030571,0.0135261438370459,0.0070915970465029,-0.0083447619882685,,,16.79868265460239,16.79868265460239,False,72.5708127129704,72.5708127129704,58.627780198378396,920.0,True,False,True,True,True,False,True,True,True,True,True,True,True,True,False,False,False,12,False,0.028962504857915627,0.03854758985622819,1.0,39626273.01836633,0.44558139534883723,0.0,3.0,,,,,,-0.012817109240700078,-0.04750305431079727,0.1491028867827045,-1.7758598519596545,0.2939516129032258,-1.7758598519596545,0.28600456165161103,-920.0,0.12903225806451613,0.16129032258064516,0.25,0.1471774193548387,0.1629032258064516,聯成
8.1899995803833,8.4399995803833,8.1899995803833,8.260000228881836,27663437.0,0.04556963660361335,8.128000068664551,0.07973857855031907,7.902500009536743,0.04030228833189686,8.181999993324279,-0.027090641747571698,7.940416634082794,0.018560289443996042,63.953498365306864,24165091.35,1.144768567158758,0.04523887616749911,1314.TW,2026-09-01,0.07749622756198149,0.07429420729794867,bull,0.2669767441860465,0.3227906976744186,2026-03-31,2026-05-15,4092344000.0,-291527000.0,-647288000.0,-263196000.0,25000.0,-263381000.0,-0.07,57442349000.0,37332389000.0,128112754000.0,51812243000.0,76300511000.0,1367909000.0,14373487000.0,4356642000.0,,0.0,-647288000.0,90780365000.0,-0.0071302643473618,-0.0034518903811797,-0.0020558530807947,0.679054993484906,-0.0712371687228639,-0.1581704763822396,-0.0643594477883579,-0.3721140502220507,,,12.28013230960367,12.28013230960367,False,60.61557645583176,60.61557645583176,48.53171541927473,1003.0,True,False,True,True,True,False,True,True,True,False,True,True,True,True,False,False,False,11,False,0.009533150283695724,0.04024771111219616,1.0,199603660.0819505,0.25953488372093025,0.0,3.0,,,,,,0.03048654264588246,-0.02058395317254612,0.16397067324063672,-1.9370823482443666,0.42822580645161296,-1.9370823482443666,0.5335902080726208,-1003.0,0.04032258064516129,0.04032258064516129,0.5967741935483871,0.12379032258064517,0.15161290322580645,中石化
66.0,66.19999694824219,65.5,66.0999984741211,37563.0,0.027993706639708682,65.4,0.040944857860174766,64.39786586761474,0.08006532108001063,63.517621994018555,0.06699860255884316,62.57326208750407,0.007430830791969289,73.77424911013442,59086.6,0.6357278976959243,0.026431506441618735,1315.TW,2026-09-01,0.07749622756198149,0.07429420729794867,bull,0.3953488372093023,0.23255813953488372,2026-03-31,2026-05-15,400564000.0,44047000.0,-40608000.0,22670000.0,8119000.0,13937000.0,0.15,7354156000.0,780905000.0,11315299000.0,994940000.0,10320359000.0,2244943000.0,109175000.0,,,0.3581385090427878,-26064711.42479048,10534394000.0,-0.0024742487726195,0.0013504375186948,0.001231695247293,0.0964055610856172,0.1099624529413526,-0.1013770583477297,0.0347934412478405,-0.2598363215400335,,,15.52001612125422,15.52001612125422,False,59.5282069321504,59.5282069321504,48.526159229426355,949.0,True,False,True,True,True,True,True,False,False,True,True,True,False,True,False,False,False,10,False,0.04065606360933538,0.056361715355116804,1.0,3905624.169841003,0.7525581395348837,1.0,3.0,,,,,,0.011041912545263547,-0.009712370443742038,0.20431686589944847,-1.6158022615304468,0.5375,-1.6158022615304468,0.4262344240591496,-949.0,0.10483870967741936,0.03225806451612903,0.4112903225806452,0.15080645161290324,0.14435483870967744,達新
32.099998474121094,32.79999923706055,32.099998474121094,32.650001525878906,95698.0,-0.012102805458860777,33.11000061035156,0.034865366574279744,32.337499904632566,0.12586212158203125,31.824166679382323,-0.02682556577192019,31.575416644414265,0.00802681040124181,53.76346732361529,139302.7,0.6869787879201192,0.009663753294718136,1321.TW,2026-09-01,0.07749622756198149,0.07429420729794867,bull,0.42790697674418604,0.16651162790697674,2026-03-31,2026-05-15,880894000.0,105477000.0,20883000.0,93159000.0,58043000.0,35116000.0,0.16,2103160000.0,996940000.0,11565078000.0,5771280000.0,5793798000.0,430438000.0,490000000.0,3742014000.0,,0.4,12529800.0,10568138000.0,0.0011856203997336,0.0060609638099222,0.0030363824610607,0.9961134302576652,0.119738583756956,0.0237065980696882,0.0398640472065878,-0.1112010218886778,,,14.654052606066369,14.654052606066369,False,60.76472091191017,60.76472091191017,49.23705383544922,964.0,True,False,False,True,True,True,True,True,False,True,True,True,False,True,False,False,False,10,False,0.02594992839299115,0.034032326273507385,1.0,4548233.367559052,0.7293023255813953,1.0,3.0,,,,,,0.00409598078297375,-0.03642174880891262,0.13488854941271297,-1.6959038444393713,0.3641129032258064,-1.6959038444393713,0.3019864176815897,-964.0,0.08064516129032258,0.04838709677419355,0.2661290322580645,0.10846774193548386,0.10806451612903226,大洋
28.299999237060547,29.450000762939453,28.299999237060547,29.399999618530277,16119106.0,0.013793090294147436,28.559999847412108,0.08287292934119739,28.075,0.09906540630019722,27.758637523651124,0.03339187452073267,27.066402053833013,0.012989357338714628,62.25166248860329,18543193.05,0.8692734825408076,0.04719499976955577,1402.TW,2026-09-01,0.07749622756198149,0.07429420729794867,bull,0.25488372093023254,0.20372093023255813,2026-03-31,2026-05-15,61298588000.0,13425322000.0,4896381000.0,7132853000.0,1579509000.0,3092903000.0,0.61,166621578000.0,157755773000.0,679737079000.0,356159064000.0,323578015000.0,47148878000.0,35989865000.0,71488233000.0,85137297000.0,0.2214414064049827,3812119505.065365,521981306000.0,0.0073031724723593,0.0095584460520285,0.0045501460719932,1.1006899340797305,0.2190151916712991,0.0798775495448606,0.0504563498265245,-0.0379277396462631,,,28.35795292059996,28.35795292059996,False,74.80264566529395,74.80264566529395,63.191472479120456,711.0,True,False,True,True,True,True,True,True,True,True,True,True,True,True,False,False,False,13,False,0.05912977873934433,0.08621750168551823,1.0,545169868.5963333,0.16651162790697674,0.0,3.0,,,,,,0.007480395106516065,-0.03917748174486218,0.16950556196108787,-1.5079092986577651,0.43911290322580643,-1.5079092986577651,0.3779323221277841,-711.0,0.25,0.33064516129032256,0.3548387096774194,0.2657258064516129,0.29516129032258065,遠東新
11.800000190734863,11.800000190734863,11.699999809265137,11.699999809265137,388064.0,-0.016806707199696236,11.8,0.08837207528047775,11.579999971389771,0.055956759645043874,11.182500012715657,0.0605082415326359,11.027820603052776,0.023194168382027088,60.71428814712744,700558.55,0.5539351421804787,0.01036268032572063,1416.TW,2026-09-01,0.07749622756198149,0.07429420729794867,bull,0.24186046511627907,0.2744186046511628,2026-03-31,2026-05-15,106290000.0,37155000.0,-1172000.0,46263000.0,10052000.0,32464000.0,0.18,1356031000.0,642549000.0,6390787000.0,1821021000.0,4569766000.0,186939000.0,269000000.0,825653000.0,,0.217279467392949,-917348.4642154636,5748238000.0,-0.0001595877665843,0.0071040836664284,0.0050798125489082,0.3984932707714136,0.3495625176404177,-0.0110264371060306,0.3054285445479349,0.2931758178920345,,,41.68034930051946,41.68034930051946,False,71.42982000973977,71.42982000973977,63.99245233243469,486.0,True,False,True,True,True,True,True,True,True,False,True,True,False,True,False,False,False,11,False,0.04627764774970067,0.060953041440144906,1.0,8196534.901379061,0.6427906976744187,0.0,3.0,,,,,,0.05854829053652741,0.009710088332122342,0.24671466493828612,-1.5116132782776237,0.7588709677419354,-1.5116132782776237,0.7068195317964239,-486.0,0.47580645161290325,0.3790322580645161,0.7983870967741935,0.5241935483870968,0.5112903225806451,廣豐
18.0,18.5,18.0,18.350000381469727,3323193.0,0.03672314070693439,18.059999847412108,0.057636886340822535,17.70250015258789,0.13622296067519435,17.654882844289144,0.09552241083401358,16.88327471415202,0.010416659975886628,63.265304533653044,2092745.55,1.5879584596416894,0.036576767309739466,1434.TW,2026-09-01,0.07749622756198149,0.07429420729794867,bull,0.32465116279069767,0.15441860465116278,2026-03-31,2026-05-15,6979321000.0,780112000.0,198663000.0,386155000.0,49552000.0,336603000.0,0.2,15272141000.0,6346633000.0,61146600000.0,15727850000.0,45418750000.0,3214804000.0,2317516000.0,8200000000.0,,0.1283215289197343,173170260.1002188,54799967000.0,0.0031600431456504,0.0074111022430163,0.0055048522730617,0.3462853997523049,0.1117747700671741,0.0284645168204758,0.0482286170818049,-0.0921530851652357,,,20.54681103606591,20.54681103606591,False,76.83071273543342,76.83071273543342,62.75973731059155,850.0,True,True,True,True,True,True,True,True,False,True,True,True,True,True,False,False,False,13,False,0.039372537519014594,0.08687447738371867,1.0,38401881.64081907,0.4502325581395349,0.0,3.0,,,,,,0.015775801649672114,-0.024765609765028257,0.2027399623859348,-1.8312947471786618,0.4754032258064516,-1.8312947471786618,0.4324462261854122,-850.0,0.1693548387096774,0.31451612903225806,0.4274193548387097,0.20806451612903226,0.2645161290322581,福懋
13.800000190734863,14.25,13.800000190734863,13.850000381469728,3966564.0,0.025925954182942856,13.810000038146972,0.1260162737153796,13.470000076293946,0.033582147444032096,13.232608445485432,0.09055122751778488,12.990054202079772,0.03060444122479853,55.55556026506237,2089090.95,1.8987033570749996,0.028210861397436116,1440.TW,2026-09-01,0.07749622756198149,0.07429420729794867,bull,0.16186046511627908,0.34232558139534885,2026-03-31,2026-05-15,3372657000.0,294268000.0,-129416000.0,-64775000.0,8778000.0,-78150000.0,-0.05,12562200000.0,9846736000.0,45799105000.0,17769583000.0,28029522000.0,4400648000.0,5866840000.0,3989879000.0,,0.0,-129416000.0,35952369000.0,-0.0035996515278311,-0.002788131741954,-0.0017063652226391,0.6339595445116759,0.0872510901642236,-0.0383721202600798,-0.0231716418242353,-0.1955247737019332,,,12.51873256872129,12.51873256872129,False,70.39837950252522,70.39837950252522,55.92846776907423,999.0,True,False,True,True,True,True,True,True,True,False,True,True,True,True,False,False,False,12,False,0.04665685820960963,0.06620035344057884,1.0,28933910.454424955,0.493953488372093,0.0,3.0,,,,,,0.02525367082501426,-0.008103036110842569,0.17541566273898287,-1.728893173593656,0.5173387096774194,-1.728893173593656,0.4443836189619127,-999.0,0.04838709677419355,0.12096774193548387,0.4596774193548387,0.11008064516129032,0.15241935483870966,南紡
15.5,15.75,15.5,15.5,99582.0,0.036789310886412574,15.54000015258789,0.1969112145399765,14.362499952316284,0.3362068526101323,13.325562604268391,0.34229189614002453,12.440065789222718,0.01609480088133681,69.8113200757037,198936.75,0.5005711614369894,0.07919930732534253,1459.TW,2026-09-01,0.07749622756198149,0.07429420729794867,bull,0.08558139534883721,0.05116279069767442,2026-03-31,2026-05-15,231160000.0,43640000.0,24305000.0,20991000.0,11327000.0,10929000.0,0.03,2303265000.0,1144782000.0,4781139000.0,1238615000.0,3542524000.0,1064701000.0,969808000.0,0.0,,0.4,14583000.0,3636357000.0,0.0040103323188564,0.0030850884849333,0.0022858569893073,0.3496419502027368,0.1887869873680567,0.1051436234642671,0.0472789409932514,-0.1821658664987316,,,27.476121095005883,27.476121095005883,False,77.96307500953412,77.96307500953412,65.34133653090207,723.0,True,True,True,True,True,True,True,True,True,True,True,True,False,True,False,False,False,13,False,0.16317790552686318,0.24597411803305858,1.0,3083519.625,0.7813953488372093,0.0,3.0,,,,,,0.04515431836967676,0.010637954475394604,0.2799551612974953,-1.4401273863568171,0.7770161290322581,-1.4401273863568171,0.7289483009869129,-723.0,0.23387096774193547,0.43548387096774194,0.8306451612903226,0.3233870967741935,0.4137096774193548,聯發
72.80000305175781,74.80000305175781,72.80000305175781,73.5,12961953.0,0.03813554847262335,72.68000030517578,0.12385318478801421,70.38500022888184,0.055950007787717304,68.84676424662273,0.055950007787717304,67.30618178049723,0.03332598806468801,71.52777630605753,9896171.65,1.3097946820677873,0.044256585366038825,1504.TW,2026-09-01,0.07749622756198149,0.07429420729794867,bull,0.16744186046511628,0.2753488372093023,2026-03-31,2026-05-15,14235194000.0,3341581000.0,1178530000.0,1581890000.0,343200000.0,1188154000.0,0.51,62376471000.0,29514331000.0,143191254000.0,52445953000.0,90745301000.0,27625447000.0,3014665000.0,7416112000.0,6000000000.0,0.2169556669553508,922841237.8231103,113676923000.0,0.0081181053591951,0.0130932840258031,0.0082976715882382,0.5779467633260702,0.2347408121027363,0.0827898797866752,0.0834659506572232,0.0453859488824619,,,37.679082544571614,37.679082544571614,False,69.3626943868821,69.3626943868821,61.441791426304476,564.0,True,False,True,True,True,True,True,True,True,False,True,True,True,True,False,False,False,12,False,0.06758829996292137,0.09202450734320977,1.0,727368616.275,0.13953488372093023,1.0,3.0,,,,,,0.00023536333283217782,-0.055873550802742186,0.19782005576437517,-1.72923666651484,0.392741935483871,-1.72923666651484,0.48142701709698665,-564.0,0.3951612903225806,0.27419354838709675,0.5161290322580645,0.4133064516129032,0.3830645161290322,東元
22.799999237060547,23.200000762939453,22.799999237060547,23.200000762939453,442022.0,0.013100486873651285,23.010000228881836,0.07906980292741639,22.432499980926515,0.054545489224520516,22.678763548533123,-0.03131523908594436,22.105215088526407,0.016412766289765606,77.27268786477984,312206.35,1.415800799695458,0.034213787258019046,1532.TW,2026-09-01,0.07749622756198149,0.07429420729794867,bull,0.26790697674418606,0.27813953488372095,2026-03-31,2026-05-15,3204035000.0,692228000.0,47497000.0,-19458000.0,3954000.0,-37698000.0,-0.09,35106369000.0,24279086000.0,53473656000.0,34226331000.0,19247325000.0,5460478000.0,12943511000.0,8314544000.0,,0.0,47497000.0,29194570000.0,0.0016269121278374,-0.0019586098327949,-0.0007049826553845,1.778238326624609,0.2160488259335494,0.0148241202109215,-0.0117657890753378,0.0813238445165094,,,18.257925886506182,18.257925886506182,False,56.32545792787845,56.32545792787845,46.80857491753538,888.0,True,False,True,True,True,False,True,False,True,False,True,True,True,True,False,False,False,10,False,0.022983493491206763,0.04952612630226283,1.0,7243187.558194541,0.6604651162790698,0.0,3.0,,,,,,0.0046372424929602045,-0.03417467778080829,0.17254179528160513,-1.7651961669960108,0.3858870967741936,-1.7651961669960108,0.5956129167709678,-888.0,0.1532258064516129,0.008064516129032258,0.6612903225806451,0.22943548387096774,0.21129032258064517,勤美
104.0,104.5,103.0,103.0,164124.0,-0.004830917874396157,102.6,0.1232279545018502,98.78499984741211,0.14444444444444438,93.27553393046061,0.09458025154300653,92.64360014597575,0.02874251746780772,66.30435323444969,123446.5,1.329515215093178,0.042668422929580174,1558.TW,2026-09-01,0.07749622756198149,0.07429420729794867,bull,0.16837209302325581,0.1427906976744186,2026-03-31,2026-05-15,1926175000.0,466203000.0,115500000.0,190949000.0,37396000.0,79533000.0,1.23,7337752000.0,2436771000.0,13553818000.0,4826378000.0,8727440000.0,2321376000.0,528924000.0,448585000.0,1225737000.0,0.1958428690383296,92880148.62607291,11117047000.0,0.0083547500182443,0.0091129815845196,0.0058679406791503,0.5530118797723044,0.2420356405830207,0.0599633989642685,0.0412906407777071,-0.0577927547617254,,,30.82891502090822,30.82891502090822,False,76.78700598796148,76.78700598796148,65.29748324619815,667.0,True,True,True,True,True,True,True,True,True,True,True,True,True,True,False,False,False,14,False,0.1042552710209006,0.11178753672899133,1.0,12714989.5,0.5925581395348837,2.0,3.0,,,,,,0.01238759050358524,-0.026292722968689494,0.2607211937543722,-1.4984367346267968,0.6169354838709677,-1.4984367346267968,0.6215532682933063,-667.0,0.28225806451612906,0.4274193548387097,0.7016129032258065,0.34516129032258064,0.4096774193548388,伸興
681.0,748.0,681.0,744.0,2006875.0,0.09896602658788778,698.8,0.10222222222222221,697.75,0.14637904468412932,693.0196970621745,0.5419689119170985,628.5681818644206,0.024370549805476066,53.73831775700935,1166514.55,1.7204028873879027,0.06628448584736657,1560.TW,2026-09-01,0.07749622756198149,0.07429420729794867,bull,0.2111627906976744,0.14046511627906977,2026-03-31,2026-05-15,2293229000.0,802560000.0,444439000.0,531951000.0,89799000.0,436359000.0,2.94,5759371000.0,3216860000.0,13961884000.0,5383626000.0,8578258000.0,1772650000.0,642250000.0,940383000.0,555943000.0,0.1688106611323223,369412958.57701176,10745024000.0,0.0343799100473867,0.050868020057219,0.0312535901315323,0.6275896574805747,0.3499694099455396,0.193804892577235,0.1902814764683335,0.2944197621734146,,,86.28355650333096,86.28355650333096,False,76.60530230559588,76.60530230559588,79.02486585502965,54.0,True,True,True,True,True,True,True,True,True,True,True,True,True,True,True,False,False,14,False,0.0735625598434495,0.18364247740506467,1.0,867886825.2,0.12744186046511627,3.0,2.0,,,,,,-0.0013084534412776327,-0.11295996980089103,0.29356563913305267,-0.7199725679611287,0.5600806451612903,-0.7199725679611287,0.5322996790981274,-54.0,0.8951612903225806,0.8870967741935484,0.5887096774193549,0.8491935483870967,0.8314516129032258,中砂
18.100000381469727,19.600000381469727,18.049999237060547,19.600000381469727,2128173.0,0.13953485535311794,18.220000076293946,0.07397262364217672,18.162500095367434,0.21739129919700617,18.885445976257323,0.3023255902372646,17.013972997665405,0.02323943649485724,55.45455459721783,797402.85,2.6688806040760955,0.07914660859211464,1617.TW,2026-09-01,0.07749622756198149,0.07429420729794867,bull,0.27906976744186046,0.08744186046511628,2026-03-31,2026-05-15,911155000.0,75347000.0,14007000.0,16464000.0,3663000.0,13556000.0,0.08,2297558000.0,1064440000.0,3434420000.0,1140178000.0,2294242000.0,694430000.0,745000000.0,0.0,0.0,0.2224854227405247,10890646.68367347,2369980000.0,0.0045952483496373,0.0059087053588941,0.003947100238177,0.4969737281420181,0.0826939434015068,0.0153727960665309,0.0148778199098945,0.184011674370313,,,27.96265695638479,27.96265695638479,False,64.87580517803453,64.87580517803453,55.647518122622095,718.0,True,False,True,True,True,False,True,True,False,True,False,True,True,True,False,False,False,10,False,0.03783624734680546,0.15199432749535724,1.0,15629096.164185047,0.5655813953488372,0.0,3.0,,,,,,0.0043862514132185565,-0.0536475255374781,0.20032957161921233,-1.717049052712661,0.41975806451612907,-1.717049052712661,0.46264202942071,-718.0,0.24193548387096775,0.11290322580645161,0.49193548387096775,0.2794354838709677,0.2532258064516129,榮星
33.79999923706055,36.75,33.54999923706055,36.400001525878906,31378658.0,0.11105299578367611,35.03272399902344,0.44444446126409676,31.188931465148926,0.8200000762939452,26.216310501098636,1.153846292751838,22.436488596598313,0.10127489171747822,65.77107380470915,13119329.5,2.3917882388730307,0.16708074999468714,1709.TW,2026-09-01,0.07749622756198149,0.07429420729794867,bull,0.021395348837209303,0.010232558139534883,2026-03-31,2026-05-15,2424471000.0,492933000.0,320616000.0,344786000.0,79982000.0,264726000.0,0.55,5694389000.0,2189161000.0,12130526000.0,3134319000.0,8996207000.0,600735000.0,285000000.0,20699000.0,,0.2319757762786192,246240854.51265424,9941365000.0,0.0247693203612033,0.0294264015934715,0.021823126218929,0.34840449980753,0.2033156923716555,0.1322416312671919,0.1091891798252072,-0.0753599255550004,,,52.52750676874495,52.52750676874495,False,88.80113246505185,88.80113246505185,79.73272604097512,330.0,True,True,True,True,True,True,True,True,True,True,False,False,True,False,False,False,False,11,False,0.3884486729875092,0.6223573207171846,1.0,477543613.81850815,0.17488372093023255,1.0,3.0,,,,,,0.000692552672505814,-0.06640669254410463,0.2937336313255646,-1.2117775985408863,0.5862903225806452,-1.2117775985408863,0.5565212614240551,-330.0,0.6129032258064516,0.9032258064516129,0.6209677419354839,0.6141129032258065,0.7016129032258065,和益
16.200000762939453,16.75,16.100000381469727,16.100000381469727,5844037.0,0.012578664637599601,15.990000152587891,0.19259262084960938,15.1875,0.0952381353993077,15.25583322842916,0.19259262084960938,14.447499958674113,0.04940404975552704,60.24096939279665,4965813.55,1.1768538913427389,0.06008232964409732,1710.TW,2026-09-01,0.07749622756198149,0.07429420729794867,bull,0.08837209302325581,0.20837209302325582,2026-03-31,2026-05-15,5345825000.0,88577000.0,-176669000.0,-219291000.0,-8101000.0,-127331000.0,-0.15,7085020000.0,12457768000.0,36888664000.0,23663579000.0,13225085000.0,2362413000.0,9628981000.0,8250000000.0,,0.0369417805564295,-170142532.57087615,24430896000.0,-0.0069642362920654,-0.0096279910488287,-0.0034517650191939,1.7892950404477552,0.0165693789078392,-0.0330480328106513,-0.0238187744641846,-0.1284074295508901,,,6.405846346837272,6.405846346837272,False,72.7768107739148,72.7768107739148,56.18406966714542,1061.0,True,False,True,True,True,False,True,True,True,True,True,True,True,True,False,False,False,12,False,0.05533405749791931,0.11437968005000565,1.0,79949600.04930754,0.3581395348837209,0.0,3.0,,,,,,0.05050011223882079,0.009732034991048218,0.24923815734457544,-1.7281407293636961,0.7084677419354839,-1.7281407293636961,0.6187998226527183,-1061.0,0.008064516129032258,0.14516129032258066,0.6854838709677419,0.1096774193548387,0.1846774193548387,東聯
17.649999618530273,18.549999237060547,17.549999237060547,18.549999237060547,30662190.0,0.12424237800366944,17.049999618530272,0.2749140201986251,16.612677574157715,0.4664031459643443,16.711725854873656,0.8775302654042774,13.254612946510315,0.05559904534021915,63.08998929965994,18546680.5,1.653244094003776,0.1166170627374652,1714.TW,2026-09-01,0.07749622756198149,0.07429420729794867,bull,0.05674418604651163,0.029767441860465118,2026-03-31,2026-05-15,7139550000.0,802314000.0,490214000.0,535557000.0,131252000.0,223134000.0,0.23,17219321000.0,4978429000.0,25588223000.0,7499378000.0,18088845000.0,5982998000.0,888587000.0,1280870000.0,,0.2450756875551995,370074466.90081537,20609794000.0,0.01795624288631,0.0123354476197899,0.0087201835000421,0.414585784775092,0.1123759900834086,0.0686617503904307,0.0312532302456037,0.3342708703208805,,,45.10051143692903,45.10051143692903,False,84.50566581722816,84.50566581722816,74.65437722215339,432.0,True,True,True,True,True,False,True,True,True,True,False,True,True,True,False,False,False,12,False,0.10999901495217457,0.3995127064004087,1.0,344040909.1250057,0.2055813953488372,0.0,3.0,,,,,,-0.01981773228196226,-0.10902560421482277,0.25457395791213977,-1.89108751629862,0.3556451612903226,-1.89108751629862,0.33415428478331705,-432.0,0.5241935483870968,0.7983870967741935,0.2903225806451613,0.4891129032258065,0.5596774193548387,和桐
34.0,34.900001525878906,34.0,34.849998474121094,3334259.0,-0.04126547628517507,35.05999908447266,0.07395986609413696,33.97999963760376,0.13703095947353905,32.21666653951009,0.12600961599495752,31.069999965031947,0.019349026343005303,59.459453886489726,2096992.6,1.5900194402212005,0.025603262089342493,1808.TW,2026-09-01,0.07749622756198149,0.07429420729794867,bull,0.28,0.15348837209302327,2026-03-31,2026-05-15,5392216000.0,1474911000.0,1229561000.0,1153602000.0,211319000.0,942283000.0,1.06,46784978000.0,26633648000.0,51660398000.0,37973630000.0,13686768000.0,5845055000.0,11570200000.0,207356000.0,10980553000.0,0.1831818946222353,1004327686.4663897,25026750000.0,0.0401301681787043,0.068846275468394,0.0182399485191732,2.774477509957062,0.2735259492572256,0.2280251755493474,0.1747487489373571,173.44891620834682,,,72.1127428848662,72.1127428848662,False,78.101506636396,78.101506636396,76.60431569851355,149.0,True,True,True,True,True,True,True,True,False,True,True,True,True,True,True,False,False,13,False,0.08173818763594043,0.12166071816361068,1.0,73080188.91024323,0.3665116279069767,1.0,3.0,,,,,,0.09615555937452522,0.030337073035163416,0.21696243213718366,-0.6534006322117782,0.834274193548387,-0.6534006322117782,0.791918533314432,-149.0,0.7983870967741935,0.8548387096774194,0.8870967741935484,0.8116935483870967,0.8330645161290322,潤隆
40.09999847412109,40.45000076293945,40.09999847412109,40.29999923706055,37368.0,0.007499980926513716,40.289999389648436,0.04947910509589892,39.572499656677245,0.08904803163932895,38.753915278116864,0.09604705643119771,37.790741475423175,0.011050068861669458,68.18173148448342,65826.5,0.5676741130091985,0.018383968328888445,1817.TW,2026-09-01,0.07749622756198149,0.07429420729794867,bull,0.3572093023255814,0.21767441860465117,2026-03-31,2026-05-15,611528000.0,237424000.0,117537000.0,116319000.0,27903000.0,87774000.0,1.21,1873263000.0,304617000.0,2963735000.0,558812000.0,2404923000.0,382710000.0,40000000.0,857000.0,,0.2398834240321873,89341821.9895288,2659118000.0,0.0335982916100484,0.0364976342277902,0.0296160081788688,0.2323617013933502,0.3882471448568176,0.1922021559110948,0.143532266715506,-0.0085682370507754,,,75.60284732958029,75.60284732958029,False,62.394156176430954,62.394156176430954,65.69632896471829,115.0,True,False,True,True,True,True,True,True,False,True,True,True,False,True,True,False,False,11,False,0.03989490991679778,0.06639874381055066,1.0,2652807.899778366,0.8018604651162791,1.0,3.0,,,,,,0.07156408941215794,0.05794638334540798,0.22741787603484456,-0.7240532746910255,0.8451612903225807,-0.7240532746910255,0.8097215225351041,-115.0,0.8467741935483871,0.45161290322580644,0.9112903225806451,0.8564516129032258,0.7411290322580645,凱撒衛
25.0,25.200000762939453,24.700000762939453,24.850000381469727,2189592.0,-0.019723865580904998,25.200000381469728,0.16393442330042052,24.585000038146976,0.16791283231943166,22.905470720926925,0.43590429447960943,20.659813165664673,0.042952597213923145,45.94595709188151,3252859.8,0.6731283039004633,0.010778944190017015,1904.TW,2026-09-01,0.07749622756198149,0.07429420729794867,bull,0.10790697674418605,0.1172093023255814,2026-03-31,2026-05-15,10422205000.0,2150150000.0,696170000.0,676222000.0,51875000.0,623134000.0,0.56,23384595000.0,24639229000.0,73010397000.0,42553667000.0,30456730000.0,6316415000.0,12166669000.0,15580624000.0,,0.0767129729585846,642764729.6154221,48371168000.0,0.0132881788096459,0.0204596488198174,0.0085348666163258,1.3971843661483028,0.2063047119107713,0.0667968054744653,0.0597890753444208,0.0134174531712039,,,33.04763840274124,33.04763840274124,False,69.73080348870297,69.73080348870297,60.560012217212545,631.0,True,False,True,True,True,True,True,False,True,True,True,True,False,True,False,False,False,11,False,0.08489367820615179,0.20281825310835266,1.0,80833567.27086753,0.35627906976744184,0.0,3.0,,,,,,0.04538064822258938,0.005966395021337151,0.2217125634352688,-1.493823546671386,0.6911290322580644,-1.493823546671386,0.688258209691937,-631.0,0.31451612903225806,0.23387096774193547,0.7741935483870968,0.38346774193548383,0.38225806451612904,正隆
11.050000190734863,11.300000190734863,10.949999809265137,11.0,3152361.0,0.0,10.970000076293946,0.08910886975623122,10.701999998092651,0.15062756455831172,10.249500052134197,0.16648988801861497,9.807083328564962,0.023527157148406946,66.66666666666666,4648232.3,0.6781849091320157,0.027845262750930688,1909.TW,2026-09-01,0.07749622756198149,0.07429420729794867,bull,0.23906976744186045,0.13116279069767442,2026-03-31,2026-05-15,10760215000.0,1109471000.0,15988000.0,29258000.0,59036000.0,-27240000.0,-0.02,14658431000.0,22767425000.0,70430999000.0,49630869000.0,20800130000.0,2240646000.0,8614561000.0,26455684000.0,0.0,0.4,9592800.0,47663574000.0,0.0002012606104611,-0.0013096071995703,-0.0003867615167576,2.386084558125358,0.1031086274763097,0.0014858439166875,-0.0025315479291073,0.0525224624933875,,,8.894222198109352,8.894222198109352,False,70.57297947558358,70.57297947558358,55.15329015621503,1044.0,True,False,True,True,True,True,True,True,True,True,True,True,False,True,False,False,False,12,False,0.07322307859391941,0.12163827220275003,1.0,51130555.3,0.4111627906976744,0.0,3.0,,,,,,0.039863981272768696,-0.029440141574755087,0.29627565982004433,-1.5708546796367475,0.6935483870967742,-1.5708546796367475,0.6722669743255161,-1044.0,0.016129032258064516,0.10483870967741936,0.7419354838709677,0.12499999999999999,0.18790322580645163,榮成
48.59999847412109,50.29999923706055,48.59999847412109,49.79999923706055,12920973.0,-0.015810262078756576,49.130000305175784,0.12542371157198984,48.66999969482421,0.19138756330184514,43.85313320159912,0.3405113645115083,41.381983216603594,0.02831185230114314,60.000000000000014,20070176.8,0.643789694966713,0.02321757857657225,2027.TW,2026-09-01,0.07749622756198149,0.07429420729794867,bull,0.16279069767441862,0.09953488372093024,2026-03-31,2026-05-15,31174326000.0,8517820000.0,5633209000.0,4716863000.0,1204326000.0,2914770000.0,1.17,89517343000.0,24455518000.0,159942793000.0,66551339000.0,93391454000.0,9252095000.0,11925609000.0,29968117000.0,,0.2553235063218923,4194918326.275959,135487275000.0,0.0309617144951506,0.0312102432841446,0.0182238283159154,0.7126063054977172,0.2732318896004359,0.1807002659816927,0.0934990543179666,0.1950875950100803,,,67.77515994414823,67.77515994414823,False,78.45159408034745,78.45159408034745,75.78248554629765,180.0,True,True,True,True,True,True,True,True,True,True,True,True,False,True,True,False,False,13,False,0.13560869204311654,0.20342224722278202,1.0,999494789.3276703,0.11906976744186047,1.0,3.0,,,,,,0.022919668946688922,-0.04911634674981694,0.30001671526849805,-1.175000960114224,0.6790322580645162,-1.175000960114224,0.6489338584712361,-180.0,0.7580645161290323,0.8306451612903226,0.717741935483871,0.752016129032258,0.771774193548387,大成鋼
21.950000762939453,22.0,21.850000381469727,21.899999618530277,317903.0,-0.017937203238352906,22.140000152587895,0.07090458687016721,21.637500095367432,0.07616703724840934,20.948643716176353,0.04285712469191805,20.697655232747397,0.018594797165988372,59.183625805658174,388389.45,0.8185160539247397,0.012131693680225375,2029.TW,2026-09-01,0.07749622756198149,0.07429420729794867,bull,0.28837209302325584,0.2372093023255814,2026-03-31,2026-05-15,3111785000.0,440347000.0,145201000.0,173680000.0,32998000.0,134373000.0,0.42,8418174000.0,1415146000.0,11631228000.0,1524045000.0,10107183000.0,2662689000.0,204353000.0,,,0.1899930907415937,117613813.23122984,10216082000.0,0.011512614447616,0.0132948023202904,0.011552778434057,0.1507883057029837,0.1415094551840824,0.0466616427548818,0.0431819679058803,-0.1807433477529307,,,30.0830240796116,30.0830240796116,False,69.4113855752462,69.4113855752462,59.57929520133755,679.0,True,False,True,True,True,True,True,True,False,True,True,True,True,True,False,False,False,12,False,0.045413722971444415,0.05809085001476677,1.0,8505728.806841183,0.6390697674418605,0.0,3.0,,,,,,0.03701015208918931,0.01159476926771347,0.15493319220705815,-1.3232730265396484,0.594758064516129,-1.3232730265396484,0.5379471994434881,-679.0,0.2661290322580645,0.1774193548387097,0.6048387096774194,0.3169354838709677,0.307258064516129,盛餘
24.450000762939453,25.450000762939453,23.399999618530277,23.899999618530277,3440883.0,0.006315773411801118,24.379999923706055,0.5174602932400176,21.632500076293944,0.49843259588298516,17.653333298365276,0.5031446661594003,16.692499979337057,0.11810311308057289,57.19696887596902,1559404.15,2.206537028902995,0.10481911634065733,2033.TW,2026-09-01,0.07749622756198149,0.07429420729794867,bull,0.013953488372093023,0.023255813953488372,2026-03-31,2026-05-15,175517000.0,27282000.0,8642000.0,9338000.0,1877000.0,,0.09,382129000.0,130958000.0,1213456000.0,149464000.0,1063992000.0,47710000.0,72000000.0,,,0.2010066395373741,6904900.621118012,1082498000.0,0.0063786728669411,,,0.140474740411582,0.1554379347869437,0.0492373958078134,,-0.0245478897818088,,,33.37842346640696,33.37842346640696,False,88.50933622390924,88.50933622390924,74.72660803453367,620.0,True,True,True,True,True,True,True,True,True,True,True,False,True,True,False,False,False,13,False,0.3538519448190247,0.4317807187728069,1.0,37269758.59013453,0.4558139534883721,0.0,3.0,,,,,,-0.023098525928052595,-0.08201856954533798,0.17289659635130114,-1.793799536734938,0.2572580645161291,-1.793799536734938,0.2979017336783921,-620.0,0.33064516129032256,0.8064516129032258,0.25806451612903225,0.319758064516129,0.4588709677419355,佳大
14010.0,14740.0,14005.0,14150.0,326140.0,-0.0059566041771830225,14285.8,0.4902580305423907,13049.188720703125,1.2896440129449838,9448.812906901041,3.217585692995529,6810.0731201171875,0.1356019084060728,71.32640183060059,535618.75,0.6089032544137037,0.0843585990560769,2059.TW,2026-09-01,0.07749622756198149,0.07429420729794867,bull,0.014883720930232559,0.004651162790697674,2026-03-31,2026-05-15,5449725000.0,4236615000.0,3654349000.0,4351760000.0,865950000.0,3485810000.0,36.58,34276607000.0,6265438000.0,39510069000.0,7981426000.0,31528643000.0,27231577000.0,,257007000.0,,0.1989884552456937,2927175737.561354,33244631000.0,0.088049578217949,0.1105601024439903,0.088225864652375,0.2531484149190943,0.7773997770529706,0.6705565877177289,0.6396304400680768,0.3782121233655666,,,100.0,100.0,True,81.46709255699867,81.46709255699867,86.100319417749,1.0,True,True,True,True,True,True,True,True,True,True,True,False,False,True,True,True,True,13,False,0.4975426161380967,1.0778044156677877,1.0,7579005312.5,0.030697674418604652,3.0,0.0,,,,,,-0.06696195397555789,-0.2150674076048584,0.1633194364823775,-1.9221089594310028,0.11532258064516128,-1.9221089594310028,0.11525427782364832,-1.0,1.0,0.9838709677419355,0.04838709677419355,0.857258064516129,0.8048387096774193,川湖
21.200000762939453,21.399999618530277,21.0,21.149999618530277,431689.0,0.021739074348078535,21.479999923706053,0.14016175139647769,20.307500076293945,0.11272189957728651,19.10544881820679,0.17437665169521543,18.610959657033284,0.041810950728133504,67.12328051286232,624551.7,0.6911981826324386,0.041487112597371256,2069.TW,2026-09-01,0.07749622756198149,0.07429420729794867,bull,0.13767441860465116,0.18511627906976744,2026-03-31,2026-05-15,2302863000.0,277674000.0,137979000.0,128564000.0,22373000.0,106191000.0,0.64,4252225000.0,3913450000.0,9681868000.0,5325210000.0,4356658000.0,267712000.0,2834868000.0,1356137000.0,,0.174022276842662,113967580.26352634,5768418000.0,0.019757163968271,0.0243744172712202,0.0109680280706161,1.2223153619127325,0.1205777330218949,0.0599162868134144,0.0461125998376803,-0.1384973197554728,,,30.045180578249248,30.045180578249248,False,72.89547483393908,72.89547483393908,62.182901270016615,681.0,True,False,True,True,True,True,True,True,True,True,True,True,False,True,False,False,False,12,False,0.10701401572807367,0.13642713800292738,1.0,13209268.216752434,0.5897674418604651,0.0,3.0,,,,,,0.06195535652383099,0.037868216375010776,0.2656730691828527,-1.1184945181181738,0.858467741935484,-1.1184945181181738,0.8215095609436874,-681.0,0.25806451612903225,0.29838709677419356,0.9274193548387096,0.3584677419354838,0.40403225806451615,運錩
28.350000381469727,29.450000762939453,28.200000762939453,28.799999237060547,7388115.0,0.024910990963986857,28.270000076293947,0.32110092866883333,27.260000038146973,0.37931036372719684,23.93824110031128,0.4406129851474503,21.836113611857098,0.07059401229835935,60.90224765991254,8757272.6,0.8436547927033812,0.056493000614766586,2103.TW,2026-09-01,0.07749622756198149,0.07429420729794867,bull,0.04186046511627907,0.04372093023255814,2026-03-31,2026-05-15,10330865000.0,1265731000.0,651038000.0,844918000.0,343164000.0,435719000.0,0.53,20606457000.0,11013075000.0,44846222000.0,22698723000.0,22147499000.0,6501177000.0,5243271000.0,6369581000.0,,0.4,390622800.0,33833147000.0,0.0115455650637524,0.0196735080561466,0.0097158462980449,1.0248887696078008,0.1225193630930227,0.0630187307645584,0.0421764295632553,-0.0044362000632366,,,30.459795491848286,30.459795491848286,False,87.25029913071994,87.25029913071994,73.05267322100202,673.0,True,True,True,True,True,True,True,True,True,True,True,True,True,True,False,False,False,14,False,0.20309587978400168,0.3189159824403016,1.0,252209444.1987312,0.23348837209302326,0.0,3.0,,,,,,0.029589061242344707,-0.020534292778971834,0.24901655073201595,-1.5680622701007827,0.6399193548387097,-1.5680622701007827,0.6078104527350016,-673.0,0.27419354838709675,0.75,0.6774193548387096,0.3346774193548387,0.4975806451612903,台橡
30.25,31.850000381469727,30.25,30.5,921268.0,0.014975067366539863,30.45,0.11111108022912641,29.752500152587892,0.04095565850464644,28.848333485921223,0.2701026381653404,27.778750880559286,0.028786306223548296,47.7987394223108,1230811.4,0.7485046043609931,0.025123933907352347,2108.TW,2026-09-01,0.07749622756198149,0.07429420729794867,bull,0.1888372093023256,0.32,2026-03-31,2026-05-15,2595684000.0,706987000.0,322249000.0,400150000.0,120689000.0,166573000.0,0.34,14271694000.0,1850566000.0,18859782000.0,2404041000.0,16455741000.0,9490424000.0,110000000.0,24000000.0,,0.3016093964763214,225055673.59490192,17009216000.0,0.0132313960616939,0.0101224855204028,0.0088321805628506,0.1460913246021555,0.272370211474124,0.1241480087714837,0.0641730657506846,0.1428634327678053,,,48.999527692236406,48.999527692236406,False,63.42854487987626,63.42854487987626,59.8212905829663,386.0,True,False,True,True,True,True,True,False,True,False,True,True,False,True,False,False,False,10,False,0.057253446369261995,0.09796153654069295,1.0,37539747.699999996,0.4530232558139535,1.0,3.0,,,,,,0.01545083841211971,-0.041587182654054054,0.20750794040837092,-1.7365598848734032,0.47258064516129034,-1.7365598848734032,0.43794151410470195,-386.0,0.5564516129032258,0.18548387096774194,0.4435483870967742,0.539516129032258,0.42258064516129035,南帝
23.899999618530277,24.0,23.799999237060547,23.950000762939453,61407.0,0.0,23.929999923706056,0.09610985559756191,23.312499904632567,0.18017927840315862,21.94405879974365,0.13078846227621654,20.924021832148235,0.024050074399164317,68.00005798348691,78108.7,0.7861736272655927,0.027345881433342267,2115.TW,2026-09-01,0.07749622756198149,0.07429420729794867,bull,0.2213953488372093,0.10697674418604651,2026-03-31,2026-05-15,795763000.0,146418000.0,55001000.0,50773000.0,23159000.0,28129000.0,0.27,2550411000.0,942761000.0,4966182000.0,1610225000.0,3355957000.0,883919000.0,179756000.0,658841000.0,,0.4,33000600.0,4023421000.0,0.0082021245104601,0.0083818118050976,0.0056641097728597,0.4798109749320388,0.1839969940798956,0.0691173125666812,0.0353484643040704,-0.0114512019538349,,,30.9467161073479,30.9467161073479,False,70.18470217913674,70.18470217913674,60.375205661189526,665.0,True,False,True,True,True,True,True,True,True,True,True,True,False,True,False,False,False,12,False,0.09141161995151204,0.14461746193277358,1.0,1870703.4245922088,0.8390697674418605,0.0,3.0,,,,,,0.05290124870416518,0.032739889218537745,0.24769769539404757,-1.227335848465676,0.8092741935483871,-1.227335848465676,0.7165219665830354,-665.0,0.2903225806451613,0.22580645161290322,0.8064516129032258,0.36774193548387096,0.37419354838709673,六暉-KY
2395.0,2440.0,2390.0,2440.0,18600292.0,0.016666666666666607,2418.0,0.051724137931034475,2397.0,0.06601724444679569,2387.047782389323,0.26520185365216986,2240.994443766276,0.012032932235592146,53.96825396825397,18354730.9,1.0133786270873633,0.017939090529828894,2330.TW,2026-09-01,0.07749622756198149,0.07429420729794867,bull,0.34418604651162793,0.25116279069767444,2026-03-31,2026-05-15,1134103440000.0,751295421000.0,658966142000.0,687799687000.0,114998383000.0,572479752000.0,22.08,4265512176000.0,1714253448000.0,8660949685000.0,2728560764000.0,5932388921000.0,3035637228000.0,,40991672000.0,860026070000.0,0.167197492487373,548788655423.5218,6946696237000.0,0.0789999500050863,0.096500711538565,0.0660989582922395,0.4599430010971123,0.6624575805889452,0.5810458894296273,0.5047861877572649,0.351323787607557,,,99.15374073493592,99.15374073493592,True,62.188710460705245,62.188710460705245,71.42996802926291,5.0,True,False,True,True,True,True,True,True,False,False,True,True,True,True,True,True,True,12,False,0.022183141033596865,0.08880234254363861,1.0,44785543396.0,0.0018604651162790699,3.0,0.0,,,,,,-0.017384423760488935,-0.14235098749719882,0.13060895792987892,-1.437964893275911,0.2657258064516129,-1.437964893275911,0.2475571334141664,-5.0,0.9838709677419355,0.7338709677419355,0.20161290322580644,0.8665322580645162,0.7524193548387097,台積電
33.70000076293945,34.79999923706055,33.29999923706055,34.099998474121094,2891335.0,0.046012272092305295,34.17999954223633,0.07570970515519626,32.18249979019165,0.042813384664147414,34.02999989191691,0.3294346581387977,33.8087498664856,0.05068560138928458,61.03285510528206,3667978.45,0.7882639005144645,0.05958203049577415,2340.TW,2026-09-01,0.07749622756198149,0.07429420729794867,bull,0.2753488372093023,0.31348837209302327,2026-03-31,2026-05-15,954029000.0,-37817000.0,-255186000.0,-223331000.0,14681000.0,-215090000.0,-0.49,5468504000.0,4374534000.0,14636848000.0,7853545000.0,6783303000.0,2380873000.0,1369339000.0,3251596000.0,,0.0,-255186000.0,10262314000.0,-0.0248663215723081,-0.0317087413019881,-0.0146951037545788,1.1577759389489162,-0.0396392562490238,-0.2674824350203191,-0.2254543624984146,-0.0130492849997362,,,12.85259993281939,12.85259993281939,False,63.8309891168409,63.8309891168409,51.08639182083552,993.0,True,False,True,True,True,False,True,True,False,False,True,True,False,True,False,False,False,9,False,0.002056966865310317,0.008614592636097651,1.0,125078059.54810905,0.3097674418604651,1.0,3.0,,,,,,-0.031028466256181938,-0.14768235366467997,0.16062237555214903,-1.981777178580269,0.15161290322580645,-1.981777178580269,0.17087606302137096,-993.0,0.056451612903225805,0.056451612903225805,0.08870967741935484,0.06129032258064516,0.06290322580645161,台亞
183.5,184.0,175.5,176.0,134852204.0,-0.016759776536312887,181.5,0.12101910828025475,177.275,0.1428571428571428,175.15,0.5519426839349684,144.38206183115642,0.06904869591436766,49.166666666666664,165747207.65,0.8136016643173898,-0.007192215484416953,2344.TW,2026-09-01,0.07749622756198149,0.07429420729794867,bull,0.1702325581395349,0.14651162790697675,2026-03-31,2026-05-15,38253064000.0,20415002000.0,12550494000.0,12688424000.0,2570746000.0,10114310000.0,2.25,110641935000.0,75046248000.0,229813688000.0,106920169000.0,122893519000.0,25520648000.0,5251103000.0,22148521000.0,4892959000.0,0.202605619106045,10007693393.043297,154767440000.0,0.0646627830313875,0.082301410866101,0.0440109120045103,0.870022844736019,0.5336827920503309,0.3280912085891995,0.2644052251605257,0.913359516665577,,,96.98400611250784,96.98400611250784,True,66.23023255813953,66.23023255813953,73.91867594673161,11.0,True,False,True,True,False,True,True,False,True,True,True,True,True,True,True,True,True,12,False,0.0048529831572936555,0.2189879945461528,1.0,29171508546.4,0.0037209302325581397,2.0,0.0,,,,,,-0.047704769394878555,-0.1431266999237489,0.16160207881566585,-1.1533112508094543,0.27983870967741936,-1.1533112508094543,0.22382665282657296,-11.0,0.967741935483871,0.7661290322580645,0.14516129032258066,0.8443548387096774,0.742741935483871,華邦電
65.0,66.5,64.69999694824219,65.9000015258789,24277685.0,0.08925622356824636,64.08000030517579,0.17678574153355187,61.83000011444092,0.2011996915245815,57.69375807444255,0.2453614219676481,55.922743511199954,0.03811282865748922,62.83187035695453,17241181.3,1.4081219017167923,0.06582567368437386,2354.TW,2026-09-01,0.07749622756198149,0.07429420729794867,bull,0.0986046511627907,0.09488372093023256,2026-03-31,2026-05-15,25274831000.0,1224398000.0,373042000.0,939869000.0,285306000.0,663384000.0,0.47,119608118000.0,42954189000.0,150753789000.0,44332160000.0,106421629000.0,18348663000.0,13096824000.0,,,0.3035593258209388,259801621.9771053,107799600000.0,0.0024100425416894,0.0062335448746043,0.0044004466116602,0.4165709585219749,0.0484433704027536,0.0147594260867659,0.0262468223823138,-0.1575198993297046,,,17.738249987351253,17.738249987351253,False,86.52084458880431,86.52084458880431,69.32519593844104,896.0,True,True,True,True,True,True,True,True,True,True,True,True,True,True,False,False,False,14,False,0.14223797730159649,0.17841145459325958,1.0,1136193873.9779549,0.11348837209302326,1.0,3.0,,,,,,-0.03195913946545394,-0.08205814700779664,0.17332978222718579,-1.8480030530649456,0.23629032258064517,-1.8480030530649456,0.23207025211786791,-896.0,0.14516129032258066,0.6612903225806451,0.1532258064516129,0.1463709677419355,0.3016129032258064,鴻準
1000.0,1025.0,987.0,1010.0,5643359.0,0.09189189189189184,982.6,0.25310173697270466,914.15,0.27306647505348725,787.2306660970052,0.8398425378420511,693.5849970499675,0.05786032517502748,71.5846994535519,3940955.25,1.4319774374499685,0.1048515013947382,2357.TW,2026-09-01,0.07749622756198149,0.07429420729794867,bull,0.0641860465116279,0.06697674418604652,2026-03-31,2026-05-15,208369726000.0,30970538000.0,11895859000.0,13859608000.0,2702804000.0,9797017000.0,13.19,485857648000.0,327627459000.0,671441698000.0,354711686000.0,316730012000.0,57955263000.0,41417377000.0,275376000.0,,0.1950130191272365,9576011621.29809,343814239000.0,0.0278522833991703,0.0309317608967223,0.0145910166574134,1.1199181402487366,0.1486326185407567,0.0570901504184921,0.0470174683629425,0.4108280576281871,,,51.58078089609261,51.58078089609261,False,83.73743709497792,83.73743709497792,75.6982730452566,344.0,True,True,True,True,True,True,True,True,True,True,True,True,True,True,False,False,False,14,False,0.28297847568293855,0.45620220203124906,1.0,3980364802.5,0.05023255813953489,3.0,3.0,,,,,,0.06649119402750173,-0.011849571813687754,0.3215739320994559,-0.9192259977317311,0.8588709677419355,-0.9192259977317311,0.8447300365287947,-344.0,0.5967741935483871,0.8225806451612904,0.9596774193548387,0.6512096774193549,0.7370967741935484,華碩
5525.0,5735.0,5490.0,5640.0,1696743.0,0.01264579875502303,5591.64091796875,0.09727626459143979,5654.813647460937,0.1823899371069182,5300.521215820312,1.3020408163265307,4657.34394124349,0.043149676623428106,48.408257165951625,1993752.35,0.8510299686919491,-0.002619652633042757,2383.TW,2026-09-01,0.07749622756198149,0.07429420729794867,bull,0.21767441860465117,0.10511627906976745,2026-03-31,2026-05-15,33067261000.0,9729153000.0,7128470000.0,7194158000.0,1855381000.0,5339793000.0,14.9,90741002000.0,68350963000.0,130976723000.0,83055788000.0,47920935000.0,22134504000.0,12291308000.0,10978888000.0,0.0,0.2579010636130038,5290030005.06661,62625760000.0,0.0844705118958494,0.1114292323386428,0.0407690227522336,1.733183795349569,0.2942231290338803,0.2155748551414645,0.1614827729457241,0.5252381635035763,,,86.0587773245522,86.0587773245522,True,65.84186046511627,65.84186046511627,70.89608967997525,55.0,True,False,True,True,False,True,True,False,True,True,True,True,True,True,True,True,False,11,False,0.06404630230824382,0.210990657154289,1.0,11244763254.0,0.01953488372093023,3.0,2.0,,,,,,0.036822152290313014,-0.055844713120634534,0.3277481169274867,0.554783715104972,0.7709677419354839,0.554783715104972,0.7927678940569579,-55.0,0.8870967741935484,0.7096774193548387,0.8951612903225806,0.8883064516129032,0.835483870967742,台光電
45.79999923706055,47.95000076293945,45.20000076293945,45.900001525878906,5261473.0,0.017738427468392715,45.44000091552734,0.31707327218287595,41.714999961853025,0.1709183834831396,38.53581670125325,0.24559032364990263,37.84832499821981,0.07450577720911884,66.39785359726932,6141546.15,0.8567016955494179,0.10032366218034094,2392.TW,2026-09-01,0.07749622756198149,0.07429420729794867,bull,0.04279069767441861,0.11255813953488372,2026-03-31,2026-05-15,20284345000.0,3918165000.0,2024943000.0,2036754000.0,252111000.0,-210762000.0,-0.46,65961303000.0,65464823000.0,123191294000.0,95674753000.0,27516541000.0,21416412000.0,16445470000.0,26655579000.0,0.0,0.1237807805950055,1774293974.7996078,57726471000.0,0.0307362280088039,-0.0076594656283287,-0.0017108514177958,3.476990549066469,0.1931620173094078,0.0998278721841893,-0.0103903774068129,-0.0513983335778374,,,22.851074819845003,22.851074819845003,False,83.26501565501341,83.26501565501341,68.1615304462213,810.0,True,True,True,True,True,True,True,True,True,True,True,True,True,True,False,False,False,14,False,0.19109974706689314,0.212735346360448,1.0,281896977.6562557,0.22697674418604652,1.0,3.0,,,,,,0.0537785536244655,0.014388738439372625,0.30034392619949984,-0.06399729165885581,0.8979838709677419,-0.06399729165885581,0.8658122133845263,-810.0,0.18548387096774194,0.5887096774193549,0.967741935483871,0.3028225806451613,0.4629032258064516,正崴
689.0,715.0,679.0,711.0,4697259.0,0.06119402985074629,684.0,0.234375,670.05,0.5095541401273886,568.6361302693684,1.054913294797688,485.0055651346842,0.0475259907762057,56.21890547263682,4060293.9,1.1568765994993613,0.061114842175957085,2395.TW,2026-09-01,0.07749622756198149,0.07429420729794867,bull,0.06883720930232558,0.022325581395348838,2026-03-31,2026-05-15,20385264000.0,7979823000.0,3728486000.0,4068287000.0,750007000.0,3334165000.0,3.85,49300373000.0,29811036000.0,83769137000.0,34044129000.0,49725008000.0,10001958000.0,,43915000.0,,0.184354496130681,3041122842.1397014,53958101000.0,0.0563608204473263,0.0670520756879516,0.0398018305954375,0.6846480346468723,0.3914505595806853,0.182901040673302,0.1635576071028562,0.1748587968840969,,,87.43653384699755,87.43653384699755,False,83.46462544391186,83.46462544391186,84.45760254468328,49.0,True,True,True,True,True,True,True,True,True,True,True,True,True,True,True,False,False,14,False,0.2503602253750432,0.4659625602492994,1.0,2886868962.9,0.0586046511627907,3.0,2.0,,,,,,-0.011140139613031433,-0.11994648823312896,0.3199815888309875,-1.008344578758589,0.5427419354838711,-1.008344578758589,0.48919851436504214,-49.0,0.9112903225806451,0.9516129032258065,0.5241935483870968,0.8532258064516128,0.8459677419354839,研華
551.0,551.0,516.0,518.0,82079502.0,0.015686274509803866,531.8,0.18807339449541294,504.775,0.5257731958762886,445.38914845784507,1.0393700787401574,355.1570742289225,0.08425518204274507,57.66738660907128,89987081.95,0.9121253875706989,0.026199791986528664,2408.TW,2026-09-01,0.07749622756198149,0.07429420729794867,bull,0.09209302325581395,0.020465116279069766,2026-03-31,2026-05-15,49086932000.0,33325482000.0,30111283000.0,31718134000.0,5659880000.0,26059487000.0,8.41,141606845000.0,25207062000.0,240968098000.0,47930660000.0,193037438000.0,86281008000.0,0.0,13800000000.0,3996400000.0,0.1784430319892084,24738134364.394894,215761036000.0,0.1146552446308929,0.1349970620724877,0.1081449669740099,0.2482972240856201,0.6789074126694249,0.6134276837672398,0.5308844113541258,5.829068133568171,,,100.0,100.0,True,80.20599362652766,80.20599362652766,85.15449521989575,2.0,True,True,True,True,True,True,True,True,True,True,True,True,True,True,True,True,True,15,True,0.1630278864978394,0.45850959360622023,1.0,46613308450.1,0.0009302325581395349,3.0,0.0,,,,,,-0.08617522451610916,-0.18834169884093008,0.2135244701647181,-1.4683889058619786,0.28588709677419355,-1.4683889058619786,0.23603767596873543,-2.0,0.9919354838709677,0.9758064516129032,0.1774193548387097,0.869758064516129,0.8241935483870968,南亞科
65.5999984741211,68.0,65.5999984741211,66.69999694824219,4315449.0,0.04874211554238461,66.31999969482422,0.1305084228515625,65.35499954223633,0.043785617646342256,65.22075958251953,0.22897331515423214,66.24404160181682,0.04643342921566253,47.76119006417422,5814245.45,0.7422199556435994,0.020579870177133808,2436.TW,2026-09-01,0.07749622756198149,0.07429420729794867,bull,0.15348837209302327,0.30883720930232555,2026-03-31,2026-05-15,1047731000.0,351386000.0,143273000.0,175219000.0,37758000.0,137922000.0,0.7,4987637000.0,1886160000.0,6389164000.0,2035867000.0,4353297000.0,1412266000.0,0.0,,,0.2154903292451161,112399054.05806448,4503004000.0,0.0249609047778026,0.0316821939784949,0.0215868617553094,0.4676609475530844,0.3353780693708595,0.1367459777366518,0.1316387507862228,0.3174001825721551,,,71.40875700399049,71.40875700399049,False,64.38940778607898,64.38940778607898,66.14424509055685,157.0,True,False,True,True,True,True,True,False,True,False,True,True,False,True,True,False,False,10,False,0.022680468231147666,0.0068829638923006975,1.0,387810153.771331,0.1925581395348837,1.0,3.0,,,,,,-0.0001458687742418339,-0.06448250705819153,0.18841573018991778,-1.3935379462203832,0.43588709677419357,-1.3935379462203832,0.5251152311591575,-157.0,0.782258064516129,0.4838709677419355,0.5725806451612904,0.7508064516129033,0.6508064516129032,偉詮電
66.80000305175781,67.0,66.19999694824219,66.69999694824219,54599.0,0.0,67.01999969482422,0.04381839366982354,66.34999961853028,0.04639167607431505,65.08761876424154,0.07814858160445248,63.79173549016317,0.011201704640341065,56.75676232973033,90976.3,0.6001453125704167,0.005275016303303293,2459.TW,2026-09-01,0.07749622756198149,0.07429420729794867,bull,0.38046511627906976,0.29767441860465116,2026-03-31,2026-05-15,1246416000.0,380276000.0,186277000.0,194518000.0,45242000.0,148975000.0,1.41,6078446000.0,3159848000.0,9214633000.0,3255851000.0,5958782000.0,822536000.0,1819298000.0,61941000.0,,0.2325851592140573,142951734.29708305,6054785000.0,0.0236097126978221,0.0250009146164434,0.0161672201160914,0.546395387513757,0.3050955700183566,0.1494501033362858,0.1195226954724586,0.0636655026574228,,,58.06746252476306,58.06746252476306,False,61.869062215931706,61.869062215931706,60.91866229313955,283.0,True,False,True,True,True,True,True,True,False,False,True,True,False,True,False,False,False,10,False,0.024772425456843994,0.0455899410124605,1.0,6068118.932362366,0.6855813953488372,1.0,3.0,,,,,,0.05830983966415527,0.03828352945128759,0.23258883342715592,-1.2560202187286198,0.7975806451612903,-1.2560202187286198,0.76115637691885,-283.0,0.6370967741935484,0.25,0.8709677419354839,0.6721774193548387,0.567741935483871,敦吉
94.0999984741211,97.5999984741211,93.4000015258789,95.8000030517578,2628003.0,0.0715883827365067,94.76000061035157,0.2282051673302281,91.14000015258789,0.20654913363614513,82.3116668701172,0.7418182373046873,76.38750022252401,0.062175866600145464,50.32538298409675,4791810.75,0.5484363087586462,0.05113016119561187,2465.TW,2026-09-01,0.07749622756198149,0.07429420729794867,bull,0.07069767441860465,0.09116279069767441,2026-03-31,2026-05-15,1569188000.0,167121000.0,92107000.0,130068000.0,22277000.0,107791000.0,1.15,1574817000.0,638916000.0,1902288000.0,697716000.0,1204572000.0,319532000.0,112731000.0,0.0,,0.1712719500568933,76331654.49610972,1263372000.0,0.0604189854580517,0.0894848958800304,0.0566638700344006,0.5792231597613094,0.1065015791606869,0.0586972370423429,0.0686922153368493,0.9128577645528606,,,73.28778007996519,73.28778007996519,True,74.860846766301,74.860846766301,74.46758009471705,133.0,True,False,True,True,True,True,True,True,True,True,True,True,False,True,True,True,False,12,False,0.1638690685601638,0.2541319296047564,1.0,459055484.47344583,0.1786046511627907,1.0,3.0,,,,,,-0.038952502318806835,-0.1747756048441869,0.18970345739407396,-2.085966944595165,0.17016129032258062,-2.085966944595165,0.1271414513367845,-133.0,0.8145161290322581,0.782258064516129,0.06451612903225806,0.7020161290322581,0.6548387096774194,麗臺
126.0,130.0,125.5,127.5,2316707.0,0.05809128630705396,126.1,0.0969070854912093,122.09699783325195,0.0805084745762712,122.93186314900716,0.5997491202264351,115.06426499684652,0.030827727763250014,55.04167306937382,1883148.7,1.2302305176431367,0.04425172004742439,2476.TW,2026-09-01,0.07749622756198149,0.07429420729794867,bull,0.22046511627906976,0.23162790697674418,2026-03-31,2026-05-15,2167648000.0,648571000.0,386545000.0,381039000.0,105379000.0,249094000.0,1.14,8508714000.0,2022591000.0,12826616000.0,2840613000.0,9986003000.0,3388343000.0,0.0,,0.0,0.2765569928537499,279643277.1973472,10804025000.0,0.0258832497330714,0.0249443145570855,0.0194200871063731,0.2844594579032271,0.2992049447142709,0.1783246172810345,0.1149144141484226,0.3165738497392238,,,72.21370863120339,72.21370863120339,False,61.58121656526949,61.58121656526949,64.23933958175297,147.0,True,False,True,True,True,False,True,True,True,True,True,True,True,True,True,False,False,12,False,0.03715990902582966,0.10807643018876711,1.0,240101459.25,0.23534883720930233,2.0,3.0,,,,,,-0.004346178393958193,-0.07936261707708764,0.2308988564673651,-1.6550643760780075,0.4237903225806452,-1.6550643760780075,0.4162803638048815,-147.0,0.8064516129032258,0.3951612903225806,0.3951612903225806,0.7447580645161289,0.6008064516129032,鉅祥
151.0,160.5,149.5,157.0,36349080.0,0.14598540145985406,151.8,0.20769230769230762,141.35,0.05723905723905731,156.63333333333333,0.741588125824794,134.83294982910155,0.06118618618618624,63.04347826086957,26261096.15,1.384141765917871,0.11071807569862058,2481.TW,2026-09-01,0.07749622756198149,0.07429420729794867,bull,0.08093023255813954,0.27162790697674416,2026-03-31,2026-05-15,3421155000.0,1119956000.0,222307000.0,401292000.0,91991000.0,287830000.0,0.75,16640056000.0,9238488000.0,30592464000.0,14747647000.0,15844817000.0,2062678000.0,3840875000.0,4482923000.0,455744000.0,0.2292370642823679,171345995.9505796,21353976000.0,0.0080240792604889,0.0181655616470673,0.0094085262305121,0.930755274737474,0.3273619581690978,0.064980101749263,0.0841324055764792,0.1137638172403219,,,42.02257957760406,42.02257957760406,False,75.93855163873832,75.93855163873832,67.45955862345475,479.0,True,True,True,True,True,False,True,True,True,False,False,True,True,True,False,False,False,11,False,0.0023409236007660983,0.16440380633216733,1.0,4122992095.5499997,0.045581395348837206,2.0,3.0,,,,,,-0.04691718572653339,-0.12196683581650695,0.2135317837027163,-1.8328233001485446,0.26411290322580644,-1.8328233001485446,0.35166520408138896,-479.0,0.4838709677419355,0.5483870967741935,0.31451612903225806,0.4584677419354839,0.4693548387096774,強茂
74.19999694824219,79.19999694824219,74.19999694824219,76.69999694824219,11559974.0,-0.032786960951548094,76.0199981689453,0.09728176357543772,73.82648391723633,0.386980072448897,74.00049457550048,1.7739601448977935,56.6939972559611,0.048724020421148574,54.63148322571031,17819797.6,0.6487152244647267,0.03892252317240552,2484.TW,2026-09-01,0.07749622756198149,0.07429420729794867,bull,0.21674418604651163,0.04279069767441861,2026-03-31,2026-05-15,558493000.0,124006000.0,38190000.0,65062000.0,13230000.0,51853000.0,0.33,2364630000.0,488834000.0,4989053000.0,883613000.0,4105440000.0,608103000.0,70000000.0,152941000.0,,0.2033445021671636,30424273.46223602,4500219000.0,0.0067606206414034,0.0126303148992556,0.0103933552119009,0.2152297926653416,0.2220368026098805,0.0683804452338704,0.0928444940223064,-0.0665818752496527,,,33.91916811523335,33.91916811523335,False,63.595320825233884,63.595320825233884,56.17628264773374,613.0,True,False,True,True,True,False,True,True,True,True,True,True,False,True,False,False,False,11,False,0.036479517984673526,0.3528768592900291,1.0,1366778421.5382936,0.09953488372093024,1.0,3.0,,,,,,-0.07744740214819841,-0.20833182602433614,0.15298632011462032,-1.8703033981532526,0.10846774193548386,-1.8703033981532526,0.13330392413055348,-613.0,0.3467741935483871,0.13709677419354838,0.08064516129032258,0.30685483870967745,0.2306451612903226,希華
266.0,276.0,266.0,276.0,4921007.0,0.06976744186046502,264.3,0.248868778280543,243.0,0.09523809523809534,239.48333333333332,0.9680326306361355,228.84074681599935,0.07772480319325871,76.74418604651163,8587270.45,0.5730583459147953,0.1358024691358024,2486.TW,2026-09-01,0.07749622756198149,0.07429420729794867,bull,0.06511627906976744,0.20930232558139536,2026-03-31,2026-05-15,1620292000.0,341104000.0,113327000.0,85987000.0,24265000.0,66488000.0,0.29,6103859000.0,3197127000.0,14266046000.0,8757332000.0,5508714000.0,1340863000.0,1569756000.0,4248791000.0,584851000.0,0.2821938199960459,81346820.9613081,11068919000.0,0.0073491206287902,0.0120696046300461,0.0046605765886357,1.5897234817418366,0.2105200790968541,0.0699423313822446,0.0410345789524357,0.1990998011481162,,,33.6179116706075,33.6179116706075,False,77.81395348837209,77.81395348837209,66.76494303393095,617.0,True,True,True,True,True,True,True,False,True,True,True,True,False,True,False,False,False,12,False,0.1524810355626698,0.20607891662720057,1.0,2370086644.2,0.06604651162790698,2.0,3.0,,,,,,-0.06345333969338779,-0.16286579919109312,0.1783126208501676,-1.7878826057188937,0.19193548387096773,-1.7878826057188937,0.12791851184942743,-617.0,0.3387096774193548,0.5161290322580645,0.07258064516129033,0.29879032258064514,0.3387096774193548,一詮
35.79999923706055,36.150001525878906,35.5,36.09999847412109,1431550.0,0.019773924239253393,35.85999984741211,0.11035903931876101,35.29993839263916,0.1478536597258584,34.85918064117432,0.10229002974415535,32.96000698407491,0.020405283745895033,56.488534947269784,1547225.85,0.92523660976838,0.022664631098867627,2520.TW,2026-09-01,0.07749622756198149,0.07429420729794867,bull,0.19069767441860466,0.13674418604651162,2026-03-31,2026-05-15,4862541000.0,1141758000.0,658447000.0,599530000.0,162065000.0,308665000.0,0.52,53619294000.0,30715620000.0,65803063000.0,37306228000.0,28496835000.0,17736193000.0,16539209000.0,220000000.0,3700000000.0,0.2703200840658515,480455551.60709226,35087443000.0,0.0136930910470475,0.0108315537497409,0.0046907390921908,1.3091358391203796,0.2348068633251627,0.1354121230031787,0.063478127999332,0.0287244960456058,,,37.26396887406752,37.26396887406752,False,72.73644542704004,72.73644542704004,63.86832628879691,570.0,True,False,True,True,True,True,True,True,True,True,True,True,True,True,False,False,False,13,False,0.03559515198361152,0.09526671191433023,1.0,55854850.82412071,0.4027906976744186,1.0,3.0,,,,,,0.04233303269959322,0.011477548776659224,0.22241955356784007,-1.4225007550044253,0.7185483870967742,-1.4225007550044253,0.6630603507219792,-570.0,0.3790322580645161,0.3629032258064516,0.7338709677419355,0.432258064516129,0.44516129032258067,冠德
11.5,11.850000381469728,11.449999809265137,11.699999809265137,1175674.0,0.026315807085399046,11.589999771118164,0.07339451548005971,11.302499866485594,0.16417906340453747,11.166666666666666,0.13043472251579802,10.65975000858307,0.013677122405514419,65.8536403821766,1032521.9,1.1386431609828325,0.035169205704502327,2537.TW,2026-09-01,0.07749622756198149,0.07429420729794867,bull,0.28186046511627905,0.12465116279069767,2026-03-31,2026-05-15,1212617000.0,259289000.0,167409000.0,150138000.0,30818000.0,,0.4,17831477000.0,12815624000.0,18460150000.0,13906467000.0,4553683000.0,679610000.0,8130480000.0,,1090843000.0,0.205264490002531,133045876.99316628,5644526000.0,0.0235707793698117,,,3.053894397128654,0.2138259648347334,0.1380559566623262,,2.980962167272918,,,51.40705905064119,51.40705905064119,False,72.12110003566899,72.12110003566899,66.94258978941204,351.0,True,False,True,True,True,True,True,True,False,True,True,True,True,True,False,False,False,12,False,0.04776117694911686,0.09758669760965066,1.0,12080506.033062076,0.5962790697674418,0.0,3.0,,,,,,0.14075469243948352,0.10932728126422911,0.3714782966321947,0.5380351755094779,0.9963709677419355,0.5380351755094779,0.9845641519559927,-351.0,0.5887096774193549,0.5241935483870968,1.0,0.6504032258064516,0.6516129032258065,聯上發
46.54999923706055,48.0,46.54999923706055,47.900001525878906,8075223.0,0.00842108475534542,47.460000610351564,0.08493770940872802,46.58249988555908,0.14319808547725676,44.75166651407877,0.294594635834565,41.81875003178914,0.019366491285755245,67.61365089534854,7959368.45,1.0145557465680584,0.02828318882749059,2542.TW,2026-09-01,0.07749622756198149,0.07429420729794867,bull,0.24558139534883722,0.14418604651162792,2026-03-31,2026-05-15,16191907000.0,4874634000.0,3912933000.0,3918335000.0,698387000.0,2421313000.0,1.15,244126134000.0,168451704000.0,269504119000.0,203260373000.0,66243746000.0,18030010000.0,104829064000.0,11468836000.0,23019028000.0,0.1782356536641201,3215508829.0010934,101052415000.0,0.0318202076516537,0.0365515712230404,0.0089843265067128,3.068370756086167,0.3010537301134449,0.2416597995529495,0.1495384700517363,13.610654325020349,,,58.947380152838136,58.947380152838136,False,69.15763627227051,69.15763627227051,66.60507224241242,278.0,True,False,True,True,True,True,True,True,True,True,True,True,True,True,False,False,False,13,False,0.07035123509444441,0.14541925546476175,1.0,381253760.90003246,0.19441860465116279,1.0,3.0,,,,,,0.08905539792189576,0.10935556203656639,0.22782544515374709,-0.4929783384763544,0.8697580645161291,-0.4929783384763544,0.8141217734676693,-278.0,0.6451612903225806,0.5080645161290323,0.9193548387096774,0.6862903225806452,0.6588709677419354,興富發
105.0,105.5,103.0,104.0,349108.0,-0.032558139534883734,106.2,0.23284564521978535,102.1795425415039,0.17249158487215732,95.94909744262695,0.2322274658740533,90.28204879760742,0.05535253948654772,55.67010572808322,406593.15,0.8586175148302424,0.017816261584422843,2546.TW,2026-09-01,0.07749622756198149,0.07429420729794867,bull,0.06976744186046512,0.11069767441860465,2026-03-31,2026-05-15,4271987000.0,331333000.0,227648000.0,236497000.0,50162000.0,186338000.0,1.43,15279304000.0,9683343000.0,16184746000.0,9989889000.0,6194857000.0,7854449000.0,0.0,,,0.2121041704545935,179362909.8043527,6501403000.0,0.0275883389791945,0.0300794675325031,0.0115131865523252,1.6126101054471476,0.0775594588653944,0.0532885516739634,0.0436185784273219,0.0858039345262302,,,37.32527210445105,37.32527210445105,False,75.70211860251531,75.70211860251531,66.10790697799925,569.0,True,True,True,True,True,True,True,True,True,True,True,True,True,True,False,False,False,14,False,0.08390805929349265,0.15194550173695354,1.0,42285687.6,0.4390697674418605,2.0,3.0,,,,,,0.07251952835301105,0.0063988750595667925,0.3506652589190791,-0.4202735939655927,0.9193548387096774,-0.4202735939655927,0.8965150806409028,-569.0,0.3870967741935484,0.46774193548387094,0.9758064516129032,0.4754032258064516,0.5290322580645161,根基
231.5,239.0,231.0,238.0,12581587.0,-0.03252032520325199,233.3,0.15533980582524265,228.4,0.14562957900949902,207.73293685913086,0.22200490821155516,200.7527894337972,0.033133551962003925,67.66917293233084,17238219.55,0.7298658056597266,0.042031523642731994,2603.TW,2026-09-01,0.07749622756198149,0.07429420729794867,bull,0.12093023255813953,0.1413953488372093,2026-03-31,2026-05-15,86511471000.0,13386693000.0,8948352000.0,10639378000.0,1948722000.0,8303529000.0,3.84,244500947000.0,151671937000.0,935103407000.0,330097608000.0,605005799000.0,183466379000.0,21757000.0,72484631000.0,,0.1831612712698054,7309360471.910295,783431470000.0,0.0093299296132567,0.0137247097692695,0.0088797976115169,0.5456106512460056,0.1547389362966675,0.1034354392147603,0.0959818265025224,-0.2133215452088127,,,31.8537233857576,31.8537233857576,False,73.92964412551898,73.92964412551898,63.41066394057864,651.0,True,False,True,True,True,True,True,True,True,True,True,True,False,True,False,False,False,12,False,0.1457018015462519,0.18553769873511983,1.0,4102696252.9,0.046511627906976744,2.0,3.0,,,,,,0.04190157437067437,-0.010295591472217832,0.22298596673378407,-1.637429683414362,0.6407258064516129,-1.637429683414362,0.6745227128974757,-651.0,0.29838709677419356,0.3387096774193548,0.75,0.36612903225806454,0.40080645161290324,長榮
74.5,75.0,72.80000305175781,75.0,5923397.0,-0.038461538461538436,73.91999969482421,0.182965271213537,69.91500053405761,0.147520144112393,64.9715970357259,0.2684095771735824,62.776318581899005,0.04374113453771112,62.49999686291359,10000281.1,0.5923230497990701,0.07273116537366464,2606.TW,2026-09-01,0.07749622756198149,0.07429420729794867,bull,0.09581395348837209,0.1386046511627907,2026-03-31,2026-05-15,3891765000.0,1243986000.0,987897000.0,987799000.0,68000.0,987731000.0,1.17,29154469000.0,15158773000.0,89632874000.0,49048791000.0,40584083000.0,18437340000.0,5972000000.0,33795287000.0,,6.883991581283237e-05,987828993.2536882,74474101000.0,0.0132640606598754,0.0243378912860985,0.0110197403689186,1.2085721143434485,0.3196457134487822,0.2538429221702749,0.2538002680017935,0.1329549990000165,,,55.37983321173965,55.37983321173965,False,83.05473238306936,83.05473238306936,76.13600759023694,303.0,True,True,True,True,True,True,True,True,True,True,True,True,False,True,False,False,False,13,False,0.15435056889181564,0.19471803530743492,1.0,750021082.5,0.13488372093023257,1.0,3.0,,,,,,0.017863020136497796,-0.03481401892578996,0.20908782114578997,-1.6103598516201383,0.5225806451612903,-1.6103598516201383,0.46775454699170105,-303.0,0.6209677419354839,0.8467741935483871,0.5,0.6028225806451613,0.664516129032258,裕民
52.70000076293945,53.70000076293945,52.29999923706055,53.59999847412109,544729.0,0.028790787791386885,52.54000015258789,0.14163999154672835,50.582500267028806,0.16768546453725763,48.00922285715738,0.02621175273841847,47.4620937983195,0.02731657129613709,71.23285738472819,632053.4,0.8618401546451613,0.05965498326817942,2607.TW,2026-09-01,0.07749622756198149,0.07429420729794867,bull,0.13488372093023257,0.11813953488372093,2026-03-31,2026-05-15,3991930000.0,868803000.0,467559000.0,709936000.0,149297000.0,553268000.0,1.04,14530568000.0,4295956000.0,44350782000.0,12631508000.0,31719274000.0,4170571000.0,346407000.0,4274711000.0,,0.2102964210858443,369233015.6535237,40054826000.0,0.0092181904785586,0.0174426438637908,0.012474819496982,0.3982281561677609,0.2176398383739193,0.1171260518095257,0.1385966186781832,-0.1369527758740344,,,38.62339041274056,38.62339041274056,False,72.97124860568161,72.97124860568161,64.38428405744635,546.0,True,False,True,True,True,True,True,True,True,True,True,True,True,True,False,False,False,13,False,0.11645211657764243,0.12932224823210214,1.0,33878061.27556305,0.4697674418604651,1.0,3.0,,,,,,0.03514366901241003,0.013226088123431562,0.17506123052303596,-1.6615245080835874,0.5762096774193548,-1.6615245080835874,0.420612579657785,-546.0,0.4112903225806452,0.4032258064516129,0.4032258064516129,0.41008064516129034,0.407258064516129,榮運
59.400001525878906,60.5,57.5,57.59999847412109,49671813.0,-0.09433962490488745,57.75999984741211,0.12941173478668788,56.04499988555908,0.11411987667533996,52.44241498311361,-0.05418724087150495,52.273290697733565,0.03327802584914548,60.72726707773837,83240462.05,0.5967267813838378,0.02774553647492617,2609.TW,2026-09-01,0.07749622756198149,0.07429420729794867,bull,0.1572093023255814,0.1813953488372093,2026-03-31,2026-05-15,38660500000.0,2823780000.0,748244000.0,1901061000.0,403937000.0,1435563000.0,0.41,211388001000.0,47890391000.0,460181224000.0,130409310000.0,329771914000.0,136009607000.0,1836000000.0,0.0,1398091000.0,0.2124797678769908,589257288.564649,412290833000.0,0.0014292272381536,0.0043531997088144,0.0031195601322491,0.3954530524391473,0.0730404417945965,0.019354224596164,0.0371325513120627,-0.1505117671934875,,,16.553971895296993,16.553971895296993,False,77.75792866858882,77.75792866858882,62.45693947526586,923.0,True,True,True,True,True,True,True,True,True,True,True,True,False,True,False,False,False,13,False,0.09834755879698176,0.10190113737412898,1.0,4794650487.065134,0.04,1.0,3.0,,,,,,-0.04998429230256003,-0.12443186966058667,0.12898577626552418,-2.14264172769725,0.11129032258064515,-2.14264172769725,0.12663048999397092,-923.0,0.12096774193548387,0.3064516129032258,0.056451612903225805,0.11129032258064517,0.16370967741935483,陽明
60.0,62.20000076293945,59.29999923706055,60.900001525878906,741226.0,-0.045454510123208114,61.02000045776367,0.14473685437056383,57.78000011444092,0.11131391192963758,54.74166692097982,0.03623660921007743,54.598297055562334,0.04305443151564265,66.12022678068237,1451810.3,0.5105529282992413,0.05399794747764641,2612.TW,2026-09-01,0.07749622756198149,0.07429420729794867,bull,0.13116279069767442,0.18790697674418605,2026-03-31,2026-05-15,1239781000.0,413974000.0,286693000.0,251153000.0,6735000.0,245435000.0,1.24,3774080000.0,3383047000.0,26827564000.0,13202888000.0,13624676000.0,3013054000.0,905000000.0,5029390000.0,4000000000.0,0.0268163231177807,279004947.8763941,23444517000.0,0.0119006481505417,0.018014006351417,0.0091486129713454,0.9690423464014852,0.3339089726330699,0.2312448730864564,0.1979664150362039,0.0092344987980661,,,50.30355978018509,50.30355978018509,False,75.17812994951079,75.17812994951079,68.95948740717937,361.0,True,True,True,True,True,True,True,True,True,True,True,True,False,True,False,False,False,13,False,0.1124981198286985,0.11541943265929344,1.0,88415249.48528671,0.3488372093023256,1.0,3.0,,,,,,0.0412547637675406,-0.005178607180558169,0.19324050004249987,-1.4400986654521286,0.6415322580645162,-1.4400986654521286,0.5882697773572423,-361.0,0.5806451612903226,0.6370967741935484,0.6451612903225806,0.5903225806451613,0.6104838709677419,中航
30.899999618530277,31.350000381469727,30.799999237060547,31.200000762939453,1237826.0,-0.02040815104380478,30.950000381469728,0.09859159091615766,30.14500007629395,0.07032594069421583,29.560125064849853,-0.04878044241882984,29.78089580535889,0.021691240698414865,66.92309272360743,1927610.25,0.6421557469929411,0.03499753471472555,2617.TW,2026-09-01,0.07749622756198149,0.07429420729794867,bull,0.21488372093023256,0.2474418604651163,2026-03-31,2026-05-15,1083585000.0,454984000.0,420156000.0,372514000.0,74470000.0,298044000.0,0.71,3272834000.0,1957091000.0,26562212000.0,8269177000.0,18293035000.0,921024000.0,1017237000.0,5281631000.0,,0.1999119496180009,336161794.8962992,24605121000.0,0.013662269529026,0.0162927584187096,0.0112206016577233,0.452039642410349,0.4198876876294891,0.3877462312601226,0.2750536413848475,0.0574449605745959,,,59.57860740402141,59.57860740402141,False,68.70268894935066,68.70268894935066,66.42166856301834,271.0,True,False,True,True,True,True,True,True,True,False,True,True,False,True,False,False,False,11,False,0.05547593910688797,0.04765152018446672,1.0,60141441.27064991,0.3925581395348837,1.0,3.0,,,,,,0.01064583699579842,-0.024965380161260448,0.13284663736156466,-2.1606330930120503,0.3262096774193548,-2.1606330930120503,0.34922755169255065,-271.0,0.6532258064516129,0.49193548387096775,0.3064516129032258,0.6012096774193548,0.535483870967742,台航
93.3000030517578,98.1999969482422,92.0999984741211,95.5999984741211,4923780.0,0.0010471044410584884,93.5199981689453,0.13945168933797136,90.87499923706055,0.27290446402476887,82.90999997456869,0.45872995269496664,76.19410902659098,0.03643931701795849,59.54773421420229,7487898.8,0.6575649767061489,0.05199448997776268,2637.TW,2026-09-01,0.07749622756198149,0.07429420729794867,bull,0.13953488372093023,0.06790697674418604,2026-03-31,2026-05-15,4338022000.0,1244039000.0,1197473000.0,1201283000.0,6082000.0,1195201000.0,1.6,8930959000.0,8128467000.0,84286573000.0,33874386000.0,50412187000.0,5975075000.0,2132536000.0,18694305000.0,992902000.0,0.0050629202277897,1191410289.726068,76158106000.0,0.0156439065032167,0.0237085726909645,0.0141802063775923,0.6719483524886551,0.2867756318432686,0.276041246448266,0.2755175054437253,0.2360516073148353,,,62.80204855376821,62.80204855376821,False,81.83552458369466,81.83552458369466,77.07715557621304,238.0,True,True,True,True,True,True,True,True,True,True,True,True,False,True,True,False,False,13,False,0.15305751421354308,0.2546901551241665,1.0,715843113.8543731,0.1413953488372093,1.0,3.0,,,,,,0.013824135038332774,-0.05953589094077963,0.22216331129830547,-1.6825657541712384,0.4818548387096774,-1.6825657541712384,0.42746134736813335,-238.0,0.6854838709677419,0.8629032258064516,0.41935483870967744,0.6455645161290322,0.6854838709677419,慧洋-KY
37.95000076293945,38.75,37.84999847412109,37.84999847412109,222871.0,0.0,37.96999969482422,0.11651907877428247,36.21249980926514,0.0572625497415753,35.61727714538574,0.09869369044656962,35.18572181065877,0.02338561439653498,77.68592383724294,131084.55,1.7002079955265514,0.04521915563633594,2739.TW,2026-09-01,0.07749622756198149,0.07429420729794867,bull,0.17767441860465116,0.27069767441860465,2026-03-31,2026-05-15,1423271000.0,578036000.0,170254000.0,150826000.0,31760000.0,119066000.0,1.3,1661188000.0,2505476000.0,11529842000.0,10032415000.0,1497427000.0,761384000.0,,,,0.210573773752536,134402972.72353572,9024366000.0,0.0148933423936413,0.079513725877789,0.0103267677041888,6.699769003764457,0.4061320718260963,0.1196216321417354,0.0836565910497719,0.0170115129792549,,,49.01608685942811,49.01608685942811,False,70.83552192170208,70.83552192170208,65.3806631561336,385.0,True,False,True,True,True,True,True,False,True,False,True,True,True,True,False,False,False,11,False,0.0626864686938764,0.07572039243075102,1.0,4961550.017480849,0.7153488372093023,1.0,3.0,,,,,,0.07396050340962894,0.035123975343302416,0.2141583665856782,-0.3576066351985066,0.8346774193548387,-0.3576066351985066,0.7444631250664162,-385.0,0.5645161290322581,0.4435483870967742,0.8387096774193549,0.6056451612903226,0.5830645161290323,寒舍
39.04999923706055,39.150001525878906,38.650001525878906,38.650001525878906,398947.0,0.029294335850017728,38.92000045776367,0.1502977166992241,35.857500076293945,0.22932803933901758,34.3745169321696,0.3152810824132768,32.08499636650085,0.03949848370068433,77.24553223488302,738058.95,0.5405354138717511,0.07787775064193991,2816.TW,2026-09-01,0.07749622756198149,0.07429420729794867,bull,0.12558139534883722,0.08465116279069768,2026-03-31,2026-05-15,,,460640000.0,461658000.0,63688000.0,,,,,25125030000.0,16643189000.0,8481841000.0,3180641000.0,,,,0.1379549363381551,397092438.1251922,25125030000.0,0.0158046552830063,,,1.962214217408697,,,,,,,38.97407433693017,38.97407433693017,False,75.60609162326244,75.60609162326244,66.44808730167938,536.0,True,True,True,True,True,True,True,False,True,True,True,True,False,True,False,False,False,12,False,0.12437948152539913,0.20461293136477998,1.0,28525979.54368858,0.4948837209302326,1.0,3.0,,,,,,0.05498925512922745,-0.010976060876533177,0.22223681308509605,-1.5757848553939193,0.672983870967742,-1.5757848553939193,0.6001609271673323,-536.0,0.4274193548387097,0.5,0.6693548387096774,0.4637096774193548,0.4975806451612903,旺旺保
45.0,46.0,44.400001525878906,45.84999847412109,2896013.0,0.04799996512276761,45.76999969482422,0.32132557538990425,40.79249992370605,0.37091759063551866,37.753583653767905,0.6776633510186811,33.94143381118774,0.07483037915045325,72.70470294307125,4210038.2,0.687882832037011,0.12398108867742952,2851.TW,2026-09-01,0.07749622756198149,0.07429420729794867,bull,0.04093023255813953,0.045581395348837206,2026-03-31,2026-05-15,,,2142185000.0,2164691000.0,325242000.0,,,,,59204658000.0,35668047000.0,23536611000.0,16387176000.0,,,,0.1502486960032633,1820324497.152249,59204658000.0,0.0307463054199595,,,1.5154283256837613,,,,,,,65.92494981784269,65.92494981784269,False,82.63255813953488,82.63255813953488,78.45565605911183,201.0,True,True,True,True,True,True,True,False,True,True,True,True,False,True,True,False,False,12,False,0.21445420637691281,0.3508562640334909,1.0,193030245.04599148,0.2651162790697674,1.0,3.0,,,,,,0.016862772642396533,-0.04185017426472796,0.21772686063808236,-1.586603031454406,0.5258064516129032,-1.586603031454406,0.4560623686657091,-201.0,0.7338709677419355,0.8709677419354839,0.47580645161290325,0.6951612903225807,0.7233870967741935,中再保
143.5,145.0,141.5,145.0,19333091.0,0.02473498233215543,142.6,0.12840466926070038,132.8,0.2924152113986682,128.1827054341634,0.6807193542225272,109.50535717010499,0.030256012412723084,73.07692307692307,19474567.05,0.992735342991874,0.09186746987951788,2881.TW,2026-09-01,0.07749622756198149,0.07429420729794867,bull,0.15813953488372093,0.06046511627906977,2026-03-31,2026-05-15,66193246000.0,,,38624861000.0,5062760000.0,33551455000.0,,,,13120104726000.0,12085399702000.0,1034705024000.0,358727505000.0,,,,0.131075164257549,,13120104726000.0,,0.0324261062058977,0.0025572551211051,11.68004351160858,,,0.5068712750542556,-0.3925800152621125,,,12.264204123597382,12.264204123597382,False,76.39980853647145,76.39980853647145,60.365907433252936,1004.0,True,True,True,True,True,True,True,False,True,True,True,True,True,True,False,False,False,13,False,0.13119784380330635,0.3241361313013924,1.0,2823812222.25,0.061395348837209304,2.0,3.0,,,,,,0.0054543182211715955,-0.17465497011059442,0.28590871416972813,-0.9551456255395844,0.5395161290322581,-0.9551456255395844,0.4479858046525715,-1004.0,0.03225806451612903,0.21774193548387097,0.46774193548387094,0.09758064516129032,0.175,富邦金
109.0,112.5,108.5,111.0,24135094.0,0.07766990291262132,106.4,0.11895164732630459,101.31999969482422,0.21015039676552205,99.75293045043945,0.6011737912281292,87.1615219116211,0.020907858288337022,71.98444434548986,20239209.65,1.192491921244563,0.0955388899953804,2882.TW,2026-09-01,0.07749622756198149,0.07429420729794867,bull,0.173953488372093,0.08837209302325581,2026-03-31,2026-05-15,72538053000.0,,,38391738000.0,6735806000.0,31593811000.0,,,,14450034484000.0,13633007653000.0,817026831000.0,293505959000.0,,,,0.1754493636104726,,14450034484000.0,,0.0386692453677815,0.0021864176888285,16.686119887046893,,,0.4355480977687669,-0.3173702053156907,,,13.906153918122188,13.906153918122188,False,77.1377665332422,77.1377665332422,61.329863379462196,981.0,True,True,True,True,True,True,True,True,True,True,True,True,True,True,False,False,False,14,False,0.11274926459577506,0.2734977265834153,1.0,2246552271.1499996,0.06976744186046512,2.0,3.0,,,,,,-0.003453370715886674,-0.14054919535136104,0.28151839842240306,-1.107499646876794,0.5100806451612904,-1.107499646876794,0.5238796506785404,-981.0,0.06451612903225806,0.2661290322580645,0.5645161290322581,0.13951612903225807,0.225,國泰金
33.900001525878906,35.099998474121094,33.900001525878906,34.95000076293945,55615572.0,0.10252365683850662,33.19000015258789,0.14402624012314913,31.642500019073488,0.35214569100027715,30.09663019180298,0.7950321602484458,25.429309940338136,0.02602140266579422,74.83445214345696,43899490.55,1.2668842235573508,0.10452716257793382,2883.TW,2026-09-01,0.07749622756198149,0.07429420729794867,bull,0.13209302325581396,0.04930232558139535,2026-03-31,2026-05-15,23565513000.0,,,13099615000.0,1407592000.0,11689699000.0,,,,4235032868000.0,3864021319000.0,371011549000.0,75116245000.0,,,,0.1074529289601259,,4235032868000.0,,0.0315076418281523,0.0027602380818169,10.414827596108069,,,0.4960511150340754,-0.1317078255463794,,,12.146336472811727,12.146336472811727,False,80.73928324059644,80.73928324059644,63.59104654865026,1009.0,True,True,True,True,True,True,True,False,True,True,False,True,True,True,False,False,False,12,False,0.16125960083259816,0.37439831615323493,1.0,1534287228.2151532,0.09023255813953489,1.0,3.0,,,,,,-0.07754928887227355,-0.1899703439948585,0.23412397745744165,-1.2618274483007645,0.3387096774193548,-1.2618274483007645,0.36785601748030594,-1009.0,0.024193548387096774,0.3467741935483871,0.3387096774193548,0.07137096774193548,0.18387096774193548,凱基金
38.900001525878906,40.29999923706055,38.84999847412109,40.29999923706055,86163269.0,0.08479132117901345,38.22999954223633,0.13361463015302033,36.74250049591065,0.45225222475893867,34.50370200475057,0.6550307435612492,29.418517653147383,0.025968583842142078,72.90639783129714,57580856.3,1.4963874199974343,0.09682244521016847,2887.TW,2026-09-01,0.07749622756198149,0.07429420729794867,bull,0.14976744186046512,0.03255813953488372,2026-03-31,2026-05-15,47867456000.0,,,25588754000.0,4532177000.0,21040510000.0,,,,9064708955000.0,8465511408000.0,599197547000.0,97795796000.0,,,,0.1771159705548773,,9064708955000.0,,0.035114479532407,0.0023211456765409,14.12808088147931,,,0.439557723727787,0.933005034802805,,,37.907562917661295,37.907562917661295,False,81.8981221899733,81.8981221899733,70.9004823718953,560.0,True,True,True,True,True,True,True,False,True,True,True,True,True,True,False,False,False,13,False,0.16799058928551847,0.3698854480775986,1.0,2320508464.959293,0.06697674418604652,1.0,3.0,,,,,,-0.12076482770733418,-0.2501850446208478,0.12562065708689496,-2.0229241008278906,0.0375,-2.0229241008278906,0.03444751239829865,-560.0,0.4032258064516129,0.717741935483871,0.016129032258064516,0.34516129032258064,0.42016129032258065,台新新光金
40.79999923706055,42.0,40.75,41.5,24901346.0,0.055979664265866313,40.17999954223633,0.047979838360867166,39.609999656677246,0.3009404544285075,38.88191547393799,0.30708661417322825,35.1217911084493,0.004055772654057446,64.6017991887177,22672946.85,1.09828449582415,0.04771523250958043,2890.TW,2026-09-01,0.07749622756198149,0.07429420729794867,bull,0.3627906976744186,0.05767441860465116,2026-03-31,2026-05-15,26199317000.0,,,13172491000.0,2157069000.0,10973530000.0,,,,3820349236000.0,3552231164000.0,268118072000.0,41779009000.0,,,,0.163755587306911,,3820349236000.0,,0.0409279759403909,0.0028723892299148,13.24875692825361,,,0.4188479417230609,0.4040584778805451,,,40.18365017296791,40.18365017296791,False,73.46772634707555,73.46772634707555,65.14670730354865,506.0,True,False,True,True,True,True,True,True,False,True,True,True,True,True,False,False,False,12,False,0.06733424766114937,0.18160260881502377,1.0,940927294.2750001,0.12279069767441861,1.0,3.0,,,,,,-0.10726714923200774,-0.22054534952552282,0.13023360852643598,-1.9300859256229712,0.06048387096774194,-1.9300859256229712,0.05758625640591077,-506.0,0.46774193548387094,0.41935483870967744,0.024193548387096774,0.40120967741935476,0.364516129032258,永豐金
17.350000381469727,17.5,17.25,17.399999618530273,999957.0,0.014577259799462672,17.279827499389647,0.0642201353249241,16.94664011001587,0.2517985680614052,15.933046706517537,0.10828024394381863,14.998606673876445,0.008477461543250155,62.63026843367596,1420666.2,0.7038648487589837,0.02675217657135809,2905.TW,2026-09-01,0.07749622756198149,0.07429420729794867,bull,0.3041860465116279,0.07441860465116279,2026-03-31,2026-05-15,29552820000.0,,,,-68929000.0,32878000.0,0.03,133124099000.0,1468399841000.0,1617410517000.0,62246052000.0,86764624000.0,72610211000.0,2757000000.0,7269508000.0,,,,149010676000.0,,0.0003789332389661,2.032755423217024e-05,0.717412801788895,,,0.0011125165043471,-0.4161502905041906,,,21.27042291580655,21.27042291580655,False,74.4318921652342,74.4318921652342,61.14152485287728,838.0,True,False,True,True,True,True,True,True,False,True,True,True,False,True,False,False,False,11,False,0.09206983065032182,0.16010773512958454,1.0,24719591.33805885,0.5106976744186047,0.0,3.0,,,,,,0.01233036457338607,-0.020640656918405585,0.15584020875281154,-1.6912511985557188,0.42701612903225805,-1.6912511985557188,0.41265354955677536,-838.0,0.1774193548387097,0.25806451612903225,0.3790322580645161,0.20766129032258066,0.24193548387096775,三商
13.850000381469728,13.899999618530272,13.75,13.899999618530272,117794.0,-0.02112677427918852,14.000000190734863,0.08171200045835714,13.644999933242797,0.09448817537695464,13.501400629679361,0.07335905971098566,13.113616959253948,0.018663684197058897,63.33333757189123,194681.05,0.605061458215887,0.01868814118981632,2906.TW,2026-09-01,0.07749622756198149,0.07429420729794867,bull,0.2576744186046512,0.21209302325581394,2026-03-31,2026-05-15,2284987000.0,678347000.0,87656000.0,107952000.0,33901000.0,14332000.0,0.07,5399113000.0,4299259000.0,13106768000.0,6450412000.0,6656356000.0,988485000.0,2269710000.0,1295253000.0,,0.3140377204683563,60128709.57462576,8807509000.0,0.0068269824730949,0.0021531300309057,0.0010934808642374,0.9690605490451532,0.2968712732282503,0.0383617062153964,0.0062722457501946,-0.0082534614755276,,,26.85861461958869,26.85861461958869,False,70.93218965751511,70.93218965751511,59.913795898033506,738.0,True,False,True,True,True,True,True,True,True,True,True,True,False,True,False,False,False,12,False,0.029522788026502544,0.05996687730926853,1.0,2706066.5207350724,0.7981395348837209,0.0,3.0,,,,,,0.053985123455653,0.022527469324873588,0.24152405801191598,-1.189285060216777,0.8064516129032258,-1.189285060216777,0.7479984197006841,-738.0,0.20967741935483872,0.1935483870967742,0.8629032258064516,0.3076612903225806,0.33548387096774196,高林
55.900001525878906,56.79999923706055,55.79999923706055,56.70000076293945,2421817.0,-0.03898303791628044,57.57999954223633,0.094594625444959,57.124999618530275,0.18495303178755074,53.219444274902344,0.09671179741227753,49.55222222010295,0.025951865885218764,57.2368442516907,4052977.35,0.5975402255825585,-0.00743980496155594,2915.TW,2026-09-01,0.07749622756198149,0.07429420729794867,bull,0.22604651162790698,0.10325581395348837,2026-03-31,2026-05-15,418613000.0,187104000.0,-8207000.0,2736586000.0,18591000.0,2708283000.0,2.59,4840429000.0,1001903000.0,130249863000.0,12898049000.0,117351814000.0,3969846000.0,450000000.0,9445000000.0,,0.0067935010995452,-8151245.736476032,129247960000.0,-6.306672644176382e-05,0.0230783224194557,0.0207929815634431,0.1099092426470714,0.4469617522628298,-0.019605220095888,,-0.3549697834454577,,,42.46996725529738,42.46996725529738,False,71.45592513753746,71.45592513753746,64.20943566697744,472.0,True,False,True,True,False,True,True,True,True,True,True,True,False,True,False,False,False,11,False,0.06540009080249831,0.14424738634500045,1.0,229803818.83717632,0.2427906976744186,1.0,3.0,,,,,,0.06728014906732795,0.007965358627557713,0.21195272927002246,-1.5183358700973866,0.7108870967741935,-1.5183358700973866,0.7283655381667199,-472.0,0.5080645161290323,0.3870967741935484,0.8145161290322581,0.5540322580645161,0.5330645161290323,潤泰全
117.0,119.0,117.0,118.5,2094642.0,0.0304347826086957,116.7,0.03947368421052633,116.275,0.13397129186602874,110.5033332824707,-0.051572501399098636,107.7240421295166,0.01042798175103196,61.76470588235294,3209500.85,0.6526379327801082,0.019135669748441053,3005.TW,2026-09-01,0.07749622756198149,0.07429420729794867,bull,0.4037209302325581,0.1572093023255814,2026-03-31,2026-05-15,9308269000.0,2890739000.0,1257624000.0,1391228000.0,215931000.0,1087413000.0,1.74,34157049000.0,19619666000.0,51413542000.0,24716257000.0,26697285000.0,14015961000.0,1317501000.0,1977017000.0,,0.1552089233396682,1062429532.993873,31793876000.0,0.0334161689815319,0.0407312204218518,0.0211503226134468,0.9257966493596632,0.3105560228222884,0.1351082569702272,0.1168222577151562,-0.0255358141879895,,,60.64311592085046,60.64311592085046,False,69.70310547797276,69.70310547797276,67.43810808869218,256.0,True,False,False,True,True,True,True,True,False,True,True,True,False,True,True,False,False,10,False,0.07236584164468662,0.10003298852755127,1.0,380325850.725,0.19534883720930232,2.0,3.0,,,,,,0.025010271152291656,-0.01874882641342169,0.2585599662374698,-0.9960681688082799,0.7137096774193549,-0.9960681688082799,0.6830711408079375,-256.0,0.6693548387096774,0.5403225806451613,0.7661290322580645,0.6838709677419353,0.6499999999999999,神基
298.5,299.0,276.0,278.5,18404507.0,0.031481481481481444,277.6,0.2804597701149425,266.75,0.3517569130268696,232.64155044555665,0.7543177247569353,212.6911989847819,0.09357384441939115,51.73745173745174,13000392.3,1.41568858656673,0.04404873477038418,3006.TW,2026-09-01,0.07749622756198149,0.07429420729794867,bull,0.053953488372093024,0.05023255813953489,2026-03-31,2026-05-15,7266900000.0,3453448000.0,2254754000.0,2352467000.0,288641000.0,2063883000.0,7.22,17585827000.0,5859607000.0,20073767000.0,7169155000.0,12904612000.0,7031281000.0,1000000000.0,693679000.0,0.0,0.1226971515434647,1978102106.7687664,14214160000.0,0.1391641930841334,0.1599337508171497,0.1028149325435529,0.5555498297817866,0.4752298779396992,0.3102772846743453,0.2840114766957024,1.503294079957009,,,98.64788449850906,98.64788449850906,True,79.26038084760361,79.26038084760361,84.10725676032997,7.0,True,True,True,True,True,True,True,True,True,True,True,True,True,True,True,True,True,15,True,0.19712063243481204,0.3094100805737934,1.0,3620609255.55,0.05116279069767442,2.0,0.0,,,,,,0.010853594652067944,-0.10222067151749387,0.27338713859157,-1.1768584973283711,0.567741935483871,-1.1768584973283711,0.49198652355747907,-7.0,0.9758064516129032,0.9435483870967742,0.532258064516129,0.9092741935483871,0.8774193548387097,晶豪科
143.5,152.0,142.5,143.5,8474346.0,0.07894736842105265,139.8,0.09541984732824438,136.625,0.04106593173880757,140.1264325459798,0.11570846607786511,137.02942530314127,0.02436738519212746,61.53846153846153,3237357.3,2.6176739898311503,0.0503202195791399,3019.TW,2026-09-01,0.07749622756198149,0.07429420729794867,bull,0.22325581395348837,0.31906976744186044,2026-03-31,2026-05-15,6209310000.0,1073987000.0,482047000.0,415276000.0,60805000.0,294216000.0,1.05,23147848000.0,10340672000.0,27404424000.0,10678584000.0,16725840000.0,12314492000.0,,,,0.1464206937073175,411465343.8604687,17063752000.0,0.0241134156110841,0.0175905066651361,0.0107360767735895,0.6384482931798942,0.1729639847261612,0.0776329415023569,0.0473830425602844,0.1479124805263014,,,45.766678101894,45.766678101894,False,63.92064242865324,63.92064242865324,59.382151346963425,419.0,True,False,True,True,True,False,True,True,True,False,True,True,True,True,False,False,False,11,False,0.024075168351361587,0.04722033010460569,1.0,464560772.54999995,0.17767441860465116,2.0,3.0,,,,,,-0.024631949841351555,-0.10699808531778786,0.1745118238447686,-1.7802309162961238,0.24919354838709679,-1.7802309162961238,0.23774518597256683,-419.0,0.5403225806451613,0.1693548387096774,0.18548387096774194,0.48709677419354835,0.35806451612903223,亞光
14.949999809265137,15.149999618530272,14.75,14.850000381469728,2244074.0,0.024137957342739824,14.739999961853027,0.1975807127669773,13.769999980926514,0.16929138618065842,12.958549531300863,0.42788470443889604,12.913191413879394,0.048543685583661796,77.77780917449873,1426084.15,1.5735915724187806,0.07843140174576435,3024.TW,2026-09-01,0.07749622756198149,0.07429420729794867,bull,0.08465116279069768,0.11534883720930232,2026-03-31,2026-05-15,257621000.0,66335000.0,3797000.0,8577000.0,2582000.0,5995000.0,0.02,2489569000.0,1763960000.0,4904392000.0,1870820000.0,3033572000.0,719789000.0,360000000.0,0.0,,0.3010376588550775,2653960.0093272706,3140432000.0,0.0008450939263538,0.0019762181349247,0.00122237374174,0.6167053229657974,0.2574906548767375,0.0147387053074089,0.0232706184666622,-0.5896336791534654,,,20.275012830277888,20.275012830277888,False,80.89262410168338,80.89262410168338,65.738221283832,856.0,True,True,True,True,True,True,True,False,True,True,True,True,True,True,False,False,False,13,False,0.14596161750974845,0.14998685495427622,1.0,21177350.171507932,0.5293023255813953,0.0,3.0,,,,,,0.05104097721125523,0.011050144925062615,0.28107774448023604,-1.4505876035515664,0.7915322580645161,-1.4505876035515664,0.8248406038181143,-856.0,0.16129032258064516,0.4596774193548387,0.9354838709677419,0.27741935483870966,0.4056451612903226,憶聲
113.5,114.0,111.5,112.5,654123.0,0.018099547511312153,111.8,0.05633802816901401,110.375,0.08695652173913038,105.1683334350586,0.026086946840212066,102.50202337900798,0.017609365645370703,59.09090909090909,1135639.1,0.5759954901165343,0.01925254813137034,3029.TW,2026-09-01,0.07749622756198149,0.07429420729794867,bull,0.32744186046511625,0.22232558139534883,2026-03-31,2026-05-15,6876938000.0,811379000.0,385472000.0,424218000.0,78018000.0,295873000.0,1.77,12286821000.0,7803745000.0,15126326000.0,8760650000.0,6365676000.0,2911146000.0,3716000.0,,,0.1839101593991768,314579783.0360805,7322581000.0,0.0429602326059732,0.0464794312497211,0.0195601364138258,1.3762324692617092,0.1179855045952137,0.0560528537555522,0.0430239446683974,0.0168646985516829,,,48.26050505492552,48.26050505492552,False,69.1017715408982,69.1017715408982,63.89145491940503,394.0,True,False,True,True,True,True,True,True,False,True,True,True,False,True,False,False,False,11,False,0.06971363266366404,0.0975393098731705,1.0,127759398.75000001,0.30790697674418605,2.0,3.0,,,,,,0.030659137557759546,-0.010198307698457823,0.24557002176608247,-0.4784385559877142,0.7338709677419356,-0.4784385559877142,0.6575212921944219,-394.0,0.5483870967741935,0.3709677419354839,0.7258064516129032,0.575,0.5306451612903226,零壹
539.0,554.0,539.0,552.0,4306189.0,-0.00540540540540535,548.4,0.05343511450381677,537.4,0.16701902748414366,515.5089487711589,0.4208494208494209,473.45030771891277,0.017417644831503088,55.8139534883721,3761923.5,1.144677450245865,0.02716784518049864,3034.TW,2026-09-01,0.07749622756198149,0.07429420729794867,bull,0.33767441860465114,0.11906976744186047,2026-03-31,2026-05-15,23145303000.0,9039901000.0,4027546000.0,4389348000.0,622236000.0,3767112000.0,6.19,79261926000.0,21790635000.0,103666583000.0,31738768000.0,71927815000.0,48919537000.0,,,,0.1417604619182621,3456599218.642951,81875948000.0,0.0422175169030464,0.0523735080788982,0.036338730292673,0.4412586146263444,0.390571728527382,0.1740113750077067,0.1627592432036858,-0.1465659805926223,,,75.54535048945058,75.54535048945058,False,69.60038187109558,69.60038187109558,71.08662402568433,116.0,True,False,True,True,True,True,True,True,False,True,True,True,True,True,True,False,False,12,False,0.07078645543559703,0.16590905317928772,1.0,2076581772.0,0.07255813953488371,3.0,3.0,,,,,,0.07840445406878253,-0.0066506405667270336,0.32451554206459593,0.2941284676849101,0.9209677419354838,0.2941284676849101,0.9143382334438377,-116.0,0.8387096774193549,0.7258064516129032,0.9919354838709677,0.8616935483870968,0.8354838709677419,聯詠
921.0,994.0,911.0,971.0,94097747.0,-0.11324200913242011,1084.0,0.05086580086580095,1055.55,0.06586169045005486,951.762392171224,1.0836909871244633,849.9103627522786,0.07320420924203141,47.35883424408014,23211983.25,4.053843481900668,-0.08010042158116615,3037.TW,2026-09-01,0.07749622756198149,0.07429420729794867,bull,0.3516279069767442,0.25209302325581395,2026-03-31,2026-05-15,37446455000.0,6726042000.0,2756634000.0,6298845000.0,918107000.0,5042976000.0,3.28,114144042000.0,86190209000.0,266881071000.0,149928398000.0,116952673000.0,60179250000.0,14320916000.0,18542136000.0,5803563000.0,0.1457579921398288,2354832563.095615,180690862000.0,0.0130323832485541,0.0431198011181839,0.018895967335203,1.2819578565767369,0.1796175899694644,0.073615352908573,0.1346716531644984,0.2445010776505265,,,50.25113103325184,50.25113103325184,False,58.14883720930233,58.14883720930233,56.17441066528971,362.0,True,False,True,True,False,True,True,False,False,False,True,True,False,True,False,False,False,8,False,0.02021261607625613,0.14247342138010266,1.0,22538835735.75,0.0065116279069767444,3.0,3.0,,,,,,-0.051227985595287996,-0.12755628304454636,0.19111335210478675,-0.6951027513838458,0.35443548387096774,-0.6951027513838458,0.2668709025723558,-362.0,0.5725806451612904,0.12903225806451613,0.24193548387096775,0.5229838709677419,0.37338709677419357,欣興
496.5,506.0,494.5,503.0,2433851.0,0.08639308855291583,490.3,0.28316326530612246,463.125,0.05230125523012563,459.4882019042969,0.406993006993007,447.50660095214846,0.07360185453491741,56.809338521400775,4092820.75,0.5946634726184868,0.08609986504723355,3044.TW,2026-09-01,0.07749622756198149,0.07429420729794867,bull,0.053023255813953486,0.2846511627906977,2026-03-31,2026-05-15,20964231000.0,5558653000.0,3845829000.0,4106800000.0,1160501000.0,2946230000.0,5.61,70597125000.0,38074338000.0,103583725000.0,45274053000.0,58309672000.0,21846246000.0,4498565000.0,1000000000.0,,0.2825803545339437,2759073277.703078,65509387000.0,0.042117220203924,0.050527295025772,0.0284429817522009,0.7764415653032657,0.2651493870679063,0.1834471772420366,0.1405360396954221,0.2239921180540351,,,79.90151858407886,79.90151858407886,False,78.81172147797317,78.81172147797317,79.0841707544996,86.0,True,True,True,True,True,True,True,True,True,False,True,True,False,True,True,False,False,12,False,0.09469622487666363,0.12400576646194628,1.0,2058688837.25,0.07534883720930233,3.0,2.0,,,,,,0.015278549067790618,-0.06141770836351487,0.2822531648405005,-0.800135768088065,0.6483870967741936,-0.800135768088065,0.6781207476302873,-86.0,0.8548387096774194,0.8951612903225806,0.7580645161290323,0.8403225806451613,0.8475806451612904,健鼎
119.0,132.5,119.0,129.5,5167989.0,0.1212121212121211,125.8,0.26960784313725483,115.75,0.42307692307692313,121.79484672546387,1.1583333333333332,101.72909002304077,0.06770593268996399,60.68376068376069,2059003.75,2.5099463757654643,0.1187904967602591,3055.TW,2026-09-01,0.07749622756198149,0.07429420729794867,bull,0.0586046511627907,0.035348837209302326,2026-03-31,2026-05-15,84070000.0,26798000.0,-54195000.0,-15984000.0,508000.0,-17388000.0,-0.15,1123572000.0,157618000.0,1932560000.0,284996000.0,1647564000.0,837950000.0,0.0,5887000.0,,0.0,-54195000.0,1774942000.0,-0.0305333920770368,-0.0105537630101167,-0.0089973920602723,0.1729802302065352,0.3187581777090519,-0.6446413702866659,-0.2068276436303081,0.2642485488285362,,,36.22349624220495,36.22349624220495,False,81.90597058019497,81.90597058019497,70.48535199569747,588.0,True,True,True,True,True,False,True,True,True,True,False,True,True,True,False,False,False,12,False,0.06326337674946303,0.2729888763447048,1.0,266640985.625,0.2297674418604651,2.0,3.0,,,,,,-0.10479230272999134,-0.19571883151066347,0.11623311156298886,-1.8919463806882728,0.06774193548387097,-1.8919463806882728,0.0790661507014329,-588.0,0.3709677419354839,0.7016129032258065,0.04032258064516129,0.32137096774193546,0.40403225806451615,蔚華科
40.59999847412109,41.79999923706055,40.59999847412109,41.20000076293945,6058560.0,0.07431557763272334,39.75,0.163841779295419,37.53999977111816,0.4034198207446338,37.4648094813029,0.7684884237580252,32.58750263849894,0.04292262509990787,69.23077424680902,2472839.35,2.450041892126959,0.09749603127694084,3094.TW,2026-09-01,0.07749622756198149,0.07429420729794867,bull,0.10976744186046512,0.03906976744186046,2026-03-31,2026-05-15,47206000.0,35395000.0,2347000.0,7478000.0,1717000.0,5761000.0,0.07,792305000.0,52199000.0,1133462000.0,121752000.0,1011710000.0,710423000.0,,,,0.229606846750468,1808112.730676652,1081263000.0,0.0016722228825703,0.005694319518439,0.0050826582629148,0.1203427859762184,0.7497987543956277,0.0497182561538787,0.1220395712409439,-0.0850131803380369,,,35.49964257677029,35.49964257677029,False,79.70959711254126,79.70959711254126,68.65710847859852,595.0,True,True,True,True,True,True,True,True,True,True,True,True,True,True,False,False,False,14,False,0.09969865944468848,0.2642883752087737,1.0,101880983.1066267,0.3293023255813953,1.0,3.0,,,,,,-0.006139079032135956,-0.09923624588788231,0.2097916999751728,-1.7542587540159669,0.34153225806451615,-1.7542587540159669,0.37240404519579096,-595.0,0.3548387096774194,0.6048387096774194,0.3467741935483871,0.3536290322580645,0.4282258064516129,聯傑
838.0,900.0,835.0,874.0,36267807.0,0.04670658682634721,877.4,0.1395045632333769,852.5,0.2542925635274176,775.5807088216146,2.0137563144307657,627.9001413981119,0.07118175535590875,51.793721973094165,18451999.05,1.9655218332563267,0.02521994134897354,3189.TW,2026-09-01,0.07749622756198149,0.07429420729794867,bull,0.1386046511627907,0.07255813953488371,2026-03-31,2026-05-15,11104965000.0,2349499000.0,890638000.0,964461000.0,88658000.0,549232000.0,1.17,33407134000.0,17816161000.0,83654067000.0,32183791000.0,51470276000.0,11635037000.0,1278540000.0,7562530000.0,,0.0919249197220001,808766173.3486372,65837906000.0,0.0122842025587605,0.0106708578753298,0.0065655146210643,0.6252888754666869,0.2115719410191747,0.0802017836166075,0.0494582378242524,0.2883172632505095,,,45.18411999125517,45.18411999125517,False,73.08355347868927,73.08355347868927,66.10869510683074,429.0,True,False,True,True,True,True,True,True,True,True,True,True,True,True,False,False,False,13,False,0.12689754922852536,0.39194107848727433,1.0,16127047169.7,0.012093023255813953,3.0,3.0,,,,,,-0.12509710798107126,-0.21017773208139306,0.17450142548205075,-1.5480703434706495,0.1875,-1.5480703434706495,0.1799882547078237,-429.0,0.532258064516129,0.47580645161290325,0.0967741935483871,0.4669354838709677,0.42822580645161284,景碩
21.200000762939453,22.299999237060547,21.200000762939453,21.850000381469727,134096.0,-0.009070243197771721,22.229999923706053,0.09523807247465621,20.499999904632567,0.05301206657685431,20.75666659673055,-0.09147604679340982,20.89208329518636,0.0360075807168136,66.66665764847616,188306.95,0.7121139182595225,0.06585368210329046,3308.TW,2026-09-01,0.07749622756198149,0.07429420729794867,bull,0.2241860465116279,0.28093023255813954,2026-03-31,2026-05-15,1568000.0,982000.0,-10522000.0,-111000.0,-965000.0,854000.0,0.01,1492523000.0,782760000.0,2152162000.0,1021325000.0,1130837000.0,472777000.0,468970000.0,219642000.0,,0.4,-6313200.0,1369402000.0,-0.0046101875125054,0.0007551928350416,0.0003968102772932,0.9031584569659464,0.6262755102040817,,0.5446428571428571,-0.0415647921760391,,,32.42271530237554,32.42271530237554,False,60.44268335655393,60.44268335655393,53.437691343009334,642.0,True,False,True,True,True,False,True,True,True,False,True,True,False,True,False,False,False,10,False,0.052673861655194276,0.04585072119179601,1.0,4114506.929333401,0.746046511627907,0.0,3.0,,,,,,0.010006809197380496,-0.04499559004270395,0.17440938653451601,-1.7409611338662827,0.3963709677419355,-1.7409611338662827,0.7465328999442663,-642.0,0.3064516129032258,0.07258064516129033,0.8467741935483871,0.3875,0.3443548387096774,聯德
62.79999923706055,63.0,62.0,62.29999923706055,346422.0,0.00646199840583872,62.14000015258789,0.0815972376292875,61.32499980926514,0.05414553038170866,59.653333282470705,0.4234172760784747,55.81723124186198,0.023789649491444284,59.999993365746086,657372.6,0.5269796763661887,0.01589889002572975,3356.TW,2026-09-01,0.07749622756198149,0.07429420729794867,bull,0.2586046511627907,0.28,2026-03-31,2026-05-15,281264000.0,139594000.0,10233000.0,198018000.0,20957000.0,176986000.0,2.21,2893011000.0,391712000.0,3096581000.0,420305000.0,2676276000.0,809972000.0,50000000.0,,,0.1058338130876991,9150002.590673575,2704869000.0,0.0033827895512402,0.0661314453367291,0.0571552948235489,0.157048450907156,0.4963095170373741,0.0363821889754821,0.6292522327777462,0.0806540849572754,,,63.62657398368869,63.62657398368869,False,70.45564948475608,70.45564948475608,68.74838060948923,230.0,True,False,True,True,True,True,True,True,True,False,True,True,False,True,True,False,False,11,False,0.044367444515754695,0.11614277259844807,1.0,40954312.47846451,0.4427906976744186,1.0,3.0,,,,,,0.04031102122166568,-0.002366729581226061,0.2191711332814026,-2.0233343101490897,0.5592741935483871,-2.0233343101490897,0.5151289101124903,-230.0,0.7016129032258065,0.6129032258064516,0.5564516129032258,0.6798387096774194,0.6459677419354839,奇偶
6490.0,6490.0,5925.0,5995.0,2099906.0,0.0763016157989227,6031.0,0.4463208685162847,5401.75,0.40893066980023507,4711.833333333333,1.5357103690441498,4241.487921142578,0.11641004443525886,63.20610687022901,2297462.2,0.9140111206182194,0.10982551950756703,3443.TW,2026-09-01,0.07749622756198149,0.07429420729794867,bull,0.020465116279069766,0.03813953488372093,2026-03-31,2026-05-15,11447812000.0,3113307000.0,1824178000.0,1924721000.0,278481000.0,1646240000.0,12.28,31638843000.0,19973296000.0,35132291000.0,20548418000.0,14583873000.0,7671980000.0,,,,0.144686424681811,1560244207.1967833,15158995000.0,0.1029253065389086,0.1128808513348957,0.0468583161855285,1.4089822367487703,0.2719565101173918,0.1593473058432476,0.1438038989459295,0.6298963899650951,,,83.63888359987813,83.63888359987813,True,90.13345490935545,90.13345490935545,88.50981208198611,63.0,True,True,True,True,True,True,True,True,True,True,True,False,True,True,True,True,False,13,False,0.2723285345406954,0.4134190905311028,1.0,13773285889.000002,0.014883720930232559,3.0,2.0,,,,,,0.07564666113615436,-0.018161630694312654,0.3145064729764309,-0.006006612536605576,0.8931451612903226,-0.006006612536605576,0.8284758502731995,-63.0,0.8790322580645161,1.0,0.9516129032258065,0.8899193548387097,0.9298387096774193,創意
90.3000030517578,92.3000030517578,86.80000305175781,87.19999694824219,4334345.0,0.08054523229001909,89.33999938964844,0.11508951855786886,79.96999931335449,0.19615905518584786,77.03499959309896,0.5325130862884497,71.5724999109904,0.06230074391943378,65.12261183869842,3589059.55,1.2076548019382962,0.09040887454003421,3504.TW,2026-09-01,0.07749622756198149,0.07429420729794867,bull,0.1813953488372093,0.0986046511627907,2026-03-31,2026-05-15,684957000.0,124843000.0,-9502000.0,7393000.0,1414000.0,5979000.0,0.05,2230493000.0,1016643000.0,4251347000.0,1422483000.0,2828864000.0,1174939000.0,85127000.0,112000000.0,,0.1912620045989449,-7684628.432300826,3234704000.0,-0.002375682112583,0.0021135692631388,0.0014063777903803,0.5028460187552318,0.1822639961340638,-0.0138724036691354,0.0087290151060577,0.0537005671880119,,,23.10660181855068,23.10660181855068,False,81.77687299619325,81.77687299619325,67.1093052017826,804.0,True,True,True,True,True,True,True,True,True,True,True,True,True,True,False,False,False,14,False,0.13195297473661372,0.21834499363144477,1.0,312965981.80705947,0.2158139534883721,1.0,3.0,,,,,,0.001739899415460525,-0.09802904607408479,0.2711847142659147,-1.7786444586584194,0.44314516129032255,-1.7786444586584194,0.44426973358309896,-804.0,0.1935483870967742,0.532258064516129,0.45161290322580644,0.23225806451612901,0.3467741935483871,揚明光
378.0,408.5,378.0,402.0,9097787.0,0.06349206349206349,391.2,0.37907375643224706,350.65,0.5402298850574712,370.5443440755208,2.216,286.9305053710938,0.08384205239162353,73.3160621761658,8641691.5,1.0527784982835826,0.14644232140310853,3532.TW,2026-09-01,0.07749622756198149,0.07429420729794867,bull,0.027906976744186046,0.018604651162790697,2026-03-31,2026-05-15,3308768000.0,27622000.0,-105154000.0,-82202000.0,-13987000.0,-68215000.0,-0.18,9109304000.0,3626589000.0,51226148000.0,26972355000.0,24253793000.0,1958029000.0,0.0,20500000000.0,,0.1701540108513174,-87261625.14294055,47599559000.0,-0.0018332444034395,-0.0028125497731426,-0.0013316441439243,1.112088117516299,0.0083481223222661,-0.03178040890144,-0.0206164348784804,0.1086960163893446,,,17.44238091593533,17.44238091593533,False,74.1374952376345,74.1374952376345,59.96371665720971,901.0,True,False,True,True,True,False,True,False,True,True,True,True,True,True,False,False,False,11,False,0.0848903955151672,0.40103611318735255,1.0,3473959983.0,0.052093023255813956,2.0,3.0,,,,,,-0.22544467346748315,-0.32290330330085804,0.08197900392673951,-1.9862893684562366,0.021370967741935483,-1.9862893684562366,0.02931649066092979,-901.0,0.13709677419354838,0.20161290322580644,0.008064516129032258,0.11774193548387095,0.13064516129032258,台勝科
17.950000762939453,18.100000381469727,17.700000762939453,17.799999237060547,11831717.0,0.040935604676908044,17.519999694824218,0.07228908602498318,17.382499790191652,0.13375792696227462,17.484166558583578,-0.1816092304799749,18.23166662057241,0.018754577846368716,55.555550846056754,12179995.35,0.9714057074742644,0.024018377788474154,3576.TW,2026-09-01,0.07749622756198149,0.07429420729794867,bull,0.2846511627906977,0.15813953488372093,2026-03-31,2026-05-15,520029000.0,-237380000.0,-450612000.0,1756562000.0,10661000.0,1745834000.0,1.07,9492286000.0,6482798000.0,25509734000.0,12399640000.0,13110094000.0,6613378000.0,616197000.0,3678862000.0,,0.0060692420762831,-447877126.6895219,19026936000.0,-0.0235391093284552,0.1331671611202787,0.0684379539198644,0.9458086265437914,-0.4564745427658842,-0.8665132136861599,,-0.4687390816645519,,,39.4401659971228,39.4401659971228,False,58.459120277733064,58.459120277733064,53.704381707580495,522.0,True,False,True,True,True,False,True,True,False,True,True,True,True,True,False,False,False,11,False,0.018063925290274563,-0.023676792281006942,0.0,216803907.937401,0.2502325581395349,0.0,3.0,,,,,,-0.009152237890272781,-0.10358029735530035,0.0770399438271462,-1.5300545676408854,0.2669354838709677,-1.5300545676408854,0.23311471623554209,-522.0,0.43548387096774194,0.08064516129032258,0.16129032258064516,0.3943548387096774,0.27419354838709675,聯合再生
128.5,132.0,125.5,125.5,7846470.0,0.07725321888412018,125.4,0.37476165598849276,118.09473724365235,0.7382272202859903,94.36151364644368,1.0778145170448123,83.11432857513428,0.09907158711724408,53.10734463276836,13838105.7,0.5670190826769014,0.06270611992699693,3605.TW,2026-09-01,0.07749622756198149,0.07429420729794867,bull,0.029767441860465118,0.011162790697674419,2026-03-31,2026-05-15,2821542000.0,693877000.0,147463000.0,143021000.0,35356000.0,107659000.0,0.67,7733924000.0,4283420000.0,15202980000.0,7237415000.0,7965565000.0,2596697000.0,794000000.0,2115835000.0,130740000.0,0.2472084519056642,111008900.05663504,10919560000.0,0.010166059809794,0.0135155509998349,0.007081440612301,0.9085877775148404,0.2459212019526911,0.0522632659730034,0.0381560862818983,0.0947751117457165,,,35.95481269053683,35.95481269053683,False,80.28379989595878,80.28379989595878,69.20155309460328,591.0,True,True,True,True,True,True,True,True,True,True,True,True,False,True,False,False,False,13,False,0.32999138261205574,0.5099682828641228,1.0,1736682265.35,0.08093023255813954,2.0,3.0,,,,,,0.04672640539273758,-0.06992910287057644,0.2979869588209199,-1.5729899095638489,0.6661290322580645,-1.5729899095638489,0.6196908985490579,-591.0,0.3629032258064516,0.6451612903225806,0.6935483870967742,0.4125,0.5137096774193548,宏致
254.0,262.5,251.0,251.5,822588.0,0.016161616161616266,249.8,0.1380090497737556,245.9,0.20913461538461542,224.96326319376627,0.3705722070844686,207.2232982635498,0.03985622158790575,60.78431372549019,812844.85,1.011986481799079,0.02277348515656774,3617.TW,2026-09-01,0.07749622756198149,0.07429420729794867,bull,0.14232558139534884,0.08930232558139535,2026-03-31,2026-05-15,2931932000.0,1579254000.0,476843000.0,521769000.0,118652000.0,388950000.0,4.13,10475363000.0,3752308000.0,14792411000.0,5524979000.0,9267432000.0,4373481000.0,0.0,,1434491000.0,0.2274033144935785,368407321.3069385,11040103000.0,0.033369917047598,0.0419695553201793,0.026293888129528,0.5961715176329322,0.5386393681708853,0.1626378101538507,0.1326599661929403,0.0219561852265348,,,74.61371274804436,74.61371274804436,False,80.25570078052228,80.25570078052228,78.8452037724028,123.0,True,True,True,True,True,True,True,True,True,True,True,True,True,True,True,False,False,14,False,0.11796031240610616,0.2136666200541717,1.0,204430479.775,0.2567441860465116,2.0,3.0,,,,,,0.03828043468053126,-0.020154565618391646,0.30509943983140875,-1.0815575784515818,0.771774193548387,-1.0815575784515818,0.7683884597188372,-123.0,0.8225806451612904,0.8790322580645161,0.8790322580645161,0.8310483870967742,0.8508064516129032,碩天
6075.0,6095.0,5820.0,5885.0,966086.0,0.13064361191162344,5806.0,0.4197828709288298,5083.25,0.5405759162303665,4027.314628092448,0.6886657101865137,4036.4906473795572,0.12411543564794339,73.15875613747954,1579501.05,0.6116399859310001,0.15772389711306745,3653.TW,2026-09-01,0.07749622756198149,0.07429420729794867,bull,0.024186046511627906,0.017674418604651163,2026-03-31,2026-05-15,5305216000.0,2216652000.0,1696566000.0,1775586000.0,371056000.0,1398199000.0,9.53,20477674000.0,8468040000.0,30307238000.0,8909881000.0,21397357000.0,10253854000.0,,,,0.2089766420776014,1342023334.256972,21839198000.0,0.0614502114160498,0.0653444722168256,0.0461341610871963,0.4164010069094047,0.4178250235240186,0.3197920687866432,0.2635517573648274,0.116346562150301,,,88.8947474261209,88.8947474261209,False,83.83255813953488,83.83255813953488,85.09810546118139,39.0,True,True,True,True,True,True,True,False,True,True,False,False,False,False,True,False,False,9,False,0.46127147825732484,0.4579496186422416,1.0,9295363679.25,0.026976744186046512,3.0,2.0,,,,,,-0.023373500925143745,-0.13216087228068885,0.24033660437680224,-1.710140517776545,0.35322580645161294,-1.710140517776545,0.3409072458272163,-39.0,0.9354838709677419,0.9596774193548387,0.29838709677419356,0.8399193548387096,0.8153225806451613,健策
92.8000030517578,95.8000030517578,92.6999969482422,95.6999969482422,27868765.0,0.04704590099099515,92.63999938964845,0.04819270262225572,91.81999931335449,0.09621985799363908,89.52833340962728,0.15440283699352553,86.46333351135254,0.014137392815022286,63.86554298591767,11188599.65,2.4908179639799695,0.04225656353629925,3706.TW,2026-09-01,0.07749622756198149,0.07429420729794867,bull,0.36093023255813955,0.20744186046511628,2026-03-31,2026-05-15,31863922000.0,2934046000.0,1186173000.0,1645175000.0,108264000.0,1460985000.0,1.1,82662619000.0,48216898000.0,135913012000.0,68280278000.0,67632734000.0,9782105000.0,1879510000.0,7968750000.0,,0.0658069810202562,1108114535.9022596,87696114000.0,0.0126358453682709,0.0216017439129401,0.0107494122784947,1.009574417027116,0.0920805040886052,0.0372262083744744,0.0458507587358517,0.3464486758783238,,,39.67324991044731,39.67324991044731,False,69.32349015529988,69.32349015529988,61.91093009408674,515.0,True,False,True,True,True,True,True,True,False,True,True,True,True,True,False,False,False,12,False,0.06893531135419595,0.10682751938631752,1.0,1070748952.3601038,0.1172093023255814,1.0,3.0,,,,,,0.03339723899494599,-0.03291804237916245,0.2111341371170443,-1.7317750224975732,0.5278225806451613,-1.7317750224975732,0.41474618897307297,-515.0,0.4596774193548387,0.2903225806451613,0.3870967741935484,0.4487903225806451,0.39435483870967736,神達
55.29999923706055,56.5,55.20000076293945,56.29999923706055,228560.0,0.08687258815209509,54.32000045776367,0.17291665077209473,52.757500076293944,0.39315267770695295,47.88367977142334,0.04106493343795692,47.20410674413045,0.02921381649121162,56.38297915512624,209679.05,1.0900469074044357,0.06714683515412423,4119.TW,2026-09-01,0.07749622756198149,0.07429420729794867,bull,0.10046511627906977,0.04186046511627907,2026-03-31,2026-05-15,375798000.0,82325000.0,33151000.0,28590000.0,8480000.0,20110000.0,0.17,1104577000.0,1053320000.0,6954821000.0,1544198000.0,5410623000.0,51949000.0,390000000.0,300399000.0,,0.2966072053165442,23318174.53655124,5901501000.0,0.0039512277531684,0.0037167623765322,0.0028915194222827,0.2854011451176694,0.2190671584202151,0.0882149452631466,0.0535127914464685,0.0430373141784996,,,33.11973270077256,33.11973270077256,False,82.15547221396407,82.15547221396407,69.8965373356662,628.0,True,True,True,True,True,True,True,True,True,True,True,True,True,True,False,False,False,14,False,0.17576592913938938,0.19269282103428687,1.0,11804930.355027579,0.6,1.0,3.0,,,,,,-0.002345651548049429,-0.052719746444686834,0.1742837942644239,-1.6791696533972431,0.3689516129032258,-1.6791696533972431,0.4057075142998171,-628.0,0.3225806451612903,0.6774193548387096,0.3709677419354839,0.32983870967741935,0.43870967741935485,旭富
26.549999237060547,26.549999237060547,25.850000381469727,26.149999618530277,10641.0,0.03564354924872393,25.990000534057618,0.03359685403565593,25.302500152587893,0.05020080398193105,25.260937054951984,-0.09201387808094752,25.67255188624064,0.00907634922553233,74.99994039544045,9198.7,1.1567938947894811,0.033494692652168645,4190.TW,2026-09-01,0.07749622756198149,0.07429420729794867,bull,0.4325581395348837,0.29023255813953486,2026-03-31,2026-05-15,547291000.0,358277000.0,-2980000.0,-1118000.0,14477000.0,-15595000.0,-0.26,1622513000.0,3364541000.0,6747057000.0,5134925000.0,1612132000.0,755987000.0,400000000.0,918267000.0,0.0,0.0,-2980000.0,3382516000.0,-0.0008810010063514,-0.0096735254929497,-0.0023113781312355,3.185176524006719,0.6546371126146785,-0.0054450009227266,-0.0284948957684303,-0.0893812082993626,,,14.664956846451332,14.664956846451332,False,58.86528203805818,58.86528203805818,47.81520074015647,962.0,True,False,False,True,True,True,True,False,False,False,True,True,True,True,False,False,False,9,False,0.03519515375238247,0.018597595377556786,1.0,240546.00149097448,0.9851162790697674,0.0,3.0,,,,,,-0.01881052710170896,-0.08039266491773836,0.1743933200974732,-0.12961344213131692,0.4173387096774194,-0.12961344213131692,0.40307447854123146,-962.0,0.08870967741935484,0.016129032258064516,0.3629032258064516,0.12983870967741937,0.1217741935483871,佐登-KY
57.0,57.59999847412109,56.70000076293945,57.5,67923.0,0.010544788366098734,57.619998931884766,0.045454545454545414,56.65999984741211,0.07076348571829216,56.69333337148031,-0.05891978009861765,59.2150000890096,0.006841397696532236,63.46156103372493,52382.1,1.2966834090271295,0.01482527629456487,4737.TW,2026-09-01,0.07749622756198149,0.07429420729794867,bull,0.37488372093023253,0.24465116279069768,2026-03-31,2026-05-15,405264000.0,122255000.0,-88509000.0,-100891000.0,-21625000.0,-79924000.0,-1.09,1492041000.0,1758421000.0,5654786000.0,3442043000.0,2212743000.0,387476000.0,517663000.0,1666248000.0,,0.2143402285634992,-69537960.71007325,3896365000.0,-0.0178468805438076,-0.0361198747437004,-0.0141338681958963,1.555554802342613,0.3016675549765091,-0.2183983773540211,-0.1972146551383789,-0.1582270724761705,,,15.873895957923814,15.873895957923814,False,58.60994292018216,58.60994292018216,47.92593117961757,936.0,True,False,True,True,True,False,True,True,False,False,True,True,True,True,False,False,False,10,False,0.014228597624240003,-0.028962257644713052,0.0,3011970.75,0.7888372093023256,1.0,3.0,,,,,,-0.03533512312383518,-0.08209527883634082,0.11992836660976974,-1.8790593512824385,0.1778225806451613,-1.8790593512824385,0.35871150341847235,-936.0,0.11290322580645161,0.024193548387096774,0.3225806451612903,0.1443548387096774,0.1282258064516129,華廣
99.5,101.0,98.0,98.6999969482422,1050467.0,0.10402679265806491,96.75999908447267,0.1102361670883718,92.36000022888183,0.10279326199153305,88.53333346048991,0.1251676209179775,90.5458880742391,0.03856965608627724,60.10102411277335,610350.25,1.7210888338294283,0.06864439913002296,4912.TW,2026-09-01,0.07749622756198149,0.07429420729794867,bull,0.1925581395348837,0.19813953488372094,2026-03-31,2026-05-15,1740520000.0,347686000.0,96486000.0,119505000.0,29737000.0,88059000.0,1.35,5718665000.0,3540355000.0,8497344000.0,4357124000.0,4140220000.0,1833571000.0,1475118000.0,85900000.0,,0.2488347767875821,72476927.72687335,4956989000.0,0.0146211596852188,0.0212691596098758,0.010363120523307,1.052389486549024,0.1997598418863328,0.0554351573093098,0.0505935007928665,0.1385875004742698,,,39.66467030210741,39.66467030210741,False,82.9821983238653,82.9821983238653,72.15281631842583,516.0,True,True,True,True,True,True,True,True,True,True,False,True,True,True,False,False,False,13,False,0.11483430127805372,0.09005498811075219,1.0,60241567.81235886,0.3916279069767442,1.0,3.0,,,,,,0.03948148235300224,-0.004512878980876423,0.23811370062564596,-1.4753975290886823,0.6915322580645161,-1.4753975290886823,0.5650674179392875,-516.0,0.45161290322580644,0.7419354838709677,0.6290322580645161,0.4782258064516129,0.5741935483870968,聯德控股-KY
1420.0,1490.0,1420.0,1470.0,634853.0,0.03886925795053009,1453.0,0.0808823529411764,1421.75,0.050000000000000044,1424.7903971354167,0.16666666666666674,1367.7285319010416,0.017716535433070866,53.75,549026.75,1.1563243503162641,0.033937049410937226,5269.TW,2026-09-01,0.07749622756198149,0.07429420729794867,bull,0.26232558139534884,0.2911627906976744,2026-03-31,2026-05-15,3497963000.0,1778068000.0,807599000.0,1936464000.0,82474000.0,1853990000.0,24.85,10669746000.0,3568387000.0,41500017000.0,4404988000.0,37095029000.0,5726443000.0,,,,0.0425899990911269,773203359.324005,37931630000.0,0.020384132169485,0.0499794729908419,0.0446744395309524,0.1187487412396954,0.508315268057438,0.2308769418087041,0.5300199001533178,0.3940900795771613,,,87.63352452318074,87.63352452318074,False,55.926397605355746,55.926397605355746,63.85317933481199,47.0,True,False,True,True,True,False,True,True,True,False,True,True,True,True,True,False,False,11,False,0.0317307043586752,0.07477468350887473,1.0,807069322.5,0.13023255813953488,3.0,2.0,,,,,,0.04150339618847363,-0.05583588861475383,0.3133104661340049,-0.25500191310657405,0.7677419354838709,-0.25500191310657405,0.7039311063003928,-47.0,0.9193548387096774,0.3548387096774194,0.782258064516129,0.8987903225806451,0.7225806451612904,祥碩
518.0,545.0,518.0,540.0,1018366.0,0.03646833013435691,530.6,0.06090373280943018,523.45,0.2342857142857142,515.9152709960938,0.6167664670658684,456.3659688313802,0.01660516605166065,52.46913580246914,821786.05,1.2392106193576782,0.031617155411213904,5434.TW,2026-09-01,0.07749622756198149,0.07429420729794867,bull,0.31813953488372093,0.0827906976744186,2026-03-31,2026-05-15,18536692000.0,2517460000.0,1430469000.0,1720554000.0,385901000.0,1322921000.0,6.86,26594173000.0,20377745000.0,43809103000.0,24343457000.0,19465646000.0,6619207000.0,553886000.0,2499050000.0,0.0,0.2242888046524549,1109630817.8976076,23431358000.0,0.0473566584530699,0.0679618338893042,0.0301973998417634,1.25058562145844,0.1358095608428947,0.07716959422965,0.0713676960268854,0.1762262681445767,,,65.82773904429318,65.82773904429318,False,68.53549329328654,68.53549329328654,67.8585547310382,203.0,True,False,True,True,True,True,True,True,False,True,True,True,True,True,True,False,False,12,False,0.046683496996328566,0.18326088464217016,1.0,443764467.0,0.18325581395348836,3.0,3.0,,,,,,0.04602144345188017,-0.010541212153884752,0.25255406786163864,0.1578979542937883,0.8064516129032259,0.1578979542937883,0.7473405740959047,-203.0,0.7258064516129032,0.5806451612903226,0.8548387096774194,0.7451612903225806,0.7080645161290323,崇越
61.29999923706055,63.0,61.20000076293945,61.400001525878906,3215854.0,0.09642859867640907,61.28000030517578,0.11231885284867693,57.70500011444092,0.27916669845581055,57.9134230295817,0.4532544739852995,51.559628105163576,0.04699265090596974,68.57143635652717,3218006.0,0.9993312629000691,0.06403260383173093,5471.TW,2026-09-01,0.07749622756198149,0.07429420729794867,bull,0.18604651162790697,0.06511627906976744,2026-03-31,2026-05-15,762695000.0,324634000.0,69170000.0,100354000.0,20035000.0,80319000.0,0.48,2907264000.0,471709000.0,4129482000.0,577986000.0,3551496000.0,1448788000.0,,,,0.1996432628495127,55360675.5086992,3657773000.0,0.0151350768647204,0.0226155400428439,0.019450139266862,0.1627443758911737,0.4256406558322789,0.0906915608467342,0.1053094618425451,0.2391711942393677,,,64.00671286733612,64.00671286733612,False,64.71404093092156,64.71404093092156,64.53720891502519,224.0,True,False,True,True,True,False,True,True,True,True,True,True,True,True,True,False,False,12,False,0.0602032881827117,0.1908542358110965,1.0,197585573.31028748,0.26232558139534884,1.0,3.0,,,,,,0.013099917451729186,-0.07176740568408961,0.23740740812480932,-1.844090636511633,0.45443548387096777,-1.844090636511633,0.46077571504778564,-224.0,0.7096774193548387,0.4112903225806452,0.4838709677419355,0.6758064516129033,0.5750000000000001,松翰
24.0,24.450000762939453,23.600000381469727,23.899999618530277,2050810.0,0.045951825800057744,24.0,0.414201192781374,22.28750009536743,0.26455026988983676,19.385833422342937,0.5271565623702412,18.865000096956887,0.09038649867783831,63.957593505578835,4037405.5,0.5079524461934775,0.07234995025296764,6108.TW,2026-09-01,0.07749622756198149,0.07429420729794867,bull,0.026046511627906978,0.06976744186046512,2026-03-31,2026-05-15,1005533000.0,-58176000.0,-188023000.0,-163927000.0,2837000.0,-166764000.0,-1.08,5952056000.0,4035658000.0,7430512000.0,4257488000.0,3173024000.0,3009763000.0,2815370000.0,,,0.0,-188023000.0,3394854000.0,-0.055384708738579,-0.0525568038565103,-0.0224431371620152,1.3417761731395663,-0.0578558833971634,-0.186988393220312,-0.1658463720235934,0.0519018870845751,,,14.198738437467275,14.198738437467275,False,85.2173661195331,85.2173661195331,67.46270919901664,978.0,True,True,True,True,True,True,True,True,True,True,True,False,False,True,False,False,False,12,False,0.23285902121621382,0.2668963422049271,1.0,96493989.90985204,0.3358139534883721,0.0,3.0,,,,,,-0.07677840982050206,-0.16363213555477296,0.1920322184052582,-1.9578757674274838,0.17137096774193547,-1.9578757674274838,0.1839924653755698,-978.0,0.07258064516129033,0.5564516129032258,0.11290322580645161,0.07862903225806452,0.2258064516129032,競國
28.25,28.549999237060547,27.600000381469727,27.950000762939453,2700198.0,0.007207234700520759,28.68000030517578,0.14081635767099798,26.027500247955324,0.15020582882620825,26.699166679382326,0.3905472752481476,26.44125000635783,0.07020971078555938,66.86390986659168,3280074.65,0.8232123619503598,0.07386420119754522,6168.TW,2026-09-01,0.07749622756198149,0.07429420729794867,bull,0.13581395348837208,0.1330232558139535,2026-03-31,2026-05-15,502953000.0,119301000.0,-11310000.0,9301000.0,2206000.0,4900000.0,0.02,2152808000.0,496712000.0,3778323000.0,554367000.0,3223956000.0,336677000.0,16668000.0,,,0.2371787979787119,-8627507.794860767,3281611000.0,-0.0026290464637218,0.0015198718592933,0.001296871654435,0.1719524087797724,0.2372010903603318,-0.0224871906520092,0.0097424610251852,0.0779543101840838,,,27.13023348806351,27.13023348806351,False,67.23989469247134,67.23989469247134,57.21247939136938,734.0,True,False,True,True,True,False,True,True,True,True,True,True,True,True,False,False,False,12,False,0.04684918067210875,0.05706049283671688,1.0,91678088.96999836,0.34232558139534885,0.0,3.0,,,,,,0.004448567091922524,-0.05623996398498111,0.19328112197393266,-1.8801200139108434,0.3725806451612903,-1.8801200139108434,0.30297174843694874,-734.0,0.21774193548387097,0.1532258064516129,0.27419354838709675,0.22620967741935483,0.20967741935483872,宏齊
211.0,225.0,211.0,221.5,16358157.0,0.11586901763224189,211.4,0.11027568922305764,205.55,0.10199004975124382,217.38161010742186,0.6844106463878328,200.72413838704426,0.030196717203358002,58.4,6203228.95,2.6370390536689765,0.07759669180248108,6257.TW,2026-09-01,0.07749622756198149,0.07429420729794867,bull,0.19162790697674417,0.2,2026-03-31,2026-05-15,5293776000.0,1675935000.0,1184017000.0,1379715000.0,258007000.0,1005655000.0,2.1,19127174000.0,10312177000.0,43878954000.0,19347117000.0,24531837000.0,11717635000.0,668430000.0,8022848000.0,,0.1870002138122728,962605567.8426342,33566777000.0,0.0286773307977299,0.0409938725746465,0.0229188462423238,0.7886534139290099,0.3165859303453716,0.2236620892157129,0.1899693149086776,0.1299871008670361,,,71.51600240927145,71.51600240927145,False,67.82866488534887,67.82866488534887,68.75049926632951,155.0,True,False,True,True,True,False,True,True,True,True,False,True,True,True,True,False,False,11,False,0.018945438349375454,0.10350454997542391,1.0,1374015212.425,0.09767441860465116,2.0,3.0,,,,,,-0.006397444465237227,-0.10285023099906641,0.2317873880744676,-1.5409911132014544,0.419758064516129,-1.5409911132014544,0.3637241731518227,-155.0,0.7903225806451613,0.6209677419354839,0.33064516129032256,0.7213709677419354,0.6475806451612903,矽格
1035.0,1065.0,1030.0,1030.0,331165.0,0.009803921568627416,1034.0,0.0945802337938364,1016.65,0.14444444444444438,1004.7287821451823,0.25609756097560976,879.9727244059245,0.026608098555993158,55.07246376811594,487108.8,0.679858380714945,0.013131362809226443,6409.TW,2026-09-01,0.07749622756198149,0.07429420729794867,bull,0.22697674418604652,0.1427906976744186,2026-03-31,2026-05-15,4204594000.0,1097283000.0,761311000.0,497580000.0,106071000.0,391509000.0,4.46,12925624000.0,6848461000.0,17835228000.0,7506620000.0,10328608000.0,7086998000.0,,489300000.0,,0.2131737610032557,599019470.8368503,10986767000.0,0.0545219053827982,0.0379053014694719,0.0219514435139264,0.7267794459814914,0.2609724030429573,0.1810664715784687,0.0931145789581586,-0.1581824756109622,,,62.88856390334461,62.88856390334461,False,69.12905909790027,69.12905909790027,67.56893529926135,235.0,True,False,True,True,True,True,True,True,True,True,True,True,False,True,True,False,False,12,False,0.025152278210704315,0.17049082480978028,1.0,501722064.0,0.1702325581395349,3.0,3.0,,,,,,0.06958102532305645,0.018456475752177504,0.29002563192626507,-0.10478714169568105,0.914516129032258,-0.10478714169568105,0.907035150763653,-235.0,0.6935483870967742,0.5725806451612904,0.9838709677419355,0.7370967741935485,0.7153225806451613,旭隼
260.5,272.5,257.0,270.0,2014777.0,0.05882352941176472,264.4,0.5561959654178674,233.8,0.2558139534883721,200.675,1.0224719101123596,208.075,0.13426318981200733,68.3206106870229,2133871.7,0.9441884439444039,0.1548331907613345,6426.TW,2026-09-01,0.07749622756198149,0.07429420729794867,bull,0.012093023255813953,0.07162790697674419,2026-03-31,2026-05-15,154269000.0,60877000.0,19307000.0,27476000.0,-977000.0,28453000.0,0.74,831225000.0,83262000.0,1018747000.0,85873000.0,932874000.0,275168000.0,7500000.0,,,0.0,19307000.0,935485000.0,0.020638492332854,0.0305003676809515,0.0279294073994819,0.0920520884921222,0.3946158982037869,0.1251515210444094,0.1844375733297033,0.5607004835805192,,,75.05902824356723,75.05902824356723,False,84.71249975343709,84.71249975343709,82.29913187596962,120.0,True,True,True,True,True,True,True,True,True,True,True,False,True,False,True,False,False,12,False,0.34545907561978306,0.29760903520365267,1.0,576145359.0,0.15906976744186047,2.0,3.0,,,,,,0.003367172417091328,-0.1195335075450438,0.23315490129559857,-1.630703646339871,0.4205645161290323,-1.630703646339871,0.3311066918263374,-120.0,0.8306451612903226,0.9274193548387096,0.28225806451612906,0.7483870967741936,0.75,統新
148.5,157.5,148.5,156.0,868734.0,0.08333333333333326,150.2,0.08333333333333326,146.55,0.06479761836319953,148.39244944254557,0.04716860539435008,158.16627235412597,0.027339642481598356,59.701492537313435,279998.4,3.1026391579380452,0.06448311156601827,6438.TW,2026-09-01,0.07749622756198149,0.07429420729794867,bull,0.25302325581395346,0.25395348837209303,2026-03-31,2026-05-15,1744783000.0,460838000.0,193997000.0,184067000.0,41884000.0,144835000.0,1.76,6414724000.0,3600710000.0,10415508000.0,4638877000.0,5776631000.0,1850590000.0,412580000.0,851792000.0,,0.2275475777841764,149853452.55260313,6814798000.0,0.0219894195767215,0.0250725725773378,0.0139057067595742,0.8030419460754893,0.2641233895561797,0.1111868925820574,0.0830103227736629,0.1220382865212614,,,52.44239867927419,52.44239867927419,False,64.99127167712885,64.99127167712885,61.854053427665185,333.0,True,False,True,True,True,False,True,True,True,False,True,True,False,True,False,False,False,10,False,0.05126642619643462,-0.013696171262579937,0.0,43679750.400000006,0.43348837209302327,2.0,3.0,,,,,,0.006676201795722628,-0.07607395910969546,0.186578099131652,-1.7904210375259697,0.3604838709677419,-1.7904210375259697,0.2336960228754871,-333.0,0.6048387096774194,0.28225806451612906,0.1693548387096774,0.5395161290322581,0.42096774193548386,迅得
433.5,438.0,420.0,420.0,1129943.0,-0.1063829787234043,436.9,0.0714285714285714,430.175,0.07416879795396425,415.5855021158854,-0.11298838437170011,413.8677510579427,0.032565849926302064,48.69281045751634,1240093.75,0.9111754655645995,-0.023653164409833227,6472.TW,2026-09-01,0.07749622756198149,0.07429420729794867,bull,0.28651162790697676,0.24,2026-03-31,2026-05-15,4001231000.0,1442628000.0,407236000.0,221152000.0,174254000.0,25838000.0,0.21,19812444000.0,14337765000.0,45331756000.0,28703088000.0,16628668000.0,4832012000.0,3410000000.0,3908546000.0,8410772000.0,0.4,244341600.0,30993991000.0,0.0078835152271935,0.0015538225912021,0.0005699757141549,1.7261206970997316,0.3605460419555881,0.1017776779196202,0.0064575127004664,-0.1067853383739788,,,27.229352834015025,27.229352834015025,False,60.4046511627907,60.4046511627907,52.110826580596786,729.0,True,False,True,True,False,True,True,False,False,False,True,True,True,True,False,False,False,9,False,0.010622357761853829,0.014816928659896478,1.0,520839375.0,0.16837209302325581,2.0,3.0,,,,,,-0.033007638861033674,-0.09714202702461473,0.16260900872525239,-1.9290465957995038,0.2024193548387097,-1.9290465957995038,0.2483345266215426,-729.0,0.22580645161290322,0.06451612903225806,0.20967741935483872,0.22338709677419355,0.17419354838709677,保瑞
392.0,409.5,388.0,396.5,945128.0,0.06442953020134223,385.4,0.11422958845624054,374.8494873046875,0.23906249999999996,350.6489903767904,0.41103202846975084,321.72449518839517,0.039169915362477464,60.946745562130175,490756.45,1.9258595582391225,0.05775788263974446,6491.TW,2026-09-01,0.07749622756198149,0.07429420729794867,bull,0.18232558139534882,0.08,2026-03-31,2026-05-15,1885667000.0,1005547000.0,542809000.0,566411000.0,88526000.0,472275000.0,6.06,6983966000.0,4705377000.0,16639674000.0,5326767000.0,11312907000.0,1204500000.0,831456000.0,457203000.0,,0.1562928686060122,457971824.2848391,11934297000.0,0.0383744282788369,0.0417465643446021,0.0283824671084301,0.4708574904752598,0.5332579930602805,0.2878604758952667,0.2504551439888379,0.1833499738625503,,,86.74813401220891,86.74813401220891,False,84.56872152849242,84.56872152849242,85.11357464942154,52.0,True,True,True,True,True,True,True,True,True,True,True,True,True,True,True,False,False,14,False,0.1307604210522333,0.23242092513912516,1.0,194584932.425,0.26325581395348835,2.0,2.0,,,,,,0.034532184119246835,-0.024674638226474074,0.32524387580418945,-1.227885217567903,0.7443548387096774,-1.227885217567903,0.7042371190825066,-52.0,0.9032258064516129,0.967741935483871,0.7903225806451613,0.8862903225806451,0.9,晶碩
73.69999694824219,77.5999984741211,73.30000305175781,76.69999694824219,30321088.0,0.08028164715834074,72.93999938964843,0.12463343666203897,71.21999969482422,0.49131520549411345,66.25788866678873,0.3595004916298514,59.5159073193868,0.008210644473178397,62.26415800513962,21322620.1,1.4220151115481345,0.07694464022605452,6505.TW,2026-09-01,0.07749622756198149,0.07429420729794867,bull,0.16651162790697674,0.025116279069767444,2026-03-31,2026-05-15,161989437000.0,27190906000.0,24513957000.0,25616191000.0,5209581000.0,20407731000.0,2.14,296450387000.0,65693610000.0,463713281000.0,83114597000.0,380598684000.0,63985692000.0,123643000.0,1500200000.0,8100000000.0,0.2033706338307674,19528538027.20982,398019671000.0,0.0490642534780895,0.0536200776774099,0.0440093735421824,0.2183785716925915,0.1678560436011639,0.1513305895371437,0.1259818626321912,-0.0650893152444253,,,66.8716639923295,66.8716639923295,False,87.90097012874149,87.90097012874149,82.64364359463849,193.0,True,True,True,True,True,True,True,True,True,True,True,True,True,True,True,False,False,14,False,0.15759796292282835,0.2887310368409324,1.0,1635444896.5985277,0.08465116279069768,1.0,3.0,,,,,,0.02487232749668936,-0.03887091925216171,0.18380723034232646,-1.4857879956318774,0.519758064516129,-1.4857879956318774,0.5123585816838219,-193.0,0.7419354838709677,0.9354838709677419,0.5483870967741935,0.7129032258064516,0.7612903225806451,台塑化
936.0,980.0,923.0,958.0,4599165.0,0.09360730593607314,922.6,0.18858560794044665,890.35,0.06113731374846565,895.2990010579427,1.1847651890684294,833.7955924987793,0.07051821570277741,59.61538461538462,2964615.1,1.5513531587962295,0.07598135564665576,6531.TW,2026-09-01,0.07749622756198149,0.07429420729794867,bull,0.09116279069767441,0.26325581395348835,2026-03-31,2026-05-15,2099951000.0,969865000.0,588249000.0,825691000.0,165725000.0,676217000.0,4.15,13696423000.0,3453169000.0,15567366000.0,3557927000.0,12009439000.0,8765915000.0,50000000.0,,,0.2007106774810431,470181144.6824538,12114197000.0,0.0388124070198341,0.0563071264194772,0.0434381127802866,0.2962608827939423,0.4618512527197063,0.280125107681084,0.3220156089356371,1.1538842619184375,,,95.34498936770456,95.34498936770456,False,75.07164868562758,75.07164868562758,80.13998385614683,16.0,True,True,True,True,True,False,True,True,True,False,True,True,True,True,True,False,False,12,False,0.07003358528040993,0.14896265777682505,1.0,2840101265.8,0.06046511627906977,3.0,1.0,,,,,,-0.0888381312230241,-0.20000201967034054,0.15057063874853574,-1.2793935023472622,0.19959677419354838,-1.2793935023472622,0.18099643039011803,-16.0,0.9596774193548387,0.9112903225806451,0.10483870967741936,0.8314516129032259,0.7741935483870968,愛普*
273.0,282.5,251.0,262.5,6829258.0,0.04373757455268379,265.3,0.16407982261640797,251.25,0.2962962962962963,222.26666666666668,0.36363636363636354,218.14583333333334,0.05180533751962323,56.77966101694915,1844476.0,3.7025464142661657,0.04477611940298498,6533.TW,2026-09-01,0.07749622756198149,0.07429420729794867,bull,0.10697674418604651,0.059534883720930236,2026-03-31,2026-05-15,326356000.0,325982000.0,-202956000.0,-191919000.0,-25688000.0,-166231000.0,-3.28,1735463000.0,291379000.0,6111740000.0,1760341000.0,4351399000.0,1046856000.0,,,1419903000.0,0.1338481338481338,-175790718.14671814,5820361000.0,-0.0302027173480679,-0.0382017369586195,-0.0271986373765899,0.4045459862448835,0.9988540121830148,-0.621885303165868,-0.5093548149873145,0.2031025355560307,,,38.84336576062605,38.84336576062605,False,79.34440332825427,79.34440332825427,69.21914393634722,539.0,True,True,True,True,True,True,True,True,True,True,True,True,False,True,False,False,False,13,False,0.1810137972405519,0.2033234648075637,1.0,484174950.0,0.17302325581395347,2.0,3.0,,,,,,-0.10219987739242108,-0.1503425020136447,0.12432356807500916,-2.088105475169397,0.06612903225806452,-2.088105475169397,0.07646538622936538,-539.0,0.41935483870967744,0.6532258064516129,0.03225806451612903,0.36129032258064514,0.4120967741935484,晶心科
288.0,288.0,277.0,277.5,312743.0,0.051136363636363535,275.9,0.07558139534883712,267.55,0.08845836982976385,263.82685902913414,0.06479620364705152,256.8142150878906,0.015081096462107646,60.150375939849624,227647.75,1.3738022888431798,0.037189310409269316,6670.TW,2026-09-01,0.07749622756198149,0.07429420729794867,bull,0.2762790697674419,0.21953488372093025,2026-03-31,2026-05-15,8468855000.0,2032739000.0,1265065000.0,1332547000.0,298511000.0,970370000.0,6.96,20003146000.0,8031634000.0,30684051000.0,10347885000.0,20336166000.0,9145558000.0,1517321000.0,68804000.0,1552151000.0,0.2240153630603648,981671004.7300396,22652417000.0,0.0433362587634705,0.047716467302637,0.0316245726485072,0.5088414895905158,0.2400252454434513,0.149378516930565,0.1145810147888941,-0.0012569118061379,,,69.78295043229787,69.78295043229787,False,76.49335735491867,76.49335735491867,74.81575562426347,168.0,True,True,True,True,True,True,True,True,False,True,True,True,True,True,True,False,False,13,False,0.05182619018087142,0.08054766323986384,1.0,63172250.625,0.38325581395348834,2.0,3.0,,,,,,0.06357523315755019,0.02421317858086248,0.2888359526261698,-0.46080505248149434,0.8971774193548387,-0.46080505248149434,0.8275675760634581,-168.0,0.7741935483870968,0.8145161290322581,0.9435483870967742,0.7995967741935484,0.8201612903225807,復盛應用
100.5,103.0,100.0,102.0,223624.0,0.0,100.88000030517578,0.0625,99.59000015258789,0.11597372316366772,97.87499987284342,0.3674901468369842,91.981649462382,0.02559085360797491,59.13462138034797,141430.8,1.5811548828119477,0.02419921521959645,6756.TW,2026-09-01,0.07749622756198149,0.07429420729794867,bull,0.31209302325581395,0.17674418604651163,2026-03-31,2026-05-15,414892000.0,185087000.0,-50699000.0,46990000.0,8682000.0,44595000.0,0.64,1744541000.0,848091000.0,3944534000.0,980235000.0,2964299000.0,833541000.0,,113508000.0,,0.1847627154713768,-41331715.08831666,3096443000.0,-0.0133481272183329,0.0150440289592918,0.0113055179648597,0.3306802046622152,0.4461088668858401,-0.1221980660027187,0.1074858035344137,0.0636156451162206,,,42.16370730947515,42.16370730947515,False,76.00552036550425,76.00552036550425,67.54506710149698,477.0,True,True,True,True,True,True,True,True,False,True,True,True,True,True,False,False,False,13,False,0.04214559522365957,0.10891683934973617,1.0,14425941.6,0.5813953488372093,2.0,3.0,,,,,,-0.0016892235271379248,-0.05838808289467709,0.24212222771140102,-1.4772122169961248,0.5088709677419355,-1.4772122169961248,0.5443385499840308,-477.0,0.5,0.5645161290322581,0.6129032258064516,0.5169354838709678,0.5419354838709678,威鋒電子
328.0,334.5,309.5,319.0,37334799.0,0.09433962264150941,332.5,0.595,272.825,1.4804031862515368,202.05166714986166,1.7784772707533545,167.24752260843914,0.16306085473729084,69.65811965811966,36892401.15,1.011991571060969,0.16924768624576192,8039.TW,2026-09-01,0.07749622756198149,0.07429420729794867,bull,0.010232558139534883,0.0018604651162790699,2026-03-31,2026-05-15,2415476000.0,532169000.0,146484000.0,219817000.0,44902000.0,171370000.0,0.65,10090538000.0,4116000000.0,15838059000.0,5212295000.0,10625764000.0,3401205000.0,544660000.0,425464000.0,0.0,0.2042699154296528,116561725.70820272,11722059000.0,0.0099437927848855,0.0161277814941118,0.0108201390081953,0.4905336689201831,0.2203164096848819,0.060643947611154,0.0709466788326607,0.0846351629146733,,,39.59205928302138,39.59205928302138,False,85.1263084332821,85.1263084332821,73.74274614571692,517.0,True,True,True,True,True,True,True,True,True,True,True,False,True,False,False,False,False,12,False,0.578804097485609,0.9073526173947857,1.0,11768675966.85,0.01674418604651163,2.0,3.0,,,,,,-0.05925380040911388,-0.17262702436614943,0.1985328825886907,-2.014226627386614,0.17903225806451611,-2.014226627386614,0.19280936023709896,-517.0,0.4435483870967742,0.7580645161290323,0.12096774193548387,0.3951612903225806,0.47338709677419355,台虹
1260.0,1335.0,1220.0,1225.0,18128967.0,0.056034482758620774,1234.0,0.1722488038277512,1191.25,0.4772212895215062,1100.7636596679688,1.6090772760268144,928.1432032267253,0.06891291668536045,46.49122807017543,11382401.6,1.5927189741750107,0.02833158447009443,8046.TW,2026-09-01,0.07749622756198149,0.07429420729794867,bull,0.10232558139534884,0.026976744186046512,2026-03-31,2026-05-15,11177241000.0,1771445000.0,1352237000.0,1598197000.0,289571000.0,1308626000.0,2.03,25923065000.0,8163676000.0,62161816000.0,15455246000.0,46706570000.0,9657576000.0,,,,0.1811860490289995,1107230520.6191726,53998140000.0,0.0205049751828335,0.0280180282988025,0.0210519267969906,0.3309008989527597,0.1584867857819295,0.1209812868846614,0.1170795189975773,0.3214942908705003,,,61.16068715346135,61.16068715346135,False,78.556104110788,78.556104110788,74.20724987145634,249.0,True,True,True,True,True,True,True,False,True,True,True,True,True,True,True,False,False,13,False,0.11286377347295917,0.31983943398092096,1.0,13943441960.0,0.013953488372093023,3.0,3.0,,,,,,-0.18370757848280247,-0.31445168562917786,0.23926875658707691,-1.7528319248936897,0.2306451612903226,-1.7528319248936897,0.2186515256838777,-249.0,0.6774193548387096,0.7741935483870968,0.12903225806451613,0.5951612903225807,0.596774193548387,南電
39.59999847412109,39.900001525878906,38.5,38.5,665263.0,0.0,39.55999984741211,0.04761904761904767,39.14499988555908,0.07843134950202169,38.250708961486815,0.0,37.28202098210652,0.02574517081439756,47.08738259607126,1129567.4,0.5889537888575751,-0.016477197277934508,8222.TW,2026-09-01,0.07749622756198149,0.07429420729794867,bull,0.36372093023255814,0.2344186046511628,2026-03-31,2026-05-15,234428000.0,59230000.0,30441000.0,31763000.0,6251000.0,,0.37,1130042000.0,553253000.0,2167379000.0,1240916000.0,926463000.0,201023000.0,300000000.0,681477000.0,,0.1968013096999653,24450171.33142336,1614126000.0,0.0151476225099052,,,1.3394123672505,0.2526575323766785,0.1298522360810142,,-0.074709104974818,,,42.06809671107272,42.06809671107272,False,58.22790697674419,58.22790697674419,54.18795441032632,478.0,True,False,True,True,False,True,True,False,False,True,True,True,False,True,False,False,False,9,False,0.0065172919739653334,0.032669339960890165,1.0,43488344.9,0.43534883720930234,1.0,3.0,,,,,,0.039810862870726244,-0.002094507180082538,0.17372617788105535,-1.6160076653442719,0.5629032258064517,-1.6160076653442719,0.6419179207632275,-478.0,0.49193548387096775,0.08870967741935484,0.7096774193548387,0.5245967741935484,0.4145161290322581,寶一
42.34999847412109,42.400001525878906,41.20000076293945,41.75,31034.0,-0.04022988505747127,41.75,0.08020694312380372,40.95249996185303,0.08128578862345748,39.4969841003418,0.01682211871140149,39.89672091801961,0.0224066917951933,62.41134214519002,53666.85,0.5782713164644468,0.019473781549107727,6771.TW,2026-09-01,0.07749622756198149,0.07429420729794867,bull,0.2641860465116279,0.23069767441860464,2026-03-31,2026-05-15,131486000.0,61565000.0,32282000.0,26891000.0,5509000.0,21458000.0,0.69,503903000.0,130197000.0,1399052000.0,485496000.0,913556000.0,243016000.0,10000000.0,21433000.0,332803000.0,0.2048640809192666,25668577.739764232,1268855000.0,0.0202297171384943,0.0234884342065511,0.0153375285550501,0.5314354018801256,0.4682247539662017,0.2455166329495155,0.1631960817121214,-0.1972820678750435,,,60.35546417668706,60.35546417668706,False,71.36163393417833,71.36163393417833,68.61009149480552,259.0,True,False,True,True,True,True,True,True,True,True,True,True,False,True,True,False,False,12,False,0.057042732526980666,0.04645191482750022,1.0,2240590.9875,0.8195348837209302,1.0,3.0,,,,,,0.04380570799154757,0.018371610360264003,0.15989186547448936,-1.5763853124643086,0.594758064516129,-1.5763853124643086,0.5888449522371593,-259.0,0.6612903225806451,0.5967741935483871,0.6532258064516129,0.6600806451612903,0.6403225806451612,平和環保-創
254.0,256.0,247.0,249.5,937495.0,0.08478260869565224,247.0,0.3131578947368421,217.45,0.24438902743142155,201.0208307902018,0.2894056847545219,202.5354153951009,0.07821990826825326,75.3012048192771,693178.65,1.3524579846768217,0.14739020464474595,6782.TW,2026-09-01,0.07749622756198149,0.07429420729794867,bull,0.044651162790697675,0.07627906976744186,2026-03-31,2026-05-15,1228595000.0,562960000.0,345415000.0,320529000.0,79940000.0,240471000.0,3.82,2257209000.0,1785112000.0,6287420000.0,2055065000.0,4232355000.0,548061000.0,34008000.0,243227000.0,,0.2494002102773852,259268426.36703697,4502308000.0,0.0575856708086245,0.0568173038414783,0.0382463713255993,0.4855606394076111,0.4582144644899255,0.2811463500990969,0.1957284540471026,0.2971931691721623,,,94.77818654579036,94.77818654579036,False,84.69063824439986,84.69063824439986,87.2125253197475,18.0,True,True,True,True,True,True,True,False,True,True,True,True,True,True,True,False,False,13,False,0.24116490325519613,0.23188332032341985,1.0,172948073.175,0.2772093023255814,2.0,1.0,,,,,,-0.017124374086483138,-0.09315415751312393,0.1848256832184525,-1.9311303540382516,0.26814516129032256,-1.9311303540382516,0.26047320860812717,-18.0,0.9516129032258065,0.9919354838709677,0.23387096774193547,0.8439516129032257,0.8201612903225807,視陽
73.5999984741211,73.69999694824219,70.4000015258789,70.80000305175781,150863466.0,0.029459848239532294,70.6739990234375,0.17803668634441183,69.89881858825683,0.048888934100115744,69.48210582733154,0.06787330004324477,66.11188618342082,0.06402525923861119,45.14476744423689,231310444.1,0.6522120805525703,0.012892699500537619,6770.TW,2026-09-01,0.07749622756198149,0.07429420729794867,bull,0.09767441860465116,0.293953488372093,2026-03-31,2026-05-15,13572462000.0,1388213000.0,14226108000.0,14331913000.0,100704000.0,14231209000.0,3.36,73060915000.0,23437313000.0,172678080000.0,76101188000.0,96576892000.0,25559039000.0,1800000000.0,30244117000.0,,0.0070265567478675,14126147444.836708,149240767000.0,0.0946534095796807,0.1473562537092206,0.0824146817013485,0.7879854737922194,0.1022815904734159,1.048159722237572,1.0485355567766557,0.2209320651616573,,,80.40162331663433,80.40162331663433,True,65.79532185760294,65.79532185760294,69.44689722236079,85.0,True,False,True,True,True,True,True,False,True,False,True,True,False,True,True,True,False,10,False,0.01896743353895114,0.07091186077084966,1.0,16376780148.183455,0.011162790697674419,1.0,2.0,,,,,,-0.06586614309872979,-0.13397550243426198,0.1746488788087851,-1.0104549337966502,0.3100806451612903,-1.0104549337966502,0.22380047293500277,-85.0,0.8629032258064516,0.6693548387096774,0.13709677419354838,0.754032258064516,0.6596774193548387,力積電
1140.0,1175.0,1135.0,1155.0,802085.0,0.08450704225352124,1118.0,0.14356435643564347,1105.25,0.08962264150943389,1089.7514139811199,0.11594202898550732,1096.0757069905599,0.04678694890372694,51.5625,838870.1,0.9561492297794378,0.045012440624293104,6781.TW,2026-09-01,0.07749622756198149,0.07429420729794867,bull,0.1330232558139535,0.21488372093023256,2026-03-31,2026-05-15,4529845000.0,1635463000.0,1094609000.0,1155662000.0,246955000.0,908696000.0,10.64,23244335000.0,7964587000.0,26690648000.0,8597389000.0,18093259000.0,9022896000.0,800748000.0,,,0.2136913734292552,860700499.4219763,18726061000.0,0.0459627093718201,0.0502229034581332,0.0340454828972305,0.4751708357239566,0.3610417133478077,0.2416438090045023,0.2006020073534525,0.3174496210966675,,,90.12488103756452,90.12488103756452,False,69.38824602101667,69.38824602101667,74.57240477515363,32.0,True,False,True,True,True,True,True,True,True,True,True,True,True,True,True,False,False,13,False,0.05987474315863617,0.05375932760267599,1.0,968894965.5,0.12186046511627907,3.0,2.0,,,,,,-0.007001271476274842,-0.0733369592127509,0.23886302827043507,-1.216669254347118,0.4959677419354839,-1.216669254347118,0.5097348325142701,-32.0,0.9435483870967742,0.7903225806451613,0.5403225806451613,0.8830645161290323,0.8169354838709677,AES-KY
218.5,220.0,214.0,215.0,236831.0,0.05392156862745101,211.0,0.14666666666666672,203.125,0.12271540469973896,196.6820271809896,0.22159090909090917,193.6243469238281,0.034636444670826494,64.19753086419753,268027.55,0.8836069277206765,0.058461538461538565,4771.TW,2026-09-01,0.07749622756198149,0.07429420729794867,bull,0.1283720930232558,0.16930232558139535,2026-03-31,2026-05-15,1030727000.0,422528000.0,298124000.0,310643000.0,69136000.0,214777000.0,3.66,2662213000.0,1036935000.0,7439213000.0,2725761000.0,4713452000.0,939697000.0,0.0,1180020000.0,,0.2225577270371455,231774200.18477803,6402278000.0,0.0362018331888709,0.0455668159981262,0.0288709302986754,0.5782939976900158,0.4099320188565934,0.2892366261871475,0.208374283394148,0.2716625438753415,,,87.83714193650803,87.83714193650803,False,78.23526187023172,78.23526187023172,80.6357318868008,44.0,True,True,True,True,True,True,True,True,True,True,True,True,True,True,True,False,False,14,False,0.09313496043110203,0.11039754770396248,1.0,57625923.25,0.39813953488372095,2.0,2.0,,,,,,0.02299079968321777,-0.033352605439417975,0.27050596652795017,-1.5339239843024406,0.6286290322580645,-1.5339239843024406,0.586608605025588,-44.0,0.9274193548387096,0.9193548387096774,0.6370967741935484,0.8838709677419354,0.8669354838709677,望隼
77.5,77.80000305175781,77.0,77.5999984741211,31578.0,0.04864862802866332,77.05999908447265,0.10227268170719395,74.26000022888184,0.06301367772768618,73.33333333333333,-0.018452389109161804,74.61857833862305,0.02342888098443242,77.90695508148816,33932.25,0.9306191012974383,0.04497708369168896,6918.TW,2026-09-01,0.07749622756198149,0.07429420729794867,bull,0.2102325581395349,0.26046511627906976,2026-03-31,2026-05-15,219385000.0,145307000.0,52877000.0,58755000.0,11065000.0,47501000.0,1.39,1203027000.0,380831000.0,1686462000.0,542764000.0,1143698000.0,607226000.0,,157857000.0,,0.1883243979235809,42918970.81099481,1305631000.0,0.0328722057081938,0.0415328172297232,0.0281660660008941,0.474569335611324,0.6623378991271053,0.2410237709961939,0.2165189051211341,0.1171055110572492,,,82.25632418471866,82.25632418471866,False,65.92948565647795,65.92948565647795,70.01119528853813,74.0,True,False,True,True,True,True,True,False,True,False,True,True,True,True,True,False,False,11,False,0.05818179737437856,0.03995546688075713,1.0,2633142.5482234955,0.8027906976744186,1.0,2.0,,,,,,0.0636318559601071,0.0501730444714334,0.22641110605630677,-1.1352356943414856,0.8153225806451614,-1.1352356943414856,0.7286720158620563,-74.0,0.8709677419354839,0.6854838709677419,0.8225806451612904,0.8637096774193549,0.8056451612903226,愛派司
285.5,297.5,285.0,289.0,415693.0,0.10305343511450382,283.7,0.13779527559055116,273.75,0.07835820895522394,270.255788675944,0.10516252390057357,281.32372767130533,0.03370150099122066,48.63387978142076,380942.6,1.091222142128499,0.055707762557077656,6937.TW,2026-09-01,0.07749622756198149,0.07429420729794867,bull,0.14325581395348838,0.23534883720930233,2026-03-31,2026-05-15,582447000.0,243295000.0,75551000.0,79509000.0,17753000.0,64817000.0,0.96,2979355000.0,819804000.0,4523134000.0,1044661000.0,3478473000.0,472664000.0,71200000.0,178118000.0,,0.2232828987913317,58681753.71341609,3703330000.0,0.0158456723309605,0.0186337510741063,0.0143301082833274,0.3003217216290021,0.4177118261404042,0.1297130897746919,0.1112839451486573,0.2629110526156022,,,64.73082411847425,64.73082411847425,False,70.22110271532341,70.22110271532341,68.84853306611112,214.0,True,False,True,True,True,True,True,False,True,True,False,True,True,True,True,False,False,11,False,0.06935729819475434,0.027286259826840853,1.0,110092411.39999999,0.32372093023255816,2.0,3.0,,,,,,-0.027093653505587175,-0.09694253712075852,0.18213457430763016,-1.9644882334728313,0.23629032258064514,-1.9644882334728313,0.4721386477077855,-214.0,0.717741935483871,0.6290322580645161,0.5080645161290323,0.6862903225806452,0.6491935483870968,天虹
168.5,172.5,167.5,168.0,144910.0,0.018181818181818077,168.0,0.05113104931157908,163.53798599243163,0.04024767801857587,165.80822067260743,0.1200000000000001,166.71661033630372,0.020997852795438574,58.92857142857143,71460.45,2.0278349772496536,0.027284266590973383,4569.TW,2026-09-01,0.07749622756198149,0.07429420729794867,bull,0.3497674418604651,0.32372093023255816,2026-03-31,2026-05-15,499360000.0,140363000.0,83034000.0,97767000.0,0.0,97775000.0,3.22,1983309000.0,282050000.0,3633624000.0,903370000.0,2730254000.0,909890000.0,,,478335000.0,0.0,83034000.0,3351574000.0,0.0247746282791309,0.0358116863852227,0.0269083977868926,0.3308739772929551,0.281085789810958,0.1662808394745274,0.1958006247997436,0.0656468870972559,,,67.09571560472591,67.09571560472591,False,57.820763592285466,57.820763592285466,60.13950159539558,190.0,True,False,True,True,True,False,True,True,False,False,True,True,True,True,True,False,False,10,False,0.013218761521603284,0.007698031174622644,1.0,12005355.6,0.5972093023255814,2.0,3.0,,,,,,0.04123235078183573,0.015868146271108965,0.20406698555523842,-1.193925366060057,0.7024193548387097,-1.193925366060057,0.24555412720469233,-190.0,0.75,0.20967741935483872,0.1935483870967742,0.6665322580645161,0.4766129032258064,六方科-KY
145.0,151.5,145.0,147.0,114155.0,0.0,145.7,0.10943396226415092,142.7,0.20201034769342918,142.47691078186034,0.2661876630782469,131.999968846639,0.024775583482944265,63.63636363636363,93839.5,1.216491988981186,0.030133146461107208,7631.TW,2026-09-01,0.07749622756198149,0.07429420729794867,bull,0.19534883720930232,0.09302325581395349,2026-03-31,2026-05-15,408502000.0,93897000.0,47524000.0,48469000.0,12978000.0,35491000.0,1.76,1335645000.0,556998000.0,1567579000.0,716274000.0,851305000.0,481233000.0,,138157000.0,,0.2677587736491366,34799032.04109843,1010581000.0,0.0344346787057132,0.041690111064777,0.0226406452242598,0.8413835229441857,0.2298568917655238,0.1163372517148018,0.0868808475845895,0.9934122561314817,,,69.1770822702721,69.1770822702721,False,78.19985600568133,78.19985600568133,75.94416257182901,171.0,True,True,True,True,True,True,True,True,True,True,True,True,True,True,True,False,False,14,False,0.03174612078068395,0.11363662646608974,1.0,13794406.5,0.5851162790697675,2.0,3.0,,,,,,0.023209775836647177,-0.03811180897121332,0.24897427137657818,-1.2665374998209302,0.6375000000000001,-1.2665374998209302,0.5309333459742127,-171.0,0.7661290322580645,0.8387096774193549,0.5806451612903226,0.7383064516129032,0.7508064516129032,聚賢研發-創
217.0,229.0,217.0,220.5,85177.0,0.006849315068493178,222.5,0.04750593824228022,216.875,0.15143603133159278,211.18733978271484,0.3008849557522124,187.1478365580241,0.015257589830189173,53.52112676056338,78292.85,1.0879282080036683,0.01671469740634013,6957.TW,2026-09-01,0.07749622756198149,0.07429420729794867,bull,0.36465116279069765,0.13023255813953488,2026-03-31,2026-05-15,1008397000.0,304729000.0,100942000.0,102458000.0,25691000.0,82568000.0,1.51,2765058000.0,1395803000.0,5405505000.0,3045045000.0,2360460000.0,1274466000.0,40000000.0,27000000.0,945042000.0,0.2507466474067423,75631131.9174686,4009702000.0,0.0188620331180393,0.0349796226159307,0.0152747985618364,1.2900218601459037,0.3021914979913665,0.1001014481399686,0.0818804498625045,0.2868739487648066,,,57.7309173012778,57.7309173012778,False,64.62041852508669,64.62041852508669,62.89804321913447,286.0,True,False,True,True,True,True,True,True,False,True,True,True,True,True,False,False,False,12,False,0.044096678460303185,0.17821292543574363,1.0,17263573.425,0.5544186046511628,2.0,3.0,,,,,,0.03591100372618077,-0.01911889428859986,0.32649132610220705,-0.3407996461527254,0.8064516129032258,-0.3407996461527254,0.8034278113295201,-286.0,0.6290322580645161,0.3225806451612903,0.9032258064516129,0.6701612903225806,0.5919354838709677,裕慶-KY
507.0,554.0,498.0,538.0,1290147.0,-0.023593466424682408,547.0,0.2870813397129186,521.325,0.47397260273972597,483.2583333333333,0.32865256184813507,433.97909393310545,0.09464566929133868,54.651162790697676,1504385.75,0.8575905481689121,0.03198580539970264,7795.TW,2026-09-01,0.07749622756198149,0.07429420729794867,bull,0.05023255813953489,0.027906976744186046,2026-03-31,2026-05-15,417748000.0,164583000.0,45923000.0,46458000.0,30360000.0,16098000.0,0.21,3862664000.0,1062319000.0,4174097000.0,1361173000.0,2812924000.0,2813974000.0,298396000.0,,,0.4,27553800.0,3111778000.0,0.008854680507414,0.0057228705787998,0.0038566425265153,0.4838996716583882,0.3939767515344178,0.1099299098978331,0.0385351934659172,,,,44.88151404428712,44.88151404428712,False,78.40656905462639,78.40656905462639,70.02530530204157,434.0,True,True,True,True,True,True,True,True,True,True,True,True,True,True,False,False,False,14,False,0.11327619803072886,0.23969105314305428,1.0,809359533.5,0.12930232558139534,3.0,3.0,,,,,,-0.025843785994540007,-0.1107503586384925,0.2838219558491217,-1.6847443359898577,0.4096774193548387,-1.6847443359898577,0.43297868819139984,-434.0,0.5161290322580645,0.6935483870967742,0.43548387096774194,0.5040322580645161,0.5532258064516129,長廣
