Open,High,Low,Close,Volume,ret5,ma5,ret20,ma20,ret60,ma60,ret120,ma120,ma20_slope,rsi14,volume_ma20,volume_ratio,ma20_deviation,symbol,date,benchmark_ret20,benchmark_ret60,market_regime,rs20_rank_pct,rs60_rank_pct,period_date,as_of_date,revenue,gross_profit,operating_income,pretax_income,tax_expense,net_income_parent,eps,current_assets,current_liabilities,assets,liabilities,equity,cash,short_borrowings,long_borrowings,bonds_payable,tax_rate,nopat,invested_capital_proxy,roic_proxy,roe,roa,debt_to_equity,gross_margin,operating_margin,net_margin,revenue_growth,pe,pb,eva_like_score,fundamental_score,fundamental_pass,technical_score,score,final_score,fundamental_rank,pass_market,pass_score,pass_rs20,pass_rs60,pass_close_ma20,pass_ma20_ma60,pass_ma20_slope,pass_rsi,pass_ret20_benchmark,pass_ret60_benchmark,pass_ret5_cap,pass_ret20_cap,pass_volume_ratio,pass_ma20_deviation,pass_fundamental_score,pass_fundamental_filter,pass_fundamental_universe,entry_pass_count,entry_all_pass,close_ma60_ratio,close_ma120_ratio,above_ma120,turnover20,liquidity_rank,price_bucket,eva_rank_bucket,forward_60d_return,forward_60d_max_drawdown,reward_60,fwd60_rank_label,top_quantile_60,reg_forward60,reg_reward60,cls_topq60,rank_forward60,ensemble_score,ranker_score,stable_ensemble_score,fundamental_rank_score,fundamental_score_rank,final_score_rank,stable_ml_rank,fund_ml_85_15,fund_final_ml,name
16.299999237060547,16.450000762939453,16.200000762939453,16.299999237060547,213098.0,0.0251572093161627,16.119999504089357,0.009287902295562,16.019999694824218,0.147887285633991,15.483173815409344,-0.009118633369115,15.438670245806376,0.0056497091936868,59.25926972483283,271445.25,0.7850496555014317,0.0174781240680541,1110.TW,2026-08-12,-0.004325899027792,0.129967762324771,neutral,0.283595922150139,0.2059369202226345,2026-03-31,2026-05-15,582643000.0,83497000.0,44070000.0,33666000.0,8657000.0,25695000.0,0.05,2827051000.0,1931603000.0,12789768000.0,3130316000.0,9659452000.0,402347000.0,1166000000.0,483161000.0,,0.2571437058159567,32737676.884690788,10858165000.0,0.0030150284955782,0.0026600887917865,0.0020090278416309,0.3240676593247732,0.1433073082487904,0.0756380836979076,0.0441007615297875,-0.2132017328270251,,,22.850230007474945,22.850230007474945,False,70.86606491874875,70.86606491874875,58.8621061909303,813.0,True,False,True,True,True,True,True,True,True,True,True,True,False,True,False,False,False,12,False,0.0527556837757821,0.055790361316133,1.0,4424557.367903709,0.7599629286376274,0.0,3.0,,,,,,0.0455899207208191,0.0185566522386183,0.1312468381383341,-1.911475309733149,0.4014925373134328,-1.911475309733149,0.376607276119403,-813.0,0.1567164179104477,0.1791044776119403,0.3134328358208955,0.1802238805970149,0.1947761194029851,東泥
32.04999923706055,32.45000076293945,32.0,32.29999923706055,142013.0,0.0221518622512832,32.01000022888184,0.0141286923140078,32.0350001335144,0.0967741392288041,31.02166681289673,-0.0122324622797026,31.700833384195963,0.0046256351829798,56.41026644234907,132156.85,1.074579183750218,0.0082721742607052,1321.TW,2026-08-12,-0.004325899027792,0.129967762324771,neutral,0.2650602409638554,0.2922077922077922,2026-03-31,2026-05-15,880894000.0,105477000.0,20883000.0,93159000.0,58043000.0,35116000.0,0.16,2103160000.0,996940000.0,11565078000.0,5771280000.0,5793798000.0,430438000.0,490000000.0,3742014000.0,,0.4,12529800.0,10568138000.0,0.0011856203997336,0.0060609638099222,0.0030363824610607,0.9961134302576652,0.119738583756956,0.0237065980696882,0.0398640472065878,-0.1112010218886778,,,14.654052606066369,14.654052606066369,False,65.9541350659213,65.9541350659213,53.129114450957566,967.0,True,False,True,True,True,True,True,True,True,False,True,True,True,True,False,False,False,12,False,0.0412077285167788,0.0189006341127704,1.0,4268666.1541723255,0.7664504170528267,1.0,3.0,,,,,,0.022985111031031,-0.0219948596513638,0.1338912262336514,-1.6795337896427045,0.310820895522388,-1.6795337896427045,0.2734159578451827,-967.0,0.0746268656716417,0.0746268656716417,0.1791044776119403,0.0902985074626865,0.0955223880597014,大洋
21.200000762939453,21.700000762939453,20.950000762939453,21.600000381469727,145722.0,0.0936709053908722,20.910000228881835,0.0773067931865127,20.172500133514404,0.1284787955474764,19.94073785146077,0.2037108272018202,19.528412644068403,0.0091295685728637,77.0491300940978,76421.5,1.9068194160020413,0.0707646666752865,1323.TW,2026-08-12,-0.004325899027792,0.129967762324771,neutral,0.1121408711770157,0.2328385899814471,2026-03-31,2026-05-15,530894000.0,98916000.0,23645000.0,38156000.0,5647000.0,32509000.0,0.36,2570405000.0,691151000.0,4744350000.0,2167294000.0,2577056000.0,950712000.0,,1220000000.0,,0.1479976936785826,20145594.532969914,4053199000.0,0.004970294952942,0.0126147821389989,0.0068521504526436,0.8409960823513343,0.1863196796347293,0.0445380810481941,0.0612344460476102,0.0092658073837497,,,28.08704419011924,28.08704419011924,False,74.15503620474355,74.15503620474355,62.63803820108747,717.0,True,False,True,True,True,True,True,False,True,False,True,True,True,True,False,False,False,11,False,0.0832096857382538,0.1060807027769639,1.0,1650704.4291524887,0.8832252085264134,0.0,3.0,,,,,,0.0697338821613183,0.0298523277811936,0.2401026576728885,-1.1987616652002917,0.7194029850746269,-1.1987616652002917,0.6903825088286748,-717.0,0.2238805970149253,0.3358208955223881,0.7835820895522388,0.3078358208955224,0.3694029850746269,永裕
45.25,46.04999923706055,45.0,46.04999923706055,157163.0,0.0359954656166194,45.3,0.0383314728619761,44.562500381469725,0.1384424812978457,43.99749997456868,0.0734265174625097,42.73916660944621,0.0043385195691324,62.22220526801212,97721.9,1.608267952219513,0.0333800581847369,1339.TW,2026-08-12,-0.004325899027792,0.129967762324771,neutral,0.1872103799814643,0.2207792207792207,2026-03-31,2026-05-15,394676000.0,97156000.0,-1039000.0,239290000.0,15507000.0,206388000.0,2.78,1829193000.0,837135000.0,5225726000.0,1066079000.0,4159647000.0,705809000.0,,152479000.0,,0.0648042124618663,-971668.4232521208,4388591000.0,-0.0002214078330042,0.0496167102641161,0.0394946080219284,0.2562907381323463,0.2461664757928022,-0.0026325390953592,0.5229302009749769,-0.2023637499065291,,,43.397534008094304,43.397534008094304,False,80.21897414129424,80.21897414129424,71.01361410799426,459.0,True,True,True,True,True,True,True,True,True,True,True,True,True,True,False,False,False,14,False,0.0466503611268422,0.0774660081201157,1.0,4500093.420444107,0.7571825764596849,1.0,3.0,,,,,,0.0717163917386648,0.0373780858143814,0.1688835970861119,-1.3875592972398794,0.616044776119403,-1.3875592972398794,0.5777071482211584,-459.0,0.5,0.7164179104477612,0.5746268656716418,0.5111940298507462,0.5798507462686567,昭輝
19.700000762939453,19.700000762939453,19.0,19.049999237060547,195115.0,-0.0230769622020232,19.399999618530277,0.0438355746334546,18.76999979019165,0.1981131883084566,17.73916656176249,-0.02178334072471,17.729425644874574,0.0050870137561865,63.54166087176975,319520.75,0.6106489171673514,0.0149173921150074,1414.TW,2026-08-12,-0.004325899027792,0.129967762324771,neutral,0.1760889712696941,0.1567717996289425,2026-03-31,2026-05-15,113452000.0,12596000.0,-7033000.0,11377000.0,382000.0,10995000.0,0.06,876335000.0,611698000.0,4159720000.0,1289474000.0,2870246000.0,113194000.0,505000000.0,,,0.033576514019513,-6796856.376900765,3548022000.0,-0.0019156748117403,0.0038306821087809,0.0026432067543007,0.4492555690348492,0.1110249268413073,-0.0619909741564714,0.0969132320276416,-0.1489036091252128,,,15.88871955373819,15.88871955373819,False,74.21708424546985,74.21708424546985,59.634993072536936,938.0,True,False,True,True,True,True,True,True,True,True,True,True,False,True,False,False,False,12,False,0.0738948287527561,0.0744848490096314,1.0,6086870.043725014,0.7201112140871178,0.0,3.0,,,,,,0.022938360688889,-0.0032084222297393,0.1785877292365144,-2.033037034378585,0.3436567164179104,-2.033037034378585,0.391349442304606,-938.0,0.0820895522388059,0.2014925373134328,0.3358208955223881,0.1201492537313432,0.1686567164179104,東和
29.450000762939453,29.450000762939453,28.5,28.850000381469727,34019.0,0.0087412586246669,28.65,0.1633065027823448,27.217164993286133,0.1335952658783958,25.63988838195801,-0.0351170317878474,26.55536082585653,0.0436163616296393,67.34785552700836,64095.15,0.5307577874456959,0.0599928533550933,1439.TW,2026-08-12,-0.004325899027792,0.129967762324771,neutral,0.0370713623725671,0.2263450834879406,2026-03-31,2026-05-15,75912000.0,22864000.0,4904000.0,59736000.0,1630000.0,54161000.0,0.59,3556714000.0,2128037000.0,6084300000.0,2619482000.0,3464818000.0,685342000.0,1313697000.0,338000000.0,,0.0272867282710593,4770185.884558725,3956263000.0,0.0012057302268728,0.0156317012899378,0.0089017635553802,0.7560229714807531,0.3011908525661292,0.0646011170829381,0.7134708609969438,-0.4434481696811513,,,31.08546525604612,31.08546525604612,False,76.17546368009519,76.17546368009519,64.90296407408292,660.0,True,True,True,True,True,True,True,True,True,True,True,True,False,True,False,False,False,13,False,0.1251999209860279,0.0864096545575439,1.0,1849145.1019503595,0.8646895273401297,0.0,3.0,,,,,,0.0366213298947483,0.0001349506688425,0.149729019845864,-1.58663920019174,0.4149253731343283,-1.58663920019174,0.3611676457182999,-660.0,0.3059701492537313,0.4776119402985074,0.291044776119403,0.3037313432835821,0.3544776119402985,雋揚
13.649999618530272,13.949999809265137,13.600000381469728,13.600000381469728,2341288.0,0.1056910707785279,13.189999961853028,0.0342205913303099,12.752499961853028,0.1982378787998457,13.03510840733846,0.0187265912251963,12.923804179827371,0.0027081438378506,65.9574442181779,2161040.05,1.0834079636793406,0.0664575904451563,1440.TW,2026-08-12,-0.004325899027792,0.129967762324771,neutral,0.1983317886932344,0.1558441558441558,2026-03-31,2026-05-15,3372657000.0,294268000.0,-129416000.0,-64775000.0,8778000.0,-78150000.0,-0.05,12562200000.0,9846736000.0,45799105000.0,17769583000.0,28029522000.0,4400648000.0,5866840000.0,3989879000.0,,0.0,-129416000.0,35952369000.0,-0.0035996515278311,-0.002788131741954,-0.0017063652226391,0.6339595445116759,0.0872510901642236,-0.0383721202600798,-0.0231716418242353,-0.1955247737019332,,,12.51873256872129,12.51873256872129,False,65.87886999065893,65.87886999065893,52.53883563517452,1002.0,True,False,True,True,True,False,True,True,True,True,False,True,True,True,False,False,False,11,False,0.0433361930318314,0.0523217616294298,1.0,29390145.50437136,0.5060240963855421,0.0,3.0,,,,,,0.033931575097376,-0.0057680628397394,0.1421899191335807,-1.8447732191959283,0.3406716417910447,-1.8447732191959283,0.4255350346793622,-1002.0,0.044776119402985,0.0522388059701492,0.4104477611940298,0.0996268656716417,0.1201492537313433,南紡
9.609999656677246,9.989999771118164,9.609999656677246,9.970000267028809,2073487.0,0.1265536539302478,9.470000076293946,0.0561441430301405,9.066000032424927,0.2203182587424619,9.292152929306033,0.1729412078857422,8.943326461315156,0.0060478286056079,67.77779229875605,1134871.7,1.8270673239979465,0.0997132397276292,1455.TW,2026-08-12,-0.004325899027792,0.129967762324771,neutral,0.1464318813716404,0.1363636363636363,2026-03-31,2026-05-15,1265739000.0,26904000.0,-45175000.0,-32149000.0,-5368000.0,-26781000.0,-0.05,3072494000.0,1880065000.0,9399593000.0,3651618000.0,5747975000.0,484215000.0,608371000.0,1509426000.0,,0.1669725341379203,-37632015.77031945,7519528000.0,-0.0050045715329897,-0.004659206068224,-0.0028491659160135,0.6352877317664047,0.0212555669059735,-0.0356906123616322,-0.0211583904738654,-0.319428201806952,,,12.511705122929076,12.511705122929076,False,71.08428126179493,71.08428126179493,56.441137227078464,1003.0,True,False,True,True,True,False,True,True,True,True,False,True,True,True,False,False,False,11,False,0.0729483622234574,0.1147977556398713,1.0,11314671.152043438,0.6404077849860983,0.0,3.0,,,,,,0.0773527781357724,0.0255621365288452,0.1687850665405774,-1.5890730167434044,0.5828358208955223,-1.5890730167434044,0.598526162720219,-1003.0,0.0373134328358208,0.1417910447761194,0.6119402985074627,0.1235074626865671,0.1835820895522388,集盛
13.350000381469728,13.399999618530272,13.149999618530272,13.399999618530272,36000.0,-0.0324910289202247,13.469999885559082,0.0468749545980249,13.577500009536744,0.1166666348775227,12.568333355585734,0.0387596910686549,12.469583328564962,0.0174222540598021,50.0,58718.25,0.6130972908763459,-0.0130731276657556,1468.TW,2026-08-12,-0.004325899027792,0.129967762324771,neutral,0.1668211306765523,0.2551020408163265,2026-03-31,2026-05-15,127625000.0,33061000.0,6858000.0,37576000.0,10255000.0,27394000.0,0.17,2026221000.0,1309595000.0,3251907000.0,1720312000.0,1531595000.0,422483000.0,1024218000.0,318861000.0,,0.2729135618479881,4986358.792846498,1942312000.0,0.002567228536325,0.0178859293742797,0.0084239801445736,1.1232159937842576,0.2590479921645445,0.0537355533790401,0.2146444662095984,-0.4821632894854295,,,27.22145617109853,27.22145617109853,False,63.61781505929527,63.61781505929527,54.51872533724609,731.0,True,False,True,True,False,True,True,True,True,False,True,True,False,True,False,False,False,10,False,0.0661715630398138,0.0746148660664498,1.0,786824.5276007651,0.9508804448563484,0.0,3.0,,,,,,0.1032145336567331,0.0708371296599222,0.2109279922397085,-0.916039250257297,0.7787313432835821,-0.916039250257297,0.8088630521634255,-731.0,0.2164179104477611,0.0970149253731343,0.8805970149253731,0.3160447761194029,0.3134328358208955,昶和
23.100000381469727,23.950000762939453,23.100000381469727,23.450000762939453,10355.0,0.0240175176231935,23.210000228881835,0.0195652505625849,23.020000076293947,0.1463571188142722,22.07282654444377,0.0608831838522458,21.953202104568483,0.0156629171929074,64.17912232316311,11373.25,0.9104697425977624,0.0186794389756896,1470.TW,2026-08-12,-0.004325899027792,0.129967762324771,neutral,0.2428174235403151,0.2087198515769944,2026-03-31,2026-05-15,191305000.0,51630000.0,23476000.0,33194000.0,6523000.0,26671000.0,0.31,639175000.0,186883000.0,1180792000.0,196077000.0,984715000.0,246931000.0,25000000.0,,,0.196511417726095,18862697.95746219,993909000.0,0.0189782947507892,0.0270849941353589,0.0225873820283335,0.1991205577248239,0.2698831708528266,0.1227150361987402,0.1394161156268785,-0.1058090510512195,,,51.74217296976339,51.74217296976339,False,70.52174278215858,70.52174278215858,65.82685032905978,342.0,True,False,True,True,True,True,True,True,True,True,True,True,True,True,False,False,False,13,False,0.0623922910698697,0.0681813364283421,1.0,266702.72117710114,0.989805375347544,0.0,3.0,,,,,,0.1308081760093884,0.0674834707238484,0.2451535166834068,-1.2307797206966362,0.8115671641791046,-1.2307797206966362,0.7903327801364634,-342.0,0.5895522388059702,0.5,0.8731343283582089,0.6320895522388059,0.6194029850746269,大統新創
12.199999809265137,12.199999809265137,11.800000190734863,12.050000190734863,1269264.0,0.0616739899328964,11.880000114440918,0.0954545627940783,11.627500009536742,0.1990049713475437,10.838333320617677,0.0255319311263713,10.97166669368744,0.0255788364666066,58.22785971467501,2008877.3,0.6318275386953698,0.036336287323293,1517.TW,2026-08-12,-0.004325899027792,0.129967762324771,neutral,0.088044485634847,0.1549165120593692,2026-03-31,2026-05-15,438193000.0,4957000.0,-85854000.0,-50616000.0,-13838000.0,-41849000.0,-0.19,2856330000.0,505082000.0,4156878000.0,660249000.0,3496629000.0,748897000.0,,,,0.2733918128654971,-62382219.298245616,3651796000.0,-0.0170826134039923,-0.0119683844068101,-0.010067411167708,0.1888244363356821,0.0113123669250763,-0.1959273653390172,-0.0955035794729719,-0.2058095362375577,,,14.285714285714285,14.285714285714285,False,78.43362070049479,78.43362070049479,62.39664409679966,974.0,True,True,True,True,True,True,True,True,True,True,True,True,False,True,False,False,False,13,False,0.1117945752611468,0.0982834720697307,1.0,24206971.848162934,0.5338276181649676,0.0,3.0,,,,,,0.0326503555134841,-0.0355021328754992,0.2442253480888155,-1.880118954720424,0.4212686567164179,-1.880118954720424,0.401731393797801,-974.0,0.0671641791044776,0.3208955223880597,0.3805970149253731,0.1141791044776119,0.2059701492537313,利奇
1530.0,1615.0,1530.0,1595.0,581240.0,0.0562913907284767,1566.0,0.1927772302589225,1420.3903259277345,0.1153846153846154,1375.1149169921875,0.3127572016460904,1288.1407918294271,0.0508995576532577,69.0,1027594.6,0.5656316216531305,0.122930768314138,1590.TW,2026-08-12,-0.004325899027792,0.129967762324771,neutral,0.0324374420759962,0.2574211502782931,2026-03-31,2026-05-15,10013502000.0,4803572000.0,3324875000.0,3424107000.0,753181000.0,2670974000.0,13.35,29736697000.0,10608563000.0,61857103000.0,11001347000.0,50855756000.0,6148132000.0,266664000.0,,,0.2199642125669554,2593521488.741444,51248540000.0,0.050606739016203,0.0525205839040127,0.043179746067319,0.2163245198832556,0.4797094962381792,0.3320391806982212,0.2667372513632094,0.2368329227850061,,,92.8369943680382,92.8369943680382,False,78.70245909187389,78.70245909187389,82.23609291091498,23.0,True,True,True,True,True,True,True,True,True,False,True,True,False,True,True,False,False,12,False,0.1599030599484521,0.2382186870542071,1.0,1639013387.0,0.0852641334569045,3.0,1.0,,,,,,-0.0062946931832279,-0.0757365941581844,0.2103483417033818,-1.2260469292358258,0.3444029850746268,-1.2260469292358258,0.4319439724643162,-23.0,0.9701492537313432,0.9477611940298508,0.417910447761194,0.8873134328358209,0.8529850746268657,亞德客-KY
20.600000381469727,20.700000762939453,20.39999961853028,20.600000381469727,255759.0,0.0223325444892625,20.370000076293945,0.0404040997593464,20.095000076293942,0.0520606895616588,19.800290648142497,0.0520606895616588,19.60481034914653,0.0136191666899212,61.24998986721522,475963.9,0.5373495763019002,0.0251306446010681,1598.TW,2026-08-12,-0.004325899027792,0.129967762324771,neutral,0.1821130676552363,0.3998144712430426,2026-03-31,2026-05-15,1638270000.0,690078000.0,57360000.0,64104000.0,29471000.0,41640000.0,0.25,4112323000.0,3729262000.0,10177038000.0,5632832000.0,4544206000.0,828820000.0,2257573000.0,1564802000.0,0.0,0.4,34416000.0,6447776000.0,0.0053376544098306,0.009163316979908,0.0040915637732707,1.2395635233085824,0.4212236078302111,0.0350125437198996,0.0254170557966635,-0.1211837067061192,,,29.108093554474383,29.108093554474383,False,71.35770005356116,71.35770005356116,60.795298428789465,696.0,True,False,True,True,True,True,True,True,True,False,True,True,False,True,False,False,False,11,False,0.0403887875960169,0.0507625432023894,1.0,9804856.52156582,0.6580166821130676,0.0,3.0,,,,,,0.0600554623315455,0.0302603945760122,0.2029065452636444,-1.2878729417148185,0.6205223880597015,-1.2878729417148185,0.6452399843095692,-696.0,0.2462686567164179,0.2537313432835821,0.6865671641791045,0.3123134328358208,0.3365671641791045,岱宇
38.5,41.0,38.29999923706055,40.0,94217333.0,0.1477762338986383,37.01999969482422,0.1428571428571428,33.56249990463257,0.2150625314969239,35.70547183354696,0.1320249146184726,33.94687741597493,0.0215340036617318,67.98866656537365,29865834.6,3.1546860907078083,0.1918063348576391,1605.TW,2026-08-12,-0.004325899027792,0.129967762324771,neutral,0.0444856348470806,0.1456400742115028,2026-03-31,2026-05-15,41070352000.0,3192789000.0,547321000.0,4060027000.0,562012000.0,3584927000.0,0.81,90410765000.0,60341422000.0,306209880000.0,131730308000.0,174479572000.0,13913788000.0,12903118000.0,50244505000.0,5300000000.0,0.1384256804203519,471557718.1666526,245868458000.0,0.0019179268540686,0.0205463995521492,0.0117074178011499,0.7549898620796709,0.0777395090258783,0.0133264258363307,0.0872874671247034,-0.0841324099926965,,,22.373994815385178,22.373994815385178,False,72.25924402666261,72.25924402666261,59.78793172384326,820.0,True,False,True,True,True,False,True,True,True,True,False,True,False,False,False,False,False,9,False,0.1202764715300059,0.1783116164073621,1.0,1194633384.0,0.1028730305838739,1.0,3.0,,,,,,-0.0029669054774407,-0.0720809675366051,0.2054970771210765,-1.7525955282001908,0.2716417910447761,-1.7525955282001908,0.3301749409054247,-820.0,0.1492537313432835,0.208955223880597,0.2611940298507462,0.1660447761194029,0.1895522388059701,華新
36.29999923706055,39.20000076293945,36.29999923706055,37.95000076293945,19547551.0,0.1362275158441273,35.900000762939456,0.2070635622198842,31.565125942230225,0.2085987650950092,33.286210759480795,0.1500000231193774,33.29643861452738,0.0290638580885241,74.06250812113478,5847376.35,3.342960984544804,0.2022762346139432,1608.TW,2026-08-12,-0.004325899027792,0.129967762324771,neutral,0.0278035217794253,0.1484230055658627,2026-03-31,2026-05-15,3453119000.0,483830000.0,419422000.0,270760000.0,67589000.0,157429000.0,0.37,9405391000.0,5028451000.0,16894935000.0,5965058000.0,10929877000.0,686209000.0,3168114000.0,,,0.2496269759196336,314722954.5058354,11866484000.0,0.026522005549903,0.0144035472677322,0.009318118122384,0.5457571022985894,0.1401139086142122,0.1214617857073561,0.0455903778583941,0.2223962317651353,,,50.67079431646654,50.67079431646654,False,70.45531920747067,70.45531920747067,65.50918798471963,359.0,True,False,True,True,True,False,True,False,True,True,False,True,False,False,False,False,False,8,False,0.1401117729247774,0.1397615583542228,1.0,221907936.9436941,0.2567191844300278,1.0,3.0,,,,,,-0.0102131979395534,-0.0963837823181474,0.2228390941386108,-1.535935182664885,0.3164179104477612,-1.535935182664885,0.2120638080858728,-359.0,0.5671641791044776,0.4925373134328358,0.126865671641791,0.5011194029850746,0.4567164179104477,華榮
41.0,41.5,41.0,41.34999847412109,1068794.0,0.0740259343927554,39.93999938964844,0.0740259343927554,38.54999961853027,0.0853018406866215,40.34833323160807,-0.0559360914524044,40.44333327611288,0.0092283466856808,66.86391761326959,738777.85,1.446705528596993,0.0726329152606504,1618.TW,2026-08-12,-0.004325899027792,0.129967762324771,neutral,0.1167747914735866,0.3126159554730983,2026-03-31,2026-05-15,1166170000.0,393476000.0,351688000.0,377918000.0,75657000.0,302261000.0,1.57,4189192000.0,1792843000.0,8312081000.0,1873571000.0,6438510000.0,456109000.0,831869000.0,,,0.2001942220270005,281282094.4437682,6519238000.0,0.0431464681062063,0.04694579957164,0.0363640585311909,0.2909945002803443,0.3374087825960195,0.3015752420316077,0.2591911985388065,0.0721134840447537,,,81.36310017392262,81.36310017392262,False,66.9411823642501,66.9411823642501,70.54666181666823,80.0,True,False,True,True,True,False,True,True,True,False,True,True,True,True,True,False,False,11,False,0.0248254428940903,0.0224181620198877,1.0,30548462.970214456,0.5013901760889713,1.0,2.0,,,,,,0.0324681785560596,-0.0271506501657906,0.1807282962990387,-1.898851071030516,0.332089552238806,-1.898851071030516,0.3775602108482411,-80.0,0.8880597014925373,0.6940298507462687,0.3208955223880597,0.8029850746268656,0.7164179104477613,合機
27.450000762939453,28.299999237060547,27.049999237060547,28.0,5140629.0,0.0687022589559116,27.629999542236327,0.023765982064507,26.07750005722046,0.5342465753424657,23.089999993642174,0.6716417910447761,20.567499987284343,0.0138996881751963,53.50876811395369,4642762.15,1.1072350540292053,0.0737225554045097,1709.TW,2026-08-12,-0.004325899027792,0.129967762324771,neutral,0.2233549582947173,0.0269016697588126,2026-03-31,2026-05-15,2424471000.0,492933000.0,320616000.0,344786000.0,79982000.0,264726000.0,0.55,5694389000.0,2189161000.0,12130526000.0,3134319000.0,8996207000.0,600735000.0,285000000.0,20699000.0,,0.2319757762786192,246240854.51265424,9941365000.0,0.0247693203612033,0.0294264015934715,0.021823126218929,0.34840449980753,0.2033156923716555,0.1322416312671919,0.1091891798252072,-0.0753599255550004,,,52.52750676874495,52.52750676874495,False,76.34039025664481,76.34039025664481,70.38716938466985,330.0,True,True,True,True,True,True,True,True,True,True,True,True,True,True,False,False,False,14,False,0.2126461675058377,0.3613710960160798,1.0,129997340.20000002,0.3113994439295644,0.0,3.0,,,,,,0.0416686048941173,-0.0451543675839936,0.2453443780840228,-1.319197325535969,0.525,-1.319197325535969,0.6019270504717069,-330.0,0.6044776119402985,0.6865671641791045,0.6268656716417911,0.6078358208955223,0.6335820895522388,和益
148.0,148.0,138.5,139.0,1482428.0,0.0334572490706319,140.6,0.0610687022900764,132.1654800415039,0.1120000000000001,124.63016001383464,0.0109090909090909,125.24008000691732,0.0202639360233879,55.33515918967929,1077609.25,1.3756637668060103,0.051711838494816,1736.TW,2026-08-12,-0.004325899027792,0.129967762324771,neutral,0.1380908248378128,0.2643784786641929,2026-03-31,2026-05-15,11791948000.0,6052382000.0,-92539000.0,40175000.0,16051000.0,23921000.0,0.08,30613897000.0,23508674000.0,46411739000.0,32321282000.0,14090457000.0,3157649000.0,7600383000.0,1539220000.0,3000000000.0,0.3995270690728065,-55567164.55507156,22903065000.0,-0.0024261890081118,0.0016976738227865,0.0005154083970005,2.2938419953305984,0.5132639662250885,-0.0078476431544643,0.0020285876430255,0.111450973975419,,,26.12240913361154,26.12240913361154,False,75.39339698585587,75.39339698585587,63.07565002279479,751.0,True,True,True,True,True,True,True,True,True,False,True,True,True,True,False,False,False,13,False,0.1152998598779799,0.1098683424054238,1.0,149787685.75,0.3012048192771084,2.0,3.0,,,,,,-0.0093715411086186,-0.0907492432851091,0.2036470311873614,-1.894314171435335,0.2298507462686567,-1.894314171435335,0.2531468930391669,-751.0,0.1940298507462686,0.373134328358209,0.1641791044776119,0.1895522388059701,0.2417910447761194,喬山
32.45000076293945,32.900001525878906,32.25,32.75,854849.0,0.0108024215320341,32.68999977111817,0.0496794615114783,32.322499942779544,0.1312607646603292,31.060833390553796,0.0429936432442832,30.573750066757206,0.0165906546695968,55.22389164426717,1522504.5,0.56147551616432,0.0132260826971075,1808.TW,2026-08-12,-0.004325899027792,0.129967762324771,neutral,0.1603336422613531,0.2282003710575139,2026-03-31,2026-05-15,5392216000.0,1474911000.0,1229561000.0,1153602000.0,211319000.0,942283000.0,1.06,46784978000.0,26633648000.0,51660398000.0,37973630000.0,13686768000.0,5845055000.0,11570200000.0,207356000.0,10980553000.0,0.1831818946222353,1004327686.4663897,25026750000.0,0.0401301681787043,0.068846275468394,0.0182399485191732,2.774477509957062,0.2735259492572256,0.2280251755493474,0.1747487489373571,173.44891620834682,,,72.1127428848662,72.1127428848662,False,69.16925684077738,69.16925684077738,69.90512835179958,149.0,True,False,True,True,True,True,True,True,True,True,True,True,False,True,True,False,False,12,False,0.054382526965935,0.0711803402752686,1.0,49862022.375,0.432808155699722,1.0,3.0,,,,,,0.1424315050718274,0.037451069493563,0.1956420326812176,-0.7550122609806749,0.7541044776119403,-0.7550122609806749,0.7393730942063874,-149.0,0.7985074626865671,0.664179104477612,0.8208955223880597,0.801865671641791,0.7626865671641792,潤隆
19.850000381469727,19.850000381469727,19.64999961853028,19.75,44467490.0,0.0449735660648558,19.439999771118163,0.0673636539716144,18.995726490020758,0.0851647896749983,18.909637896219888,-0.0294840476767791,19.158985630671182,0.0132992306053984,75.0,46287382.6,0.9606827498602178,0.0397075368702268,2002.TW,2026-08-12,-0.004325899027792,0.129967762324771,neutral,0.1297497683039851,0.313543599257885,2026-03-31,2026-05-15,79161889000.0,2637098000.0,-620543000.0,-966928000.0,893225000.0,-2451833000.0,-0.16,182155729000.0,154652832000.0,675792615000.0,344185931000.0,331606684000.0,19561433000.0,27960343000.0,93161390000.0,62603546000.0,0.0,-620543000.0,521139783000.0,-0.0011907419472521,-0.0073937984917095,-0.0036280849266161,1.0379342383822396,0.0333127219841861,-0.007838910968888,-0.0309723912727752,-0.0481943399382251,,,12.23150247108328,12.23150247108328,False,66.57787837528556,66.57787837528556,52.99128439923499,1008.0,True,False,True,True,True,True,True,False,True,False,True,True,True,True,False,False,False,11,False,0.0444409410900514,0.0308478945974401,1.0,914175806.35,0.1241890639481,0.0,3.0,,,,,,-0.0443706370747908,-0.1108462378174447,0.1316466692157175,-2.056483462625699,0.0895522388059701,-2.056483462625699,0.1862994728150341,-1008.0,0.0298507462686567,0.0671641791044776,0.0970149253731343,0.0399253731343283,0.0544776119402985,中鋼
85.4000015258789,85.4000015258789,82.9000015258789,83.80000305175781,3224558.0,0.0688775691426031,85.98000030517578,0.1671309121163917,76.76500015258789,0.2774391006246217,71.03166669209799,0.2467987017387451,70.53531513214111,0.0530178402507862,70.06370788646292,4243404.5,0.7598988029540903,0.0916433646217189,2006.TW,2026-08-12,-0.004325899027792,0.129967762324771,neutral,0.0352177942539388,0.0946196660482374,2026-03-31,2026-05-15,13602390000.0,2004381000.0,1390762000.0,1521134000.0,302993000.0,1211982000.0,1.66,28387625000.0,18568929000.0,51955456000.0,19405487000.0,32549969000.0,1294546000.0,5329132000.0,260000000.0,,0.1991888946010016,1113737654.5669217,33386527000.0,0.0333588951784928,0.0372345055075167,0.0233273287024946,0.596175283607797,0.1473550603974742,0.1022439438951537,0.089100665397772,-0.0619062729029651,,,52.210458028038886,52.210458028038886,False,79.21492157298582,79.21492157298582,72.46380568674908,336.0,True,True,True,True,True,True,True,True,True,True,True,True,False,True,False,False,False,13,False,0.17975555064767,0.1880573992583232,1.0,355597310.04984283,0.2094531974050046,1.0,3.0,,,,,,0.0446664774219462,-0.0124959606223282,0.2642491495776096,-1.337310733527145,0.6033582089552239,-1.337310733527145,0.6392271742460717,-336.0,0.5970149253731343,0.746268656716418,0.6791044776119403,0.6093283582089551,0.6582089552238806,東和鋼鐵
30.549999237060547,30.950000762939453,30.5,30.549999237060547,21031.0,-0.0192616497212669,30.82999992370605,0.0016393192478867,30.872499847412108,0.1009008734075873,29.950015163421632,0.0462328232482276,29.007924238840744,0.0112184743203164,45.56961414084534,32216.6,0.6528001092604434,-0.0104462097965997,2008.TW,2026-08-12,-0.004325899027792,0.129967762324771,neutral,0.3280815569972196,0.2829313543599258,2026-03-31,2026-05-15,349981000.0,60260000.0,34264000.0,25821000.0,1897000.0,,0.13,2434612000.0,1949854000.0,8362257000.0,4596942000.0,3765315000.0,312935000.0,1633298000.0,2437214000.0,,0.073467332791139,31746715.309244413,6412403000.0,0.0049508297137975,,,1.2208651865780151,0.1721807755278143,0.0979024575619819,,-0.2357091693673075,,,28.43463561506169,28.43463561506169,False,58.08426943108526,58.08426943108526,50.67186097707937,709.0,True,False,True,True,False,True,True,False,True,False,True,True,False,True,False,False,False,9,False,0.0200328470742039,0.0531604738595881,1.0,984217.1054206848,0.9341983317886932,1.0,3.0,,,,,,0.0514693122788997,0.0318418426546859,0.169527849088028,-1.2735210485467612,0.5671641791044776,-1.2735210485467612,0.4650923790140208,-709.0,0.2388059701492537,0.0223880597014925,0.4402985074626865,0.2690298507462686,0.2141791044776119,高興昌
40.04999923706055,41.95000076293945,40.04999923706055,41.34999847412109,6363176.0,0.0754225657643377,40.02000045776367,0.0698576155665697,37.505676651000975,0.1011983838686758,38.85355879465739,-0.0428241262996794,39.96386273701986,0.0128955891902576,65.57005814322028,2186575.85,2.9101098871095643,0.1024997324776304,2009.TW,2026-08-12,-0.004325899027792,0.129967762324771,neutral,0.1251158480074142,0.2820037105751391,2026-03-31,2026-05-15,799069000.0,89698000.0,74091000.0,76674000.0,0.0,,0.21,2492291000.0,1725805000.0,10283213000.0,1994285000.0,8288928000.0,115317000.0,1048111000.0,,,0.0,74091000.0,8557408000.0,0.0086581123629958,,,0.2405962508058943,0.1122531345853737,0.0927216548258035,,0.2957994749140937,,,52.89939291590058,52.89939291590058,False,67.6602337871791,67.6602337871791,63.97002356935947,326.0,True,False,True,True,True,False,True,True,True,False,True,True,True,True,False,False,False,11,False,0.0642525358528283,0.0346847287065972,1.0,90414908.06105004,0.3521779425393883,1.0,3.0,,,,,,-0.0132838000570531,-0.0883032872122535,0.1762559567433922,-2.336693072078489,0.1645522388059701,-2.336693072078489,0.1221774729341704,-326.0,0.6194029850746269,0.4104477611940298,0.0522388059701492,0.5343283582089552,0.4432835820895522,第一銅
23.0,23.200000762939453,22.799999237060547,22.950000762939453,1215405.0,0.0876777416124796,22.750000381469725,0.0699300674427783,21.475000095367434,0.1164903682789466,21.611413574218755,0.134172289340944,21.839973592758177,0.0170494880501063,75.00002509669748,1428630.15,0.8507485299816752,0.0686845476610826,2010.TW,2026-08-12,-0.004325899027792,0.129967762324771,neutral,0.1232622798887859,0.2560296846011132,2026-03-31,2026-05-15,6434872000.0,682639000.0,464114000.0,473003000.0,98964000.0,369123000.0,0.57,15350374000.0,9394504000.0,24093239000.0,11630814000.0,12462425000.0,619531000.0,3537293000.0,1338370000.0,,0.2092248886370699,367009800.0350949,14698735000.0,0.0249688017394078,0.0296188743362547,0.0153206050875932,0.9332705312168378,0.1060843168286797,0.0721248223740891,0.0573629125800792,0.1500844484399826,,,45.75393425343425,45.75393425343425,False,60.62510179339882,60.62510179339882,56.90730990840768,421.0,True,False,True,True,True,False,True,False,True,False,True,True,True,True,False,False,False,10,False,0.0619389002076922,0.0508254813343429,1.0,32787063.0324583,0.4893419833178869,0.0,3.0,,,,,,0.0835424372962936,0.0293897654076159,0.2691852303920548,-0.6766127937418505,0.826865671641791,-0.6766127937418505,0.8171552775293105,-421.0,0.5223880597014925,0.1567164179104477,0.8880597014925373,0.5772388059701492,0.485820895522388,春源
46.45000076293945,47.59999847412109,46.20000076293945,46.84999847412109,10090072.0,0.0563697877342384,46.65999908447265,0.1343825505953095,43.910000038146975,0.1712499618530272,42.20479984283448,0.242705504668754,39.89531656901042,0.0451501648093598,60.25103587412451,19383154.15,0.5205588276250696,0.0669550998273735,2027.TW,2026-08-12,-0.004325899027792,0.129967762324771,neutral,0.0528266913809082,0.1827458256029684,2026-03-31,2026-05-15,31174326000.0,8517820000.0,5633209000.0,4716863000.0,1204326000.0,2914770000.0,1.17,89517343000.0,24455518000.0,159942793000.0,66551339000.0,93391454000.0,9252095000.0,11925609000.0,29968117000.0,,0.2553235063218923,4194918326.275959,135487275000.0,0.0309617144951506,0.0312102432841446,0.0182238283159154,0.7126063054977172,0.2732318896004359,0.1807002659816927,0.0934990543179666,0.1950875950100803,,,67.77515994414823,67.77515994414823,False,83.5939629086958,83.5939629086958,79.63926216755891,180.0,True,True,True,True,True,True,True,True,True,True,True,True,False,True,True,False,False,13,False,0.1100632783139539,0.1743232665689102,1.0,908100742.3511536,0.1251158480074142,1.0,3.0,,,,,,0.0345842992844053,-0.0578076548684809,0.2793060025171249,-1.267609228717213,0.5324626865671642,-1.267609228717213,0.5326413095811267,-180.0,0.7611940298507462,0.8880597014925373,0.5373134328358209,0.7276119402985075,0.7544776119402985,大成鋼
17.5,17.600000381469727,17.200000762939453,17.350000381469727,679837.0,0.1086262494809635,17.270000076293947,0.0644172511383829,16.157499933242796,0.0676923311673678,16.880833260218303,0.0768528761880409,16.410980240503946,0.0160352219680219,62.79069303241603,570680.2,1.1912749031769458,0.0738047626893969,2032.TW,2026-08-12,-0.004325899027792,0.129967762324771,neutral,0.134383688600556,0.3534322820037106,2026-03-31,2026-05-15,783716000.0,93297000.0,60930000.0,76557000.0,12528000.0,,0.49,1409931000.0,447134000.0,2340537000.0,586657000.0,1753880000.0,309422000.0,236879000.0,,,0.1636427759708452,50959245.6600964,1893403000.0,0.0269141042134698,,,0.3344909571920542,0.1190443987362769,0.0777449994640915,,0.0203492838041572,,,46.72339013307418,46.72339013307418,False,67.8873777842415,67.8873777842415,62.59638087144967,405.0,True,False,True,True,True,False,True,True,True,False,False,True,True,True,False,False,False,10,False,0.0277928887762355,0.0572190160005301,1.0,9901301.68769722,0.6570898980537535,0.0,3.0,,,,,,0.0759009507208671,0.0268798866828154,0.2917178451742866,-1.3492514683731158,0.7664179104477612,-1.3492514683731158,0.8178865313953111,-405.0,0.5298507462686567,0.3283582089552239,0.8955223880597015,0.5847014925373134,0.5425373134328358,新鋼
20.200000762939453,20.25,19.89999961853028,19.89999961853028,630349.0,0.0756756550556907,19.77999992370605,0.0698924306665969,18.75749998092652,0.0905814507733027,18.62664616902669,0.11974133754671,18.27929294904073,0.0219286223904149,68.65672491579187,398331.4,1.5824737894125342,0.0609089504872986,2069.TW,2026-08-12,-0.004325899027792,0.129967762324771,neutral,0.1241890639481,0.300556586270872,2026-03-31,2026-05-15,2302863000.0,277674000.0,137979000.0,128564000.0,22373000.0,106191000.0,0.64,4252225000.0,3913450000.0,9681868000.0,5325210000.0,4356658000.0,267712000.0,2834868000.0,1356137000.0,,0.174022276842662,113967580.26352634,5768418000.0,0.019757163968271,0.0243744172712202,0.0109680280706161,1.2223153619127325,0.1205777330218949,0.0599162868134144,0.0461125998376803,-0.1384973197554728,,,30.045180578249248,30.045180578249248,False,75.18263541517356,75.18263541517356,63.89827170594248,682.0,True,True,True,True,True,True,True,True,True,False,True,True,True,True,False,False,False,13,False,0.068361928279981,0.0886635316807809,1.0,7926794.708048631,0.6950880444856349,0.0,3.0,,,,,,0.0724790170725778,0.0299959740623537,0.2566944336311265,-1.1477522035782255,0.7649253731343284,-1.1477522035782255,0.737772117714041,-682.0,0.2835820895522388,0.4029850746268656,0.8134328358208955,0.3630597014925373,0.4253731343283582,運錩
33.849998474121094,34.45000076293945,33.849998474121094,34.29999923706055,1387475.0,-0.0043541806257454,34.49999923706055,0.005865125275335,33.68249988555908,0.1433333079020182,32.7375,0.0173237898521274,33.40787873268128,0.0024553537368773,56.11509290840012,1945665.85,0.7131106299676278,0.0183329430297485,2101.TW,2026-08-12,-0.004325899027792,0.129967762324771,neutral,0.303985171455051,0.212430426716141,2026-03-31,2026-05-15,5423749000.0,2237626000.0,1648897000.0,1437849000.0,93759000.0,1344090000.0,1.86,40354728000.0,37879190000.0,52223322000.0,38754818000.0,13468504000.0,1824544000.0,7891061000.0,37500000.0,,0.0652078208490599,1541376019.8254476,14344132000.0,0.1074569043163746,0.0997950477647703,0.0257373515993486,2.8774404343644995,0.4125607582504279,0.3040142528719526,0.2478156714110479,1.6217745942925426,,,82.80478413647866,82.80478413647866,False,66.6697548947019,66.6697548947019,70.70351220514608,68.0,True,False,True,True,True,True,True,True,True,True,True,True,False,True,True,False,False,12,False,0.0477281172068897,0.0267038955546301,1.0,66736337.17057476,0.3901760889712697,1.0,2.0,,,,,,0.1762227457472257,0.0804622019451144,0.354703414315681,0.1096134878225694,0.982089552238806,0.1096134878225694,0.8809203910055515,-68.0,0.9104477611940298,0.7014925373134329,0.9552238805970148,0.9171641791044776,0.8567164179104477,南港
18.549999237060547,18.600000381469727,18.14999961853028,18.200000762939453,2336652.0,0.0055248828376879,18.309999847412108,0.0282485863529966,18.14499998092652,0.1209370908251079,17.41741590499878,-0.0338725310676654,17.509856510162354,0.0112860505301805,56.89658347550763,1358625.95,1.7198641024043446,0.0030311811557317,2106.TW,2026-08-12,-0.004325899027792,0.129967762324771,neutral,0.2140871177015755,0.2467532467532467,2026-03-31,2026-05-15,8698617000.0,1718035000.0,255513000.0,171823000.0,60640000.0,111183000.0,0.12,25478129000.0,9730576000.0,47068938000.0,27476173000.0,19592765000.0,9412275000.0,3037616000.0,14974373000.0,,0.3529213201957829,165337014.71281496,37338362000.0,0.0044280735912522,0.0056746967566854,0.0023621310512678,1.4023632192801785,0.1975066841085198,0.029373979794719,0.0127816870199021,-0.0124089540383796,,,20.024805479941964,20.024805479941964,False,72.10293451584927,72.10293451584927,59.083402256872446,861.0,True,False,True,True,True,True,True,True,True,False,True,True,True,True,False,False,False,12,False,0.0449311690212363,0.0394146149842262,1.0,24726993.32654934,0.5301204819277109,0.0,3.0,,,,,,-0.0085792983313866,-0.0404646330637416,0.1561543030153823,-1.8317965353326344,0.2302238805970149,-1.8317965353326344,0.2065027182635211,-861.0,0.1194029850746268,0.1940298507462686,0.1194029850746268,0.1194029850746268,0.1417910447761194,建大
29.950000762939453,30.950000762939453,29.850000381469727,30.850000381469727,2573704.0,0.1238615491450423,29.370000457763677,0.0730434915293818,28.122500133514404,0.1383763818159999,28.427500152587893,0.3409995469003715,27.132945505777997,0.0067120099911884,64.49275041823446,968388.3,2.6577190162252062,0.0969864071475239,2108.TW,2026-08-12,-0.004325899027792,0.129967762324771,neutral,0.1195551436515292,0.2217068645640074,2026-03-31,2026-05-15,2595684000.0,706987000.0,322249000.0,400150000.0,120689000.0,166573000.0,0.34,14271694000.0,1850566000.0,18859782000.0,2404041000.0,16455741000.0,9490424000.0,110000000.0,24000000.0,,0.3016093964763214,225055673.59490192,17009216000.0,0.0132313960616939,0.0101224855204028,0.0088321805628506,0.1460913246021555,0.272370211474124,0.1241480087714837,0.0641730657506846,0.1428634327678053,,,48.999527692236406,48.999527692236406,False,70.07204087394264,70.07204087394264,64.80391257851609,386.0,True,False,True,True,True,False,True,True,True,True,False,True,True,True,False,False,False,11,False,0.0852167871208788,0.136994152547875,1.0,29874779.42441082,0.5041705282669138,1.0,3.0,,,,,,0.0188126446414245,-0.0574542999096858,0.2126064957974862,-1.797269714091437,0.328731343283582,-1.797269714091437,0.3756923860231008,-386.0,0.5522388059701493,0.4701492537313433,0.3059701492537313,0.5152985074626866,0.4783582089552239,南帝
14.649999618530272,14.75,14.649999618530272,14.75,134013.0,0.024305582690387,14.579999923706056,0.0,14.514999914169312,0.0535714285714286,14.47166665395101,0.0341297334523487,14.467560418446858,-0.0027482004327781,63.1578841698221,101289.9,1.3230638000432422,0.0161901541316087,2109.TW,2026-08-12,-0.004325899027792,0.129967762324771,neutral,0.3387395736793327,0.3942486085343228,2026-03-31,2026-05-15,1087805000.0,247547000.0,119153000.0,187878000.0,44674000.0,113502000.0,0.41,3848121000.0,2285586000.0,8526981000.0,3577294000.0,4949687000.0,2144050000.0,1401000000.0,923772000.0,,0.2377819648921108,90820565.53721032,6241395000.0,0.0145513247498692,0.0229311469593935,0.0133109244643561,0.7227313565484039,0.2275656022908517,0.1095352567785586,0.1043403918900905,-0.1083894446516317,,,39.992057305842906,39.992057305842906,False,56.62532634334291,56.62532634334291,52.46700908396791,510.0,True,False,True,True,True,True,False,True,True,False,True,True,True,True,False,False,False,11,False,0.0192329848872658,0.0195222672920734,1.0,1494026.025,0.8999073215940686,0.0,3.0,,,,,,0.0797346874012183,0.0688445867275385,0.1455263339082829,-1.1976900789455889,0.6570895522388059,-1.1976900789455889,0.6144584764432756,-510.0,0.4477611940298507,0.044776119402985,0.6567164179104478,0.4791044776119403,0.3686567164179104,華豐
22.89999961853028,23.200000762939453,22.89999961853028,23.049999237060547,120149.0,0.0525113990210857,22.70999984741211,0.0525113990210857,22.097500038146972,0.2199656285092779,21.07180077234904,0.0166380921775441,20.76819229125977,0.0127176928259866,70.45451195776072,82181.4,1.461997483615514,0.0431043872505609,2115.TW,2026-08-12,-0.004325899027792,0.129967762324771,neutral,0.1510658016682113,0.137291280148423,2026-03-31,2026-05-15,795763000.0,146418000.0,55001000.0,50773000.0,23159000.0,28129000.0,0.27,2550411000.0,942761000.0,4966182000.0,1610225000.0,3355957000.0,883919000.0,179756000.0,658841000.0,,0.4,33000600.0,4023421000.0,0.0082021245104601,0.0083818118050976,0.0056641097728597,0.4798109749320388,0.1839969940798956,0.0691173125666812,0.0353484643040704,-0.0114512019538349,,,30.9467161073479,30.9467161073479,False,74.47775524725245,74.47775524725245,63.59499546227631,665.0,True,False,True,True,True,True,True,True,True,True,True,True,True,True,False,False,False,13,False,0.0938789468485934,0.109870272472442,1.0,1894281.2073005675,0.8600556070435589,0.0,3.0,,,,,,0.0678330548424744,0.0440924227796881,0.2165474628123437,-1.5962233295680732,0.6432835820895524,-1.5962233295680732,0.5933933156796662,-665.0,0.2985074626865671,0.3955223880597014,0.5970149253731343,0.3432835820895522,0.3873134328358208,六暉-KY
513.0,516.0,504.0,504.0,283715.0,-0.0098231827111984,512.2,0.05,508.675,0.1216001452810517,480.2159927368164,-0.0085478233562301,480.8246561686198,0.0172991350432479,54.47761194029851,545081.7,0.520499954410504,-0.0091905440605495,2207.TW,2026-08-12,-0.004325899027792,0.129967762324771,neutral,0.1584800741427247,0.2448979591836734,2026-03-31,2026-05-15,71331231000.0,,,,1278339000.0,4429572000.0,7.95,371776395000.0,39724833000.0,525151865000.0,369092964000.0,116334068000.0,33821612000.0,111314642000.0,1403494000.0,,,,485427032000.0,,0.0380763096842792,0.0084348400819256,3.1726988520679944,,,0.0620986339069348,-0.0236719001813244,,,23.69838641660918,23.69838641660918,False,66.87605095201364,66.87605095201364,56.08163481816252,794.0,True,False,True,True,False,True,True,True,True,False,True,True,False,True,False,False,False,10,False,0.0495277284032864,0.0481991585374375,1.0,274721176.79999995,0.2335495829471733,3.0,3.0,,,,,,0.0299954647401361,-0.0412495401695875,0.1670300273779674,-0.3945559838106127,0.4283582089552239,-0.3945559838106127,0.5500490351273933,-794.0,0.1716417910447761,0.126865671641791,0.5597014925373134,0.2298507462686567,0.235820895522388,和泰車
267.0,267.0,254.0,259.5,36899686.0,0.0421686746987952,259.8,0.2013888888888888,224.25,0.2566585956416465,221.6,0.5225457123826305,195.6916165669759,0.0519526210859621,63.97306397306397,29539592.0,1.2491603133855065,0.1571906354515049,2301.TW,2026-08-12,-0.004325899027792,0.129967762324771,neutral,0.0287303058387395,0.1076066790352504,2026-03-31,2026-05-15,43407292000.0,9402933000.0,4099305000.0,4969901000.0,1195242000.0,3775414000.0,1.66,165353065000.0,116511425000.0,210691221000.0,122427807000.0,88263414000.0,71133162000.0,13521025000.0,3000000000.0,,0.2404961386554782,3113437976.3289046,94179796000.0,0.0330584489302663,0.0427743934763275,0.0179191804104642,1.3870730969006029,0.2166210460675593,0.0944381649055647,0.0869764923368175,0.1919657430575541,,,57.60700281241379,57.60700281241379,False,90.22085537932024,90.22085537932024,82.06739223759362,288.0,True,True,True,True,True,True,True,True,True,True,True,True,True,False,False,False,False,13,False,0.1710288808664259,0.3260660040139509,1.0,7665524124.0,0.0268767377201112,2.0,3.0,,,,,,0.0091535589856061,-0.1021915690950882,0.2576168143655974,-1.2902736330767604,0.4152985074626866,-1.2902736330767604,0.3983263966038202,-288.0,0.6417910447761194,0.9253731343283582,0.3656716417910448,0.6003731343283581,0.6716417910447762,光寶科
264.5,270.5,264.0,270.0,59745965.0,0.0444874274661508,264.4,0.1297071129707112,250.5,0.1348592659245977,252.6208859761556,0.2724966513283866,232.9270985921224,0.0279031596224867,57.142857142857146,54966400.5,1.0869542931049303,0.0778443113772455,2317.TW,2026-08-12,-0.004325899027792,0.129967762324771,neutral,0.0537534754402224,0.2254174397031539,2026-03-31,2026-05-15,2119533391000.0,130980560000.0,75648689000.0,74031230000.0,17074953000.0,49919449000.0,3.56,4052387707000.0,2792211149000.0,5230479067000.0,3241680598000.0,1988798469000.0,986317310000.0,778365706000.0,25597034000.0,289268494000.0,0.2306452695706933,58200676732.92546,2438267918000.0,0.0238696807283855,0.0251003054246619,0.0095439535003496,1.6299693752429172,0.0617968844256816,0.0356911994504171,0.0235520936881527,0.289006464874042,,,39.93908373911616,39.93908373911616,False,70.67789051581174,70.67789051581174,62.99318882163784,511.0,True,False,True,True,True,False,True,True,True,True,True,True,True,True,False,False,False,12,False,0.068795238195328,0.1591609633741919,1.0,14840928135.0,0.0139017608897126,2.0,3.0,,,,,,0.0382978809244098,-0.0485423481388052,0.2311503422309605,-1.752168003359027,0.4287313432835821,-1.752168003359027,0.5186714974953691,-511.0,0.4402985074626865,0.3656716417910448,0.5149253731343284,0.4514925373134328,0.4328358208955224,鴻海
36.75,39.900001525878906,36.59999847412109,39.900001525878906,171682204.0,0.0798376374026568,37.26999969482422,0.1037344354554306,36.28000011444092,0.4352518928377411,36.41416657765706,0.3467019691285429,33.07528174718221,0.0066592663939206,62.65061163859825,54723580.3,3.1372619090129232,0.0997795314227985,2324.TW,2026-08-12,-0.004325899027792,0.129967762324771,neutral,0.0750695088044485,0.0473098330241187,2026-03-31,2026-05-15,201303536000.0,10597495000.0,2644084000.0,3090596000.0,699988000.0,1967195000.0,0.45,372539532000.0,285043722000.0,452433934000.0,306525209000.0,145908725000.0,84569615000.0,55846516000.0,11898445000.0,,0.2264896479513983,2045226345.6860747,167390212000.0,0.0122183150451238,0.013482367144254,0.0043480270867569,2.100801093286231,0.0526443559342146,0.0131348115017711,0.009772282390509,0.0110778585236814,,,17.5664711440274,17.5664711440274,False,78.04611693038761,78.04611693038761,62.92620548379756,901.0,True,True,True,True,True,False,True,True,True,True,True,True,False,True,False,False,False,12,False,0.0957274400551755,0.2063389763649743,1.0,2183470937.4715567,0.0676552363299351,1.0,3.0,,,,,,0.0011828748399695,-0.0635816267982994,0.2825591221882273,-1.5305129580887071,0.4376865671641791,-1.5305129580887071,0.3613801164631389,-901.0,0.0895522388059701,0.3582089552238806,0.2985074626865671,0.1208955223880597,0.2119402985074626,仁寶
91.0,93.5,91.0,91.5999984741211,5779804.0,-0.0566426373473718,92.51999969482422,0.0504587348608571,89.575,0.1103030118075283,88.72277971903483,0.3815987067543958,83.40888996124268,0.0235388201316388,57.19696477096343,5385952.3,1.0731257311729256,0.0226067370820104,2347.TW,2026-08-12,-0.004325899027792,0.129967762324771,neutral,0.1575532900834105,0.2690166975881262,2026-03-31,2026-05-15,126357648000.0,5428837000.0,3373256000.0,3875913000.0,784782000.0,2954386000.0,1.77,208416617000.0,157729943000.0,249263901000.0,167490035000.0,81773866000.0,15304988000.0,56810338000.0,2500000000.0,,0.2024766809781334,2690250321.030425,91533958000.0,0.0293907351961162,0.036128730907745,0.0118524422836502,2.048209815590717,0.042964055487959,0.0266960967807821,0.0233811411241209,0.3825024363831348,,,42.4453478070041,42.4453478070041,False,71.81566500880693,71.81566500880693,64.47308570835622,474.0,True,False,True,True,True,True,True,True,True,False,True,True,True,True,False,False,False,12,False,0.0324293125643466,0.0982042623596184,1.0,493353222.461689,0.1760889712696941,1.0,3.0,,,,,,0.0567559581002191,-0.0047424638190619,0.3051388339696248,-0.0285338010498094,0.7656716417910447,-0.0285338010498094,0.7553799350024073,-474.0,0.4850746268656716,0.4552238805970149,0.8432835820895522,0.5388059701492537,0.5477611940298508,聯強
63.09999847412109,64.5999984741211,62.79999923706055,63.0,16633239.0,0.1351351351351351,62.31999969482422,0.1170212463751922,57.10499992370605,0.1224671196389091,56.954834111531575,0.1185898527850055,55.111501344045,0.0259611908833765,67.6470667433197,12870731.25,1.2923305348326657,0.1032308919388818,2354.TW,2026-08-12,-0.004325899027792,0.129967762324771,neutral,0.0648748841519925,0.2411873840445269,2026-03-31,2026-05-15,25274831000.0,1224398000.0,373042000.0,939869000.0,285306000.0,663384000.0,0.47,119608118000.0,42954189000.0,150753789000.0,44332160000.0,106421629000.0,18348663000.0,13096824000.0,,,0.3035593258209388,259801621.9771053,107799600000.0,0.0024100425416894,0.0062335448746043,0.0044004466116602,0.4165709585219749,0.0484433704027536,0.0147594260867659,0.0262468223823138,-0.1575198993297046,,,17.738249987351253,17.738249987351253,False,80.67710127803976,80.67710127803976,64.94238845536763,898.0,True,True,True,True,True,True,True,True,True,False,False,True,True,True,False,False,False,12,False,0.1061396452604972,0.1431370669201952,1.0,810856068.75,0.134383688600556,1.0,3.0,,,,,,-0.0330735279914239,-0.0868413971732932,0.1561788523088592,-1.9149135074289896,0.142910447761194,-1.9149135074289896,0.1557443870746379,-898.0,0.0970149253731343,0.4850746268656716,0.0746268656716417,0.0936567164179104,0.208955223880597,鴻準
66.0,71.0999984741211,65.9000015258789,69.0,79680251.0,0.0502283592852754,65.91999969482421,0.1292962638816588,62.65499973297119,0.3346228042894315,65.37739645640055,0.5401785976576565,55.258281517028806,0.0071648737912907,60.41666556287706,33910402.35,2.349728858348388,0.1012688579374432,2356.TW,2026-08-12,-0.004325899027792,0.129967762324771,neutral,0.0546802594995366,0.072356215213358,2026-03-31,2026-05-15,200310505000.0,10176552000.0,3614980000.0,3306616000.0,872750000.0,2428376000.0,0.68,316622404000.0,289769524000.0,382244260000.0,308509302000.0,73734958000.0,45302973000.0,76492329000.0,8230668000.0,,0.2639405361856351,2660840240.499653,92474736000.0,0.0287736992349959,0.032933849368979,0.0063529430108381,4.184030348264388,0.0508038856973577,0.0180468817648879,0.0121230586483719,0.2755841181128693,,,32.596295147103554,32.596295147103554,False,79.34160895488586,79.34160895488586,67.65528050294029,639.0,True,True,True,True,True,False,True,True,True,True,True,True,True,True,False,False,False,13,False,0.0554106425148839,0.2486816112574266,1.0,2339817762.15,0.0630213160333642,1.0,3.0,,,,,,0.1031039776360947,0.0099450227864816,0.346946477538143,-0.621660314913357,0.8518656716417911,-0.621660314913357,0.8245222337240014,-639.0,0.3358208955223881,0.6044776119402985,0.9104477611940298,0.4220149253731343,0.5313432835820895,英業達
831.0,860.0,831.0,852.0,3087489.0,0.0167064439140811,828.8,0.196629213483146,776.3,0.4118115390310268,735.7499989827473,0.8019542041413077,640.3809972127278,0.0441858901069337,65.54307116104869,4284791.65,0.7205692253437807,0.097513847739276,2357.TW,2026-08-12,-0.004325899027792,0.129967762324771,neutral,0.0315106580166821,0.049165120593692,2026-03-31,2026-05-15,208369726000.0,30970538000.0,11895859000.0,13859608000.0,2702804000.0,9797017000.0,13.19,485857648000.0,327627459000.0,671441698000.0,354711686000.0,316730012000.0,57955263000.0,41417377000.0,275376000.0,,0.1950130191272365,9576011621.29809,343814239000.0,0.0278522833991703,0.0309317608967223,0.0145910166574134,1.1199181402487366,0.1486326185407567,0.0570901504184921,0.0470174683629425,0.4108280576281871,,,51.58078089609261,51.58078089609261,False,85.90384937732058,85.90384937732058,77.3230822570136,344.0,True,True,True,True,True,True,True,True,True,True,True,True,False,True,False,False,False,13,False,0.1580020403370448,0.3304579675354959,1.0,3650642485.8,0.0444856348470806,3.0,3.0,,,,,,0.0773988805026219,-0.0145846241803199,0.3078796938104856,-1.1459007350568216,0.7514925373134329,-1.1459007350568216,0.7697175212646445,-344.0,0.582089552238806,0.8507462686567164,0.8507462686567164,0.6223880597014925,0.7164179104477612,華碩
47.5,49.59999847412109,47.5,48.900001525878906,3390690.0,0.0371155873460469,48.91999969482422,0.1615202683662278,44.63750019073486,0.3260101034133051,43.71795552571614,0.368612927492622,40.33920542399088,0.0371768758660071,63.18538550749815,2244504.45,1.5106630775448004,0.0954914884778603,2362.TW,2026-08-12,-0.004325899027792,0.129967762324771,neutral,0.0379981464318813,0.0760667903525046,2026-03-31,2026-05-15,4941226000.0,1031961000.0,338299000.0,460047000.0,109186000.0,350861000.0,0.61,21268600000.0,19086193000.0,104921126000.0,60685209000.0,44235917000.0,8972993000.0,7767445000.0,28201977000.0,,0.2373366199540481,258008258.80616543,85834933000.0,0.0030058654418261,0.0079315864527008,0.0033440453164789,1.3718537585645618,0.2088471565558831,0.0684645875335392,0.0710068715739778,0.1924432336345798,,,31.430349126543067,31.430349126543067,False,91.74332941481693,91.74332941481693,76.66508434274847,656.0,True,True,True,True,True,True,True,True,True,True,True,True,True,True,False,False,False,14,False,0.1185335850647117,0.2122202460833964,1.0,109756271.029842,0.3327154772937905,1.0,3.0,,,,,,0.0160331783601546,-0.0392100798433214,0.2271461369870197,-1.539608564434199,0.4067164179104477,-1.539608564434199,0.4323285928616934,-656.0,0.3134328358208955,0.835820895522388,0.4253731343283582,0.3302238805970149,0.4925373134328358,藍天
79.80000305175781,81.4000015258789,77.9000015258789,78.5,1032439.0,0.1118980410286369,74.88000030517578,0.1214285714285714,71.1,0.196646369297827,69.76499989827474,0.2743506809172862,66.72166652679444,0.0216251156269299,74.67531727626678,260476.6,3.963653548917638,0.1040787623066104,2364.TW,2026-08-12,-0.004325899027792,0.129967762324771,neutral,0.0602409638554216,0.160482374768089,2026-03-31,2026-05-15,338915000.0,130350000.0,30596000.0,44068000.0,-15000.0,43646000.0,0.83,1165011000.0,950493000.0,1755551000.0,1003694000.0,751857000.0,599063000.0,350000000.0,,,0.0,30596000.0,805058000.0,0.0380047151882224,0.0580509325576539,0.0248617100841843,1.3349533222407983,0.3846097103993626,0.0902763229718365,0.128781552896744,-0.1059821890200796,,,61.7822396932274,61.7822396932274,False,77.85394190735266,77.85394190735266,73.83601635382135,245.0,True,True,True,True,True,True,True,False,True,True,False,True,False,True,True,False,False,11,False,0.1252060505190551,0.1765293657417199,1.0,20447413.1,0.5542168674698795,1.0,3.0,,,,,,0.078043900265379,0.0155450892453968,0.3542846195082466,-0.0339627428712004,0.8761194029850745,-0.0339627428712004,0.8777128022586721,-245.0,0.6865671641791045,0.7835820895522388,0.9477611940298508,0.7257462686567164,0.7679104477611941,倫飛
352.0,381.0,352.0,375.5,17966996.0,0.0979532163742689,352.7,0.0915697674418605,334.85988159179686,0.2311475409836065,340.34496053059894,0.6763392857142858,299.6891469319661,0.0116310727084208,66.31925384703295,7830759.75,2.2944128760941744,0.1213645487032231,2376.TW,2026-08-12,-0.004325899027792,0.129967762324771,neutral,0.0908248378127896,0.1298701298701298,2026-03-31,2026-05-15,105057330000.0,12614630000.0,7413710000.0,7054503000.0,1410189000.0,5268403000.0,7.86,234087870000.0,170374747000.0,247826770000.0,180781022000.0,67045748000.0,63311111000.0,69227536000.0,,9540960000.0,0.199899128258929,5931715833.835495,77452023000.0,0.0765856798063944,0.0785792262322138,0.0212584096544533,2.6963831024750444,0.1200737730532462,0.0705682316502808,0.0501478859209538,0.5978925716183887,,,59.16561347732097,59.16561347732097,False,73.11821956660422,73.11821956660422,69.6300680442834,275.0,True,False,True,True,True,False,True,True,True,True,True,True,True,True,False,False,False,12,False,0.1032923755198085,0.2529649600065231,1.0,2940450286.125,0.0509731232622798,2.0,3.0,,,,,,0.0960488141929511,0.0700760556475943,0.4654490758434822,-0.1194188026122327,0.9470149253731344,-0.1194188026122327,0.9710173126303964,-275.0,0.6567164179104478,0.6567164179104478,0.9925373134328358,0.707089552238806,0.7238805970149254,技嘉
157.0,169.0,152.0,169.0,46107233.0,0.1192052980132449,157.0,0.1380471380471379,147.85,0.5156950672645739,140.39166666666668,0.9096045197740112,117.91166655222575,0.0171998624011007,66.0377358490566,16550988.15,2.785769198922422,0.1430503889076768,2377.TW,2026-08-12,-0.004325899027792,0.129967762324771,neutral,0.0491195551436515,0.0287569573283859,2026-03-31,2026-05-15,56256838000.0,8440506000.0,3876357000.0,4133431000.0,716617000.0,3416814000.0,4.04,106512512000.0,56814984000.0,119099762000.0,64185562000.0,54914200000.0,25875075000.0,0.0,6305082000.0,,0.1733709840565864,3204309172.355363,62284778000.0,0.0514461040923251,0.0622209555998266,0.0286886719387398,1.1688335985956273,0.1500352010541367,0.0689046369794192,0.0607359766647389,0.0507372103469625,,,60.05362798212559,60.05362798212559,False,87.21000513575125,87.21000513575125,80.42091084734483,263.0,True,True,True,True,True,True,True,True,True,True,False,True,True,True,True,False,False,13,False,0.2037751528462039,0.4332763240620134,1.0,2797116997.35,0.0537534754402224,2.0,3.0,,,,,,0.0336857290969179,-0.0291302708881375,0.2528179683404041,-1.2204338287771552,0.5332089552238806,-1.2204338287771552,0.5143584332735152,-263.0,0.6791044776119403,0.9029850746268656,0.5074626865671642,0.6533582089552238,0.7119402985074627,微星
5500.0,5730.0,5480.0,5730.0,1628135.0,0.092469018112488,5420.0,0.1279527559055118,4926.75,0.2635060639470783,5114.833333333333,1.7548076923076923,4253.25,0.0137345679012345,61.04347826086956,2311777.95,0.7042782807059821,0.1630385142335211,2383.TW,2026-08-12,-0.004325899027792,0.129967762324771,neutral,0.0565338276181649,0.1001855287569573,2026-03-31,2026-05-15,33067261000.0,9729153000.0,7128470000.0,7194158000.0,1855381000.0,5339793000.0,14.9,90741002000.0,68350963000.0,130976723000.0,83055788000.0,47920935000.0,22134504000.0,12291308000.0,10978888000.0,0.0,0.2579010636130038,5290030005.06661,62625760000.0,0.0844705118958494,0.1114292323386428,0.0407690227522336,1.733183795349569,0.2942231290338803,0.2155748551414645,0.1614827729457241,0.5252381635035763,,,86.0587773245522,86.0587773245522,True,80.75103777378716,80.75103777378716,82.07797266147841,55.0,True,True,True,True,True,False,True,True,True,True,True,True,False,False,True,True,False,11,False,0.1202711069112711,0.3472050784694058,1.0,13246487653.500002,0.015755329008341,3.0,2.0,,,,,,0.0043758932983511,-0.1074474831605398,0.2691100921495913,0.1457257932432061,0.5041044776119403,0.1457257932432061,0.5138801431719898,-55.0,0.9253731343283582,0.9328358208955224,0.5,0.8615671641791044,0.8425373134328358,台光電
39.79999923706055,40.95000076293945,39.70000076293945,39.79999923706055,3111402.0,0.0756756550556905,38.34000015258789,0.1204364978154168,35.803663635253905,0.1603498577940885,37.64248339335124,0.0179028335104096,37.242908318837486,0.0188736429598455,66.66666666666671,1905406.7,1.6329332735105844,0.1116180635177142,2392.TW,2026-08-12,-0.004325899027792,0.129967762324771,neutral,0.06209453197405,0.1929499072356215,2026-03-31,2026-05-15,20284345000.0,3918165000.0,2024943000.0,2036754000.0,252111000.0,-210762000.0,-0.46,65961303000.0,65464823000.0,123191294000.0,95674753000.0,27516541000.0,21416412000.0,16445470000.0,26655579000.0,0.0,0.1237807805950055,1774293974.7996078,57726471000.0,0.0307362280088039,-0.0076594656283287,-0.0017108514177958,3.476990549066469,0.1931620173094078,0.0998278721841893,-0.0103903774068129,-0.0513983335778374,,,22.851074819845003,22.851074819845003,False,76.04418141081294,76.04418141081294,62.74590476307095,812.0,True,True,True,True,True,False,True,True,True,True,True,True,True,True,False,False,False,13,False,0.0573159804884284,0.0686598075620663,1.0,75835185.20629005,0.3716404077849861,1.0,3.0,,,,,,0.0710166585227913,0.0038688158669258,0.2449119197339217,-0.2890869312537938,0.7511194029850746,-0.2890869312537938,0.749254413416787,-812.0,0.1641791044776119,0.3432835820895522,0.8283582089552238,0.2638059701492537,0.3507462686567164,正崴
672.0,699.0,667.0,686.0,5999243.0,0.0837282780410741,654.0,0.3147345784492261,586.9920715332031,0.4864572047670639,525.9111302693685,1.3573883161512028,444.5638984680176,0.0584577907009274,69.02654867256638,5027290.0,1.1933353755204097,0.1686699587069235,2395.TW,2026-08-12,-0.004325899027792,0.129967762324771,neutral,0.0120481927710843,0.036178107606679,2026-03-31,2026-05-15,20385264000.0,7979823000.0,3728486000.0,4068287000.0,750007000.0,3334165000.0,3.85,49300373000.0,29811036000.0,83769137000.0,34044129000.0,49725008000.0,10001958000.0,,43915000.0,,0.184354496130681,3041122842.1397014,53958101000.0,0.0563608204473263,0.0670520756879516,0.0398018305954375,0.6846480346468723,0.3914505595806853,0.182901040673302,0.1635576071028562,0.1748587968840969,,,87.43653384699755,87.43653384699755,False,86.4268422420746,86.4268422420746,86.67926514330534,49.0,True,True,True,True,True,True,True,True,True,True,True,True,True,False,True,False,False,13,False,0.3044028934102134,0.5430852625775047,1.0,3448720940.0,0.0454124189063948,3.0,2.0,,,,,,-0.0455451623709346,-0.1517685997374716,0.299468711484681,-1.076161377216365,0.3944029850746269,-1.076161377216365,0.390049543946932,-49.0,0.9402985074626866,0.9776119402985076,0.3283582089552239,0.8485074626865672,0.8291044776119403,研華
67.30000305175781,68.0999984741211,66.4000015258789,66.69999694824219,1081063.0,0.0740740513228523,66.07999801635742,0.1401708880041399,59.14999942779541,0.1827350618600396,59.19418710072835,0.1629898856818119,57.223956712087,0.0334585374049461,63.67346315967794,867201.0,1.2466118004937723,0.1276415484950779,2397.TW,2026-08-12,-0.004325899027792,0.129967762324771,neutral,0.0463392029657089,0.1762523191094619,2026-03-31,2026-05-15,3030612000.0,754408000.0,168760000.0,160589000.0,40224000.0,86809000.0,0.76,8090820000.0,5564770000.0,13261955000.0,7705318000.0,5556637000.0,2502436000.0,1648614000.0,692000000.0,964352000.0,0.2504779281270822,126489344.84927362,7697185000.0,0.0164331953628857,0.0156225789087896,0.0065457166760104,1.386687307448732,0.2489292591727347,0.0556851223449257,0.0286440494527178,0.1661133556504674,,,38.72674476639454,38.72674476639454,False,78.2880996488759,78.2880996488759,68.39776092825555,543.0,True,True,True,True,True,False,True,True,True,True,True,True,True,True,False,False,False,13,False,0.1267997790854278,0.1655956837069541,1.0,57842304.05351257,0.4087117701575533,1.0,3.0,,,,,,0.0430687866626787,-0.0170347364463111,0.2443105776903624,-1.462306046342294,0.551865671641791,-1.462306046342294,0.5921520492727144,-543.0,0.4029850746268656,0.6268656716417911,0.5895522388059702,0.4309701492537313,0.5074626865671642,友通
497.0,511.0,480.5,482.5,93467130.0,0.0842696629213484,477.9,0.003118503118503,421.525,0.7577413479052824,403.6724817911784,0.7577413479052824,325.2404075622559,0.0201476282671829,57.72913816689466,82292584.4,1.135790432169244,0.144653342031908,2408.TW,2026-08-12,-0.004325899027792,0.129967762324771,neutral,0.3215940685820204,0.0148423005565862,2026-03-31,2026-05-15,49086932000.0,33325482000.0,30111283000.0,31718134000.0,5659880000.0,26059487000.0,8.41,141606845000.0,25207062000.0,240968098000.0,47930660000.0,193037438000.0,86281008000.0,0.0,13800000000.0,3996400000.0,0.1784430319892084,24738134364.394894,215761036000.0,0.1146552446308929,0.1349970620724877,0.1081449669740099,0.2482972240856201,0.6789074126694249,0.6134276837672398,0.5308844113541258,5.829068133568171,,,100.0,100.0,True,82.47841643769583,82.47841643769583,86.85881232827187,2.0,True,True,True,True,True,True,True,True,True,True,True,True,True,True,True,True,True,15,True,0.1952759273038569,0.4835180032408559,1.0,39706171973.0,0.0018535681186283,2.0,0.0,,,,,,-0.0754839256026992,-0.1805227693960445,0.1873233762513916,-1.4534324348307062,0.1843283582089552,-1.4534324348307062,0.2436238673020271,-2.0,1.0,0.9850746268656716,0.1567164179104477,0.8735074626865671,0.8268656716417911,南亞科
151.0,153.5,150.5,150.5,1743089.0,0.0711743772241992,151.5,0.0827338129496402,135.775,0.0730771243502543,143.81352996826172,0.0584774410673236,140.5467648824056,0.0233653664970792,64.16666666666666,2648651.1,0.6581044215298874,0.1084514822316331,2421.TW,2026-08-12,-0.004325899027792,0.129967762324771,neutral,0.1019462465245597,0.3423005565862709,2026-03-31,2026-05-15,5019470000.0,1589335000.0,788361000.0,804772000.0,155735000.0,649037000.0,2.36,14963066000.0,7265103000.0,19420226000.0,8096459000.0,11323767000.0,6013084000.0,462398000.0,0.0,,0.1935144363869518,635801765.4155462,12155123000.0,0.0523073082366625,0.0573163506455051,0.0334206718294627,0.7149969617001127,0.3166340270984785,0.157060606000235,0.1293038906498096,0.2059937007805909,,,81.54483186948244,81.54483186948244,False,68.90320369039068,68.90320369039068,72.06361073516362,79.0,True,False,True,True,True,False,True,True,True,False,True,True,False,True,True,False,False,10,False,0.046494026210287,0.0708179596017182,1.0,398621990.55,0.1964782205746061,2.0,2.0,,,,,,-0.0141624714495263,-0.0863937071028622,0.2129827593074909,-1.59928674064572,0.2899253731343283,-1.59928674064572,0.2905245284513842,-79.0,0.8955223880597015,0.7313432835820896,0.2014925373134328,0.7914179104477612,0.7074626865671642,建準
19.5,19.64999961853028,19.5,19.600000381469727,1455196.0,0.034300770045428,19.429999923706056,0.0155441013610564,19.280000209808357,0.0739726236421767,19.27500009536743,-0.0666666485014415,19.408333381017048,0.002600103975792,55.81395967771978,1339479.3,1.086389315609431,0.0165975190964251,2442.TW,2026-08-12,-0.004325899027792,0.129967762324771,neutral,0.2585727525486561,0.3385899814471243,2026-03-31,2026-05-15,3189806000.0,920101000.0,721594000.0,757715000.0,168597000.0,363574000.0,1.14,21904867000.0,14179726000.0,24109252000.0,15483592000.0,8625660000.0,4783089000.0,9054196000.0,,1260461000.0,0.2225071431870822,561034180.5190606,9929526000.0,0.0565016074804638,0.042150281833506,0.0150802687698481,1.795061711219779,0.2884504574886372,0.2262187731793093,0.1139799724497351,6.055204248420224,,,71.63224953440525,71.63224953440525,False,65.1188384173871,65.1188384173871,66.74719119664164,151.0,True,False,True,True,True,True,True,True,True,False,True,True,True,True,True,False,False,12,False,0.0168612339556046,0.0098755002137456,1.0,26253794.7909708,0.5245597775718258,0.0,3.0,,,,,,0.0356607006499812,-0.0178648266742544,0.2032546475092498,-1.024262315221802,0.5014925373134329,-1.024262315221802,0.4683122679831936,-151.0,0.7910447761194029,0.5522388059701493,0.4477611940298507,0.7395522388059701,0.6507462686567165,新美齊
65.9000015258789,66.30000305175781,65.5,66.19999694824219,98484.0,0.0295488927886207,65.57999877929687,0.0279502388154442,65.08999977111816,0.0668288452863425,64.37000020345052,0.0798986904948069,63.27020517985026,0.0058723464826494,55.5555420998072,152844.5,0.6443411441039749,0.0170532674915842,2459.TW,2026-08-12,-0.004325899027792,0.129967762324771,neutral,0.2159406858202039,0.3580705009276438,2026-03-31,2026-05-15,1246416000.0,380276000.0,186277000.0,194518000.0,45242000.0,148975000.0,1.41,6078446000.0,3159848000.0,9214633000.0,3255851000.0,5958782000.0,822536000.0,1819298000.0,61941000.0,,0.2325851592140573,142951734.29708305,6054785000.0,0.0236097126978221,0.0250009146164434,0.0161672201160914,0.546395387513757,0.3050955700183566,0.1494501033362858,0.1195226954724586,0.0636655026574228,,,58.06746252476306,58.06746252476306,False,64.94172485962058,64.94172485962058,63.2231592759062,283.0,True,False,True,True,True,True,True,True,True,False,True,True,False,True,False,False,False,11,False,0.0284293419140548,0.0463060260364855,1.0,10118305.433555605,0.6524559777571826,1.0,3.0,,,,,,0.0709001557217776,0.0496321049492348,0.2331989104886097,-1.313694318182912,0.719776119402985,-1.313694318182912,0.6459678582891991,-283.0,0.6492537313432836,0.3805970149253731,0.6940298507462687,0.6559701492537313,0.5776119402985075,敦吉
18.200000762939453,18.89999961853028,17.850000381469727,18.0,3121519.0,0.065088781437818,17.35,0.065088781437818,16.419999885559083,0.1180123958703178,17.187499888737996,0.0876133431893129,17.003749942779542,0.0052035530419939,71.590906627907,822933.65,3.793159995341058,0.0962241245708217,2461.TW,2026-08-12,-0.004325899027792,0.129967762324771,neutral,0.1334569045412419,0.2532467532467532,2026-03-31,2026-05-15,1366993000.0,363766000.0,98193000.0,54528000.0,12381000.0,50019000.0,0.3,4713779000.0,2915219000.0,8380552000.0,4207146000.0,4173406000.0,1186217000.0,874467000.0,975276000.0,,0.2270576584507042,75897527.34375,5465333000.0,0.0138870819662315,0.0119851746990347,0.0059684612660359,1.0080845237678768,0.2661067028141329,0.0718313846522988,0.0365905311877968,0.0206116832638239,,,35.682269128941115,35.682269128941115,False,62.68380108016239,62.68380108016239,55.93341809235707,593.0,True,False,True,True,True,False,True,True,True,False,True,True,False,True,False,False,False,10,False,0.0472727340521694,0.0585900204703671,1.0,14812805.7,0.6005560704355886,0.0,3.0,,,,,,0.0708008349173969,0.0230374784012064,0.2389696414673644,-1.1366683033807148,0.7212686567164178,-1.1366683033807148,0.7163362936778098,-593.0,0.3582089552238806,0.1194029850746268,0.7985074626865671,0.4242537313432835,0.3746268656716418,光群雷
87.5,95.5,87.19999694824219,95.5,8860880.0,0.1130535734642197,89.31999969482422,0.1464585414320069,80.4,0.2632275387239715,80.42166684468587,0.8087121473473078,71.68291686375936,0.0084665991257513,61.07266641516945,2358448.8,3.7570796533721658,0.1878109452736318,2465.TW,2026-08-12,-0.004325899027792,0.129967762324771,neutral,0.041705282669138,0.1011131725417439,2026-03-31,2026-05-15,1569188000.0,167121000.0,92107000.0,130068000.0,22277000.0,107791000.0,1.15,1574817000.0,638916000.0,1902288000.0,697716000.0,1204572000.0,319532000.0,112731000.0,0.0,,0.1712719500568933,76331654.49610972,1263372000.0,0.0604189854580517,0.0894848958800304,0.0566638700344006,0.5792231597613094,0.1065015791606869,0.0586972370423429,0.0686922153368493,0.9128577645528606,,,73.28778007996519,73.28778007996519,True,81.14027174508287,81.14027174508287,79.17714882880344,133.0,True,True,True,True,True,False,True,True,True,True,False,True,False,False,True,True,False,10,False,0.187490930577628,0.3322560545563096,1.0,225231860.4,0.2557924003707136,1.0,3.0,,,,,,-0.036269201907307,-0.1799986856156557,0.1904107881778852,-2.2484439618546173,0.1152985074626865,-2.2484439618546173,0.1345507826245041,-133.0,0.8208955223880597,0.8731343283582089,0.0597014925373134,0.7067164179104477,0.6843283582089552,麗臺
206.0,209.0,204.5,205.0,3641760.0,0.1294765840220386,197.4,0.0732984293193717,188.9,0.1141304347826086,198.94036661783852,0.0485933503836317,197.67851664225265,0.0061251664447403,64.13043478260869,3583392.9,1.0162882222599705,0.0852302805717311,2474.TW,2026-08-12,-0.004325899027792,0.129967762324771,neutral,0.118628359592215,0.2606679035250464,2026-03-31,2026-05-15,3773945000.0,1086984000.0,243428000.0,1851491000.0,315957000.0,1484484000.0,2.63,111490974000.0,75734641000.0,225538335000.0,82981411000.0,142556924000.0,16182860000.0,66414098000.0,,,0.1706500328654041,201887003.7996404,149803694000.0,0.0013476770726337,0.0104132718239627,0.0065819586723472,0.5820931644119931,0.2880232753789469,0.0645022648713746,0.3933507245071139,-0.1324838723321306,,,29.474595147303784,29.474595147303784,False,68.68444932101953,68.68444932101953,58.881985777590586,691.0,True,False,True,True,True,False,True,True,True,False,False,True,True,True,False,False,False,10,False,0.030459546673109,0.0370373244503721,1.0,734595544.5,0.1427247451343836,2.0,3.0,,,,,,0.0046376081363529,-0.063226938841256,0.1435629321799728,-1.608411010684322,0.2541044776119402,-1.608411010684322,0.3042903501140604,-691.0,0.2686567164179104,0.1865671641791045,0.2238805970149253,0.2619402985074627,0.2350746268656716,可成
22.0,22.39999961853028,21.799999237060547,21.799999237060547,254940.0,0.011600928484956,21.970000076293942,0.0186915712925483,21.52750005722046,0.0608272528665454,21.689999930063887,-0.0223588948404451,21.943309513727822,0.0083138200103259,58.20893822813696,154011.2,1.655334157515817,0.0126581897162132,2477.TW,2026-08-12,-0.004325899027792,0.129967762324771,neutral,0.2446709916589434,0.3747680890538033,2026-03-31,2026-05-15,506123000.0,134705000.0,7862000.0,32092000.0,13938000.0,17501000.0,0.11,5644395000.0,2493981000.0,8543804000.0,4123384000.0,4420420000.0,2586925000.0,1388416000.0,683016000.0,,0.4,4717200.0,6049823000.0,0.0007797252911366,0.0039591260558951,0.0020483850050867,0.9328036702394796,0.2661507183036534,0.0155337734108112,0.0345785510636742,-0.0327116289114535,,,22.08324634514487,22.08324634514487,False,60.78321944109142,60.78321944109142,51.108226167104775,826.0,True,False,True,True,True,False,True,True,True,False,True,True,True,True,False,False,False,11,False,0.0050714295689873,-0.0065309326552414,0.0,3357444.0424987795,0.798887859128823,0.0,3.0,,,,,,0.0390640570664845,-0.0014938288763618,0.1685321008240176,-1.6614528089421186,0.4238805970149253,-1.6614528089421186,0.4862751484257365,-826.0,0.1417910447761194,0.0298507462686567,0.4701492537313433,0.191044776119403,0.1738805970149253,美隆電
14.100000381469728,14.149999618530272,13.899999618530272,13.949999809265137,281229.0,0.0,14.010000228881836,0.0072201750932223,13.974999952316283,0.1204819295566348,13.52333335876465,-0.0510204088252632,13.632500012715658,0.0025107665829205,48.27585526510505,129819.1,2.166314509960398,-0.0017889190079749,2516.TW,2026-08-12,-0.004325899027792,0.129967762324771,neutral,0.2956441149212233,0.2490723562152133,2026-03-31,2026-05-15,1624343000.0,91613000.0,49137000.0,56516000.0,0.0,56516000.0,0.25,5501612000.0,4873771000.0,7116682000.0,5000833000.0,2115849000.0,1859804000.0,596780000.0,,,0.0,49137000.0,2242911000.0,0.0219076904968587,0.0267107907983981,0.0079413412036676,2.363511290266933,0.0564000337367169,0.0302503843092253,0.0347931440588594,-0.2679604746075582,,,20.556737993044667,20.556737993044667,False,60.184580063979645,60.184580063979645,50.2776195462459,850.0,True,False,True,True,False,True,True,False,True,False,True,True,True,True,False,False,False,10,False,0.0315503906604475,0.0232899172017848,1.0,1810976.420238972,0.8674698795180723,0.0,3.0,,,,,,0.1638109564339292,0.0908620992256154,0.26433236428247,-0.7063590964186761,0.8940298507462687,-0.7063590964186761,0.8327141897193069,-850.0,0.126865671641791,0.0074626865671641,0.9253731343283582,0.2466417910447761,0.2507462686567164,新建
88.80000305175781,89.4000015258789,88.4000015258789,88.80000305175781,205554.0,0.0102389250313486,90.18000030517578,0.0079455685557399,88.25500106811523,0.2164383979692852,87.55500043233236,0.3590333754538306,78.82256698608398,0.0050105351933109,50.84746639401993,372205.95,0.55225876964084,0.0061753099206462,2535.TW,2026-08-12,-0.004325899027792,0.129967762324771,neutral,0.2900834105653382,0.1428571428571428,2026-03-31,2026-05-15,7158996000.0,1023899000.0,759460000.0,917121000.0,168741000.0,748785000.0,2.88,29176307000.0,17358125000.0,31406521000.0,21164629000.0,10241892000.0,7958413000.0,1895000000.0,3752518000.0,0.0,0.1839898988246916,619727031.4385997,14048396000.0,0.0441137216973809,0.0731100269364293,0.023841704721131,2.0664764869615886,0.1430227087708946,0.10608470796743,0.1045935770881838,0.5557714720596632,,,66.50740970485359,66.50740970485359,False,63.24067827166514,63.24067827166514,64.05736112996226,196.0,True,False,True,True,True,True,True,True,True,True,True,True,False,True,True,False,False,12,False,0.0142196632205793,0.1265809583115369,1.0,33051889.495882414,0.4874884151992585,1.0,3.0,,,,,,0.0857090455357721,0.0336793942724745,0.3167640242920359,-0.252097299562057,0.8936567164179106,-0.252097299562057,0.8983344065960519,-196.0,0.753731343283582,0.4328358208955223,0.9626865671641792,0.7850746268656716,0.6992537313432836,達欣工
41.79999923706055,42.650001525878906,41.54999923706055,42.150001525878906,1228312.0,-0.0276815914759155,42.58999938964844,0.0511222725626987,41.71250038146973,0.1048492749675675,39.423333485921226,-0.1163521834023244,42.5637500445048,0.0155203893872047,58.88325010708264,1352157.5,0.908408968629764,0.0104884900307615,2539.TW,2026-08-12,-0.004325899027792,0.129967762324771,neutral,0.154772937905468,0.2764378478664193,2026-03-31,2026-05-15,2476909000.0,1123612000.0,1002985000.0,1009807000.0,195023000.0,814784000.0,0.68,31998835000.0,10750825000.0,32104295000.0,13379256000.0,18725039000.0,5711725000.0,397000000.0,2628180000.0,,0.1931289840533884,809279525.9292122,21353470000.0,0.0378992044819512,0.0435130735909281,0.0253792833637991,0.7145115158371633,0.4536347520235907,0.4049341336318774,0.3289519316212262,-0.5500200926952697,,,74.05495514883755,74.05495514883755,False,71.96796217660855,71.96796217660855,72.4897104196658,129.0,True,False,True,True,True,True,True,True,True,False,True,True,True,True,True,False,False,12,False,0.0691638123633411,-0.0097206782342551,0.0,56993440.68822861,0.4096385542168674,1.0,3.0,,,,,,0.02242954980954,-0.0361735835151481,0.1709377821685024,-1.820559692976464,0.3041044776119403,-1.820559692976464,0.3063356503771465,-129.0,0.8283582089552238,0.753731343283582,0.2313432835820895,0.7388059701492538,0.6865671641791045,櫻花建
217.0,217.0,213.0,214.5,9528813.0,0.0463414634146341,211.6,0.0751879699248121,204.95,0.1740223149452773,200.38945693969723,0.2401201068530016,195.0097719828288,0.0199054491166956,64.47368421052632,8925543.7,1.0675890814360138,0.0465967309099781,2603.TW,2026-08-12,-0.004325899027792,0.129967762324771,neutral,0.1149212233549582,0.1818181818181818,2026-03-31,2026-05-15,86511471000.0,13386693000.0,8948352000.0,10639378000.0,1948722000.0,8303529000.0,3.84,244500947000.0,151671937000.0,935103407000.0,330097608000.0,605005799000.0,183466379000.0,21757000.0,72484631000.0,,0.1831612712698054,7309360471.910295,783431470000.0,0.0093299296132567,0.0137247097692695,0.0088797976115169,0.5456106512460056,0.1547389362966675,0.1034354392147603,0.0959818265025224,-0.2133215452088127,,,31.8537233857576,31.8537233857576,False,77.59356288555465,77.59356288555465,66.15860301060538,651.0,True,True,True,True,True,True,True,True,True,True,True,True,True,True,False,False,False,14,False,0.0704155960887154,0.0999448787565753,1.0,1914529123.65,0.0778498609823911,2.0,3.0,,,,,,0.0625882432728335,-0.0239918948182494,0.2198716061039969,-1.6247911645791897,0.5291044776119402,-1.6247911645791897,0.6076387399512699,-651.0,0.3208955223880597,0.5298507462686567,0.6417910447761194,0.3690298507462686,0.4477611940298507,長榮
32.79999923706055,33.099998474121094,32.29999923706055,32.54999923706055,3717933.0,0.017187476158142,32.58999938964844,0.0284360072473219,31.58499994277954,0.111428974099268,30.722368907928463,0.1733900722093644,32.70964159965516,0.0155132155879598,50.39999414062143,5454012.15,0.6816877003106786,0.0305524551536879,2605.TW,2026-08-12,-0.004325899027792,0.129967762324771,neutral,0.2131603336422613,0.2662337662337662,2026-03-31,2026-05-15,1366845000.0,582927000.0,482738000.0,537338000.0,149979000.0,387359000.0,0.66,9807913000.0,5258125000.0,22934806000.0,5269539000.0,17665267000.0,4877423000.0,4114000000.0,,,0.2791148215834353,347998669.2584556,17676681000.0,0.0196868783941089,0.0219277183865944,0.0168895695040978,0.2982994256469489,0.4264763012631278,0.3531768415584795,0.2833964348554518,0.4444113329930603,,,75.1720503143159,75.1720503143159,False,64.495383764362,64.495383764362,67.16455040185048,118.0,True,False,True,True,True,True,True,True,True,False,True,True,False,True,True,False,False,11,False,0.0594885874396367,-0.0048805903943714,0.0,177528091.32141897,0.2771084337349397,1.0,3.0,,,,,,0.0110253119914485,-0.0635163029409238,0.1409143172662218,-1.9230059515246092,0.2067164179104477,-1.9230059515246092,0.2129714199089761,-118.0,0.8432835820895522,0.5671641791044776,0.1343283582089552,0.7369402985074626,0.6186567164179104,新興
67.9000015258789,68.4000015258789,66.80000305175781,67.4000015258789,3842061.0,0.0449612639671148,66.5000015258789,0.049844310432235,63.660000038146975,0.1075659734485148,63.76194388071695,0.147315493049388,61.61246426900228,0.0124850992842242,65.9091020747051,3798204.9,1.011546533469008,0.0587496306234811,2606.TW,2026-08-12,-0.004325899027792,0.129967762324771,neutral,0.1594068582020389,0.2727272727272727,2026-03-31,2026-05-15,3891765000.0,1243986000.0,987897000.0,987799000.0,68000.0,987731000.0,1.17,29154469000.0,15158773000.0,89632874000.0,49048791000.0,40584083000.0,18437340000.0,5972000000.0,33795287000.0,,6.883991581283237e-05,987828993.2536882,74474101000.0,0.0132640606598754,0.0243378912860985,0.0110197403689186,1.2085721143434485,0.3196457134487822,0.2538429221702749,0.2538002680017935,0.1329549990000165,,,55.37983321173965,55.37983321173965,False,62.93707823917207,62.93707823917207,61.04776698231396,303.0,True,False,True,True,True,False,True,True,True,False,True,True,True,True,False,False,False,11,False,0.057056881013036,0.0939345199959544,1.0,255999016.05560076,0.2409638554216867,1.0,3.0,,,,,,0.0202964549539475,-0.0347010809928911,0.1765707716361541,-1.6627416092140157,0.3335820895522388,-1.6627416092140157,0.298025688091799,-303.0,0.6268656716417911,0.2761194029850746,0.208955223880597,0.564179104477612,0.4380597014925373,裕民
87.69999694824219,87.69999694824219,86.0,87.0999984741211,7107904.0,0.0199062870944684,86.18000030517578,0.0660954923817178,84.63499946594239,0.0833332937945978,82.00131632486979,0.1802167326881498,79.57399152119955,0.0179205023139446,58.666665988497925,10646884.05,0.6676041522214191,0.0291250549268407,2615.TW,2026-08-12,-0.004325899027792,0.129967762324771,neutral,0.1316033364226135,0.3181818181818182,2026-03-31,2026-05-15,33640864000.0,7656632000.0,5825197000.0,9789626000.0,2113020000.0,7671518000.0,2.73,141008376000.0,35567443000.0,420232464000.0,133190864000.0,287041600000.0,99479800000.0,1000000000.0,42718782000.0,0.0,0.2158427707044171,4567870339.620942,384665021000.0,0.0118749303686256,0.0267261539790748,0.0182554149362434,0.4640124079575922,0.2275991484642011,0.1731583647792161,0.2280416460171772,-0.0929984351119866,,,48.73816272918027,48.73816272918027,False,72.93184901723278,72.93184901723278,66.88342744521965,388.0,True,False,True,True,True,True,True,True,True,False,True,True,False,True,False,False,False,11,False,0.0621780524723716,0.0945787286655908,1.0,927343584.5091444,0.1232622798887859,1.0,3.0,,,,,,0.0560081445018883,0.0092299686122485,0.2613130949082813,-1.2605424289935965,0.6772388059701493,-1.2605424289935965,0.6860175892288314,-388.0,0.5447761194029851,0.5597014925373134,0.7761194029850746,0.5794776119402986,0.5955223880597015,萬海
41.900001525878906,42.59999847412109,41.45000076293945,42.150001525878906,22144535.0,-0.0376711812767687,42.84000091552734,0.0,42.34750022888184,0.2235123539161991,40.34245300292969,0.0863402668734731,37.66414311726888,0.0135224159605162,56.132090749501785,41224656.8,0.5371672372539922,-0.0046637629596901,2618.TW,2026-08-12,-0.004325899027792,0.129967762324771,neutral,0.3387395736793327,0.1345083487940631,2026-03-31,2026-05-15,60515845000.0,15865568000.0,11279920000.0,11043489000.0,2178622000.0,8268012000.0,1.53,119872996000.0,106923312000.0,391276107000.0,247236537000.0,144039570000.0,95057424000.0,110000000.0,46720454000.0,,0.1972766034357439,9054655695.373083,284352795000.0,0.0318430339162767,0.057400976689947,0.0211308890373927,1.7164487300260616,0.2621721302908354,0.1863961413742136,0.1366255730214128,0.1014063587979636,,,65.4946890287355,65.4946890287355,False,66.06631601365932,66.06631601365932,65.92340926742835,205.0,True,False,True,True,False,True,True,True,True,True,True,True,False,True,True,False,False,11,False,0.044805121860536,0.1191015655033786,1.0,1737619347.023834,0.0806302131603336,1.0,3.0,,,,,,0.061580059765729,-0.0058166598556178,0.27195737968717,-0.7191740236887998,0.7223880597014924,-0.7191740236887998,0.6740492095971754,-205.0,0.746268656716418,0.5074626865671642,0.7611940298507462,0.7485074626865672,0.6776119402985075,長榮航
87.30000305175781,88.80000305175781,86.80000305175781,88.0,1484212.0,0.0304449464597869,87.36000061035156,0.0488676805668049,83.0450008392334,0.2991430118357785,78.26706809997559,0.3139904924723433,73.33527599970499,0.0112024361369517,67.00507103083592,2412717.65,0.6151619108850138,0.0596664351940821,2637.TW,2026-08-12,-0.004325899027792,0.129967762324771,neutral,0.1612604263206672,0.0871985157699443,2026-03-31,2026-05-15,4338022000.0,1244039000.0,1197473000.0,1201283000.0,6082000.0,1195201000.0,1.6,8930959000.0,8128467000.0,84286573000.0,33874386000.0,50412187000.0,5975075000.0,2132536000.0,18694305000.0,992902000.0,0.0050629202277897,1191410289.726068,76158106000.0,0.0156439065032167,0.0237085726909645,0.0141802063775923,0.6719483524886551,0.2867756318432686,0.276041246448266,0.2755175054437253,0.2360516073148353,,,62.80204855376821,62.80204855376821,False,76.28212610359832,76.28212610359832,72.91210671614078,238.0,True,True,True,True,True,True,True,True,True,True,True,True,False,True,True,False,False,13,False,0.1243553915625395,0.1999682117560177,1.0,212319153.2,0.2613531047265987,1.0,3.0,,,,,,0.0309876865887776,-0.0421013739168067,0.2200633295081242,-1.7275398226565837,0.3940298507462686,-1.7275398226565837,0.3536331146685925,-238.0,0.6940298507462687,0.7611940298507462,0.2761194029850746,0.6313432835820896,0.630597014925373,慧洋-KY
46.54999923706055,46.75,45.34999847412109,45.34999847412109,125113.0,-0.0109051257718626,45.83999938964843,0.0034165131072965,46.09964122772217,0.0823388263151099,44.56968720753988,0.0633059050796023,43.56567684809367,0.00387789579419,47.305385391677895,120464.05,1.0385920114756229,-0.0162613576513103,2704.TW,2026-08-12,-0.004325899027792,0.129967762324771,neutral,0.3206672845227062,0.3218923933209647,2026-03-31,2026-05-15,378532000.0,113136000.0,11772000.0,102498000.0,43662000.0,58697000.0,0.16,22038050000.0,4179836000.0,34495152000.0,8091080000.0,26404072000.0,3958344000.0,340000000.0,400000000.0,,0.4,7063200.0,30315316000.0,0.0002329911388685,0.0022230283268429,0.0017016014308329,0.3064330380556453,0.2988809400526243,0.0310990880559635,0.1550648293935519,0.0078893625405718,,,28.393804821713665,28.393804821713665,False,57.65427172692488,57.65427172692488,50.33915500062208,711.0,True,False,True,True,False,True,True,False,True,False,True,True,True,True,False,False,False,10,False,0.0175076675532332,0.0409570504837799,1.0,5463044.483686446,0.7358665430954587,1.0,3.0,,,,,,0.0394614025308465,0.002577799992963,0.1679893674927329,-1.5457980886658085,0.4548507462686567,-1.5457980886658085,0.4242870277157711,-711.0,0.2313432835820895,0.0149253731343283,0.3955223880597014,0.2559701492537313,0.1992537313432835,國賓
9.449999809265137,9.539999961853027,9.34000015258789,9.43000030517578,12481540.0,-0.0348004234040453,9.638000106811525,0.0655367117181673,9.471000003814698,0.216774232925907,8.670333282152813,0.184673399495487,8.246583318710327,0.0213523186205648,59.68992993075876,20967656.15,0.5952758816106397,-0.0043289725079088,2867.TW,2026-08-12,-0.004325899027792,0.129967762324771,neutral,0.1325301204819277,0.1410018552875695,2026-03-31,2026-05-15,,,-260328000.0,-260476000.0,-99972000.0,,,,,1583200325000.0,1505084533000.0,78115792000.0,70736282000.0,,,,0.3838050338610851,-160412803.14501145,1583200325000.0,-0.0001013218609243,,,19.267352918856663,,,,,,,0.0,0.0,False,76.04341659308488,76.04341659308488,57.032562444813664,1078.0,True,True,True,True,False,True,True,True,True,True,True,True,False,True,False,False,False,12,False,0.0876168191350477,0.143503914376327,1.0,197725003.8933208,0.2715477293790547,0.0,3.0,,,,,,0.0813278678953131,-0.045230169474988,0.2415161047479759,-0.2153710691434332,0.689179104477612,-0.2153710691434332,0.6580441441983631,-1078.0,0.0074626865671641,0.1641791044776119,0.7089552238805971,0.1126865671641791,0.1947761194029851,三商壽
43.900001525878906,43.95000076293945,42.84999847412109,43.20000076293945,30239110.0,-0.0136985955381802,43.86000061035156,0.1119691752810752,42.19000053405762,0.3416148987381526,37.96583340962728,0.2724594931407924,36.07666672070821,0.0299035854243085,64.44444193271104,28758263.5,1.0514929039439391,0.0239393272362373,2880.TW,2026-08-12,-0.004325899027792,0.129967762324771,neutral,0.0676552363299351,0.0705009276437847,2026-03-31,2026-05-15,18727437000.0,,,9327986000.0,1664716000.0,7663213000.0,,,,4445991154000.0,4202483247000.0,243507907000.0,45717871000.0,,,,0.1784646760833474,,4445991154000.0,,0.0314700787108321,0.0017236230875325,17.25809768879497,,,0.4091971047613189,0.1221769088861191,,,25.15680897546131,25.15680897546131,False,79.80471348521434,79.80471348521434,66.14273735777608,765.0,True,True,True,True,True,True,True,True,True,True,True,True,True,True,False,False,False,14,False,0.1378652036118588,0.197449894619627,1.0,1242357005.1408138,0.1010194624652456,1.0,3.0,,,,,,-0.079123942583251,-0.1721395535249036,0.1698744080203717,-1.899468207589567,0.1022388059701492,-1.899468207589567,0.098834511283233,-765.0,0.1791044776119403,0.5149253731343284,0.0373134328358208,0.1578358208955223,0.2514925373134328,華南金
100.0,101.0,98.5,99.6999969482422,17431749.0,-0.0079602293707243,99.43999938964843,0.0320910820195468,97.73000030517578,0.3272585061174007,95.49942410786949,0.3375740736665462,83.77879180908204,0.0078374738973331,54.76189034506651,21317983.7,0.8177015821622943,0.0201575425858471,2882.TW,2026-08-12,-0.004325899027792,0.129967762324771,neutral,0.2038924930491195,0.075139146567718,2026-03-31,2026-05-15,72538053000.0,,,38391738000.0,6735806000.0,31593811000.0,,,,14450034484000.0,13633007653000.0,817026831000.0,293505959000.0,,,,0.1754493636104726,,14450034484000.0,,0.0386692453677815,0.0021864176888285,16.686119887046893,,,0.4355480977687669,-0.3173702053156907,,,13.906153918122188,13.906153918122188,False,71.75330880989462,71.75330880989462,57.29152008695151,984.0,True,False,True,True,True,True,True,True,True,True,True,True,True,True,False,False,False,13,False,0.0439853211641156,0.190038609955631,1.0,2125402909.832677,0.0713623725671918,1.0,3.0,,,,,,0.0077104940452507,-0.1220260077625616,0.2720720031818041,-0.920858646160574,0.4667910447761194,-0.920858646160574,0.4246832571015888,-984.0,0.0597014925373134,0.1716417910447761,0.4029850746268656,0.1111940298507462,0.1619402985074626,國泰金
31.0,31.39999961853028,30.549999237060547,31.200000762939453,29104162.0,-0.0126582156234666,30.95,0.0348259090445839,30.41500005722046,0.4914090142895595,27.94289350509644,0.712944523977296,24.0041806379954,0.0086221235009856,52.44755393992682,46326864.95,0.6282350863027695,0.0258096565590055,2883.TW,2026-08-12,-0.004325899027792,0.129967762324771,neutral,0.1936978683966636,0.0352504638218923,2026-03-31,2026-05-15,23565513000.0,,,13099615000.0,1407592000.0,11689699000.0,,,,4235032868000.0,3864021319000.0,371011549000.0,75116245000.0,,,,0.1074529289601259,,4235032868000.0,,0.0315076418281523,0.0027602380818169,10.414827596108069,,,0.4960511150340754,-0.1317078255463794,,,12.146336472811727,12.146336472811727,False,70.95588922127749,70.95588922127749,56.25350103416105,1012.0,True,False,True,True,True,True,True,True,True,True,True,True,False,True,False,False,False,12,False,0.1165629914900889,0.2997736199982612,1.0,1445398221.784593,0.0926784059314179,1.0,3.0,,,,,,-0.0125052189180738,-0.1572245288132605,0.2287321276780586,-1.1756825361812984,0.3365671641791045,-1.1756825361812984,0.2765570789746283,-1012.0,0.0223880597014925,0.1343283582089552,0.1865671641791045,0.0470149253731343,0.0888059701492537,凱基金
37.20000076293945,37.25,36.29999923706055,36.75,28077309.0,-0.0354330322358951,37.51000061035156,0.0667634016291469,36.90250034332276,0.1970854056369972,34.06429595947266,0.1366982956590852,32.7177064259847,0.0200400853479923,59.482740477073705,43647002.95,0.6432814878988157,-0.0041325206125322,2884.TW,2026-08-12,-0.004325899027792,0.129967762324771,neutral,0.1306765523632993,0.1595547309833024,2026-03-31,2026-05-15,25169421000.0,,,12706707000.0,2639201000.0,10056957000.0,,,,4679436007000.0,4394289185000.0,285146822000.0,45485669000.0,,,,0.2077014131198586,,4679436007000.0,,0.0352693988642805,0.0021491814365995,15.410619533399537,,,0.3995704549580223,0.174006725249566,,,29.938092003685178,29.938092003685178,False,75.40499124015591,75.40499124015591,64.03826643103822,685.0,True,True,True,True,False,True,True,True,True,True,True,True,False,True,False,False,False,12,False,0.0788422001653168,0.1232449952791561,1.0,1604027358.4125,0.0871177015755329,1.0,3.0,,,,,,-0.0633392340039399,-0.1608928038356578,0.1381945069259238,-1.7902088145845645,0.0977611940298507,-1.7902088145845645,0.0752622335536394,-685.0,0.2761194029850746,0.4253731343283582,0.0223880597014925,0.2380597014925373,0.2701492537313432,玉山金
49.400001525878906,49.45000076293945,48.54999923706055,48.70000076293945,31465643.0,-0.0488281242724042,50.060000610351565,0.0586956687595532,49.64750022888183,0.1980319541177801,45.74916693369547,0.2236181330775377,42.62041670481364,0.0173146882567888,52.34042304519428,34212241.9,0.9197188273125124,-0.0190845352046784,2886.TW,2026-08-12,-0.004325899027792,0.129967762324771,neutral,0.1399443929564411,0.1576994434137291,2026-03-31,2026-05-15,20768442000.0,,,11219594000.0,1822242000.0,9397352000.0,,,,5003279677000.0,4601326283000.0,401953394000.0,108936088000.0,,,,0.1624160375143699,,5003279677000.0,,0.0233792079884763,0.0018782383969458,11.447412440557724,,,0.4524822805677961,0.1010590363542149,,,21.43739093265881,21.43739093265881,False,67.23742995395719,67.23742995395719,55.7874201986326,834.0,True,False,True,True,False,True,True,True,True,True,True,True,True,True,False,False,False,12,False,0.0645002745846856,0.142644876051603,1.0,1666136206.631869,0.0834105653382761,1.0,3.0,,,,,,-0.0760601494140778,-0.1717569940520687,0.1590930604837152,-1.7918296374940466,0.1026119402985074,-1.7918296374940466,0.0760869142192264,-834.0,0.1343283582089552,0.1119402985074626,0.0298507462686567,0.1186567164179104,0.1067164179104477,兆豐金
35.650001525878906,36.0,35.099998474121094,35.650001525878906,35215084.0,-0.0014005388233059,35.35000076293945,0.0254970960960825,34.730112648010255,0.5105932605776826,31.663701883951823,0.4978992717935024,27.939350922902427,0.0017741421442528,55.25114266603495,61696039.95,0.5707835385956567,0.0264867807136626,2887.TW,2026-08-12,-0.004325899027792,0.129967762324771,neutral,0.2187210379981464,0.0306122448979591,2026-03-31,2026-05-15,47867456000.0,,,25588754000.0,4532177000.0,21040510000.0,,,,9064708955000.0,8465511408000.0,599197547000.0,97795796000.0,,,,0.1771159705548773,,9064708955000.0,,0.035114479532407,0.0023211456765409,14.12808088147931,,,0.439557723727787,0.933005034802805,,,37.907562917661295,37.907562917661295,False,73.492675203784,73.492675203784,64.59639713225332,560.0,True,False,True,True,True,True,True,True,True,True,True,True,False,True,False,False,False,12,False,0.1258949334647274,0.2759781579841895,1.0,2199463918.3581862,0.0667284522706209,1.0,3.0,,,,,,-0.0963179458203243,-0.2279722053436286,0.1209589239030898,-2.104320879094566,0.0305970149253731,-2.104320879094566,0.0275064012780671,-560.0,0.3955223880597014,0.4626865671641791,0.0074626865671641,0.3373134328358209,0.3380597014925373,台新新光金
39.150001525878906,39.900001525878906,39.0,39.84999847412109,19272602.0,0.0075853158747831,39.09000015258789,0.0465108800611169,38.9237922668457,0.323920198308492,36.736082299550375,0.3283332824707028,34.20762446721395,0.0004638290664851,60.92714930640641,36562548.3,0.5271132045246419,0.0237953743285261,2890.TW,2026-08-12,-0.004325899027792,0.129967762324771,neutral,0.1677479147358665,0.0769944341372912,2026-03-31,2026-05-15,26199317000.0,,,13172491000.0,2157069000.0,10973530000.0,,,,3820349236000.0,3552231164000.0,268118072000.0,41779009000.0,,,,0.163755587306911,,3820349236000.0,,0.0409279759403909,0.0028723892299148,13.24875692825361,,,0.4188479417230609,0.4040584778805451,,,40.18365017296791,40.18365017296791,False,79.94470435009825,79.94470435009825,70.00444080581566,506.0,True,True,True,True,True,True,True,True,True,True,True,True,False,True,False,False,False,13,False,0.084764514331699,0.1649449236767386,1.0,1457017493.9649785,0.0917516218721038,1.0,3.0,,,,,,-0.0758943227310273,-0.1952780208462409,0.1329798967754698,-1.9703222849262765,0.0507462686567164,-1.9703222849262765,0.063296078239198,-506.0,0.4552238805970149,0.6716417910447762,0.0149253731343283,0.3891791044776119,0.4320895522388059,永豐金
66.30000305175781,67.0,65.5,66.5999984741211,37726084.0,0.0090908859715317,66.01999969482422,0.0488188736082062,64.07500019073487,0.2021660043278221,65.49799035390218,0.2807692014254057,59.363995202382405,0.0002345211940289,65.97936603694043,39706842.6,0.9501154342601896,0.0394069180783449,2891.TW,2026-08-12,-0.004325899027792,0.129967762324771,neutral,0.1621872103799814,0.1530612244897959,2026-03-31,2026-05-15,59859484000.0,,,28299359000.0,4691107000.0,23103564000.0,,,,9627795130000.0,9033405624000.0,594389506000.0,137297531000.0,,,,0.165767252890781,,9627795130000.0,,0.0388694009008967,0.0023996734130756,15.197787869424465,,,0.3859633003184591,-0.0259120213272754,,,18.776914292805223,18.776914292805223,False,64.05913398628391,64.05913398628391,52.73857906291424,883.0,True,False,True,True,True,False,True,True,True,True,True,True,True,True,False,False,False,12,False,0.0168250676740535,0.1218921207555163,1.0,2644475656.5721664,0.0583873957367933,1.0,3.0,,,,,,-0.0581333567741668,-0.1737122991685328,0.1628011469885981,-1.4757007462127598,0.1578358208955224,-1.4757007462127598,0.1852075248360866,-883.0,0.1119402985074626,0.0597014925373134,0.0895522388059701,0.1085820895522388,0.0917910447761194,中信金
53.59999847412109,54.5,53.59999847412109,54.5,3505827.0,0.0521235676198181,52.92000045776367,0.0830341318953571,51.83999996185303,0.2165178778600331,50.02194442749023,0.0541585917938263,48.781388982137045,0.0158464381351265,68.35445421780302,2618260.3,1.3389910086479944,0.0513117291686797,2915.TW,2026-08-12,-0.004325899027792,0.129967762324771,neutral,0.1010194624652456,0.1419294990723562,2026-03-31,2026-05-15,418613000.0,187104000.0,-8207000.0,2736586000.0,18591000.0,2708283000.0,2.59,4840429000.0,1001903000.0,130249863000.0,12898049000.0,117351814000.0,3969846000.0,450000000.0,9445000000.0,,0.0067935010995452,-8151245.736476032,129247960000.0,-6.306672644176382e-05,0.0230783224194557,0.0207929815634431,0.1099092426470714,0.4469617522628298,-0.019605220095888,,-0.3549697834454577,,,42.46996725529738,42.46996725529738,False,77.35046535446475,77.35046535446475,68.6303408296729,472.0,True,True,True,True,True,True,True,True,True,True,True,True,True,True,False,False,False,14,False,0.0895218213478481,0.1172293601553047,1.0,142695186.35,0.3058387395736793,1.0,3.0,,,,,,0.0724613777370967,0.0125491507409945,0.212635881036918,-1.5776784250491205,0.6194029850746268,-1.5776784250491205,0.6617409792435671,-472.0,0.4925373134328358,0.6343283582089553,0.7164179104477612,0.5261194029850745,0.5798507462686567,潤泰全
4390.0,4685.0,4355.0,4585.0,2151345.0,0.0021857923497268,4470.0,0.1349009900990099,4151.0,0.362555720653789,4145.416666666667,1.0457819886007993,3309.9452270507813,0.0221620290568825,59.447983014862,2127516.15,1.011200314507601,0.1045531197301854,3008.TW,2026-08-12,-0.004325899027792,0.129967762324771,neutral,0.051899907321594,0.0602968460111317,2026-03-31,2026-05-15,15544079000.0,7679569000.0,5812218000.0,7287959000.0,1112047000.0,6123204000.0,46.63,159095122000.0,39536493000.0,226385533000.0,39762818000.0,186622715000.0,119023098000.0,146000.0,,,0.1525868902390916,4925349729.988327,186849040000.0,0.026360048357692,0.0328106040039123,0.0270476824152893,0.213065263786351,0.4940510788706104,0.3739184547376528,0.3939251724080918,0.0661796222311039,,,76.94531754874203,76.94531754874203,False,89.01721424499935,89.01721424499935,85.99924007093502,100.0,True,True,True,True,True,True,True,True,True,True,True,True,True,True,True,False,False,14,False,0.1060408081214192,0.3852192968417531,1.0,9754661547.75,0.0213160333642261,3.0,2.0,,,,,,-0.0272556130149289,-0.1281789521306614,0.2216211083766175,-0.9750854765025866,0.3343283582089552,-0.9750854765025866,0.397386410688493,-100.0,0.8731343283582089,0.9626865671641792,0.3582089552238806,0.7958955223880596,0.7970149253731343,大立光
130.5,135.5,130.0,132.5,3960897.0,0.1134453781512605,124.2,0.0995850622406639,117.575,0.1224762439796387,123.83791516621908,0.1457641230260322,123.83933124542236,0.0135775862068965,67.12328767123287,1002230.95,3.952080106885544,0.1269402509036785,3010.TW,2026-08-12,-0.004325899027792,0.129967762324771,neutral,0.082483781278962,0.2402597402597402,2026-03-31,2026-05-15,21842510000.0,1777714000.0,835852000.0,967830000.0,224352000.0,642021000.0,2.47,38704302000.0,24301868000.0,58301011000.0,32315671000.0,25985340000.0,7164556000.0,7834348000.0,5476101000.0,,0.2318093053532128,642093728.5019063,33999143000.0,0.0188855856896718,0.024707046357677,0.0110121761010285,1.24361162871065,0.0813878075367711,0.0382672137954841,0.0293931878708078,0.1743730071489269,,,36.94259298515282,36.94259298515282,False,69.7153400871011,69.7153400871011,61.522153311614034,576.0,True,False,True,True,True,False,True,True,True,False,False,True,False,True,False,False,False,9,False,0.0699469530164038,0.0699347183764591,1.0,132795600.875,0.3076923076923077,2.0,3.0,,,,,,0.0428471110680484,-0.0206709445969233,0.2290788726544277,-1.7455296785906007,0.4805970149253731,-1.7455296785906007,0.6692337285930376,-576.0,0.373134328358209,0.2835820895522388,0.746268656716418,0.4291044776119403,0.4208955223880597,華立
2765.0,2915.0,2755.0,2910.0,4202087.0,0.0659340659340659,2832.0,0.3441108545034641,2458.5,0.217573221757322,2482.333333333333,0.8187500000000001,2337.708333333333,0.0638251839030722,65.06410256410257,4358029.45,0.9642172106019156,0.1836485661989018,3017.TW,2026-08-12,-0.004325899027792,0.129967762324771,neutral,0.0092678405931417,0.1400742115027829,2026-03-31,2026-05-15,49037946000.0,14597401000.0,12019030000.0,11979060000.0,3304089000.0,7915619000.0,20.17,135871669000.0,112699102000.0,175993383000.0,124678400000.0,51314983000.0,67880246000.0,16445795000.0,7190026000.0,,0.2758220594938167,8703916392.282032,63294281000.0,0.1375150527783392,0.1542555124689411,0.0449767989288551,2.4296685433959904,0.2976756204266794,0.2450965217833552,0.161418241294201,1.1016606943545204,,,82.5145908535667,82.5145908535667,False,76.70443997896666,76.70443997896666,78.15697769761667,70.0,True,True,True,True,True,False,True,True,True,True,True,True,True,False,True,False,False,12,False,0.1722841412649387,0.2448088405667943,1.0,12681865699.5,0.0166821130676552,3.0,2.0,,,,,,0.0614153882224822,-0.0743663581320261,0.2839911546341231,-0.5168591239927308,0.6470149253731343,-0.5168591239927308,0.664997412132884,-70.0,0.9029850746268656,0.8656716417910447,0.7313432835820896,0.8772388059701492,0.8574626865671642,奇鋐
13.0,13.0,12.449999809265137,12.449999809265137,91147.0,-0.1138790291636316,13.629999923706055,0.0506328614751481,13.672499990463256,0.3387096294544665,12.05216670036316,0.0462185049046912,11.817916663487752,0.0320815211241722,52.70270026452864,139934.3,0.6513556719117473,-0.0894130687182906,3018.TW,2026-08-12,-0.004325899027792,0.129967762324771,neutral,0.1566265060240964,0.0714285714285714,2026-03-31,2026-05-15,81164000.0,-2098000.0,-46204000.0,-50483000.0,209000.0,-50692000.0,-0.67,945217000.0,679342000.0,1197882000.0,686677000.0,511205000.0,41701000.0,76378000.0,0.0,0.0,0.0,-46204000.0,518540000.0,-0.0891040228333397,-0.0991617844113418,-0.042318024646835,1.3432517287585215,-0.0258488985264402,-0.5692671627815288,-0.6245626139667833,-0.5865792596893894,,,8.765863869002532,8.765863869002532,False,69.29626860526132,69.29626860526132,54.16366742119662,1050.0,True,False,True,True,False,True,True,True,True,True,True,True,False,True,False,False,False,11,False,0.0330092603921574,0.0534851584907725,1.0,1742182.0083096502,0.8758109360518999,0.0,3.0,,,,,,0.111002315256739,-0.0162947982726584,0.3451859902911638,-0.4583289817543574,0.8164179104477612,-0.4583289817543574,0.5956601425910526,-1050.0,0.0149253731343283,0.0895522388059701,0.6044776119402985,0.1033582089552238,0.1552238805970149,隆銘綠能
107.5,107.5,104.0,105.5,3546891.0,0.0809426398502826,106.0,0.2084764755099939,92.68499984741212,0.5583457127872038,85.35833358764648,0.743801652892562,75.24583342870076,0.0510886768728202,62.91262432209496,3955749.0,0.896642077138868,0.1382640143894404,3022.TW,2026-08-12,-0.004325899027792,0.129967762324771,neutral,0.0268767377201112,0.0250463821892393,2026-03-31,2026-05-15,1592354000.0,448280000.0,36432000.0,189589000.0,22663000.0,168988000.0,0.96,10450596000.0,3234728000.0,16026933000.0,4335529000.0,11691404000.0,3432970000.0,92494000.0,,,0.1195375259113134,32077008.85599903,12792205000.0,0.0025075433716078,0.0144540381976364,0.0105440011510624,0.3708304836613293,0.281520315206292,0.0228793346203168,0.1061246431383976,-0.1038362140769989,,,30.04604328275842,30.04604328275842,False,91.44240017800462,91.44240017800462,76.09331095419307,681.0,True,True,True,True,True,True,True,True,True,True,True,True,True,True,False,False,False,14,False,0.2359660218960568,0.4020709877573034,1.0,417331519.5,0.1936978683966636,2.0,3.0,,,,,,0.027772210042247,-0.0494057995501023,0.3035469542626667,-1.7456505206409982,0.4667910447761194,-1.7456505206409982,0.4713862760337764,-681.0,0.291044776119403,0.8208955223880597,0.4552238805970149,0.3156716417910448,0.4828358208955223,威強電
108.5,109.5,107.5,108.5,764409.0,0.0140186915887849,109.0,0.0533980582524271,105.39000015258787,0.1302083333333332,102.92000007629396,0.0345858815480806,102.46590042114258,0.0156603864271229,57.78546877227439,1412676.45,0.5411069180065966,0.0295094396328809,3029.TW,2026-08-12,-0.004325899027792,0.129967762324771,neutral,0.1501390176088971,0.2300556586270872,2026-03-31,2026-05-15,6876938000.0,811379000.0,385472000.0,424218000.0,78018000.0,295873000.0,1.77,12286821000.0,7803745000.0,15126326000.0,8760650000.0,6365676000.0,2911146000.0,3716000.0,,,0.1839101593991768,314579783.0360805,7322581000.0,0.0429602326059732,0.0464794312497211,0.0195601364138258,1.3762324692617092,0.1179855045952137,0.0560528537555522,0.0430239446683974,0.0168646985516829,,,48.26050505492552,48.26050505492552,False,73.63185661132307,73.63185661132307,67.28901872222369,394.0,True,False,True,True,True,True,True,True,True,True,True,True,False,True,False,False,False,12,False,0.0542168666883953,0.0588888552587427,1.0,153275394.825,0.2965708989805375,2.0,3.0,,,,,,0.0358051252793007,-0.0111205431010777,0.2327643586364204,-0.3897975744016058,0.5977611940298507,-0.3897975744016058,0.6007830103514684,-394.0,0.5373134328358209,0.582089552238806,0.6194029850746269,0.5496268656716418,0.5671641791044776,零壹
538.0,544.0,532.0,537.0,3046077.0,-0.0236363636363636,540.8,0.1377118644067796,509.975,0.1523605150214593,504.3422821044922,0.4435483870967742,455.4461410522461,0.0260034201790564,61.88811188811189,4339663.85,0.7019154260070167,0.0529927937644001,3034.TW,2026-08-12,-0.004325899027792,0.129967762324771,neutral,0.0509731232622798,0.2031539888682745,2026-03-31,2026-05-15,23145303000.0,9039901000.0,4027546000.0,4389348000.0,622236000.0,3767112000.0,6.19,79261926000.0,21790635000.0,103666583000.0,31738768000.0,71927815000.0,48919537000.0,,,,0.1417604619182621,3456599218.642951,81875948000.0,0.0422175169030464,0.0523735080788982,0.036338730292673,0.4412586146263444,0.390571728527382,0.1740113750077067,0.1627592432036858,-0.1465659805926223,,,75.54535048945058,75.54535048945058,False,81.82123174066709,81.82123174066709,80.25226142786296,116.0,True,True,True,True,True,True,True,True,True,True,True,True,False,True,True,False,False,13,False,0.0647530834798055,0.1790636731696415,1.0,2330399487.45,0.0639481000926784,3.0,3.0,,,,,,0.0768857936671464,-0.0104889497830162,0.3017038403948291,-0.1043251611464375,0.8011194029850747,-0.1043251611464375,0.8182493179264965,-116.0,0.8507462686567164,0.8955223880597015,0.9029850746268656,0.8585820895522387,0.8746268656716418,聯詠
61.70000076293945,62.400001525878906,61.0,62.29999923706055,1103276.0,0.1225225087758656,58.83999938964844,0.1389396410990595,54.8100004196167,0.306079523234863,53.98178647359212,0.319166567247316,49.87474791208903,0.0192468624975338,69.5121908670087,523431.25,2.1077763316576914,0.1366538726528297,3046.TW,2026-08-12,-0.004325899027792,0.129967762324771,neutral,0.0481927710843373,0.0844155844155844,2026-03-31,2026-05-15,1818011000.0,164863000.0,94671000.0,110981000.0,17198000.0,94001000.0,1.2,3347000000.0,2193135000.0,3800793000.0,2266693000.0,1534100000.0,1823720000.0,113083000.0,,,0.1549634622142529,80000454.06871447,1607658000.0,0.0497621098944641,0.0612743628185907,0.0247319440969292,1.4775392738413402,0.0906831696837918,0.0520739423468834,0.0517054077230555,0.0112825744495272,,,51.57995742194333,51.57995742194333,False,82.75436797436763,82.75436797436763,74.96076533626155,345.0,True,True,True,True,True,True,True,True,True,True,False,True,True,True,False,False,False,13,False,0.1540929507314044,0.2491291053114233,1.0,32609766.47565365,0.4902687673772011,1.0,3.0,,,,,,0.0728160203518225,0.0066274330806089,0.3551902305324813,0.0943225251772919,0.8600746268656716,0.0943225251772919,0.8635356531024124,-345.0,0.5746268656716418,0.7985074626865671,0.9402985074626866,0.6294776119402985,0.7149253731343284,建碁
13.850000381469728,14.0,13.800000190734863,13.949999809265137,30103.0,0.0035971361228104,13.860000038146971,0.037174721716767,13.714462375640869,0.1204819295566348,13.353632020950318,0.0257352513219255,13.430149324735003,0.0103928567556712,64.28572401710085,54874.5,0.5485790303328504,0.0171743833023028,3266.TW,2026-08-12,-0.004325899027792,0.129967762324771,neutral,0.1890639481000926,0.2490723562152133,2026-03-31,2026-05-15,508760000.0,129118000.0,60784000.0,58332000.0,13161000.0,43683000.0,0.12,12792293000.0,7165124000.0,13882400000.0,7442761000.0,6439639000.0,986601000.0,4625000000.0,151500000.0,,0.2256222999382843,47069774.120551325,6717276000.0,0.0070072711201015,0.0067834547868288,0.003146646113064,1.155773017711086,0.2537896061011085,0.1194748014781036,0.0858617029640695,1.0270049523688098,,,43.42781225211624,43.42781225211624,False,70.88166679669673,70.88166679669673,64.01820316055162,458.0,True,False,True,True,True,True,True,True,True,False,True,True,False,True,False,False,False,11,False,0.0446595942870962,0.0387077218547895,1.0,765499.2645335197,0.953660797034291,0.0,3.0,,,,,,0.0705673267389538,0.0454780508282077,0.2641871510437225,-1.0695303195279526,0.7888059701492538,-1.0695303195279526,0.6716572322812169,-458.0,0.5074626865671642,0.417910447761194,0.753731343283582,0.5444029850746268,0.5298507462686568,昇陽
218.5,233.5,216.5,224.5,2296749.0,0.0715990453460619,216.6,0.1031941031941032,205.5,0.0659542159720496,219.25059661865237,0.0831075330536346,215.48988571166996,0.0103244837758111,62.18487394957983,589050.7,3.899068450304872,0.0924574209245743,3515.TW,2026-08-12,-0.004325899027792,0.129967762324771,neutral,0.0759962928637627,0.3589981447124304,2026-03-31,2026-05-15,13366639000.0,1999582000.0,965368000.0,994219000.0,142487000.0,511865000.0,4.14,26619209000.0,14322582000.0,28675459000.0,14380132000.0,14295327000.0,5027744000.0,0.0,,,0.1433155069456528,827015795.690889,14352877000.0,0.0576202106163725,0.0358064561936918,0.0178502809667318,1.0059323581755073,0.1495949729771261,0.0722221943751155,0.0382942189132211,0.2776120330274545,,,59.385527806705504,59.385527806705504,False,70.13341606267996,70.13341606267996,67.44644399868635,273.0,True,False,True,True,True,False,True,True,True,False,True,True,False,True,False,False,False,10,False,0.0239424816274413,0.0418122375376159,1.0,132241882.15,0.3086190917516219,2.0,3.0,,,,,,0.012935371444995,-0.0249346588604742,0.1839556169307075,-1.2215540199554142,0.3985074626865671,-1.2215540199554142,0.4121124007486489,-273.0,0.664179104477612,0.5895522388059702,0.3880597014925373,0.6227611940298508,0.5865671641791045,華擎
231.0,238.0,231.0,235.0,418483.0,0.0151187904967602,231.7,0.0959358755231076,215.1907684326172,0.25,214.90492986043293,0.2401055408970975,199.83996493021647,0.0058473407577273,63.70370370370371,495199.15,0.8450802066199022,0.092054281471585,3617.TW,2026-08-12,-0.004325899027792,0.129967762324771,neutral,0.0871177015755329,0.1131725417439703,2026-03-31,2026-05-15,2931932000.0,1579254000.0,476843000.0,521769000.0,118652000.0,388950000.0,4.13,10475363000.0,3752308000.0,14792411000.0,5524979000.0,9267432000.0,4373481000.0,0.0,,1434491000.0,0.2274033144935785,368407321.3069385,11040103000.0,0.033369917047598,0.0419695553201793,0.026293888129528,0.5961715176329322,0.5386393681708853,0.1626378101538507,0.1326599661929403,0.0219561852265348,,,74.61371274804436,74.61371274804436,False,84.22423030542937,84.22423030542937,81.82160091608311,123.0,True,True,True,True,True,True,True,True,True,True,True,True,True,True,True,False,False,14,False,0.0935067899680921,0.1759409589671481,1.0,116371800.25,0.3253012048192771,2.0,3.0,,,,,,0.035334039142448,-0.0172404921250757,0.2693920862388672,-1.1574953554690146,0.5958955223880597,-1.1574953554690146,0.5860983879883735,-123.0,0.835820895522388,0.917910447761194,0.582089552238806,0.7977611940298508,0.8097014925373134,碩天
4125.0,4470.0,4125.0,4470.0,814771.0,0.0299539170506912,4300.0,0.3712664895044015,3721.138818359375,0.4466019417475728,3614.897961425781,0.4213036565977741,3775.490647379557,0.0814296726436957,63.2404181184669,1589672.45,0.5125401776950969,0.2012451612785553,3653.TW,2026-08-12,-0.004325899027792,0.129967762324771,neutral,0.0074142724745134,0.0435992578849721,2026-03-31,2026-05-15,5305216000.0,2216652000.0,1696566000.0,1775586000.0,371056000.0,1398199000.0,9.53,20477674000.0,8468040000.0,30307238000.0,8909881000.0,21397357000.0,10253854000.0,,,,0.2089766420776014,1342023334.256972,21839198000.0,0.0614502114160498,0.0653444722168256,0.0461341610871963,0.4164010069094047,0.4178250235240186,0.3197920687866432,0.2635517573648274,0.116346562150301,,,88.8947474261209,88.8947474261209,False,91.19823691367708,91.19823691367708,90.62236454178804,39.0,True,True,True,True,True,True,True,True,True,True,True,True,False,False,True,False,False,12,False,0.2365494262075798,0.1839520786794899,1.0,7105835851.5,0.0296570898980537,3.0,2.0,,,,,,-0.0354567370883494,-0.124744150509823,0.2103501215749261,-1.5582668755575797,0.2436567164179104,-1.5582668755575797,0.3087575930659971,-39.0,0.9552238805970148,0.9925373134328358,0.2462686567164179,0.8488805970149254,0.8246268656716418,健策
38.79999923706055,40.5,38.79999923706055,39.5,713266.0,-0.0062893081761006,38.65999908447265,0.117397502263459,37.994999694824216,0.1075819073744821,36.57364845275879,0.218838406702436,35.8840273698171,0.0245382189876323,57.44047821784561,1020859.9,0.6986913679340329,0.039610483412658,3669.TW,2026-08-12,-0.004325899027792,0.129967762324771,neutral,0.0639481000926784,0.2717996289424861,2026-03-31,2026-05-15,689061000.0,417675000.0,65088000.0,72955000.0,7950000.0,65005000.0,0.7,2175777000.0,1070349000.0,4418592000.0,1190520000.0,3228072000.0,1139329000.0,400000000.0,,,0.1089712836680145,57995277.08861627,3348243000.0,0.0173211075446484,0.0201374070962481,0.0147117000166568,0.3688021828509401,0.6061509793762816,0.094458981135197,0.0943385273582455,0.23498036572973,,,62.86807012229606,62.86807012229606,False,75.63241568898523,75.63241568898523,72.44132929731293,236.0,True,True,True,True,True,True,True,True,True,False,True,True,False,True,True,False,False,12,False,0.0800125683665686,0.1007683054334191,1.0,40323966.05,0.4624652455977757,1.0,3.0,,,,,,0.0344573045424448,0.0021930646980718,0.2376932486846515,-1.745428181237319,0.5026119402985074,-1.745428181237319,0.5458945259131334,-236.0,0.7014925373134329,0.7388059701492538,0.5522388059701493,0.6791044776119404,0.6828358208955224,圓展
125.0,125.5,121.0,122.5,14562641.0,-0.0503875968992247,125.2,0.0515021459227467,116.825,0.1290322580645162,113.91666666666669,0.9321766096487772,102.21749992370606,0.0263562486272787,50.81967213114754,11374861.95,1.2802477132480716,0.0485769313075112,3702.TW,2026-08-12,-0.004325899027792,0.129967762324771,neutral,0.1519925857275255,0.2309833024118738,2026-03-31,2026-05-15,316500457000.0,14203178000.0,8470625000.0,7205961000.0,1455173000.0,5548632000.0,3.3,434755950000.0,351739547000.0,479508376000.0,386867313000.0,92641063000.0,25004254000.0,131686606000.0,25757252000.0,5309644000.0,0.2019401714774754,6760065534.97861,127768829000.0,0.0529085661024459,0.0598938723317542,0.011571501724925,4.17598093622911,0.0448756950768004,0.0267633894759273,0.0175311974352062,0.2719338016357759,,,44.311414548255854,44.311414548255854,False,71.04911508723725,71.04911508723725,64.3646899524919,442.0,True,False,True,True,True,True,True,True,True,False,True,True,True,True,False,False,False,12,False,0.0753474762253108,0.1984249281329768,1.0,1393420588.875,0.0945319740500463,2.0,3.0,,,,,,0.068605924204553,0.0261208571559453,0.3515853895807047,-0.0665989421589322,0.8522388059701492,-0.0665989421589322,0.8433012357567005,-442.0,0.5149253731343284,0.4477611940298507,0.9328358208955224,0.5776119402985075,0.5783582089552239,大聯大
89.5,93.4000015258789,89.5,92.4000015258789,17840614.0,0.0054406963188047,91.98000030517578,0.0165016498880141,90.06000061035157,0.1449814748461595,88.88333384195964,0.2000000198166092,85.05083376566569,0.0062007742951059,50.81967469409744,12654909.8,1.4097780451979198,0.0259826882041835,3706.TW,2026-08-12,-0.004325899027792,0.129967762324771,neutral,0.2576459684893419,0.2105751391465677,2026-03-31,2026-05-15,31863922000.0,2934046000.0,1186173000.0,1645175000.0,108264000.0,1460985000.0,1.1,82662619000.0,48216898000.0,135913012000.0,68280278000.0,67632734000.0,9782105000.0,1879510000.0,7968750000.0,,0.0658069810202562,1108114535.9022596,87696114000.0,0.0126358453682709,0.0216017439129401,0.0107494122784947,1.009574417027116,0.0920805040886052,0.0372262083744744,0.0458507587358517,0.3464486758783238,,,39.67324991044731,39.67324991044731,False,67.58628352698685,67.58628352698685,60.60802512285196,515.0,True,False,True,True,True,True,True,True,True,True,True,True,True,True,False,False,False,13,False,0.0395649840292009,0.0864091206967099,1.0,1169313684.82986,0.1056533827618165,1.0,3.0,,,,,,0.036554500911197,-0.0252187496020035,0.1995396123648685,-1.7642736469328515,0.3906716417910447,-1.7642736469328515,0.3939878430428503,-515.0,0.4253731343283582,0.2388059701492537,0.3507462686567164,0.4141791044776119,0.3544776119402985,神達
22.39999961853028,23.950000762939453,22.25,22.799999237060547,1264402.0,0.1231527139880819,21.399999618530277,0.41176469198799,18.692499732971196,0.4522292684109106,17.995833301544188,-0.0916335103368035,19.650416636466986,0.0667712822948972,74.86033198099807,993395.45,1.272808326231009,0.2197405142579325,3712.TW,2026-08-12,-0.004325899027792,0.129967762324771,neutral,0.0037071362372567,0.0426716141001855,2026-03-31,2026-05-15,5952868000.0,2246677000.0,1881231000.0,1749422000.0,95514000.0,-477314000.0,-1.94,29571984000.0,46915609000.0,61775289000.0,55872481000.0,5902808000.0,6100937000.0,11857517000.0,7405579000.0,0.0,0.0545974613329431,1778520563.2191665,14859680000.0,0.1196876758597201,-0.0808621930443951,-0.0077266170296669,9.465407141821316,0.3774108547342222,0.3160209499017952,-0.0801821911723895,-0.1923537691038415,,,39.89432060139683,39.89432060139683,False,86.0953982789694,86.0953982789694,74.54512885957625,512.0,True,True,True,True,True,True,True,False,True,True,False,False,True,False,False,False,False,10,False,0.2669599042742923,0.1602807033998765,1.0,22649415.502099417,0.5421686746987951,0.0,3.0,,,,,,0.1502011907571897,0.1138694603236699,0.3595831581855413,-1.847936245237138,0.8238805970149254,-1.847936245237138,0.6230716283017615,-512.0,0.4328358208955223,0.7910447761194029,0.664179104477612,0.4675373134328358,0.5865671641791045,永崴投控
52.79999923706055,55.400001525878906,52.400001525878906,55.09999847412109,500286.0,0.1337448601662234,52.15,0.1978260537852409,49.60499992370605,0.3216541935413028,44.96097393035889,0.0755881071917408,47.02385822931925,0.0351087710710233,67.97581828122448,273086.45,1.8319693269292563,0.1107750944232739,4119.TW,2026-08-12,-0.004325899027792,0.129967762324771,neutral,0.0305838739573679,0.0779220779220779,2026-03-31,2026-05-15,375798000.0,82325000.0,33151000.0,28590000.0,8480000.0,20110000.0,0.17,1104577000.0,1053320000.0,6954821000.0,1544198000.0,5410623000.0,51949000.0,390000000.0,300399000.0,,0.2966072053165442,23318174.53655124,5901501000.0,0.0039512277531684,0.0037167623765322,0.0028915194222827,0.2854011451176694,0.2190671584202151,0.0882149452631466,0.0535127914464685,0.0430373141784996,,,33.11973270077256,33.11973270077256,False,86.68170277606218,86.68170277606218,73.29121025723977,628.0,True,True,True,True,True,True,True,True,True,True,False,True,True,True,False,False,False,13,False,0.2255072267666347,0.1717455893435469,1.0,15047062.978303146,0.5968489341983317,1.0,3.0,,,,,,0.0243390942253363,-0.0357603379579593,0.1782516684959179,-1.703727838198581,0.3361940298507462,-1.703727838198581,0.2556973700048146,-628.0,0.3507462686567164,0.7686567164179104,0.1716417910447761,0.3238805970149254,0.4402985074626865,旭富
170.5,172.5,169.5,170.5,240256.0,0.0271084337349396,170.2,0.0460122699386502,166.45,0.0825396825396824,164.4608187357585,0.0757097791798107,159.95124270121258,0.0112249973902371,72.41379310344828,348955.15,0.688501086744242,0.0243316311204566,4536.TW,2026-08-12,-0.004325899027792,0.129967762324771,neutral,0.1705282669138091,0.3209647495361781,2026-03-31,2026-05-15,2316961000.0,794900000.0,396418000.0,448947000.0,83458000.0,327949000.0,3.61,9168173000.0,3277337000.0,14414904000.0,4782570000.0,9632334000.0,5697733000.0,352903000.0,784549000.0,,0.1858972217210494,322724995.159785,11137567000.0,0.0289762562290116,0.0340466806902667,0.022750689147843,0.4965120603168453,0.3430787138842647,0.1710939459058655,0.1415427363688901,-0.0352736858453488,,,64.73287402560862,64.73287402560862,False,63.887669180886,63.887669180886,64.09897039206666,213.0,True,False,True,True,True,True,True,False,True,False,True,True,False,True,True,False,False,10,False,0.0367210944872211,0.065949830214776,1.0,59496853.075,0.4040778498609824,2.0,3.0,,,,,,0.0608877886772388,0.0202696461704601,0.2598558207337155,-1.0554547516051078,0.7305970149253731,-1.0554547516051078,0.7349946008593398,-213.0,0.7238805970149254,0.4402985074626865,0.8059701492537313,0.7361940298507462,0.655223880597015,拓凱
70.80000305175781,72.9000015258789,70.5999984741211,72.4000015258789,2250743.0,0.0284090902933404,72.66000213623047,0.0773810240146557,69.11500072479248,0.1907895137233421,66.04833323160807,0.2741028570538599,63.96941293080648,0.0301065778773206,53.9682528469441,3823156.85,0.5887132253022787,0.04752949094462,4566.TW,2026-08-12,-0.004325899027792,0.129967762324771,neutral,0.1112140871177015,0.1651205936920222,2026-03-31,2026-05-15,1354549000.0,296455000.0,38413000.0,65488000.0,22696000.0,40409000.0,0.37,5180146000.0,3777583000.0,10646601000.0,5592503000.0,5054098000.0,2044806000.0,832690000.0,976708000.0,0.0,0.3465673100415343,25100309.919374544,6869018000.0,0.0036541336650121,0.0079952941157848,0.0037954836477858,1.10652840526638,0.2188588231212012,0.0283585163770376,0.0298320695670662,0.0816066447931047,,,26.559226672275766,26.559226672275766,False,73.68330106393573,73.68330106393573,61.902282466020736,747.0,True,False,True,True,True,True,True,True,True,True,True,True,False,True,False,False,False,12,False,0.0961669732375802,0.1317909327101611,1.0,276796561.7736744,0.2326227988878591,1.0,3.0,,,,,,0.0013034248697267,-0.0644055530259112,0.2162192358439135,-1.622873138826532,0.3253731343283582,-1.622873138826532,0.3154581883471207,-747.0,0.2014925373134328,0.2985074626865671,0.2537313432835821,0.2093283582089552,0.2410447761194029,時碩工業
131.5,134.0,131.5,134.0,303912.0,0.0347490347490346,131.1,0.046875,129.7,0.102880658436214,126.28333333333332,0.0551181102362203,125.6125,0.0085536547433903,63.333333333333336,201983.05,1.5046411072612282,0.0331534309946031,4736.TW,2026-08-12,-0.004325899027792,0.129967762324771,neutral,0.1658943466172381,0.2801484230055658,2026-03-31,2026-05-15,1074466000.0,531890000.0,272939000.0,362978000.0,69184000.0,284846000.0,2.99,7743817000.0,2835366000.0,13071771000.0,3115964000.0,9955807000.0,2352593000.0,940000000.0,169444000.0,,0.1906010832612444,220916530.9357592,10236405000.0,0.0215814566672341,0.0286110407724858,0.0217909264169331,0.3129795505276468,0.4950272972806957,0.2540229285989505,0.2651047124804321,0.0999991809891194,,,73.12470502530472,73.12470502530472,False,77.39499491047827,77.39499491047827,76.32742243918489,136.0,True,True,True,True,True,True,True,True,True,False,True,True,True,True,True,False,False,13,False,0.0611059786195065,0.0667728132152454,1.0,27065728.7,0.5171455050973123,2.0,3.0,,,,,,0.0533774442504097,0.0010512492321947,0.2075296412610247,-1.4141964967208651,0.5410447761194029,-1.4141964967208651,0.5192131479698283,-136.0,0.8059701492537313,0.8283582089552238,0.5223880597014925,0.7634328358208955,0.7559701492537313,泰博
52.09999847412109,55.0,51.900001525878906,52.59999847412109,20432896.0,0.08565526616784,50.75,0.1203407373667504,49.15749988555908,0.265944631527321,46.44083328247071,0.0583500536552128,45.22833331425985,0.0192836062175022,61.44577981010463,10508071.0,1.94449542642032,0.0700299770447296,4763.TW,2026-08-12,-0.004325899027792,0.129967762324771,neutral,0.0630213160333642,0.098330241187384,2026-03-31,2026-05-15,2711414000.0,1506899000.0,1344230000.0,1277102000.0,163292000.0,1114887000.0,1.13,18689835000.0,1425022000.0,23180026000.0,1425022000.0,21755004000.0,10088044000.0,,,,0.1278613611128946,1172354922.5512135,21755004000.0,0.0538889775681591,0.0512473819816351,0.0480968830664814,0.0655031826240988,0.5557613112567834,0.4957671532270616,0.4111828735855166,-0.3473205110583516,,,80.5798896395777,80.5798896395777,False,88.12082978942303,88.12082978942303,86.23559475196168,83.0,True,True,True,True,True,True,True,True,True,True,True,True,True,True,True,False,False,14,False,0.1326239164182951,0.1629877693843089,1.0,552724518.565956,0.1612604263206672,1.0,2.0,,,,,,0.0511434374494569,-0.0263781925375619,0.209827852171617,-1.1717068165342333,0.5272388059701493,-1.1717068165342333,0.4572065479056331,-83.0,0.8805970149253731,0.9701492537313432,0.4328358208955223,0.8134328358208954,0.817910447761194,材料*-KY
88.9000015258789,91.5,88.9000015258789,91.4000015258789,15613640.0,0.021229067328256,89.0,0.105199575558408,85.7599998474121,0.2420464063694065,84.60262794494629,0.3644766705440796,79.53801180521647,0.019132508912044,58.13954038535523,12793359.9,1.2204487423198342,0.0657649450618207,4938.TW,2026-08-12,-0.004325899027792,0.129967762324771,neutral,0.0732159406858202,0.1178107606679035,2026-03-31,2026-05-15,244105400000.0,10801479000.0,2829288000.0,3464858000.0,605203000.0,1561454000.0,0.58,455223337000.0,347425362000.0,623242706000.0,374551574000.0,248691132000.0,112291906000.0,50872952000.0,7687427000.0,2697039000.0,0.174668918610806,2335099324.60147,275817344000.0,0.0084661076447805,0.0062786878946692,0.0025053706765723,1.5060913953296895,0.0442492423354829,0.0115904359346413,0.0063966385012375,-0.1039816497152077,,,13.24211612714073,13.24211612714073,False,83.99744924316175,83.99744924316175,66.3086159641565,992.0,True,True,True,True,True,True,True,True,True,True,True,True,True,True,False,False,False,14,False,0.0803447096862746,0.1491361105393442,1.0,1169313114.381118,0.1065801668211306,1.0,3.0,,,,,,-0.0114651912616898,-0.0640792161565787,0.2194850482697412,-1.6976152201468284,0.3078358208955224,-1.6976152201468284,0.2772518711428196,-992.0,0.0522388059701492,0.5447761194029851,0.1940298507462686,0.0735074626865671,0.2283582089552238,和碩
173.0,174.5,171.5,173.0,524428.0,0.0914826498422713,172.0,0.0328358208955223,160.175,0.0867760395888135,163.44872461954753,0.2430931460703478,154.54182713826498,0.0006247071685149,61.38613861386139,634665.0,0.8263067917720373,0.0800686748868424,4961.TW,2026-08-12,-0.004325899027792,0.129967762324771,neutral,0.2020389249304912,0.3089053803339517,2026-03-31,2026-05-15,4501219000.0,1251280000.0,294573000.0,378167000.0,58735000.0,224263000.0,1.86,18756288000.0,2898638000.0,26661399000.0,3800040000.0,22861359000.0,2014179000.0,,,,0.155314979889837,248821400.42891103,23762761000.0,0.0104710643863695,0.0098096967901164,0.0084115240914402,0.1662210894811634,0.2779869186547022,0.0654429389016619,0.049822725799389,-0.0343346930509377,,,36.99914354663914,36.99914354663914,False,67.45954441334958,67.45954441334958,59.844444196671965,575.0,True,False,True,True,True,False,True,True,True,False,True,True,True,True,False,False,False,11,False,0.0584359125633102,0.1194380395491307,1.0,109797045.0,0.3317886932344763,2.0,3.0,,,,,,-0.0161653871968687,-0.0916843826237055,0.1645481058540369,-1.8637706321475247,0.1708955223880597,-1.8637706321475247,0.2359460129583778,-575.0,0.3805970149253731,0.2164179104477611,0.1492537313432835,0.3458955223880597,0.2850746268656716,天鈺
277.0,281.0,276.0,279.5,3673121.0,0.0527306967984935,278.9,0.2125813449023861,238.275,0.0854368932038835,257.4,0.3341288782816229,246.85416666666663,0.0539643923476723,77.5330396475771,4458663.85,0.8238165341843388,0.1730143741475185,4967.TW,2026-08-12,-0.004325899027792,0.129967762324771,neutral,0.025949953660797,0.3116883116883117,2026-03-31,2026-05-15,9044806000.0,3438206000.0,2905058000.0,2864850000.0,570946000.0,2293904000.0,27.0,20958301000.0,12834218000.0,21898307000.0,14803268000.0,7095039000.0,1301935000.0,5211626000.0,51810000.0,1902817000.0,0.1992935057681903,2326098806.7200727,9064089000.0,0.2566279751577983,0.3233109782765112,0.1047525728815474,2.0864251768031155,0.3801304306582142,0.3211852194508097,0.2536156109926514,0.6905237801707493,,,87.69619578074207,87.69619578074207,False,66.4292935979683,66.4292935979683,71.74601914366174,46.0,True,False,True,True,True,False,True,False,True,False,True,True,True,False,True,False,False,9,False,0.0858585858585858,0.1322474470419445,1.0,1246196546.0749998,0.1000926784059314,2.0,2.0,,,,,,0.1190944414402027,0.0120341722741264,0.3632991922357487,0.2250857133290307,0.916044776119403,0.2250857133290307,0.8986226903601052,-46.0,0.9477611940298508,0.7238805970149254,0.9701492537313432,0.9511194029850746,0.8850746268656716,十銓
35.54999923706055,37.75,35.0,37.04999923706055,2425247.0,0.0150684722482341,36.43000030517578,0.0451339475228949,34.89750022888184,0.2029220829486124,35.535000038146975,0.1932367197239264,32.52583338419596,-0.0042799003952312,61.55659588005587,4787643.9,0.506563781821785,0.0616806073231932,4976.TW,2026-08-12,-0.004325899027792,0.129967762324771,neutral,0.1733086190917516,0.1521335807050092,2026-03-31,2026-05-15,255023000.0,-36041000.0,-86075000.0,-69043000.0,-1135000.0,,-0.49,1541919000.0,276027000.0,2513042000.0,337040000.0,2176002000.0,819216000.0,,57046000.0,,0.0164390307489535,-84660010.42828383,2237015000.0,-0.0378450794600321,,,0.1548895635206217,-0.1413245079855542,-0.337518576755822,,0.009124831333072,,,25.456241566653603,25.456241566653603,False,60.51901265315958,60.51901265315958,51.75331988153309,761.0,True,False,True,True,True,False,False,True,True,True,True,True,False,True,False,False,False,10,False,0.0426340002050713,0.1390945406202208,1.0,177382202.84231758,0.2780352177942539,1.0,3.0,,,,,,-0.0247947627660644,-0.0933759428465713,0.1130941619886909,-2.172608514082359,0.0988805970149253,-2.172608514082359,0.1704633774362796,-761.0,0.1865671641791045,0.0373134328358208,0.0820895522388059,0.1708955223880597,0.1208955223880597,佳凌
194.5,194.5,188.5,192.0,140321.0,0.0378541878488802,192.8,0.0105263157894737,187.99297943115235,0.3150684931506848,179.40599314371744,0.3287197231833909,164.82799657185873,0.0072330607029233,45.055998042414,206544.85,0.6793730272141861,0.021314735161773,5288.TW,2026-08-12,-0.004325899027792,0.129967762324771,neutral,0.2798887859128823,0.0816326530612244,2026-03-31,2026-05-15,2061135000.0,478999000.0,298138000.0,346156000.0,100630000.0,249057000.0,3.59,4729511000.0,1996750000.0,8144719000.0,2033096000.0,6111623000.0,1527526000.0,170275000.0,,0.0,0.2907070800448352,211467172.5695929,6147969000.0,0.0343962652657475,0.0407513683353832,0.0305789555170657,0.3326605715044923,0.2323957431221147,0.1446474879132128,0.120834879811366,0.0892520430725782,,,70.01559901846518,70.01559901846518,False,66.33874802623068,66.33874802623068,67.2579607742893,163.0,True,False,True,True,True,True,True,False,True,True,True,True,False,True,True,False,False,11,False,0.0701983620256978,0.1648506564010521,1.0,39656611.2,0.4633920296570899,2.0,3.0,,,,,,0.027778001173828,-0.010549848650662,0.2530870278949103,-1.6517291146277189,0.4992537313432835,-1.6517291146277189,0.4856504318583037,-163.0,0.7761194029850746,0.5746268656716418,0.4626865671641791,0.7291044776119403,0.6529850746268657,豐祥-KY
99.9000015258789,100.0,96.3000030517578,97.8000030517578,506413.0,0.0878754326116977,96.45999908447266,0.0818584225771332,92.825,0.1943601727450523,87.52571563720703,0.0957468360229991,86.33453388214112,0.0224706655938033,67.45562424016424,351916.0,1.4390166971663692,0.0535955082333186,5306.TW,2026-08-12,-0.004325899027792,0.129967762324771,neutral,0.1028730305838739,0.1632653061224489,2026-03-31,2026-05-15,1341388000.0,561120000.0,294671000.0,324498000.0,98836000.0,225673000.0,1.79,6076821000.0,3279027000.0,14278795000.0,5015002000.0,9263793000.0,2533303000.0,1157914000.0,920000000.0,0.0,0.304581230084623,204919744.34973404,10999768000.0,0.0186294605804171,0.0243607559020371,0.0158047650379461,0.5413551447015278,0.4183129713401342,0.219676186159411,0.1682384216945432,0.052471848048508,,,64.26179889626455,64.26179889626455,False,78.7840254361808,78.7840254361808,75.15346880120174,219.0,True,True,True,True,True,True,True,True,True,True,True,True,True,True,True,False,False,14,False,0.1173859286925178,0.1328028154442655,1.0,34417385.873962395,0.4819277108433735,1.0,3.0,,,,,,0.0467438364621535,0.0011724532993535,0.218015762771397,-1.6219134334310976,0.5287313432835821,-1.6219134334310976,0.5110780372331889,-219.0,0.7164179104477612,0.8059701492537313,0.4925373134328358,0.6828358208955223,0.6985074626865672,桂盟
43.650001525878906,46.0,43.650001525878906,45.900001525878906,982662.0,0.0941597304195775,43.93000106811523,0.0941597304195775,42.99500045776367,0.2527638838146901,40.48253962198893,0.5388888071779965,37.55311581293742,0.0146911375424934,65.71428571428572,574942.05,1.7091496438641076,0.0675660201694607,5515.TW,2026-08-12,-0.004325899027792,0.129967762324771,neutral,0.0889712696941612,0.1094619666048237,2026-03-31,2026-05-15,2015280000.0,391103000.0,268702000.0,476647000.0,82479000.0,394168000.0,1.96,9114211000.0,5142167000.0,11530797000.0,5836747000.0,5694050000.0,2270517000.0,100000000.0,,,0.1730400065457246,222205804.1611507,6388630000.0,0.0347814483169553,0.0692245414072584,0.0341839336864572,1.02506072127923,0.1940688142590607,0.1333323409154063,0.1955896947322456,0.3881614203981094,,,76.63848749386133,76.63848749386133,False,84.07713882121351,84.07713882121351,82.21747598937546,104.0,True,True,True,True,True,True,True,True,True,True,True,True,True,True,True,False,False,14,False,0.1338221849339551,0.222268792675411,1.0,26389840.97229195,0.5217794253938832,1.0,3.0,,,,,,0.0563806227979586,-0.0017202733512808,0.2666201917842208,-0.9675005022354756,0.6958955223880596,-0.9675005022354756,0.7697852070293693,-104.0,0.8656716417910447,0.9402985074626866,0.8582089552238806,0.8645522388059701,0.8865671641791045,建國
46.400001525878906,46.59999847412109,46.0,46.150001525878906,484542.0,0.0833334079557397,46.070001220703126,0.0988094603393678,41.99000015258789,0.105389258104884,43.789381726582846,0.0584863105734139,44.68135757446289,0.0221333056528286,68.3593790745365,589222.95,0.8223406776670869,0.0990712397755166,6112.TW,2026-08-12,-0.004325899027792,0.129967762324771,neutral,0.0843373493975903,0.2755102040816326,2026-03-31,2026-05-15,6018223000.0,834764000.0,167785000.0,90440000.0,48570000.0,32807000.0,0.17,11930415000.0,9613507000.0,15361762000.0,10271180000.0,5090582000.0,1349634000.0,3751754000.0,180432000.0,,0.4,100671000.0,5748255000.0,0.017513314910351,0.0064446462113762,0.0021356274104494,2.017682850408853,0.1387060599117048,0.0278794920028719,0.0054512768968514,0.2736882851262932,,,29.171201546523523,29.171201546523523,False,65.66097320339509,65.66097320339509,56.5385302891772,695.0,True,False,True,True,True,False,True,True,True,False,True,True,True,True,False,False,False,11,False,0.0539084980472108,0.0328692777288261,1.0,27192640.041582868,0.5162187210379982,1.0,3.0,,,,,,0.0536248342122611,-0.0202983867263499,0.2293686145749554,-1.4503967092083796,0.5492537313432836,-1.4503967092083796,0.3567788483325944,-695.0,0.2537313432835821,0.1492537313432835,0.2835820895522388,0.2582089552238806,0.2283582089552238,邁達特
24.700000762939453,25.39999961853028,24.700000762939453,25.39999961853028,147223.0,0.0200803215927725,24.969999694824217,0.0474226646816609,24.50999984741211,0.0845468154295097,24.36726236343384,0.1117169554071515,23.928570810953776,0.0077089075988765,63.636353127559424,159606.55,0.9224120188049928,0.0363117003940796,6136.TW,2026-08-12,-0.004325899027792,0.129967762324771,neutral,0.164967562557924,0.3163265306122449,2026-03-31,2026-05-15,171722000.0,51677000.0,-8398000.0,-7084000.0,312000.0,-3345000.0,-0.03,770246000.0,319306000.0,4455250000.0,426683000.0,4028567000.0,310276000.0,57595000.0,27169000.0,,0.0,-8398000.0,4135944000.0,-0.0020304917087852,-0.0008303200616993,-0.0007507996184276,0.1059143362888093,0.3009340678538568,-0.048904624917017,-0.0194791581742583,0.2854886401916383,,,36.25455624577715,36.25455624577715,False,72.23950363795232,72.23950363795232,63.24326678990853,587.0,True,False,True,True,True,True,True,True,True,False,True,True,True,True,False,False,False,12,False,0.0423821617584003,0.0614925487694788,1.0,4054006.3091149335,0.7720111214087118,0.0,3.0,,,,,,0.0642890219431087,0.0245167400296959,0.208774612704307,-1.617681531525912,0.5899253731343284,-1.617681531525912,0.4905875169606513,-587.0,0.3656716417910448,0.3880597014925373,0.4776119402985074,0.3824626865671642,0.394776119402985,富爾特
141.5,146.0,139.0,146.0,2231408.0,-0.0135135135135134,147.1,0.2141476906178636,131.07614135742188,0.1274131274131273,132.37873458862305,0.6150442205269699,119.01353384653729,0.0441301985034131,59.19540229885058,3406334.95,0.6550759196478901,0.1138564081001083,6206.TW,2026-08-12,-0.004325899027792,0.129967762324771,neutral,0.0240963855421686,0.2337662337662337,2026-03-31,2026-05-15,1510237000.0,689057000.0,424206000.0,442845000.0,88742000.0,359024000.0,2.51,5482164000.0,1306580000.0,6928875000.0,1318597000.0,5610278000.0,2258494000.0,,,,0.2003906558728223,339199081.4348135,5622295000.0,0.0603310714636662,0.0639939767690656,0.0518156266349154,0.2350323816395551,0.4562575277919956,0.2808870395838534,0.2377269263036198,0.1096002833077651,,,90.34179168403904,90.34179168403904,False,75.91587804108877,75.91587804108877,79.52235645182634,29.0,True,True,True,True,True,False,True,True,True,False,True,True,False,True,True,False,False,11,False,0.1028961747799301,0.2267512381260823,1.0,497324902.7000001,0.1742354031510658,2.0,1.0,,,,,,-0.0254028131636592,-0.1041075669378471,0.1477444937263385,-1.8997680390838925,0.1317164179104477,-1.8997680390838925,0.199087589849104,-29.0,0.9626865671641792,0.8805970149253731,0.1044776119402985,0.833955223880597,0.7664179104477612,飛捷
65.80000305175781,69.69999694824219,65.5,66.9000015258789,7209216.0,0.0842787795565616,66.26000061035157,0.0860390127117358,57.40499992370606,0.1861702077291986,64.78333346048991,0.1396933672293334,63.056666723887126,0.020261266457395,66.96970008731034,5523901.95,1.3050948523805712,0.1654037386079985,6269.TW,2026-08-12,-0.004325899027792,0.129967762324771,neutral,0.0973123262279888,0.1697588126159554,2026-03-31,2026-05-15,5467013000.0,-75600000.0,-999753000.0,-981765000.0,-164328000.0,-829726000.0,-2.6,17426263000.0,6996989000.0,34912338000.0,12380381000.0,22531957000.0,3093415000.0,100000000.0,730035000.0,2916556000.0,0.1673801775373944,-832414165.3664573,27915349000.0,-0.0298192283165242,-0.036824408993857,-0.0237659821006545,0.549458753183312,-0.0138283922134445,-0.1828700608540715,-0.1517695311864083,0.0572209060440906,,,18.580859061451324,18.580859061451324,False,73.74611690392139,73.74611690392139,59.95480244330387,886.0,True,False,True,True,True,False,True,True,True,True,True,True,True,False,False,False,False,11,False,0.0326730341327667,0.0609504910689457,1.0,369549048.8838055,0.2038924930491195,1.0,3.0,,,,,,-0.0182628352073679,-0.1148350190110743,0.2192371961325961,-2.158849344045408,0.2097014925373134,-2.158849344045408,0.3038266591654751,-886.0,0.1044776119402985,0.2238805970149253,0.2164179104477611,0.1212686567164179,0.1626865671641791,台郡
1465.0,1550.0,1415.0,1440.0,5990797.0,0.0786516853932584,1352.0,0.0909090909090908,1211.0,0.8090452261306533,1109.879437255859,0.9699042407660738,890.9980519612631,0.0176470588235294,66.29213483146069,3342705.35,1.79220014112222,0.1890999174236167,6446.TW,2026-08-12,-0.004325899027792,0.129967762324771,neutral,0.0926784059314179,0.0120593692022263,2026-03-31,2026-05-15,5121378000.0,4500097000.0,2087077000.0,2335581000.0,185954000.0,2149627000.0,5.79,30923112000.0,4737365000.0,40089669000.0,5635458000.0,34454211000.0,24175410000.0,,43340000.0,,0.0796178766653779,1920908360.822853,35352304000.0,0.0543361575761187,0.0623908351870254,0.0536204726459577,0.1635636932739513,0.8786887044853944,0.4075225456898514,0.4197360554132111,0.572274143110902,,,96.8555062833974,96.8555062833974,False,89.43634593658255,89.43634593658255,91.29113602328628,13.0,True,True,True,True,True,True,True,True,True,True,True,True,True,False,True,False,True,14,False,0.2974382186594546,0.6161651496659,1.0,4813495704.0,0.0379981464318813,3.0,0.0,,,,,,-0.0227582284144373,-0.1226875578255646,0.1908315512350727,-1.294139181156271,0.258955223880597,-1.294139181156271,0.3931528539394754,-13.0,0.9925373134328358,1.0,0.3432835820895522,0.8951492537313432,0.8649253731343284,藥華藥
383.0,386.5,374.0,378.0,477483.0,0.0244044771645948,375.398974609375,0.0356164383561643,345.2469711303711,0.2373158756137479,337.4739903767904,0.3333333333333332,311.4453285217285,0.0056794622743305,73.33996544428247,556869.3,0.8574417731413816,0.0948684032256457,6491.TW,2026-08-12,-0.004325899027792,0.129967762324771,neutral,0.1927710843373494,0.12152133580705,2026-03-31,2026-05-15,1885667000.0,1005547000.0,542809000.0,566411000.0,88526000.0,472275000.0,6.06,6983966000.0,4705377000.0,16639674000.0,5326767000.0,11312907000.0,1204500000.0,831456000.0,457203000.0,,0.1562928686060122,457971824.2848391,11934297000.0,0.0383744282788369,0.0417465643446021,0.0283824671084301,0.4708574904752598,0.5332579930602805,0.2878604758952667,0.2504551439888379,0.1833499738625503,,,86.74813401220891,86.74813401220891,False,74.08453434350709,74.08453434350709,77.25043426068254,52.0,True,False,True,True,True,True,True,False,True,True,True,True,True,True,True,False,False,12,False,0.1200863200685844,0.213696162322204,1.0,210496595.4,0.2641334569045412,2.0,2.0,,,,,,0.0433382569175578,-0.0125721039554289,0.3051704371803267,-1.3132117898383382,0.637313432835821,-1.3132117898383382,0.6653640245484596,-52.0,0.9328358208955224,0.8432835820895522,0.7388059701492538,0.903731343283582,0.8671641791044776,晶碩
250.0,255.0,245.0,254.5,1618419.0,0.1137855579868709,248.7,0.1211453744493391,226.9,0.1864801864801863,216.04166666666663,0.133630289532294,212.79166666666663,0.0456221198156682,69.7560975609756,1944772.75,0.8321892622158553,0.121639488761569,6533.TW,2026-08-12,-0.004325899027792,0.129967762324771,neutral,0.0611677479147358,0.1688311688311688,2026-03-31,2026-05-15,326356000.0,325982000.0,-202956000.0,-191919000.0,-25688000.0,-166231000.0,-3.28,1735463000.0,291379000.0,6111740000.0,1760341000.0,4351399000.0,1046856000.0,,,1419903000.0,0.1338481338481338,-175790718.14671814,5820361000.0,-0.0302027173480679,-0.0382017369586195,-0.0271986373765899,0.4045459862448835,0.9988540121830148,-0.621885303165868,-0.5093548149873145,0.2031025355560307,,,38.84336576062605,38.84336576062605,False,79.2151910518058,79.2151910518058,69.12223472901087,539.0,True,True,True,True,True,True,True,True,True,True,False,True,True,True,False,False,False,13,False,0.1780135004821601,0.1960054826708439,1.0,494944664.875,0.17516218721038,2.0,3.0,,,,,,-0.1099946110359076,-0.1692367265667944,0.1072722491792032,-2.19097417384976,0.0298507462686567,-2.19097417384976,0.139495137746221,-539.0,0.4104477611940298,0.6492537313432836,0.0671641791044776,0.358955223880597,0.4134328358208955,晶心科
52.59999847412109,52.70000076293945,51.0,51.09999847412109,862404.0,0.0503596479218799,50.119999694824216,0.0803382515508195,47.0399995803833,0.1640090364005524,46.2474999109904,-0.1469115664038156,49.67499990463257,0.0103092809266897,69.36619094004317,686243.0,1.256703529216327,0.0863095010619618,6589.TW,2026-08-12,-0.004325899027792,0.129967762324771,neutral,0.1065801668211306,0.186456400742115,2026-03-31,2026-05-15,308435000.0,64956000.0,-207240000.0,-141836000.0,406000.0,-142242000.0,-0.47,4188368000.0,910711000.0,10619357000.0,2413133000.0,8206224000.0,3257763000.0,0.0,1001914000.0,,0.0,-207240000.0,9708646000.0,-0.0213459219751137,-0.0173334288705743,-0.0133945963018288,0.2940613124867174,0.2105986674664029,-0.6719081816265988,-0.461173342843711,0.6954150931987708,,,33.08565989658788,33.08565989658788,False,77.17707176428702,77.17707176428702,66.15421879736223,629.0,True,True,True,True,True,True,True,True,True,True,True,True,True,True,False,False,False,14,False,0.104924559651224,0.0286864332606797,1.0,35067016.252876274,0.4791473586654309,1.0,3.0,,,,,,-0.0046368652137242,-0.1416059328283697,0.1204639425721481,-2.3369977350907973,0.0985074626865671,-2.3369977350907973,0.2055052192823487,-629.0,0.3432835820895522,0.5223880597014925,0.1119402985074626,0.3085820895522388,0.3507462686567164,台康生技
61.0,61.5,61.0,61.5,434867.0,0.0249999999999999,60.7,0.0182118948068203,60.64500045776367,0.0893376326134465,59.64827092488607,0.0947126374030429,58.49889752070109,0.004222548930464,58.82352611185688,455365.2,0.9549851415962396,0.0140984340965055,6592.TW,2026-08-12,-0.004325899027792,0.129967762324771,neutral,0.247451343836886,0.3024118738404452,2026-03-31,2026-05-15,5805627000.0,3589277000.0,1112669000.0,1199688000.0,276772000.0,908070000.0,0.76,301356298000.0,284872301000.0,330129656000.0,287832209000.0,42297447000.0,7386317000.0,102306502000.0,1403494000.0,,0.2307033161955441,855972571.87202,45257355000.0,0.0189134467065523,0.0214686716198261,0.0027506465520322,6.804954658374535,0.6182410616458826,0.1916535457755036,0.1564120464507968,-0.0460268227300109,,,41.73495049073704,41.73495049073704,False,68.77272802676539,68.77272802676539,62.01328364275831,484.0,True,False,True,True,True,True,True,True,True,False,True,True,True,True,False,False,False,12,False,0.0310441366765816,0.0513018639066984,1.0,28004959.8,0.5143651529193698,1.0,3.0,,,,,,0.0381042376541554,0.0008627026266751,0.247323167670422,-0.5936179266307368,0.6440298507462686,-0.5936179266307368,0.5534588328847565,-484.0,0.4776119402985074,0.3059701492537313,0.5671641791044776,0.4910447761194029,0.4440298507462686,和潤企業
137.5,139.0,137.0,137.5,319591.0,0.0110294117647058,137.7,0.0700389105058365,133.675,0.0576923076923077,135.20453999837238,-0.0484429065743944,134.2897699991862,0.0198359717718865,57.89473684210526,509902.8,0.626768474305299,0.0286141761735552,6605.TW,2026-08-12,-0.004325899027792,0.129967762324771,neutral,0.1223354958294717,0.3849721706864564,2026-03-31,2026-05-15,4732845000.0,1585730000.0,866034000.0,951380000.0,217734000.0,732007000.0,4.41,15540524000.0,11970379000.0,33504289000.0,12358666000.0,21145623000.0,3981949000.0,1597489000.0,0.0,,0.228861233156047,667832390.8049359,21533910000.0,0.0310130575824332,0.0346174241354818,0.0218481580074718,0.5844550430129205,0.3350479468480375,0.1829838078365127,0.1546653228660562,-0.0451555541567658,,,64.93006759035887,64.93006759035887,False,60.63985314142322,60.63985314142322,61.712406753657135,210.0,True,False,True,True,True,False,True,True,True,False,True,True,False,True,True,False,False,10,False,0.0169776843414817,0.0239052461020168,1.0,70111635.0,0.3809082483781279,2.0,3.0,,,,,,0.0596751303020482,0.0226507230421404,0.1988456510840942,-1.0734431557097457,0.6246268656716418,-1.0734431557097457,0.65515434192673,-210.0,0.7313432835820896,0.291044776119403,0.7014925373134329,0.7268656716417911,0.5932835820895522,帝寶
27.200000762939453,27.350000381469727,26.850000381469727,26.850000381469727,251427.0,0.0287356317639166,26.45,0.0248091450229923,26.052499961853027,0.139164681421692,25.295201206207278,0.1186596903605932,24.45175377527873,0.0103742493568781,70.5882484937563,150737.95,1.6679741233047152,0.0306112818648662,6606.TW,2026-08-12,-0.004325899027792,0.129967762324771,neutral,0.2215013901760889,0.2198515769944341,2026-03-31,2026-05-15,191808000.0,78315000.0,47168000.0,50588000.0,21113000.0,29102000.0,0.26,1052582000.0,392295000.0,2170020000.0,549327000.0,1620693000.0,84940000.0,0.0,,,0.4,28300800.0,1777725000.0,0.0159196726152807,0.0179565161322964,0.0134109363047345,0.3389457472821811,0.4082989239239239,0.2459125792459126,0.1517246413079746,0.1109322058440243,,,63.7605672758917,63.7605672758917,False,69.84315799772271,69.84315799772271,68.32251031726497,226.0,True,False,True,True,True,True,True,True,True,True,True,True,True,True,True,False,False,13,False,0.0614661714918842,0.0980807605144331,1.0,4047314.0150019648,0.772937905468026,0.0,3.0,,,,,,0.0594902598274818,0.0333187097551324,0.1902538576212277,-1.3380662617896033,0.6,-1.3380662617896033,0.5377565982404693,-226.0,0.7089552238805971,0.6119402985074627,0.5447761194029851,0.6843283582089552,0.6470149253731343,建德工業
5905.0,6140.0,5900.0,6025.0,1112082.0,-0.0242914979757085,6066.0,0.182531894013739,5562.0,0.2677901550020185,5185.809700520834,0.7078496419096381,4619.381370035807,0.049929211892402,59.32773109243697,1849511.3,0.6012842419508332,0.0832434376123696,6669.TW,2026-08-12,-0.004325899027792,0.129967762324771,neutral,0.0342910101946246,0.0974025974025974,2026-03-31,2026-05-15,276507734000.0,20881168000.0,17458392000.0,17934386000.0,3819977000.0,14114409000.0,75.95,395619318000.0,257883938000.0,432576398000.0,292412129000.0,140164269000.0,70996229000.0,72191879000.0,9594000000.0,18686968000.0,0.2129973671805658,13739800468.793749,174692460000.0,0.0786513651979813,0.1006990519102982,0.0326287080507799,2.086210209536355,0.0755174826321494,0.0631388921656708,0.0510452593705751,0.6202705683581411,,,65.40144535951697,65.40144535951697,False,86.61508132950155,86.61508132950155,81.3116723370054,208.0,True,True,True,True,True,True,True,True,True,True,True,True,False,True,True,False,False,13,False,0.1618243529828875,0.3042872015464914,1.0,11143305582.5,0.0176088971269694,3.0,3.0,,,,,,0.0529528189606561,-0.0705087826151855,0.3250163198936435,-0.1652869971516359,0.6623134328358209,-0.1652869971516359,0.7728656338570224,-208.0,0.7388059701492538,0.9104477611940298,0.8656716417910447,0.7578358208955224,0.8156716417910448,緯穎
270.0,273.0,263.0,264.0,235862.0,0.0212765957446807,266.2,0.0057142857142857,263.4,0.0650922237358622,259.8597287495931,0.0241271673056941,255.06277809143063,0.0049599389545973,50.0,362765.6,0.6501774148375701,0.0022779043280183,6670.TW,2026-08-12,-0.004325899027792,0.129967762324771,neutral,0.3067655236329935,0.3608534322820037,2026-03-31,2026-05-15,8468855000.0,2032739000.0,1265065000.0,1332547000.0,298511000.0,970370000.0,6.96,20003146000.0,8031634000.0,30684051000.0,10347885000.0,20336166000.0,9145558000.0,1517321000.0,68804000.0,1552151000.0,0.2240153630603648,981671004.7300396,22652417000.0,0.0433362587634705,0.047716467302637,0.0316245726485072,0.5088414895905158,0.2400252454434513,0.149378516930565,0.1145810147888941,-0.0012569118061379,,,69.78295043229787,69.78295043229787,False,56.96552384462829,56.96552384462829,60.16988049154568,168.0,True,False,True,True,True,True,True,True,True,False,True,True,False,True,True,False,False,11,False,0.0159327159707634,0.0350393027765332,1.0,95770118.4,0.3447636700648749,2.0,3.0,,,,,,0.0402209924854126,0.0106296041955655,0.2082504217653057,-0.3615905621577099,0.6115671641791045,-0.3615905621577099,0.6849967449478692,-168.0,0.7686567164179104,0.2313432835820895,0.7686567164179104,0.7686567164179104,0.6074626865671642,復盛應用
100.0,101.5,96.5999984741211,96.9000015258789,37116636.0,0.1241299878938675,93.9,0.1061644202483089,85.82999992370605,0.1590909484989393,88.58301582336426,0.3365517451845365,84.9790080388387,0.0232474964446071,60.98765413493326,19677714.55,1.8862269754797312,0.1289759013400084,8112.TW,2026-08-12,-0.004325899027792,0.129967762324771,neutral,0.072289156626506,0.1957328385899814,2026-03-31,2026-05-15,110164542000.0,4238620000.0,3418168000.0,2892239000.0,712333000.0,2102790000.0,3.91,110827396000.0,76135974000.0,112891822000.0,92125380000.0,20766442000.0,14855353000.0,53437429000.0,11508327000.0,2798432000.0,0.2462911951605659,2576303318.0203986,36755848000.0,0.0700923379055327,0.101259040908404,0.0186265928102391,4.4362621194328815,0.0384753562539206,0.0310278419711489,0.0190877206206693,1.3784680054727554,,,52.60217451052254,52.60217451052254,False,80.53906191293892,80.53906191293892,73.55484006233483,328.0,True,True,True,True,True,False,True,True,True,True,False,True,True,True,False,False,False,12,False,0.0938891685410534,0.140281626747065,1.0,1906770569.9208095,0.0787766450417052,1.0,3.0,,,,,,0.0536980385922514,-0.0659618168898468,0.2364412823054411,-0.636880789856156,0.567910447761194,-0.636880789856156,0.532187600304927,-328.0,0.6119402985074627,0.7761194029850746,0.5298507462686567,0.5996268656716417,0.6447761194029851,至上
236.0,238.5,231.0,232.0,4768108.0,0.0220264317180616,236.9,0.278236914600551,214.975,0.0719201287120385,208.61056416829427,0.9225126724653032,190.866680208842,0.0708592777085927,59.01639344262295,8431605.55,0.5655041583390958,0.0791952552622399,8271.TW,2026-08-12,-0.004325899027792,0.129967762324771,neutral,0.0148285449490268,0.3460111317254174,2026-03-31,2026-05-15,7042184000.0,3469352000.0,2313017000.0,2329123000.0,453946000.0,1862431000.0,14.54,13874285000.0,8773781000.0,15490077000.0,9043398000.0,6446679000.0,1146880000.0,2860732000.0,182529000.0,,0.1948999687865346,1862210058.897276,6716296000.0,0.2772674192586622,0.2888977409919123,0.1202338116201746,1.4027994879223862,0.4926528474689102,0.3284516564747527,0.2644678128262482,2.4365595091928736,,,94.16508207448472,94.16508207448472,True,80.30046267760592,80.30046267760592,83.76661752682561,21.0,True,True,True,True,True,True,True,True,True,False,True,True,False,True,True,True,False,12,False,0.1121200928867465,0.2155081219317636,1.0,1956132487.6,0.0750695088044485,2.0,1.0,,,,,,0.0074313298628691,-0.0736222388602789,0.2507232187206807,-0.2914288336946613,0.4861940298507463,-0.2914288336946613,0.6258987611361,-21.0,0.9776119402985076,0.9552238805970148,0.6716417910447762,0.9317164179104478,0.9097014925373136,宇瞻
76.9000015258789,77.4000015258789,76.5,76.5999984741211,174811.0,0.0172642147367474,76.4,0.005249364066912,76.275,0.0595138132531207,75.3185499827067,0.0736030969031182,73.875927734375,0.0007872546195902,50.0,197896.6,0.8833451408462804,0.00426087806124,8341.TW,2026-08-12,-0.004325899027792,0.129967762324771,neutral,0.3113994439295644,0.3784786641929499,2026-03-31,2026-05-15,1094646000.0,539859000.0,345828000.0,344164000.0,119151000.0,195872000.0,1.51,2233932000.0,1891529000.0,10321452000.0,4779515000.0,5541937000.0,865567000.0,49984000.0,2326500000.0,,0.3462041352378517,226100916.3189642,8429923000.0,0.0268212315010426,0.03534359917841,0.0189771749168624,0.8624268013151358,0.4931813572607034,0.3159267927713617,0.1789363867405535,0.1339897752523813,,,73.16523557009408,73.16523557009408,False,56.55112324905933,56.55112324905933,60.70465132931801,134.0,True,False,True,True,True,True,True,True,True,False,True,True,True,True,True,False,False,12,False,0.0170137169622703,0.0368735909421082,1.0,15158879.258033752,0.5940685820203893,1.0,3.0,,,,,,0.0548907075196839,0.0433240456859853,0.185319947299632,-0.4417292207784477,0.6638059701492538,-0.4417292207784477,0.6029249270766158,-134.0,0.8134328358208955,0.2462686567164179,0.6343283582089553,0.7865671641791045,0.6074626865671642,日友
13.0,13.100000381469728,12.899999618530272,13.050000190734863,86172.0,-0.0038168083418983,12.970000076293946,0.0398080826647879,12.922618103027345,0.087500015894572,12.416751925150551,0.0829875505536414,12.342959300676982,0.010151237980934,47.61906059421196,126085.15,0.6834428955352791,0.0098572972358967,8411.TW,2026-08-12,-0.004325899027792,0.129967762324771,neutral,0.1835032437442076,0.3051948051948052,2026-03-31,2026-05-15,2726482000.0,240600000.0,69628000.0,61624000.0,19776000.0,41688000.0,0.19,5684691000.0,4777607000.0,13494274000.0,7266361000.0,6227913000.0,1476105000.0,1130770000.0,1174037000.0,1103389000.0,0.3209139296378034,47283404.90717903,8716667000.0,0.0054244821910919,0.0066937351244309,0.0030893103252535,1.16674092910418,0.0882455853367086,0.025537670888713,0.0152900330902606,0.2387255467647537,,,26.84034715613582,26.84034715613582,False,62.68647399412838,62.68647399412838,53.72494228463023,740.0,True,False,True,True,True,True,True,False,True,False,True,True,False,True,False,False,False,10,False,0.0509995101296696,0.057282931332286,1.0,1645411.2315488337,0.8841519925857275,0.0,3.0,,,,,,0.0942730954958949,0.0646330717668845,0.2714426189067228,-1.0695236527065823,0.8451492537313433,-1.0695236527065823,0.8245554886856041,-740.0,0.208955223880597,0.0820895522388059,0.917910447761194,0.3152985074626865,0.3126865671641791,福貞-KY
171.5,181.0,171.5,179.0,422542.0,0.075075075075075,170.6,0.1118012422360248,163.325,0.3512079264486019,148.02826690673828,0.3368335116394299,141.87345301310222,0.0145985401459853,75.25773195876289,211000.4,2.0025649240475376,0.0959742844022655,8462.TW,2026-08-12,-0.004325899027792,0.129967762324771,neutral,0.0685820203892493,0.0649350649350649,2026-03-31,2026-05-15,1626910000.0,546235000.0,263101000.0,241835000.0,49259000.0,191204000.0,2.42,2261807000.0,3161235000.0,12373315000.0,9648191000.0,2725124000.0,1414659000.0,,386628000.0,,0.2036884652759112,209510361.09744248,9212080000.0,0.0227430027851953,0.0701634127474566,0.0154529323790754,3.5404594433134053,0.3357499800234801,0.161718226576762,0.1175258619100011,0.2017296409310929,,,59.6562061392525,59.6562061392525,False,80.96231209807188,80.96231209807188,75.63578560836703,269.0,True,True,True,True,True,True,True,False,True,True,True,True,True,True,False,False,False,13,False,0.209228505747316,0.2616877660929919,1.0,37769071.6,0.4698795180722891,2.0,3.0,,,,,,0.1128997609413843,0.0662979579952913,0.4709992903371333,-0.1968952801910132,0.953731343283582,-0.1968952801910132,0.9789529624604252,-269.0,0.6716417910447762,0.8134328358208955,1.0,0.7208955223880598,0.7798507462686568,柏文
398.0,404.5,388.5,391.0,643137.0,0.0412782956058588,386.2,0.1107954545454545,374.675,0.2334384858044165,352.7583333333333,-0.017939072046868,355.0838762919108,0.0172402090545035,70.76923076923077,492671.3,1.3054078855415363,0.0435710949489558,8464.TW,2026-08-12,-0.004325899027792,0.129967762324771,neutral,0.0695088044485634,0.1261595547309833,2026-03-31,2026-05-15,7305395000.0,4316539000.0,2053372000.0,2325863000.0,594429000.0,1647198000.0,5.62,27155869000.0,11007979000.0,42576950000.0,14807659000.0,27769291000.0,19344343000.0,569716000.0,669863000.0,,0.2555735226021481,1528584484.7473822,31568971000.0,0.048420472265231,0.0593172508437467,0.0386875527720985,0.5332386412026148,0.5908700350905051,0.2810761088209467,0.2254769249301372,0.0044846681027981,,,84.51846605538479,84.51846605538479,False,75.93673729019432,75.93673729019432,78.08216948149193,62.0,True,True,True,True,True,True,True,True,True,True,True,True,True,True,True,False,False,14,False,0.1084075500224421,0.1011482810291359,1.0,192634478.3,0.2743280815569972,2.0,2.0,,,,,,0.0380791048608999,0.0034646119557642,0.2852491888425172,-1.2044436425799527,0.651865671641791,-1.2044436425799527,0.6977321369761957,-62.0,0.917910447761194,0.8582089552238806,0.7910447761194029,0.8988805970149253,0.8746268656716418,億豐
41.59999847412109,41.95000076293945,40.79999923706055,41.59999847412109,75953.0,0.0558374838335264,40.12999954223633,0.0183598538069746,39.97500019073486,0.3020343499451552,40.22333329518636,-0.0672645762923228,40.158750009536746,-0.0019972518656219,58.28569684709818,75194.3,1.0100898605346416,0.0406503633679244,9906.TW,2026-08-12,-0.004325899027792,0.129967762324771,neutral,0.2455977757182576,0.0862708719851577,2026-03-31,2026-05-15,816381000.0,306274000.0,201630000.0,187387000.0,45564000.0,141823000.0,1.57,8659785000.0,5617273000.0,8706990000.0,7219023000.0,1487967000.0,408293000.0,1627500000.0,1600245000.0,,0.2431545411367917,152602749.87058866,3089717000.0,0.0493905266633121,0.095313269716331,0.0162884073600635,4.851601547614967,0.3751606174078035,0.2469802702414681,0.1737215834273458,9.044675484466318,,,76.13028720851204,76.13028720851204,False,55.931014988492585,55.931014988492585,60.98083304349745,111.0,True,False,True,True,True,False,False,True,True,True,True,True,True,True,True,False,False,11,False,0.0342255369248445,0.0358887780182919,1.0,3128082.7652626038,0.809082483781279,1.0,3.0,,,,,,0.1051628197419391,0.0316790154682253,0.3659969113946821,0.0182024285755556,0.9328358208955224,0.0182024285755556,0.9000488628287135,-111.0,0.8582089552238806,0.2686567164179104,0.9850746268656716,0.8772388059701492,0.7067164179104478,欣巴巴
71.9000015258789,73.19999694824219,70.5,71.0,1513888.0,0.0534124390596466,70.33999938964844,0.062874202939601,68.90500030517578,0.0708283561969964,70.75686442057291,-0.1930999692538891,73.7332108815511,0.0114495344367122,59.821404243028645,1646806.9,0.9192868939278795,0.0304041751040651,9910.TW,2026-08-12,-0.004325899027792,0.129967762324771,neutral,0.1371640407784986,0.3478664192949907,2026-03-31,2026-05-15,19234899000.0,3344905000.0,769321000.0,958444000.0,289836000.0,673975000.0,0.68,24566433000.0,14631896000.0,52201908000.0,23618799000.0,28583109000.0,4598062000.0,4354111000.0,1333384000.0,,0.3024026442859468,536676295.2952911,37570012000.0,0.0142846985328429,0.0235794853526955,0.0129109265508073,0.8263201529266813,0.1738977158133245,0.0399961029168908,0.0350391754071596,-0.0718012212911339,,,32.57163709905625,32.57163709905625,False,63.412548711863096,63.412548711863096,55.70232080866138,640.0,True,False,True,True,True,False,True,True,True,False,True,True,True,True,False,False,False,11,False,0.0034362118985644,-0.0370689252356292,0.0,116923289.9,0.3234476367006487,1.0,3.0,,,,,,0.0138453413724149,-0.0337093266727453,0.1361203772240539,-2.107637545099434,0.2320895522388059,-2.107637545099434,0.3988862334554758,-640.0,0.3283582089552239,0.1044776119402985,0.373134328358209,0.3350746268656716,0.2701492537313433,豐泰
11.300000190734863,12.0,11.300000190734863,11.850000381469728,3096402.0,0.1126761320114544,11.389999961853029,0.0972222381658514,10.812500047683717,0.2337451468102618,10.384932883580523,0.2076012164232101,9.917186896006266,0.0183659034330546,69.35484863344644,1729943.15,1.7898865636133767,0.0959537876726546,9934.TW,2026-08-12,-0.004325899027792,0.129967762324771,neutral,0.0861909175162187,0.12430426716141,2026-03-31,2026-05-15,4675859000.0,1599481000.0,215608000.0,179015000.0,65010000.0,114005000.0,0.28,10184466000.0,6401709000.0,16132102000.0,9818930000.0,6313172000.0,2756002000.0,2012873000.0,1745714000.0,,0.3631539256486886,137309108.39873755,9730393000.0,0.0141113630660896,0.0180582756180252,0.0070669649869558,1.5553084883478543,0.3420721197965978,0.0461108857217465,0.0243816162976685,0.0629297965528301,,,37.04526496126525,37.04526496126525,False,81.4372615898141,81.4372615898141,70.33926243267689,572.0,True,True,True,True,True,True,True,True,True,True,False,True,True,True,False,False,False,13,False,0.1410762606088289,0.194895337330168,1.0,20499826.987420943,0.5532900834105653,0.0,3.0,,,,,,0.0414859467012339,-0.0223492138617581,0.2385868677943031,-1.410164206362271,0.5305970149253731,-1.410164206362271,0.6647724332881049,-572.0,0.3880597014925373,0.6791044776119403,0.7238805970149254,0.4384328358208955,0.5425373134328358,成霖
20.350000381469727,20.5,19.89999961853028,20.14999961853028,217982.0,0.0254452931148401,20.170000076293945,0.0689654753714752,19.512500190734865,0.0921408555714324,19.01858123143514,0.0440414722834563,18.954707288742064,0.0206617012647782,60.93749906867595,388535.75,0.5610346023499768,0.03267133486554,9935.TW,2026-08-12,-0.004325899027792,0.129967762324771,neutral,0.1260426320667284,0.297773654916512,2026-03-31,2026-05-15,1207014000.0,329361000.0,129050000.0,125078000.0,35715000.0,89363000.0,0.51,4101731000.0,3844659000.0,8361229000.0,5772111000.0,2589118000.0,430540000.0,854900000.0,1461115000.0,287107000.0,0.2855418219031324,92200827.88340075,4516570000.0,0.0204139043308087,0.0345148425062125,0.0106877828606297,2.22937347776347,0.2728725598874578,0.1069167383311212,0.0740364237697325,0.0157374361805349,,,40.70851081970746,40.70851081970746,False,76.4275454246314,76.4275454246314,67.49778677340042,498.0,True,True,True,True,True,True,True,True,True,False,True,True,False,True,False,False,False,12,False,0.0594901571955881,0.0630604478127785,1.0,7828995.214285375,0.696014828544949,0.0,3.0,,,,,,0.1120386109003165,0.0724070698631235,0.3114934504058984,-0.1066181210525815,0.939179104477612,-0.1066181210525815,0.8991636420171869,-498.0,0.4626865671641791,0.5970149253731343,0.9776119402985076,0.5399253731343283,0.6059701492537313,慶豐富
21.14999961853028,21.799999237060547,21.14999961853028,21.700000762939453,757744.0,0.063725547486203,21.02999992370605,0.0987342158450355,20.55749988555909,0.1912904350594071,19.59074239730835,0.0320855920595528,19.54827686945597,0.0166913899580085,73.52942001448459,594710.9,1.2741384090992782,0.0555758668972647,9940.TW,2026-08-12,-0.004325899027792,0.129967762324771,neutral,0.0852641334569045,0.1641929499072356,2026-03-31,2026-05-15,2876811000.0,665012000.0,209493000.0,232453000.0,69452000.0,159582000.0,0.22,16303412000.0,4204969000.0,30767900000.0,17352956000.0,13414944000.0,4695442000.0,404164000.0,8438314000.0,900000000.0,0.2987786778402516,146900958.44321218,26562931000.0,0.0055302992897588,0.0118958379550447,0.0051866393221506,1.2935541139791564,0.2311629092074522,0.0728212593736606,0.0554718401730249,0.2999785808018913,,,39.42870701490352,39.42870701490352,False,75.2530612325447,75.2530612325447,66.29697267813441,523.0,True,True,True,True,True,True,True,False,True,True,True,True,True,True,False,False,False,13,False,0.1076660762953476,0.1100723049838492,1.0,12905226.983728409,0.6255792400370713,0.0,3.0,,,,,,0.0538005980535935,0.0133401606084588,0.2372400599079864,-1.406288659126889,0.6272388059701492,-1.406288659126889,0.5043263922323865,-523.0,0.417910447761194,0.5373134328358209,0.4850746268656716,0.4279850746268657,0.4671641791044776,信義
85.9000015258789,86.19999694824219,85.4000015258789,85.69999694824219,852604.0,0.0413121964812825,84.5,0.0362756966227888,82.8,0.1644021565893869,80.84333330790201,0.1001283089804827,78.52500012715657,0.009263776584619,71.59085687533324,1072363.05,0.7950702889287354,0.0350241177323935,9941.TW,2026-08-12,-0.004325899027792,0.129967762324771,neutral,0.190917516218721,0.1855287569573283,2026-03-31,2026-05-15,9588907000.0,4187850000.0,1390166000.0,1382030000.0,301331000.0,1104074000.0,1.82,235100426000.0,237208150000.0,286724084000.0,244513555000.0,42210529000.0,7708912000.0,35439009000.0,3468847000.0,,0.2180350643618445,1087061066.716352,49515934000.0,0.0219537627365839,0.0261563649202311,0.0038506496719682,5.792714775026866,0.4367390360548913,0.1449764816782559,0.1151407558755132,-0.0112940820804001,,,41.17633903527033,41.17633903527033,False,67.55293206720462,67.55293206720462,60.95878380922105,492.0,True,False,True,True,True,True,True,True,True,True,True,True,False,True,False,False,False,12,False,0.0600750048472513,0.0913721338359381,1.0,91901510.11240768,0.3512511584800741,1.0,3.0,,,,,,0.0687840974065973,0.0333680226536208,0.2591924323894446,-0.8894837711685954,0.7794776119402984,-0.8894837711685954,0.7499500340257684,-492.0,0.4701492537313433,0.2611940298507462,0.835820895522388,0.525,0.4805970149253731,裕融
27.049999237060547,27.350000381469727,27.0,27.200000762939453,5344528.0,0.0303030740897303,26.920000076293945,0.0303030740897303,26.585000038146973,0.1356993693724257,25.744238948822023,-0.0604490484933,25.74878617922465,0.0099724570090067,62.666676839192704,6247631.7,0.8554486334397721,0.0231333731017495,9945.TW,2026-08-12,-0.004325899027792,0.129967762324771,neutral,0.2094531974050046,0.2244897959183673,2026-03-31,2026-05-15,8802139000.0,2177505000.0,1558595000.0,3524918000.0,275592000.0,2706817000.0,0.99,56821154000.0,31229259000.0,206807304000.0,85163985000.0,121643319000.0,4687641000.0,7435539000.0,36077246000.0,,0.0781839464066965,1436737892.0502548,175578045000.0,0.0081829017520399,0.0222520811027854,0.0130885947819328,0.7001123094972441,0.247383618913539,0.1770700280920353,0.3075180930453381,0.2547092191019549,,,56.447152500431685,56.447152500431685,False,73.18007711704458,73.18007711704458,68.99684596289136,296.0,True,False,True,True,True,True,True,True,True,True,True,True,True,True,False,False,False,13,False,0.0565470906718739,0.0563605046705353,1.0,169935587.0065647,0.2826691380908248,0.0,3.0,,,,,,-0.0204051207418805,-0.0672073326592057,0.0960403976481784,-2.1952014461623723,0.1171641791044776,-2.1952014461623723,0.1046128029208794,-296.0,0.6343283582089553,0.6417910447761194,0.044776119402985,0.5458955223880597,0.5186567164179104,潤泰新
212.5,213.0,206.0,207.5,367227.0,0.0427135678391958,211.5,0.0789350162918658,192.16136169433597,0.0751295336787565,194.7708307902018,0.2028985507246377,198.3770820617676,0.0174670432563024,68.0,345230.05,1.0637167882691556,0.0798216570200136,6782.TW,2026-08-12,-0.004325899027792,0.129967762324771,neutral,0.108433734939759,0.3348794063079777,2026-03-31,2026-05-15,1228595000.0,562960000.0,345415000.0,320529000.0,79940000.0,240471000.0,3.82,2257209000.0,1785112000.0,6287420000.0,2055065000.0,4232355000.0,548061000.0,34008000.0,243227000.0,,0.2494002102773852,259268426.36703697,4502308000.0,0.0575856708086245,0.0568173038414783,0.0382463713255993,0.4855606394076111,0.4582144644899255,0.2811463500990969,0.1957284540471026,0.2971931691721623,,,94.77818654579036,94.77818654579036,False,62.78000300357411,62.78000300357411,70.77954888912817,18.0,True,False,True,True,True,False,True,True,True,False,True,True,True,True,True,False,False,11,False,0.0653545972882843,0.0459877615066033,1.0,71635235.375,0.3799814643188137,2.0,1.0,,,,,,0.0199797060447386,-0.0542900218279078,0.1597746002502508,-1.9807522034519949,0.2414179104477612,-1.9807522034519949,0.2299815562408083,-18.0,0.9850746268656716,0.7089552238805971,0.1417910447761194,0.8585820895522387,0.7335820895522388,視陽
184.0,184.5,181.5,183.0,154082.0,0.0223463687150837,182.2,0.0338983050847456,178.9,0.0953037904557574,177.05771713256837,0.0617430057207812,175.68812306722006,0.0083133718472593,66.66666666666666,237588.2,0.6485254739082159,0.0229178311906093,2753.TW,2026-08-12,-0.004325899027792,0.129967762324771,neutral,0.1992585727525486,0.2949907235621521,2026-03-31,2026-05-15,2262828000.0,824778000.0,283918000.0,279202000.0,56223000.0,236960000.0,3.56,2917896000.0,1963845000.0,8230737000.0,4333857000.0,3896880000.0,1488954000.0,111983000.0,92967000.0,946399000.0,0.2013703340233952,226745337.5047457,6266892000.0,0.0361814656299718,0.0608076204553386,0.0287896454473032,1.112135092689536,0.3644899214611097,0.1254704290383538,0.1047185203647824,0.0392582907012151,,,71.61820020352927,71.61820020352927,False,67.26099769795756,67.26099769795756,68.35029832435049,152.0,True,False,True,True,True,True,True,True,True,False,True,True,False,True,True,False,False,11,False,0.033561275744804,0.0416185044562309,1.0,43478640.6,0.4569045412418906,2.0,3.0,,,,,,0.050331035982944,0.0066228539895986,0.2070632993992893,-0.8832534300893367,0.6011194029850746,-0.8832534300893367,0.6086037480153259,-152.0,0.7835820895522388,0.6194029850746269,0.6492537313432836,0.7634328358208956,0.7074626865671643,八方雲集
109.0,113.0,109.0,110.5,4587752.0,0.0184331797235022,108.4,0.0091324200913243,105.6150001525879,0.0625,102.32666664123536,-0.3220858895705522,108.1683333714803,0.0011849464387069,64.53488629982283,5375668.75,0.8534290733594774,0.0462528981712302,6919.TW,2026-08-12,-0.004325899027792,0.129967762324771,neutral,0.2854494902687673,0.3692022263450835,2026-03-31,2026-05-15,2000.0,1000.0,-245831000.0,-107754000.0,0.0,-107754000.0,-0.07,5029205000.0,111245000.0,9536630000.0,173792000.0,9362838000.0,2539089000.0,,,,-0.0,-245831000.0,9425385000.0,-0.0260817993111156,-0.0115086899933545,-0.0112989599051237,0.0185618933062817,0.5,,,inf,,,50.0,50.0,False,67.13321636999815,67.13321636999815,62.84991227749862,367.0,True,False,True,True,True,True,True,True,True,False,True,True,True,True,False,False,False,12,False,0.0798749106859988,0.0215559078691922,1.0,594011396.875,0.1538461538461538,2.0,3.0,,,,,,-0.0465600379191497,-0.1375228006339399,0.3248100368503787,-2.197389930855879,0.2779850746268656,-2.197389930855879,0.3084746496014551,-367.0,0.5597014925373134,0.3507462686567164,0.2388059701492537,0.5115671641791044,0.4328358208955223,康霈*
120.0,123.5,116.0,117.0,418179.0,-0.1333333333333333,126.6,0.1406250244054279,119.843013381958,0.1037735849056604,106.56500027974448,0.0934579439252336,102.97500025431314,0.0623438839115221,57.89473684210526,458346.8,0.9123637385490636,-0.0237228128843596,6863.TW,2026-08-12,-0.004325899027792,0.129967762324771,neutral,0.0454124189063948,0.2782931354359926,2026-03-31,2026-05-15,1157370000.0,223613000.0,68416000.0,80896000.0,34956000.0,45907000.0,0.61,5096074000.0,2474763000.0,9764137000.0,3582789000.0,6181348000.0,2521706000.0,1475885000.0,,964996000.0,0.4,41049600.0,7289374000.0,0.0056314300789066,0.0074266972187943,0.0047015931873958,0.5796128934983114,0.1932078764785678,0.0591133345429724,0.0396649299705366,0.010705512391375,,,29.24496016715193,29.24496016715193,False,73.23000664924753,73.23000664924753,62.23374502872363,694.0,True,False,True,True,False,True,True,True,True,False,True,True,True,True,False,False,False,11,False,0.0979214535059591,0.1361981035304675,1.0,53626575.6,0.4216867469879518,2.0,3.0,,,,,,0.016857126472163,-0.0376370298559572,0.2284817309930659,-1.7711124577709405,0.3738805970149254,-1.7711124577709405,0.3370683499649146,-694.0,0.2611940298507462,0.3134328358208955,0.2686567164179104,0.2623134328358208,0.2783582089552239,永道-KY
