Open,High,Low,Close,Volume,ret5,ma5,ret20,ma20,ret60,ma60,ret120,ma120,ma20_slope,rsi14,volume_ma20,volume_ratio,ma20_deviation,symbol,date,benchmark_ret20,benchmark_ret60,market_regime,rs20_rank_pct,rs60_rank_pct,period_date,as_of_date,revenue,gross_profit,operating_income,pretax_income,tax_expense,net_income_parent,eps,current_assets,current_liabilities,assets,liabilities,equity,cash,short_borrowings,long_borrowings,bonds_payable,tax_rate,nopat,invested_capital_proxy,roic_proxy,roe,roa,debt_to_equity,gross_margin,operating_margin,net_margin,revenue_growth,pe,pb,eva_like_score,fundamental_score,fundamental_pass,technical_score,score,final_score,fundamental_rank,pass_market,pass_score,pass_rs20,pass_rs60,pass_close_ma20,pass_ma20_ma60,pass_ma20_slope,pass_rsi,pass_ret20_benchmark,pass_ret60_benchmark,pass_ret5_cap,pass_ret20_cap,pass_volume_ratio,pass_ma20_deviation,pass_fundamental_score,pass_fundamental_filter,pass_fundamental_universe,entry_pass_count,entry_all_pass,close_ma60_ratio,close_ma120_ratio,above_ma120,turnover20,liquidity_rank,price_bucket,eva_rank_bucket,forward_60d_return,forward_60d_max_drawdown,reward_60,fwd60_rank_label,top_quantile_60,reg_forward60,reg_reward60,cls_topq60,rank_forward60,ensemble_score,ranker_score,stable_ensemble_score,fundamental_rank_score,fundamental_score_rank,final_score_rank,stable_ml_rank,fund_ml_85_15,fund_final_ml,name
253.0,261.0,251.5,260.0,41616414.0,0.1428571428571428,250.9,0.09473684210526323,236.675,0.4285714285714286,207.30833333333334,2.033839081196524,159.1017568588257,0.01982117849833038,59.09090909090909,67306321.8,0.6183135979954858,0.09855286785676554,1303.TW,2026-10-02,0.05617977367558935,0.06364922023345598,bull,0.14325323475046212,0.03512014787430684,2026-03-31,2026-05-15,68596393000.0,8188671000.0,3741833000.0,16080166000.0,1405348000.0,14254717000.0,1.8,193418745000.0,131197270000.0,647743623000.0,247168932000.0,400574691000.0,42831248000.0,24400300000.0,40333444000.0,51357530000.0,0.0873963614554725,3414810410.6259847,516546353000.0,0.0066108499088096,0.0355856655956329,0.0220067268805825,0.6170358176722652,0.1193746586646327,0.054548538725644,0.207805634911445,0.046448302712712,,,40.56631725411971,40.56631725411971,False,85.91592612748013,85.91592612748013,74.57852390914003,501.0,True,True,True,True,True,True,True,True,True,True,False,True,False,True,False,False,False,12,False,0.25417051895324994,0.6341742865272282,1.0,17499643668.0,0.009242144177449169,2.0,3.0,,,,,,-0.14174588797801288,-0.24700451218906824,0.10641270050735482,-1.8734056581396568,0.06067961165048544,-1.8734056581396568,0.08331102072194425,-501.0,0.5436893203883495,0.7864077669902912,0.02912621359223301,0.46650485436893196,0.5135922330097087,南亞
68.80000305175781,68.80000305175781,68.4000015258789,68.5999984741211,20050.0,0.0073421440705319085,68.5,0.03939391627456201,67.14500007629394,0.07523509865925337,65.19262193044027,0.11253671809958798,63.60039644241333,0.010382968224814423,74.46793314081368,39387.8,0.50904087052336,0.02166949729948464,1315.TW,2026-10-02,0.05617977367558935,0.06364922023345598,bull,0.25646950092421444,0.19500924214417745,2026-03-31,2026-05-15,400564000.0,44047000.0,-40608000.0,22670000.0,8119000.0,13937000.0,0.15,7354156000.0,780905000.0,11315299000.0,994940000.0,10320359000.0,2244943000.0,109175000.0,,,0.3581385090427878,-26064711.42479048,10534394000.0,-0.0024742487726195,0.0013504375186948,0.001231695247293,0.0964055610856172,0.1099624529413526,-0.1013770583477297,0.0347934412478405,-0.2598363215400335,,,15.52001612125422,15.52001612125422,False,64.23647536029284,64.23647536029284,52.05736055053319,953.0,True,False,True,True,True,True,True,False,False,True,True,True,False,True,False,False,False,10,False,0.05226629092041213,0.07860960483531931,1.0,2702003.019898987,0.7809611829944547,1.0,3.0,,,,,,0.018605154148398483,0.0033988132633053117,0.25195767393754487,-1.618967144762322,0.6029126213592233,-1.618967144762322,0.5855665510953482,-953.0,0.1650485436893204,0.02912621359223301,0.6310679611650486,0.2349514563106796,0.21747572815533983,達新
14.699999809265137,15.100000381469728,14.600000381469728,15.100000381469728,165000.0,0.08243731813105826,14.770000076293945,0.048611165380773924,14.25750002861023,0.09025270509540251,13.990000009536743,0.023728839421676584,13.934583338101705,0.013326232854090498,63.93442725468849,208866.65,0.7899777202344175,0.05909173075005225,1456.TW,2026-10-02,0.05617977367558935,0.06364922023345598,bull,0.23382624768946395,0.1756007393715342,2026-03-31,2026-05-15,218947000.0,86879000.0,54719000.0,-39896000.0,755000.0,-40651000.0,-0.43,10236670000.0,10057949000.0,13346214000.0,11450186000.0,1896028000.0,29927000.0,6954694000.0,0.0,1176530000.0,0.0,54719000.0,3288265000.0,0.0166406904553008,-0.0214400842181655,-0.0030458825251865,6.039038453018627,0.3968037926986896,0.2499189301520459,-0.1856659374186447,0.3364116900239269,,,46.62897282377846,46.62897282377846,False,75.25903025343375,75.25903025343375,68.10151589601992,407.0,True,True,True,True,True,True,True,True,False,True,True,True,False,True,False,False,False,12,False,0.07934241395113051,0.08363486837682421,1.0,3153886.494676304,0.756007393715342,0.0,3.0,,,,,,0.05560504083644129,0.018728611199512878,0.30999320241962014,0.5619242802553012,0.879126213592233,0.5619242802553012,0.9123510165030535,-407.0,0.5922330097087378,0.5728155339805825,0.941747572815534,0.6446601941747572,0.6563106796116505,怡華
111.5,112.5,111.0,111.5,95148.0,-0.004464285714285698,112.5,0.056872037914691864,109.525,0.20801729483666098,99.68720067342123,0.202804786091358,95.48943360646565,0.02168843283582092,72.0,140587.35,0.6767891990282198,0.0180324126911664,1558.TW,2026-10-02,0.05617977367558935,0.06364922023345598,bull,0.20609981515711645,0.08687615526802218,2026-03-31,2026-05-15,1926175000.0,466203000.0,115500000.0,190949000.0,37396000.0,79533000.0,1.23,7337752000.0,2436771000.0,13553818000.0,4826378000.0,8727440000.0,2321376000.0,528924000.0,448585000.0,1225737000.0,0.1958428690383296,92880148.62607291,11117047000.0,0.0083547500182443,0.0091129815845196,0.0058679406791503,0.5530118797723044,0.2420356405830207,0.0599633989642685,0.0412906407777071,-0.0577927547617254,,,30.82891502090822,30.82891502090822,False,68.14780272118315,68.14780272118315,58.81808079611442,668.0,True,False,True,True,True,True,True,True,True,True,True,True,False,True,False,False,False,12,False,0.11849865626458822,0.16766846119872958,1.0,15675489.525,0.5388170055452866,2.0,3.0,,,,,,0.017817404024497902,-0.01717237575958848,0.2634371688191826,-1.5436884490921112,0.6087378640776699,-1.5436884490921112,0.6446781327318082,-668.0,0.3592233009708738,0.1650485436893204,0.7281553398058253,0.4145631067961165,0.37475728155339805,伸興
26.450000762939453,28.0,26.200000762939453,27.350000381469727,4590352.0,0.12090167250244988,26.140000534057616,0.34068631827945883,23.48250017166138,0.13958334922790527,21.529166730244956,0.5027472107123403,23.93374999364217,0.0641214524239207,71.7391376459329,1851807.35,2.478849649235921,0.16469712260347968,1721.TW,2026-10-02,0.05617977367558935,0.06364922023345598,bull,0.029574861367837338,0.13401109057301294,2026-03-31,2026-05-15,393220000.0,-22155000.0,-63599000.0,-63810000.0,2037000.0,-65847000.0,-0.36,1315512000.0,640442000.0,2848153000.0,1240970000.0,1607183000.0,352808000.0,150233000.0,479750000.0,,0.0,-63599000.0,2207711000.0,-0.0288076654960726,-0.040970443316038,-0.0231191933860294,0.7721398247741545,-0.0563425054676771,-0.1617389756370479,-0.1674558771171354,-0.2212077399932661,,,11.787619974739922,11.787619974739922,False,80.76247689463955,80.76247689463955,63.51876266466464,1020.0,True,True,True,True,True,True,True,True,True,True,False,True,True,False,False,False,False,12,False,0.2703696675379197,0.14273778194955078,1.0,50646931.72890845,0.3900184842883549,0.0,3.0,,,,,,-0.047236131000363085,-0.1196077132090824,0.18346410083168505,-1.960618521478144,0.18349514563106797,-1.960618521478144,0.11990974145419027,-1020.0,0.06796116504854369,0.3786407766990291,0.05825242718446602,0.06650485436893203,0.15922330097087378,三晃
32.75,34.45000076293945,32.75,33.849998474121094,124000.0,-0.004411809584673687,33.880000305175784,0.07631153109572542,33.21999998092652,0.03993853356470756,31.338333415985108,0.10874278912427804,31.52346569697062,0.01745788906459005,57.57577392282735,56421.85,2.197730134690727,0.018964433881887288,1725.TW,2026-10-02,0.05617977367558935,0.06364922023345598,bull,0.17005545286506468,0.256007393715342,2026-03-31,2026-05-15,2199773000.0,105909000.0,47412000.0,57337000.0,15741000.0,41596000.0,0.23,8253269000.0,2493582000.0,9302017000.0,2580906000.0,6721111000.0,696516000.0,1490591000.0,,,0.2745347681252943,34395757.57364354,6808435000.0,0.0050519330174472,0.0061888577647356,0.0044717183380765,0.3839999071582064,0.0481454222776622,0.0215531329823577,0.0189092238153664,0.0314086980169121,,,23.69650729024193,23.69650729024193,False,71.29274096426279,71.29274096426279,59.39368254575757,796.0,True,False,True,True,True,True,True,True,True,False,True,True,True,True,False,False,False,12,False,0.080146733548212,0.0738032042388681,1.0,1909879.536407089,0.8179297597042514,1.0,3.0,,,,,,0.02972047072873743,0.015532012861192136,0.1682538648050137,-1.3649337729377702,0.5820388349514563,-1.3649337729377702,0.5691010104661439,-796.0,0.2912621359223301,0.22330097087378642,0.6019417475728155,0.3378640776699029,0.33300970873786406,元禎
111.0,123.0,111.0,123.0,35579970.0,0.05579399141630903,115.6,0.3057325263777009,101.24999923706055,0.34133046993910265,89.03833332061768,1.1097606155394768,86.74715665181478,0.04846225491335252,75.46874577179602,12910187.85,2.75596067333753,0.2148148239686929,1727.TW,2026-10-02,0.05617977367558935,0.06364922023345598,bull,0.03512014787430684,0.04528650646950092,2026-03-31,2026-05-15,519337000.0,93230000.0,43151000.0,41099000.0,5200000.0,,0.28,1123188000.0,1095199000.0,3624612000.0,1513893000.0,2110719000.0,149557000.0,500000000.0,406375000.0,,0.1265237597021825,37691373.24509112,2529413000.0,0.014901233307922,,,0.7172404284985353,0.1795173461548089,0.0830886303113392,,0.1494054192828735,,,48.38391394144922,48.38391394144922,False,82.81423290203327,82.81423290203327,74.20665316188726,392.0,True,True,True,True,True,True,True,False,True,True,True,True,True,False,False,False,False,12,False,0.38142747525484255,0.4179139091981616,1.0,1587953105.55,0.0822550831792976,2.0,3.0,,,,,,-0.013814313908015368,-0.09499457565178275,0.25508961887250975,-1.8329081654334267,0.3713592233009709,-1.8329081654334267,0.3803737095440788,-392.0,0.6116504854368932,0.7669902912621359,0.30097087378640774,0.5650485436893203,0.5961165048543688,中華化
85.0,86.69999694824219,85.0,86.5999984741211,1053258.0,0.009323955639962911,85.96000061035156,0.04715842406039905,83.7,0.2587208522210742,79.7783332824707,0.21629216553300856,73.77083314259848,0.014361028081788905,63.63637064223719,1736257.2,0.6066255621574961,0.03464753254624964,2006.TW,2026-10-02,0.05617977367558935,0.06364922023345598,bull,0.23937153419593346,0.06469500924214418,2026-03-31,2026-05-15,13602390000.0,2004381000.0,1390762000.0,1521134000.0,302993000.0,1211982000.0,1.66,28387625000.0,18568929000.0,51955456000.0,19405487000.0,32549969000.0,1294546000.0,5329132000.0,260000000.0,,0.1991888946010016,1113737654.5669217,33386527000.0,0.0333588951784928,0.0372345055075167,0.0233273287024946,0.596175283607797,0.1473550603974742,0.1022439438951537,0.089100665397772,-0.0619062729029651,,,52.210458028038886,52.210458028038886,False,76.15947240832566,76.15947240832566,70.17221881325396,336.0,True,True,True,True,True,True,True,True,False,True,True,True,False,True,False,False,False,12,False,0.08550774265359706,0.17390565871370778,1.0,150359870.87068176,0.27171903881700554,1.0,3.0,,,,,,0.047026805631905394,0.009792353680681811,0.2419936380915633,-1.182875934568862,0.7228155339805825,-1.182875934568862,0.7455241540502672,-336.0,0.6601941747572816,0.6310679611650486,0.8446601941747572,0.6878640776699029,0.6883495145631068,東和鋼鐵
13.949999809265137,14.550000190734863,13.949999809265137,14.300000190734863,1797685.0,0.1304348317756152,13.890000152587891,0.11284044873306764,12.777500009536743,0.18672198874569346,12.4625,0.23275859659265308,12.503749982515972,0.018127490799740405,72.61906573021864,990294.35,1.8153037023789946,0.11915477832610222,2025.TW,2026-10-02,0.05617977367558935,0.06364922023345598,bull,0.12476894639556377,0.09611829944547134,2026-03-31,2026-05-15,378787000.0,84115000.0,71616000.0,81289000.0,,,0.47,1385153000.0,642110000.0,2300356000.0,643754000.0,1656602000.0,85331000.0,603413000.0,,,,57292800.0,1658246000.0,0.0345502416408663,,,0.3885990720764553,0.2220641151887472,0.1890666786346944,,0.965417224453369,,,82.3791102091105,82.3791102091105,False,81.98934146267987,81.98934146267987,82.08678364928753,72.0,True,True,True,True,True,True,True,False,True,True,False,True,True,True,True,False,False,12,False,0.1474423422856459,0.1436569197825126,1.0,14161209.393883657,0.555452865064695,0.0,2.0,,,,,,0.18064684493827335,0.1405644380040631,0.4778830076599782,-0.9471355613861954,0.970873786407767,-0.9471355613861954,0.9684479277820548,-72.0,0.9029126213592233,0.9514563106796117,0.970873786407767,0.9131067961165049,0.9310679611650486,千興
16.600000381469727,16.899999618530273,16.299999237060547,16.850000381469727,116097.0,0.0664557074721166,16.720000076293946,0.06984129406157003,15.982499980926514,0.056426368838060625,15.747500006357829,-0.08174386751047358,16.419989657402038,0.01460085825300523,63.934444682776395,117183.05,0.9907320213972926,0.054278141816267,2028.TW,2026-10-02,0.05617977367558935,0.06364922023345598,bull,0.18576709796672827,0.2208872458410351,2026-03-31,2026-05-15,2350263000.0,118687000.0,68794000.0,60152000.0,11803000.0,,0.15,3243867000.0,1640339000.0,7770066000.0,2992382000.0,4777684000.0,203337000.0,580000.0,1299401000.0,,0.196219577071419,55295270.4149488,6129727000.0,0.009020837374152,,,0.6263248050729182,0.0504994547418735,0.0292707667184481,,0.0687142759702612,,,31.558996898209845,31.558996898209845,False,75.16749030768742,75.16749030768742,64.26536695531803,656.0,True,True,True,True,True,True,True,True,True,False,True,True,True,True,False,False,False,13,False,0.07001113666720293,0.02618824573216716,1.0,1974534.437201786,0.8123844731977818,0.0,3.0,,,,,,0.03104273546446633,-0.02240987083036017,0.19214033446510273,-1.9057203178988191,0.48737864077669907,-1.9057203178988191,0.54605054505528,-656.0,0.36893203883495146,0.44660194174757284,0.5631067961165048,0.39805825242718446,0.43106796116504853,威致
22.049999237060547,22.5,21.899999618530277,22.299999237060547,419000.0,0.04449643272209736,22.089999771118165,0.025287321244163108,21.424999904632568,0.10372561921367862,21.217643229166665,0.08515815401316384,20.859738540649413,0.0010512763845176522,60.0,383944.9,1.0913024238634241,0.04084010904657154,2029.TW,2026-10-02,0.05617977367558935,0.06364922023345598,bull,0.3031423290203327,0.16728280961182995,2026-03-31,2026-05-15,3111785000.0,440347000.0,145201000.0,173680000.0,32998000.0,134373000.0,0.42,8418174000.0,1415146000.0,11631228000.0,1524045000.0,10107183000.0,2662689000.0,204353000.0,,,0.1899930907415937,117613813.23122984,10216082000.0,0.011512614447616,0.0132948023202904,0.011552778434057,0.1507883057029837,0.1415094551840824,0.0466616427548818,0.0431819679058803,-0.1807433477529307,,,30.0830240796116,30.0830240796116,False,74.77674473072598,74.77674473072598,63.603314567947386,681.0,True,False,True,True,True,True,True,True,False,True,True,True,True,True,False,False,False,12,False,0.05101207500774785,0.06904500234288635,1.0,8561970.977073288,0.6293900184842883,0.0,3.0,,,,,,0.03947460172045994,0.013566261627534427,0.15888342771017916,-1.2979028084053914,0.6092233009708737,-1.2979028084053914,0.5925815410375347,-681.0,0.34951456310679613,0.3883495145631068,0.6504854368932039,0.3946601941747573,0.42135922330097086,盛餘
46.09999847412109,47.150001525878906,46.09999847412109,46.650001525878906,808210.0,0.028665999900742367,46.23000030517578,0.03207966235541182,44.954999923706055,0.22120420403596963,43.2008331934611,0.20294163011974886,40.54571568171183,0.005030176809512122,65.27778145707646,648041.3,1.2471581672340943,0.03770440674117381,2031.TW,2026-10-02,0.05617977367558935,0.06364922023345598,bull,0.2800369685767098,0.08040665434380777,2026-03-31,2026-05-15,4589073000.0,567832000.0,427931000.0,146733000.0,66925000.0,70724000.0,0.22,15811293000.0,10640609000.0,28813736000.0,17538865000.0,11274871000.0,1366991000.0,6979961000.0,6673974000.0,,0.4,256758600.0,18173127000.0,0.0141284766237533,0.0062727103485263,0.0024545237729671,1.5555712344735475,0.1237356651332415,0.0932499875247136,0.0154113913637895,-0.0896215532289155,,,22.130264986727884,22.130264986727884,False,75.03731936495605,75.03731936495605,61.81055577039901,826.0,True,True,True,True,True,True,True,True,False,True,True,True,True,True,False,False,False,13,False,0.0798403196755908,0.15055316552028253,1.0,30231127.63383255,0.45933456561922364,1.0,3.0,,,,,,0.05014645317973498,0.016430798204487892,0.2291513099789329,-1.4313784835213896,0.6970873786407766,-1.4313784835213896,0.7145915683734348,-826.0,0.27184466019417475,0.32038834951456313,0.8058252427184466,0.3519417475728155,0.3932038834951457,新光鋼
19.600000381469727,20.350000381469727,19.299999237060547,20.049999237060547,2794730.0,0.14245014864278271,19.679999542236327,0.16231879635133595,17.682499885559082,0.21884488189396345,16.90833322207133,0.22596881748997188,16.92084552447001,0.0358816581908,76.6666656070282,1865856.05,1.4978272305626148,0.1338894029025246,2032.TW,2026-10-02,0.05617977367558935,0.06364922023345598,bull,0.09149722735674677,0.08133086876155268,2026-03-31,2026-05-15,783716000.0,93297000.0,60930000.0,76557000.0,12528000.0,,0.49,1409931000.0,447134000.0,2340537000.0,586657000.0,1753880000.0,309422000.0,236879000.0,,,0.1636427759708452,50959245.6600964,1893403000.0,0.0269141042134698,,,0.3344909571920542,0.1190443987362769,0.0777449994640915,,0.0203492838041572,,,46.72339013307418,46.72339013307418,False,84.37037171494724,84.37037171494724,74.95862631947898,406.0,True,True,True,True,True,True,True,False,True,True,False,True,True,True,False,False,False,12,False,0.1858057783536129,0.18492892143393913,1.0,37410412.378964804,0.4297597042513863,0.0,3.0,,,,,,0.04973632667747793,0.02221246307512341,0.2823159712808045,-1.4689889816765458,0.7601941747572816,-1.4689889816765458,0.7829012489228929,-406.0,0.6019417475728155,0.8058252427184466,0.8640776699029126,0.6412621359223301,0.7155339805825243,新鋼
23.899999618530277,24.5,23.700000762939453,24.0,5377328.0,0.09090909090909083,23.719999694824217,0.1707317073170731,21.65000009536743,0.23603867218086072,20.357510153452555,0.16788325503767454,20.386912679672246,0.038742947219886685,77.9527566150471,4324188.2,1.2435462452813686,0.10854502975893343,2034.TW,2026-10-02,0.05617977367558935,0.06364922023345598,bull,0.08502772643253234,0.07024029574861368,2026-03-31,2026-05-15,2833548000.0,238436000.0,35902000.0,-13678000.0,-15456000.0,1778000.0,0.0,10115642000.0,9094633000.0,22657796000.0,13057364000.0,9600432000.0,611722000.0,7049733000.0,1733334000.0,1869816000.0,0.4,21541200.0,13563163000.0,0.0015882136047469,0.0001851999993333,7.847188667423786e-05,1.3600808796937471,0.084147506941827,0.0126703341535064,0.0006274818707853,-0.2200071185015801,,,9.314478880448952,9.314478880448952,False,81.76813200389788,81.76813200389788,63.65471872303564,1046.0,True,True,True,True,True,True,True,False,True,True,True,True,True,True,False,False,False,13,False,0.1789260974987008,0.17722582016699162,1.0,103780516.80000001,0.3142329020332717,0.0,3.0,,,,,,0.07481791137513182,0.013031397849705197,0.36959625643925675,-1.4570251721391203,0.8150485436893203,-1.4570251721391203,0.8261960462099157,-1046.0,0.038834951456310676,0.39805825242718446,0.883495145631068,0.16553398058252428,0.31553398058252424,允強
25.700000762939453,26.700000762939453,25.5,25.950000762939453,1064038.0,0.0421687213050308,26.120000457763673,0.2475962362874924,24.002500057220463,0.4337016693936835,20.926666736602783,0.4799506888838634,19.67342863082886,0.05308764451309297,63.98104222561305,1864980.3,0.5705357852841663,0.08113741073122682,2069.TW,2026-10-02,0.05617977367558935,0.06364922023345598,bull,0.054528650646950096,0.034195933456561925,2026-03-31,2026-05-15,2302863000.0,277674000.0,137979000.0,128564000.0,22373000.0,106191000.0,0.64,4252225000.0,3913450000.0,9681868000.0,5325210000.0,4356658000.0,267712000.0,2834868000.0,1356137000.0,,0.174022276842662,113967580.26352634,5768418000.0,0.019757163968271,0.0243744172712202,0.0109680280706161,1.2223153619127325,0.1205777330218949,0.0599162868134144,0.0461125998376803,-0.1384973197554728,,,30.045180578249248,30.045180578249248,False,85.95842389887629,85.95842389887629,71.98011306871953,683.0,True,True,True,True,True,True,True,True,True,True,True,True,False,True,False,False,False,13,False,0.24004463250472519,0.3190380411005236,1.0,48396240.20786705,0.39371534195933455,0.0,3.0,,,,,,0.08688579728730636,0.046583291306339814,0.34024105898187174,-1.2074239039567873,0.8932038834951457,-1.2074239039567873,0.9094036718954219,-683.0,0.33980582524271846,0.7087378640776699,0.9320388349514563,0.4286407766990291,0.5689320388349515,運錩
47.79999923706055,50.20000076293945,47.54999923706055,49.650001525878906,15530063.0,0.06889129624067958,47.66999969482421,0.2681992232633579,45.63249969482422,0.034375031789143806,42.31333351135254,0.11073827021147342,46.43541685740153,0.047878749749533815,60.58200972767907,16714930.35,0.9291132343844914,0.08804036285372208,2338.TW,2026-10-02,0.05617977367558935,0.06364922023345598,bull,0.04805914972273567,0.2698706099815157,2026-03-31,2026-05-15,1538711000.0,270082000.0,14240000.0,168706000.0,10354000.0,149507000.0,0.52,6285382000.0,8085052000.0,18260890000.0,12071970000.0,6188920000.0,1362483000.0,4518603000.0,1504697000.0,1997138000.0,0.0613730394888148,13366047.917679276,10175838000.0,0.0013135083240986,0.024157203518546,0.0081872789332831,1.9505778067901995,0.1755248386474133,0.009254499382925,0.0971637948906584,-0.0548208582904831,,,18.930286339807303,18.930286339807303,False,83.68372352734474,83.68372352734474,67.49536423046038,880.0,True,True,True,True,True,True,True,True,True,False,True,True,True,True,False,False,False,13,False,0.17338903380320914,0.06922700141465388,1.0,829896317.3824596,0.12199630314232902,1.0,3.0,,,,,,0.0065119358355696004,-0.043670401116110896,0.26221524526958384,-1.4423492010660952,0.5446601941747573,-1.4423492010660952,0.5709036783331117,-880.0,0.21359223300970873,0.5436893203883495,0.6116504854368932,0.27330097087378635,0.3922330097087378,光罩
2145.0,2225.0,2135.0,2190.0,3149963.0,-0.058064516129032295,2177.0,0.1088607594936708,2196.25,0.18059299191374656,2079.3333333333335,0.17474630185811213,2151.716889444987,0.021392861295198233,50.53191489361702,2341856.0,1.3450711743164396,-0.002845759817871385,2360.TW,2026-10-02,0.05617977367558935,0.06364922023345598,bull,0.13123844731977818,0.09796672828096119,2026-03-31,2026-05-15,11859669000.0,7424059000.0,4797366000.0,5094071000.0,1145979000.0,3864185000.0,9.12,33181595000.0,20960269000.0,54619514000.0,26092855000.0,28526659000.0,5397006000.0,46393000.0,3050101000.0,,0.2249632955645887,3718134734.6104913,33659245000.0,0.1104639968784353,0.1354587300251319,0.0707473340022761,0.914683174079376,0.6259920913475747,0.4045109522027976,0.3258257039045524,0.7275427378471042,,,96.7477080736541,96.7477080736541,True,71.48927149268629,71.48927149268629,77.80388063792824,14.0,True,False,True,True,False,True,True,True,True,True,True,True,True,True,True,True,True,13,False,0.053222186598268495,0.017791890161204194,1.0,5128664640.0,0.03512014787430684,3.0,0.0,,,,,,-0.014075112568369784,-0.11507484927249514,0.17001466338877202,-0.6633994497394106,0.37281553398058254,-0.6633994497394106,0.3736421279614686,-14.0,1.0,0.8446601941747572,0.2912621359223301,0.8936893203883495,0.8116504854368931,致茂
30.5,31.200000762939453,30.149999618530277,31.100000381469727,18769496.0,0.07241380625757676,30.050000381469726,0.10283686312311957,28.832500171661376,0.15185186598036027,27.36833346684774,-0.01582278461911668,28.400833336512253,0.013444642355422245,72.10884812726871,12138756.85,1.546245322477153,0.07864389825052398,2371.TW,2026-10-02,0.05617977367558935,0.06364922023345598,bull,0.13585951940850277,0.11922365988909427,2026-03-31,2026-05-15,11487899000.0,1888219000.0,433191000.0,12977000.0,90847000.0,-98534000.0,-0.05,70419825000.0,36312240000.0,142850022000.0,88657309000.0,54192713000.0,20529203000.0,3847451000.0,30592004000.0,,0.4,259914600.0,106537782000.0,0.0024396471854463,-0.0018182149323286,-0.0006897723823941,1.635963658065984,0.1643659123395844,0.0377084617474439,-0.0085771993643049,0.0894207195266061,,,18.886065333418628,18.886065333418628,False,79.04932546203749,79.04932546203749,64.00851042988278,881.0,True,True,True,True,True,True,True,False,True,True,True,True,True,True,False,False,False,13,False,0.13634980438769828,0.0950383044390255,1.0,377515342.66556823,0.1866913123844732,1.0,3.0,,,,,,-0.04364474716496149,-0.08308446614852892,0.18267307600615698,-1.9115114220571667,0.24077669902912618,-1.9115114220571667,0.2575583423861677,-881.0,0.20388349514563106,0.42718446601941745,0.14563106796116504,0.19514563106796115,0.25922330097087376,大同
370.0,388.0,368.0,373.5,8916525.0,0.023287671232876672,364.8,0.03319502074688807,357.725,0.11492537313432827,347.994960530599,0.4147727272727273,335.60581359863284,0.0072504575531466865,68.64406779661017,5395703.65,1.6525231143856463,0.04409812006429514,2376.TW,2026-10-02,0.05617977367558935,0.06364922023345598,bull,0.2744916820702403,0.15619223659889095,2026-03-31,2026-05-15,105057330000.0,12614630000.0,7413710000.0,7054503000.0,1410189000.0,5268403000.0,7.86,234087870000.0,170374747000.0,247826770000.0,180781022000.0,67045748000.0,63311111000.0,69227536000.0,,9540960000.0,0.199899128258929,5931715833.835495,77452023000.0,0.0765856798063944,0.0785792262322138,0.0212584096544533,2.6963831024750444,0.1200737730532462,0.0705682316502808,0.0501478859209538,0.5978925716183887,,,59.16561347732097,59.16561347732097,False,72.6041856788312,72.6041856788312,69.24454262845364,275.0,True,False,True,True,True,True,True,True,False,True,True,True,True,True,False,False,False,12,False,0.073291404652851,0.11291278299096041,1.0,2015295313.275,0.07024029574861368,2.0,3.0,,,,,,0.10544209711277845,0.07551144052485828,0.46660672250498925,0.28365102465160685,0.9703883495145632,0.28365102465160685,0.9820944499482641,-275.0,0.6990291262135923,0.6116504854368932,1.0,0.7441747572815535,0.733009708737864,技嘉
720.0,728.0,712.0,716.0,2253067.0,0.021398002853067144,723.4,0.034682080924855585,693.05,0.3395582188757911,640.2076538085937,1.0905109489051097,547.3013984680176,0.014120573602575326,73.55371900826447,2746827.2,0.8202434430531341,0.03311449390375887,2395.TW,2026-10-02,0.05617977367558935,0.06364922023345598,bull,0.2689463955637708,0.04621072088724584,2026-03-31,2026-05-15,20385264000.0,7979823000.0,3728486000.0,4068287000.0,750007000.0,3334165000.0,3.85,49300373000.0,29811036000.0,83769137000.0,34044129000.0,49725008000.0,10001958000.0,,43915000.0,,0.184354496130681,3041122842.1397014,53958101000.0,0.0563608204473263,0.0670520756879516,0.0398018305954375,0.6846480346468723,0.3914505595806853,0.182901040673302,0.1635576071028562,0.1748587968840969,,,87.43653384699755,87.43653384699755,False,68.5358812695523,68.5358812695523,73.26104441391362,49.0,True,False,True,True,True,True,True,False,False,True,True,True,True,True,True,False,False,11,False,0.11838712914554805,0.3082371103092303,1.0,1966728275.2,0.07208872458410351,3.0,2.0,,,,,,-0.01689110879025549,-0.10090635249730283,0.303511938914415,-0.9367564164014199,0.516504854368932,-0.9367564164014199,0.5487034239762395,-49.0,0.9223300970873787,0.7475728155339806,0.5728155339805825,0.8699029126213592,0.7999999999999999,研華
51.20000076293945,51.900001525878906,50.59999847412109,51.20000076293945,8688048.0,0.08704888368671804,49.59000015258789,0.11062912055585694,47.42250003814697,0.052415193362411294,43.90333337783814,0.5515151746345288,44.98000013033549,0.017814028347910574,71.58672552843413,6676443.8,1.301298754285927,0.0796562965207197,2399.TW,2026-10-02,0.05617977367558935,0.06364922023345598,bull,0.12939001848428835,0.23105360443622922,2026-03-31,2026-05-15,434635000.0,71576000.0,-38003000.0,293376000.0,30236000.0,263140000.0,1.48,2477133000.0,591690000.0,3098844000.0,636030000.0,2462814000.0,675875000.0,60000000.0,,,0.1030622818499127,-34086324.10285777,2507154000.0,-0.0135956244023533,0.1068452591222885,0.0849155362451288,0.2582533638350277,0.1646807091007397,-0.0874365847205126,0.60542754265073,-0.1279866459882791,,,45.4971718000302,45.4971718000302,False,74.4908069970083,74.4908069970083,67.24239819776378,427.0,True,False,True,True,True,True,True,True,True,False,True,True,True,True,False,False,False,12,False,0.1661984825230738,0.1382836952997042,1.0,341833927.65372235,0.19408502772643252,1.0,3.0,,,,,,-0.09011513136468219,-0.16193998037935392,0.11639057933268436,-2.0200699254681718,0.06844660194174756,-2.0200699254681718,0.058055379183914436,-427.0,0.5728155339805825,0.5242718446601942,0.019417475728155338,0.48980582524271843,0.4475728155339806,映泰
1320.0,1355.0,1265.0,1285.0,2074295.0,0.028000000000000025,1277.0,0.25365853658536586,1125.75,0.10523765551512732,1120.8197123209636,0.3787553648068669,1126.7209777832031,0.04891684136967156,71.84466019417475,1750545.6,1.1849419975120898,0.1414612480568509,2404.TW,2026-10-02,0.05617977367558935,0.06364922023345598,bull,0.05268022181146026,0.1645101663585952,2026-03-31,2026-05-15,20288456000.0,4731351000.0,3970281000.0,4415769000.0,1328758000.0,3081118000.0,16.31,80001823000.0,69797396000.0,85443204000.0,70802446000.0,14640758000.0,30246120000.0,,,,0.3009120268745942,2775575697.0283093,15645808000.0,0.1774005981045088,0.2104479836358199,0.0360604220787413,4.8359822626670015,0.2332040939931555,0.1956916287764825,0.1518655732106967,0.7615308303510635,,,76.52353900012174,76.52353900012174,False,80.84802249929207,80.84802249929207,79.76690162449948,107.0,True,True,True,True,True,True,True,True,True,True,True,True,True,True,True,False,False,14,False,0.14648233420079326,0.1404775675058496,1.0,2249451096.0,0.06377079482439926,3.0,3.0,,,,,,0.0971895821728593,0.020906779967695792,0.20098063547012793,-1.0086693615736766,0.7708737864077669,-1.0086693615736766,0.7313383131674839,-107.0,0.8543689320388349,0.8932038834951457,0.8252427184466019,0.8499999999999999,0.8601941747572815,漢唐
145.0,146.5,144.0,146.0,9921939.0,0.0034364261168384758,144.8,0.06181818181818177,142.55,0.08711836695739406,138.75,0.08550185873605942,138.71179542541503,0.015494211932324213,76.0,11625373.85,0.8534726820849723,0.02420203437390378,2412.TW,2026-10-02,0.05617977367558935,0.06364922023345598,bull,0.19963031423290203,0.17929759704251386,2026-03-31,2026-05-15,59988435000.0,22749747000.0,13104526000.0,13180725000.0,2573003000.0,10109931000.0,1.3,134464879000.0,81802629000.0,547813634000.0,136380954000.0,411432680000.0,35230791000.0,540000000.0,1600000000.0,21687792000.0,0.195209519961914,10546397770.211578,466011005000.0,0.0226312204155169,0.0245725035745823,0.0184550554650854,0.3314781752387778,0.3792355476518099,0.2184508730724513,0.1685313344147084,0.0748995729299504,,,67.30730742728429,67.30730742728429,False,66.54548684477541,66.54548684477541,66.73594199040264,187.0,True,False,True,True,True,True,True,False,True,True,True,True,True,True,True,False,False,12,False,0.05225225225225216,0.05254206790585325,1.0,1697304582.1,0.07855822550831792,2.0,3.0,,,,,,0.004168086917107919,-0.06453380340675127,0.16078674408235774,-1.6608560304158884,0.34660194174757275,-1.6608560304158884,0.3362100200642694,-187.0,0.7864077669902912,0.5048543689320388,0.24271844660194175,0.7048543689320388,0.5932038834951456,中華電
74.0,76.0,73.19999694824219,76.0,6103059.0,0.09195404692801223,74.56000061035157,0.13602389038213913,69.72499961853028,0.10304787107231528,64.92166633605957,0.2684802744809802,67.8206711769104,0.0284681809089657,68.93204063280994,6714470.3,0.9089412458939613,0.08999642044891543,2436.TW,2026-10-02,0.05617977367558935,0.06364922023345598,bull,0.10813308687615526,0.16820702402957485,2026-03-31,2026-05-15,1047731000.0,351386000.0,143273000.0,175219000.0,37758000.0,137922000.0,0.7,4987637000.0,1886160000.0,6389164000.0,2035867000.0,4353297000.0,1412266000.0,0.0,,,0.2154903292451161,112399054.05806448,4503004000.0,0.0249609047778026,0.0316821939784949,0.0215868617553094,0.4676609475530844,0.3353780693708595,0.1367459777366518,0.1316387507862228,0.3174001825721551,,,71.40875700399049,71.40875700399049,False,76.23715501615231,76.23715501615231,75.03005551311186,157.0,True,True,True,True,True,True,True,True,True,True,True,True,True,True,True,False,False,14,False,0.1706415483329511,0.12060229840182224,1.0,510299742.8,0.1645101663585952,1.0,3.0,,,,,,0.01085084679982334,-0.06266130374427951,0.24541617982255404,-1.402477942899315,0.5179611650485437,-1.402477942899315,0.4806764949482063,-157.0,0.7961165048543689,0.8155339805825242,0.42718446601941745,0.7407766990291262,0.7281553398058253,偉詮電
4950.0,4970.0,4880.0,4950.0,3845306.0,-0.045323047251687565,5009.0,0.1578947368421053,4765.25,0.23904881101376718,4132.916666666667,2.0555555555555554,3878.896240234375,0.05164137931034483,56.8452380952381,7324688.3,0.524978789882431,0.03877026388961746,2454.TW,2026-10-02,0.05617977367558935,0.06364922023345598,bull,0.09519408502772643,0.06931608133086876,2026-03-31,2026-05-15,149150510000.0,69055353000.0,22890845000.0,27019390000.0,2643006000.0,24153980000.0,15.17,378185472000.0,309807293000.0,738776057000.0,340329102000.0,398446955000.0,184514674000.0,16440000000.0,120000000.0,,0.0978188626760263,20651688576.4068,428968764000.0,0.0481426395335553,0.0606203151935243,0.0326945896136425,0.8541390459364911,0.4629910618475257,0.1534748020640358,0.1619436634846237,-0.0271454326245333,,,78.23114789730103,78.23114789730103,False,79.02572862362916,79.02572862362916,78.82708344204713,95.0,True,True,True,True,True,True,True,True,True,True,True,True,False,True,True,False,False,13,False,0.1977013811876196,0.27613622366472623,1.0,36257207085.0,0.0018484288354898336,3.0,2.0,,,,,,0.0005375563651815047,-0.061194752529611866,0.3174938290619934,0.9311644155716808,0.6509708737864077,0.9311644155716808,0.6869046338384303,-95.0,0.8640776699029126,0.8737864077669902,0.7766990291262136,0.8509708737864077,0.8495145631067961,聯發科
22.899999618530277,22.899999618530277,22.75,22.75,97800.0,-0.00655020179165855,23.029999923706054,0.055684492131013785,22.32749996185303,0.0680751556280128,21.653333314259847,0.018092302649717062,21.686011823018394,0.01963694577906721,64.15093524807034,133265.8,0.7338717060190988,0.018922854724838123,2477.TW,2026-10-02,0.05617977367558935,0.06364922023345598,bull,0.2088724584103512,0.2024029574861368,2026-03-31,2026-05-15,506123000.0,134705000.0,7862000.0,32092000.0,13938000.0,17501000.0,0.11,5644395000.0,2493981000.0,8543804000.0,4123384000.0,4420420000.0,2586925000.0,1388416000.0,683016000.0,,0.4,4717200.0,6049823000.0,0.0007797252911366,0.0039591260558951,0.0020483850050867,0.9328036702394796,0.2661507183036534,0.0155337734108112,0.0345785510636742,-0.0327116289114535,,,22.08324634514487,22.08324634514487,False,71.74961770641663,71.74961770641663,59.33302486609868,827.0,True,False,True,True,True,True,True,True,False,True,True,True,False,True,False,False,False,11,False,0.05064655264960716,0.04906334026122061,1.0,3031796.9499999997,0.7643253234750462,0.0,3.0,,,,,,0.03563485273098191,-0.0020952979682314072,0.22546617802463673,-1.4681243262550643,0.6271844660194176,-1.4681243262550643,0.5824205833443372,-827.0,0.2621359223300971,0.21359223300970873,0.6213592233009708,0.31601941747572815,0.3194174757281553,美隆電
15.149999618530272,15.199999809265137,14.949999809265137,15.050000190734863,152686.0,0.0168918916741978,15.179999923706054,0.07117437625797618,14.655000114440918,0.094545468417081,14.231666692097981,0.09057970889299205,13.728333369890851,0.018592526062908014,55.737709018753904,197677.45,0.7723996844354275,0.026953263269149597,2516.TW,2026-10-02,0.05617977367558935,0.06364922023345598,bull,0.18114602587800369,0.1709796672828096,2026-03-31,2026-05-15,1624343000.0,91613000.0,49137000.0,56516000.0,0.0,56516000.0,0.25,5501612000.0,4873771000.0,7116682000.0,5000833000.0,2115849000.0,1859804000.0,596780000.0,,,0.0,49137000.0,2242911000.0,0.0219076904968587,0.0267107907983981,0.0079413412036676,2.363511290266933,0.0564000337367169,0.0302503843092253,0.0347931440588594,-0.2679604746075582,,,20.556737993044667,20.556737993044667,False,71.69024283485645,71.69024283485645,58.9068666244035,851.0,True,False,True,True,True,True,True,True,True,True,True,True,False,True,False,False,False,12,False,0.05750088983542989,0.09627292587042713,1.0,2975045.6602039817,0.7698706099815157,0.0,3.0,,,,,,0.16118852820757804,0.08849323729376356,0.4472638925050148,-0.3016014197182269,0.9723300970873787,-0.3016014197182269,0.9814995277810334,-851.0,0.24271844660194175,0.18446601941747573,0.9902912621359223,0.3548543689320388,0.37475728155339805,新建
36.75,37.0,36.5,36.95000076293945,1218142.0,0.0,36.9,0.030683468218622556,36.96999988555908,0.05722460533164786,35.68001384735108,0.20358305682991706,33.82625692685445,0.0070139619375349255,51.785725233531544,1523435.95,0.7996017161075922,-0.0005409554417510343,2520.TW,2026-10-02,0.05617977367558935,0.06364922023345598,bull,0.2846580406654344,0.21811460258780038,2026-03-31,2026-05-15,4862541000.0,1141758000.0,658447000.0,599530000.0,162065000.0,308665000.0,0.52,53619294000.0,30715620000.0,65803063000.0,37306228000.0,28496835000.0,17736193000.0,16539209000.0,220000000.0,3700000000.0,0.2703200840658515,480455551.60709226,35087443000.0,0.0136930910470475,0.0108315537497409,0.0046907390921908,1.3091358391203796,0.2348068633251627,0.1354121230031787,0.063478127999332,0.0287244960456058,,,37.26396887406752,37.26396887406752,False,61.00739371534196,61.00739371534196,55.07153750502336,571.0,True,False,True,True,False,True,True,True,False,False,True,True,False,True,False,False,False,9,False,0.03559378987412187,0.09234671878829981,1.0,56290959.51478939,0.3807763401109057,1.0,3.0,,,,,,0.050792002625728104,0.02006016176598596,0.20063552430010315,-1.4350059103238895,0.6815533980582524,-1.4350059103238895,0.7019591184743751,-571.0,0.4854368932038835,0.07766990291262135,0.7864077669902912,0.5305825242718446,0.42330097087378643,冠德
49.04999923706055,50.400001525878906,49.0,49.54999923706055,875001.0,0.023760282539800226,48.98999938964844,0.15366701645826453,45.59500007629394,0.19975787293954395,44.923682403564456,0.36501378177640253,40.79267454147339,0.0315027367718021,71.48760239386397,663092.1,1.3195768732578779,0.08674194876957375,2527.TW,2026-10-02,0.05617977367558935,0.06364922023345598,bull,0.0988909426987061,0.08964879852125693,2026-03-31,2026-05-15,4588717000.0,1261812000.0,1127130000.0,1064163000.0,166487000.0,902888000.0,3.45,13282023000.0,8513905000.0,33780839000.0,11901818000.0,21879021000.0,1538877000.0,2676000000.0,3358749000.0,,0.1564487771140323,950791889.8514608,25266934000.0,0.0376298877359421,0.0412672943638565,0.0267278145459915,0.5439831151494393,0.2749814381667032,0.2456307503818605,0.1967626244983074,24.973085718167,,,82.24426248497689,82.24426248497689,False,79.68368809728753,79.68368809728753,80.32383169420987,75.0,True,True,True,True,True,True,True,True,True,True,True,True,True,True,True,False,False,14,False,0.10298169219380426,0.21467885580004564,1.0,32856213.049100876,0.4491682070240296,1.0,2.0,,,,,,0.050396719516167275,0.018711183862535397,0.3453527637148862,-0.9907435521810916,0.8587378640776699,-0.9907435521810916,0.8396933836184877,-75.0,0.8932038834951457,0.9029126213592233,0.8932038834951457,0.8932038834951456,0.896116504854369,宏璟
237.0,240.5,236.5,240.0,5510571.0,-0.012345679012345734,239.7,0.023454157782516027,237.6,0.22448979591836737,222.80833333333334,0.2938874941171561,208.74530563354492,0.006033661479834796,63.63636363636363,7865638.05,0.700587919882736,0.010101010101010166,2603.TW,2026-10-02,0.05617977367558935,0.06364922023345598,bull,0.3109981515711645,0.0767097966728281,2026-03-31,2026-05-15,86511471000.0,13386693000.0,8948352000.0,10639378000.0,1948722000.0,8303529000.0,3.84,244500947000.0,151671937000.0,935103407000.0,330097608000.0,605005799000.0,183466379000.0,21757000.0,72484631000.0,,0.1831612712698054,7309360471.910295,783431470000.0,0.0093299296132567,0.0137247097692695,0.0088797976115169,0.5456106512460056,0.1547389362966675,0.1034354392147603,0.0959818265025224,-0.2133215452088127,,,31.8537233857576,31.8537233857576,False,71.66476844850229,71.66476844850229,61.712007182816116,652.0,True,False,True,True,True,True,True,True,False,True,True,True,False,True,False,False,False,11,False,0.0771589931555523,0.14972645383136474,1.0,1887753132.0,0.07301293900184842,2.0,3.0,,,,,,0.06949428539209339,0.0034006867394250503,0.23211489924617687,-1.6125600016559467,0.6708737864077671,-1.6125600016559467,0.7169346059896781,-652.0,0.3786407766990291,0.3106796116504854,0.8155339805825242,0.44417475728155337,0.44563106796116503,長榮
95.5,99.0999984741211,95.4000015258789,98.8000030517578,1843242.0,-0.01691539251982288,97.2000015258789,0.025960539156539175,99.64000053405762,0.23500003814697257,91.0616668701172,0.4647901693942105,81.97015495300293,0.006718873796995461,46.55871020590717,3463495.0,0.5321913269688566,-0.008430323944174423,2637.TW,2026-10-02,0.05617977367558935,0.06364922023345598,bull,0.29944547134935307,0.0711645101663586,2026-03-31,2026-05-15,4338022000.0,1244039000.0,1197473000.0,1201283000.0,6082000.0,1195201000.0,1.6,8930959000.0,8128467000.0,84286573000.0,33874386000.0,50412187000.0,5975075000.0,2132536000.0,18694305000.0,992902000.0,0.0050629202277897,1191410289.726068,76158106000.0,0.0156439065032167,0.0237085726909645,0.0141802063775923,0.6719483524886551,0.2867756318432686,0.276041246448266,0.2755175054437253,0.2360516073148353,,,62.80204855376821,62.80204855376821,False,64.23752310536044,64.23752310536044,63.87865446746238,238.0,True,False,True,True,False,True,True,False,False,True,True,True,False,True,True,False,False,9,False,0.08497907459433973,0.20531677789805514,1.0,342193316.56974787,0.1922365988909427,1.0,3.0,,,,,,0.016016531512820138,-0.047995213381884956,0.2107177432632938,-1.6934406374112774,0.46747572815533983,-1.6934406374112774,0.4039671113275888,-238.0,0.7184466019417476,0.4077669902912621,0.33980582524271846,0.6616504854368932,0.5495145631067961,慧洋-KY
27.25,27.649999618530277,27.25,27.600000381469727,20520993.0,-0.008976660559270266,27.6,0.07392994405160325,27.760000133514403,0.15481174987428625,25.20109084447225,0.3049645805803405,23.416795428593954,0.02284450552301641,56.09755946274189,30768434.4,0.6669495344878517,-0.005763679800977695,2801.TW,2026-10-02,0.05617977367558935,0.06364922023345598,bull,0.17652495378927913,0.11552680221811461,2026-03-31,2026-05-15,,,,,992320000.0,5221136000.0,,,,3481563454000.0,3255586729000.0,225976725000.0,40993679000.0,,,,,,3481563454000.0,,0.0231047511640855,0.0014996526902307,14.406734715710211,,,,,,,11.293260418625334,11.293260418625334,False,71.36892517835976,71.36892517835976,56.350008988426154,1026.0,True,False,True,True,False,True,True,True,True,True,True,True,False,True,False,False,False,11,False,0.09519070233119153,0.17864122209342592,1.0,849208801.1772262,0.12014787430683918,0.0,3.0,,,,,,0.013486050690049234,-0.11760383902387958,0.18844091947473532,-1.385359060121653,0.39902912621359227,-1.385359060121653,0.41326849147632067,-1026.0,0.05825242718446602,0.1262135922330097,0.34951456310679613,0.10194174757281554,0.13689320388349516,彰銀
15.800000190734863,15.800000190734863,15.350000381469728,15.350000381469728,232636.0,-0.0376175194338797,15.70999984741211,0.06597227695179742,15.777500009536743,0.10441965696632205,14.992057991027831,0.14126398506680737,14.467478378613789,0.022024292115740425,46.15384389662751,247872.25,0.9385318445287845,-0.027095523866811022,2849.TW,2026-10-02,0.05617977367558935,0.06364922023345598,bull,0.1913123844731978,0.16543438077634012,2026-03-31,2026-05-15,,,,,36199000.0,,,,,398942212000.0,362433426000.0,36508786000.0,2706824000.0,,,,,,398942212000.0,,,,9.92729328222527,,,,,,,0.0,0.0,False,65.12476894639556,65.12476894639556,48.84357670979667,1081.0,True,False,True,True,False,True,True,False,True,True,True,True,True,True,False,False,False,11,False,0.02387546730783141,0.06100040240326243,1.0,3804839.13205576,0.7264325323475046,0.0,3.0,,,,,,0.09950429047754207,0.02290648968707386,0.2692691738061395,-0.033261829287722616,0.8868932038834952,-0.033261829287722616,0.8803094647420059,-1081.0,0.009708737864077669,0.009708737864077669,0.912621359223301,0.1451456310679612,0.19029126213592235,安泰銀
56.5,58.20000076293945,55.900001525878906,57.59999847412109,4790062.0,-0.0017331418976791468,56.779999542236325,0.16129032754253037,53.939999961853026,0.14285707798134095,48.69416669209798,0.9366476941512683,45.80604983965556,0.03690888274736316,70.34483575084482,5567133.05,0.8604180925763936,0.06785314265584819,2855.TW,2026-10-02,0.05617977367558935,0.06364922023345598,bull,0.09242144177449169,0.1266173752310536,2026-03-31,2026-05-15,,,2098581000.0,2515780000.0,218397000.0,2291390000.0,,256323628000.0,220745648000.0,267670154000.0,225790103000.0,41880051000.0,8784022000.0,11858164000.0,4700000000.0,,0.0868108499153344,1916401399.773828,46924506000.0,0.0408400974913583,0.0547131616434755,0.0085604986800284,5.391352149977085,,,,,,,49.23161191360978,49.23161191360978,False,74.71635092064292,74.71635092064292,68.34516616888465,382.0,True,False,True,True,True,True,True,True,True,True,True,True,True,True,False,False,False,13,False,0.18289319618787792,0.25747578487449463,1.0,320666855.18522906,0.2024029574861368,1.0,3.0,,,,,,-0.004749628105484512,-0.09629950172517295,0.24830877117389516,-1.5617269687211564,0.41504854368932037,-1.5617269687211564,0.4224976155881233,-382.0,0.6310679611650486,0.5922330097087378,0.3786407766990291,0.5932038834951456,0.5689320388349515,統一證
44.95000076293945,45.29999923706055,44.45000076293945,44.84999847412109,12172550.0,-0.02074237508219734,45.21999969482422,0.04302322032839734,45.65749988555908,0.12972286176853753,42.27119719187419,0.31911760218003193,38.502265278498335,0.02262164828039121,50.354604556534575,13675311.1,0.8901113774296513,-0.017686062825647664,2880.TW,2026-10-02,0.05617977367558935,0.06364922023345598,bull,0.24399260628465805,0.14325323475046212,2026-03-31,2026-05-15,18727437000.0,,,9327986000.0,1664716000.0,7663213000.0,,,,4445991154000.0,4202483247000.0,243507907000.0,45717871000.0,,,,0.1784646760833474,,4445991154000.0,,0.0314700787108321,0.0017236230875325,17.25809768879497,,,0.4091971047613189,0.1221769088861191,,,25.15680897546131,25.15680897546131,False,64.0988909426987,64.0988909426987,54.363370450889356,766.0,True,False,True,True,False,True,True,True,False,True,True,True,True,True,False,False,False,11,False,0.061006109444721845,0.1648664864185967,1.0,613337681.9681312,0.14972273567467653,1.0,3.0,,,,,,-0.062179661323648876,-0.15052725646151935,0.169325924169684,-1.8177222463780989,0.1621359223300971,-1.8177222463780989,0.17658699427853858,-766.0,0.30097087378640774,0.04854368932038835,0.0970873786407767,0.2703883495145631,0.1844660194174757,華南金
149.0,151.5,149.0,150.5,10154209.0,-0.016339869281045805,150.7,0.04878048780487809,150.775,0.19444444444444442,136.90833333333333,0.7947727020868176,120.92689717610678,0.011912751677852388,54.166666666666664,15634325.45,0.6494817465885617,-0.0018239097993699716,2881.TW,2026-10-02,0.05617977367558935,0.06364922023345598,bull,0.23197781885397412,0.09242144177449169,2026-03-31,2026-05-15,66193246000.0,,,38624861000.0,5062760000.0,33551455000.0,,,,13120104726000.0,12085399702000.0,1034705024000.0,358727505000.0,,,,0.131075164257549,,13120104726000.0,,0.0324261062058977,0.0025572551211051,11.68004351160858,,,0.5068712750542556,-0.3925800152621125,,,12.264204123597382,12.264204123597382,False,68.13753679742588,68.13753679742588,54.16920362896876,1010.0,True,False,True,True,False,True,True,True,False,True,True,True,False,True,False,False,False,10,False,0.09927567106945046,0.24455355685530966,1.0,2352965980.225,0.06099815157116451,2.0,3.0,,,,,,-0.029337183821227793,-0.15092639159712534,0.2848377774411282,-0.9375569908894693,0.45631067961165045,-0.9375569908894693,0.4739348203807288,-1010.0,0.10679611650485436,0.038834951456310676,0.4174757281553398,0.15339805825242717,0.14854368932038836,富邦金
110.0,111.5,110.0,111.5,13083212.0,0.0,111.0,0.022935779816513735,111.8,0.1377551020408163,103.50500005086263,0.6039186265140317,94.54813111623129,0.007434106780806514,52.94117647058823,20415677.1,0.6408414443427889,-0.0026833631484793896,2882.TW,2026-10-02,0.05617977367558935,0.06364922023345598,bull,0.31515711645101663,0.13493530499075784,2026-03-31,2026-05-15,72538053000.0,,,38391738000.0,6735806000.0,31593811000.0,,,,14450034484000.0,13633007653000.0,817026831000.0,293505959000.0,,,,0.1754493636104726,,14450034484000.0,,0.0386692453677815,0.0021864176888285,16.686119887046893,,,0.4355480977687669,-0.3173702053156907,,,13.906153918122188,13.906153918122188,False,63.21765551568748,63.21765551568748,50.88978011629616,986.0,True,False,True,True,False,True,True,True,False,True,True,True,False,True,False,False,False,10,False,0.07724264475347664,0.17929353741460208,1.0,2276347996.65,0.06192236598890943,2.0,3.0,,,,,,0.015511216298593809,-0.1161265475686193,0.2991607546449332,-0.8621024909686633,0.5849514563106796,-0.8621024909686633,0.5548987179387043,-986.0,0.13592233009708737,0.019417475728155338,0.5825242718446602,0.20291262135922328,0.19029126213592235,國泰金
36.900001525878906,37.70000076293945,36.59999847412109,37.34999847412109,66946083.0,-0.050825923190704,38.2,0.052112633073833514,38.19000015258789,0.21661229791268943,33.39416669209798,0.8362786200056935,28.665510161717734,0.029380052729089792,50.80212725592549,50016910.65,1.33846897239344,-0.02199533058681813,2883.TW,2026-10-02,0.05617977367558935,0.06364922023345598,bull,0.21534195933456562,0.08317929759704251,2026-03-31,2026-05-15,23565513000.0,,,13099615000.0,1407592000.0,11689699000.0,,,,4235032868000.0,3864021319000.0,371011549000.0,75116245000.0,,,,0.1074529289601259,,4235032868000.0,,0.0315076418281523,0.0027602380818169,10.414827596108069,,,0.4960511150340754,-0.1317078255463794,,,12.146336472811727,12.146336472811727,False,69.28083354998232,69.28083354998232,54.99720928068967,1015.0,True,False,True,True,False,True,True,True,False,True,True,True,True,True,False,False,False,11,False,0.11845876612214323,0.30295948906575987,1.0,1868131536.4577506,0.07393715341959335,1.0,3.0,,,,,,-0.005251892625925904,-0.16533867120427012,0.22031232092141012,-1.2100033159716774,0.37718446601941746,-1.2100033159716774,0.39826552598325515,-1015.0,0.08737864077669903,0.06796116504854369,0.32038834951456313,0.12233009708737866,0.12815533980582525,凱基金
43.04999923706055,44.150001525878906,43.04999923706055,44.04999923706055,13696594.0,-0.02219755864451478,44.20000076293945,0.045077049641744305,44.21500015258788,0.05131259267028243,40.953582191467284,0.3470947464620433,37.26887445449829,0.01971864179392538,57.142843603557665,25129195.65,0.5450470516751299,-0.003731785931423981,2890.TW,2026-10-02,0.05617977367558935,0.06364922023345598,bull,0.24029574861367836,0.23475046210720887,2026-03-31,2026-05-15,26199317000.0,,,13172491000.0,2157069000.0,10973530000.0,,,,3820349236000.0,3552231164000.0,268118072000.0,41779009000.0,,,,0.163755587306911,,3820349236000.0,,0.0409279759403909,0.0028723892299148,13.24875692825361,,,0.4188479417230609,0.4040584778805451,,,40.18365017296791,40.18365017296791,False,67.63663665952906,67.63663665952906,60.77339003788877,507.0,True,False,True,True,False,True,True,True,False,False,True,True,False,True,False,False,False,9,False,0.0756079658945783,0.18195142412581733,1.0,1106941049.2104452,0.10073937153419593,1.0,3.0,,,,,,-0.07951358728809213,-0.18175356657910027,0.13907586071797445,-1.866686005130108,0.09951456310679613,-1.866686005130108,0.1064543209831124,-507.0,0.5242718446601942,0.2815533980582524,0.04854368932038835,0.4529126213592233,0.35631067961165047,永豐金
38.400001525878906,38.75,38.25,38.54999923706055,14887141.0,-0.032622315855413864,38.8,0.06344825481546335,38.87249965667725,0.13049856193737397,35.67841205596924,0.3550087241922999,32.76878924369812,0.0247808599331853,54.545443081313486,27724933.4,0.5369585847228763,-0.008296364331211836,2892.TW,2026-10-02,0.05617977367558935,0.06364922023345598,bull,0.19685767097966728,0.1423290203327172,2026-03-31,2026-05-15,19296673000.0,,,10035758000.0,1792064000.0,8243694000.0,,,,5146398447000.0,4848752228000.0,297646219000.0,66304190000.0,,,,0.1785678769854753,,5146398447000.0,,0.0276962832845526,0.0016018374956578,16.290320247609124,,,0.427208047729264,0.0559316737098873,,,19.735682713005552,19.735682713005552,False,68.36431445264036,68.36431445264036,56.207156517731654,867.0,True,False,True,True,False,True,True,True,True,True,True,True,False,True,False,False,False,11,False,0.08048528551625589,0.17642427830848906,1.0,1068796161.4175544,0.1044362292051756,1.0,3.0,,,,,,-0.050643360907356605,-0.1905371864102821,0.17978737615992452,-1.4635506829517961,0.22281553398058251,-1.4635506829517961,0.21319512625871848,-867.0,0.23300970873786409,0.11650485436893204,0.11650485436893204,0.21553398058252426,0.17475728155339806,第一金
24.950000762939453,25.100000381469727,24.600000381469727,25.049999237060547,49000.0,0.09150319844486687,24.229999542236328,0.06369426957940005,23.59000015258789,0.030864198499897633,23.757334486643472,0.0503144166204359,23.613667217890427,0.0066140396070158945,60.99290952830831,94905.2,0.5163046914183839,0.06189059241326422,2901.TW,2026-10-02,0.05617977367558935,0.06364922023345598,bull,0.19593345656192238,0.27726432532347506,2026-03-31,2026-05-15,33925000.0,29540000.0,6633000.0,9596000.0,1919000.0,,0.11,504302000.0,62092000.0,1086057000.0,194064000.0,891993000.0,492937000.0,,,,0.1999791579824927,5306538.245102125,1023965000.0,0.0051823433858599,,,0.2175622454436301,0.8707442888725129,0.1955195283714075,,0.0981452108891982,,,72.0006020564352,72.0006020564352,False,67.34005923594782,67.34005923594782,68.50519494106966,150.0,True,False,True,True,True,False,True,True,True,False,True,True,False,True,True,False,False,10,False,0.0544111862020471,0.060826300545216094,1.0,2377375.1875930787,0.7929759704251387,0.0,3.0,,,,,,0.028901905645114294,-0.009229983167359422,0.17227620634274607,-1.2921324147095765,0.5592233009708738,-1.2921324147095765,0.4855097889010843,-150.0,0.8155339805825242,0.6019417475728155,0.44660194174757284,0.7601941747572816,0.6776699029126214,欣欣
3570.0,3570.0,3385.0,3440.0,3130769.0,-0.008645533141210415,3468.0,0.0392749244712991,3380.75,0.4795698924731182,2920.6805216471353,0.5636363636363637,2735.7569274902344,0.007374851013110847,49.166666666666664,2855153.25,1.0965327342761724,0.017525696960733583,3017.TW,2026-10-02,0.05617977367558935,0.06364922023345598,bull,0.2578558225508318,0.029574861367837338,2026-03-31,2026-05-15,49037946000.0,14597401000.0,12019030000.0,11979060000.0,3304089000.0,7915619000.0,20.17,135871669000.0,112699102000.0,175993383000.0,124678400000.0,51314983000.0,67880246000.0,16445795000.0,7190026000.0,,0.2758220594938167,8703916392.282032,63294281000.0,0.1375150527783392,0.1542555124689411,0.0449767989288551,2.4296685433959904,0.2976756204266794,0.2450965217833552,0.161418241294201,1.1016606943545204,,,82.5145908535667,82.5145908535667,False,68.78986798830834,68.78986798830834,72.22104870462293,70.0,True,False,True,True,True,True,True,False,False,True,True,True,True,True,True,False,False,11,False,0.17780769738553648,0.2574216537416698,1.0,9821727180.0,0.018484288354898338,3.0,2.0,,,,,,0.11464048977289937,-0.005960466085054151,0.3144499803449558,0.00926633222658051,0.8728155339805825,0.00926633222658051,0.8825905967664636,-70.0,0.912621359223301,0.7184466019417476,0.9223300970873787,0.9140776699029127,0.8563106796116505,奇鋐
528.0,544.0,528.0,542.0,1595149.0,-0.0018416206261510082,531.0,0.07968127490039834,512.925,0.1800566392444769,460.025,0.4511378848728247,474.0232676188151,0.018112346169114616,65.47619047619048,2577038.65,0.6189852837480726,0.05668470049227481,3044.TW,2026-10-02,0.05617977367558935,0.06364922023345598,bull,0.16543438077634012,0.0988909426987061,2026-03-31,2026-05-15,20964231000.0,5558653000.0,3845829000.0,4106800000.0,1160501000.0,2946230000.0,5.61,70597125000.0,38074338000.0,103583725000.0,45274053000.0,58309672000.0,21846246000.0,4498565000.0,1000000000.0,,0.2825803545339437,2759073277.703078,65509387000.0,0.042117220203924,0.050527295025772,0.0284429817522009,0.7764415653032657,0.2651493870679063,0.1834471772420366,0.1405360396954221,0.2239921180540351,,,79.90151858407886,79.90151858407886,False,77.31487507672007,77.31487507672007,77.96153595355977,86.0,True,True,True,True,True,True,True,True,True,True,True,True,False,True,True,False,False,13,False,0.17819683712841705,0.14340378843143253,1.0,1396754948.3,0.08872458410351201,3.0,2.0,,,,,,0.03278791061552557,-0.0425198209659221,0.2899188933735792,-0.7756130258107095,0.7257281553398058,-0.7756130258107095,0.7409144107283664,-86.0,0.8737864077669902,0.8640776699029126,0.8349514563106796,0.8679611650485436,0.8631067961165049,健鼎
983.0,1005.0,948.0,981.0,6603220.0,0.10224719101123592,939.0,0.2674418604651163,863.1,0.21699293551098298,751.6416666666667,0.5977198697068404,769.885046895345,0.04872417982989067,65.14806378132118,5524777.85,1.1952009979912588,0.1366006256517205,3167.TW,2026-10-02,0.05617977367558935,0.06364922023345598,bull,0.04990757855822551,0.0822550831792976,2026-03-31,2026-05-15,1946206000.0,824053000.0,409380000.0,425365000.0,143361000.0,282004000.0,3.19,7943560000.0,5595217000.0,10404607000.0,6825735000.0,3578872000.0,1402836000.0,918708000.0,407412000.0,308759000.0,0.337030550233329,271406433.3454797,4809390000.0,0.0564326106523862,0.078796894664017,0.0271037627850816,1.907230825802096,0.4234150958326097,0.2103477226973917,0.144899358033014,1.3065981160430264,,,88.81703425043213,88.81703425043213,False,88.46411079000774,88.46411079000774,88.55234165511384,40.0,True,True,True,True,True,True,True,True,True,True,False,True,True,True,True,False,False,13,False,0.305143186580485,0.27421620143942493,1.0,5419807070.849999,0.034195933456561925,3.0,2.0,,,,,,0.024134758542275103,-0.11987146536317342,0.25021762208689957,-0.9790621178122232,0.5524271844660195,-0.9790621178122232,0.5119391783898025,-40.0,0.941747572815534,1.0,0.49514563106796117,0.874757281553398,0.8699029126213593,大量
30.950000762939453,30.950000762939453,28.149999618530277,28.5,98000.0,0.012433406259775959,28.25,0.18503122262399474,26.402499866485595,0.0439560731309625,25.113333320617677,0.3255813953488371,24.092083311080938,0.04131335220819856,74.12935238404314,125407.15,0.7814546459272856,0.07944324000080383,3296.TW,2026-10-02,0.05617977367558935,0.06364922023345598,bull,0.07948243992606285,0.24953789279112754,2026-03-31,2026-05-15,333302000.0,47985000.0,-28246000.0,-32519000.0,3415000.0,-35934000.0,-0.37,1498700000.0,959362000.0,2232887000.0,971754000.0,1261133000.0,733229000.0,480000000.0,,,0.0,-28246000.0,1273525000.0,-0.022179383993247,-0.0284934261493434,-0.0160930669577099,0.770540458460765,0.1439685330421059,-0.0847459661208153,-0.107812134340628,-0.1210969740918979,,,13.590716232084937,13.590716232084937,False,72.9973494825069,72.9973494825069,58.14569116990141,989.0,True,False,True,True,True,True,True,False,True,False,True,True,False,True,False,False,False,10,False,0.13485532311244075,0.18296120895828394,1.0,3574103.775,0.7347504621072088,0.0,3.0,,,,,,-0.0036884299580554935,-0.06562060109776979,0.2527552761918358,-1.6924070846716195,0.43786407766990293,-1.6924070846716195,0.5159353239509957,-989.0,0.1262135922330097,0.14563106796116504,0.5048543689320388,0.1830097087378641,0.20776699029126214,勝德
22.899999618530277,22.899999618530277,22.5,22.899999618530277,108464.0,0.057736721571584715,22.35,0.05045873486085739,21.917500019073486,0.057736721571584715,20.929999955495198,0.11435525395211021,20.993333307902024,0.004008249916318683,72.88137127428392,61463.2,1.7646982259303128,0.044827174568348616,3308.TW,2026-10-02,0.05617977367558935,0.06364922023345598,bull,0.22181146025878004,0.21626617375231053,2026-03-31,2026-05-15,1568000.0,982000.0,-10522000.0,-111000.0,-965000.0,854000.0,0.01,1492523000.0,782760000.0,2152162000.0,1021325000.0,1130837000.0,472777000.0,468970000.0,219642000.0,,0.4,-6313200.0,1369402000.0,-0.0046101875125054,0.0007551928350416,0.0003968102772932,0.9031584569659464,0.6262755102040817,,0.5446428571428571,-0.0415647921760391,,,32.42271530237554,32.42271530237554,False,70.30211451303862,70.30211451303862,60.83226471037285,643.0,True,False,True,True,True,True,True,False,False,False,True,True,True,True,False,False,False,10,False,0.09412325213683781,0.0908224664784687,1.0,1407507.2565536501,0.8530499075785583,0.0,3.0,,,,,,0.018145699247226657,-0.014862976663538911,0.20214774414126552,-1.249511740725247,0.5859223300970874,-1.249511740725247,0.5980770521106249,-643.0,0.3883495145631068,0.2912621359223301,0.6601941747572816,0.42912621359223296,0.4135922330097087,聯德
470.0,492.5,463.0,475.5,8890568.0,0.06853932584269673,465.4,0.2318652849740932,431.825,0.16367199490353368,392.9446746826172,1.6126373626373627,337.4305053710938,0.04437995042021879,76.51821862348179,7777993.25,1.143041362243404,0.10114050830776367,3532.TW,2026-10-02,0.05617977367558935,0.06364922023345598,bull,0.06192236598890943,0.10628465804066543,2026-03-31,2026-05-15,3308768000.0,27622000.0,-105154000.0,-82202000.0,-13987000.0,-68215000.0,-0.18,9109304000.0,3626589000.0,51226148000.0,26972355000.0,24253793000.0,1958029000.0,0.0,20500000000.0,,0.1701540108513174,-87261625.14294055,47599559000.0,-0.0018332444034395,-0.0028125497731426,-0.0013316441439243,1.112088117516299,0.0083481223222661,-0.03178040890144,-0.0206164348784804,0.1086960163893446,,,17.44238091593533,17.44238091593533,False,80.10559961365807,80.10559961365807,64.4397949392274,904.0,True,True,True,True,True,True,True,False,True,True,True,True,True,True,False,False,False,13,False,0.21009401739332145,0.4091790529639945,1.0,3698435790.375,0.048983364140480594,2.0,3.0,,,,,,-0.2014619751643634,-0.32587546150195873,0.09264836138359953,-1.9689579594519833,0.027184466019417475,-1.9689579594519833,0.030513782197028643,-904.0,0.18446601941747573,0.4563106796116505,0.009708737864077669,0.15825242718446603,0.23106796116504855,台勝科
750.0,764.0,730.0,760.0,1229133.0,0.009296148738379806,776.8,0.07042253521126751,702.3,0.06591865357643756,681.7166666666667,-0.14878362405995504,741.5054356892904,0.028709535667203613,66.91176470588235,822042.1,1.4952190404846661,0.08215862167165033,3563.TW,2026-10-02,0.05617977367558935,0.06364922023345598,bull,0.18299445471349354,0.20702402957486138,2026-03-31,2026-05-15,863415000.0,523085000.0,333985000.0,377192000.0,80842000.0,294766000.0,4.61,6503526000.0,2118626000.0,7560554000.0,2219675000.0,5340879000.0,1289182000.0,,,,0.2143258605696833,262403377.4576343,5441928000.0,0.0482188256547374,0.055190540733089,0.0389873546303617,0.4156010649183402,0.6058326528957686,0.3868186214045389,0.3413955050584018,0.0901911021042065,,,87.4649186456445,87.4649186456445,False,78.73931531158635,78.73931531158635,80.9207161451009,48.0,True,True,True,True,True,True,True,True,True,True,True,True,True,True,True,False,False,14,False,0.11483265286164834,0.024941913330031706,1.0,624751996.0,0.14602587800369685,3.0,2.0,,,,,,-0.0012763771783983557,-0.07665798303389428,0.22053240080049488,-1.259582848413096,0.46456310679611657,-1.259582848413096,0.5379570763051561,-48.0,0.9320388349514563,0.9223300970873787,0.5339805825242718,0.8723300970873786,0.8495145631067962,牧德
18.25,19.450000762939453,18.100000381469727,19.350000381469727,29308865.0,0.09014086656167475,18.750000381469725,0.11849718120319963,17.364999961853027,0.20560755771185657,17.367499955495198,0.13157894443313545,17.362083268165588,0.017281791170898588,67.99999593099164,17166735.4,1.7073056884187778,0.11431041888726146,3576.TW,2026-10-02,0.05617977367558935,0.06364922023345598,bull,0.11922365988909427,0.0878003696857671,2026-03-31,2026-05-15,520029000.0,-237380000.0,-450612000.0,1756562000.0,10661000.0,1745834000.0,1.07,9492286000.0,6482798000.0,25509734000.0,12399640000.0,13110094000.0,6613378000.0,616197000.0,3678862000.0,,0.0060692420762831,-447877126.6895219,19026936000.0,-0.0235391093284552,0.1331671611202787,0.0684379539198644,0.9458086265437914,-0.4564745427658842,-0.8665132136861599,,-0.4687390816645519,,,39.4401659971228,39.4401659971228,False,75.08216187497426,75.08216187497426,66.1716629055114,523.0,True,True,True,True,True,False,True,True,True,True,True,True,True,True,False,False,False,13,False,0.11415001762226873,0.11449761428970362,1.0,332176336.53858984,0.19685767097966728,0.0,3.0,,,,,,-0.009462361878507122,-0.09821878972521997,0.10038682396639809,-1.0119126860143273,0.32669902912621357,-1.0119126860143273,0.2817650340361852,-523.0,0.5145631067961165,0.4854368932038835,0.17475728155339806,0.46359223300970875,0.4378640776699029,聯合再生
176.5,182.0,169.0,170.5,15104480.0,-0.05277777777777781,177.0,0.34251968503937014,147.525,0.8777532408540958,117.95484708150228,1.595129496494775,98.14849535624187,0.08975069252077567,72.48677248677248,20125740.65,0.7505055472331151,0.15573631587866466,3605.TW,2026-10-02,0.05617977367558935,0.06364922023345598,bull,0.027726432532347505,0.010166358595194085,2026-03-31,2026-05-15,2821542000.0,693877000.0,147463000.0,143021000.0,35356000.0,107659000.0,0.67,7733924000.0,4283420000.0,15202980000.0,7237415000.0,7965565000.0,2596697000.0,794000000.0,2115835000.0,130740000.0,0.2472084519056642,111008900.05663504,10919560000.0,0.010166059809794,0.0135155509998349,0.007081440612301,0.9085877775148404,0.2459212019526911,0.0522632659730034,0.0381560862818983,0.0947751117457165,,,35.95481269053683,35.95481269053683,False,83.91404805914972,83.91404805914972,71.9242392169965,592.0,True,True,True,True,True,True,True,False,True,True,True,True,False,False,False,False,False,11,False,0.4454683653838407,0.7371636659446441,1.0,3431438780.825,0.05268022181146026,2.0,3.0,,,,,,-0.01837989778091895,-0.1345751905229425,0.28437909884503076,-1.6320802021340013,0.3796116504854369,-1.6320802021340013,0.4192465952604241,-592.0,0.4368932038834951,0.6990291262135923,0.3592233009708738,0.4252427184466019,0.5,宏致
34.70000076293945,35.20000076293945,34.650001525878906,34.900001525878906,118000.0,0.013062431145823172,34.30999984741211,0.06727830922355271,33.562500190734866,0.04775021453004902,33.07028789520264,0.2690909645774149,33.11188605626424,0.009246732077454327,66.35509820502912,88708.25,1.3302032223609417,0.03985106376292147,3652.TW,2026-10-02,0.05617977367558935,0.06364922023345598,bull,0.18946395563770796,0.24029574861367836,2026-03-31,2026-05-15,620782000.0,216758000.0,32315000.0,36403000.0,6166000.0,30132000.0,0.4,2208650000.0,758801000.0,2721709000.0,839191000.0,1882518000.0,544591000.0,,,,0.1693816443699695,26841432.16218444,1962908000.0,0.0136743200201866,0.0160062214544562,0.0110709851787975,0.4457811293172229,0.3491692735936287,0.0520553108820809,0.0485387785083974,0.1012201049453453,,,46.42890186010385,46.42890186010385,False,73.43119399874575,73.43119399874575,66.68062096408528,411.0,True,False,True,True,True,True,True,True,True,False,True,True,True,True,False,False,False,12,False,0.055328022437376445,0.05400222344859107,1.0,3095918.0603580475,0.7597042513863216,1.0,3.0,,,,,,0.0570203699815386,0.03311745025931252,0.24590306159337427,-1.340020677293558,0.7728155339805824,-1.340020677293558,0.622266116664849,-411.0,0.5825242718446602,0.49514563106796117,0.6796116504854369,0.5970873786407767,0.5757281553398058,精聯
6790.0,7065.0,6760.0,6800.0,1025345.0,0.060842433697347875,6858.0,0.17850953206239173,5979.0,1.125,4858.2312947591145,0.681087762669963,4407.907314046224,0.04559961526690858,69.34865900383141,1140569.2,0.8989765811666667,0.13731393209566822,3653.TW,2026-10-02,0.05617977367558935,0.06364922023345598,bull,0.0822550831792976,0.005545286506469501,2026-03-31,2026-05-15,5305216000.0,2216652000.0,1696566000.0,1775586000.0,371056000.0,1398199000.0,9.53,20477674000.0,8468040000.0,30307238000.0,8909881000.0,21397357000.0,10253854000.0,,,,0.2089766420776014,1342023334.256972,21839198000.0,0.0614502114160498,0.0653444722168256,0.0461341610871963,0.4164010069094047,0.4178250235240186,0.3197920687866432,0.2635517573648274,0.116346562150301,,,88.8947474261209,88.8947474261209,False,83.11742755992444,83.11742755992444,84.56175752647356,39.0,True,True,True,True,True,True,True,True,True,True,True,True,True,True,True,False,False,14,False,0.39968634415071924,0.5426821653738363,1.0,7755870560.0,0.025878003696857672,3.0,2.0,,,,,,0.0005417419521607983,-0.1027835167102007,0.23754772899949772,-1.6474461534489517,0.39805825242718446,-1.6474461534489517,0.4218089206554919,-39.0,0.9514563106796117,0.9611650485436893,0.36893203883495146,0.8640776699029126,0.8378640776699029,健策
119.0,120.0,117.5,119.0,4645382.0,0.04385964912280693,116.9,0.16666666666666674,110.3,0.12796208530805697,111.4967051188151,0.231884077429668,110.12918586730957,0.038068797507866584,71.15384615384616,8173942.6,0.568315955631986,0.07887579329102445,3702.TW,2026-10-02,0.05617977367558935,0.06364922023345598,bull,0.09057301293900184,0.14510166358595195,2026-03-31,2026-05-15,316500457000.0,14203178000.0,8470625000.0,7205961000.0,1455173000.0,5548632000.0,3.3,434755950000.0,351739547000.0,479508376000.0,386867313000.0,92641063000.0,25004254000.0,131686606000.0,25757252000.0,5309644000.0,0.2019401714774754,6760065534.97861,127768829000.0,0.0529085661024459,0.0598938723317542,0.011571501724925,4.17598093622911,0.0448756950768004,0.0267633894759273,0.0175311974352062,0.2719338016357759,,,44.311414548255854,44.311414548255854,False,65.22825079643319,65.22825079643319,59.999041734388854,443.0,True,False,True,True,True,False,True,True,True,True,True,True,False,True,False,False,False,11,False,0.06729611312898531,0.08054916653409694,1.0,972699169.4,0.11182994454713494,2.0,3.0,,,,,,0.08258249909247699,0.047304703419370035,0.3281545081748452,0.036496415319022854,0.9300970873786407,0.036496415319022854,0.9284016365702625,-443.0,0.5631067961165048,0.24271844660194175,0.9514563106796117,0.6213592233009708,0.5446601941747573,大聯大
711.0,722.0,704.0,713.0,11148184.0,0.02886002886002892,702.4,0.21052631578947367,647.3,0.14080000000000004,621.8666666666667,0.7077844311377246,592.676365661621,0.04042433496745154,65.51724137931035,15047872.8,0.740847835981176,0.10149853236520934,3711.TW,2026-10-02,0.05617977367558935,0.06364922023345598,bull,0.0711645101663586,0.13031423290203328,2026-03-31,2026-05-15,173662152000.0,34849839000.0,17531793000.0,18200253000.0,3635258000.0,14147537000.0,3.24,337698528000.0,294501914000.0,957527444000.0,576383490000.0,381143954000.0,87811246000.0,40365151000.0,199142046000.0,1999351000.0,0.1997366739901912,14030050977.095484,663025530000.0,0.0211606496918685,0.0371186184419968,0.0147750720761586,1.5122461840231631,0.2006760747730455,0.1009534478186127,0.0814658625213857,0.1721790641369744,,,49.34794674627236,49.34794674627236,False,83.04626281476992,83.04626281476992,74.62168379764553,379.0,True,True,True,True,True,True,True,True,True,True,True,True,False,True,False,False,False,13,False,0.14654802744425388,0.20301743296960795,1.0,10729133306.4,0.0166358595194085,3.0,3.0,,,,,,-0.010998667555838624,-0.0546747517971906,0.2590372174174397,-1.065288706886118,0.5432038834951457,-1.065288706886118,0.5383148300676638,-379.0,0.6407766990291263,0.7961165048543689,0.5436893203883495,0.6262135922330098,0.6679611650485437,日月光投控
72.5999984741211,72.9000015258789,72.4000015258789,72.9000015258789,85434.0,0.009695354670700818,72.45999908447266,0.023876469810420353,71.99499893188477,0.05194802764196682,71.34499969482422,-0.01759258107356587,70.9758456548055,0.004744960691927695,51.2820312179052,133754.9,0.6387354781021107,0.012570353599843376,4104.TW,2026-10-02,0.05617977367558935,0.06364922023345598,bull,0.3096118299445471,0.23290203327171904,2026-03-31,2026-05-15,2342958000.0,499286000.0,180402000.0,293936000.0,57430000.0,205180000.0,1.12,10813275000.0,6342897000.0,19463903000.0,7408639000.0,12055264000.0,3077674000.0,386784000.0,350000000.0,,0.1953826683359643,145154575.86685538,13121006000.0,0.0110627627078941,0.0170199507866439,0.0105415650704794,0.6145563465055597,0.2131007043233382,0.0769975390083817,0.0875730593548838,0.0900901445802753,,,40.560354710843605,40.560354710843605,False,60.936623736524226,60.936623736524226,55.84255648010407,502.0,True,False,True,True,True,True,True,True,False,False,True,True,False,True,False,False,False,10,False,0.021795526493883832,0.027110009797299828,1.0,9750732.41409378,0.6136783733826248,1.0,3.0,,,,,,0.02990890593230057,0.0034276232908590043,0.16484366504537146,-1.9428577541195624,0.45922330097087377,-1.9428577541195624,0.44357403608402723,-502.0,0.5339805825242718,0.0970873786407767,0.39805825242718446,0.5135922330097087,0.3757281553398058,佳醫
61.59999847412109,61.900001525878906,60.400001525878906,61.0,1754055.0,0.023489959089290968,61.49999923706055,0.025210084033613356,59.56499977111817,0.032148926817838985,56.86999988555908,0.29237286046605426,60.399166615804035,0.006675675077149028,60.5633768763872,2397238.1,0.7316982822857687,0.024091332735598048,4540.TW,2026-10-02,0.05617977367558935,0.06364922023345598,bull,0.30406654343807765,0.2744916820702403,2026-03-31,2026-05-15,788261000.0,109874000.0,-42333000.0,6430000.0,28327000.0,-21897000.0,-0.19,3919654000.0,1977434000.0,7582870000.0,4146790000.0,3436080000.0,375250000.0,761254000.0,1382172000.0,,0.4,-25399800.0,5605436000.0,-0.0045312799932065,-0.006372668855207,-0.0028876929183805,1.2068374426672257,0.1393878423517083,-0.05370429337491,-0.0277788701965465,0.6711774932157395,,,25.381013898958177,25.381013898958177,False,70.53818590238728,70.53818590238728,59.248892901530006,763.0,True,False,True,True,True,True,True,True,False,False,True,True,False,True,False,False,False,10,False,0.0726217711051842,0.009947709842055286,1.0,146231524.1,0.27726432532347506,1.0,3.0,,,,,,0.0066569392252531145,-0.05824306968216317,0.2579855503898017,-1.8359469112013005,0.4645631067961165,-1.8359469112013005,0.3492757875034239,-763.0,0.3106796116504854,0.20388349514563106,0.27184466019417475,0.3048543689320388,0.270873786407767,全球傳動
130.0,130.0,128.5,129.5,102050.0,-0.018939393939393923,129.5,0.02777777777777768,129.175,0.02777777777777768,128.42661730448404,0.03600000000000003,126.56330865224203,0.007212475633528353,55.55555555555556,187824.5,0.5433263498638357,0.0025159667118248574,4736.TW,2026-10-02,0.05617977367558935,0.06364922023345598,bull,0.2975970425138632,0.28373382624768945,2026-03-31,2026-05-15,1074466000.0,531890000.0,272939000.0,362978000.0,69184000.0,284846000.0,2.99,7743817000.0,2835366000.0,13071771000.0,3115964000.0,9955807000.0,2352593000.0,940000000.0,169444000.0,,0.1906010832612444,220916530.9357592,10236405000.0,0.0215814566672341,0.0286110407724858,0.0217909264169331,0.3129795505276468,0.4950272972806957,0.2540229285989505,0.2651047124804321,0.0999991809891194,,,73.12470502530472,73.12470502530472,False,63.139024244994566,63.139024244994566,65.6354444400721,136.0,True,False,True,True,True,True,True,True,False,False,True,True,False,True,True,False,False,10,False,0.008357945712850867,0.023203338937883844,1.0,24323272.75,0.48428835489833644,2.0,3.0,,,,,,0.049326292645272704,0.008889030037186793,0.16691319608986457,-1.360012742388317,0.607766990291262,-1.360012742388317,0.6606413008961552,-136.0,0.8349514563106796,0.47572815533980584,0.7475728155339806,0.8218446601941747,0.7097087378640776,泰博
104.5,106.5,104.5,106.0,3993977.0,0.004739336492890933,104.9,0.034146341463414664,105.0,0.13733909303523006,102.69166666666666,0.124072073908847,101.04298051198323,0.00864553314121043,56.52173913043478,4421382.25,0.9033322101928645,0.00952380952380949,4904.TW,2026-10-02,0.05617977367558935,0.06364922023345598,bull,0.2707948243992606,0.13585951940850277,2026-03-31,2026-05-15,27804510000.0,9180075000.0,4900562000.0,4717879000.0,943576000.0,3708354000.0,1.03,36726189000.0,39569231000.0,185313352000.0,85176808000.0,100136544000.0,7149542000.0,1907000000.0,7161318000.0,18487164000.0,0.2000000423919307,3920449392.255715,145744121000.0,0.026899537115845,0.0370329736963959,0.0200112617897063,0.850606627686292,0.3301649624467397,0.1762506154577081,0.1333723917450802,0.0676669313513584,,,64.90506799565857,64.90506799565857,False,69.29747266583239,69.29747266583239,68.19937149828893,211.0,True,False,True,True,True,True,True,True,False,True,True,True,True,True,True,False,False,12,False,0.03221618112472613,0.04905852403501587,1.0,468666518.5,0.1709796672828096,2.0,3.0,,,,,,0.024072891413543553,-0.03523118684487329,0.2451325853790298,-1.3510901172353331,0.5985436893203884,-1.3510901172353331,0.6302026118062274,-211.0,0.7475728155339806,0.5825242718446602,0.6990291262135923,0.7402912621359223,0.6883495145631068,遠傳
40.29999923706055,43.59999847412109,40.150001525878906,41.84999847412109,13443455.0,0.0984252007922557,40.5,0.1326115726659549,37.55999965667724,0.0449438020312094,36.14166657129923,0.04204521417076301,38.624036391576134,0.02392148228326214,70.0729971721114,6582316.95,2.042359111862579,0.11421722195573003,4906.TW,2026-10-02,0.05617977367558935,0.06364922023345598,bull,0.11182994454713494,0.24676524953789278,2026-03-31,2026-05-15,3112326000.0,322217000.0,-204767000.0,-143593000.0,-12449000.0,-135433000.0,-0.32,12864049000.0,8398145000.0,20148277000.0,8788876000.0,11359401000.0,5670981000.0,2420953000.0,,,0.0866964267060372,-187014432.79268488,11750132000.0,-0.0159159431394204,-0.0119225476765896,-0.0067218154683896,0.7737094587998082,0.1035293217998371,-0.0657922724033407,-0.043515043089959,-0.3962171691099656,,,11.923368983819008,11.923368983819008,False,76.30774632259465,76.30774632259465,60.211651987900744,1019.0,True,True,True,True,True,True,True,True,True,False,True,True,True,True,False,False,False,13,False,0.15794323960021672,0.08352213760984672,1.0,275469954.31368136,0.21719038817005545,1.0,3.0,,,,,,0.02997329902500075,0.00658679853249127,0.4436226810441373,-1.7183112493001933,0.6995145631067962,-1.7183112493001933,0.7023741751590401,-1019.0,0.07766990291262135,0.2621359223300971,0.7961165048543689,0.18543689320388348,0.2766990291262136,正文
44.5,48.150001525878906,44.400001525878906,48.150001525878906,17302187.0,0.10057146344866075,44.78000030517578,0.1382979289440025,42.9875,0.16024100062358815,37.90916639963786,-0.0010373285533014087,44.80749982198079,0.01902335321774618,66.16766480744008,4234478.85,4.0860251315223834,0.12009308580119593,4927.TW,2026-10-02,0.05617977367558935,0.06364922023345598,bull,0.10720887245841035,0.10905730129390019,2026-03-31,2026-05-15,2758842000.0,-344475000.0,-734707000.0,-825074000.0,,-822592000.0,-3.1,6589353000.0,10076517000.0,18879932000.0,13954232000.0,4925700000.0,589683000.0,3386871000.0,3676915000.0,,,-587765600.0,8803415000.0,-0.0667656358356387,-0.167000020301683,-0.043569648450005,2.8329439470532107,-0.124862170432377,-0.2663099227864444,-0.2981656796583494,-0.1204705544795925,,,0.883894460035922,0.883894460035922,False,83.31545150785566,83.31545150785566,62.707562245900725,1077.0,True,True,True,True,True,True,True,True,True,True,False,True,False,True,False,False,False,12,False,0.27014139583767993,0.07459692500536286,1.0,203890163.08880195,0.24399260628465805,1.0,3.0,,,,,,-0.0698248285450005,-0.19090388714104875,0.0984290682377724,-1.8280399682820305,0.07961165048543689,-1.8280399682820305,0.1254497413893197,-1077.0,0.019417475728155338,0.34951456310679613,0.06796116504854369,0.026699029126213587,0.12815533980582525,泰鼎-KY
47.25,48.25,46.150001525878906,46.400001525878906,9835041.0,0.06544207436846605,46.130000305175784,0.28176797093833006,39.339999771118165,0.2340426438531531,34.23249998092651,0.2210526717336554,39.04791668256124,0.06641366265114892,71.14094397886505,11934573.75,0.8240797875165001,0.17946115393584483,4956.TW,2026-10-02,0.05617977367558935,0.06364922023345598,bull,0.04066543438077634,0.07208872458410351,2026-03-31,2026-05-15,360756000.0,72617000.0,18055000.0,29752000.0,5975000.0,23777000.0,0.24,1610894000.0,759943000.0,2802739000.0,1151829000.0,1650910000.0,224560000.0,170000000.0,382114000.0,,0.2008268351707448,14429071.4909922,2042796000.0,0.0070633932565915,0.0144023599105947,0.0084834870460645,0.6976933933406424,0.2012911774163146,0.0500476776547029,0.065908813713424,0.1527039764829934,,,36.85997471753586,36.85997471753586,False,81.97781885397413,81.97781885397413,70.69835781986455,578.0,True,True,True,True,True,True,True,True,True,True,True,True,True,False,False,False,False,13,False,0.3554371299709873,0.18828366448039224,1.0,553764240.2107143,0.15804066543438078,1.0,3.0,,,,,,-0.02304531731373961,-0.09841543612441628,0.1932115253315656,-1.7706951288150172,0.28252427184466017,-1.7706951288150172,0.32221698979781627,-578.0,0.46601941747572817,0.6699029126213593,0.22330097087378642,0.4296116504854369,0.47864077669902916,光鋐
23.899999618530277,24.75,23.799999237060547,24.549999237060547,5215176.0,0.07912084558507892,23.75,0.15258216508971612,21.892500019073488,0.027196637192676176,21.480000114440923,-0.029644269668647527,27.20583346684774,0.025890344909633215,72.37568827893068,4688199.9,1.1124047846167993,0.12138856757664751,4960.TW,2026-10-02,0.05617977367558935,0.06364922023345598,bull,0.09981515711645102,0.2874306839186691,2026-03-31,2026-05-15,1822834000.0,-68584000.0,-294577000.0,-164075000.0,-8946000.0,-155129000.0,-0.27,7578987000.0,2754658000.0,12299164000.0,5057559000.0,7241605000.0,2450445000.0,682199000.0,2203265000.0,,0.0545238458022245,-278515529.07511806,9544506000.0,-0.0291807170612201,-0.0214219085409933,-0.0126129710929946,0.6984030473907372,-0.0376249290939273,-0.1616038542182118,-0.0851031964512402,-0.1387483262414162,,,12.17776165401726,12.17776165401726,False,75.75648472701307,75.75648472701307,59.86180395876413,1013.0,True,True,True,True,True,True,True,False,True,False,True,True,True,True,False,False,False,12,False,0.14292360829903705,-0.09762002818342308,0.0,115095303.96818735,0.300369685767098,0.0,3.0,,,,,,-0.05535864646092773,-0.09042341774028428,0.24979233251191912,-2.1673749598479364,0.27864077669902915,-2.1673749598479364,0.28596405610143105,-1013.0,0.0970873786407767,0.23300970873786409,0.18446601941747573,0.11019417475728155,0.15533980582524273,誠美材
186.5,189.0,182.0,183.5,1143500.0,0.028011204481792618,183.1,0.08259587020648973,177.6,0.04857142857142849,168.13333333333333,0.2623409051951313,164.0684450785319,0.025996533795493933,64.47368421052632,1153004.65,0.9917566247456158,0.03322072072072069,4961.TW,2026-10-02,0.05617977367558935,0.06364922023345598,bull,0.16173752310536044,0.23844731977818853,2026-03-31,2026-05-15,4501219000.0,1251280000.0,294573000.0,378167000.0,58735000.0,224263000.0,1.86,18756288000.0,2898638000.0,26661399000.0,3800040000.0,22861359000.0,2014179000.0,,,,0.155314979889837,248821400.42891103,23762761000.0,0.0104710643863695,0.0098096967901164,0.0084115240914402,0.1662210894811634,0.2779869186547022,0.0654429389016619,0.049822725799389,-0.0343346930509377,,,36.99914354663914,36.99914354663914,False,73.09543558297085,73.09543558297085,64.07136257388792,576.0,True,False,True,True,True,True,True,True,True,False,True,True,True,True,False,False,False,12,False,0.0913957176843776,0.11843566209314105,1.0,211576353.27499998,0.2412199630314233,2.0,3.0,,,,,,-0.0031248567772055903,-0.06635941846191677,0.18293513874778342,-1.7853762355988503,0.3310679611650485,-1.7853762355988503,0.39351266836213505,-576.0,0.47572815533980584,0.4368932038834951,0.3106796116504854,0.45097087378640777,0.43106796116504853,天鈺
17.100000381469727,17.299999237060547,16.950000762939453,17.149999618530273,2158055.0,-0.0029070431506559302,16.960000228881835,0.03939391627456201,16.989999961853027,0.16271183854442528,15.530000034968058,0.05864190190435803,15.238333360354106,0.0030996287440901334,55.10203922753183,3658055.1,0.5899460071008772,0.009417284110446511,5608.TW,2026-10-02,0.05617977367558935,0.06364922023345598,bull,0.25646950092421444,0.10720887245841035,2026-03-31,2026-05-15,768625000.0,88536000.0,9188000.0,-74001000.0,-7798000.0,-41753000.0,-0.11,2021604000.0,3457460000.0,17703610000.0,7965748000.0,9737862000.0,1521109000.0,643510000.0,3211737000.0,579455000.0,0.1053769543654815,8219796.543289956,14246150000.0,0.0005769837144274,-0.0042876968270858,-0.002358445537379,0.8180181645622007,0.1151875101642543,0.0119538136282322,-0.0543216783216783,-0.0190303955402176,,,15.2626130103749,15.2626130103749,False,68.857177089497,68.857177089497,55.45853606971648,958.0,True,False,True,True,True,True,True,True,False,True,True,True,False,True,False,False,False,11,False,0.10431420347163889,0.1254511377963281,1.0,62735643.569562726,0.3706099815157117,0.0,3.0,,,,,,0.013889452990081657,-0.02756688229251519,0.17860303590595777,-1.8696350583358803,0.4014563106796116,-1.8696350583358803,0.30831298429695486,-958.0,0.1553398058252427,0.08737864077669903,0.21359223300970873,0.16407766990291262,0.1466019417475728,四維航
41.150001525878906,41.150001525878906,40.0,40.0,3000.0,-0.022004926462152907,40.82000045776367,0.1108778042466887,39.12508354187012,0.12676056338028174,38.749572626749675,-0.18367346938775508,42.09520314534505,0.024989142775471908,64.02117662255884,2785.25,1.0771025940220806,0.022362034248273988,5906.TW,2026-10-02,0.05617977367558935,0.06364922023345598,bull,0.12754158964879853,0.14695009242144177,2026-03-31,2026-05-15,430263000.0,240455000.0,12546000.0,5632000.0,2949000.0,3832000.0,0.11,923515000.0,999766000.0,1918033000.0,1259254000.0,658779000.0,174914000.0,553851000.0,52500000.0,,0.4,7527600.0,918267000.0,0.008197615726145,0.0058168217262541,0.0019978801198936,1.9114968752798736,0.558855862577075,0.0291589097830861,0.0089061806383537,-0.1011807026559542,,,25.689697232977327,25.689697232977327,False,76.64916155691924,76.64916155691924,63.90929547593376,758.0,True,True,True,True,True,True,True,True,True,True,True,True,True,True,False,False,False,14,False,0.03226944940257548,-0.04977296672285436,0.0,111410.0,0.9953789279112755,1.0,3.0,,,,,,0.009153749155694332,-0.03485111882351129,0.10016544016052836,-1.647452632696162,0.3572815533980582,-1.647452632696162,0.4813477914098348,-758.0,0.32038834951456313,0.4174757281553398,0.4368932038834951,0.3378640776699029,0.37281553398058254,台南-KY
25.0,25.799999237060547,24.799999237060547,25.700000762939453,1549525.0,0.07083336512247729,24.90999984741211,0.07531385661669998,23.594999885559083,0.4005449715898608,21.09583336512248,0.5575758038145122,20.12958335876465,0.007257203057358234,69.35486054198265,1885701.5,0.8217233745637896,0.08921385410426308,6108.TW,2026-10-02,0.05617977367558935,0.06364922023345598,bull,0.17282809611829944,0.03789279112754159,2026-03-31,2026-05-15,1005533000.0,-58176000.0,-188023000.0,-163927000.0,2837000.0,-166764000.0,-1.08,5952056000.0,4035658000.0,7430512000.0,4257488000.0,3173024000.0,3009763000.0,2815370000.0,,,0.0,-188023000.0,3394854000.0,-0.055384708738579,-0.0525568038565103,-0.0224431371620152,1.3417761731395663,-0.0578558833971634,-0.186988393220312,-0.1658463720235934,0.0519018870845751,,,14.198738437467275,14.198738437467275,False,77.01914680030369,77.01914680030369,61.31404470959458,983.0,True,True,True,True,True,True,True,True,True,True,True,True,True,True,False,False,False,14,False,0.21825008370747723,0.27672790364781097,1.0,48462529.98867607,0.3927911275415896,0.0,3.0,,,,,,-0.06744818869740181,-0.16321127057432275,0.1944770397620924,-1.923977651400098,0.16990291262135923,-1.923977651400098,0.17665381080808912,-983.0,0.14563106796116504,0.30097087378640774,0.10679611650485436,0.13980582524271842,0.18446601941747573,競國
29.450000762939453,29.5,28.5,29.100000381469727,4651295.0,0.11708258094956236,28.49000015258789,0.2828032861827483,25.412449073791503,0.16867473201942773,23.07246602376302,0.2962137814047703,23.107899681727094,0.06106710421881671,76.31579853114027,5716258.85,0.8136956569067897,0.14510806482958327,6133.TW,2026-10-02,0.05617977367558935,0.06364922023345598,bull,0.03974121996303143,0.10536044362292052,2026-03-31,2026-05-15,324191000.0,77708000.0,27678000.0,22995000.0,8071000.0,14924000.0,0.13,1167334000.0,805832000.0,2434869000.0,834956000.0,1599913000.0,389506000.0,523000000.0,0.0,,0.3509893455098934,17963316.894977167,1629037000.0,0.0110269545105342,0.009328007210392,0.006129282519922,0.521875877000812,0.2396982026027866,0.0853755964847882,0.0460345907196683,0.0760312529042366,,,38.81172473878017,38.81172473878017,False,81.17375231053605,81.17375231053605,70.58324541759708,541.0,True,True,True,True,True,True,True,False,True,True,False,True,True,True,False,False,False,12,False,0.26124361182280076,0.25930962061779117,1.0,166343134.7155797,0.26155268022181144,0.0,3.0,,,,,,0.03845271657584565,-0.05918553673934113,0.25666568252862476,-1.7203328637297752,0.5771844660194175,-1.7203328637297752,0.590283606424981,-541.0,0.5048543689320388,0.6601941747572816,0.6407766990291263,0.525242718446602,0.5786407766990291,金橋
25.100000381469727,25.350000381469727,25.100000381469727,25.299999237060547,159002.0,0.018108605580802184,25.089999771118165,0.030549899116404156,24.792499923706053,0.05416663487752271,24.69499991734823,0.08248151426956074,24.48902155558268,0.003237225036158005,74.07412116922143,190916.35,0.8328359514520365,0.020469872538720235,6136.TW,2026-10-02,0.05617977367558935,0.06364922023345598,bull,0.2855822550831793,0.22643253234750463,2026-03-31,2026-05-15,171722000.0,51677000.0,-8398000.0,-7084000.0,312000.0,-3345000.0,-0.03,770246000.0,319306000.0,4455250000.0,426683000.0,4028567000.0,310276000.0,57595000.0,27169000.0,,0.0,-8398000.0,4135944000.0,-0.0020304917087852,-0.0008303200616993,-0.0007507996184276,0.1059143362888093,0.3009340678538568,-0.048904624917017,-0.0194791581742583,0.2854886401916383,,,36.25455624577715,36.25455624577715,False,62.47754175037703,62.47754175037703,55.92179537422706,588.0,True,False,True,True,True,True,True,False,False,False,True,True,True,True,False,False,False,10,False,0.024498858948661217,0.03311596911445358,1.0,4830183.5093423845,0.6931608133086876,0.0,3.0,,,,,,0.03732733256744253,0.010854562371390047,0.19033678839143484,-1.6485378918588314,0.583495145631068,-1.6485378918588314,0.5435143087914978,-588.0,0.44660194174757284,0.10679611650485436,0.5533980582524272,0.46262135922330094,0.3660194174757282,富爾特
15.350000381469728,15.75,15.350000381469728,15.699999809265137,1571441.0,0.04318934287658216,15.310000038146972,0.1254480303890546,14.860000038146973,0.17602991465508055,13.716666666666667,-0.1277777883741591,14.265833346048991,0.022887628868831993,56.94444738788495,1406919.15,1.1169376719337427,0.056527575300256316,6152.TW,2026-10-02,0.05617977367558935,0.06364922023345598,bull,0.11552680221811461,0.10073937153419593,2026-03-31,2026-05-15,331599000.0,67905000.0,-74688000.0,-37067000.0,0.0,-37057000.0,-0.22,2369207000.0,1662086000.0,2991955000.0,1740955000.0,1251000000.0,751624000.0,571363000.0,46921000.0,,-0.0,-74688000.0,1329869000.0,-0.056161922715696,-0.0296219024780175,-0.012385547242522,1.391650679456435,0.2047804727999783,-0.2252359024001881,-0.1117524479868757,-0.1247891807146872,,,12.786538756616617,12.786538756616617,False,80.19465395055416,80.19465395055416,63.34262515206977,999.0,True,True,True,True,True,True,True,True,True,True,True,True,True,True,False,False,False,14,False,0.14459293870705725,0.10053155875491471,1.0,22088630.386651468,0.4926062846580407,0.0,3.0,,,,,,-0.04384361484283297,-0.10476802554306291,0.18693751246541107,-1.921656086258842,0.21407766990291263,-1.921656086258842,0.2696073851507588,-999.0,0.11650485436893204,0.36893203883495146,0.1650485436893204,0.12378640776699029,0.20194174757281552,百一
609.0,619.0,602.0,618.0,1679996.0,0.12568306010928953,582.8,0.25609756097560976,538.05,0.13186813186813184,519.2416666666667,0.9514992690053548,491.32626622517904,0.04263152795271776,71.06598984771574,1705239.05,0.9851967675734379,0.14859213827711182,6196.TW,2026-10-02,0.05617977367558935,0.06364922023345598,bull,0.051756007393715345,0.13955637707948243,2026-03-31,2026-05-15,14308544000.0,1941121000.0,1179768000.0,1386251000.0,277186000.0,1112712000.0,5.08,46337341000.0,36023511000.0,57381180000.0,39725563000.0,17655617000.0,12671163000.0,1883857000.0,1404012000.0,0.0,0.1999536880406218,943869037.3676916,21357669000.0,0.0441934481411661,0.0630231160995393,0.0193915844881544,2.2500240574996613,0.1356616717955369,0.0824519951156455,0.0777655644068327,0.0790146048289421,,,51.54752142541584,51.54752142541584,False,79.95841035120148,79.95841035120148,72.85568811975507,346.0,True,True,True,True,True,True,True,True,True,True,False,True,True,True,False,False,False,13,False,0.19019724277391714,0.2578199914855872,1.0,1053837732.9,0.10720887245841035,3.0,3.0,,,,,,0.02585054941585082,-0.029985509919856875,0.2670641344384765,-1.091470193310633,0.6825242718446602,-1.091470193310633,0.6475698124808525,-346.0,0.6504854368932039,0.7378640776699029,0.7378640776699029,0.6635922330097088,0.6941747572815534,帆宣
50.0,51.70000076293945,45.04999923706055,46.400001525878906,39765586.0,0.0866510701833707,45.80999984741211,0.35871155059003246,38.94750003814697,0.8376238228070854,28.526666577657064,2.462686779611126,21.51541665395101,0.09005037250056806,73.71134669307676,22062793.1,1.8023822196836898,0.19134736454028145,6226.TW,2026-10-02,0.05617977367558935,0.06364922023345598,bull,0.024029574861367836,0.011090573012939002,2026-03-31,2026-05-15,151704000.0,45743000.0,-9659000.0,463000.0,-693000.0,1156000.0,0.01,814188000.0,658137000.0,2035834000.0,834003000.0,1201831000.0,301049000.0,158131000.0,167773000.0,0.0,0.0,-9659000.0,1377697000.0,-0.0070109755628414,0.0009618656866065,0.0005678262569541,0.6939436576357242,0.3015279755312978,-0.0636700416600748,0.0076201023044876,-0.0363411148165793,,,23.1426747622816,23.1426747622816,False,87.31532993147141,87.31532993147141,71.27216613917396,806.0,True,True,True,True,True,True,True,False,True,True,True,True,True,False,False,False,False,12,False,0.6265483175037623,1.156593212772302,1.0,1023713633.5051507,0.10905730129390019,1.0,3.0,,,,,,-0.013643397628655053,-0.11684446119927003,0.27148900683314914,-1.749129017222586,0.3849514563106796,-1.749129017222586,0.5230793944316108,-806.0,0.2815533980582524,0.6893203883495146,0.5145631067961165,0.31650485436893205,0.45048543689320386,光鼎
252.5,266.0,250.5,257.5,15658646.0,0.04251012145748989,249.5,0.19212962962962954,228.65,0.053169734151329306,216.31666666666666,0.43454038997214495,215.09913838704426,0.04061895551257259,73.14285714285714,12240443.65,1.2792547760309325,0.12617537721408256,6257.TW,2026-10-02,0.05617977367558935,0.06364922023345598,bull,0.07855822550831792,0.2301293900184843,2026-03-31,2026-05-15,5293776000.0,1675935000.0,1184017000.0,1379715000.0,258007000.0,1005655000.0,2.1,19127174000.0,10312177000.0,43878954000.0,19347117000.0,24531837000.0,11717635000.0,668430000.0,8022848000.0,,0.1870002138122728,962605567.8426342,33566777000.0,0.0286773307977299,0.0409938725746465,0.0229188462423238,0.7886534139290099,0.3165859303453716,0.2236620892157129,0.1899693149086776,0.1299871008670361,,,71.51600240927145,71.51600240927145,False,79.21714161787945,79.21714161787945,77.29185681572744,155.0,True,True,True,True,True,True,True,False,True,False,True,True,True,True,True,False,False,12,False,0.19038446721627245,0.1971224149520332,1.0,3151914239.875,0.05545286506469501,2.0,3.0,,,,,,-0.0018305706915321984,-0.08511039590884156,0.23697574987060446,-1.4936229336700981,0.42718446601941745,-1.4936229336700981,0.39936928135805283,-155.0,0.8058252427184466,0.8349514563106796,0.3300970873786408,0.7344660194174757,0.7194174757281553,矽格
217.0,218.5,213.0,217.0,6101962.0,0.038277511961722466,215.9,0.08771929824561409,198.6,0.11605395960524234,180.975,0.9035087719298245,187.99877904256184,0.018722749422928987,70.4,5200866.3,1.1732587703706208,0.09264853977844911,6278.TW,2026-10-02,0.05617977367558935,0.06364922023345598,bull,0.15388170055452866,0.15249537892791126,2026-03-31,2026-05-15,12555084000.0,1419454000.0,723987000.0,799040000.0,170919000.0,627376000.0,2.17,37797116000.0,26839243000.0,53112334000.0,30850052000.0,22262282000.0,9566156000.0,4162457000.0,1773538000.0,,0.2139054365238286,569122244.7274228,26273091000.0,0.0216617924677162,0.0281811181800679,0.0118122468502325,1.3857542546626622,0.113058104589344,0.0576648471647023,0.0499698767447513,0.0113360711318526,,,34.433104916963885,34.433104916963885,False,75.7356992447923,75.7356992447923,65.4100506628352,610.0,True,True,True,True,True,True,True,True,True,True,True,True,True,True,False,False,False,14,False,0.19906064373532262,0.154262815456224,1.0,1128587987.1,0.0988909426987061,2.0,3.0,,,,,,0.023968784487933735,-0.03939804715965067,0.25372598333502405,-0.9606441549539825,0.6577669902912622,-0.9606441549539825,0.6636127549575108,-610.0,0.42718446601941745,0.46601941747572817,0.7572815533980582,0.47669902912621354,0.5048543689320388,台表科
119.0,119.0,116.5,117.5,666100.0,0.012931034482758674,117.0,0.1691542288557213,113.21500015258789,0.20884777457932735,102.88181711832682,0.4968152866242037,93.85507532755534,0.03662500567148714,61.666666666666664,1146541.1,0.5809647818120083,0.03784834025205952,6416.TW,2026-10-02,0.05617977367558935,0.06364922023345598,bull,0.08687615526802218,0.08595194085027727,2026-03-31,2026-05-15,1057732000.0,271486000.0,132488000.0,135818000.0,38070000.0,99022000.0,1.35,4240170000.0,1810116000.0,6158927000.0,2539091000.0,3619836000.0,356630000.0,274239000.0,208323000.0,,0.2803015800556627,95351404.26158535,4348811000.0,0.0219258561159786,0.0273553829510508,0.016077800564936,0.7014381314512591,0.2566680406757099,0.1252566812765426,0.0936172867985463,-0.046140444062884,,,49.20522556408967,49.20522556408967,False,82.65820443429996,82.65820443429996,74.29495971674739,383.0,True,True,True,True,True,True,True,True,True,True,True,True,False,True,False,False,False,13,False,0.14208713736908885,0.2519301656295474,1.0,134718579.25,0.28373382624768945,2.0,3.0,,,,,,0.04132159011320975,-0.021198432122539815,0.3395320664231961,-1.386019781920362,0.7393203883495146,-1.386019781920362,0.8028558197436014,-383.0,0.6213592233009708,0.7766990291262136,0.8737864077669902,0.6592233009708737,0.7184466019417476,瑞祺電通
350.5,373.0,344.5,361.5,4835517.0,-0.07662835249042144,357.8,0.406614785992218,333.6,0.9126984126984128,245.79396540323893,0.6697459584295613,237.55948270161946,0.07751100508197022,58.110882956878854,3937915.9,1.2279381080738672,0.08363309352517989,6426.TW,2026-10-02,0.05617977367558935,0.06364922023345598,bull,0.02033271719038817,0.009242144177449169,2026-03-31,2026-05-15,154269000.0,60877000.0,19307000.0,27476000.0,-977000.0,28453000.0,0.74,831225000.0,83262000.0,1018747000.0,85873000.0,932874000.0,275168000.0,7500000.0,,,0.0,19307000.0,935485000.0,0.020638492332854,0.0305003676809515,0.0279294073994819,0.0920520884921222,0.3946158982037869,0.1251515210444094,0.1844375733297033,0.5607004835805192,,,75.05902824356723,75.05902824356723,False,89.81774352632029,89.81774352632029,86.12806470563203,120.0,True,True,True,True,True,True,True,True,True,True,True,False,True,True,True,False,False,13,False,0.4707440005979755,0.5217241420501528,1.0,1423556597.85,0.08687615526802218,2.0,3.0,,,,,,0.011822279224055108,-0.09740218230236115,0.2524777469203993,-1.5412533514667304,0.4728155339805825,-1.5412533514667304,0.48821240176314545,-120.0,0.8446601941747572,0.9805825242718447,0.4563106796116505,0.7864077669902912,0.8077669902912622,統新
168.5,170.0,166.0,168.0,1568362.0,0.0980392156862746,163.2,0.053291536050156685,153.3,0.11258278145695355,148.3,-0.059194923878861716,156.0524035135905,0.017421602787456445,75.0,512487.15,3.060295267891107,0.09589041095890405,6438.TW,2026-10-02,0.05617977367558935,0.06364922023345598,bull,0.21256931608133087,0.15711645101663585,2026-03-31,2026-05-15,1744783000.0,460838000.0,193997000.0,184067000.0,41884000.0,144835000.0,1.76,6414724000.0,3600710000.0,10415508000.0,4638877000.0,5776631000.0,1850590000.0,412580000.0,851792000.0,,0.2275475777841764,149853452.55260313,6814798000.0,0.0219894195767215,0.0250725725773378,0.0139057067595742,0.8030419460754893,0.2641233895561797,0.1111868925820574,0.0830103227736629,0.1220382865212614,,,52.44239867927419,52.44239867927419,False,72.68587682205285,72.68587682205285,67.62500728635818,333.0,True,False,True,True,True,True,True,False,False,True,True,True,False,True,False,False,False,10,False,0.13283884018880632,0.0765614384489055,1.0,86097841.2,0.33548983364140483,2.0,3.0,,,,,,-0.0015145045965416133,-0.0924672970979113,0.20619787434170142,-2.0543804409434183,0.3111650485436893,-2.0543804409434183,0.33814572589239,-333.0,0.6699029126213593,0.5533980582524272,0.2524271844660194,0.6072815533980583,0.5514563106796116,迅得
94.5999984741211,103.0,94.0,100.0,35214714.0,0.14547533223696107,94.6,0.27064807976760097,86.30499954223633,0.6835016402555616,77.38333295186361,0.8561294351197637,65.01279605229696,0.06149683823971383,70.05812973510055,26915405.35,1.308347897498783,0.15868142668909413,6505.TW,2026-10-02,0.05617977367558935,0.06364922023345598,bull,0.04621072088724584,0.01756007393715342,2026-03-31,2026-05-15,161989437000.0,27190906000.0,24513957000.0,25616191000.0,5209581000.0,20407731000.0,2.14,296450387000.0,65693610000.0,463713281000.0,83114597000.0,380598684000.0,63985692000.0,123643000.0,1500200000.0,8100000000.0,0.2033706338307674,19528538027.20982,398019671000.0,0.0490642534780895,0.0536200776774099,0.0440093735421824,0.2183785716925915,0.1678560436011639,0.1513305895371437,0.1259818626321912,-0.0650893152444253,,,66.8716639923295,66.8716639923295,False,85.74424233744364,85.74424233744364,81.0260977511651,193.0,True,True,True,True,True,True,True,True,True,True,False,True,True,False,True,False,False,12,False,0.29226793658790995,0.5381587329294215,1.0,2691540535.0,0.059149722735674676,1.0,3.0,,,,,,0.016735402924924616,-0.04132479274312847,0.19020996983110522,-1.578762110077525,0.47524271844660193,-1.578762110077525,0.5246079005885788,-193.0,0.7669902912621359,0.941747572815534,0.5242718446601942,0.7305825242718447,0.7708737864077669,台塑化
932.0,1025.0,920.0,1000.0,5684570.0,0.01317122593718345,956.4,0.04493207941483801,953.55,0.079913606911447,888.6333333333333,0.7757707868364054,912.2069691975911,0.006757113445599934,47.04724409448819,3534291.2,1.6084045366720205,0.04871270515442294,6531.TW,2026-10-02,0.05617977367558935,0.06364922023345598,bull,0.2412199630314233,0.18946395563770796,2026-03-31,2026-05-15,2099951000.0,969865000.0,588249000.0,825691000.0,165725000.0,676217000.0,4.15,13696423000.0,3453169000.0,15567366000.0,3557927000.0,12009439000.0,8765915000.0,50000000.0,,,0.2007106774810431,470181144.6824538,12114197000.0,0.0388124070198341,0.0563071264194772,0.0434381127802866,0.2962608827939423,0.4618512527197063,0.280125107681084,0.3220156089356371,1.1538842619184375,,,95.34498936770456,95.34498936770456,False,72.01615650871635,72.01615650871635,77.8483647234634,16.0,True,False,True,True,True,True,True,False,False,True,True,True,True,True,True,False,False,11,False,0.1253235305150231,0.09624244690833117,1.0,3534291200.0,0.05083179297597042,3.0,1.0,,,,,,-0.0713277411320909,-0.18097992758034315,0.15206822584724905,-1.2471504293723261,0.2150485436893204,-1.2471504293723261,0.22239994812810346,-16.0,0.9902912621359223,0.8543689320388349,0.1262135922330097,0.8606796116504853,0.7766990291262136,愛普*
52.20000076293945,52.400001525878906,50.29999923706055,50.79999923706055,789200.0,-0.057513955492746294,51.92000045776367,0.047422664681660676,49.94750061035156,0.028340033763930794,48.80499998728434,-0.02307693774883568,47.35916659037272,0.015141508423504967,57.1428490893118,694161.4,1.1369113868907144,0.017067893614126195,6589.TW,2026-10-02,0.05617977367558935,0.06364922023345598,bull,0.23752310536044363,0.28188539741219965,2026-03-31,2026-05-15,308435000.0,64956000.0,-207240000.0,-141836000.0,406000.0,-142242000.0,-0.47,4188368000.0,910711000.0,10619357000.0,2413133000.0,8206224000.0,3257763000.0,0.0,1001914000.0,,0.0,-207240000.0,9708646000.0,-0.0213459219751137,-0.0173334288705743,-0.0133945963018288,0.2940613124867174,0.2105986674664029,-0.6719081816265988,-0.461173342843711,0.6954150931987708,,,33.08565989658788,33.08565989658788,False,69.10470136171683,69.10470136171683,60.0999409954346,630.0,True,False,True,True,True,True,True,True,False,False,True,True,True,True,False,False,False,11,False,0.04087694396672448,0.0726539948738727,1.0,35263398.59039688,0.4417744916820702,1.0,3.0,,,,,,-0.027833726250551617,-0.10048829253790026,0.10562034396401888,-2.2307013839948393,0.1378640776699029,-2.2307013839948393,0.13999702925129773,-630.0,0.39805825242718446,0.2524271844660194,0.08737864077669903,0.35145631067961164,0.2922330097087379,台康生技
125.0,128.0,122.0,125.0,59000.0,0.004016064257028162,124.8,0.09649122807017552,122.65,0.03734439834024905,119.13333333333334,-0.014574659712794036,122.32910404205322,0.0191109264644787,76.92307692307693,16275.1,3.625169737820351,0.019160211985324027,6655.TW,2026-10-02,0.05617977367558935,0.06364922023345598,bull,0.1414048059149723,0.26155268022181144,2026-03-31,2026-05-15,687007000.0,340112000.0,96868000.0,95154000.0,19876000.0,74535000.0,0.95,1653170000.0,1542338000.0,8911558000.0,6212397000.0,2699161000.0,133379000.0,120000000.0,4331345000.0,,0.2088824431973432,76633975.49235976,7369220000.0,0.0103991976752437,0.0276141363927531,0.0083638573636618,2.3016029795925474,0.4950633690777532,0.1410000189226601,0.1084923443283693,0.2628433722537573,,,53.17068876203258,53.17068876203258,False,65.81572314911588,65.81572314911588,62.65446455234506,323.0,True,False,True,True,True,True,True,False,True,False,True,True,False,True,False,False,False,10,False,0.04924454392837152,0.02183369181735051,1.0,2034387.5,0.8086876155268022,2.0,3.0,,,,,,0.018011159906689892,-0.011166853956591371,0.14810494248934503,-1.0311763173442623,0.5276699029126214,-1.0311763173442623,0.43963710499835373,-323.0,0.6796116504854369,0.33980582524271846,0.3883495145631068,0.6359223300970873,0.5194174757281553,科定
45.09999847412109,45.75,44.59999847412109,45.5,23000.0,0.007751903926747072,45.5,0.02477473955670817,44.83249988555908,0.03644643322342245,43.982950401306155,0.08851676627924365,42.83189182281493,0.006567128961755037,57.30336789696752,23160.0,0.9930915371329879,0.014888755169682799,6666.TW,2026-10-02,0.05617977367558935,0.06364922023345598,bull,0.30591497227356745,0.2643253234750462,2026-03-31,2026-05-15,227573000.0,146827000.0,8613000.0,16135000.0,5516000.0,14938000.0,0.32,887322000.0,386264000.0,2243046000.0,445810000.0,1797236000.0,431040000.0,0.0,43267000.0,,0.3418655097613883,5668512.364425163,1856782000.0,0.0030528690844833,0.0083116518921276,0.0066596940053837,0.2480531215711236,0.6451863797550677,0.0378471962842692,0.0656404758033685,-0.0829105328696296,,,36.34402763196038,36.34402763196038,False,66.34777833902098,66.34777833902098,58.84684066225583,586.0,True,False,True,True,True,True,True,True,False,False,True,True,True,True,False,False,False,11,False,0.03449176521475006,0.06229255967077951,1.0,1053780.0,0.8946395563770795,1.0,3.0,,,,,,0.01552338583636088,-0.002715352805147563,0.1388920407272494,-1.3261445573297153,0.4878640776699029,-1.3261445573297153,0.5581242092622036,-586.0,0.4563106796116505,0.17475728155339806,0.5922330097087378,0.4766990291262136,0.3990291262135922,羅麗芬-KY
740.0,759.0,730.0,741.0,1258777.0,0.1470588235294117,702.8,0.22075782537067545,641.85,0.036363636363636376,657.4907877604167,0.1875,665.8703938802083,0.033658104517271886,75.53648068669528,696124.6,1.8082639228666824,0.1544753447067071,6691.TW,2026-10-02,0.05617977367558935,0.06364922023345598,bull,0.066543438077634,0.26524953789279115,2026-03-31,2026-05-15,6977227000.0,1283352000.0,1098330000.0,1100675000.0,233735000.0,866940000.0,7.19,21151608000.0,15975842000.0,22175970000.0,16220137000.0,5955833000.0,7596288000.0,0.0,,,0.2123560542394439,865092974.9471915,6200128000.0,0.1395282444083721,0.1455615024800057,0.0390936676050698,2.723403594425834,0.1839343911270193,0.1574164062599654,0.1242528012919746,0.7680019541905503,,,72.9382876924978,72.9382876924978,False,69.63692571979551,69.63692571979551,70.46226621297109,138.0,True,False,True,True,True,False,True,False,True,False,False,True,True,False,True,False,False,8,False,0.12701198829574056,0.11282917338010923,1.0,515828328.59999996,0.16266173752310537,3.0,3.0,,,,,,0.11141217349842471,0.0729959693518684,0.4405473255730772,0.7204609633648219,0.9694174757281554,0.7204609633648219,0.973643014540398,-138.0,0.8252427184466019,0.6504854368932039,0.9805825242718447,0.8485436893203883,0.8038834951456311,洋基工程
155.5,160.0,153.0,154.5,4106760.0,0.07291666666666674,150.6,0.22619047619047628,141.325,0.0880281690140845,124.66500002543131,0.09187279151943462,144.57000001271567,0.04782205746061159,65.94594594594594,7154788.2,0.5739876408920113,0.09322483637006918,6706.TW,2026-10-02,0.05617977367558935,0.06364922023345598,bull,0.06377079482439926,0.17744916820702403,2026-03-31,2026-05-15,159976000.0,-3214000.0,-123330000.0,-80238000.0,-4889000.0,-75349000.0,-0.96,3540957000.0,1611622000.0,7728619000.0,3966106000.0,3762513000.0,918596000.0,169260000.0,1768588000.0,483649000.0,0.0609312295919639,-115815351.45442308,6116997000.0,-0.0189333673785393,-0.0200262430986949,-0.0097493484929196,1.0541109093842334,-0.0200905135770365,-0.7709281392208831,-0.4710019002850427,-0.6193748245292625,,,10.295709474157496,10.295709474157496,False,80.92388781876936,80.92388781876936,63.266843232616395,1039.0,True,True,True,True,True,True,True,True,True,True,True,True,False,True,False,False,False,13,False,0.23932138104907086,0.0686864493768482,1.0,1105414776.9,0.10166358595194085,2.0,3.0,,,,,,0.03895395820819424,0.013422158535708245,0.20370640041922908,-1.4147463469880697,0.654368932038835,-1.4147463469880697,0.6738355817037421,-1039.0,0.04854368932038835,0.3592233009708738,0.7669902912621359,0.15631067961165046,0.2854368932038835,惠特
442.5,468.0,436.0,449.0,1865389.0,-0.02285092491838958,452.9,0.31478770131771605,392.725,0.03218390804597693,381.77080688476565,0.0840766167168836,413.3321891784668,0.07736094918044042,77.64127764127764,1929068.4,0.9669895582759015,0.14329365331975286,6715.TW,2026-10-02,0.05617977367558935,0.06364922023345598,bull,0.034195933456561925,0.2735674676524954,2026-03-31,2026-05-15,510155000.0,204097000.0,81086000.0,86255000.0,26914000.0,67524000.0,1.02,2720158000.0,818763000.0,4606291000.0,888200000.0,3718091000.0,1348918000.0,63990000.0,,0.0,0.3120282882151759,55784874.22178425,3787528000.0,0.0147285707780336,0.0181609325861039,0.0146590825460223,0.2388860304925296,0.4000686065999549,0.1589438503984083,0.1323597730101635,0.1737792953021677,,,62.82227722701431,62.82227722701431,False,77.13493530499076,77.13493530499076,73.55677078549665,237.0,True,True,True,True,True,True,True,False,True,False,True,True,True,True,True,False,False,12,False,0.17609830794507797,0.08629332956725677,1.0,866151711.5999999,0.11922365988909427,2.0,3.0,,,,,,-0.03352668526369277,-0.1215361750633362,0.21876705646560923,-1.781052222598247,0.2592233009708738,-1.781052222598247,0.22619324437798866,-237.0,0.7281553398058253,0.7572815533980582,0.13592233009708737,0.6393203883495145,0.6184466019417476,嘉基
33.79999923706055,34.29999923706055,33.79999923706055,34.25,414003.0,0.03318245621383653,33.72999954223633,0.025449054948770033,33.00249977111817,0.029993060672482752,32.28357563018799,0.007352941176470562,34.740107440948485,0.003878314209690374,69.30694116376233,311134.4,1.3306243218364795,0.03780017385148415,8213.TW,2026-10-02,0.05617977367558935,0.06364922023345598,bull,0.3022181146025878,0.27818853974122,2026-03-31,2026-05-15,4846214000.0,513235000.0,112336000.0,114934000.0,37366000.0,82336000.0,0.3,24275343000.0,14041519000.0,33767690000.0,16543308000.0,17224382000.0,9129853000.0,5198351000.0,2158730000.0,,0.3251083230375693,75814631.42325161,19726171000.0,0.0038433526416886,0.0047802005320132,0.0024383071510073,0.9604587264727408,0.1059043203622456,0.0231801567161499,0.0169897573652339,0.0757046431053507,,,20.94710737732147,20.94710737732147,False,65.65402561158362,65.65402561158362,54.47729605301808,844.0,True,False,True,True,True,True,True,True,False,False,True,True,True,True,False,False,False,11,False,0.06091098434503106,-0.014107827437827347,0.0,10656353.200000001,0.6044362292051756,1.0,3.0,,,,,,0.023114687622572946,-0.008100608910943833,0.19611681508141665,-1.7466547757714614,0.5121359223300971,-1.7466547757714614,0.49633150410185356,-844.0,0.2524271844660194,0.05825242718446602,0.47572815533980584,0.2859223300970874,0.2388349514563107,志超
29.299999237060547,29.799999237060547,29.100000381469727,29.700000762939453,1915101.0,0.06642730183589673,28.870000076293945,0.12927762830836165,26.85999994277954,0.04028026467987078,25.455204645792644,0.16015626251464687,26.99968555768331,0.030995105349155918,70.66668045609552,2583104.95,0.7413949634528012,0.10573346337341882,8215.TW,2026-10-02,0.05617977367558935,0.06364922023345598,bull,0.11367837338262476,0.25508317929759705,2026-03-31,2026-05-15,4546266000.0,540359000.0,-238908000.0,-190336000.0,5854000.0,-204294000.0,-0.64,8661587000.0,8278605000.0,23044366000.0,15716133000.0,7328233000.0,523011000.0,3065000000.0,6755324000.0,,0.0,-238908000.0,14765761000.0,-0.0161798636724514,-0.027877661640944,-0.0088652471497805,2.1446006151824046,0.1188577615124148,-0.0525503787063933,-0.0449366579078302,-0.0074736398807204,,,8.600140083922543,8.600140083922543,False,74.02369126386623,74.02369126386623,57.66780346888031,1057.0,True,False,True,True,True,True,True,True,True,False,True,True,False,True,False,False,False,11,False,0.16675552902492208,0.10001283901944236,1.0,76718218.98575269,0.3465804066543438,0.0,3.0,,,,,,0.010618230987834043,-0.09337894243632998,0.30629298679512257,-1.4244868232150316,0.5378640776699029,-1.4244868232150316,0.6257092836785841,-1057.0,0.02912621359223301,0.13592233009708737,0.6893203883495146,0.12815533980582525,0.1932038834951456,明基材
1595.0,1635.0,1490.0,1510.0,5650973.0,-0.01948051948051943,1559.0,0.19367588932806323,1395.25,0.14393939393939403,1202.7833333333333,0.3789954337899544,1210.675,0.06102661596958175,62.06896551724138,4325188.1,1.3065265300253648,0.08224332556889435,8996.TW,2026-10-02,0.05617977367558935,0.06364922023345598,bull,0.07763401109057301,0.12384473197781885,2026-03-31,2026-05-15,3422971000.0,993397000.0,708890000.0,760217000.0,154549000.0,605668000.0,6.54,6117858000.0,3808253000.0,8901358000.0,4255580000.0,4645778000.0,1874428000.0,690000000.0,245167000.0,0.0,0.2032959010387823,564775568.7126175,5093105000.0,0.1108902268287454,0.1303695527422963,0.0680422020999492,0.91601019248014,0.2902148455245458,0.2070978690733868,0.1769421943685763,2.3761538742261066,,,90.21884377245992,90.21884377245992,True,87.79512011852172,87.79512011852172,88.40105103200628,30.0,True,True,True,True,True,True,True,True,True,True,True,True,True,True,True,True,False,14,False,0.2554214530186927,0.24723811097115256,1.0,6531034030.999999,0.031423290203327174,3.0,1.0,,,,,,0.032056241812342824,-0.07063287341440334,0.2336053945966957,-1.0027649851897924,0.6077669902912621,-1.0027649851897924,0.6124333301348365,-30.0,0.970873786407767,0.9902912621359223,0.6699029126213593,0.9257281553398058,0.916504854368932,高力
29.25,29.299999237060547,29.0,29.100000381469727,3552443.0,-0.015228388061223619,29.35,0.02826859243732871,28.647500133514406,0.14117648554783235,27.787500031789143,0.15019767822138008,26.250036160151165,0.010582947172192481,63.91752861121039,5342121.05,0.6649873648969449,0.01579545321045117,9945.TW,2026-10-02,0.05617977367558935,0.06364922023345598,bull,0.2948243992606285,0.12939001848428835,2026-03-31,2026-05-15,8802139000.0,2177505000.0,1558595000.0,3524918000.0,275592000.0,2706817000.0,0.99,56821154000.0,31229259000.0,206807304000.0,85163985000.0,121643319000.0,4687641000.0,7435539000.0,36077246000.0,,0.0781839464066965,1436737892.0502548,175578045000.0,0.0081829017520399,0.0222520811027854,0.0130885947819328,0.7001123094972441,0.247383618913539,0.1770700280920353,0.3075180930453381,0.2547092191019549,,,56.447152500431685,56.447152500431685,False,70.9951068707111,70.9951068707111,67.35811827814125,296.0,True,False,True,True,True,True,True,True,False,True,True,True,False,True,False,False,False,11,False,0.047233480816160966,0.10856991601577093,1.0,155455724.59285745,0.26709796672828096,0.0,3.0,,,,,,-0.015508818596679476,-0.05060366596930036,0.1211975199736431,-1.8054714091937059,0.27378640776699026,-1.8054714091937059,0.30062006728071583,-296.0,0.6893203883495146,0.5339805825242718,0.1941747572815534,0.6150485436893204,0.5436893203883495,潤泰新
236.0,244.0,234.0,240.0,244555.0,0.09839816933638446,228.6,0.023454157782516027,220.25,0.2140721664285654,197.46666666666667,0.11111111111111116,210.61630261739094,0.0020473157415832055,70.83333333333333,132749.7,1.842226385445692,0.08967082860385922,5292.TW,2026-10-02,0.05617977367558935,0.06364922023345598,bull,0.3109981515711645,0.08410351201478743,2026-03-31,2026-05-15,623564000.0,173960000.0,125946000.0,143885000.0,35083000.0,108802000.0,2.58,3846525000.0,2436152000.0,4308984000.0,2501925000.0,1807059000.0,1386930000.0,35446000.0,,,0.2438266671299996,95237006.58164506,1872832000.0,0.0508518684973585,0.0602094342243391,0.0252500357392833,1.3845286733858717,0.2789769775035121,0.2019776638805319,0.1744840946558813,-0.1342587321906073,,,67.1995898886902,67.1995898886902,False,74.02148349076955,74.02148349076955,72.31601009024972,189.0,True,False,True,True,True,True,True,True,False,True,True,True,True,True,True,False,False,12,False,0.21539500337609718,0.13951292951898386,1.0,31859928.000000004,0.45286506469500926,2.0,3.0,,,,,,0.06791983955596408,0.00541652083888767,0.3122887671193922,0.4121381477546446,0.8616504854368933,0.4121381477546446,0.8418162398875383,-189.0,0.7766990291262136,0.7281553398058253,0.9029126213592233,0.795631067961165,0.787378640776699,華懋
42.900001525878906,42.900001525878906,42.04999923706055,42.70000076293945,47000.0,0.01666668483189171,42.41999969482422,0.023980814908971082,42.067500305175784,0.08651403541689251,40.60583337148031,0.05418924316352758,40.13090569178264,0.004956996738629936,67.24137023853685,32060.3,1.46598752974863,0.015035370610928522,6771.TW,2026-10-02,0.05617977367558935,0.06364922023345598,bull,0.30868761552680224,0.18022181146025879,2026-03-31,2026-05-15,131486000.0,61565000.0,32282000.0,26891000.0,5509000.0,21458000.0,0.69,503903000.0,130197000.0,1399052000.0,485496000.0,913556000.0,243016000.0,10000000.0,21433000.0,332803000.0,0.2048640809192666,25668577.739764232,1268855000.0,0.0202297171384943,0.0234884342065511,0.0153375285550501,0.5314354018801256,0.4682247539662017,0.2455166329495155,0.1631960817121214,-0.1972820678750435,,,60.35546417668706,60.35546417668706,False,69.4351473925756,69.4351473925756,67.16522658860346,259.0,True,False,True,True,True,True,True,True,False,True,True,True,True,True,True,False,False,12,False,0.05157306765017644,0.06401786919259278,1.0,1368974.8344600678,0.8558225508317929,1.0,3.0,,,,,,0.051185224788252805,0.030445451598539838,0.15872769088743105,-1.1676786898769242,0.6718446601941748,-1.1676786898769242,0.6349300067890293,-259.0,0.7087378640776699,0.5145631067961165,0.7087378640776699,0.7087378640776699,0.6504854368932038,平和環保-創
275.0,280.5,274.5,278.0,647234.0,0.01090909090909098,280.6,0.287037037037037,248.975,0.2960372960372961,227.5,0.21132897603485845,227.825,0.06982490063379525,66.95652173913044,1243843.2,0.5203501534598574,0.11657796967567036,4770.TW,2026-10-02,0.05617977367558935,0.06364922023345598,bull,0.038817005545286505,0.05822550831792976,2026-03-31,2026-05-15,1058605000.0,369927000.0,210485000.0,236117000.0,34491000.0,201626000.0,2.52,8447386000.0,2125986000.0,10526887000.0,2447197000.0,8079690000.0,2937319000.0,150000000.0,208913000.0,,0.1460758861073112,179738217.11270258,8400901000.0,0.0213951119186742,0.024954670290568,0.0191534306390863,0.3028825363349336,0.3494476221064514,0.1988324256923026,0.1904638651810637,0.0960345809390692,,,66.86426683810382,66.86426683810382,False,85.47632544407631,85.47632544407631,80.82331079258319,194.0,True,True,True,True,True,True,True,True,True,True,True,True,False,True,True,False,False,13,False,0.22197802197802208,0.2202348293646439,1.0,345788409.59999996,0.19038817005545286,2.0,3.0,,,,,,-0.0008326747684108374,-0.074723916764673,0.2618724963772206,-1.6247200613795838,0.4713592233009709,-1.6247200613795838,0.4729443288262744,-194.0,0.7572815533980582,0.912621359223301,0.4077669902912621,0.7048543689320388,0.7339805825242719,上品
2340.0,2375.0,2300.0,2310.0,1759738.0,-0.11153846153846159,2440.0,0.09478672985782,2284.25,0.6559139784946237,1871.0486145019531,0.3087818696883853,1853.7743072509766,0.020779801139537483,55.660377358490564,1325967.95,1.3271346415273462,0.011272846667396363,6805.TW,2026-10-02,0.05617977367558935,0.06364922023345598,bull,0.1423290203327172,0.019408502772643253,2026-03-31,2026-05-15,4183854000.0,1351837000.0,1120299000.0,1165338000.0,248078000.0,917260000.0,13.38,14924697000.0,8114461000.0,16208746000.0,8785852000.0,7422894000.0,8031178000.0,410000000.0,,,0.2128807264501801,881808935.0385897,8094285000.0,0.1089421653720606,0.1235717497784556,0.0565904358054595,1.1836154470210676,0.3231080721267998,0.2677672308832956,0.219238051805823,0.858077701800986,,,90.14552363242608,90.14552363242608,True,77.97752867625839,77.97752867625839,81.01952741530032,31.0,True,True,True,True,True,True,True,True,True,True,True,True,True,True,True,True,False,14,False,0.23460180676005016,0.24610638466857138,1.0,3062985964.5,0.05730129390018484,3.0,2.0,,,,,,0.13425010946858523,0.019472525560091818,0.3185241290114452,-0.022646607816282315,0.9223300970873787,-0.022646607816282315,0.9331639860649498,-31.0,0.9611650485436893,0.9320388349514563,0.9611650485436893,0.9611650485436893,0.9524271844660195,富世達
75.0,77.9000015258789,74.19999694824219,76.5,177316122.0,0.046511649751710626,74.12000122070313,0.08664770372027264,71.95500030517579,0.07443824829951295,68.6654395421346,0.4036697247706422,67.85271962483723,0.011811856159537993,56.14754252137794,124930859.65,1.4193140309508787,0.06316447328952735,6770.TW,2026-10-02,0.05617977367558935,0.06364922023345598,bull,0.15526802218114602,0.19593345656192238,2026-03-31,2026-05-15,13572462000.0,1388213000.0,14226108000.0,14331913000.0,100704000.0,14231209000.0,3.36,73060915000.0,23437313000.0,172678080000.0,76101188000.0,96576892000.0,25559039000.0,1800000000.0,30244117000.0,,0.0070265567478675,14126147444.836708,149240767000.0,0.0946534095796807,0.1473562537092206,0.0824146817013485,0.7879854737922194,0.1022815904734159,1.048159722237572,1.0485355567766557,0.2209320651616573,,,80.40162331663433,80.40162331663433,True,78.80999319854433,78.80999319854433,79.20790072806683,85.0,True,True,True,True,True,True,True,True,True,True,True,True,True,True,True,True,False,14,False,0.11409757965734624,0.12744191276302885,1.0,9557210763.225,0.02033271719038817,1.0,2.0,,,,,,-0.0485569311769727,-0.14260229156691384,0.17974909868230182,-1.153952845741993,0.2912621359223301,-1.153952845741993,0.3048943383299304,-85.0,0.883495145631068,0.883495145631068,0.20388349514563106,0.7815533980582525,0.7475728155339806,力積電
68.9000015258789,72.0,68.9000015258789,70.80000305175781,23516902.0,0.048888934100115744,69.04000091552734,0.141935533092868,65.85000076293946,0.1437803118980221,59.74833354949951,0.25587588561876395,64.11247615814209,0.02570094036862317,74.99999999999999,17929753.1,1.3116132647693848,0.07517087671173162,3714.TW,2026-10-02,0.05617977367558935,0.06364922023345598,bull,0.10351201478743069,0.12476894639556377,2026-03-31,2026-05-15,5245484000.0,584329000.0,-306588000.0,-119121000.0,18834000.0,-149358000.0,-0.2,29431729000.0,8058738000.0,52475692000.0,9694529000.0,42781163000.0,12182867000.0,0.0,129498000.0,,0.0,-306588000.0,44416954000.0,-0.0069024994374895,-0.0034912094372001,-0.002846232118292,0.226607420653805,0.1113965841855584,-0.0584479906906588,-0.0284736356073147,-0.0685880333927878,,,15.872736937423232,15.872736937423232,False,77.63643282887716,77.63643282887716,62.19550885601368,941.0,True,True,True,True,True,True,True,False,True,True,True,True,True,True,False,False,False,13,False,0.18497033884806768,0.10430929039645953,1.0,1269426574.1972642,0.0933456561922366,1.0,3.0,,,,,,-0.029508408334791687,-0.11880820353343872,0.2233445548506406,-2.0293849904045067,0.2383495145631068,-2.0293849904045067,0.26490659069118105,-941.0,0.17475728155339806,0.3300970873786408,0.1553398058252427,0.17184466019417477,0.2174757281553398,富采
25.5,25.700000762939453,25.0,25.299999237060547,202000.0,-0.03619050525483636,25.609999465942384,0.07203384864881723,24.45499992370606,0.04761903257538247,23.79000002543132,-0.20440252062725617,24.964999993642174,0.025689412029997617,61.475405991638254,198701.55,1.0166000214895154,0.03455323312168024,6838.TW,2026-10-02,0.05617977367558935,0.06364922023345598,bull,0.17929759704251386,0.2412199630314233,2026-03-31,2026-05-15,45422000.0,39489000.0,-10650000.0,-14997000.0,255000.0,-15263000.0,-0.1,1487176000.0,129271000.0,2030443000.0,588640000.0,1441803000.0,273173000.0,,,,0.0,-10650000.0,1901172000.0,-0.0056018077270231,-0.0105860509376107,-0.00751707878527,0.4082665939798988,0.8693804764211175,-0.2344678790013649,-0.3360265950420501,75.46801346801347,,,42.28430373555609,42.28430373555609,False,76.08011373922692,76.08011373922692,67.6311612383092,476.0,True,True,True,True,True,True,True,True,True,False,True,True,True,True,False,False,False,13,False,0.0634720138720073,0.013418755998545473,1.0,5027149.063402748,0.6913123844731978,0.0,3.0,,,,,,0.07392847943692657,-0.031397088263584456,0.15178413128534146,-1.710041247928163,0.5160194174757281,-1.710041247928163,0.5003556675804273,-476.0,0.5533980582524272,0.5631067961165048,0.4854368932038835,0.5432038834951456,0.5427184466019417,台新藥
35.79999923706055,39.0,35.79999923706055,37.84999847412109,637001.0,0.06469758892885746,36.08999938964844,0.08452712949180552,35.2125,0.10997067940768135,33.67666645050049,-0.03620827805116544,36.29530143737793,0.0071505129181632255,71.25747463455437,176994.95,3.5989783889314353,0.0749023350833109,5244.TW,2026-10-02,0.05617977367558935,0.06364922023345598,bull,0.15619223659889095,0.1598890942698706,2026-03-31,2026-05-15,161195000.0,38934000.0,-41211000.0,-31458000.0,1149000.0,-32607000.0,-0.48,1563587000.0,287682000.0,2680565000.0,893529000.0,1787036000.0,987161000.0,23555000.0,143608000.0,444014000.0,0.0,-41211000.0,2392883000.0,-0.017222321358796,-0.0182464147336707,-0.0121642265716369,0.5000061554439866,0.2415335463258786,-0.2556592946431341,-0.2022829492229907,-0.0971541550680236,,,19.10599741989828,19.10599741989828,False,72.55886680222909,72.55886680222909,59.195649456646386,873.0,True,False,True,True,True,True,True,True,True,True,True,True,False,True,False,False,False,12,False,0.12392354895799285,0.042834663859330435,1.0,6699258.587427138,0.6561922365988909,1.0,3.0,,,,,,0.017809851994761403,-0.06441396114634375,0.17403317617155858,-2.0455421587284306,0.3519417475728155,-2.0455421587284306,0.4915149070960926,-873.0,0.22330097087378642,0.1941747572815534,0.46601941747572817,0.25970873786407767,0.2631067961165049,弘凱
31.700000762939453,31.850000381469727,30.399999618530277,30.399999618530277,880000.0,0.004958665075381008,31.20999984741211,0.2357723230536808,28.392500114440917,0.3881278606419645,23.62416674296061,0.2746330873080227,23.15333344141642,0.07516803672729691,65.42750918824512,1199676.55,0.7335310505152409,0.07070527413921934,6885.TW,2026-10-02,0.05617977367558935,0.06364922023345598,bull,0.05822550831792976,0.041589648798521256,2026-03-31,2026-05-15,2823000.0,-320000.0,-83470000.0,-75995000.0,,-65328000.0,-0.5,1123451000.0,41113000.0,1728169000.0,47111000.0,1681058000.0,283632000.0,,5968000.0,,,-66776000.0,1687056000.0,-0.0395813772631139,-0.038861240956588,-0.0378018584987926,0.028024613071054,-0.1133545873184555,,,27.23,,,33.33333333333333,33.33333333333333,False,83.18614505516166,83.18614505516166,70.72294212470457,623.0,True,True,True,True,True,True,True,True,True,True,True,True,False,True,False,False,False,13,False,0.28681785687060013,0.3129858685553719,1.0,36470166.66235972,0.43530499075785584,1.0,3.0,,,,,,-0.05551816750045819,-0.11779858045223396,0.11948969185673662,-1.993995078979436,0.11213592233009707,-1.993995078979436,0.12710242621022666,-623.0,0.4174757281553398,0.6796116504854369,0.07766990291262135,0.366504854368932,0.4281553398058252,全福生技
303.0,308.5,301.5,303.5,359600.0,0.011666666666666714,304.3,0.03407155025553665,293.975,0.16955684007707128,277.76666666666665,-0.028800000000000048,286.45706100463866,0.014406487232574228,55.6390977443609,534341.5,0.672977861536115,0.03240071434645797,6937.TW,2026-10-02,0.05617977367558935,0.06364922023345598,bull,0.27171903881700554,0.1044362292051756,2026-03-31,2026-05-15,582447000.0,243295000.0,75551000.0,79509000.0,17753000.0,64817000.0,0.96,2979355000.0,819804000.0,4523134000.0,1044661000.0,3478473000.0,472664000.0,71200000.0,178118000.0,,0.2232828987913317,58681753.71341609,3703330000.0,0.0158456723309605,0.0186337510741063,0.0143301082833274,0.3003217216290021,0.4177118261404042,0.1297130897746919,0.1112839451486573,0.2629110526156022,,,64.73082411847425,64.73082411847425,False,70.98102457241073,70.98102457241073,69.41847445892661,214.0,True,False,True,True,True,True,True,True,False,True,True,True,False,True,True,False,False,11,False,0.09264370574822989,0.05949561492947586,1.0,162172645.25,0.2634011090573013,2.0,3.0,,,,,,-0.018821747431204953,-0.07699883955870557,0.18349316050695053,-2.0870128517210245,0.24466019417475726,-2.0870128517210245,0.3337074317507384,-214.0,0.7378640776699029,0.6213592233009708,0.23300970873786409,0.6621359223300971,0.6019417475728155,天虹
38.34999847412109,38.900001525878906,37.70000076293945,38.900001525878906,13000.0,0.01170353066346852,38.75999984741211,0.05135139259132182,38.72750015258789,0.10826219991318564,37.27666657765706,-0.003841170655882742,37.10208330154419,0.006170433854467934,50.0,12050.25,1.0788157922034813,0.004454234655254075,6952.TW,2026-10-02,0.05617977367558935,0.06364922023345598,bull,0.21903881700554528,0.16081330868761554,2026-03-31,2026-05-15,561789000.0,116089000.0,26679000.0,24997000.0,5359000.0,21318000.0,0.32,666816000.0,1099448000.0,3770458000.0,1979405000.0,1791053000.0,133118000.0,355000000.0,864179000.0,,0.2143857262871544,20959403.20838501,2671010000.0,0.0078469954093713,0.0119024953477088,0.0056539550367621,1.1051627171278573,0.206641639476743,0.047489359884227,0.0379466312085142,1.5078410627954626,,,38.46602708214458,38.46602708214458,False,65.43648726227676,65.43648726227676,58.69387221724371,550.0,True,False,True,True,True,True,True,True,False,True,True,True,True,True,False,False,False,12,False,0.04354828629432328,0.04845868653041063,1.0,468754.7433872223,0.9565619223659889,1.0,3.0,,,,,,0.05871886695180835,0.03134654870310045,0.2190848790203522,-1.2499567687763549,0.7514563106796117,-1.2499567687763549,0.7772500631287995,-550.0,0.49514563106796117,0.1553398058252427,0.8543689320388349,0.5490291262135922,0.46504854368932036,大武山
155.5,155.5,149.0,150.0,465092.0,-0.10979228486646886,160.6,0.20967741935483875,140.85,0.11524163568773238,130.95,0.9379844579182222,126.87583332061767,0.06342015855039643,63.12849162011173,469937.55,0.9896889490954702,0.06496272630457933,6902.TW,2026-10-02,0.05617977367558935,0.06364922023345598,bull,0.07208872458410351,0.1534195933456562,2026-03-31,2026-05-15,303108000.0,270006000.0,54853000.0,59461000.0,1440000.0,58021000.0,1.64,1078196000.0,463883000.0,1330963000.0,573834000.0,757129000.0,350032000.0,217790000.0,71245000.0,,0.0242175543633642,53524594.49050638,867080000.0,0.061729707167166,0.0766329119608415,0.0435932478964479,0.7579078334075171,0.8907914010847618,0.1809684996766829,0.191420219855629,0.2658403354325711,,,94.24551695550784,94.24551695550784,False,82.05041826520406,82.05041826520406,85.09919293778,20.0,True,True,True,True,True,True,True,True,True,True,True,True,True,True,True,False,False,14,False,0.14547537227949614,0.18225824472771834,1.0,70490632.5,0.3539741219963031,2.0,1.0,,,,,,0.008808226437768265,-0.06464994012864063,0.13809365751448782,-1.867813652586111,0.29854368932038833,-1.867813652586111,0.345333969878544,-20.0,0.9805825242718447,0.970873786407767,0.2621359223300971,0.8728155339805825,0.8339805825242719,GOGOLOOK
394.0,413.0,378.0,379.0,3216331.0,0.08285714285714296,381.5,0.14501510574018117,336.525,1.6822209671619355,236.71705322265626,0.9386189258312021,200.36124165852866,0.07670772676371769,58.33333333333333,1912407.3,1.6818232183071042,0.12621647723051788,6933.TW,2026-10-02,0.05617977367558935,0.06364922023345598,bull,0.10258780036968576,0.0027726432532347504,2026-03-31,2026-05-15,1820470000.0,249043000.0,75692000.0,58930000.0,12357000.0,46573000.0,1.1,5046947000.0,2858081000.0,5403999000.0,3014996000.0,2389003000.0,1147835000.0,1110793000.0,,,0.2096894620736467,59820185.23672154,2545918000.0,0.0234965090143207,0.019494743204592,0.0086182473386838,1.2620310648416937,0.1368014853307113,0.041578273742495,0.0255829538525765,-0.0692122762723702,,,29.486569053500588,29.486569053500588,False,93.20822679205641,93.20822679205641,77.27781235741746,691.0,True,True,True,True,True,True,True,True,True,True,True,True,True,True,False,False,False,14,False,0.6010675819097506,0.8915834063651968,1.0,724802366.7,0.1321626617375231,2.0,3.0,,,,,,0.0349378848454987,-0.031314191552727424,0.33724100426401077,-1.6083868064646754,0.6762135922330097,-1.6083868064646754,0.6369259093297929,-691.0,0.3300970873786408,0.8252427184466019,0.7184466019417476,0.3883495145631068,0.5563106796116505,AMAX-KY
38.0,38.95000076293945,37.75,38.900001525878906,18000.0,0.01566585641698337,38.4,0.034574550651978564,38.04750022888184,0.2225148213738526,37.07824827829996,-0.06602640814529881,36.74200291633606,0.0037594015040414578,62.98700526626076,17311.7,1.0397592379720073,0.022406236726951523,6887.TW,2026-10-02,0.05617977367558935,0.06364922023345598,bull,0.2698706099815157,0.07855822550831792,2026-03-31,2026-05-15,858086000.0,204338000.0,-18684000.0,-26672000.0,19399000.0,-46071000.0,-0.62,3944924000.0,2061922000.0,5123155000.0,2160403000.0,2962752000.0,2103534000.0,392899000.0,,,0.0,-18684000.0,3061233000.0,-0.0061034230324839,-0.0155500696649601,-0.0089927007869174,0.7291879306806645,0.2381323084166389,-0.02177404129656,-0.0536904226382903,-0.397344649195627,,,17.65293207840805,17.65293207840805,False,74.93065581068063,74.93065581068063,60.611224877612486,901.0,True,False,True,True,True,True,True,True,False,True,True,True,True,True,False,False,False,12,False,0.04913266759274415,0.05873383153489886,1.0,673425.1564155578,0.9251386321626618,1.0,3.0,,,,,,0.016138889148472765,-0.02460062791953928,0.11958018901395202,-1.8280156689749474,0.3810679611650485,-1.8280156689749474,0.36714689227647146,-901.0,0.1941747572815534,0.27184466019417475,0.2815533980582524,0.20728155339805823,0.2349514563106796,寶綠特-KY
558.0,561.0,535.0,543.0,918111.0,0.02259887005649719,525.1,0.5083333333333333,460.425,0.22850678733031682,405.0416666666667,0.48158253751705327,385.20416666666665,0.09066682458841653,71.29963898916968,1145093.8,0.8017779853493224,0.17934517022316343,7799.TW,2026-10-02,0.05617977367558935,0.06364922023345598,bull,0.015711645101663587,0.07486136783733827,2026-03-31,2026-05-15,2885000.0,-17000.0,-88494000.0,-57578000.0,0.0,-57578000.0,-0.37,10455995000.0,34213000.0,11666612000.0,290333000.0,11376279000.0,2207595000.0,,,,-0.0,-88494000.0,11632399000.0,-0.0076075450988226,-0.0050612331149754,-0.0049352802681703,0.0255209106598036,-0.0058925476603119,,,11.59825327510917,,,33.33333333333333,33.33333333333333,False,82.65711645101663,82.65711645101663,70.3261706715958,625.0,True,True,True,True,True,True,True,True,True,True,True,False,True,False,False,False,False,12,False,0.3406028186400576,0.40964207292669474,1.0,621785933.4,0.1478743068391867,3.0,3.0,,,,,,-0.1332523280922892,-0.2618535471237748,0.16372038861306068,-2.0759362116277815,0.06990291262135923,-2.0759362116277815,0.0891183311102963,-625.0,0.4077669902912621,0.6407766990291263,0.038834951456310676,0.3524271844660194,0.4038834951456311,禾榮科
