Open,High,Low,Close,Volume,ret5,ma5,ret20,ma20,ret60,ma60,ret120,ma120,ma20_slope,rsi14,volume_ma20,volume_ratio,ma20_deviation,symbol,date,benchmark_ret20,benchmark_ret60,market_regime,rs20_rank_pct,rs60_rank_pct,period_date,as_of_date,revenue,gross_profit,operating_income,pretax_income,tax_expense,net_income_parent,eps,current_assets,current_liabilities,assets,liabilities,equity,cash,short_borrowings,long_borrowings,bonds_payable,tax_rate,nopat,invested_capital_proxy,roic_proxy,roe,roa,debt_to_equity,gross_margin,operating_margin,net_margin,revenue_growth,pe,pb,eva_like_score,fundamental_score,fundamental_pass,technical_score,score,final_score,fundamental_rank,pass_market,pass_score,pass_rs20,pass_rs60,pass_close_ma20,pass_ma20_ma60,pass_ma20_slope,pass_rsi,pass_ret20_benchmark,pass_ret60_benchmark,pass_ret5_cap,pass_ret20_cap,pass_volume_ratio,pass_ma20_deviation,pass_fundamental_score,pass_fundamental_filter,pass_fundamental_universe,entry_pass_count,entry_all_pass,close_ma60_ratio,close_ma120_ratio,above_ma120,turnover20,liquidity_rank,price_bucket,eva_rank_bucket,forward_60d_return,forward_60d_max_drawdown,reward_60,fwd60_rank_label,top_quantile_60,reg_forward60,reg_reward60,cls_topq60,rank_forward60,ensemble_score,ranker_score,stable_ensemble_score,fundamental_rank_score,fundamental_score_rank,final_score_rank,stable_ml_rank,fund_ml_85_15,fund_final_ml,name
46.79999923706055,47.20000076293945,46.650001525878906,47.20000076293945,26289.0,0.0021231909141847,47.02000045776367,0.0951276666814771,44.70250015258789,0.0825688627249645,43.482500076293945,0.1904161146660432,41.96541668574015,0.0225895045544226,77.5641003695855,32763.75,0.8023806798672313,0.0558693719999234,1203.TW,2026-07-27,-0.0287218773351097,0.1209944414170409,bull,0.087037037037037,0.3132530120481928,2026-03-31,2026-05-15,1323768000.0,456272000.0,208493000.0,249342000.0,68578000.0,116595000.0,0.49,5022031000.0,1735171000.0,10736920000.0,3144376000.0,7592544000.0,2426460000.0,788000000.0,42900000.0,0.0,0.2750358944742562,151149941.2533789,9001749000.0,0.0167911748320664,0.015356512915829,0.0108592594524314,0.4141399773251232,0.3446767107227248,0.1574996525070858,0.0880781224504596,-0.1421895108456875,,,48.49143294825629,48.49143294825629,False,69.2133445876777,69.2133445876777,64.03286667782234,390.0,True,False,True,True,True,True,True,False,True,False,True,True,True,True,False,False,False,11,False,0.0854941799602786,0.124735663091319,1.0,1546449.0249967575,0.9,1.0,3.0,,,,,,0.0841772209920791,0.0416917253770764,0.193248719043057,-1.196181926375611,0.6607142857142858,-1.196181926375611,0.6433230625583567,-390.0,0.6428571428571429,0.5267857142857143,0.7053571428571429,0.6522321428571429,0.6205357142857143,味王
57.79999923706055,58.20000076293945,57.70000076293945,58.09999847412109,1312975.0,0.0069323692529057,57.45999984741211,0.0525361896938352,57.475,0.0880149216094019,54.87833328247071,0.1087785645469325,53.85666669209798,0.0103718020824009,48.7179437019097,2578519.4,0.5091972548277124,0.0108742666223764,1210.TW,2026-07-27,-0.0287218773351097,0.1209944414170409,bull,0.175,0.3002780352177943,2026-03-31,2026-05-15,26901827000.0,3784019000.0,1180916000.0,1208431000.0,239406000.0,788702000.0,0.94,32105270000.0,38581024000.0,76955549000.0,42538320000.0,34417229000.0,7061143000.0,20244237000.0,40800000.0,,0.1981130904453791,946961081.6836046,38374525000.0,0.0246768157178129,0.0229159064490636,0.0102487996024822,1.235960047800478,0.1406602979046739,0.0438972416260055,0.0293177857399796,0.0563562746423034,,,36.259563246145234,36.259563246145234,False,63.14923800475317,63.14923800475317,56.42681931510119,587.0,True,False,True,True,True,True,True,False,True,False,True,True,False,True,False,False,False,10,False,0.0587055947028816,0.0787893503748107,1.0,149811973.2054916,0.3138888888888889,1.0,3.0,,,,,,0.0594275063888788,0.006900712168692,0.197463946858753,-1.3815596407957862,0.4874999999999999,-1.3815596407957862,0.5360721419002383,-587.0,0.4642857142857143,0.1785714285714285,0.5267857142857143,0.4736607142857142,0.3910714285714285,大成
154.0,155.0,152.5,153.5,326503.0,-0.0376175548589341,155.2,0.092526690391459,151.275,0.0856060433559269,144.74548772176107,0.100426550580384,143.4712843577067,0.0231653703077444,56.99999999999999,609695.2,0.5355184032939738,0.0147083126755906,1232.TW,2026-07-27,-0.0287218773351097,0.1209944414170409,bull,0.0907407407407407,0.303985171455051,2026-03-31,2026-05-15,5894059000.0,806895000.0,480031000.0,487266000.0,97456000.0,372297000.0,2.33,7651568000.0,2814803000.0,10506118000.0,3994796000.0,6511322000.0,3420506000.0,220000000.0,,,0.2000057463479906,384022041.5748277,7691315000.0,0.0499293087820259,0.0571768682304453,0.0354362096447041,0.6135153506461515,0.1368997154592446,0.0814431955974651,0.0631647901726128,0.0920647302197261,,,64.65049610002629,64.65049610002629,False,71.45939676992293,71.45939676992293,69.75717160244878,215.0,True,False,True,True,True,True,True,True,True,False,True,True,False,True,True,False,False,11,False,0.0604821083961346,0.0699005078764709,1.0,93588213.2,0.362962962962963,2.0,3.0,,,,,,0.0428631897156586,-0.0262339887580893,0.1759430985473833,-1.3225582397172146,0.3625,-1.3225582397172146,0.3771318600442931,-215.0,0.8392857142857143,0.7946428571428571,0.2857142857142857,0.75625,0.7151785714285714,大統益
173.5,179.0,166.0,174.0,73184042.0,-0.0670241286863271,190.4,0.154059827351465,191.5119369506836,0.9419643187857408,134.390180460612,1.2365037683127524,108.17925682067872,0.051538054349689,52.60514842835912,85169405.2,0.8592761899433812,-0.0914404461127303,1303.TW,2026-07-27,-0.0287218773351097,0.1209944414170409,bull,0.0398148148148148,0.0139017608897126,2026-03-31,2026-05-15,68596393000.0,8188671000.0,3741833000.0,16080166000.0,1405348000.0,14254717000.0,1.8,193418745000.0,131197270000.0,647743623000.0,247168932000.0,400574691000.0,42831248000.0,24400300000.0,40333444000.0,51357530000.0,0.0873963614554725,3414810410.6259847,516546353000.0,0.0066108499088096,0.0355856655956329,0.0220067268805825,0.6170358176722652,0.1193746586646327,0.054548538725644,0.207805634911445,0.046448302712712,,,40.56631725411971,40.56631725411971,False,74.13039867593399,74.13039867593399,65.73937832048043,501.0,True,False,True,True,False,True,True,True,True,True,True,True,True,True,False,False,False,12,False,0.2947374533141365,0.6084414435239445,1.0,14819476504.8,0.0111111111111111,2.0,3.0,,,,,,-0.0315455669276164,-0.1371960195173503,0.1920497438172574,-1.4724390047025562,0.2111607142857143,-1.4724390047025562,0.118397469236373,-501.0,0.5535714285714286,0.6071428571428571,0.0535714285714285,0.4785714285714285,0.4696428571428572,南亞
32.20000076293945,32.599998474121094,32.20000076293945,32.54999923706055,243829.0,0.017187476158142,32.09999961853028,0.0499999753890498,31.707499980926517,0.0707236725496449,30.532500108083088,-0.0312499787126259,31.83041664759318,0.0096322229475977,63.76810392344514,130224.65,1.8723720893087443,0.0265709771076507,1321.TW,2026-07-27,-0.0287218773351097,0.1209944414170409,bull,0.1787037037037037,0.3317886932344763,2026-03-31,2026-05-15,880894000.0,105477000.0,20883000.0,93159000.0,58043000.0,35116000.0,0.16,2103160000.0,996940000.0,11565078000.0,5771280000.0,5793798000.0,430438000.0,490000000.0,3742014000.0,,0.4,12529800.0,10568138000.0,0.0011856203997336,0.0060609638099222,0.0030363824610607,0.9961134302576652,0.119738583756956,0.0237065980696882,0.0398640472065878,-0.1112010218886778,,,14.654052606066369,14.654052606066369,False,73.21298121337486,73.21298121337486,58.573249061547735,967.0,True,False,True,True,True,True,True,True,True,False,True,True,True,True,False,False,False,12,False,0.0660771021644359,0.0226067599879116,1.0,4238812.258146477,0.7824074074074074,1.0,3.0,,,,,,0.0419504896080274,-0.0207141208729437,0.1557493854562838,-1.5993510376281814,0.2861607142857142,-1.5993510376281814,0.5442527973604858,-967.0,0.1428571428571428,0.2857142857142857,0.5535714285714286,0.2044642857142857,0.2678571428571428,大洋
27.850000381469727,28.75,27.350000381469727,27.75,959311.0,0.0839843588473743,27.18000030517578,0.1514522639317768,25.39750032424927,0.059160274500948,26.12416671117147,-0.0447504052049018,27.10875005722046,0.0217238278756742,73.68420901674021,634668.5,1.5115150665268562,0.0926272131397352,1325.TW,2026-07-27,-0.0287218773351097,0.1209944414170409,bull,0.0435185185185185,0.366079703429101,2026-03-31,2026-05-15,57239000.0,-11454000.0,-21793000.0,-8468000.0,-850000.0,-6822000.0,-0.08,1666352000.0,37109000.0,2757894000.0,89629000.0,2668265000.0,361381000.0,,,,0.1003778932451582,-19605464.572508268,2720785000.0,-0.0072058117684816,-0.002556717567408,-0.002473626615091,0.0335907415492838,-0.2001083177553765,-0.3807369101486748,-0.1191844721256486,-0.303966632618318,,,14.285714285714285,14.285714285714285,False,66.52401184141866,66.52401184141866,53.46443745249256,973.0,True,False,True,True,True,False,True,False,True,False,True,True,True,True,False,False,False,10,False,0.0622348382171851,0.0236547218675153,1.0,17612050.875,0.5898148148148148,0.0,3.0,,,,,,0.0468530729764083,-0.0639536844880633,0.1483919111698577,-1.9151993799944749,0.1888392857142857,-1.9151993799944749,0.3294016963054983,-973.0,0.125,0.0892857142857142,0.2053571428571428,0.1370535714285714,0.1303571428571428,恆大
65.9000015258789,67.4000015258789,62.59999847412109,65.0,50739858.0,0.0124611073175404,68.67999877929688,0.1839708231949708,65.08999938964844,0.2570336403394295,54.6036912282308,0.8783673949031057,49.77871710459392,0.0522146710346533,52.25464287604288,77346828.15,0.6560043794116462,-0.0013826915116357,1326.TW,2026-07-27,-0.0287218773351097,0.1209944414170409,bull,0.0314814814814814,0.1223354958294717,2026-03-31,2026-05-15,81749811000.0,6327773000.0,3120431000.0,7294502000.0,759958000.0,6245039000.0,1.07,214839826000.0,114054227000.0,581165153000.0,170197763000.0,410967390000.0,16802058000.0,33492647000.0,26687136000.0,25800000000.0,0.1041823005874835,2795337319.595498,467110926000.0,0.0059843115714135,0.0151959477855408,0.0107457217070962,0.4141393384034679,0.0774041300230039,0.0381704980333226,0.0763920909859962,0.0359959953561419,,,29.94873186889634,29.94873186889634,False,71.28010468875529,71.28010468875529,60.94726148379056,685.0,True,False,True,True,False,True,True,True,True,True,True,True,False,True,False,False,False,11,False,0.1903957138779326,0.3057789308515819,1.0,5027543829.75,0.0342592592592592,1.0,3.0,,,,,,-0.0028148840529111,-0.0713663991447291,0.1808719783017391,-1.9079647793960173,0.171875,-1.9079647793960173,0.158733686069916,-685.0,0.4017857142857143,0.4196428571428571,0.0803571428571428,0.3535714285714286,0.3428571428571428,台化
67.0,69.69999694824219,66.69999694824219,69.5,303033.0,0.0388639523889298,66.96000061035156,0.0692307692307692,66.42999954223633,0.0791925210137096,65.48166643778482,-0.0938721934122215,65.5075001080831,0.0033985406588912,70.58823529411765,142832.35,2.121599203541775,0.0462140671220652,1419.TW,2026-07-27,-0.0287218773351097,0.1209944414170409,bull,0.124074074074074,0.3206672845227062,2026-03-31,2026-05-15,1453047000.0,375765000.0,152661000.0,2932327000.0,127257000.0,2805070000.0,9.37,6923708000.0,4287205000.0,25723813000.0,5280888000.0,20442925000.0,2263855000.0,3450000000.0,0.0,,0.0433979566398972,146035824.54139665,21436608000.0,0.0068124502039406,0.1372147087562078,0.1090456535351116,0.2583235031190497,0.2586048489828615,0.1050626717511546,1.930474375570784,0.3659537865683988,,,72.80054807279497,72.80054807279497,True,67.76560789536742,67.76560789536742,69.0243429397243,140.0,True,False,True,True,True,True,True,True,True,False,True,True,True,True,True,True,False,12,False,0.0613657803903486,0.0609472180335006,1.0,9926848.325,0.687037037037037,1.0,3.0,,,,,,0.0171734437384597,-0.0291719160617035,0.1981701672128841,-1.0606022106712285,0.4013392857142857,-1.0606022106712285,0.4992296554959867,-140.0,0.9017857142857144,0.7232142857142857,0.4821428571428571,0.8388392857142857,0.7642857142857142,新紡
19.100000381469727,19.100000381469727,18.200000762939453,18.5,5886835.0,-0.0026953767718035,19.070000076293944,0.0882352941176469,18.294648170471195,0.1635220404936124,16.787382745742796,0.1384615384615384,16.82535802523295,0.030124467327306,56.92231500487625,10702981.3,0.5500182458508079,0.0112246941080975,1434.TW,2026-07-27,-0.0287218773351097,0.1209944414170409,bull,0.0944444444444444,0.1844300278035217,2026-03-31,2026-05-15,6979321000.0,780112000.0,198663000.0,386155000.0,49552000.0,336603000.0,0.2,15272141000.0,6346633000.0,61146600000.0,15727850000.0,45418750000.0,3214804000.0,2317516000.0,8200000000.0,,0.1283215289197343,173170260.1002188,54799967000.0,0.0031600431456504,0.0074111022430163,0.0055048522730617,0.3462853997523049,0.1117747700671741,0.0284645168204758,0.0482286170818049,-0.0921530851652357,,,20.54681103606591,20.54681103606591,False,73.96054604156038,73.96054604156038,60.60711229018676,851.0,True,False,True,True,True,True,True,True,True,True,True,True,False,True,False,False,False,12,False,0.1020181215973952,0.0995308374571044,1.0,198005154.05,0.2768518518518518,0.0,3.0,,,,,,0.0396812770185227,-0.0088093580872565,0.2168942739791846,-1.676281738432415,0.3977678571428571,-1.676281738432415,0.3549973199204482,-851.0,0.2589285714285714,0.3928571428571428,0.2410714285714285,0.25625,0.2955357142857143,福懋
29.89999961853028,30.450000762939453,29.64999961853028,30.350000381469727,902294.0,0.016750418546406,29.820000076293944,0.1303538156526615,28.885000038146973,0.1583969273924812,27.523333326975504,0.0184564147144399,27.722916650772092,0.0232928874180739,74.07408802815905,408423.0,2.2092144663743225,0.0507183777527435,1442.TW,2026-07-27,-0.0287218773351097,0.1209944414170409,bull,0.0537037037037037,0.190917516218721,2026-03-31,2026-05-15,302076000.0,150633000.0,104031000.0,105298000.0,19596000.0,85702000.0,0.23,13238665000.0,2535144000.0,14537328000.0,6447947000.0,8089381000.0,457751000.0,970000000.0,3173770000.0,,0.186100400767346,84670789.20777223,12002184000.0,0.0070546151606884,0.01059438293239,0.0058953062075781,0.7970878117868351,0.4986592777976403,0.3443868430461208,0.2837100597200704,-0.7804954613231485,,,47.44569679476102,47.44569679476102,False,72.84248246281615,72.84248246281615,66.49328604580236,399.0,True,False,True,True,True,True,True,False,True,True,True,True,True,True,False,False,False,12,False,0.1027007528816947,0.0947621696443856,1.0,12395638.20580101,0.6518518518518519,1.0,3.0,,,,,,0.1085373967303194,0.0642677161372977,0.2738086588964585,-1.5043893618345363,0.7638392857142857,-1.5043893618345363,0.5118415664060059,-399.0,0.6339285714285714,0.625,0.4910714285714285,0.6124999999999999,0.6026785714285714,名軒
10.300000190734863,10.550000190734863,9.989999771118164,10.149999618530272,948201.0,0.0606060545665152,10.189999961853028,0.4156205732952571,9.054999923706054,0.425561767088886,7.836333330472311,0.3337712799543486,7.562500015894572,0.0935990315299041,63.99999919690583,1314144.8,0.7215346436709258,0.1209276315903107,1467.TW,2026-07-27,-0.0287218773351097,0.1209944414170409,bull,0.0046296296296296,0.0611677479147358,2026-03-31,2026-05-15,1182469000.0,233654000.0,6454000.0,43184000.0,15488000.0,25429000.0,0.11,4780307000.0,3706895000.0,8859724000.0,5854515000.0,3005209000.0,1788594000.0,1910806000.0,1915954000.0,,0.3586513523527232,4139264.171915524,5152829000.0,0.0008032993471965,0.00846164110383,0.0028701797031149,1.948122410121892,0.197598414842165,0.0054580712052493,0.0215050035138341,-0.0488497818933252,,,14.540544369959688,14.540544369959688,False,89.99858497223623,89.99858497223623,71.13407482166708,970.0,True,True,True,True,True,True,True,True,True,True,True,False,False,True,False,False,False,12,False,0.295248579978222,0.3421487070674238,1.0,13338569.21869354,0.6324074074074074,0.0,3.0,,,,,,0.1218563721210447,0.0402450914097826,0.2980756654153248,-1.0822316669564498,0.8558035714285714,-1.0822316669564498,0.837437208005565,-970.0,0.1339285714285714,0.8214285714285714,0.9017857142857144,0.2491071428571428,0.49375,南緯
13.100000381469728,13.199999809265137,12.850000381469728,13.149999618530272,46004.0,-0.1204013520869298,13.370000076293945,0.1097045734355754,12.7875,0.0912862581231481,12.293333355585734,0.0958333015441892,12.407916657129924,0.0297966563606351,57.35294200144846,55856.15,0.8236156627336471,0.0283479662584766,1468.TW,2026-07-27,-0.0287218773351097,0.1209944414170409,bull,0.0685185185185185,0.293790546802595,2026-03-31,2026-05-15,127625000.0,33061000.0,6858000.0,37576000.0,10255000.0,27394000.0,0.17,2026221000.0,1309595000.0,3251907000.0,1720312000.0,1531595000.0,422483000.0,1024218000.0,318861000.0,,0.2729135618479881,4986358.792846498,1942312000.0,0.002567228536325,0.0178859293742797,0.0084239801445736,1.1232159937842576,0.2590479921645445,0.0537355533790401,0.2146444662095984,-0.4821632894854295,,,27.22145617109853,27.22145617109853,False,73.90972463086203,73.90972463086203,62.23765751592116,731.0,True,False,True,True,True,True,True,True,True,False,True,True,True,True,False,False,False,12,False,0.0696854334105643,0.0598072167879952,1.0,734508.3511925697,0.9546296296296296,0.0,3.0,,,,,,0.1330889946032994,0.0793833570982684,0.24563355349115,-0.8440525433766678,0.8678571428571428,-0.8440525433766678,0.8739092940429838,-731.0,0.375,0.4821428571428571,0.9285714285714286,0.4580357142857142,0.5178571428571428,昶和
339.0,341.5,333.0,341.5,1068518.0,0.0148588410104011,338.2,0.0491551459293395,332.375,0.0675444422544999,327.9182622273763,-0.1477479043219097,341.8607630411784,0.0148080299213801,50.74626865671642,1497096.15,0.7137270375052398,0.0274539300488905,1476.TW,2026-07-27,-0.0287218773351097,0.1209944414170409,bull,0.1824074074074074,0.3410565338276182,2026-03-31,2026-05-15,9621070000.0,3094736000.0,2194913000.0,2290689000.0,456173000.0,1834516000.0,6.69,23249199000.0,9214639000.0,36864649000.0,9360987000.0,27503662000.0,2958067000.0,280436000.0,,,0.1991422668026956,1757813049.7452948,27650010000.0,0.0635736858592562,0.0667007906074471,0.0497635553236923,0.3403542044692085,0.321662351484814,0.2281360597106143,0.1906769205504169,0.026290598239542,,,82.3980197254144,82.3980197254144,False,63.28919193616154,63.28919193616154,68.06639888347476,71.0,True,False,True,True,True,True,True,True,True,False,True,True,False,True,True,False,False,11,False,0.0414180585136372,-0.0010552923300382,0.0,511258335.225,0.1888888888888888,2.0,2.0,,,,,,0.0616934199849064,-0.0125153028049756,0.1862455125679026,-0.8841971126279073,0.5160714285714285,-0.8841971126279073,0.5398834998968688,-71.0,0.9553571428571428,0.6785714285714286,0.5446428571428571,0.89375,0.7901785714285714,儒鴻
11.350000381469728,12.350000381469728,11.300000190734863,11.699999809265137,1746009.0,0.0086206400436978,11.5,0.1142856961204892,11.142499971389771,0.1250000229248644,10.54416667620341,-0.0823529561360677,11.0287500222524,0.0255407280728068,59.45945736959599,1560208.05,1.1190872909545622,0.050033640503194,1517.TW,2026-07-27,-0.0287218773351097,0.1209944414170409,bull,0.0638888888888888,0.2316960148285449,2026-03-31,2026-05-15,438193000.0,4957000.0,-85854000.0,-50616000.0,-13838000.0,-41849000.0,-0.19,2856330000.0,505082000.0,4156878000.0,660249000.0,3496629000.0,748897000.0,,,,0.2733918128654971,-62382219.298245616,3651796000.0,-0.0170826134039923,-0.0119683844068101,-0.010067411167708,0.1888244363356821,0.0113123669250763,-0.1959273653390172,-0.0955035794729719,-0.2058095362375577,,,14.285714285714285,14.285714285714285,False,80.74108306205832,80.74108306205832,64.12724086797232,974.0,True,True,True,True,True,True,True,True,True,True,True,True,True,True,False,False,False,14,False,0.1096182532537415,0.0608636323843021,1.0,18254433.88741393,0.5851851851851851,0.0,3.0,,,,,,0.0528013012834112,-0.0343216101117276,0.266858376335054,-1.7490686505919075,0.4308035714285714,-1.7490686505919075,0.4748141455487712,-974.0,0.1160714285714285,0.5446428571428571,0.4642857142857143,0.1683035714285714,0.3142857142857143,利奇
16.100000381469727,17.700000762939453,16.100000381469727,17.700000762939453,1210367.0,0.0201729322060151,16.720000076293946,0.2642857687813895,15.362499952316284,0.0825688287444781,14.98999999364217,-0.2027026957364917,16.641666666666666,0.0425856845393877,71.42857142857143,793703.65,1.5249608591317427,0.1521562778114593,1526.TW,2026-07-27,-0.0287218773351097,0.1209944414170409,bull,0.0138888888888888,0.3141797961075069,2026-03-31,2026-05-15,161967000.0,20373000.0,-31597000.0,-32188000.0,-5656000.0,-26532000.0,-0.44,1390560000.0,762634000.0,2260417000.0,919977000.0,1340440000.0,321815000.0,47136000.0,137059000.0,0.0,0.1757176587548154,-26044849.136324096,1497783000.0,-0.0173889336014122,-0.0197935006415803,-0.0117376572552763,0.6863246396705559,0.1257848821056141,-0.1950829489957831,-0.1638111467150715,-0.1925147819844253,,,13.294112740747746,13.294112740747746,False,81.10351225674351,81.10351225674351,64.15116237774457,990.0,True,True,True,True,True,True,True,True,True,False,True,True,True,False,False,False,False,12,False,0.1807872428583521,0.0635954389347694,1.0,14048555.210547827,0.6231481481481481,0.0,3.0,,,,,,0.0538835645660087,-0.0505359404591823,0.2603084020570714,-1.8249411915528884,0.4040178571428571,-1.8249411915528884,0.6123116210364284,-990.0,0.1071428571428571,0.5535714285714286,0.6517857142857143,0.1888392857142857,0.35,日馳
88.9000015258789,88.9000015258789,85.30000305175781,86.4000015258789,743685.0,-0.0023094336231651,87.81999969482422,0.0648126365379953,84.90414009094238,0.1034482523425552,83.60373077392578,0.2033425884898156,79.79603182474771,0.0098475915409212,59.17096889032048,894100.9,0.8317685397699521,0.0176182390320929,1723.TW,2026-07-27,-0.0287218773351097,0.1209944414170409,bull,0.1351851851851851,0.2641334569045412,2026-03-31,2026-05-15,1277807000.0,319750000.0,181223000.0,217086000.0,38207000.0,178879000.0,0.77,3402849000.0,1696462000.0,11518279000.0,3468337000.0,8049942000.0,782501000.0,937470000.0,1000000000.0,,0.1759993735201717,149327865.5325539,9821817000.0,0.0152036904711779,0.0222211538915435,0.0155300110372391,0.4308524210484994,0.2502334077055455,0.1418234522114842,0.139989059380642,-0.2447011744956525,,,46.187073211591255,46.187073211591255,False,73.77703781930586,73.77703781930586,66.87954666737721,414.0,True,False,True,True,True,True,True,True,True,False,True,True,True,True,False,False,False,12,False,0.0334467221267262,0.0827606279424417,1.0,77250319.1242897,0.3833333333333333,1.0,3.0,,,,,,0.0757384857112911,0.0310600966380254,0.2170080557704587,-1.2716761267621832,0.6558035714285715,-1.2716761267621832,0.6687512960474191,-414.0,0.6160714285714286,0.6339285714285714,0.7410714285714286,0.6348214285714285,0.6464285714285715,中碳
28.350000381469727,28.39999961853028,27.14999961853028,27.350000381469727,584850.0,0.0359848779040374,27.31000022888184,0.0399239990444399,26.69250020980835,0.0600775655133614,26.497500038146978,0.0,26.66166674296061,0.0106967086280114,59.782611850531765,442404.8,1.3219793275299003,0.0246323936121866,1732.TW,2026-07-27,-0.0287218773351097,0.1209944414170409,bull,0.2129629629629629,0.3623725671918443,2026-03-31,2026-05-15,170503000.0,71320000.0,13861000.0,17348000.0,2287000.0,15061000.0,0.35,446287000.0,155539000.0,676813000.0,183070000.0,493743000.0,173412000.0,,,,0.1318307585888863,12033693.855199449,521274000.0,0.0230851603095482,0.030503723597094,0.0222528231579476,0.3707799401713036,0.4182917602622827,0.081294757276998,0.0883327566083881,0.0695006366709947,,,62.10935117561258,62.10935117561258,False,72.93500396233723,72.93500396233723,70.22859076565607,241.0,True,False,True,True,True,True,True,True,True,False,True,True,True,True,True,False,False,12,False,0.0321728594054326,0.025817352123751,1.0,12099771.448764035,0.6564814814814814,0.0,3.0,,,,,,0.085912565401433,0.0393383959572799,0.1880341262708415,-1.1860738933393964,0.6495535714285715,-1.1860738933393964,0.718294916151279,-241.0,0.8125,0.8035714285714286,0.7946428571428571,0.8098214285714285,0.80625,毛寶
32.04999923706055,32.29999923706055,31.799999237060547,32.20000076293945,129236.0,0.0173776035083161,31.89000015258789,0.0896785649508704,30.777499866485595,0.179111669459612,29.247463830312093,0.1489296020666215,28.753949403762817,0.0213207241522073,77.1084237676694,217233.6,0.5949171767166773,0.046218858017212,1733.TW,2026-07-27,-0.0287218773351097,0.1209944414170409,bull,0.0925925925925925,0.1723818350324374,2026-03-31,2026-05-15,519723000.0,175664000.0,87211000.0,86914000.0,5544000.0,81275000.0,0.81,1759309000.0,560904000.0,2489266000.0,666458000.0,1822808000.0,593961000.0,,,,0.0637871919368571,81648055.20399475,1928362000.0,0.0423406265026974,0.0445878007996453,0.0326501868422257,0.3656216123694871,0.3379954321821432,0.1678028488252396,0.1563813800813125,-0.0698519739491331,,,72.99324516078546,72.99324516078546,False,71.76424784784562,71.76424784784562,72.07149717608058,137.0,True,False,True,True,True,True,True,False,True,True,True,True,False,True,True,False,False,11,False,0.1009501866472042,0.1198461926320868,1.0,6994922.085736084,0.7185185185185186,1.0,3.0,,,,,,0.087847541236876,0.0460162185217324,0.1982950967668272,-1.03464970528398,0.71875,-1.03464970528398,0.6939574162998532,-137.0,0.9107142857142856,0.8482142857142857,0.7589285714285714,0.8879464285714285,0.8616071428571429,五鼎
40.45000076293945,40.95000076293945,40.04999923706055,40.900001525878906,124283.0,0.0186799494768781,40.28000106811523,0.0541237713946267,40.10500030517578,0.0514138797313277,39.30333347320557,-0.1251336572004512,41.30041681925456,0.010710695118117,53.16455940695415,105995.15,1.1725347810725302,0.0198229950044539,1783.TW,2026-07-27,-0.0287218773351097,0.1209944414170409,bull,0.1666666666666666,0.3781278962001853,2026-03-31,2026-05-15,190868000.0,134561000.0,58409000.0,68648000.0,15855000.0,52793000.0,0.59,1180100000.0,355506000.0,1990823000.0,364273000.0,1626550000.0,649526000.0,100000000.0,,,0.2309608437245076,44918808.07889523,1635317000.0,0.0274679515218732,0.0324570409762995,0.0265181786627942,0.223954381974117,0.7049950751304567,0.3060177714441394,0.2765942955340864,0.0772486891935364,,,77.42104017134606,77.42104017134606,False,64.93046358425333,64.93046358425333,68.05310773102651,99.0,True,False,True,True,True,True,True,True,True,False,True,True,True,True,True,False,False,12,False,0.040624240021825,-0.0096951877054416,0.0,4335201.796735764,0.7759259259259259,1.0,2.0,,,,,,0.0659060929676536,0.0284366160762785,0.1616320427994239,-1.4121590548153584,0.4794642857142857,-1.4121590548153584,0.6522864701864969,-99.0,0.9375,0.6696428571428571,0.7232142857142857,0.9053571428571427,0.8142857142857143,和康生
32.45000076293945,32.45000076293945,31.89999961853028,32.150001525878906,553407.0,0.0110063615476587,32.1,0.0752509008713901,31.064999961853022,0.1202090826211568,30.315000025431317,-0.0061822861723526,30.50166672070821,0.0125488930607683,75.00005019344555,920949.2,0.6009093661192171,0.0349268168471987,1808.TW,2026-07-27,-0.0287218773351097,0.1209944414170409,bull,0.1101851851851851,0.2391102873030584,2026-03-31,2026-05-15,5392216000.0,1474911000.0,1229561000.0,1153602000.0,211319000.0,942283000.0,1.06,46784978000.0,26633648000.0,51660398000.0,37973630000.0,13686768000.0,5845055000.0,11570200000.0,207356000.0,10980553000.0,0.1831818946222353,1004327686.4663897,25026750000.0,0.0401301681787043,0.068846275468394,0.0182399485191732,2.774477509957062,0.2735259492572256,0.2280251755493474,0.1747487489373571,173.44891620834682,,,72.1127428848662,72.1127428848662,False,68.62725533246788,68.62725533246788,69.49862722056746,149.0,True,False,True,True,True,True,True,False,True,False,True,True,False,True,True,False,False,10,False,0.0605311396638035,0.0540408109584256,1.0,29608518.18525696,0.5268518518518519,1.0,3.0,,,,,,0.1533210767685042,0.0555198849764161,0.1832007333463726,-0.907243056755538,0.7544642857142857,-0.907243056755538,0.7795581369408028,-149.0,0.8928571428571429,0.7589285714285714,0.8482142857142857,0.8861607142857142,0.84375,潤隆
27.600000381469727,27.850000381469727,26.200000762939453,26.5,12861928.0,-0.0619469026548672,30.210000228881835,0.3316583169842877,26.400000190734865,0.5378469351273512,21.792616589864096,0.3379268691027197,19.877024745941164,0.108545039987546,54.47761040005848,24753276.6,0.5196050691729434,0.0037878715357066,1810.TW,2026-07-27,-0.0287218773351097,0.1209944414170409,bull,0.0083333333333333,0.0370713623725671,2026-03-31,2026-05-15,1034852000.0,179603000.0,-198009000.0,1214854000.0,120841000.0,1098423000.0,3.64,4420438000.0,1355686000.0,10192500000.0,2087067000.0,8105433000.0,789858000.0,199591000.0,341555000.0,,0.0994695658902222,-178313130.727643,8836814000.0,-0.020178441090606,0.1355168810845762,0.107767770419426,0.2574898836373084,0.1735542860235086,-0.1913404042317162,1.0614300402376378,-0.0814045247519216,,,46.52348272920723,46.52348272920723,False,76.89177234650414,76.89177234650414,69.29969994217991,408.0,True,True,True,True,True,True,True,True,True,True,True,True,False,True,False,False,False,13,False,0.2160081783077549,0.3331975151568511,1.0,655961829.9000001,0.1666666666666666,0.0,3.0,,,,,,0.0205971940786286,-0.089670969263745,0.2185081517170402,-2.144127470591819,0.2558035714285714,-2.144127470591819,0.2204545074786671,-408.0,0.625,0.7321428571428571,0.1071428571428571,0.5473214285714285,0.5535714285714286,和成
28.100000381469727,28.14999961853028,27.89999961853028,28.049999237060547,1006823.0,0.010810783317497,28.089999771118165,0.063934020264138,27.48927946090698,0.1885592704941172,26.01250012715657,0.1242484320371568,25.604166730244955,0.0098926926864682,56.96762205037634,1570022.75,0.641279242609701,0.0203977618602544,1907.TW,2026-07-27,-0.0287218773351097,0.1209944414170409,bull,0.1379629629629629,0.164967562557924,2026-03-31,2026-05-15,17964361000.0,2424583000.0,-77218000.0,452137000.0,195557000.0,208827000.0,0.13,69038373000.0,57579369000.0,178076390000.0,82625870000.0,95450520000.0,10428232000.0,15812770000.0,19190444000.0,964996000.0,0.4,-46330800.0,120497021000.0,-0.0003844974723482,0.0021878036913785,0.0011726821281585,0.8656408576925511,0.1349662812943917,-0.0042983994810614,0.0116245158956669,-0.0057560278150267,,,17.0350561108219,17.0350561108219,False,73.95631559149126,73.95631559149126,59.72600072132392,915.0,True,False,True,True,True,True,True,True,True,True,True,True,False,True,False,False,False,12,False,0.0783276924534008,0.0955247844065336,1.0,44039136.9396677,0.4648148148148148,0.0,3.0,,,,,,0.0343714211139776,-0.0445257466447897,0.1959916106335939,-1.5815184438883343,0.3223214285714285,-1.5815184438883343,0.306796836752719,-915.0,0.1785714285714285,0.3482142857142857,0.1696428571428571,0.1772321428571428,0.2276785714285714,永豐餘
71.80000305175781,73.0999984741211,71.5999984741211,73.0,3170342.0,0.0428571428571429,71.71999969482422,0.0428571428571429,70.18999977111817,0.1196319542460975,68.22999979654948,0.0891686284571613,69.1493050257365,0.0066690537270444,70.70705980904938,2620999.4,1.209592798838489,0.0400341962964088,2006.TW,2026-07-27,-0.0287218773351097,0.1209944414170409,bull,0.2018518518518518,0.2409638554216867,2026-03-31,2026-05-15,13602390000.0,2004381000.0,1390762000.0,1521134000.0,302993000.0,1211982000.0,1.66,28387625000.0,18568929000.0,51955456000.0,19405487000.0,32549969000.0,1294546000.0,5329132000.0,260000000.0,,0.1991888946010016,1113737654.5669217,33386527000.0,0.0333588951784928,0.0372345055075167,0.0233273287024946,0.596175283607797,0.1473550603974742,0.1022439438951537,0.089100665397772,-0.0619062729029651,,,52.210458028038886,52.210458028038886,False,68.00313774059042,68.00313774059042,64.05496781245253,336.0,True,False,True,True,True,True,True,True,True,False,True,True,True,True,False,False,False,12,False,0.0699105997020939,0.0556866764290735,1.0,191332956.2,0.2824074074074074,1.0,3.0,,,,,,0.0637459719690636,0.0121015632813972,0.1942090702854579,-1.1262809860771843,0.5464285714285714,-1.1262809860771843,0.5930953823618321,-336.0,0.7142857142857143,0.5357142857142857,0.6339285714285714,0.7022321428571427,0.6446428571428571,東和鋼鐵
31.0,31.0,30.5,31.0,29125.0,-0.009584640395305,30.8,0.0499026027403011,30.01121826171875,0.1272727272727272,29.318348503112794,0.0437710169584482,28.86125758488973,0.0017916220640427,74.97374957975435,39934.55,0.7293183471455168,0.0329470709805375,2008.TW,2026-07-27,-0.0287218773351097,0.1209944414170409,bull,0.1796296296296296,0.227062094531974,2026-03-31,2026-05-15,349981000.0,60260000.0,34264000.0,25821000.0,1897000.0,,0.13,2434612000.0,1949854000.0,8362257000.0,4596942000.0,3765315000.0,312935000.0,1633298000.0,2437214000.0,,0.073467332791139,31746715.309244413,6412403000.0,0.0049508297137975,,,1.2208651865780151,0.1721807755278143,0.0979024575619819,,-0.2357091693673075,,,28.43463561506169,28.43463561506169,False,66.68014799618989,66.68014799618989,57.11876990090784,710.0,True,False,True,True,True,True,True,False,True,True,True,True,False,True,False,False,False,11,False,0.0573583296040245,0.0741042696708407,1.0,1237971.05,0.9231481481481482,1.0,3.0,,,,,,0.0588886318963155,0.0315071673054691,0.1758153255373663,-1.181746107823433,0.5223214285714285,-1.181746107823433,0.589704133552155,-710.0,0.3839285714285714,0.2142857142857142,0.625,0.4200892857142857,0.38125,高興昌
64.19999694824219,64.80000305175781,64.19999694824219,64.5,461841.0,0.012558857574237,63.7,0.0573770491803278,62.75500030517578,0.0591132739560162,62.35833352406819,0.0624564582811659,62.74069757461548,0.0120141924454784,65.85364038217662,278849.25,1.6562389893463942,0.0278065442807478,2015.TW,2026-07-27,-0.0287218773351097,0.1209944414170409,bull,0.1564814814814814,0.3670064874884152,2026-03-31,2026-05-15,6404574000.0,820478000.0,589291000.0,648609000.0,122645000.0,526749000.0,0.91,12172005000.0,4388066000.0,26283228000.0,5068762000.0,21214466000.0,4570295000.0,40284000.0,,,0.1890892664147429,477862397.1051897,21895162000.0,0.0218250222174738,0.0248297081812005,0.0200412597722014,0.2389295115889318,0.1281081302206829,0.0920109596672628,0.0822457512396609,-0.1410674325019171,,,42.92012472337977,42.92012472337977,False,72.58601338921352,72.58601338921352,65.16954122275509,462.0,True,False,True,True,True,True,True,True,True,False,True,True,True,True,False,False,False,12,False,0.0343445110685196,0.0280408489767305,1.0,17985776.625,0.587037037037037,1.0,3.0,,,,,,0.0786764734979428,0.0328984983967068,0.1518837023909569,-1.3001404419548028,0.5397321428571429,-1.3001404419548028,0.5829930730366324,-462.0,0.5892857142857143,0.5892857142857143,0.6071428571428571,0.5919642857142857,0.5928571428571429,豐興
44.400001525878906,45.150001525878906,43.45000076293945,44.54999923706055,22590551.0,0.1013596637030855,43.48000030517578,0.1027227117435451,40.751899528503415,0.1816975685808182,41.04979985555013,0.2426778558782838,39.22031660079956,0.0204710708511026,73.02926758602939,16769761.0,1.34710035521675,0.0932005563544491,2027.TW,2026-07-27,-0.0287218773351097,0.1209944414170409,bull,0.075,0.1705282669138091,2026-03-31,2026-05-15,31174326000.0,8517820000.0,5633209000.0,4716863000.0,1204326000.0,2914770000.0,1.17,89517343000.0,24455518000.0,159942793000.0,66551339000.0,93391454000.0,9252095000.0,11925609000.0,29968117000.0,,0.2553235063218923,4194918326.275959,135487275000.0,0.0309617144951506,0.0312102432841446,0.0182238283159154,0.7126063054977172,0.2732318896004359,0.1807002659816927,0.0934990543179666,0.1950875950100803,,,67.77515994414823,67.77515994414823,False,69.14600931683178,69.14600931683178,68.80329697366089,180.0,True,False,True,True,True,False,True,False,True,True,False,True,True,True,True,False,False,10,False,0.0852671485324472,0.1358908621393517,1.0,747092839.7556877,0.1537037037037037,1.0,3.0,,,,,,0.0490501513471218,-0.0468027744759235,0.2757564764910651,-1.1042429488059629,0.5223214285714286,-1.1042429488059629,0.5386865995805625,-180.0,0.875,0.7053571428571429,0.5357142857142857,0.8241071428571429,0.7562500000000001,大成鋼
40.70000076293945,40.95000076293945,40.400001525878906,40.95000076293945,824140.0,0.0486556098079433,40.12000045776367,0.0691906417406573,39.19249992370605,0.07154438368862,38.308607292175296,0.1477808331196684,37.77925078074137,0.0086212502480302,68.65672491579198,763066.8,1.080036505322994,0.0448427847841967,2031.TW,2026-07-27,-0.0287218773351097,0.1209944414170409,bull,0.1259259259259259,0.329935125115848,2026-03-31,2026-05-15,4589073000.0,567832000.0,427931000.0,146733000.0,66925000.0,70724000.0,0.22,15811293000.0,10640609000.0,28813736000.0,17538865000.0,11274871000.0,1366991000.0,6979961000.0,6673974000.0,,0.4,256758600.0,18173127000.0,0.0141284766237533,0.0062727103485263,0.0024545237729671,1.5555712344735475,0.1237356651332415,0.0932499875247136,0.0154113913637895,-0.0896215532289155,,,22.130264986727884,22.130264986727884,False,68.87024157537628,68.87024157537628,57.18524742821419,825.0,True,False,True,True,True,True,True,True,True,False,True,True,True,True,False,False,False,12,False,0.0689503915038873,0.0839283447043484,1.0,31247586.04217377,0.5175925925925926,1.0,3.0,,,,,,0.0710120459655427,0.0234489633819326,0.2203935273644604,-1.3069879351189446,0.6308035714285715,-1.3069879351189446,0.6325173944605762,-825.0,0.3035714285714285,0.2232142857142857,0.6875,0.3611607142857143,0.35625,新光鋼
7780.0,8275.0,7675.0,8275.0,530272.0,0.0677419354838708,8062.0,0.1638537271448663,8035.75,1.1163682864450126,6471.0,1.3744619799139168,4930.5,0.0249681122448979,50.208623087621696,553563.1,0.9579251218153813,0.0297732010079954,2059.TW,2026-07-27,-0.0287218773351097,0.1209944414170409,bull,0.037037037037037,0.005560704355885,2026-03-31,2026-05-15,5449725000.0,4236615000.0,3654349000.0,4351760000.0,865950000.0,3485810000.0,36.58,34276607000.0,6265438000.0,39510069000.0,7981426000.0,31528643000.0,27231577000.0,,257007000.0,,0.1989884552456937,2927175737.561354,33244631000.0,0.088049578217949,0.1105601024439903,0.088225864652375,0.2531484149190943,0.7773997770529706,0.6705565877177289,0.6396304400680768,0.3782121233655666,,,100.0,100.0,True,76.23097136399139,76.23097136399139,82.17322852299354,1.0,True,True,True,True,True,True,True,True,True,True,True,True,True,True,True,True,True,15,True,0.2787822593107711,0.6783287699016327,1.0,4580734652.5,0.0361111111111111,3.0,0.0,,,,,,-0.0366698746346963,-0.1595664888406065,0.1695603080966776,-1.6790116083092326,0.1227678571428571,-1.6790116083092326,0.1358249330742646,-1.0,1.0,0.9821428571428572,0.0625,0.859375,0.807142857142857,川湖
17.850000381469727,18.100000381469727,17.600000381469727,18.0,1057356.0,-0.0055248828376879,17.84000015258789,0.0526315554650835,17.66500005722046,0.0829120114712766,17.057938861846925,-0.0887691661796949,17.59590695699056,0.0129013761044597,54.34785132602458,968800.55,1.0914073077270652,0.0189640499119392,2106.TW,2026-07-27,-0.0287218773351097,0.1209944414170409,bull,0.174074074074074,0.3113994439295644,2026-03-31,2026-05-15,8698617000.0,1718035000.0,255513000.0,171823000.0,60640000.0,111183000.0,0.12,25478129000.0,9730576000.0,47068938000.0,27476173000.0,19592765000.0,9412275000.0,3037616000.0,14974373000.0,,0.3529213201957829,165337014.71281496,37338362000.0,0.0044280735912522,0.0056746967566854,0.0023621310512678,1.4023632192801785,0.1975066841085198,0.029373979794719,0.0127816870199021,-0.0124089540383796,,,20.024805479941964,20.024805479941964,False,66.94358043217535,66.94358043217535,55.21388669411701,860.0,True,False,True,True,True,True,True,True,True,False,True,True,True,True,False,False,False,12,False,0.0552271376854422,0.0229651727527975,1.0,17438409.900000002,0.5907407407407408,0.0,3.0,,,,,,0.0408752399666535,-0.016077481302232,0.1648303958593859,-1.6804027986976442,0.2897321428571429,-1.6804027986976442,0.2814871528566381,-860.0,0.2410714285714285,0.125,0.1607142857142857,0.2290178571428571,0.1901785714285714,建大
22.25,22.299999237060547,21.950000762939453,22.100000381469727,58157.0,0.0045454718849875,22.1,0.0780487990960843,21.545000076293945,0.1172700259309873,20.50367956161499,-0.0747607960205043,20.86278870900472,0.0195196970784699,68.88888135369068,84739.95,0.6862996732945913,0.0257600512049405,2115.TW,2026-07-27,-0.0287218773351097,0.1209944414170409,bull,0.1037037037037037,0.2446709916589434,2026-03-31,2026-05-15,795763000.0,146418000.0,55001000.0,50773000.0,23159000.0,28129000.0,0.27,2550411000.0,942761000.0,4966182000.0,1610225000.0,3355957000.0,883919000.0,179756000.0,658841000.0,,0.4,33000600.0,4023421000.0,0.0082021245104601,0.0083818118050976,0.0056641097728597,0.4798109749320388,0.1839969940798956,0.0691173125666812,0.0353484643040704,-0.0114512019538349,,,30.9467161073479,30.9467161073479,False,69.15336130483738,69.15336130483738,59.601700005465005,666.0,True,False,True,True,True,True,True,True,True,False,True,True,False,True,False,False,False,11,False,0.0778553339686021,0.0593023152236116,1.0,1872752.9273257256,0.8833333333333333,0.0,3.0,,,,,,0.0741652092168656,0.0344067423572493,0.1966919828492002,-1.548478410816852,0.5620535714285714,-1.548478410816852,0.580912398743281,-666.0,0.4107142857142857,0.3303571428571428,0.5982142857142857,0.4388392857142857,0.4241071428571428,六暉-KY
502.0,503.0,493.0,498.0,400548.0,0.0163265306122448,493.5,0.0407523510971787,481.025,0.0896412439185183,467.1287089029948,-0.0091334675905748,479.8840016682943,0.0068550497121925,75.96153846153847,356829.1,1.1225205567595244,0.0352892261316979,2207.TW,2026-07-27,-0.0287218773351097,0.1209944414170409,bull,0.2074074074074074,0.2965708989805375,2026-03-31,2026-05-15,71331231000.0,,,,1278339000.0,4429572000.0,7.95,371776395000.0,39724833000.0,525151865000.0,369092964000.0,116334068000.0,33821612000.0,111314642000.0,1403494000.0,,,,485427032000.0,,0.0380763096842792,0.0084348400819256,3.1726988520679944,,,0.0620986339069348,-0.0236719001813244,,,23.69838641660918,23.69838641660918,False,65.3252787872352,65.3252787872352,54.91855569457869,794.0,True,False,True,True,True,True,True,False,True,False,True,True,True,True,False,False,False,11,False,0.0660873341942596,0.0377507861665034,1.0,177700891.79999998,0.2925925925925925,2.0,3.0,,,,,,0.0557708854586481,-0.0166099830038015,0.1727003109687067,-0.3027371443495229,0.4785714285714286,-0.3027371443495229,0.4775981023039847,-794.0,0.3214285714285714,0.1071428571428571,0.4732142857142857,0.3441964285714286,0.2875,和泰車
253.0,254.5,246.0,253.0,35824499.0,0.0788912579957357,252.1,0.0569341517196924,241.90348358154296,0.1869442353528183,249.9182757059733,0.1657014009979667,228.97005831400557,0.0060655585649139,67.02127659574468,45669739.35,0.7844253002070177,0.0458716685438576,2317.TW,2026-07-27,-0.0287218773351097,0.1209944414170409,bull,0.1592592592592592,0.1668211306765523,2026-03-31,2026-05-15,2119533391000.0,130980560000.0,75648689000.0,74031230000.0,17074953000.0,49919449000.0,3.56,4052387707000.0,2792211149000.0,5230479067000.0,3241680598000.0,1988798469000.0,986317310000.0,778365706000.0,25597034000.0,289268494000.0,0.2306452695706933,58200676732.92546,2438267918000.0,0.0238696807283855,0.0251003054246619,0.0095439535003496,1.6299693752429172,0.0617968844256816,0.0356911994504171,0.0235520936881527,0.289006464874042,,,39.93908373911616,39.93908373911616,False,63.18402567202468,63.18402567202468,57.37279018879755,512.0,True,False,True,True,True,False,True,True,True,True,True,True,False,True,False,False,False,11,False,0.0123309281216885,0.1049479650873836,1.0,11554444055.55,0.0129629629629629,2.0,3.0,,,,,,0.0536935567830673,-0.0319828568258684,0.198874252814187,-1.65347227171775,0.3700892857142857,-1.65347227171775,0.3707363953801757,-512.0,0.5446428571428571,0.2321428571428571,0.2678571428571428,0.5031249999999999,0.3955357142857143,鴻海
14.949999809265137,15.0,14.949999809265137,15.0,5001.0,-0.0131578823536054,15.399999809265136,0.0791367202631647,14.677500009536743,0.1363636527836489,13.94416667620341,-0.132947938641143,14.442083303133646,0.0262191958527459,59.74025877516524,8692.75,0.5753070087141583,0.0219724060809887,2321.TW,2026-07-27,-0.0287218773351097,0.1209944414170409,bull,0.1027777777777777,0.2215013901760889,2026-03-31,2026-05-15,167589000.0,54806000.0,3123000.0,2338000.0,316000.0,-3670000.0,-0.12,594557000.0,366319000.0,1167997000.0,735200000.0,432797000.0,91273000.0,191000000.0,200000000.0,,0.1351582549187339,2700900.7698887936,801678000.0,0.0033690593603526,-0.0084797260609477,-0.0031421313582141,1.698717874661793,0.3270262368055183,0.0186348746039417,-0.0218988119745329,-0.0149414274882296,,,20.392509269700085,20.392509269700085,False,76.8104532803082,76.8104532803082,62.70596727765617,853.0,True,True,True,True,True,True,True,True,True,True,True,True,False,True,False,False,False,13,False,0.0757186390778328,0.0386313169060101,1.0,130391.25,0.998148148148148,0.0,3.0,,,,,,0.0648406797817437,0.0053246626308488,0.1556971113610666,-1.26055140031331,0.4450892857142857,-1.26055140031331,0.544547748181502,-853.0,0.25,0.5,0.5625,0.296875,0.3875,東訊
37.5,37.5,36.04999923706055,37.150001525878906,40141421.0,0.0799418569191396,36.66000061035156,0.0862573303254483,35.867500114440915,0.2810345353751347,35.04416659673055,0.1629681580795516,32.53343383471171,0.0041996273830829,61.93549276266146,44594619.1,0.9001404611167538,0.0357566434054776,2324.TW,2026-07-27,-0.0287218773351097,0.1209944414170409,bull,0.0981481481481481,0.1047265987025023,2026-03-31,2026-05-15,201303536000.0,10597495000.0,2644084000.0,3090596000.0,699988000.0,1967195000.0,0.45,372539532000.0,285043722000.0,452433934000.0,306525209000.0,145908725000.0,84569615000.0,55846516000.0,11898445000.0,,0.2264896479513983,2045226345.6860747,167390212000.0,0.0122183150451238,0.013482367144254,0.0043480270867569,2.100801093286231,0.0526443559342146,0.0131348115017711,0.009772282390509,0.0110778585236814,,,17.5664711440274,17.5664711440274,False,81.37767446882562,81.37767446882562,65.42487363762606,900.0,True,True,True,True,True,True,True,True,True,True,True,True,True,True,False,False,False,14,False,0.0600908834095321,0.1419022570633636,1.0,1656690167.6109886,0.0842592592592592,1.0,3.0,,,,,,0.0257626642406821,-0.0484444749415153,0.2619629764792196,-1.413677237227167,0.4169642857142857,-1.413677237227167,0.3833148842854271,-900.0,0.1964285714285714,0.5982142857142857,0.2946428571428571,0.2111607142857142,0.3366071428571429,仁寶
78.80000305175781,78.80000305175781,77.5,77.80000305175781,490232.0,0.0038710071194556,78.58000030517579,0.0896358737969946,76.37000045776367,0.0942335403857339,72.97166709899902,-0.0076530416127994,74.50666700998941,0.0253759417943577,61.83209263372707,624608.65,0.7848626495966714,0.0187246639442539,2348.TW,2026-07-27,-0.0287218773351097,0.1209944414170409,bull,0.0935185185185185,0.2854494902687673,2026-03-31,2026-05-15,1308225000.0,367809000.0,215863000.0,62792000.0,46667000.0,24394000.0,0.16,36707260000.0,15833225000.0,49675372000.0,39143789000.0,10531583000.0,4882942000.0,6246625000.0,20027265000.0,,0.4,129517800.0,33842147000.0,0.0038271153422978,0.0023162709727493,0.0004910682903391,3.7168001239699673,0.2811511781230293,0.165004490817711,0.0186466395306617,-0.2384964638086091,,,20.916507327259755,20.916507327259755,False,75.69404847893857,75.69404847893857,61.99966319101887,843.0,True,True,True,True,True,True,True,True,True,False,True,True,False,True,False,False,False,12,False,0.0661672693623443,0.0442018972788951,1.0,48594554.876154326,0.4518518518518518,1.0,3.0,,,,,,0.0680146951095738,-0.0049887359161638,0.2537898100155537,-0.5458111349992708,0.6611607142857143,-0.5458111349992708,0.6812911887076326,-843.0,0.2767857142857143,0.4642857142857143,0.75,0.3477678571428571,0.4276785714285714,海悅
778.0,778.0,735.0,760.0,3703160.0,0.1046511627906976,758.6,0.150086243722219,703.5,0.3915845380588509,696.1653310139974,0.5822126114715318,607.5422472635905,0.022341837107767,76.79558011049724,4606506.25,0.8038977478864812,0.0803127221037669,2357.TW,2026-07-27,-0.0287218773351097,0.1209944414170409,bull,0.0444444444444444,0.0676552363299351,2026-03-31,2026-05-15,208369726000.0,30970538000.0,11895859000.0,13859608000.0,2702804000.0,9797017000.0,13.19,485857648000.0,327627459000.0,671441698000.0,354711686000.0,316730012000.0,57955263000.0,41417377000.0,275376000.0,,0.1950130191272365,9576011621.29809,343814239000.0,0.0278522833991703,0.0309317608967223,0.0145910166574134,1.1199181402487366,0.1486326185407567,0.0570901504184921,0.0470174683629425,0.4108280576281871,,,51.58078089609261,51.58078089609261,False,78.66801260039887,78.66801260039887,71.8962046743223,344.0,True,True,True,True,True,True,True,False,True,True,False,True,True,True,False,False,False,12,False,0.0916946968517153,0.2509418125621536,1.0,3500944750.0,0.0453703703703703,3.0,3.0,,,,,,0.0892174284575335,-0.0144067988173714,0.2952283369730408,-0.9321735149586264,0.7303571428571429,-0.9321735149586264,0.7112774763716601,-344.0,0.6964285714285714,0.8303571428571429,0.7857142857142857,0.7098214285714286,0.7544642857142857,華碩
142.0,144.5,138.5,144.5,4277394.0,0.0743494423791821,141.8,0.1326622086355227,140.00287857055665,0.2142857142857142,136.14388529459634,0.0946969696969697,127.84694264729818,0.0159369855736114,61.43231689976415,5592948.95,0.7647833080972427,0.0321216354646376,2359.TW,2026-07-27,-0.0287218773351097,0.1209944414170409,bull,0.0527777777777777,0.1408711770157553,2026-03-31,2026-05-15,890066000.0,190817000.0,-35808000.0,156778000.0,13846000.0,134073000.0,0.78,8393550000.0,3998667000.0,10520171000.0,4283921000.0,6236250000.0,2450934000.0,650000000.0,,,0.088315962698848,-32645582.00767965,6521504000.0,-0.005005836384932,0.0214989777510523,0.0127443745923901,0.6869386249749448,0.21438522536531,-0.0402307244631297,0.1506326497136167,-0.2680432463904461,,,26.81505765819656,26.81505765819656,False,82.09133808581021,82.09133808581021,68.2722679789068,741.0,True,True,True,True,True,True,True,True,True,True,True,True,False,True,False,False,False,13,False,0.0613770841585885,0.1302577676702365,1.0,808181123.275,0.1444444444444444,2.0,3.0,,,,,,-0.0081856819165575,-0.0867374805786848,0.1839874167236564,-1.4437485000459374,0.2205357142857143,-1.4437485000459374,0.2507040098818173,-741.0,0.3571428571428571,0.6875,0.1428571428571428,0.3249999999999999,0.4133928571428571,所羅門
44.150001525878906,44.400001525878906,43.150001525878906,44.04999923706055,637383.0,0.0513125926702824,43.71999969482422,0.0691747189646838,42.67500038146973,0.1960449273876219,42.06749998728434,0.1761872521756897,39.39121189117432,0.0039969677250559,51.05263517173563,1016538.95,0.6270128655670302,0.0322202423737496,2362.TW,2026-07-27,-0.0287218773351097,0.1209944414170409,bull,0.1268518518518518,0.1575532900834105,2026-03-31,2026-05-15,4941226000.0,1031961000.0,338299000.0,460047000.0,109186000.0,350861000.0,0.61,21268600000.0,19086193000.0,104921126000.0,60685209000.0,44235917000.0,8972993000.0,7767445000.0,28201977000.0,,0.2373366199540481,258008258.80616543,85834933000.0,0.0030058654418261,0.0079315864527008,0.0033440453164789,1.3718537585645618,0.2088471565558831,0.0684645875335392,0.0710068715739778,0.1924432336345798,,,31.430349126543067,31.430349126543067,False,69.94063239017166,69.94063239017166,60.31306157426451,657.0,True,False,True,True,True,True,True,True,True,True,True,True,False,True,False,False,False,12,False,0.0471266238872158,0.118269713527906,1.0,44778539.97194233,0.4629629629629629,1.0,3.0,,,,,,0.050800393759176,-0.0042682600674325,0.2014929837124647,-1.4120429906095635,0.4566964285714285,-1.4120429906095635,0.4047955007060752,-657.0,0.4196428571428571,0.375,0.3392857142857143,0.4075892857142857,0.3901785714285714,藍天
71.19999694824219,71.5,70.19999694824219,70.69999694824219,103469.0,0.0366568931358939,71.0,0.0761035042960345,69.24499969482422,0.122222173781622,68.77999992370606,0.0712120749733664,65.8758331298828,0.0170375301164845,55.79709143379986,180524.1,0.5731589300265172,0.0210123078898176,2364.TW,2026-07-27,-0.0287218773351097,0.1209944414170409,bull,0.1074074074074074,0.2354031510658016,2026-03-31,2026-05-15,338915000.0,130350000.0,30596000.0,44068000.0,-15000.0,43646000.0,0.83,1165011000.0,950493000.0,1755551000.0,1003694000.0,751857000.0,599063000.0,350000000.0,,,0.0,30596000.0,805058000.0,0.0380047151882224,0.0580509325576539,0.0248617100841843,1.3349533222407983,0.3846097103993626,0.0902763229718365,0.128781552896744,-0.1059821890200796,,,61.7822396932274,61.7822396932274,False,71.86271514061738,71.86271514061738,69.34259627876989,245.0,True,False,True,True,True,True,True,True,True,True,True,True,False,True,True,False,False,12,False,0.0279150483667618,0.0732311621599974,1.0,12763053.319084167,0.6444444444444445,1.0,3.0,,,,,,0.0963581068263886,0.0498136807438088,0.2793285497283318,0.3116492063564307,0.8709821428571428,0.3116492063564307,0.878619877647284,-245.0,0.8035714285714286,0.7410714285714286,0.9375,0.8236607142857143,0.8116071428571429,倫飛
355.0,355.0,338.0,349.5,6561134.0,0.0558912386706949,349.5,0.0753846153846153,339.2,0.2802197802197801,336.625,0.4623430962343096,290.00416666666666,0.0148851821377813,64.90066225165563,5620506.7,1.1673563168246022,0.0303655660377359,2376.TW,2026-07-27,-0.0287218773351097,0.1209944414170409,bull,0.1092592592592592,0.1065801668211306,2026-03-31,2026-05-15,105057330000.0,12614630000.0,7413710000.0,7054503000.0,1410189000.0,5268403000.0,7.86,234087870000.0,170374747000.0,247826770000.0,180781022000.0,67045748000.0,63311111000.0,69227536000.0,,9540960000.0,0.199899128258929,5931715833.835495,77452023000.0,0.0765856798063944,0.0785792262322138,0.0212584096544533,2.6963831024750444,0.1200737730532462,0.0705682316502808,0.0501478859209538,0.5978925716183887,,,59.16561347732097,59.16561347732097,False,78.64874869320406,78.64874869320406,73.77796488923329,275.0,True,True,True,True,True,True,True,True,True,True,True,True,True,True,False,False,False,14,False,0.0382473078351282,0.2051550983462882,1.0,1964367091.65,0.0731481481481481,2.0,3.0,,,,,,0.1154033129820755,0.0817183883336903,0.4112230440051145,0.0190793022479618,0.9553571428571428,0.0190793022479618,0.960933860626374,-275.0,0.7767857142857143,0.8839285714285714,1.0,0.8102678571428572,0.8535714285714286,技嘉
146.5,147.0,137.5,146.5,14191637.0,0.0353356890459364,149.2,0.0539568345323742,145.4,0.4994882761113106,131.89666659037272,0.4504950495049504,112.3508331934611,0.0264737027885633,60.43956043956044,17470513.05,0.812319418404258,0.0075653370013755,2377.TW,2026-07-27,-0.0287218773351097,0.1209944414170409,bull,0.1675925925925926,0.0426320667284522,2026-03-31,2026-05-15,56256838000.0,8440506000.0,3876357000.0,4133431000.0,716617000.0,3416814000.0,4.04,106512512000.0,56814984000.0,119099762000.0,64185562000.0,54914200000.0,25875075000.0,0.0,6305082000.0,,0.1733709840565864,3204309172.355363,62284778000.0,0.0514461040923251,0.0622209555998266,0.0286886719387398,1.1688335985956273,0.1500352010541367,0.0689046369794192,0.0607359766647389,0.0507372103469625,,,60.05362798212559,60.05362798212559,False,78.91415468141491,78.91415468141491,74.19902300659258,263.0,True,True,True,True,True,True,True,True,True,True,True,True,True,True,True,False,False,14,False,0.1107179869448891,0.3039511665012415,1.0,2559430161.8250003,0.0564814814814814,2.0,3.0,,,,,,0.0575610873456973,0.0032851659869496,0.2364910388958295,-0.9433700802033352,0.5861607142857143,-0.9433700802033352,0.5740260643569466,-263.0,0.7946428571428571,0.8928571428571429,0.5892857142857143,0.7638392857142857,0.7830357142857143,微星
586.0,588.0,557.0,577.0,3908759.0,0.1182170542635658,584.2,0.2211640211640211,532.0583908081055,0.6050069541029208,494.7694636027018,1.0210157618213662,413.1805651346842,0.0547121437623167,74.21621948389537,3457726.65,1.1304418757335837,0.084467438101363,2395.TW,2026-07-27,-0.0287218773351097,0.1209944414170409,bull,0.0185185185185185,0.0324374420759962,2026-03-31,2026-05-15,20385264000.0,7979823000.0,3728486000.0,4068287000.0,750007000.0,3334165000.0,3.85,49300373000.0,29811036000.0,83769137000.0,34044129000.0,49725008000.0,10001958000.0,,43915000.0,,0.184354496130681,3041122842.1397014,53958101000.0,0.0563608204473263,0.0670520756879516,0.0398018305954375,0.6846480346468723,0.3914505595806853,0.182901040673302,0.1635576071028562,0.1748587968840969,,,87.43653384699755,87.43653384699755,False,81.75947719877132,81.75947719877132,83.17874136082787,49.0,True,True,True,True,True,True,True,False,True,True,False,True,True,True,True,False,False,12,False,0.1661996999542578,0.3964838830498129,1.0,1995108277.05,0.0722222222222222,3.0,2.0,,,,,,0.007816654687584,-0.1185282820405653,0.2638129552826303,-1.101037747978651,0.4040178571428571,-1.101037747978651,0.4177676044246899,-49.0,0.9821428571428572,1.0,0.375,0.8910714285714285,0.8660714285714286,研華
46.5,47.59999847412109,45.20000076293945,46.0,6896543.0,0.105769271328606,45.05999984741211,0.1218831627243697,42.91697158813477,0.5181518534078529,38.02449652353923,0.4838709677419355,33.43099829355876,0.0300322673526183,70.74830920557191,4284817.35,1.6095302171981731,0.0718370448281491,2425.TW,2026-07-27,-0.0287218773351097,0.1209944414170409,bull,0.0592592592592592,0.0407784986098239,2026-03-31,2026-05-15,742329000.0,57186000.0,84000.0,19626000.0,14929000.0,59718000.0,0.62,6477498000.0,3530704000.0,6656471000.0,3632354000.0,3024117000.0,955233000.0,0.0,,,0.4,50400.0,3125767000.0,1.6124042515005117e-05,0.0197472518424386,0.0089714204418527,1.2011287923053242,0.0770359234247887,0.0001131573736173,0.0804468099723976,-0.0094210083147737,,,20.556959597295062,20.556959597295062,False,83.10976168267094,83.10976168267094,67.47156116132697,848.0,True,True,True,True,True,True,True,True,True,True,False,True,True,True,False,False,False,13,False,0.2097464583528017,0.3759684827857188,1.0,197101598.1,0.2777777777777778,1.0,3.0,,,,,,0.0189155446354313,-0.0744770446168959,0.2344852197600206,-1.6092449957891042,0.3084821428571428,-1.6092449957891042,0.3255023606354988,-848.0,0.2678571428571428,0.6428571428571429,0.1964285714285714,0.2571428571428571,0.3660714285714286,承啟
95.0,104.0,89.0,93.9000015258789,4424905.0,-0.2109243569253873,105.28000030517578,0.5915254495911679,99.57500038146972,0.6273830205248561,66.346666653951,0.5368249406037262,60.393333371480296,0.1344992603227268,51.130437436311134,2671111.3,1.6565782938359777,-0.0569922052106454,2466.TW,2026-07-27,-0.0287218773351097,0.1209944414170409,bull,0.0027777777777777,0.0278035217794253,2026-03-31,2026-05-15,158640000.0,11405000.0,-51413000.0,20961000.0,15743000.0,5218000.0,0.03,1081532000.0,970641000.0,4505403000.0,2468383000.0,2037020000.0,165962000.0,307514000.0,701925000.0,,0.4,-30847800.0,3534762000.0,-0.0087269807698509,0.0025615850605295,0.001158164985463,1.211761789280419,0.0718923348461926,-0.3240859808371155,0.0328920827029752,-0.2206720377284339,,,10.470510874095902,10.470510874095902,False,78.75009284021455,78.75009284021455,61.680197348684885,1033.0,True,True,True,True,False,True,True,True,True,True,True,False,True,True,False,False,False,12,False,0.4152934316299532,0.5548073981659298,1.0,250817355.1457924,0.2444444444444444,1.0,3.0,,,,,,0.1047942374320267,0.0082651211366123,0.348150307825424,-1.044656603056291,0.7883928571428571,-1.044656603056291,0.3745751771945972,-1033.0,0.0446428571428571,0.4553571428571428,0.2767857142857143,0.0794642857142857,0.2142857142857142,冠西電
8.550000190734863,8.569999694824219,8.5,8.529999732971191,1048965.0,-0.0023392347739763,8.523999977111817,0.0504925927574542,8.469999980926513,0.0675844777624388,8.084833312034608,0.0094674468061333,8.13766667842865,0.0124917769031844,47.88727853967145,1677247.6,0.6254085562560948,0.0070837960070591,2511.TW,2026-07-27,-0.0287218773351097,0.1209944414170409,bull,0.1777777777777777,0.3392029657089898,2026-03-31,2026-05-15,2153305000.0,656416000.0,141991000.0,111197000.0,17527000.0,101951000.0,0.06,21371055000.0,5666639000.0,47461368000.0,21286102000.0,26175266000.0,7872086000.0,536900000.0,4267000000.0,4500000000.0,0.1576211588442134,119610214.0345513,41794729000.0,0.0028618492545926,0.0038949365404729,0.0021480838900387,0.8132143528168921,0.3048411627707175,0.0659409605234743,0.0473462886121566,0.2676633850236747,,,39.44861186578996,39.44861186578996,False,61.77690885786351,61.77690885786351,56.19483460984512,522.0,True,False,True,True,True,True,True,False,True,False,True,True,False,True,False,False,False,10,False,0.055061917018615,0.0482119838580437,1.0,14306921.580126572,0.6212962962962963,0.0,3.0,,,,,,0.0605569331323034,0.0224129002621831,0.1889106961415465,-1.3616469264588733,0.5125,-1.3616469264588733,0.5482062612998442,-522.0,0.5267857142857143,0.1607142857142857,0.5803571428571429,0.5348214285714286,0.4276785714285714,太子
34.900001525878906,35.5,34.29999923706055,35.29999923706055,1348226.0,-0.0125874339283763,35.35,0.0231883836829143,35.17999973297119,0.198641708745993,32.99166660308838,0.0600600614361017,32.30166664123535,0.0079507188216545,57.14285714285717,1629527.95,0.8273721233195171,0.0034110149232573,2520.TW,2026-07-27,-0.0287218773351097,0.1209944414170409,bull,0.2712962962962963,0.1529193697868396,2026-03-31,2026-05-15,4862541000.0,1141758000.0,658447000.0,599530000.0,162065000.0,308665000.0,0.52,53619294000.0,30715620000.0,65803063000.0,37306228000.0,28496835000.0,17736193000.0,16539209000.0,220000000.0,3700000000.0,0.2703200840658515,480455551.60709226,35087443000.0,0.0136930910470475,0.0108315537497409,0.0046907390921908,1.3091358391203796,0.2348068633251627,0.1354121230031787,0.063478127999332,0.0287244960456058,,,37.26396887406752,37.26396887406752,False,69.03666382433063,69.03666382433063,61.09349008676486,571.0,True,False,True,True,True,True,True,True,True,True,True,True,True,True,False,False,False,13,False,0.0699671423618253,0.0928228449982706,1.0,57522335.39176884,0.4277777777777777,1.0,3.0,,,,,,0.0742245005613813,0.0255365171910593,0.2082276277994465,-1.321776862946734,0.6241071428571429,-1.321776862946734,0.6196775278125546,-571.0,0.4821428571428571,0.4375,0.6607142857142857,0.5089285714285714,0.5044642857142857,冠德
11.050000190734863,11.149999618530272,11.0,11.050000190734863,748803.0,0.0091324550878177,11.050000190734863,0.0137615208673573,11.042500019073486,0.0833333722906182,10.598666715621947,0.0231481477393371,10.491833360989888,0.0022691173094366,50.0,1005996.35,0.7443396787672242,0.0006792095674368,2537.TW,2026-07-27,-0.0287218773351097,0.1209944414170409,bull,0.3287037037037037,0.3086190917516219,2026-03-31,2026-05-15,1212617000.0,259289000.0,167409000.0,150138000.0,30818000.0,,0.4,17831477000.0,12815624000.0,18460150000.0,13906467000.0,4553683000.0,679610000.0,8130480000.0,,1090843000.0,0.205264490002531,133045876.99316628,5644526000.0,0.0235707793698117,,,3.053894397128654,0.2138259648347334,0.1380559566623262,,2.980962167272918,,,51.40705905064119,51.40705905064119,False,57.48001239238474,57.48001239238474,55.961774056948855,351.0,True,False,True,True,True,True,True,True,True,False,True,True,False,True,False,False,False,11,False,0.0425839860071899,0.0532001234236447,1.0,11116259.859378576,0.6685185185185185,0.0,3.0,,,,,,0.1779141019103721,0.1451860232320488,0.3230951776124819,0.885936649983858,0.9870535714285716,0.885936649983858,0.7840625235987814,-351.0,0.6875,0.1517857142857142,0.8660714285714286,0.7142857142857143,0.5625,聯上發
96.0999984741211,97.1999969482422,96.0999984741211,96.8000030517578,131566.0,-0.0010319759808713,96.32000122070312,0.0341880836517476,94.76499977111816,0.1455621662929918,90.61666679382324,0.0731708018493919,87.77833340962728,0.0093194204617941,61.98346377901765,129748.95,1.0140043522510205,0.0214742076246998,2546.TW,2026-07-27,-0.0287218773351097,0.1209944414170409,bull,0.2305555555555555,0.206672845227062,2026-03-31,2026-05-15,4271987000.0,331333000.0,227648000.0,236497000.0,50162000.0,186338000.0,1.43,15279304000.0,9683343000.0,16184746000.0,9989889000.0,6194857000.0,7854449000.0,0.0,,,0.2121041704545935,179362909.8043527,6501403000.0,0.0275883389791945,0.0300794675325031,0.0115131865523252,1.6126101054471476,0.0775594588653944,0.0532885516739634,0.0436185784273219,0.0858039345262302,,,37.32527210445105,37.32527210445105,False,73.72999490789843,73.72999490789843,64.62881420703658,570.0,True,False,True,True,True,True,True,True,True,True,True,True,True,True,False,False,False,13,False,0.068236191825542,0.1027778643282038,1.0,12559698.75596237,0.6481481481481481,1.0,3.0,,,,,,0.1228551403894155,0.0774619961670253,0.3056194647307543,0.645120627985641,0.9522321428571427,0.645120627985641,0.9457871418800564,-570.0,0.4910714285714285,0.5803571428571429,0.9821428571428572,0.5647321428571428,0.6160714285714286,根基
203.5,206.0,202.5,203.5,6708652.0,0.0382653061224489,204.4,0.1059782608695651,196.2,0.0862463177058321,197.57980143229167,0.1398532527960709,191.71915448506672,0.0252122795558457,70.66666666666667,11140553.95,0.6021829821128419,0.0372069317023446,2603.TW,2026-07-27,-0.0287218773351097,0.1209944414170409,bull,0.0731481481481481,0.3021316033364226,2026-03-31,2026-05-15,86511471000.0,13386693000.0,8948352000.0,10639378000.0,1948722000.0,8303529000.0,3.84,244500947000.0,151671937000.0,935103407000.0,330097608000.0,605005799000.0,183466379000.0,21757000.0,72484631000.0,,0.1831612712698054,7309360471.910295,783431470000.0,0.0093299296132567,0.0137247097692695,0.0088797976115169,0.5456106512460056,0.1547389362966675,0.1034354392147603,0.0959818265025224,-0.2133215452088127,,,31.8537233857576,31.8537233857576,False,58.35284311400704,58.35284311400704,51.72806318194469,652.0,True,False,True,True,True,False,True,True,True,False,True,True,False,True,False,False,False,10,False,0.0299635819288801,0.0614484533200405,1.0,2267102728.825,0.0638888888888888,2.0,3.0,,,,,,0.0810368102660971,0.0094887901425656,0.2026276357240239,-1.1717692740511003,0.6294642857142857,-1.1717692740511003,0.6004340788315085,-652.0,0.4375,0.0446428571428571,0.6428571428571429,0.4683035714285714,0.3607142857142857,長榮
86.0,86.0,83.0,84.0,10934539.0,0.0434782608695651,85.15999908447266,0.1088790611007828,80.58173904418945,0.1260053849617677,80.24964981079101,0.096605765969812,78.45482495625814,0.0315261476378304,66.50943633881138,10535552.55,1.037870481695808,0.0424197963006984,2615.TW,2026-07-27,-0.0287218773351097,0.1209944414170409,bull,0.0703703703703703,0.2289156626506024,2026-03-31,2026-05-15,33640864000.0,7656632000.0,5825197000.0,9789626000.0,2113020000.0,7671518000.0,2.73,141008376000.0,35567443000.0,420232464000.0,133190864000.0,287041600000.0,99479800000.0,1000000000.0,42718782000.0,0.0,0.2158427707044171,4567870339.620942,384665021000.0,0.0118749303686256,0.0267261539790748,0.0182554149362434,0.4640124079575922,0.2275991484642011,0.1731583647792161,0.2280416460171772,-0.0929984351119866,,,48.73816272918027,48.73816272918027,False,74.89497176313445,74.89497176313445,68.3557695046459,389.0,True,False,True,True,True,True,True,True,True,True,True,True,True,True,False,False,False,13,False,0.0467335396235546,0.0706798472475533,1.0,884986414.2,0.1314814814814814,1.0,3.0,,,,,,0.0732727827874091,0.0085260872562374,0.2430474241622201,-1.2305098797616851,0.6299107142857143,-1.2305098797616851,0.6264938650800951,-389.0,0.6517857142857143,0.6964285714285714,0.6696428571428571,0.6544642857142857,0.66875,萬海
65.4000015258789,65.4000015258789,61.29999923706055,61.79999923706055,46173172.0,-0.0492307809682992,65.00000076293945,0.2045079179086222,61.59946403503418,0.3162938920725879,52.11410903930663,0.0804195526707316,51.55747130711873,0.0667529431407445,54.35407638219962,62285577.4,0.7413140236860034,0.0032554699163016,2634.TW,2026-07-27,-0.0287218773351097,0.1209944414170409,bull,0.0222222222222222,0.0926784059314179,2026-03-31,2026-05-15,7587090000.0,591710000.0,272385000.0,343445000.0,82787000.0,260658000.0,0.28,37638357000.0,26369324000.0,51480606000.0,33336880000.0,18143726000.0,2181426000.0,5295860000.0,1125000000.0,3448642000.0,0.2410487851038739,206726926.6694813,25111282000.0,0.0082324322059495,0.0143662883797958,0.005063227111196,1.837377835181153,0.0779890577283253,0.0359011162382415,0.0343554643479911,0.0064028588028364,,,19.130159005497152,19.130159005497152,False,74.90330276940594,74.90330276940594,60.96001682842874,870.0,True,False,True,True,True,True,True,True,True,True,True,True,False,True,False,False,False,12,False,0.1858592687528901,0.1986623406902345,1.0,3849248635.799876,0.0388888888888888,1.0,3.0,,,,,,0.0043797898314166,-0.0771378162974871,0.1918053656270675,-1.875558283463275,0.1991071428571428,-1.875558283463275,0.2337501485964052,-870.0,0.2232142857142857,0.4285714285714285,0.125,0.2084821428571428,0.2651785714285714,漢翔
84.5,84.5,81.9000015258789,82.30000305175781,2065801.0,0.040455178753052,82.42000122070313,0.1336088812879847,79.94500045776367,0.1997432178447582,75.61734809875489,0.1865045551383084,71.68273344039918,0.0251330462805226,57.39911403179852,2944310.8,0.7016246382684872,0.0294577844832002,2637.TW,2026-07-27,-0.0287218773351097,0.1209944414170409,bull,0.0518518518518518,0.1510658016682113,2026-03-31,2026-05-15,4338022000.0,1244039000.0,1197473000.0,1201283000.0,6082000.0,1195201000.0,1.6,8930959000.0,8128467000.0,84286573000.0,33874386000.0,50412187000.0,5975075000.0,2132536000.0,18694305000.0,992902000.0,0.0050629202277897,1191410289.726068,76158106000.0,0.0156439065032167,0.0237085726909645,0.0141802063775923,0.6719483524886551,0.2867756318432686,0.276041246448266,0.2755175054437253,0.2360516073148353,,,62.80204855376821,62.80204855376821,False,78.12163036722643,78.12163036722643,74.29173491386187,238.0,True,True,True,True,True,True,True,True,True,True,True,True,False,True,True,False,False,13,False,0.0883746272651018,0.1481147425856241,1.0,242316787.82532343,0.2481481481481481,1.0,3.0,,,,,,0.0386663543082883,-0.0343522775647734,0.197502515604416,-1.5887628907283444,0.3415178571428571,-1.5887628907283444,0.3538419335979496,-238.0,0.8214285714285714,0.9017857142857144,0.2232142857142857,0.7316964285714286,0.7258928571428571,慧洋-KY
24.549999237060547,24.850000381469727,24.350000381469727,24.700000762939453,35926767.0,0.035639428422405,24.45,0.0488323381373683,23.932499980926515,0.1678487569001603,22.23916664123535,0.2197531240957755,21.53374999364217,0.0120520155972765,69.35486054198256,31462136.5,1.1419048734977042,0.0320693944479102,2801.TW,2026-07-27,-0.0287218773351097,0.1209944414170409,bull,0.1833333333333333,0.1825764596848934,2026-03-31,2026-05-15,,,,,992320000.0,5221136000.0,,,,3481563454000.0,3255586729000.0,225976725000.0,40993679000.0,,,,,,3481563454000.0,,0.0231047511640855,0.0014996526902307,14.406734715710211,,,,,,,11.293260418625334,11.293260418625334,False,69.50740027770377,69.50740027770377,54.95386531293416,1023.0,True,False,True,True,True,True,True,True,True,True,True,True,True,True,False,False,False,13,False,0.1106531625668598,0.1470366643168104,1.0,777114795.5537052,0.149074074074074,0.0,3.0,,,,,,0.0196252067744497,-0.1037813952916722,0.1833423468301606,-1.4363039178027082,0.2428571428571428,-1.4363039178027082,0.3198165851107027,-1023.0,0.0625,0.1160714285714285,0.1785714285714285,0.0799107142857142,0.1017857142857142,彰銀
18.100000381469727,18.200000762939453,18.0,18.200000762939453,46221710.0,0.0111111534966363,18.04000015258789,0.0224719967990831,17.947500133514403,0.1131498677863289,17.079999987284342,0.1629393742214453,16.32333335081736,0.0033543051580379,52.50000715255055,32436374.3,1.4249961963227191,0.0140688467779164,2834.TW,2026-07-27,-0.0287218773351097,0.1209944414170409,bull,0.275,0.2520852641334569,2026-03-31,2026-05-15,,,,,886677000.0,3437983000.0,,,,2555347612000.0,2406237987000.0,149109625000.0,29451426000.0,,,,,,2555347612000.0,,0.0230567476780925,0.0013454071703807,16.137375350518116,,,,,,,11.10187505518378,11.10187505518378,False,65.71747076701321,65.71747076701321,52.063571839055854,1024.0,True,False,True,True,True,True,True,True,True,False,True,True,True,True,False,False,False,12,False,0.065573815953684,0.1149683935130885,1.0,590342037.0069897,0.1777777777777777,0.0,3.0,,,,,,0.042364033330862,-0.0828287638090906,0.1783519363419583,-1.2306303964328138,0.3263392857142857,-1.2306303964328138,0.3616614130016536,-1024.0,0.0535714285714285,0.0625,0.2589285714285714,0.084375,0.0973214285714285,臺企銀
12.850000381469728,12.949999809265137,12.75,12.899999618530272,7668959.0,0.0278884001973003,12.810000038146972,0.0530611933494098,12.542500019073486,0.0886075277012197,12.18333339691162,0.0661156373421016,12.185416682561238,0.0108805150233296,73.68425279452293,4466589.6,1.7169607433823786,0.0285030575174911,2836.TW,2026-07-27,-0.0287218773351097,0.1209944414170409,bull,0.1731481481481481,0.2974976830398517,2026-03-31,2026-05-15,,,,,96508000.0,,,,,352880627000.0,325850614000.0,27030013000.0,2536364000.0,,,,,,352880627000.0,,,,12.05514085398331,,,,,,,0.0,0.0,False,68.7686954111637,68.7686954111637,51.576521558372775,1077.0,True,False,True,True,True,True,True,False,True,False,True,True,True,True,False,False,False,11,False,0.0588234925755475,0.0586424703056471,1.0,57619004.13613127,0.4259259259259259,0.0,3.0,,,,,,0.1117254721001032,-0.0084688810587802,0.2214782968446994,-0.5597954256555265,0.7214285714285715,-0.5597954256555265,0.7188163154473315,-1077.0,0.0267857142857142,0.0267857142857142,0.8035714285714286,0.1433035714285714,0.1821428571428571,高雄銀
13.449999809265137,13.449999809265137,13.300000190734863,13.399999618530272,5609789.0,0.0075187538617533,13.339999961853028,0.0229007044522608,13.267499971389771,0.0938775198800221,12.70166670481364,0.059288539337295,12.599583355585734,0.0053040297814332,57.69229922774394,10098920.1,0.5554840462595599,0.0099867832995081,2845.TW,2026-07-27,-0.0287218773351097,0.1209944414170409,bull,0.2731481481481481,0.2863762743280815,2026-03-31,2026-05-15,,,,,143704000.0,1221472000.0,,,,891493396000.0,820291532000.0,71201864000.0,7041472000.0,,,,,,891493396000.0,,0.0171550565024533,0.0013701413891348,11.520646875199784,,,,,,,8.670319530616531,8.670319530616531,False,66.80315755869469,66.80315755869469,52.26994805167515,1053.0,True,False,True,True,True,True,True,True,True,False,True,True,False,True,False,False,False,11,False,0.0549796282602801,0.0635272008887255,1.0,135325525.4875677,0.324074074074074,0.0,3.0,,,,,,0.0705526864170633,-0.0623242791136554,0.1885801877191556,-0.7935117590239934,0.5,-0.7935117590239934,0.5302786229524197,-1053.0,0.0357142857142857,0.0714285714285714,0.5178571428571429,0.1080357142857142,0.1428571428571428,遠東銀
14.550000190734863,14.949999809265137,14.449999809265137,14.899999618530272,328307.0,-0.0033444944062057,14.789999961853027,0.0240549431757588,14.497370481491089,0.0915750941342949,14.110790141423545,0.1287878661992023,13.755395046869914,0.0031136780472755,66.20187344675966,246607.35,1.331294464662144,0.0277725631384824,2849.TW,2026-07-27,-0.0287218773351097,0.1209944414170409,bull,0.2675925925925926,0.2919369786839666,2026-03-31,2026-05-15,,,,,36199000.0,,,,,398942212000.0,362433426000.0,36508786000.0,2706824000.0,,,,,,398942212000.0,,,,9.92729328222527,,,,,,,0.0,0.0,False,68.96910583689261,68.96910583689261,51.72682937766946,1078.0,True,False,True,True,True,True,True,True,True,False,True,True,True,True,False,False,False,12,False,0.055929502827055,0.0832113194684884,1.0,3674449.420926761,0.8027777777777778,0.0,3.0,,,,,,0.1362780757600108,0.0373018066648257,0.2855874469719952,0.0906797309718559,0.9013392857142856,0.0906797309718559,0.9036339087976788,-1078.0,0.0178571428571428,0.0357142857142857,0.9642857142857144,0.1598214285714285,0.2125,安泰銀
152.5,160.0,151.5,158.0,1201502.0,0.0748299319727892,149.4,0.1285714285714285,146.025,0.2493394770593608,138.30695724487305,0.4324323240064491,125.39397309621177,0.0137105171815341,74.50980392156862,267594.7,4.490006715379639,0.0820065057353192,2850.TW,2026-07-27,-0.0287218773351097,0.1209944414170409,bull,0.0546296296296296,0.1278962001853568,2026-03-31,2026-05-15,,,1507350000.0,1508204000.0,248433000.0,,,,,58099283000.0,36260125000.0,21839158000.0,14722947000.0,,,,0.1647210854765005,1259057671.8069968,58099283000.0,0.0216707953488341,,,1.6603261444420157,,,,,,,51.89726928896828,51.89726928896828,False,76.99758158442046,76.99758158442046,70.72250351055742,341.0,True,True,True,True,True,True,True,False,True,True,True,True,False,True,False,False,False,12,False,0.1423864941245172,0.2600286608573319,1.0,42279962.6,0.4703703703703704,2.0,3.0,,,,,,0.0206060072797579,-0.0595545694670629,0.1772186264428261,-2.067525967482725,0.1955357142857142,-2.067525967482725,0.2181326382462746,-341.0,0.7053571428571429,0.8125,0.0982142857142857,0.6142857142857143,0.6160714285714286,新產
26.64999961853028,26.799999237060547,26.64999961853028,26.799999237060547,158451.0,0.0056285035901453,26.66999969482422,0.0113207259268131,26.737499809265135,0.0919027528683498,25.96037991841634,0.0269788351663402,25.45609709421793,0.0019673959959989,54.761876649061534,305796.15,0.518158910764573,0.0023375195228145,2852.TW,2026-07-27,-0.0287218773351097,0.1209944414170409,bull,0.3379629629629629,0.2910101946246524,2026-03-31,2026-05-15,,,394962000.0,395700000.0,93803000.0,,,,,19910531000.0,10498172000.0,9412359000.0,2155671000.0,,,,0.2370558503917109,301333947.2175891,19910531000.0,0.0151344003440987,,,1.1153603469650912,,,,,,,53.81873474558473,53.81873474558473,False,60.84940137135328,60.84940137135328,59.091734714911134,315.0,True,False,True,True,True,True,True,True,True,False,True,True,False,True,False,False,False,11,False,0.0323423355622225,0.0527929374981785,1.0,8195336.586696053,0.7046296296296296,0.0,3.0,,,,,,0.0556174466594459,0.0203430557259913,0.1195172916283545,-1.3864287650989104,0.4004464285714286,-1.3864287650989104,0.3897555830872293,-315.0,0.75,0.2946428571428571,0.3125,0.684375,0.5258928571428572,第一保
9.300000190734863,9.369999885559082,9.199999809265137,9.3100004196167,26543648.0,0.0086674844364063,9.31200008392334,0.1083334336205179,8.894499921798706,0.2075227462455722,8.285166597366333,0.1740227769421267,8.073666636149088,0.0226501901786697,72.30772278012155,16222934.0,1.6361804837521992,0.0467143180022613,2867.TW,2026-07-27,-0.0287218773351097,0.1209944414170409,bull,0.0712962962962963,0.144578313253012,2026-03-31,2026-05-15,,,-260328000.0,-260476000.0,-99972000.0,,,,,1583200325000.0,1505084533000.0,78115792000.0,70736282000.0,,,,0.3838050338610851,-160412803.14501145,1583200325000.0,-0.0001013218609243,,,19.267352918856663,,,,,,,0.0,0.0,False,77.83800908203925,77.83800908203925,58.37850681152944,1079.0,True,True,True,True,True,True,True,False,True,True,True,True,True,True,False,False,False,13,False,0.1236950168963577,0.1531316363660646,1.0,151035522.34741402,0.312037037037037,0.0,3.0,,,,,,0.0916058717426493,-0.0307759399456704,0.2430272503088625,-0.2429404902584603,0.686607142857143,-0.2429404902584603,0.7408339145011047,-1079.0,0.0089285714285714,0.2589285714285714,0.8214285714285714,0.1308035714285714,0.2464285714285714,三商壽
41.09999847412109,41.95000076293945,40.34999847412109,41.400001525878906,21930761.0,0.0375939835247152,41.08000030517578,0.1099196346563105,39.27500019073487,0.291731747625336,35.84333333969116,0.2451128278459822,35.085416650772096,0.0243202731566985,68.70227629444764,21415394.45,1.02406523733211,0.0541056989134105,2880.TW,2026-07-27,-0.0287218773351097,0.1209944414170409,bull,0.0675925925925925,0.1019462465245597,2026-03-31,2026-05-15,18727437000.0,,,9327986000.0,1664716000.0,7663213000.0,,,,4445991154000.0,4202483247000.0,243507907000.0,45717871000.0,,,,0.1784646760833474,,4445991154000.0,,0.0314700787108321,0.0017236230875325,17.25809768879497,,,0.4091971047613189,0.1221769088861191,,,25.15680897546131,25.15680897546131,False,76.5748331747182,76.5748331747182,63.72032712490397,765.0,True,True,True,True,True,True,True,True,True,True,True,True,True,True,False,False,False,14,False,0.1550265465972875,0.1799774800442009,1.0,886597362.9072987,0.1305555555555555,1.0,3.0,,,,,,-0.0629108677731024,-0.1516900823524993,0.1613653664082011,-1.9273030621589675,0.0816964285714285,-1.9273030621589675,0.0966375131133534,-765.0,0.3392857142857143,0.5178571428571429,0.0446428571428571,0.2950892857142857,0.3339285714285714,華南金
129.0,130.0,127.0,130.0,15614446.0,0.0526315789473683,127.3,0.0460014203808631,124.8875,0.4934575076535998,113.75511067708334,0.4452814876237188,100.34591331481934,-0.0047794316123996,63.46153846153846,28509576.5,0.5476912643721663,0.0409368431588428,2881.TW,2026-07-27,-0.0287218773351097,0.1209944414170409,bull,0.187037037037037,0.0454124189063948,2026-03-31,2026-05-15,66193246000.0,,,38624861000.0,5062760000.0,33551455000.0,,,,13120104726000.0,12085399702000.0,1034705024000.0,358727505000.0,,,,0.131075164257549,,13120104726000.0,,0.0324261062058977,0.0025572551211051,11.68004351160858,,,0.5068712750542556,-0.3925800152621125,,,12.264204123597382,12.264204123597382,False,68.92993927775652,68.92993927775652,54.76350548921673,1007.0,True,False,True,True,True,True,False,True,True,True,True,True,False,True,False,False,False,11,False,0.142805797701969,0.2955186285678191,1.0,3706244945.0,0.0416666666666666,2.0,3.0,,,,,,-0.0207863826988823,-0.1620516018207138,0.2903318447326472,-1.1546443667397792,0.3794642857142857,-1.1546443667397792,0.4691099511599511,-1007.0,0.0803571428571428,0.0982142857142857,0.4464285714285714,0.1352678571428571,0.1589285714285714,富邦金
30.950000762939453,30.950000762939453,30.5,30.700000762939453,29795787.0,0.0389171423204848,30.47000045776367,0.0715532695184844,29.757499980926514,0.4777466836491348,26.09780076344808,0.7899466062264526,22.7168660958608,0.0126891806285605,55.55555555555557,57274978.25,0.5202234537732016,0.0316727138575836,2883.TW,2026-07-27,-0.0287218773351097,0.1209944414170409,bull,0.1185185185185185,0.0481927710843373,2026-03-31,2026-05-15,23565513000.0,,,13099615000.0,1407592000.0,11689699000.0,,,,4235032868000.0,3864021319000.0,371011549000.0,75116245000.0,,,,0.1074529289601259,,4235032868000.0,,0.0315076418281523,0.0027602380818169,10.414827596108069,,,0.4960511150340754,-0.1317078255463794,,,12.146336472811727,12.146336472811727,False,76.82963527275193,76.82963527275193,60.65881057276688,1012.0,True,True,True,True,True,True,True,True,True,True,True,True,False,True,False,False,False,13,False,0.1763443610136337,0.3514188371490752,1.0,1758341875.9723406,0.0796296296296296,1.0,3.0,,,,,,-0.0111094450141272,-0.1489630116954252,0.2243564820023684,-1.2262155991134225,0.3245535714285714,-1.2262155991134225,0.322103983671497,-1012.0,0.0714285714285714,0.4017857142857143,0.1875,0.0888392857142857,0.19375,凱基金
36.34999847412109,36.400001525878906,35.900001525878906,36.400001525878906,29542362.0,0.0153417873129015,36.20000076293945,0.0997654105361718,34.847500228881835,0.1912686955765075,32.665021387736004,0.1325942501925532,32.18076090812683,0.0187450186319482,68.62747151317866,47001796.0,0.6285368754845028,0.0445512959839324,2884.TW,2026-07-27,-0.0287218773351097,0.1209944414170409,bull,0.0796296296296296,0.1631139944392956,2026-03-31,2026-05-15,25169421000.0,,,12706707000.0,2639201000.0,10056957000.0,,,,4679436007000.0,4394289185000.0,285146822000.0,45485669000.0,,,,0.2077014131198586,,4679436007000.0,,0.0352693988642805,0.0021491814365995,15.410619533399537,,,0.3995704549580223,0.174006725249566,,,29.938092003685178,29.938092003685178,False,73.77090090081347,73.77090090081347,62.8126986765314,686.0,True,False,True,True,True,True,True,True,True,True,True,True,False,True,False,False,False,12,False,0.1143418855848412,0.1311106542756286,1.0,1710865446.119049,0.0824074074074074,1.0,3.0,,,,,,-0.0543863278069019,-0.1480115606817519,0.1291030459569167,-1.9842039151179656,0.0611607142857142,-1.9842039151179656,0.0708491632388691,-686.0,0.3928571428571428,0.5089285714285714,0.0267857142857142,0.3379464285714285,0.3544642857142857,玉山金
49.0,49.79999923706055,48.29999923706055,49.400001525878906,30952408.0,0.0248962809947115,48.560000610351565,0.0692640846340941,47.1125,0.2634271983047527,43.54083353678386,0.242767333984375,41.49250001907349,0.0151368231259555,72.80706509554496,35140829.65,0.880810393729563,0.0485540254896026,2886.TW,2026-07-27,-0.0287218773351097,0.1209944414170409,bull,0.1231481481481481,0.1195551436515292,2026-03-31,2026-05-15,20768442000.0,,,11219594000.0,1822242000.0,9397352000.0,,,,5003279677000.0,4601326283000.0,401953394000.0,108936088000.0,,,,0.1624160375143699,,5003279677000.0,,0.0233792079884763,0.0018782383969458,11.447412440557724,,,0.4524822805677961,0.1010590363542149,,,21.43739093265881,21.43739093265881,False,72.36284575506755,72.36284575506755,59.63148204946537,834.0,True,False,True,True,True,True,True,False,True,True,True,True,True,True,False,False,False,12,False,0.1345671984929997,0.1905766464582865,1.0,1735957038.3306506,0.0814814814814814,1.0,3.0,,,,,,-0.0634914623926091,-0.1603051159748411,0.1549600175175968,-1.8913281592915387,0.06875,-1.8913281592915387,0.081172529133759,-834.0,0.2946428571428571,0.3392857142857143,0.0357142857142857,0.2558035714285714,0.25625,兆豐金
34.5,35.0,34.04999923706055,34.95000076293945,40403121.0,0.0339631503762674,34.58000030517578,0.0590909322102863,34.49860553741455,0.4684874740885076,29.38953517278036,0.5814479710255624,26.740184227625534,0.0183006345964488,50.29095230886095,73342410.6,0.5508834611443765,0.0130844484434409,2887.TW,2026-07-27,-0.0287218773351097,0.1209944414170409,bull,0.1518518518518518,0.051899907321594,2026-03-31,2026-05-15,47867456000.0,,,25588754000.0,4532177000.0,21040510000.0,,,,9064708955000.0,8465511408000.0,599197547000.0,97795796000.0,,,,0.1771159705548773,,9064708955000.0,,0.035114479532407,0.0023211456765409,14.12808088147931,,,0.439557723727787,0.933005034802805,,,37.907562917661295,37.907562917661295,False,70.23731746502466,70.23731746502466,62.15487882818382,561.0,True,False,True,True,True,True,True,True,True,True,True,True,False,True,False,False,False,12,False,0.1891988273196312,0.3070216893581563,1.0,2563317306.4258184,0.0555555555555555,1.0,3.0,,,,,,-0.0841747669983541,-0.2092445879261051,0.1127125781797073,-2.019673556397199,0.0241071428571428,-2.019673556397199,0.0364282990018284,-561.0,0.5089285714285714,0.4732142857142857,0.0178571428571428,0.4352678571428571,0.3999999999999999,台新新光金
15.75,15.75,15.550000190734863,15.699999809265137,3992631.0,0.0,15.719999885559082,0.0608107842521308,15.525000047683717,0.0827586075355266,15.045833365122478,-0.0513594844096427,15.513333376248678,0.0132158564672018,64.28566562898062,7022940.5,0.5685127191380875,0.0112721263152286,2889.TW,2026-07-27,-0.0287218773351097,0.1209944414170409,bull,0.1481481481481481,0.3123262279888786,2026-03-31,2026-05-15,2670617000.0,,,1318966000.0,191865000.0,897373000.0,,,,469578158000.0,414812209000.0,54765949000.0,15724281000.0,,,,0.1454662212672654,,469578158000.0,,0.0163856012063262,0.0019110194644104,7.57427227272187,,,0.3360171076571444,0.5571184687557942,,,31.713016597318976,31.713016597318976,False,70.03600412767973,70.03600412767973,60.45525724508954,654.0,True,False,True,True,True,True,True,True,True,False,True,True,False,True,False,False,False,11,False,0.0434782459879605,0.0120326449828152,1.0,110260164.5104804,0.3490740740740741,0.0,3.0,,,,,,0.0071592099709011,-0.0928874409182923,0.1533881179580083,-1.2137651995134724,0.2241071428571429,-1.2137651995134724,0.2398799997476468,-654.0,0.4285714285714285,0.3839285714285714,0.1339285714285714,0.3843749999999999,0.35625,國票金
34.599998474121094,35.099998474121094,34.099998474121094,34.79999923706055,38701456.0,0.0250367733437275,34.42000045776367,0.0545454314260771,33.624999809265134,0.2062391257163549,31.02083314259847,0.1917807646508214,29.95416655540466,0.0137172179266528,66.66666666666666,38792124.45,0.9976627098596554,0.0349442210991968,2892.TW,2026-07-27,-0.0287218773351097,0.1209944414170409,bull,0.1638888888888889,0.1455050973123262,2026-03-31,2026-05-15,19296673000.0,,,10035758000.0,1792064000.0,8243694000.0,,,,5146398447000.0,4848752228000.0,297646219000.0,66304190000.0,,,,0.1785678769854753,,5146398447000.0,,0.0276962832845526,0.0016018374956578,16.290320247609124,,,0.427208047729264,0.0559316737098873,,,19.735682713005552,19.735682713005552,False,73.06142802916196,73.06142802916196,59.72999170012286,865.0,True,False,True,True,True,True,True,True,True,True,True,True,True,True,False,False,False,13,False,0.1218267116518043,0.161774912771911,1.0,1349965901.263958,0.1009259259259259,1.0,3.0,,,,,,-0.0408230556462815,-0.1704903717615566,0.1641125353781888,-1.497583328622159,0.1370535714285714,-1.497583328622159,0.1596355580613602,-865.0,0.2321428571428571,0.3571428571428571,0.0892857142857142,0.2107142857142857,0.2410714285714285,第一金
22.25,22.450000762939453,22.200000762939453,22.299999237060547,2659518.0,0.0045044356164181,22.25,0.0056122408606915,22.1774998664856,0.0622345860844406,21.720706748962403,0.0743328780839942,21.62502751350403,0.0023371753064189,48.27585299713952,2538208.2,1.047793478880101,0.0055235879297679,2903.TW,2026-07-27,-0.0287218773351097,0.1209944414170409,bull,0.374074074074074,0.355885078776645,2026-03-31,2026-05-15,8445107000.0,4894442000.0,1258959000.0,711710000.0,98348000.0,552249000.0,0.39,23289316000.0,44841575000.0,132760502000.0,96156196000.0,36604306000.0,11187325000.0,13575489000.0,13506440000.0,,0.138185496901828,1084989125.0059714,87918927000.0,0.0123407912497154,0.0150869955026602,0.0041597387150584,2.6269094133351416,0.5795595011407197,0.1490755534536152,0.0653927771430249,-0.0031784571239377,,,39.04410208893306,39.04410208893306,False,55.73922879317649,55.73922879317649,51.565447117115625,534.0,True,False,True,True,True,True,True,False,True,False,True,True,True,True,False,False,False,11,False,0.0266700570470994,0.0312125255394484,1.0,56602040.92350083,0.4342592592592592,0.0,3.0,,,,,,0.0602216424511684,0.0085780042180085,0.1680602582781784,-1.3341975685119447,0.4419642857142857,-1.3341975685119447,0.5203089315354756,-534.0,0.5178571428571429,0.0178571428571428,0.5,0.5151785714285715,0.3642857142857143,遠百
16.149999618530273,16.25,15.949999809265137,16.149999618530273,1053637.0,0.048701299907667,15.979999923706057,0.0912161763781962,15.409999990463255,0.1788321053558141,14.50583332379659,0.045307431579731,14.726666649182638,0.0173295891503689,71.11111582061591,922836.8,1.141737087207619,0.0480207416304332,2905.TW,2026-07-27,-0.0287218773351097,0.1209944414170409,bull,0.0916666666666666,0.1733086190917516,2026-03-31,2026-05-15,29552820000.0,,,,-68929000.0,32878000.0,0.03,133124099000.0,1468399841000.0,1617410517000.0,62246052000.0,86764624000.0,72610211000.0,2757000000.0,7269508000.0,,,,149010676000.0,,0.0003789332389661,2.032755423217024e-05,0.717412801788895,,,0.0011125165043471,-0.4161502905041906,,,21.27042291580655,21.27042291580655,False,73.1001553853058,73.1001553853058,60.14272226793098,839.0,True,False,True,True,True,True,True,True,True,True,True,True,True,True,False,False,False,13,False,0.1133451803859109,0.09665004330268,1.0,14903813.9679657,0.6148148148148148,0.0,3.0,,,,,,0.0701606646924633,0.0247124129741438,0.1513795765952582,-1.4106235416627046,0.4776785714285714,-1.4106235416627046,0.4456047798093253,-839.0,0.2857142857142857,0.3660714285714285,0.4196428571428571,0.3058035714285714,0.3366071428571429,三商
21.700000762939453,21.799999237060547,21.600000381469727,21.799999237060547,91649.0,-0.0090909437699751,21.66999969482422,0.016316944600105,21.65499992370605,0.0834050501872631,21.023108386993407,0.1020844908320317,20.37754228909811,0.0053388937002559,67.64700602497504,177371.4,0.516706752046835,0.0066958814992079,2908.TW,2026-07-27,-0.0287218773351097,0.1209944414170409,bull,0.3138888888888889,0.3076923076923077,2026-03-31,2026-05-15,9402236000.0,2780908000.0,276866000.0,231204000.0,54293000.0,160854000.0,0.32,20114529000.0,15304252000.0,40538813000.0,31810333000.0,8728480000.0,2421634000.0,4169050000.0,9539478000.0,,0.2348272521236656,211850318.0135292,25234561000.0,0.0083952448395487,0.0184286382050483,0.0039679010828462,3.6444298434549887,0.2957709208745664,0.0294468252020051,0.0171080581257479,0.0988141239298459,,,24.019508975015057,24.019508975015057,False,61.06345351598736,61.06345351598736,51.80246738074429,786.0,True,False,True,True,True,True,True,True,True,False,True,True,False,True,False,False,False,11,False,0.0369541380735014,0.0698051280071907,1.0,3866696.384676361,0.799074074074074,0.0,3.0,,,,,,0.1127454650189405,0.0712613702368915,0.2560185165296334,0.0341892128218531,0.8803571428571428,0.0341892128218531,0.8961813586278827,-786.0,0.3303571428571428,0.0535714285714285,0.9553571428571428,0.4241071428571428,0.3723214285714286,特力
23.700000762939453,25.89999961853028,23.700000762939453,25.89999961853028,74627.0,0.0058252279040884,25.499999618530275,0.1260869399360991,23.8375,0.1990740352370292,22.627500089009608,0.3135015357328614,21.80941694577535,0.0284758857973048,58.89422916008151,148109.7,0.5038630150489806,0.0865233190783545,2910.TW,2026-07-27,-0.0287218773351097,0.1209944414170409,bull,0.0564814814814814,0.1519925857275255,2026-03-31,2026-05-15,134947000.0,122139000.0,79615000.0,67368000.0,16123000.0,51245000.0,0.29,1046634000.0,924884000.0,6492314000.0,3855433000.0,2636881000.0,179700000.0,437000000.0,2663000000.0,,0.2393272770454815,60560958.83802399,5567430000.0,0.010877722546673,0.0194339448765416,0.0078931795350625,1.4621186925007237,0.9050886644386316,0.5899723595189222,0.3797416763618309,0.0604038975326104,,,53.55098246287692,53.55098246287692,False,84.37627212454309,84.37627212454309,76.66994970912654,319.0,True,True,True,True,True,True,True,True,True,True,True,True,False,True,False,False,False,13,False,0.1446248819643205,0.1875603865488619,1.0,3836041.173500634,0.8,0.0,3.0,,,,,,0.0543891910038591,-0.0202302551566588,0.1401429682354414,-1.4350148308373902,0.3223214285714286,-1.4350148308373902,0.4083535555136554,-319.0,0.7321428571428571,0.9375,0.3571428571428571,0.6758928571428571,0.71875,統領
240.5,241.5,237.5,239.5,3401810.0,-0.0164271047227926,240.0,0.0691964285714286,238.35,0.0691964285714286,229.45,0.1217798594847774,225.78333333333333,0.0159846547314578,48.93617021276596,3478666.3,0.977906389008914,0.0048248374239563,2912.TW,2026-07-27,-0.0287218773351097,0.1209944414170409,bull,0.125,0.335495829471733,2026-03-31,2026-05-15,88527614000.0,30610284000.0,3773259000.0,4620847000.0,1050028000.0,3090726000.0,2.97,94109724000.0,113749838000.0,295505038000.0,238221964000.0,57283074000.0,49536616000.0,11451234000.0,19468012000.0,,0.2272371277387024,2915834462.6257915,181755200000.0,0.0160426467172647,0.0539553097307592,0.0104591313262144,4.158679822245573,0.3457710268798162,0.0426223957645577,0.0349125641181292,0.0459148681272323,,,37.38307615957289,37.38307615957289,False,63.26467404853637,63.26467404853637,56.7942745762955,569.0,True,False,True,True,True,True,True,False,True,False,True,True,True,True,False,False,False,11,False,0.0438003922423186,0.0607514578873551,1.0,833140578.8499999,0.1416666666666666,2.0,3.0,,,,,,0.0814512336003559,0.0127700636874241,0.2064394159963045,-0.8618119966686475,0.6816964285714285,-0.8618119966686475,0.6499495977069507,-569.0,0.5,0.2053571428571428,0.7142857142857143,0.5321428571428571,0.4544642857142857,統一超
34.849998474121094,35.0,30.049999237060547,34.45000076293945,315907.0,-0.0496551513671874,33.12000045776367,0.3224568818385407,30.62250003814697,0.6023256168809048,26.229166571299235,0.7942708017718474,23.738749917348223,0.0690347411586068,66.44444783528647,213549.8,1.4793130220679205,0.1249898185982365,2923.TW,2026-07-27,-0.0287218773351097,0.1209944414170409,bull,0.0092592592592592,0.0342910101946246,2026-03-31,2026-05-15,2068437000.0,1223647000.0,1093718000.0,507741000.0,478663000.0,26623000.0,0.02,43331856000.0,14759908000.0,117789596000.0,69575606000.0,48213990000.0,4643421000.0,6895034000.0,45987458000.0,,0.4,656230800.0,103029688000.0,0.0063693369623714,0.00055218412747,0.0002260216598416,1.4430584566844602,0.5915805025727155,0.5287654397982632,0.0128710712484837,1.5370100759838343,,,53.57592567176444,53.57592567176444,False,91.8098356676043,91.8098356676043,82.25135816864433,317.0,True,True,True,True,True,True,True,True,True,True,True,True,True,True,False,False,False,14,False,0.3134233857295225,0.4512137700125258,1.0,7356790.772925567,0.7148148148148148,1.0,3.0,,,,,,0.1010135542604118,0.0205556251440212,0.3064400641425479,-1.298901618776239,0.7665178571428573,-1.298901618776239,0.7570828295393803,-317.0,0.7410714285714286,0.9910714285714286,0.8303571428571429,0.7544642857142858,0.8339285714285716,鼎固-KY
78.5999984741211,84.69999694824219,77.5,81.9000015258789,1383611.0,0.0748032126760893,79.16000061035156,0.0608808907180109,79.04500045776368,0.2796875238418579,81.14333305358886,0.1280992182812907,73.96416629155478,-0.0001264874574918,60.30534462289395,512931.25,2.6974589674542155,0.0361186798859056,3032.TW,2026-07-27,-0.0287218773351097,0.1209944414170409,bull,0.1472222222222222,0.1075069508804448,2026-03-31,2026-05-15,2715936000.0,629129000.0,275551000.0,180015000.0,72662000.0,96594000.0,0.85,9631770000.0,5887506000.0,18270181000.0,14504218000.0,3765963000.0,3226598000.0,764158000.0,6085464000.0,1877438000.0,0.4,165330600.0,12382675000.0,0.0133517676915529,0.0256492164155622,0.005286975536805,3.851396840595619,0.2316435291553261,0.1014571035547229,0.0355656392492312,0.1618898009682072,,,33.05757501436418,33.05757501436418,False,60.13371024391874,60.13371024391874,53.3646764365301,631.0,True,False,True,True,True,False,False,True,True,True,True,True,True,True,False,False,False,11,False,0.0093250849307646,0.1072929721541422,1.0,42009070.157670975,0.4712962962962962,1.0,3.0,,,,,,0.1045555740415294,0.0202832131170652,0.2943065973063504,-0.2406294398131727,0.83125,-0.2406294398131727,0.8468679739054867,-631.0,0.4464285714285714,0.0803571428571428,0.9107142857142856,0.5160714285714285,0.4294642857142857,偉訓
372.0,380.5,357.5,379.5,6702860.0,-0.1856223175965665,416.4,0.1465256797583081,429.5830322265625,1.007936507936508,338.59434407552084,1.8426966292134832,243.4596720377604,0.036806140987719,49.69390500839068,8600438.05,0.7793626279303296,-0.1165852197815594,3532.TW,2026-07-27,-0.0287218773351097,0.1209944414170409,bull,0.0462962962962962,0.0101946246524559,2026-03-31,2026-05-15,3308768000.0,27622000.0,-105154000.0,-82202000.0,-13987000.0,-68215000.0,-0.18,9109304000.0,3626589000.0,51226148000.0,26972355000.0,24253793000.0,1958029000.0,0.0,20500000000.0,,0.1701540108513174,-87261625.14294055,47599559000.0,-0.0018332444034395,-0.0028125497731426,-0.0013316441439243,1.112088117516299,0.0083481223222661,-0.03178040890144,-0.0206164348784804,0.1086960163893446,,,17.44238091593533,17.44238091593533,False,73.35624549479971,73.35624549479971,59.377779350083614,902.0,True,False,True,True,False,True,True,False,True,True,True,True,False,True,False,False,False,10,False,0.1208102162372666,0.5587797224221178,1.0,3263866239.9750004,0.0481481481481481,2.0,3.0,,,,,,-0.1385277851601814,-0.2782584216415019,0.0979295474338992,-1.7981933939349526,0.0330357142857142,-1.7981933939349526,0.0281294040585484,-902.0,0.1875,0.3214285714285714,0.0089285714285714,0.1607142857142857,0.1919642857142857,台勝科
20.799999237060547,20.850000381469727,20.700000762939453,20.799999237060547,828431.0,0.009708682130449,20.719999694824217,0.019607729473658,20.63701057434082,0.0540041844348573,20.129493236541748,-0.0593296056809463,20.647940317789715,0.0049376844310391,51.2820312179052,924749.9,0.8958432977392049,0.0078978814364896,3703.TW,2026-07-27,-0.0287218773351097,0.1209944414170409,bull,0.2953703703703704,0.3716404077849861,2026-03-31,2026-05-15,6361105000.0,914713000.0,324449000.0,316048000.0,20798000.0,271125000.0,0.33,60631473000.0,49543922000.0,96677563000.0,67868177000.0,28809386000.0,10527237000.0,21243501000.0,17124326000.0,,0.0658064597782615,303098159.93140286,47133641000.0,0.0064306120533188,0.0094109954304475,0.0028044252625606,2.355766172871577,0.1437978150022676,0.0510051319699957,0.042622311689557,-0.1407257525820014,,,12.969657927377604,12.969657927377604,False,57.50603548063837,57.50603548063837,46.371941092323176,995.0,True,False,True,True,True,True,True,True,True,False,True,True,True,True,False,False,False,12,False,0.0333096314268661,0.0073643625916441,1.0,19234797.214471817,0.5740740740740741,0.0,3.0,,,,,,0.0685924650971553,0.0106955613984303,0.1288045709463347,-1.6354543590184447,0.3959821428571429,-1.6354543590184447,0.4729215810648162,-995.0,0.0892857142857142,0.0089285714285714,0.4553571428571428,0.1441964285714285,0.1383928571428571,欣陸
15.350000381469728,15.449999809265137,15.199999809265137,15.399999618530272,214246.0,-0.0314465416349625,15.59000015258789,0.0405405013556028,15.6375,0.1846153552715592,14.920833317438762,0.0511945405821956,14.318333299954732,0.012135925453877,45.945920867526,392309.95,0.5461141120687865,-0.0151878741147707,4155.TW,2026-07-27,-0.0287218773351097,0.1209944414170409,bull,0.2101851851851852,0.1677479147358665,2026-03-31,2026-05-15,383779000.0,122643000.0,60100000.0,74753000.0,11183000.0,55352000.0,0.39,1271738000.0,511347000.0,3888106000.0,1297683000.0,2590423000.0,305794000.0,215000000.0,678514000.0,,0.1495993471833906,51109079.234278224,3376759000.0,0.0151355424637287,0.0213679387497717,0.0142362373865321,0.5009540912816169,0.3195667298106462,0.1566005435419864,0.1442288400355413,-0.0693423930703681,,,50.12101486575806,50.12101486575806,False,64.50074657604779,64.50074657604779,60.90581364847536,364.0,True,False,True,True,False,True,True,False,True,True,True,True,False,True,False,False,False,10,False,0.032113910188346,0.0755441500009612,1.0,6041573.08034563,0.7305555555555555,0.0,3.0,,,,,,0.0988596796976427,0.0565493752793992,0.2039099430453913,-1.0840555153773197,0.7455357142857142,-1.0840555153773197,0.7894232237828496,-364.0,0.6785714285714286,0.4107142857142857,0.8839285714285714,0.7093750000000001,0.6392857142857143,訊映
26.14999961853028,26.700000762939453,25.64999961853028,26.700000762939453,34175.0,0.0389105046814646,26.640000534057616,0.1125000317891438,25.882500076293944,0.0616302651260141,25.058333333333334,-0.1055276240628033,26.55000001589457,0.0258620750915977,55.08474603667733,48308.35,0.7074346360411813,0.0315850742484598,4190.TW,2026-07-27,-0.0287218773351097,0.1209944414170409,bull,0.0657407407407407,0.3577386468952734,2026-03-31,2026-05-15,547291000.0,358277000.0,-2980000.0,-1118000.0,14477000.0,-15595000.0,-0.26,1622513000.0,3364541000.0,6747057000.0,5134925000.0,1612132000.0,755987000.0,400000000.0,918267000.0,0.0,0.0,-2980000.0,3382516000.0,-0.0008810010063514,-0.0096735254929497,-0.0023113781312355,3.185176524006719,0.6546371126146785,-0.0054450009227266,-0.0284948957684303,-0.0893812082993626,,,14.664956846451332,14.664956846451332,False,70.14389672240907,70.14389672240907,56.274161753419634,965.0,True,False,True,True,True,True,True,True,True,False,True,True,False,True,False,False,False,11,False,0.0655138315772312,0.0056497456480255,1.0,1289832.981856346,0.9203703703703704,0.0,3.0,,,,,,0.0245811639145512,-0.057666530587031,0.2065019642967473,-0.159488443615384,0.4441964285714286,-0.159488443615384,0.4479683202109673,-965.0,0.1517857142857142,0.1696428571428571,0.4285714285714285,0.1933035714285714,0.2125,佐登-KY
166.0,166.0,164.5,165.5,224710.0,0.0091463414634145,165.1,0.0,165.18245620727538,0.1070234113712373,161.4608187357585,0.0,159.22624270121256,0.0003027872360671,50.37369062024355,406385.1,0.5529484225676582,0.0019223820738332,4536.TW,2026-07-27,-0.0287218773351097,0.1209944414170409,bull,0.4060185185185185,0.2594995366079703,2026-03-31,2026-05-15,2316961000.0,794900000.0,396418000.0,448947000.0,83458000.0,327949000.0,3.61,9168173000.0,3277337000.0,14414904000.0,4782570000.0,9632334000.0,5697733000.0,352903000.0,784549000.0,,0.1858972217210494,322724995.159785,11137567000.0,0.0289762562290116,0.0340466806902667,0.022750689147843,0.4965120603168453,0.3430787138842647,0.1710939459058655,0.1415427363688901,-0.0352736858453488,,,64.73287402560862,64.73287402560862,False,56.49215453539795,56.49215453539795,58.55233440795062,213.0,True,False,False,True,True,True,True,True,True,False,True,True,False,True,True,False,False,10,False,0.0250164795141534,0.0394015282428044,1.0,67256734.05,0.4046296296296296,2.0,3.0,,,,,,0.0685067601297345,0.0198762189950787,0.1729182065480574,-1.0273483873012086,0.5575892857142858,-1.0273483873012086,0.5204904089954567,-213.0,0.8482142857142857,0.2767857142857143,0.5089285714285714,0.7973214285714285,0.6089285714285714,拓凱
52.20000076293945,52.5,51.09999847412109,51.79999923706055,52254.0,0.0277777315237337,52.47999954223633,0.0870933384740346,50.312499809265134,0.080655772721228,47.425588353474936,-0.2802832276456539,53.12526067097982,0.0264191337292743,64.3678211318518,51783.5,1.0090859057421766,0.0295652061303757,4557.TW,2026-07-27,-0.0287218773351097,0.1209944414170409,bull,0.0972222222222222,0.3169601482854495,2026-03-31,2026-05-15,730462000.0,167992000.0,13627000.0,1451000.0,7135000.0,5153000.0,0.11,2969492000.0,2502190000.0,5521408000.0,2693000000.0,2828408000.0,1164370000.0,1445527000.0,91049000.0,,0.4,8176200.0,3019218000.0,0.0027080522174947,0.0018218729405375,0.0009332764396327,0.9521257187789032,0.2299804781083752,0.018655316772125,0.0070544395190988,-0.3271965802676432,,,17.877552606452653,17.877552606452653,False,72.95678920507788,72.95678920507788,59.18698005542157,895.0,True,False,True,True,True,True,True,True,True,False,True,True,True,True,False,False,False,12,False,0.09223735615006,-0.0249459751760466,0.0,2682385.260492325,0.8388888888888889,1.0,3.0,,,,,,0.0341196877272984,-0.0357697230728795,0.2090099510739592,-1.4288515387178846,0.3834821428571428,-1.4288515387178846,0.3548253610319118,-895.0,0.2053571428571428,0.3125,0.2321428571428571,0.2093749999999999,0.2428571428571428,永新-KY
70.5999984741211,73.80000305175781,68.30000305175781,73.30000305175781,3723864.0,0.1006006716387561,70.28000183105469,0.2016393942911116,66.10999984741211,0.0907739044722559,65.28499997456869,0.2139380563679644,62.80853106180827,0.0321623799847019,67.89668842029576,2301100.65,1.618296878930524,0.108758179109679,4566.TW,2026-07-27,-0.0287218773351097,0.1209944414170409,bull,0.024074074074074,0.2947173308619091,2026-03-31,2026-05-15,1354549000.0,296455000.0,38413000.0,65488000.0,22696000.0,40409000.0,0.37,5180146000.0,3777583000.0,10646601000.0,5592503000.0,5054098000.0,2044806000.0,832690000.0,976708000.0,0.0,0.3465673100415343,25100309.919374544,6869018000.0,0.0036541336650121,0.0079952941157848,0.0037954836477858,1.10652840526638,0.2188588231212012,0.0283585163770376,0.0298320695670662,0.0816066447931047,,,26.559226672275766,26.559226672275766,False,83.15756497395364,83.15756497395364,69.00798039853417,747.0,True,True,True,True,True,True,True,True,True,False,False,True,True,True,False,False,False,12,False,0.1227694429089578,0.167038964493934,1.0,168670684.66740188,0.2981481481481481,1.0,3.0,,,,,,0.030616044714507,-0.0510891245594721,0.2117192792408755,-1.543996816723424,0.3441964285714286,-1.543996816723424,0.3570929473112086,-747.0,0.3482142857142857,0.7142857142857143,0.25,0.3334821428571428,0.4383928571428571,時碩工業
50.400001525878906,50.900001525878906,49.0,49.70000076293945,6482222.0,0.0226337926616213,50.15,0.0386625360044454,48.575,0.1749409375732447,45.00833333333333,-0.0158415690507038,45.37166668574015,0.0245188505141049,51.700679742510616,11308760.5,0.5732035796496,0.0231600774665867,4763.TW,2026-07-27,-0.0287218773351097,0.1209944414170409,bull,0.2148148148148148,0.1770157553290083,2026-03-31,2026-05-15,2711414000.0,1506899000.0,1344230000.0,1277102000.0,163292000.0,1114887000.0,1.13,18689835000.0,1425022000.0,23180026000.0,1425022000.0,21755004000.0,10088044000.0,,,,0.1278613611128946,1172354922.5512135,21755004000.0,0.0538889775681591,0.0512473819816351,0.0480968830664814,0.0655031826240988,0.5557613112567834,0.4957671532270616,0.4111828735855166,-0.3473205110583516,,,80.5798896395777,80.5798896395777,False,66.06016812787925,66.06016812787925,69.69009850580386,83.0,True,False,True,True,True,True,True,True,True,True,True,True,False,True,True,False,False,12,False,0.1042399725148555,0.0953972907184308,1.0,562045405.4778996,0.1824074074074074,1.0,2.0,,,,,,0.0682078510544275,-0.0078287120484379,0.1732742233872176,-1.337705557334808,0.4589285714285714,-1.337705557334808,0.4337538332137263,-83.0,0.9464285714285714,0.7857142857142857,0.4107142857142857,0.8660714285714285,0.7910714285714285,材料*-KY
89.4000015258789,89.4000015258789,86.5999984741211,87.4000015258789,12598706.0,0.0925000190734863,86.04000091552734,0.0632603986702207,83.60999946594238,0.1097612980525182,82.71928278605144,0.314148989439837,77.57640692392985,0.0100265802559847,65.08875151967142,11508641.85,1.0947170104176975,0.045329530966931,4938.TW,2026-07-27,-0.0287218773351097,0.1209944414170409,bull,0.1398148148148148,0.2576459684893419,2026-03-31,2026-05-15,244105400000.0,10801479000.0,2829288000.0,3464858000.0,605203000.0,1561454000.0,0.58,455223337000.0,347425362000.0,623242706000.0,374551574000.0,248691132000.0,112291906000.0,50872952000.0,7687427000.0,2697039000.0,0.174668918610806,2335099324.60147,275817344000.0,0.0084661076447805,0.0062786878946692,0.0025053706765723,1.5060913953296895,0.0442492423354829,0.0115904359346413,0.0063966385012375,-0.1039816497152077,,,13.24211612714073,13.24211612714073,False,74.38811843330105,74.38811843330105,59.10161785676097,992.0,True,False,True,True,True,True,True,True,True,False,True,True,True,True,False,False,False,12,False,0.0565855817673597,0.126631214198692,1.0,1005855315.2507938,0.1166666666666666,1.0,3.0,,,,,,0.0012622708150888,-0.0551738142186244,0.2028588135509192,-1.5948122428153104,0.2803571428571428,-1.5948122428153104,0.2760293719194647,-992.0,0.0982142857142857,0.3035714285714285,0.1517857142857142,0.10625,0.1705357142857143,和碩
52.20000076293945,53.29999923706055,51.29999923706055,52.20000076293945,321091.0,0.0255402592944833,53.099999237060544,0.087500015894572,52.257499313354494,0.0954879137745552,52.06416632334391,-0.1525973692212133,51.15791657765706,0.0222515614299671,53.4482785080147,535533.1,0.5995726501312431,-0.0011002928033402,5258.TW,2026-07-27,-0.0287218773351097,0.1209944414170409,bull,0.0953703703703703,0.2808155699721965,2026-03-31,2026-05-15,1603796000.0,513081000.0,-24667000.0,-35975000.0,21238000.0,-66972000.0,-0.61,7950376000.0,4784173000.0,9668607000.0,5162525000.0,4506082000.0,2164530000.0,1657000000.0,127904000.0,,0.0,-24667000.0,4884434000.0,-0.0050501245384828,-0.0148625790653609,-0.0069267475656007,1.1456793285164362,0.3199166228123776,-0.0153803850365009,-0.0417584281292633,0.0169769242427029,,,22.965156464641765,22.965156464641765,False,66.72769798182253,66.72769798182253,55.78706260252734,811.0,True,False,True,True,False,True,True,True,True,False,True,True,False,True,False,False,False,10,False,0.0026089813625738,0.0203699496577527,1.0,27954828.228579327,0.5333333333333333,1.0,3.0,,,,,,0.0336345977282297,-0.0243309396992261,0.1971354683384842,-1.6338609773203303,0.3330357142857142,-1.6338609773203303,0.3419768121305555,-811.0,0.3125,0.1339285714285714,0.2142857142857142,0.2977678571428571,0.2392857142857142,虹堡
197.5,197.5,192.5,194.5,135528.0,0.0428954423592493,195.4,0.1082621082621082,187.875,0.1716867469879517,173.39166666666668,0.2588996763754045,160.57916666666668,0.0214761451678672,57.42574257425742,164765.55,0.8225505877897413,0.0352628077178975,5288.TW,2026-07-27,-0.0287218773351097,0.1209944414170409,bull,0.0722222222222222,0.1797961075069508,2026-03-31,2026-05-15,2061135000.0,478999000.0,298138000.0,346156000.0,100630000.0,249057000.0,3.59,4729511000.0,1996750000.0,8144719000.0,2033096000.0,6111623000.0,1527526000.0,170275000.0,,0.0,0.2907070800448352,211467172.5695929,6147969000.0,0.0343962652657475,0.0407513683353832,0.0305789555170657,0.3326605715044923,0.2323957431221147,0.1446474879132128,0.120834879811366,0.0892520430725782,,,70.01559901846518,70.01559901846518,False,77.30560081577039,77.30560081577039,75.48310036644409,163.0,True,True,True,True,True,True,True,True,True,True,True,True,True,True,True,False,False,14,False,0.1217378766761185,0.2112405615091206,1.0,32046899.475,0.5138888888888888,2.0,3.0,,,,,,0.0487570118751068,-0.0046700539619339,0.2525824928038174,-1.5098670696718628,0.4790178571428571,-1.5098670696718628,0.4490527856403524,-163.0,0.8839285714285714,0.9107142857142856,0.4375,0.8169642857142857,0.8026785714285715,豐祥-KY
91.4000015258789,91.8000030517578,89.30000305175781,91.0999984741211,194539.0,-0.0193757052980929,91.86000061035156,0.0630105217989702,89.53500022888184,0.1386990499635283,85.26914774576822,-0.0252770725575864,86.11774895985921,0.0202058903046332,60.88889597198348,285025.35,0.682532273006594,0.0174791784356798,5306.TW,2026-07-27,-0.0287218773351097,0.1209944414170409,bull,0.1407407407407407,0.2159406858202039,2026-03-31,2026-05-15,1341388000.0,561120000.0,294671000.0,324498000.0,98836000.0,225673000.0,1.79,6076821000.0,3279027000.0,14278795000.0,5015002000.0,9263793000.0,2533303000.0,1157914000.0,920000000.0,0.0,0.304581230084623,204919744.34973404,10999768000.0,0.0186294605804171,0.0243607559020371,0.0158047650379461,0.5413551447015278,0.4183129713401342,0.219676186159411,0.1682384216945432,0.052471848048508,,,64.26179889626455,64.26179889626455,False,76.71240991522765,76.71240991522765,73.59975716048687,219.0,True,True,True,True,True,True,True,True,True,True,True,True,False,True,True,False,False,13,False,0.0683817169808906,0.0578539218040194,1.0,25965808.95008583,0.5435185185185185,1.0,3.0,,,,,,0.0676382935027322,0.0174649978433577,0.1569898371999742,-1.7414184442843053,0.40625,-1.7414184442843053,0.4294627925550386,-219.0,0.8303571428571429,0.875,0.4017857142857143,0.7660714285714285,0.7580357142857144,桂盟
89.80000305175781,94.6999969482422,89.69999694824219,90.5999984741211,10749659.0,0.094202839793225,88.13999786376954,0.1705425928684087,84.67499961853028,0.1843137055440666,83.9016663869222,0.1301507096273662,81.40809694925944,0.0272352262149959,66.51375215670353,4740597.3,2.267574805394249,0.0699734146121471,5388.TW,2026-07-27,-0.0287218773351097,0.1209944414170409,bull,0.0351851851851851,0.1686746987951807,2026-03-31,2026-05-15,16646403000.0,2274636000.0,490201000.0,382940000.0,80658000.0,301579000.0,1.01,42315171000.0,32167536000.0,51409565000.0,35731734000.0,15677831000.0,4910695000.0,4793230000.0,,2861036000.0,0.210628296861127,386950798.25037867,19242029000.0,0.020109667138033,0.019236015492194,0.0058662040808942,2.2791248355719613,0.1366442948665847,0.0294478633011588,0.0181167667273224,0.466090584343525,,,33.75584177938652,33.75584177938652,False,79.43230357368437,79.43230357368437,68.0131881251099,616.0,True,True,True,True,True,True,True,True,True,True,True,True,True,True,False,False,False,14,False,0.079835507155588,0.1129113917328252,1.0,429498108.14642256,0.199074074074074,1.0,3.0,,,,,,0.0591888536516192,-0.0327857970448813,0.2005478164439607,-1.4616366586845633,0.425,-1.4616366586845633,0.4207324322030204,-616.0,0.4553571428571428,0.6607142857142857,0.3839285714285714,0.4446428571428571,0.5026785714285714,中磊
43.84999847412109,44.20000076293945,42.84999847412109,43.59999847412109,478209.0,0.0198830052425984,43.29000015258789,0.0765431722005207,41.70500011444092,0.1636748269145538,39.150445493062335,0.3991600249436451,36.23115738232931,0.0231466586612147,65.12817764033566,463269.4,1.032248190793521,0.0454381574027138,5515.TW,2026-07-27,-0.0287218773351097,0.1209944414170409,bull,0.1055555555555555,0.1835032437442076,2026-03-31,2026-05-15,2015280000.0,391103000.0,268702000.0,476647000.0,82479000.0,394168000.0,1.96,9114211000.0,5142167000.0,11530797000.0,5836747000.0,5694050000.0,2270517000.0,100000000.0,,,0.1730400065457246,222205804.1611507,6388630000.0,0.0347814483169553,0.0692245414072584,0.0341839336864572,1.02506072127923,0.1940688142590607,0.1333323409154063,0.1955896947322456,0.3881614203981094,,,76.63848749386133,76.63848749386133,False,76.7141362350829,76.7141362350829,76.69522404977752,104.0,True,True,True,True,True,True,True,True,True,True,True,True,True,True,True,False,False,14,False,0.113652678150169,0.203384093255208,1.0,20198545.13310699,0.5712962962962963,1.0,3.0,,,,,,0.0877873680332529,0.0356627778889083,0.2656638295756068,-0.1374226185348182,0.8174107142857143,-0.1374226185348182,0.8248456576324225,-104.0,0.9285714285714286,0.9464285714285714,0.8928571428571429,0.9232142857142857,0.9267857142857144,建國
34.849998474121094,34.849998474121094,33.650001525878906,33.95000076293945,29000.0,-0.0313836946666177,34.50999984741211,0.0997449705091451,33.522189903259275,0.0951613149335306,33.23852478663127,0.0559875319325149,32.20592897733052,0.0249686852303624,55.35716840201498,34861.1,0.8318727750988925,0.0127620200504436,5538.TW,2026-07-27,-0.0287218773351097,0.1209944414170409,bull,0.0805555555555555,0.2817423540315106,2026-03-31,2026-05-15,3164547000.0,521693000.0,303683000.0,283264000.0,56625000.0,225974000.0,1.12,11275781000.0,4984369000.0,14701660000.0,6800925000.0,7900735000.0,2524953000.0,2256342000.0,1189653000.0,,0.1999018583370989,242976203.9546148,9717291000.0,0.0250045206997109,0.0286016427585534,0.0153706452196554,0.8607964955159235,0.1648555069651359,0.0959641300950815,0.0714080087924116,0.0280798566914675,,,45.92585745794853,45.92585745794853,False,70.33346326676585,70.33346326676585,64.23156181456152,416.0,True,False,True,True,True,True,True,True,True,False,True,True,True,True,False,False,False,12,False,0.0214051610555936,0.0541537487347925,1.0,1183534.3715969084,0.9287037037037036,1.0,3.0,,,,,,0.1064801293732421,0.0941929618792995,0.2134615691978803,-0.0757999510393709,0.8441964285714286,-0.0757999510393709,0.8881973622782446,-416.0,0.6071428571428571,0.5625,0.9464285714285714,0.6580357142857143,0.6616071428571428,東明-KY
64.9000015258789,65.19999694824219,64.4000015258789,64.69999694824219,376259.0,0.0156985270537788,64.56000061035157,0.0571894794390623,63.65500030517578,0.1512454816710247,60.48666667938232,0.2490347085169892,57.34833335876465,0.0131306730738846,64.99999284743919,384864.95,0.9776390393565328,0.0164165680316781,6024.TW,2026-07-27,-0.0287218773351097,0.1209944414170409,bull,0.1574074074074074,0.2001853568118628,2026-03-31,2026-05-15,,,-200365000.0,528439000.0,90392000.0,441039000.0,1.76,83604913000.0,73607565000.0,84532833000.0,73635548000.0,10897285000.0,7933176000.0,,,,0.1710547480409281,-166091615.40877944,10925268000.0,-0.0152025209275213,0.040472374540998,0.0052173692084825,6.757237972577573,,,,,,,16.995424717797373,16.995424717797373,False,72.19675469629973,72.19675469629973,58.39642220167414,917.0,True,False,True,True,True,True,True,True,True,True,True,True,True,True,False,False,False,13,False,0.0696571740544604,0.1281931515513514,1.0,24900761.090485383,0.55,1.0,3.0,,,,,,0.0798146742284363,-0.0185648112577694,0.2798121152803398,-1.2514177711403411,0.6504464285714286,-1.2514177711403411,0.6551727343271461,-917.0,0.1696428571428571,0.2678571428571428,0.7321428571428571,0.2540178571428571,0.3116071428571428,群益期
9.869999885559082,10.600000381469728,9.670000076293944,10.449999809265137,2820132.0,0.1260775980560664,9.960000038146973,0.1358695680342461,9.963499927520752,0.1807908880032949,9.051666688919068,-0.0456621012519958,9.336583336194357,0.0197011586201188,59.52782662745826,2174826.05,1.2967161212732394,0.0488282115003178,6142.TW,2026-07-27,-0.0287218773351097,0.1209944414170409,bull,0.0509259259259259,0.1714550509731232,2026-03-31,2026-05-15,430546000.0,27910000.0,-51151000.0,-58905000.0,0.0,-58905000.0,-0.18,1856979000.0,655439000.0,3907015000.0,1072758000.0,2834257000.0,666656000.0,0.0,381849000.0,,-0.0,-51151000.0,3251576000.0,-0.0157311408375507,-0.0207832246687579,-0.0150767273737111,0.3784970805399792,0.0648246644957797,-0.1188049592842576,-0.1368146493057652,0.0285723841695613,,,18.462256680447403,18.462256680447403,False,84.09174972515123,84.09174972515123,67.68437646397527,887.0,True,True,True,True,True,True,True,True,True,True,False,True,True,True,False,False,False,13,False,0.1544834966203396,0.1192530964463725,1.0,22726931.80768485,0.562037037037037,0.0,3.0,,,,,,0.0007074982397741,-0.1277429768820636,0.1610118449328817,-1.6943124757344177,0.1330357142857142,-1.6943124757344177,0.3855328675295468,-887.0,0.2142857142857142,0.6517857142857143,0.3035714285714285,0.2276785714285714,0.3633928571428571,友勁
48.59999847412109,48.84999847412109,47.84999847412109,47.900001525878906,860308.0,0.0116156931252791,48.15999984741211,0.0573951949802962,46.6024995803833,0.0527472862830529,45.79416681925456,-0.0607842838062959,46.38416659037272,0.0128776337345629,72.56642306591273,1177567.3,0.7305807489729037,0.027841895975077,6177.TW,2026-07-27,-0.0287218773351097,0.1209944414170409,bull,0.1555555555555555,0.3744207599629286,2026-03-31,2026-05-15,4844225000.0,2424809000.0,2089752000.0,2073933000.0,400120000.0,1667275000.0,3.53,41652029000.0,29793350000.0,46628913000.0,33629226000.0,12999687000.0,696289000.0,19529640000.0,800533000.0,2371735000.0,0.1929281225574789,1686580070.0292633,16835563000.0,0.1001796061129208,0.1282550110629586,0.0357562484890008,2.586925823675601,0.5005566421873467,0.4313903668801511,0.3441778612677982,7.245531466543658,,,87.89986336679576,87.89986336679576,False,63.2929723321832,63.2929723321832,69.44469509083635,43.0,True,False,True,True,True,True,True,False,True,False,True,True,False,True,True,False,False,10,False,0.0459847804401789,0.032680008005594,1.0,56405475.46682511,0.4351851851851852,1.0,2.0,,,,,,0.0753779461562159,0.0123938855684466,0.3228035639947566,0.5510805261859077,0.7959821428571427,0.5510805261859077,0.7645844481699744,-43.0,0.9910714285714286,0.75,0.8392857142857143,0.9683035714285716,0.8883928571428572,達麗
142.0,146.0,140.0,145.5,2655942.0,0.0581818181818181,141.8,0.127906976744186,138.4,0.2663889032026381,131.72553227742512,0.3044348652465309,120.60478757222494,0.0227230740809164,70.49180327868852,1532226.0,1.7333878944750971,0.051300578034682,6214.TW,2026-07-27,-0.0287218773351097,0.1209944414170409,bull,0.0555555555555555,0.1167747914735866,2026-03-31,2026-05-15,11968686000.0,2441124000.0,591731000.0,895921000.0,121622000.0,718327000.0,2.64,28637858000.0,16986250000.0,37839475000.0,17932964000.0,19906511000.0,4485498000.0,2337560000.0,448042000.0,0.0,0.1357508083860072,511403038.4029395,20853225000.0,0.0245239303946003,0.0360850276575337,0.0189835350516887,0.9008592213874144,0.203959231614899,0.0494399301644307,0.0600171982120677,0.2168964026850304,,,53.24611007538207,53.24611007538207,False,78.57744592875801,78.57744592875801,72.24461196541402,322.0,True,True,True,True,True,True,True,True,True,True,True,True,True,True,False,False,False,14,False,0.1045694595757236,0.206419769305314,1.0,222938883.0,0.2574074074074074,2.0,3.0,,,,,,0.0328147883798095,-0.0560674930392299,0.2400642344752131,-1.3088590701669405,0.3995535714285714,-1.3088590701669405,0.410208556123663,-322.0,0.7232142857142857,0.8571428571428571,0.3660714285714285,0.6696428571428571,0.6919642857142856,精誠
103.5,108.0,99.9000015258789,102.0,1066009.0,0.1283185650256915,103.48000030517578,0.2911392405063291,94.0400005340576,0.2592592592592593,88.72666714986165,0.1846690105419448,85.14000027974447,0.0644631846373312,62.06140189436504,1113854.35,0.9570452366595328,0.0846448258266394,6416.TW,2026-07-27,-0.0287218773351097,0.1209944414170409,bull,0.012037037037037,0.1214087117701575,2026-03-31,2026-05-15,1057732000.0,271486000.0,132488000.0,135818000.0,38070000.0,99022000.0,1.35,4240170000.0,1810116000.0,6158927000.0,2539091000.0,3619836000.0,356630000.0,274239000.0,208323000.0,,0.2803015800556627,95351404.26158535,4348811000.0,0.0219258561159786,0.0273553829510508,0.016077800564936,0.7014381314512591,0.2566680406757099,0.1252566812765426,0.0936172867985463,-0.046140444062884,,,49.20522556408967,49.20522556408967,False,87.47807114200486,87.47807114200486,77.90985974752607,383.0,True,True,True,True,True,True,True,True,True,True,False,True,True,True,False,False,False,13,False,0.1495980101193177,0.198026775485772,1.0,113613143.7,0.3435185185185185,2.0,3.0,,,,,,0.0586339812569814,-0.0236053719456381,0.293893506382369,-1.3035074007553584,0.5607142857142857,-1.3035074007553584,0.6297223645619368,-383.0,0.6607142857142857,0.9553571428571428,0.6785714285714286,0.6633928571428571,0.7526785714285713,瑞祺電通
81.69999694824219,82.9000015258789,77.30000305175781,77.9000015258789,40266291.0,0.0025740615893452,85.48000030517578,0.4086799746946914,69.40999984741211,0.4125967186225474,57.6910369237264,0.6897233451776319,55.48914817174276,0.126054511764204,66.72268606934463,53209896.0,0.756744403334297,0.1223166935186694,6505.TW,2026-07-27,-0.0287218773351097,0.1209944414170409,bull,0.0055555555555555,0.0639481000926784,2026-03-31,2026-05-15,161989437000.0,27190906000.0,24513957000.0,25616191000.0,5209581000.0,20407731000.0,2.14,296450387000.0,65693610000.0,463713281000.0,83114597000.0,380598684000.0,63985692000.0,123643000.0,1500200000.0,8100000000.0,0.2033706338307674,19528538027.20982,398019671000.0,0.0490642534780895,0.0536200776774099,0.0440093735421824,0.2183785716925915,0.1678560436011639,0.1513305895371437,0.1259818626321912,-0.0650893152444253,,,66.8716639923295,66.8716639923295,False,86.87609075396678,86.87609075396678,81.87498406355746,193.0,True,True,True,True,True,True,True,True,True,True,True,False,False,True,True,False,False,12,False,0.3502964356295219,0.4038781291933515,1.0,4145050979.591858,0.0379629629629629,1.0,3.0,,,,,,0.0191920093806904,-0.0519065832255653,0.1843040696035317,-1.5943626995839335,0.2584821428571429,-1.5943626995839335,0.3995803903412865,-193.0,0.8571428571428571,0.9732142857142856,0.3303571428571428,0.778125,0.7866071428571428,台塑化
27.700000762939453,30.450000762939453,27.700000762939453,30.0,1300323.0,0.1235954735117859,28.11000022888184,0.3129102625454916,25.035000133514405,0.3986013488555642,24.330833371480303,0.2474012869726261,23.999166599909465,0.0533291264529485,73.89830249851032,574074.75,2.2650761072490995,0.1983223423210187,6598.TW,2026-07-27,-0.0287218773351097,0.1209944414170409,bull,0.0101851851851851,0.0667284522706209,2026-03-31,2026-05-15,217115000.0,140181000.0,17966000.0,20979000.0,0.0,20979000.0,0.2,947351000.0,157433000.0,1089898000.0,414395000.0,675503000.0,434793000.0,,,,0.0,17966000.0,932465000.0,0.0192672111017571,0.0310568568903468,0.0192485902350495,0.613461376189299,0.6456532252492918,0.0827487736913617,0.0966262119153444,0.8094876945002376,,,67.77168793520316,67.77168793520316,False,83.02623313767891,83.02623313767891,79.21259683705998,181.0,True,True,True,True,True,True,True,False,True,True,False,True,True,False,True,False,False,11,False,0.2330033888261664,0.2500434077620501,1.0,17222242.5,0.5935185185185186,0.0,3.0,,,,,,0.0543915157738717,-0.0400111860286782,0.3429506384817881,-1.0352788360033571,0.5892857142857142,-1.0352788360033571,0.7848297908993096,-181.0,0.8660714285714286,0.9642857142857144,0.875,0.8674107142857143,0.8973214285714286,ABC-KY
235.0,244.0,216.0,216.0,42715483.0,0.1191709844559585,231.4,0.5940176772556338,180.5,0.6056954770077694,153.94548009236652,1.4850049451608522,132.6117706298828,0.1443322962972809,70.94972067039106,24593285.8,1.7368758020939197,0.1966759002770082,8039.TW,2026-07-27,-0.0287218773351097,0.1209944414170409,bull,0.0018518518518518,0.0315106580166821,2026-03-31,2026-05-15,2415476000.0,532169000.0,146484000.0,219817000.0,44902000.0,171370000.0,0.65,10090538000.0,4116000000.0,15838059000.0,5212295000.0,10625764000.0,3401205000.0,544660000.0,425464000.0,0.0,0.2042699154296528,116561725.70820272,11722059000.0,0.0099437927848855,0.0161277814941118,0.0108201390081953,0.4905336689201831,0.2203164096848819,0.060643947611154,0.0709466788326607,0.0846351629146733,,,39.59205928302138,39.59205928302138,False,88.01604630991139,88.01604630991139,75.91004955318888,518.0,True,True,True,True,True,True,True,True,True,True,False,False,True,False,False,False,False,11,False,0.4030941335231217,0.6288146894807123,1.0,5312149732.8,0.0333333333333333,2.0,3.0,,,,,,-0.0574849085650835,-0.1734092213217903,0.2504422746529904,-1.7618353400722755,0.2196428571428571,-1.7618353400722755,0.2216618629908103,-518.0,0.5357142857142857,0.9196428571428572,0.1160714285714285,0.4727678571428571,0.5669642857142857,台虹
77.5,77.9000015258789,77.0999984741211,77.4000015258789,201154.0,0.0197628454524938,76.65999908447266,0.0251655831242239,76.40999908447266,0.0920767975852605,74.46480077107748,0.0210029264467332,73.58267358144124,0.006319816296804,54.216889619348855,218563.85,0.9203443295860684,0.0129564514234816,8341.TW,2026-07-27,-0.0287218773351097,0.1209944414170409,bull,0.2601851851851852,0.2900834105653382,2026-03-31,2026-05-15,1094646000.0,539859000.0,345828000.0,344164000.0,119151000.0,195872000.0,1.51,2233932000.0,1891529000.0,10321452000.0,4779515000.0,5541937000.0,865567000.0,49984000.0,2326500000.0,,0.3462041352378517,226100916.3189642,8429923000.0,0.0268212315010426,0.03534359917841,0.0189771749168624,0.8624268013151358,0.4931813572607034,0.3159267927713617,0.1789363867405535,0.1339897752523813,,,73.16523557009408,73.16523557009408,False,63.485274153766525,63.485274153766525,65.90526450784841,134.0,True,False,True,True,True,True,True,True,True,False,True,True,True,True,True,False,False,12,False,0.0394172914505597,0.0518780816004551,1.0,16916842.32350197,0.5972222222222222,1.0,3.0,,,,,,0.0668437484902874,0.0392513181167488,0.1761513082863306,-0.7221916889928892,0.6138392857142858,-0.7221916889928892,0.5448554237010119,-134.0,0.9196428571428572,0.6160714285714286,0.5714285714285714,0.8674107142857143,0.7589285714285714,日友
13.100000381469728,13.149999618530272,12.899999618530272,13.149999618530272,72785.0,0.0519336778855945,12.989999771118164,0.10041839568355,12.545255708694455,0.0734693566147159,12.256751902898152,0.0867767937155226,12.24795929590861,0.0211635758940324,75.12726187224041,106856.7,0.6811458710590913,0.0482049887127209,8411.TW,2026-07-27,-0.0287218773351097,0.1209944414170409,bull,0.0787037037037037,0.3262279888785913,2026-03-31,2026-05-15,2726482000.0,240600000.0,69628000.0,61624000.0,19776000.0,41688000.0,0.19,5684691000.0,4777607000.0,13494274000.0,7266361000.0,6227913000.0,1476105000.0,1130770000.0,1174037000.0,1103389000.0,0.3209139296378034,47283404.90717903,8716667000.0,0.0054244821910919,0.0066937351244309,0.0030893103252535,1.16674092910418,0.0882455853367086,0.025537670888713,0.0152900330902606,0.2387255467647537,,,26.84034715613582,26.84034715613582,False,68.50027155965086,68.50027155965086,58.08529045877209,740.0,True,False,True,True,True,True,True,False,True,False,True,True,False,True,False,False,False,10,False,0.072878012275088,0.0736482136189811,1.0,1405165.5642374037,0.9111111111111112,0.0,3.0,,,,,,0.103592637937003,0.0592664535803119,0.3039532610592348,-1.0225343396257884,0.859375,-1.0225343396257884,0.868577847805789,-740.0,0.3660714285714285,0.25,0.9196428571428572,0.4491071428571428,0.4419642857142857,福貞-KY
157.0,159.0,156.0,158.5,108576.0,0.0192926045016077,156.3,0.1161971830985915,154.95,0.1201762525942098,142.07307154337565,0.1392919918758128,138.6584462483724,0.0307666722102112,55.55555555555556,208888.45,0.5197798154948251,0.0229106163278478,8462.TW,2026-07-27,-0.0287218773351097,0.1209944414170409,bull,0.0629629629629629,0.2400370713623725,2026-03-31,2026-05-15,1626910000.0,546235000.0,263101000.0,241835000.0,49259000.0,191204000.0,2.42,2261807000.0,3161235000.0,12373315000.0,9648191000.0,2725124000.0,1414659000.0,,386628000.0,,0.2036884652759112,209510361.09744248,9212080000.0,0.0227430027851953,0.0701634127474566,0.0154529323790754,3.5404594433134053,0.3357499800234801,0.161718226576762,0.1175258619100011,0.2017296409310929,,,59.6562061392525,59.6562061392525,False,72.97001963832308,72.97001963832308,69.64156626355543,269.0,True,False,True,True,True,True,True,True,True,False,True,True,False,True,False,False,False,11,False,0.1156230964684192,0.1430966110501941,1.0,33108819.325000003,0.5083333333333333,2.0,3.0,,,,,,0.1204051666294415,0.0912395739700753,0.4370408877330393,0.388443614927107,0.9723214285714286,0.388443614927107,0.947926510339235,-269.0,0.7857142857142857,0.7678571428571429,0.9910714285714286,0.8165178571428571,0.8214285714285714,柏文
376.5,380.0,373.0,379.0,579128.0,0.0527777777777778,367.8,0.0937950937950937,363.6,0.0797720797720797,342.78333333333336,-0.0353093827755834,356.9800244649251,0.013166144200627,57.142857142857146,563301.2,1.0280965139076572,0.0423542354235422,8464.TW,2026-07-27,-0.0287218773351097,0.1209944414170409,bull,0.0888888888888888,0.3188137164040778,2026-03-31,2026-05-15,7305395000.0,4316539000.0,2053372000.0,2325863000.0,594429000.0,1647198000.0,5.62,27155869000.0,11007979000.0,42576950000.0,14807659000.0,27769291000.0,19344343000.0,569716000.0,669863000.0,,0.2555735226021481,1528584484.7473822,31568971000.0,0.048420472265231,0.0593172508437467,0.0386875527720985,0.5332386412026148,0.5908700350905051,0.2810761088209467,0.2254769249301372,0.0044846681027981,,,84.51846605538479,84.51846605538479,False,73.84093337204277,73.84093337204277,76.51031654287827,62.0,True,False,True,True,True,True,True,True,True,False,True,True,True,True,True,False,False,12,False,0.1056546895512227,0.0616840552019135,1.0,213491154.8,0.2648148148148148,2.0,2.0,,,,,,0.0645992046123069,0.0068190370998413,0.2554294239884433,-1.0059650589310556,0.6334821428571429,-1.0059650589310556,0.6425337621683263,-62.0,0.9732142857142856,0.9285714285714286,0.6964285714285714,0.9316964285714284,0.9044642857142856,億豐
5.400000095367432,5.550000190734863,5.269999980926514,5.340000152587891,1562403.0,0.0308880945080232,5.448000049591064,0.019084043098801,5.189500021934509,0.1385927691763517,5.217999998728434,0.1608696224558794,5.201749996344248,0.0108102903409356,58.28570868044789,1819219.25,0.8588316114179201,0.0290008921894713,9103.TW,2026-07-27,-0.0287218773351097,0.1209944414170409,bull,0.3,0.216867469879518,,,,,,,,,,,,,,,,,,,,,,,,,,,,,,,,,50.0,False,59.97917502485454,59.97917502485454,57.4843812686409,369.0,True,False,True,True,True,False,True,True,True,True,True,True,True,True,False,False,False,12,False,0.0233806350880005,0.02657762413434,1.0,9714631.072590828,0.6898148148148148,0.0,3.0,,,,,,0.0628570537870885,0.0437666243498731,0.0925598282748304,-1.4306761276055089,0.45,-1.4306761276055089,0.3899662567729794,-369.0,0.6696428571428571,0.2410714285714285,0.3214285714285714,0.6174107142857143,0.4714285714285714,美德醫療-DR
88.69999694824219,88.69999694824219,84.69999694824219,85.5,2299100.0,0.0190703032779753,85.77999877929688,0.1089494382895273,80.43499908447265,0.2685459653464759,74.7133332570394,-0.0923566584935494,75.68500010172527,0.0344007205696347,64.84848947236031,2733178.2,0.841181888542796,0.0629701121797501,9921.TW,2026-07-27,-0.0287218773351097,0.1209944414170409,bull,0.0694444444444444,0.1139944392956441,2026-03-31,2026-05-15,12523541000.0,2458803000.0,-191441000.0,-170563000.0,-23472000.0,-199773000.0,-0.51,48200680000.0,28731484000.0,72341005000.0,34909460000.0,37431545000.0,13787267000.0,9060327000.0,1863857000.0,,0.1376148402643011,-165095877.36496192,43609521000.0,-0.0037857759860504,-0.0053370225567766,-0.0027615458203822,0.9326214026164296,0.1963344871869705,-0.0152864912567459,-0.0159517982973026,-0.2568048701835493,,,14.870530982450036,14.870530982450036,False,81.0382156188544,81.0382156188544,64.4962944597533,960.0,True,True,True,True,True,True,True,True,True,True,True,True,True,True,False,False,False,14,False,0.1443740531004123,0.1296822340633252,1.0,233686736.1,0.2527777777777777,1.0,3.0,,,,,,0.0359366540739415,-0.0519722524581807,0.2810060987850279,-1.6434307272706823,0.4022321428571428,-1.6434307272706823,0.4072755877535289,-960.0,0.1607142857142857,0.5714285714285714,0.3482142857142857,0.1888392857142857,0.3214285714285714,巨大
11.75,11.899999618530272,11.449999809265137,11.75,19000.0,0.0538116952463911,11.540000152587892,0.0633483979350577,11.2375,0.0491071607233313,11.533333333333331,0.1032864244948705,11.512083315849305,0.005817857202258,61.22449456230432,12476.95,1.5228080580590608,0.0456062291434926,9929.TW,2026-07-27,-0.0287218773351097,0.1209944414170409,bull,0.1388888888888889,0.3809082483781279,2026-03-31,2026-05-15,172802000.0,42824000.0,20800000.0,24936000.0,0.0,22658000.0,0.22,585726000.0,363773000.0,1832338000.0,976676000.0,855662000.0,294602000.0,,0.0,,0.0,20800000.0,1468565000.0,0.0141634861242096,0.0264800820884882,0.0123656224997789,1.1414273392998635,0.2478212057730813,0.1203689772109119,0.1311211675790789,-0.0229226037001855,,,42.261158035460696,42.261158035460696,False,69.21844163376969,69.21844163376969,62.47912073419244,477.0,True,False,True,True,True,False,True,True,True,False,True,True,True,True,False,False,False,11,False,0.0187861271676301,0.020666692346045,1.0,146604.1625,0.9962962962962963,0.0,3.0,,,,,,0.1200736757969629,0.0793503271023926,0.2572519335363649,-0.4297547232822247,0.8808035714285715,-0.4297547232822247,0.7049987957467903,-477.0,0.5803571428571429,0.4910714285714285,0.7767857142857143,0.6098214285714286,0.5928571428571429,秋雨
47.0,47.45000076293945,46.84999847412109,47.150001525878906,1495754.0,0.0107181132614246,47.109999847412105,0.0607424233205098,46.09000015258789,0.0679501675269824,44.93083324432373,-0.1153845740940541,46.59833339055379,0.0169341920642092,66.15385427982376,1735307.85,0.8619531110863123,0.0229985109520876,9938.TW,2026-07-27,-0.0287218773351097,0.1209944414170409,bull,0.149074074074074,0.3382761816496756,2026-03-31,2026-05-15,4039116000.0,1284918000.0,520713000.0,425166000.0,129637000.0,260126000.0,0.87,14032321000.0,11813151000.0,35752846000.0,19207493000.0,16545353000.0,5015670000.0,8240072000.0,4051483000.0,952978000.0,0.3049091413706646,361942846.2694571,23939695000.0,0.0151189414179861,0.0157219975905016,0.0072756725436626,1.1608995589275128,0.3181186180342431,0.1289175651305879,0.0644017156229234,-0.0496369830476012,,,40.748148756108165,40.748148756108165,False,68.26091106051679,68.26091106051679,61.38272048441464,498.0,True,False,True,True,True,True,True,True,True,False,True,True,True,True,False,False,False,12,False,0.0493907662359129,0.0118387954071539,1.0,81819767.77536964,0.3759259259259259,1.0,3.0,,,,,,0.0758664890914337,0.0147066043234204,0.1527982598108822,-1.6717648258622229,0.4370535714285714,-1.6717648258622229,0.4274809727516946,-498.0,0.5625,0.4464285714285714,0.3928571428571428,0.5370535714285714,0.4937499999999999,百和
82.5,82.69999694824219,81.80000305175781,82.4000015258789,883464.0,-0.0024212706045612,82.28000030517578,0.0364780066148289,81.925,0.068741934586896,79.20333315531413,0.0443599484450201,78.07833347320556,0.0068206993641058,52.38095238095237,975624.05,0.9055373327461536,0.0057980045880856,9941.TW,2026-07-27,-0.0287218773351097,0.1209944414170409,bull,0.2231481481481481,0.3364226135310472,2026-03-31,2026-05-15,9588907000.0,4187850000.0,1390166000.0,1382030000.0,301331000.0,1104074000.0,1.82,235100426000.0,237208150000.0,286724084000.0,244513555000.0,42210529000.0,7708912000.0,35439009000.0,3468847000.0,,0.2180350643618445,1087061066.716352,49515934000.0,0.0219537627365839,0.0261563649202311,0.0038506496719682,5.792714775026866,0.4367390360548913,0.1449764816782559,0.1151407558755132,-0.0112940820804001,,,41.17633903527033,41.17633903527033,False,60.80143768956693,60.80143768956693,55.89516302599278,493.0,True,False,True,True,True,True,True,True,True,False,True,True,True,True,False,False,False,12,False,0.0403602758017298,0.0553504136221916,1.0,80391423.20868416,0.3777777777777777,1.0,3.0,,,,,,0.0903827100614561,0.0459375589795604,0.1995326295815495,-0.8232790015246583,0.7477678571428571,-0.8232790015246583,0.701770667410239,-493.0,0.5714285714285714,0.1428571428571428,0.7678571428571429,0.6008928571428571,0.4821428571428571,裕融
124.0,124.0,123.0,123.0,105004.0,-0.0040485829959514,123.3,0.0468085106382978,121.075,0.055793991416309,119.4,0.0982142857142858,117.45,0.0121212121212121,66.66666666666666,126276.55,0.8315399810970445,0.015899236010737,9942.TW,2026-07-27,-0.0287218773351097,0.1209944414170409,bull,0.1861111111111111,0.3697868396663577,2026-03-31,2026-05-15,1082513000.0,432535000.0,264944000.0,276710000.0,92270000.0,184517000.0,2.22,3502057000.0,986902000.0,6010077000.0,1477893000.0,4532184000.0,664533000.0,250000000.0,42450000.0,,0.333453796393336,176597417.368364,5023175000.0,0.0351565329434797,0.0407126012536119,0.0307012705494455,0.3260884818445147,0.3995656403202548,0.2447490237992522,0.1704524564601071,0.1336271128932433,,,83.11611500419343,83.11611500419343,False,65.20063571293953,65.20063571293953,69.67950553575301,66.0,True,False,True,True,True,True,True,True,True,False,True,True,True,True,True,False,False,12,False,0.0301507537688441,0.0472541507024264,1.0,15532015.65,0.6083333333333333,2.0,2.0,,,,,,0.0779190559275729,0.0442089403565017,0.2577375628490821,-0.7435315876668145,0.7866071428571428,-0.7435315876668145,0.7805685017596782,-66.0,0.9642857142857144,0.7767857142857143,0.8571428571428571,0.9482142857142856,0.8866071428571429,茂順
26.350000381469727,26.350000381469727,25.950000762939453,26.350000381469727,4176738.0,-0.001893910522084,26.35,0.0200794473801029,25.96885843276977,0.1165254218453,25.09090563456218,-0.1006825574199834,25.97378617922465,-0.0001485622888174,56.97674676493799,7580462.7,0.5509872108466413,0.0146768849961842,9945.TW,2026-07-27,-0.0287218773351097,0.1209944414170409,bull,0.2907407407407407,0.247451343836886,2026-03-31,2026-05-15,8802139000.0,2177505000.0,1558595000.0,3524918000.0,275592000.0,2706817000.0,0.99,56821154000.0,31229259000.0,206807304000.0,85163985000.0,121643319000.0,4687641000.0,7435539000.0,36077246000.0,,0.0781839464066965,1436737892.0502548,175578045000.0,0.0081829017520399,0.0222520811027854,0.0130885947819328,0.7001123094972441,0.247383618913539,0.1770700280920353,0.3075180930453381,0.2547092191019549,,,56.447152500431685,56.447152500431685,False,56.84428655924653,56.84428655924653,56.74500304454281,296.0,True,False,True,True,True,True,False,True,True,False,True,True,False,True,False,False,False,10,False,0.0501813192893751,0.0144843805076826,1.0,199745195.03671703,0.275,0.0,3.0,,,,,,0.0102990528042076,-0.050372915019769,0.0861678013669192,-1.94458830324662,0.1334821428571428,-1.94458830324662,0.141604351923215,-296.0,0.7589285714285714,0.1964285714285714,0.0714285714285714,0.6558035714285714,0.4526785714285714,潤泰新
21.299999237060547,21.600000381469727,21.200000762939453,21.600000381469727,3931748.0,0.0140845612748754,21.479999923706053,0.0261283213464849,21.28749980926513,0.0666666855046778,20.83166666030884,-0.0808510475970328,21.29875000317892,0.0002349312220339,54.83872754020357,4988310.0,0.7881923938167436,0.0146800035234095,2646.TW,2026-07-27,-0.0287218773351097,0.1209944414170409,bull,0.2555555555555555,0.3438368860055607,2026-03-31,2026-05-15,13759797000.0,2774967000.0,1358324000.0,909756000.0,0.0,,0.3,22245094000.0,24008566000.0,147095973000.0,115227744000.0,31868229000.0,14210592000.0,,53652207000.0,4992822000.0,0.0,1358324000.0,123087407000.0,0.011035442480318,,,3.6157561187350575,0.2016720886216562,0.098716863337446,,0.2291196863125946,,,36.52985733991709,36.52985733991709,False,63.11488652148241,63.11488652148241,56.46862922609108,583.0,True,False,True,True,True,True,True,True,True,False,True,True,False,True,False,False,False,11,False,0.0368829692645193,0.014144040295597,1.0,107747497.90288924,0.3518518518518518,0.0,3.0,,,,,,0.0679854901448028,0.0163865590236514,0.1721770482522973,-0.9194131733344192,0.5495535714285715,-0.9194131733344192,0.5832763511740785,-583.0,0.4732142857142857,0.1875,0.6160714285714286,0.4946428571428571,0.4160714285714285,星宇航空
86.0,88.5999984741211,86.0,87.5,169227.0,0.023391812865497,85.81999816894532,0.07099147207352,83.7599998474121,0.1986301369863012,82.97666664123535,0.2336630114724378,77.6813570658366,0.0083062403496585,64.97176261458102,116120.0,1.4573458491215985,0.0446513868123348,2762.TW,2026-07-27,-0.0287218773351097,0.1209944414170409,bull,0.1203703703703703,0.1538461538461538,2026-03-31,2026-05-15,2811384000.0,612346000.0,300545000.0,268722000.0,49567000.0,219155000.0,2.01,1768082000.0,6175503000.0,18389010000.0,15722554000.0,2666456000.0,945155000.0,399900000.0,210000000.0,,0.1844545664292465,245108102.3325221,12213507000.0,0.0200686094774025,0.0821896179798204,0.0119177160706313,5.896423567461829,0.21780944901159,0.1069028635006815,0.0779527094128728,0.0937717990146893,,,45.75420069554944,45.75420069554944,False,80.66182978135289,80.66182978135289,71.93492250990204,421.0,True,True,True,True,True,True,True,True,True,True,True,True,True,True,False,False,False,14,False,0.0545133173199412,0.1263963878211074,1.0,10160500.0,0.6833333333333333,1.0,3.0,,,,,,0.1135459851785809,0.031330322790752,0.3184440226547155,1.1326741864908605,0.9022321428571428,1.1326741864908605,0.9282607302522716,-421.0,0.5982142857142857,0.8392857142857143,0.9732142857142856,0.6544642857142857,0.7455357142857142,世界健身-KY
240.0,240.0,232.5,235.5,142435.0,-0.0561122244488977,244.8,0.2394736842105262,222.85,0.4672897196261683,190.9333333333333,0.2695417789757413,179.66666666666666,0.0665230916487198,70.50359712230215,265178.2,0.5371293718714434,0.0567646398923042,6957.TW,2026-07-27,-0.0287218773351097,0.1209944414170409,bull,0.0166666666666666,0.0528266913809082,2026-03-31,2026-05-15,1008397000.0,304729000.0,100942000.0,102458000.0,25691000.0,82568000.0,1.51,2765058000.0,1395803000.0,5405505000.0,3045045000.0,2360460000.0,1274466000.0,40000000.0,27000000.0,945042000.0,0.2507466474067423,75631131.9174686,4009702000.0,0.0188620331180393,0.0349796226159307,0.0152747985618364,1.2900218601459037,0.3021914979913665,0.1001014481399686,0.0818804498625045,0.2868739487648066,,,57.7309173012778,57.7309173012778,False,77.90971937316931,77.90971937316931,72.86501885519644,286.0,True,True,True,True,True,True,True,True,True,True,True,True,False,True,False,False,False,13,False,0.2334148044692736,0.3107606679035251,1.0,62449466.1,0.412962962962963,2.0,3.0,,,,,,0.0787419763580546,-0.0070126617636435,0.3593701072708014,-0.8598381408798689,0.7513392857142857,-0.8598381408798689,0.7309986610176804,-286.0,0.7678571428571429,0.8660714285714286,0.8125,0.7745535714285714,0.80625,裕慶-KY
