Open,High,Low,Close,Volume,ret5,ma5,ret20,ma20,ret60,ma60,ret120,ma120,ma20_slope,rsi14,volume_ma20,volume_ratio,ma20_deviation,symbol,date,benchmark_ret20,benchmark_ret60,market_regime,rs20_rank_pct,rs60_rank_pct,period_date,as_of_date,revenue,gross_profit,operating_income,pretax_income,tax_expense,net_income_parent,eps,current_assets,current_liabilities,assets,liabilities,equity,cash,short_borrowings,long_borrowings,bonds_payable,tax_rate,nopat,invested_capital_proxy,roic_proxy,roe,roa,debt_to_equity,gross_margin,operating_margin,net_margin,revenue_growth,pe,pb,eva_like_score,fundamental_score,fundamental_pass,technical_score,score,final_score,fundamental_rank,pass_market,pass_score,pass_rs20,pass_rs60,pass_close_ma20,pass_ma20_ma60,pass_ma20_slope,pass_rsi,pass_ret20_benchmark,pass_ret60_benchmark,pass_ret5_cap,pass_ret20_cap,pass_volume_ratio,pass_ma20_deviation,pass_fundamental_score,pass_fundamental_filter,pass_fundamental_universe,entry_pass_count,entry_all_pass,close_ma60_ratio,close_ma120_ratio,above_ma120,turnover20,liquidity_rank,price_bucket,eva_rank_bucket,forward_60d_return,forward_60d_max_drawdown,reward_60,fwd60_rank_label,top_quantile_60,reg_forward60,reg_reward60,cls_topq60,rank_forward60,ensemble_score,ranker_score,stable_ensemble_score,fundamental_rank_score,fundamental_score_rank,final_score_rank,stable_ml_rank,fund_ml_85_15,fund_final_ml,name
21.700000762939453,21.700000762939453,21.350000381469727,21.39999961853028,52524.0,0.0726816441172495,21.570000076293947,0.0594058816964224,20.307500076293945,0.1236481761212509,20.02423429489136,0.1925653142598218,19.5900992234548,0.0184302869054069,72.72722543773553,79613.1,0.6597406708192496,0.0537978351905397,1323.TW,2026-08-14,0.0688713094842561,0.1100678478842778,neutral,0.2215013901760889,0.2122335495829471,2026-03-31,2026-05-15,530894000.0,98916000.0,23645000.0,38156000.0,5647000.0,32509000.0,0.36,2570405000.0,691151000.0,4744350000.0,2167294000.0,2577056000.0,950712000.0,,1220000000.0,,0.1479976936785826,20145594.532969914,4053199000.0,0.004970294952942,0.0126147821389989,0.0068521504526436,0.8409960823513343,0.1863196796347293,0.0445380810481941,0.0612344460476102,0.0092658073837497,,,28.08704419011924,28.08704419011924,False,67.53227248768863,67.53227248768863,57.67096541329628,717.0,True,False,True,True,True,True,True,False,False,True,True,True,False,True,False,False,False,10,False,0.0687050153018788,0.0923885261851316,1.0,1703720.3096300128,0.871177015755329,0.0,3.0,,,,,,0.0506269479354878,0.0111744656139975,0.2462846535393374,-1.222394848305316,0.7273809523809524,-1.222394848305316,0.7145941986603921,-717.0,0.246031746031746,0.1349206349206349,0.7936507936507936,0.3281746031746031,0.3222222222222222,永裕
46.45000076293945,47.09999847412109,46.09999847412109,46.34999847412109,284658.0,0.0299999660915797,45.779999542236325,0.0679722775236109,44.80250015258789,0.1360293956088905,44.18416659037272,0.0766550359011311,42.786666584014895,0.0092357908338924,72.50001192094027,111198.45,2.55990978291514,0.0345404456506388,1339.TW,2026-08-14,0.0688713094842561,0.1100678478842778,neutral,0.1992585727525486,0.1899907321594068,2026-03-31,2026-05-15,394676000.0,97156000.0,-1039000.0,239290000.0,15507000.0,206388000.0,2.78,1829193000.0,837135000.0,5225726000.0,1066079000.0,4159647000.0,705809000.0,,152479000.0,,0.0648042124618663,-971668.4232521208,4388591000.0,-0.0002214078330042,0.0496167102641161,0.0394946080219284,0.2562907381323463,0.2461664757928022,-0.0026325390953592,0.5229302009749769,-0.2023637499065291,,,43.397534008094304,43.397534008094304,False,67.15084498432495,67.15084498432495,61.21251724026729,459.0,True,False,True,True,True,True,True,False,False,True,True,True,True,True,False,False,False,11,False,0.0490182807752739,0.0832813625036508,1.0,5154047.98782463,0.7349397590361446,1.0,3.0,,,,,,0.0495533357144048,0.0189450319976641,0.1658472637388568,-1.3870863160489553,0.596031746031746,-1.3870863160489553,0.5988777505302638,-459.0,0.5238095238095238,0.3015873015873015,0.6031746031746031,0.5357142857142857,0.473015873015873,昭輝
19.350000381469727,19.5,19.049999237060547,19.5,200225.0,-0.002557505831804,19.389999771118163,0.0655738149163007,18.86999988555908,0.2341772002911,17.860833231608073,-0.0087393034794033,17.726134117444357,0.0101713093665139,62.7659634909182,321597.85,0.6225943363738284,0.0333863337711541,1414.TW,2026-08-14,0.0688713094842561,0.1100678478842778,neutral,0.2075996292863762,0.1047265987025023,2026-03-31,2026-05-15,113452000.0,12596000.0,-7033000.0,11377000.0,382000.0,10995000.0,0.06,876335000.0,611698000.0,4159720000.0,1289474000.0,2870246000.0,113194000.0,505000000.0,,,0.033576514019513,-6796856.376900765,3548022000.0,-0.0019156748117403,0.0038306821087809,0.0026432067543007,0.4492555690348492,0.1110249268413073,-0.0619909741564714,0.0969132320276416,-0.1489036091252128,,,15.88871955373819,15.88871955373819,False,76.9738589781999,76.9738589781999,61.70257412208447,937.0,True,True,True,True,True,True,True,True,False,True,True,True,False,True,False,False,False,12,False,0.091774372849029,0.1000706567378375,1.0,6271158.074999999,0.7126969416126042,0.0,3.0,,,,,,0.005811571708608,-0.0348469504210463,0.2060610793600483,-1.9833535960039923,0.3357142857142857,-1.9833535960039923,0.3827305901569845,-937.0,0.0873015873015873,0.3333333333333333,0.3174603174603174,0.1218253968253968,0.2071428571428571,東和
11.75,11.949999809265137,11.550000190734863,11.899999618530272,1384161.0,0.0818181471391155,11.399999809265136,0.0720720008619151,11.00499997138977,0.127223791166571,10.97635399500529,0.0648667271038641,10.952090938886007,0.0059414912092629,75.67565199057454,578406.65,2.3930585860311253,0.0813266378434598,1416.TW,2026-08-14,0.0688713094842561,0.1100678478842778,neutral,0.1918443002780352,0.2029657089898053,2026-03-31,2026-05-15,106290000.0,37155000.0,-1172000.0,46263000.0,10052000.0,32464000.0,0.18,1356031000.0,642549000.0,6390787000.0,1821021000.0,4569766000.0,186939000.0,269000000.0,825653000.0,,0.217279467392949,-917348.4642154636,5748238000.0,-0.0001595877665843,0.0071040836664284,0.0050798125489082,0.3984932707714136,0.3495625176404177,-0.0110264371060306,0.3054285445479349,0.2931758178920345,,,41.68034930051946,41.68034930051946,False,70.94774808720213,70.94774808720213,63.63089839053146,486.0,True,False,True,True,True,True,True,False,True,True,True,True,True,True,False,False,False,12,False,0.0841486730425493,0.0865504756063211,1.0,6883038.914355373,0.7034291010194624,0.0,3.0,,,,,,0.0573292205286311,0.0055365983189862,0.2677989852340565,-1.5684130255384126,0.7015873015873015,-1.5684130255384126,0.625799654771286,-486.0,0.5079365079365079,0.4047619047619047,0.6587301587301587,0.5305555555555556,0.5071428571428571,廣豐
22.14999961853028,22.299999237060547,21.850000381469727,22.200000762939453,30067.0,-0.0067113922134264,22.380000305175784,0.0596658689488569,22.325,0.0829268664848514,21.870000012715657,-0.3105589988528661,24.56000006993612,0.0109815473466746,52.63160712612601,54061.95,0.55615825918229,-0.0055990699691174,1438.TW,2026-08-14,0.0688713094842561,0.1100678478842778,neutral,0.2196478220574606,0.2724745134383688,2026-03-31,2026-05-15,377477000.0,149341000.0,122347000.0,87324000.0,15498000.0,,0.65,13719838000.0,9737355000.0,14176631000.0,10964578000.0,3212053000.0,127523000.0,3403550000.0,71700000.0,910937000.0,0.1774769822729146,100633223.64985572,4439276000.0,0.0226688369116621,,,3.413573188238177,0.3956294025861178,0.3241177608172153,,1565.2946058091286,,,68.22752717503778,68.22752717503778,False,62.30048819801253,62.30048819801253,63.78224794226884,178.0,True,False,True,True,False,True,True,True,False,False,True,True,False,True,True,False,False,9,False,0.0150891975323239,-0.0960911767213527,0.0,1200175.3312459944,0.9165894346617238,0.0,3.0,,,,,,0.1892632684267547,0.1284379427188955,0.2531220805724578,0.2191011890913322,0.9142857142857144,0.2191011890913322,0.9398837113760546,-178.0,0.8015873015873016,0.4126984126984127,0.9761904761904762,0.8277777777777777,0.7198412698412698,三地開發
13.5,13.649999618530272,13.300000190734863,13.550000190734863,1837872.0,0.0711462924383199,13.6,0.0463320764715728,12.794999980926514,0.1885965477323214,13.110108407338458,0.0111940728712531,12.928387514750163,0.0098391601860111,68.08512624221237,2075263.0,0.8856091974848489,0.0590074412609478,1440.TW,2026-08-14,0.0688713094842561,0.1100678478842778,neutral,0.2650602409638554,0.1390176088971269,2026-03-31,2026-05-15,3372657000.0,294268000.0,-129416000.0,-64775000.0,8778000.0,-78150000.0,-0.05,12562200000.0,9846736000.0,45799105000.0,17769583000.0,28029522000.0,4400648000.0,5866840000.0,3989879000.0,,0.0,-129416000.0,35952369000.0,-0.0035996515278311,-0.002788131741954,-0.0017063652226391,0.6339595445116759,0.0872510901642236,-0.0383721202600798,-0.0231716418242353,-0.1955247737019332,,,12.51873256872129,12.51873256872129,False,60.61767682905474,60.61767682905474,48.59294076397137,1001.0,True,False,True,True,True,False,True,True,False,True,True,True,True,True,False,False,False,11,False,0.0335536343200773,0.0480812224475399,1.0,28119814.045825005,0.5106580166821131,0.0,3.0,,,,,,0.0248649406039064,-0.0055494867173464,0.1460060115174638,-1.890437459257184,0.3884920634920635,-1.890437459257184,0.4068373598189297,-1001.0,0.0555555555555555,0.0079365079365079,0.3571428571428571,0.1007936507936508,0.1015873015873015,南紡
9.9399995803833,9.9399995803833,9.710000038146973,9.770000457763672,779647.0,0.0855556064181857,9.826000213623049,0.0642701669906529,9.123500061035156,0.1943765395194228,9.347319602966309,0.1480611274962788,8.965576469898224,0.016489337574771,65.39925801911923,1109126.95,0.7029375672460217,0.0708610064562398,1455.TW,2026-08-14,0.0688713094842561,0.1100678478842778,neutral,0.211306765523633,0.1353104726598702,2026-03-31,2026-05-15,1265739000.0,26904000.0,-45175000.0,-32149000.0,-5368000.0,-26781000.0,-0.05,3072494000.0,1880065000.0,9399593000.0,3651618000.0,5747975000.0,484215000.0,608371000.0,1509426000.0,,0.1669725341379203,-37632015.77031945,7519528000.0,-0.0050045715329897,-0.004659206068224,-0.0028491659160135,0.6352877317664047,0.0212555669059735,-0.0356906123616322,-0.0211583904738654,-0.319428201806952,,,12.511705122929076,12.511705122929076,False,66.29505462345954,66.29505462345954,52.84921724832692,1002.0,True,False,True,True,True,False,True,True,False,True,True,True,False,True,False,False,False,10,False,0.0452194717577891,0.0897236212937659,1.0,10836170.809218025,0.6431881371640408,0.0,3.0,,,,,,0.0585147186609726,0.0234707901789614,0.1711594417933624,-1.5936615854617249,0.596031746031746,-1.5936615854617249,0.595433330121125,-1002.0,0.0476190476190476,0.0476190476190476,0.5952380952380952,0.1297619047619047,0.1571428571428571,集盛
172.5,174.0,168.5,170.0,4147893.0,0.0793650793650793,165.3,0.0725552050473186,159.075,0.1003236245954692,166.60430043538412,0.039755351681957,160.7563168843587,-0.0006282393591959,63.2183908045977,3799648.75,1.0916516954363216,0.0686782964010688,1513.TW,2026-08-14,0.0688713094842561,0.1100678478842778,neutral,0.1899907321594068,0.2493049119555143,2026-03-31,2026-05-15,6490639000.0,1685977000.0,1203389000.0,1218211000.0,257948000.0,956493000.0,1.94,23811521000.0,21444785000.0,48754126000.0,26877788000.0,21876338000.0,2658244000.0,1188636000.0,1600850000.0,0.0,0.2117432858511374,948579458.9828856,27309341000.0,0.034734615492292,0.0437227199543177,0.0196187087837447,1.2286237303519447,0.2597551643220336,0.1854037791964705,0.1473649974987054,0.0066661414113464,,,62.38485994052645,62.38485994052645,False,57.089732059946456,57.089732059946456,58.41351403009145,239.0,True,False,True,True,True,False,False,True,True,False,True,True,True,True,True,False,False,10,False,0.0203818242130722,0.0575012123616318,1.0,645940287.5,0.1482854494902687,2.0,3.0,,,,,,0.0039097733191524,-0.076027814184884,0.2227920659266824,-0.8687661696344557,0.4357142857142857,-0.8687661696344557,0.5017953944853645,-239.0,0.7301587301587301,0.1746031746031746,0.4444444444444444,0.6873015873015872,0.5063492063492063,中興電
720.0,732.0,714.0,725.0,1880076.0,0.095166163141994,707.0,0.1051829268292683,673.05,0.0837070254110612,695.2030303955078,0.7058823529411764,607.1973485310872,0.0035861163890379,54.90196078431373,1511797.0,1.2436034732176344,0.0771859445806404,1560.TW,2026-08-14,0.0688713094842561,0.1100678478842778,neutral,0.1316033364226135,0.2696941612604263,2026-03-31,2026-05-15,2293229000.0,802560000.0,444439000.0,531951000.0,89799000.0,436359000.0,2.94,5759371000.0,3216860000.0,13961884000.0,5383626000.0,8578258000.0,1772650000.0,642250000.0,940383000.0,555943000.0,0.1688106611323223,369412958.57701176,10745024000.0,0.0343799100473867,0.050868020057219,0.0312535901315323,0.6275896574805747,0.3499694099455396,0.193804892577235,0.1902814764683335,0.2944197621734146,,,86.28355650333096,86.28355650333096,False,65.99613773913762,65.99613773913762,71.06799243018595,54.0,True,False,True,True,True,False,True,True,True,False,True,True,True,True,True,False,False,11,False,0.0428608166272526,0.1940104839948615,1.0,1096052825.0,0.1102873030583874,3.0,2.0,,,,,,-0.002408483097333,-0.1185145085469271,0.287489951747653,-0.840190641071968,0.4686507936507936,-0.840190641071968,0.5490062648428042,-54.0,0.9444444444444444,0.7380952380952381,0.492063492063492,0.8765873015873015,0.792063492063492,中砂
20.200000762939453,20.75,20.049999237060547,20.549999237060547,538508.0,0.0123152713988081,20.460000228881835,0.0352644252966503,20.125000095367437,0.0469028523854966,19.82271099090576,0.070816853164729,19.62170311609904,0.0097842486757314,60.43954523789662,482771.65,1.1154507519238133,0.0211179696734979,1598.TW,2026-08-14,0.0688713094842561,0.1100678478842778,neutral,0.2984244670991658,0.3632993512511585,2026-03-31,2026-05-15,1638270000.0,690078000.0,57360000.0,64104000.0,29471000.0,41640000.0,0.25,4112323000.0,3729262000.0,10177038000.0,5632832000.0,4544206000.0,828820000.0,2257573000.0,1564802000.0,0.0,0.4,34416000.0,6447776000.0,0.0053376544098306,0.009163316979908,0.0040915637732707,1.2395635233085824,0.4212236078302111,0.0350125437198996,0.0254170557966635,-0.1211837067061192,,,29.108093554474383,29.108093554474383,False,69.0639750977878,69.0639750977878,59.07500471195944,696.0,True,False,True,True,True,True,True,True,False,False,True,True,True,True,False,False,False,11,False,0.0366896458556273,0.0473096609131686,1.0,9920957.039174462,0.6496756255792401,0.0,3.0,,,,,,0.0388014489323019,0.0106095106552666,0.2073074889547352,-1.2697976428857236,0.6246031746031746,-1.2697976428857236,0.6249408097555585,-696.0,0.2619047619047619,0.2063492063492063,0.6507936507936508,0.3202380952380952,0.323015873015873,岱宇
40.0,40.5,38.54999923706055,39.04999923706055,41794525.0,0.1302460231366087,38.92999954223633,0.1978527933999649,34.11249990463257,0.1160350237554979,35.88439906438192,0.1417648054775855,34.03100214004517,0.0382742317707825,68.18181325581405,32908552.55,1.2700201546846823,0.144741644447977,1605.TW,2026-08-14,0.0688713094842561,0.1100678478842778,neutral,0.0537534754402224,0.2224281742354031,2026-03-31,2026-05-15,41070352000.0,3192789000.0,547321000.0,4060027000.0,562012000.0,3584927000.0,0.81,90410765000.0,60341422000.0,306209880000.0,131730308000.0,174479572000.0,13913788000.0,12903118000.0,50244505000.0,5300000000.0,0.1384256804203519,471557718.1666526,245868458000.0,0.0019179268540686,0.0205463995521492,0.0117074178011499,0.7549898620796709,0.0777395090258783,0.0133264258363307,0.0872874671247034,-0.0841324099926965,,,22.373994815385178,22.373994815385178,False,72.09706683015388,72.09706683015388,59.6662988264617,819.0,True,False,True,True,True,False,True,True,True,True,False,True,True,True,False,False,False,11,False,0.0882166137713236,0.1474830825246076,1.0,1285078951.970267,0.1010194624652456,1.0,3.0,,,,,,-0.0017500530822517,-0.0652699264653407,0.1989864657838947,-1.751751559938169,0.2833333333333333,-1.751751559938169,0.3032449318777873,-819.0,0.1666666666666666,0.246031746031746,0.2222222222222222,0.175,0.2015873015873016,華新
36.79999923706055,37.34999847412109,36.59999847412109,37.0,4743204.0,0.0586551986354844,36.79000015258789,0.2242859882815091,32.1861008644104,0.1280488067266141,33.44454409281413,0.0709117457898935,33.340188614527385,0.047174732738389,72.59036352229874,6341506.4,0.74796171458567,0.1495645327114643,1608.TW,2026-08-14,0.0688713094842561,0.1100678478842778,neutral,0.0454124189063948,0.2020389249304912,2026-03-31,2026-05-15,3453119000.0,483830000.0,419422000.0,270760000.0,67589000.0,157429000.0,0.37,9405391000.0,5028451000.0,16894935000.0,5965058000.0,10929877000.0,686209000.0,3168114000.0,,,0.2496269759196336,314722954.5058354,11866484000.0,0.026522005549903,0.0144035472677322,0.009318118122384,0.5457571022985894,0.1401139086142122,0.1214617857073561,0.0455903778583941,0.2223962317651353,,,50.67079431646654,50.67079431646654,False,68.58665430954588,68.58665430954588,64.10768931127605,359.0,True,False,True,True,True,False,True,False,True,True,True,True,False,True,False,False,False,10,False,0.1063089960897327,0.1097717660744701,1.0,234635736.8,0.2483781278962001,1.0,3.0,,,,,,0.0037284614841801,-0.0700294744446066,0.1834462731571874,-1.5225340441000408,0.3099206349206349,-1.5225340441000408,0.2946094536507105,-359.0,0.6190476190476191,0.4444444444444444,0.1904761904761904,0.5547619047619048,0.4809523809523809,華榮
41.900001525878906,42.20000076293945,41.150001525878906,41.70000076293945,2650048.0,0.084525355930098,41.05999984741211,0.1164659294921357,38.90499973297119,0.0692307887933192,40.43749993642171,-0.0681564075320793,40.37874994277954,0.0192559562382966,65.59142651816954,846224.3,3.1316141595083,0.0718416925627056,1618.TW,2026-08-14,0.0688713094842561,0.1100678478842778,neutral,0.1177015755329008,0.3067655236329935,2026-03-31,2026-05-15,1166170000.0,393476000.0,351688000.0,377918000.0,75657000.0,302261000.0,1.57,4189192000.0,1792843000.0,8312081000.0,1873571000.0,6438510000.0,456109000.0,831869000.0,,,0.2001942220270005,281282094.4437682,6519238000.0,0.0431464681062063,0.04694579957164,0.0363640585311909,0.2909945002803443,0.3374087825960195,0.3015752420316077,0.2591911985388065,0.0721134840447537,,,81.36310017392262,81.36310017392262,False,64.68503733655857,64.68503733655857,68.85455304589958,80.0,True,False,True,True,True,False,True,True,True,False,True,True,False,True,True,False,False,10,False,0.0312210405812112,0.0327214394212858,1.0,35287553.955617905,0.4791473586654309,1.0,2.0,,,,,,0.0167256811663122,-0.0428030295359515,0.1976109054935508,-1.8419146895296787,0.3392857142857143,-1.8419146895296787,0.3384981276537459,-80.0,0.9285714285714286,0.6507936507936508,0.2698412698412698,0.8297619047619047,0.7134920634920635,合機
29.89999961853028,32.20000076293945,29.5,30.350000381469727,13474698.0,0.091726662388168,28.739999771118164,0.1650672272685405,26.465000057220458,0.6494565766677969,23.497500006357832,0.8228228874967853,20.79833332697551,0.0158334132652913,66.79389118474447,6011263.55,2.2415749846802178,0.1467976692178136,1709.TW,2026-08-14,0.0688713094842561,0.1100678478842778,neutral,0.0732159406858202,0.0129749768303985,2026-03-31,2026-05-15,2424471000.0,492933000.0,320616000.0,344786000.0,79982000.0,264726000.0,0.55,5694389000.0,2189161000.0,12130526000.0,3134319000.0,8996207000.0,600735000.0,285000000.0,20699000.0,,0.2319757762786192,246240854.51265424,9941365000.0,0.0247693203612033,0.0294264015934715,0.021823126218929,0.34840449980753,0.2033156923716555,0.1322416312671919,0.1091891798252072,-0.0753599255550004,,,52.52750676874495,52.52750676874495,False,86.04149048672713,86.04149048672713,77.66299455723158,330.0,True,True,True,True,True,True,True,True,True,True,True,True,True,True,False,False,False,14,False,0.2916267846901916,0.4592515613789916,1.0,182441851.03561503,0.2780352177942539,1.0,3.0,,,,,,0.029449987382835,-0.0533941912862407,0.2611656016365493,-1.2762930187362942,0.5698412698412698,-1.2762930187362942,0.5658806085125423,-330.0,0.6507936507936508,0.8809523809523809,0.5317460317460317,0.6329365079365079,0.696031746031746,和益
16.700000762939453,17.100000381469727,16.25,16.399999618530273,17123466.0,0.0412698170495411,16.75999984741211,0.0718953865413367,15.12999997138977,0.6734693162593197,15.418499994277957,0.7729729317330025,12.549250014623006,0.0063185855006161,61.40350740212988,20495092.35,0.8354910389071752,0.0839391704918719,1714.TW,2026-08-14,0.0688713094842561,0.1100678478842778,neutral,0.1927710843373494,0.0111214087117701,2026-03-31,2026-05-15,7139550000.0,802314000.0,490214000.0,535557000.0,131252000.0,223134000.0,0.23,17219321000.0,4978429000.0,25588223000.0,7499378000.0,18088845000.0,5982998000.0,888587000.0,1280870000.0,,0.2450756875551995,370074466.90081537,20609794000.0,0.01795624288631,0.0123354476197899,0.0087201835000421,0.414585784775092,0.1123759900834086,0.0686617503904307,0.0312532302456037,0.3342708703208805,,,45.10051143692903,45.10051143692903,False,75.48542156848583,75.48542156848583,67.88919403559663,432.0,True,True,True,True,True,False,True,True,True,True,True,True,True,True,False,False,False,13,False,0.0636572704618847,0.3068509751116748,1.0,336119506.72174275,0.2103799814643188,0.0,3.0,,,,,,0.0053502279762855,-0.0785815632168748,0.2614721526689438,-1.922039509672508,0.3718253968253968,-1.922039509672508,0.3691073210584386,-432.0,0.5396825396825397,0.6111111111111112,0.3015873015873015,0.503968253968254,0.5134920634920634,和桐
142.5,142.5,134.0,136.0,970165.0,-0.0072992700729926,140.0,0.0793650793650793,133.2404800415039,0.1147540983606556,125.1218266805013,-0.0144927536231883,125.23591334025063,0.02205338406367,54.86967881689923,1130901.6,0.857868624467416,0.0207108226992016,1736.TW,2026-08-14,0.0688713094842561,0.1100678478842778,neutral,0.1742354031510658,0.2242817423540315,2026-03-31,2026-05-15,11791948000.0,6052382000.0,-92539000.0,40175000.0,16051000.0,23921000.0,0.08,30613897000.0,23508674000.0,46411739000.0,32321282000.0,14090457000.0,3157649000.0,7600383000.0,1539220000.0,3000000000.0,0.3995270690728065,-55567164.55507156,22903065000.0,-0.0024261890081118,0.0016976738227865,0.0005154083970005,2.2938419953305984,0.5132639662250885,-0.0078476431544643,0.0020285876430255,0.111450973975419,,,26.12240913361154,26.12240913361154,False,69.0803282569943,69.0803282569943,58.340848476148615,751.0,True,False,True,True,True,True,True,True,True,True,True,True,True,True,False,False,False,13,False,0.0869406530267187,0.0859504783624218,1.0,153802617.60000002,0.2919369786839666,2.0,3.0,,,,,,-0.0264889467457314,-0.0912197253033394,0.1965434289300273,-1.916765788420837,0.2003968253968253,-1.916765788420837,0.2381636313004734,-751.0,0.2142857142857142,0.1666666666666666,0.1507936507936507,0.2047619047619047,0.1873015873015873,喬山
24.89999961853028,24.950000762939453,23.89999961853028,24.450000762939453,2799064.0,0.072368490398758,24.59000015258789,0.1164384104487168,22.270000076293947,0.3228521369707002,21.785914325714117,0.3406323168846663,19.919047387441,0.0280438626352382,73.7705102565353,2574976.65,1.0870250027315782,0.0978895679917883,1904.TW,2026-08-14,0.0688713094842561,0.1100678478842778,neutral,0.118628359592215,0.0704355885078776,2026-03-31,2026-05-15,10422205000.0,2150150000.0,696170000.0,676222000.0,51875000.0,623134000.0,0.56,23384595000.0,24639229000.0,73010397000.0,42553667000.0,30456730000.0,6316415000.0,12166669000.0,15580624000.0,,0.0767129729585846,642764729.6154221,48371168000.0,0.0132881788096459,0.0204596488198174,0.0085348666163258,1.3971843661483028,0.2063047119107713,0.0667968054744653,0.0597890753444208,0.0134174531712039,,,33.04763840274124,33.04763840274124,False,78.56293185494879,78.56293185494879,67.18410849189691,631.0,True,True,True,True,True,True,True,False,True,True,True,True,True,True,False,False,False,13,False,0.1222848119842687,0.2274683767435197,1.0,62958181.05705127,0.3929564411492122,0.0,3.0,,,,,,0.0523958858050054,0.0139134056604306,0.2339273656278042,-1.4810988932627764,0.6746031746031745,-1.4810988932627764,0.6301270486514389,-631.0,0.3571428571428571,0.5793650793650794,0.6746031746031746,0.4047619047619047,0.4873015873015873,正隆
11.5,11.600000381469728,11.199999809265137,11.300000190734863,116559.0,0.0319635057138156,11.400000190734865,0.0319635057138156,11.10499997138977,0.0813397509075648,11.08166667620341,-0.0543932743853529,11.27708331743876,0.007713256507568,55.55555555555555,110114.05,1.0585297698159315,0.0175596776089581,1906.TW,2026-08-14,0.0688713094842561,0.1100678478842778,neutral,0.3151065801668211,0.2761816496756256,2026-03-31,2026-05-15,824072000.0,66019000.0,17339000.0,-4285000.0,-126000.0,,-0.03,476045000.0,2439937000.0,5842498000.0,2763272000.0,3079226000.0,170426000.0,1450000000.0,,,0.0294049008168028,16829148.424737457,3402561000.0,0.0049460240168324,,,0.897391747146848,0.0801131454533099,0.0210406372258734,,0.0185447947514918,,,24.0907540514816,24.0907540514816,False,64.54393318626795,64.54393318626795,54.43063840257136,783.0,True,False,True,True,True,True,True,True,False,False,True,True,True,True,False,False,False,11,False,0.0197022271929816,0.002032163162319,1.0,1244288.7860025882,0.9128822984244672,0.0,3.0,,,,,,0.0325550255653575,-0.00578651038117,0.1628787678357602,-1.364544719721661,0.5111111111111112,-1.364544719721661,0.719490368258661,-783.0,0.1904761904761904,0.0634920634920634,0.8015873015873016,0.2821428571428571,0.2746031746031746,寶隆
29.799999237060547,29.799999237060547,28.25,28.950000762939453,3185435.0,-0.061588317505225,30.020000076293947,0.0284192239875753,29.127499961853022,0.1696970005228062,27.2758334795634,0.1177606636807451,26.09625007311503,0.0168441291053099,59.57448276365844,1960126.55,1.625117010939931,-0.0060938700247544,1907.TW,2026-08-14,0.0688713094842561,0.1100678478842778,neutral,0.3262279888785913,0.1538461538461538,2026-03-31,2026-05-15,17964361000.0,2424583000.0,-77218000.0,452137000.0,195557000.0,208827000.0,0.13,69038373000.0,57579369000.0,178076390000.0,82625870000.0,95450520000.0,10428232000.0,15812770000.0,19190444000.0,964996000.0,0.4,-46330800.0,120497021000.0,-0.0003844974723482,0.0021878036913785,0.0011726821281585,0.8656408576925511,0.1349662812943917,-0.0042983994810614,0.0116245158956669,-0.0057560278150267,,,17.0350561108219,17.0350561108219,False,74.57379002260947,74.57379002260947,60.18910654466258,915.0,True,False,True,True,False,True,True,True,False,True,True,True,True,True,False,False,False,11,False,0.0613791429922916,0.1093548184826915,1.0,56745665.11795788,0.4031510658016682,0.0,3.0,,,,,,-0.0038537858215413,-0.080084450585609,0.1979892224415189,-1.7689739691067374,0.2488095238095238,-1.7689739691067374,0.2762649604616442,-915.0,0.1031746031746031,0.2698412698412698,0.1825396825396825,0.115079365079365,0.169047619047619,永豐餘
10.149999618530272,10.600000381469728,10.149999618530272,10.600000381469728,6375368.0,0.0600000381469727,10.220000076293946,0.0495049486252832,10.073500108718871,0.175166279769545,9.871666717529298,0.0663984737372571,9.661166667938232,-0.0014868376615056,66.08187656331486,3245297.05,1.9644944366494896,0.0522658725436611,1909.TW,2026-08-14,0.0688713094842561,0.1100678478842778,neutral,0.253012048192771,0.1492122335495829,2026-03-31,2026-05-15,10760215000.0,1109471000.0,15988000.0,29258000.0,59036000.0,-27240000.0,-0.02,14658431000.0,22767425000.0,70430999000.0,49630869000.0,20800130000.0,2240646000.0,8614561000.0,26455684000.0,0.0,0.4,9592800.0,47663574000.0,0.0002012606104611,-0.0013096071995703,-0.0003867615167576,2.386084558125358,0.1031086274763097,0.0014858439166875,-0.0025315479291073,0.0525224624933875,,,8.894222198109352,8.894222198109352,False,64.35083894057567,64.35083894057567,50.48668475495909,1046.0,True,False,True,True,True,True,False,True,False,True,True,True,True,True,False,False,False,11,False,0.0737802120737236,0.0971760187770209,1.0,34400149.96798258,0.4856348470806302,0.0,3.0,,,,,,0.0457464766624144,-0.0170212752434088,0.289059746081062,-1.5453597802283785,0.6535714285714286,-1.5453597802283785,0.6239129448365783,-1046.0,0.0238095238095238,0.0158730158730158,0.6428571428571429,0.1166666666666666,0.1452380952380952,榮成
85.30000305175781,85.30000305175781,80.19999694824219,80.9000015258789,3447159.0,-0.0858756889731197,84.30000152587891,0.1524217242562806,77.95000038146972,0.2351145271126551,71.62333335876465,0.1919495456389466,70.79387626647949,0.0446961149980792,61.064431217782094,4200349.95,0.8206837623136615,0.0378447867860494,2006.TW,2026-08-14,0.0688713094842561,0.1100678478842778,neutral,0.082483781278962,0.1037998146431881,2026-03-31,2026-05-15,13602390000.0,2004381000.0,1390762000.0,1521134000.0,302993000.0,1211982000.0,1.66,28387625000.0,18568929000.0,51955456000.0,19405487000.0,32549969000.0,1294546000.0,5329132000.0,260000000.0,,0.1991888946010016,1113737654.5669217,33386527000.0,0.0333588951784928,0.0372345055075167,0.0233273287024946,0.596175283607797,0.1473550603974742,0.1022439438951537,0.089100665397772,-0.0619062729029651,,,52.210458028038886,52.210458028038886,False,83.0126331857421,83.0126331857421,75.3120893963163,336.0,True,True,True,True,True,True,True,True,True,True,True,True,True,True,False,False,False,14,False,0.1295201958926846,0.1427542294951944,1.0,339808317.3642254,0.2075996292863762,1.0,3.0,,,,,,0.038231735611219,-0.0101731700309947,0.2457807530942573,-1.185729557379374,0.6678571428571429,-1.185729557379374,0.6794591786264998,-336.0,0.6349206349206349,0.8412698412698413,0.746031746031746,0.6515873015873016,0.719047619047619,東和鋼鐵
22.700000762939453,22.700000762939453,22.14999961853028,22.350000381469727,1822030.0,-0.0261438066023348,22.88000030517578,0.0693780282011991,21.62000017166138,0.0848848569150475,21.68011614481609,0.0848848569150475,21.875087881088252,0.0198113196767833,63.95349971922038,1480880.65,1.2303692400869712,0.0337650418136998,2010.TW,2026-08-14,0.0688713094842561,0.1100678478842778,neutral,0.1983317886932344,0.2659870250231696,2026-03-31,2026-05-15,6434872000.0,682639000.0,464114000.0,473003000.0,98964000.0,369123000.0,0.57,15350374000.0,9394504000.0,24093239000.0,11630814000.0,12462425000.0,619531000.0,3537293000.0,1338370000.0,,0.2092248886370699,367009800.0350949,14698735000.0,0.0249688017394078,0.0296188743362547,0.0153206050875932,0.9332705312168378,0.1060843168286797,0.0721248223740891,0.0573629125800792,0.1500844484399826,,,45.75393425343425,45.75393425343425,False,63.852201510800825,63.852201510800825,59.32763469645919,421.0,True,False,True,True,True,False,True,True,True,False,True,True,True,True,False,False,False,11,False,0.030898553872084,0.021710198512713,1.0,33097683.09241113,0.4911955514365153,0.0,3.0,,,,,,0.0725878768827131,0.0276984950186576,0.2367020267838191,-0.5057376018068931,0.8107142857142857,-0.5057376018068931,0.8191296671542118,-421.0,0.5555555555555556,0.2142857142857142,0.8968253968253969,0.6067460317460317,0.5214285714285715,春源
50.0,50.0,46.84999847412109,47.59999847412109,36643668.0,0.0214592281704759,47.71999969482422,0.1709716282253426,44.72749996185303,0.1239669466153141,42.44646650950114,0.2744310687750624,40.09239991505941,0.0450350458376876,59.27051396840037,22882860.55,1.6013587077512474,0.0642222014357596,2027.TW,2026-08-14,0.0688713094842561,0.1100678478842778,neutral,0.0658016682113067,0.211306765523633,2026-03-31,2026-05-15,31174326000.0,8517820000.0,5633209000.0,4716863000.0,1204326000.0,2914770000.0,1.17,89517343000.0,24455518000.0,159942793000.0,66551339000.0,93391454000.0,9252095000.0,11925609000.0,29968117000.0,,0.2553235063218923,4194918326.275959,135487275000.0,0.0309617144951506,0.0312102432841446,0.0182238283159154,0.7126063054977172,0.2732318896004359,0.1807002659816927,0.0934990543179666,0.1950875950100803,,,67.77515994414823,67.77515994414823,False,86.16215722440108,86.16215722440108,81.56540790433787,180.0,True,True,True,True,True,True,True,True,True,True,True,True,True,True,True,False,False,14,False,0.1214125082347288,0.1872573997806923,1.0,1089224127.2635255,0.1112140871177015,1.0,3.0,,,,,,0.0258910577071794,-0.0561629590832847,0.2876826859251483,-1.1876230355684578,0.5904761904761905,-1.1876230355684578,0.5712510300627189,-180.0,0.7936507936507936,0.9444444444444444,0.5476190476190477,0.7567460317460317,0.7896825396825398,大成鋼
21.14999961853028,21.350000381469727,20.450000762939453,20.549999237060547,4108219.0,0.1048386459998951,21.089999771118165,0.1913043035977129,18.27499990463257,0.217067083451661,18.242077795664468,0.2797644422995169,17.020911725362144,0.0510424158083556,74.80916319509763,2116232.5,1.9412890596850767,0.124486968224349,2030.TW,2026-08-14,0.0688713094842561,0.1100678478842778,neutral,0.0574606116774791,0.1167747914735866,2026-03-31,2026-05-15,2637279000.0,397354000.0,208556000.0,212139000.0,43592000.0,168547000.0,0.61,6688220000.0,4584464000.0,12076498000.0,7059382000.0,5017116000.0,1408221000.0,3147626000.0,2063078000.0,,0.2054879112280156,165700263.18592998,7492034000.0,0.0221168594784713,0.0335943996511143,0.0139566122563014,1.4070597530533475,0.1506681697309992,0.0790799911575529,0.0639094308944939,-0.0137930957114074,,,38.807934191914576,38.807934191914576,False,82.51273636546031,82.51273636546031,71.58653582207388,542.0,True,True,True,True,True,True,True,False,True,True,False,True,True,True,False,False,False,12,False,0.1265163687628059,0.2073383358448337,1.0,43488576.260442734,0.448563484708063,0.0,3.0,,,,,,0.0807413344676412,0.0156722159174391,0.2931039394696378,-0.608709293150402,0.8634920634920634,-0.608709293150402,0.8945536518604508,-542.0,0.4365079365079365,0.7619047619047619,0.9603174603174603,0.515079365079365,0.6388888888888888,彰源
46.0,46.0,43.25,43.54999923706055,3269161.0,-0.0322222391764323,45.48999938964844,0.1067344580890297,41.24499988555908,0.2079241097880149,39.47869714101156,0.1580971345736959,38.3541111946106,0.0356559921044338,57.97545394888961,1965491.0,1.6632795571182977,0.0558855463182703,2031.TW,2026-08-14,0.0688713094842561,0.1100678478842778,neutral,0.1288229842446709,0.1214087117701575,2026-03-31,2026-05-15,4589073000.0,567832000.0,427931000.0,146733000.0,66925000.0,70724000.0,0.22,15811293000.0,10640609000.0,28813736000.0,17538865000.0,11274871000.0,1366991000.0,6979961000.0,6673974000.0,,0.4,256758600.0,18173127000.0,0.0141284766237533,0.0062727103485263,0.0024545237729671,1.5555712344735475,0.1237356651332415,0.0932499875247136,0.0154113913637895,-0.0896215532289155,,,22.130264986727884,22.130264986727884,False,83.86928517215333,83.86928517215333,68.43453012579697,824.0,True,True,True,True,True,True,True,True,True,True,True,True,True,True,False,False,False,14,False,0.103126556621333,0.1354714756935904,1.0,85597131.55044937,0.3577386468952734,1.0,3.0,,,,,,0.0488451990840257,0.0001762279162469,0.2405186313913418,-1.4667510565542443,0.6551587301587302,-1.4667510565542443,0.6219154537832134,-824.0,0.1587301587301587,0.626984126984127,0.6349206349206349,0.2301587301587301,0.3944444444444444,新光鋼
20.200000762939453,20.200000762939453,19.75,19.75,415055.0,0.0076530416127995,19.970000076293942,0.0589812549045192,18.892500019073488,0.0712026197098532,18.67869742711385,0.1113010975113188,18.31719824473063,0.0220449001939716,68.42104206455373,422066.5,0.9833876889068428,0.0453883805775201,2069.TW,2026-08-14,0.0688713094842561,0.1100678478842778,neutral,0.2233549582947173,0.3002780352177943,2026-03-31,2026-05-15,2302863000.0,277674000.0,137979000.0,128564000.0,22373000.0,106191000.0,0.64,4252225000.0,3913450000.0,9681868000.0,5325210000.0,4356658000.0,267712000.0,2834868000.0,1356137000.0,,0.174022276842662,113967580.26352634,5768418000.0,0.019757163968271,0.0243744172712202,0.0109680280706161,1.2223153619127325,0.1205777330218949,0.0599162868134144,0.0461125998376803,-0.1384973197554728,,,30.045180578249248,30.045180578249248,False,66.3291631248917,66.3291631248917,57.258167488231095,682.0,True,False,True,True,True,True,True,True,False,False,True,True,True,True,False,False,False,11,False,0.0573542441632495,0.07822166556949,1.0,8335813.375,0.6737720111214087,0.0,3.0,,,,,,0.0605444488985741,0.0310096306452673,0.2377303464664342,-1.0824340880985843,0.7682539682539683,-1.0824340880985843,0.7799678976878349,-682.0,0.3015873015873015,0.119047619047619,0.873015873015873,0.3873015873015872,0.3611111111111111,運錩
28.14999961853028,28.200000762939453,26.799999237060547,26.850000381469727,9140799.0,0.0740000152587889,27.69000015258789,0.1425532077221161,23.76999998092652,0.3299362350868953,22.30761702855428,0.6736737892344213,20.993241294225054,0.0359555502062418,67.54717089774233,8564015.4,1.067349668707975,0.1295751116118912,2103.TW,2026-08-14,0.0688713094842561,0.1100678478842778,neutral,0.0908248378127896,0.0658016682113067,2026-03-31,2026-05-15,10330865000.0,1265731000.0,651038000.0,844918000.0,343164000.0,435719000.0,0.53,20606457000.0,11013075000.0,44846222000.0,22698723000.0,22147499000.0,6501177000.0,5243271000.0,6369581000.0,,0.4,390622800.0,33833147000.0,0.0115455650637524,0.0196735080561466,0.0097158462980449,1.0248887696078008,0.1225193630930227,0.0630187307645584,0.0421764295632553,-0.0044362000632366,,,30.459795491848286,30.459795491848286,False,83.91682606874195,83.91682606874195,70.55256842451854,674.0,True,True,True,True,True,True,True,True,True,True,True,True,True,True,False,False,False,14,False,0.2036247684860777,0.2789830786566427,1.0,229943816.75691265,0.2502316960148285,0.0,3.0,,,,,,0.0262656829475399,-0.031069602283144,0.2453396989509175,-1.6444838217773636,0.5182539682539682,-1.6444838217773636,0.5224447098484066,-674.0,0.3174603174603174,0.7222222222222222,0.4603174603174603,0.3388888888888888,0.4674603174603174,台橡
23.299999237060547,23.299999237060547,23.049999237060547,23.14999961853028,52402.0,0.0266075566194983,23.00999984741211,0.066820221410647,22.22749996185303,0.1899991872063733,21.199505392710368,0.0147844920060622,20.774118614196777,0.0143753547907828,73.3333163791233,78674.45,0.6660612180955825,0.04150262774763,2115.TW,2026-08-14,0.0688713094842561,0.1100678478842778,neutral,0.2038924930491195,0.1380908248378128,2026-03-31,2026-05-15,795763000.0,146418000.0,55001000.0,50773000.0,23159000.0,28129000.0,0.27,2550411000.0,942761000.0,4966182000.0,1610225000.0,3355957000.0,883919000.0,179756000.0,658841000.0,,0.4,33000600.0,4023421000.0,0.0082021245104601,0.0083818118050976,0.0056641097728597,0.4798109749320388,0.1839969940798956,0.0691173125666812,0.0353484643040704,-0.0114512019538349,,,30.9467161073479,30.9467161073479,False,68.8895068998836,68.8895068998836,59.40380920174968,665.0,True,False,True,True,True,True,True,False,False,True,True,True,False,True,False,False,False,10,False,0.092006591176915,0.1143673552874513,1.0,1821313.4874880796,0.860982391102873,0.0,3.0,,,,,,0.0489985350535031,0.0331650945883282,0.2165474628123437,-1.5752381755121188,0.6384920634920634,-1.5752381755121188,0.6510626882296953,-665.0,0.3253968253968254,0.2301587301587301,0.7063492063492064,0.3825396825396825,0.373015873015873,六暉-KY
274.5,278.0,261.0,267.0,21480262.0,0.0809716599190284,267.2,0.3587786259541985,230.35,0.3056234718826405,223.7333333333333,0.5141861232453773,197.23994992574052,0.0624999999999999,67.74193548387098,30169094.4,0.7119955844614282,0.1591057087041458,2301.TW,2026-08-14,0.0688713094842561,0.1100678478842778,neutral,0.0166821130676552,0.0750695088044485,2026-03-31,2026-05-15,43407292000.0,9402933000.0,4099305000.0,4969901000.0,1195242000.0,3775414000.0,1.66,165353065000.0,116511425000.0,210691221000.0,122427807000.0,88263414000.0,71133162000.0,13521025000.0,3000000000.0,,0.2404961386554782,3113437976.3289046,94179796000.0,0.0330584489302663,0.0427743934763275,0.0179191804104642,1.3870730969006029,0.2166210460675593,0.0944381649055647,0.0869764923368175,0.1919657430575541,,,57.60700281241379,57.60700281241379,False,85.13175946133583,85.13175946133583,78.25057029910532,288.0,True,True,True,True,True,True,True,True,True,True,True,True,False,False,False,False,False,12,False,0.1933849821215734,0.3536811386360807,1.0,8055148204.799999,0.025949953660797,2.0,3.0,,,,,,0.0033311810531237,-0.0992428120078521,0.2711552598534254,-1.2408643428134596,0.4583333333333333,-1.2408643428134596,0.3972323387240905,-288.0,0.6746031746031746,0.8968253968253969,0.3333333333333333,0.6234126984126985,0.6730158730158731,光寶科
45.54999923706055,46.0,42.20000076293945,42.20000076293945,4336404.0,-0.016317033520784,44.3,0.0471464407406647,41.16250038146973,0.6102632314604095,41.326492087046304,1.3551772172083605,30.30759922663371,0.0054961831548915,51.36718927533403,4501264.35,0.963374657167158,0.0252049892949841,2302.TW,2026-08-14,0.0688713094842561,0.1100678478842778,neutral,0.2604263206672845,0.015755329008341,2026-03-31,2026-05-15,216325000.0,70774000.0,16066000.0,58305000.0,16844000.0,41461000.0,0.25,1204494000.0,819815000.0,2680414000.0,894283000.0,1786131000.0,540705000.0,,,,0.2888946059514621,11424619.26078381,1860599000.0,0.0061402909819815,0.0232127430742761,0.0154681329078269,0.5006816409322721,0.3271651450364035,0.0742678839708771,0.1916606957124696,0.1180973350699827,,,48.29599018643512,48.29599018643512,False,58.89374292935495,58.89374292935495,56.244304743624994,394.0,True,False,True,True,True,False,True,True,False,True,True,True,True,True,False,False,False,11,False,0.0211367728490787,0.3923900882869977,1.0,189953359.0041921,0.273401297497683,1.0,3.0,,,,,,-0.0266289639084717,-0.1274251019728077,0.2028828866562057,-1.8353381682261376,0.2031746031746031,-1.8353381682261376,0.3509146175812945,-394.0,0.5873015873015873,0.0873015873015873,0.2777777777777778,0.5408730158730158,0.3753968253968254,麗正
262.0,264.5,257.5,259.5,50840975.0,-0.0019230769230769,263.8,0.108974358974359,252.75,0.0797084164994983,253.42251561482743,0.1772150978706825,233.6475610097249,0.0267086422260586,53.51351351351351,56839094.5,0.8944719377962645,0.0267062314540058,2317.TW,2026-08-14,0.0688713094842561,0.1100678478842778,neutral,0.1260426320667284,0.2789620018535681,2026-03-31,2026-05-15,2119533391000.0,130980560000.0,75648689000.0,74031230000.0,17074953000.0,49919449000.0,3.56,4052387707000.0,2792211149000.0,5230479067000.0,3241680598000.0,1988798469000.0,986317310000.0,778365706000.0,25597034000.0,289268494000.0,0.2306452695706933,58200676732.92546,2438267918000.0,0.0238696807283855,0.0251003054246619,0.0095439535003496,1.6299693752429172,0.0617968844256816,0.0356911994504171,0.0235520936881527,0.289006464874042,,,39.93908373911616,39.93908373911616,False,58.15187196117443,58.15187196117443,53.59867490565986,511.0,True,False,True,True,True,False,True,True,True,False,True,True,True,True,False,False,False,11,False,0.0239816275614972,0.1106471596731071,1.0,14749745022.75,0.0148285449490268,2.0,3.0,,,,,,0.0316571849543354,-0.0434363271683455,0.2030492739371955,-1.689310129035239,0.4277777777777778,-1.689310129035239,0.4511725196151892,-511.0,0.4841269841269841,0.0555555555555555,0.4126984126984127,0.4734126984126984,0.3412698412698413,鴻海
183.0,191.0,180.5,183.5,237449628.0,0.1223241590214068,179.0,0.1838709677419354,158.7,0.6096491228070176,170.65,0.7484429243079875,137.74397614796956,0.0179602309172545,59.28853754940712,143686572.35,1.6525526645705388,0.1562696912413359,2344.TW,2026-08-14,0.0688713094842561,0.1100678478842778,neutral,0.0602409638554216,0.0166821130676552,2026-03-31,2026-05-15,38253064000.0,20415002000.0,12550494000.0,12688424000.0,2570746000.0,10114310000.0,2.25,110641935000.0,75046248000.0,229813688000.0,106920169000.0,122893519000.0,25520648000.0,5251103000.0,22148521000.0,4892959000.0,0.202605619106045,10007693393.043297,154767440000.0,0.0646627830313875,0.082301410866101,0.0440109120045103,0.870022844736019,0.5336827920503309,0.3280912085891995,0.2644052251605257,0.913359516665577,,,96.98400611250784,96.98400611250784,True,85.4361544411216,85.4361544411216,88.32311735896815,11.0,True,True,True,True,True,False,True,True,True,True,False,True,True,False,True,True,True,12,False,0.0753003222970993,0.3321816687132486,1.0,26366486026.225,0.0046339202965708,2.0,0.0,,,,,,-0.0307881540582056,-0.146180156442714,0.1725405207617674,-1.357603287400705,0.228968253968254,-1.357603287400705,0.2324956230261522,-11.0,0.992063492063492,0.992063492063492,0.1428571428571428,0.8646825396825397,0.8222222222222223,華邦電
91.8000030517578,92.0,89.80000305175781,90.9000015258789,2957905.0,-0.0267665948517924,91.38000030517578,0.0656506245459704,90.06499977111817,0.0770142166171283,88.9611131032308,0.3231441857903132,83.78972333272299,0.0177986213591793,54.37263140550338,4921932.8,0.600964117185834,0.0092711015031667,2347.TW,2026-08-14,0.0688713094842561,0.1100678478842778,neutral,0.206672845227062,0.2817423540315106,2026-03-31,2026-05-15,126357648000.0,5428837000.0,3373256000.0,3875913000.0,784782000.0,2954386000.0,1.77,208416617000.0,157729943000.0,249263901000.0,167490035000.0,81773866000.0,15304988000.0,56810338000.0,2500000000.0,,0.2024766809781334,2690250321.030425,91533958000.0,0.0293907351961162,0.036128730907745,0.0118524422836502,2.048209815590717,0.042964055487959,0.0266960967807821,0.0233811411241209,0.3825024363831348,,,42.4453478070041,42.4453478070041,False,65.16510470155691,65.16510470155691,59.48516547791871,474.0,True,False,True,True,True,True,True,True,False,False,True,True,False,True,False,False,False,10,False,0.0217947860027134,0.0848585949487088,1.0,447403699.03027344,0.1788693234476367,1.0,3.0,,,,,,0.046685725908619,-0.0150427602425352,0.3055904605563942,0.0046321483138812,0.7821428571428571,0.0046321483138812,0.7782661150388408,-474.0,0.5158730158730159,0.238095238095238,0.8650793650793651,0.5682539682539683,0.5023809523809525,聯強
62.79999923706055,63.400001525878906,62.0,62.5,9890675.0,0.0113268733265561,62.81999969482422,0.1574074074074074,57.849999809265135,0.0908715147241021,57.156076431274414,0.094588288426419,55.21050128936768,0.0311942925002697,69.09091119267117,13715838.5,0.7211134047692381,0.0803802974255174,2354.TW,2026-08-14,0.0688713094842561,0.1100678478842778,neutral,0.0769230769230769,0.2641334569045412,2026-03-31,2026-05-15,25274831000.0,1224398000.0,373042000.0,939869000.0,285306000.0,663384000.0,0.47,119608118000.0,42954189000.0,150753789000.0,44332160000.0,106421629000.0,18348663000.0,13096824000.0,,,0.3035593258209388,259801621.9771053,107799600000.0,0.0024100425416894,0.0062335448746043,0.0044004466116602,0.4165709585219749,0.0484433704027536,0.0147594260867659,0.0262468223823138,-0.1575198993297046,,,17.738249987351253,17.738249987351253,False,73.79742806329709,73.79742806329709,59.78263354431063,897.0,True,False,True,True,True,True,True,True,True,False,True,True,False,True,False,False,False,11,False,0.0934970330783853,0.1320310183822968,1.0,857239906.25,0.1288229842446709,1.0,3.0,,,,,,-0.0247846109416703,-0.0680987433926426,0.151598152071102,-1.87690903771376,0.1952380952380952,-1.87690903771376,0.163110376604862,-897.0,0.1111111111111111,0.2619047619047619,0.0952380952380952,0.1087301587301587,0.1531746031746031,鴻準
71.0,73.5,69.4000015258789,69.9000015258789,59102115.0,0.0921875238418579,67.76000061035157,0.1948718209551949,63.62999992370605,0.2920518206542242,65.93072986602783,0.5413451792234842,55.66078157424927,0.0275593593033624,60.93190464021728,36664031.25,1.611991725541637,0.0985384505687685,2356.TW,2026-08-14,0.0688713094842561,0.1100678478842778,neutral,0.0565338276181649,0.0778498609823911,2026-03-31,2026-05-15,200310505000.0,10176552000.0,3614980000.0,3306616000.0,872750000.0,2428376000.0,0.68,316622404000.0,289769524000.0,382244260000.0,308509302000.0,73734958000.0,45302973000.0,76492329000.0,8230668000.0,,0.2639405361856351,2660840240.499653,92474736000.0,0.0287736992349959,0.032933849368979,0.0063529430108381,4.184030348264388,0.0508038856973577,0.0180468817648879,0.0121230586483719,0.2755841181128693,,,32.596295147103554,32.596295147103554,False,84.39368363724266,84.39368363724266,71.44433651470789,639.0,True,True,True,True,True,False,True,True,True,True,True,True,True,True,False,False,False,13,False,0.060203666301233,0.255821415885709,1.0,2562815840.319872,0.0593141797961075,1.0,3.0,,,,,,0.0949262811042916,4.321720363722902e-05,0.3491864225866218,-0.6337855759594948,0.8694444444444444,-0.6337855759594948,0.8614543271090639,-639.0,0.3492063492063492,0.753968253968254,0.9365079365079364,0.4373015873015873,0.588095238095238,英業達
157.5,169.0,154.5,159.5,26248135.0,0.1114982578397212,150.7,0.1312056737588651,140.5,0.1902985074626866,139.2522186279297,0.276,129.05944264729817,0.0111550917596258,57.6530612244898,8507634.75,3.085244697417223,0.1352313167259786,2359.TW,2026-08-14,0.0688713094842561,0.1100678478842778,neutral,0.1075069508804448,0.1362372567191844,2026-03-31,2026-05-15,890066000.0,190817000.0,-35808000.0,156778000.0,13846000.0,134073000.0,0.78,8393550000.0,3998667000.0,10520171000.0,4283921000.0,6236250000.0,2450934000.0,650000000.0,,,0.088315962698848,-32645582.00767965,6521504000.0,-0.005005836384932,0.0214989777510523,0.0127443745923901,0.6869386249749448,0.21438522536531,-0.0402307244631297,0.1506326497136167,-0.2680432463904461,,,26.81505765819656,26.81505765819656,False,84.65003919392905,84.65003919392905,70.19129380999593,741.0,True,True,True,True,True,True,True,True,True,True,False,True,False,True,False,False,False,12,False,0.145403653683757,0.2358646274018998,1.0,1356967742.625,0.0973123262279888,2.0,3.0,,,,,,-0.0301943858862876,-0.1261705815305668,0.20318796414307,-1.7010179644447152,0.217063492063492,-1.7010179644447152,0.2143040324651975,-741.0,0.2301587301587301,0.7063492063492064,0.119047619047619,0.2134920634920634,0.3507936507936507,所羅門
47.900001525878906,50.5,47.900001525878906,49.900001525878906,4113159.0,-0.0118811579033879,48.16000061035156,0.2351485059700955,45.38750019073486,0.3073442623606179,44.09319413503011,0.3375138738711103,40.5375867207845,0.0367768838452461,63.44828348239303,2469898.2,1.665315193962245,0.0994216759279726,2362.TW,2026-08-14,0.0688713094842561,0.1100678478842778,neutral,0.041705282669138,0.0741427247451343,2026-03-31,2026-05-15,4941226000.0,1031961000.0,338299000.0,460047000.0,109186000.0,350861000.0,0.61,21268600000.0,19086193000.0,104921126000.0,60685209000.0,44235917000.0,8972993000.0,7767445000.0,28201977000.0,,0.2373366199540481,258008258.80616543,85834933000.0,0.0030058654418261,0.0079315864527008,0.0033440453164789,1.3718537585645618,0.2088471565558831,0.0684645875335392,0.0710068715739778,0.1924432336345798,,,31.430349126543067,31.430349126543067,False,91.9158047985065,91.9158047985065,76.79444088051565,656.0,True,True,True,True,True,True,True,True,True,True,True,True,True,True,False,False,False,14,False,0.1316939610468261,0.2309563928800451,1.0,123247923.94876558,0.3160333642261353,1.0,3.0,,,,,,0.0051376500065689,-0.0409279482460511,0.2307342225167624,-1.518995258440651,0.423015873015873,-1.518995258440651,0.4389106482624472,-656.0,0.3333333333333333,0.873015873015873,0.3888888888888889,0.3416666666666667,0.5063492063492063,藍天
170.5,171.0,158.5,159.0,24794430.0,0.0392156862745098,161.0,0.1236749116607773,149.875,0.4070796460176991,142.13333333333333,0.7530320325229236,119.12749989827472,0.0251367989056088,60.869565217391305,19085427.05,1.2991289078857682,0.0608840700583819,2377.TW,2026-08-14,0.0688713094842561,0.1100678478842778,neutral,0.1130676552363299,0.0509731232622798,2026-03-31,2026-05-15,56256838000.0,8440506000.0,3876357000.0,4133431000.0,716617000.0,3416814000.0,4.04,106512512000.0,56814984000.0,119099762000.0,64185562000.0,54914200000.0,25875075000.0,0.0,6305082000.0,,0.1733709840565864,3204309172.355363,62284778000.0,0.0514461040923251,0.0622209555998266,0.0286886719387398,1.1688335985956273,0.1500352010541367,0.0689046369794192,0.0607359766647389,0.0507372103469625,,,60.05362798212559,60.05362798212559,False,87.75512812903446,87.75512812903446,80.82975309230724,263.0,True,True,True,True,True,True,True,True,True,True,True,True,True,True,True,False,False,14,False,0.1186679174484053,0.3347044144783795,1.0,3034582900.9500003,0.0509731232622798,2.0,3.0,,,,,,0.0224607842803623,-0.0299011038543498,0.255107093239183,-1.1046424663199224,0.5876984126984127,-1.1046424663199224,0.5172254405773884,-263.0,0.7063492063492064,0.9285714285714286,0.4523809523809524,0.6682539682539682,0.7222222222222222,微星
690.0,699.0,676.0,683.0,3170184.0,0.0772870662460567,679.0,0.331384015594542,604.45,0.4735706580366774,533.4527969360352,1.239344262295082,451.0513984680176,0.0707518730518625,73.04347826086956,5146396.25,0.6160007597549451,0.1299528496980726,2395.TW,2026-08-14,0.0688713094842561,0.1100678478842778,neutral,0.0222428174235403,0.0379981464318813,2026-03-31,2026-05-15,20385264000.0,7979823000.0,3728486000.0,4068287000.0,750007000.0,3334165000.0,3.85,49300373000.0,29811036000.0,83769137000.0,34044129000.0,49725008000.0,10001958000.0,,43915000.0,,0.184354496130681,3041122842.1397014,53958101000.0,0.0563608204473263,0.0670520756879516,0.0398018305954375,0.6846480346468723,0.3914505595806853,0.182901040673302,0.1635576071028562,0.1748587968840969,,,87.43653384699755,87.43653384699755,False,83.38276181649675,83.38276181649675,84.39620482412195,49.0,True,True,True,True,True,True,True,False,True,True,True,True,False,True,True,False,False,12,False,0.2803382115960611,0.5142398456579202,1.0,3514988638.75,0.0444856348470806,3.0,2.0,,,,,,-0.0273019469156437,-0.14133808917478,0.3028846696881322,-1.083013147583115,0.4301587301587302,-1.083013147583115,0.4008455772965779,-49.0,0.9603174603174603,0.9603174603174603,0.3412698412698413,0.8674603174603175,0.8365079365079364,研華
66.0999984741211,66.5999984741211,64.69999694824219,65.80000305175781,552307.0,-0.0060422041529262,66.81999969482422,0.200729999413177,60.07999973297119,0.1321765872636897,59.45989456176758,0.135919337899381,57.35681044260661,0.0397161874469029,68.12228223569971,877740.4,0.6292373006870824,0.0952064471406373,2397.TW,2026-08-14,0.0688713094842561,0.1100678478842778,neutral,0.0509731232622798,0.1983317886932344,2026-03-31,2026-05-15,3030612000.0,754408000.0,168760000.0,160589000.0,40224000.0,86809000.0,0.76,8090820000.0,5564770000.0,13261955000.0,7705318000.0,5556637000.0,2502436000.0,1648614000.0,692000000.0,964352000.0,0.2504779281270822,126489344.84927362,7697185000.0,0.0164331953628857,0.0156225789087896,0.0065457166760104,1.386687307448732,0.2489292591727347,0.0556851223449257,0.0286440494527178,0.1661133556504674,,,38.72674476639454,38.72674476639454,False,78.53273525129862,78.53273525129862,68.5812376300726,543.0,True,True,True,True,True,True,True,True,True,True,True,True,False,True,False,False,False,13,False,0.1066283170651112,0.1472047093274089,1.0,57755320.998651125,0.4012974976830398,1.0,3.0,,,,,,0.0360295584128738,-0.0053802228272406,0.2465120985872922,-1.379782212722016,0.6444444444444445,-1.379782212722016,0.5743914389013074,-543.0,0.4285714285714285,0.6349206349206349,0.5634920634920635,0.4488095238095237,0.5174603174603175,友通
45.400001525878906,47.150001525878906,45.04999923706055,45.95000076293945,11421681.0,0.0799060302430638,44.310000610351565,0.2319035309063608,39.05000009536743,0.0636574062831771,45.176666800181074,1.1175114814472995,39.947083393732704,0.0217163818643412,65.22522659989092,5174835.3,2.207158361155958,0.176696559557514,2399.TW,2026-08-14,0.0688713094842561,0.1100678478842778,neutral,0.0426320667284522,0.3234476367006487,2026-03-31,2026-05-15,434635000.0,71576000.0,-38003000.0,293376000.0,30236000.0,263140000.0,1.48,2477133000.0,591690000.0,3098844000.0,636030000.0,2462814000.0,675875000.0,60000000.0,,,0.1030622818499127,-34086324.10285777,2507154000.0,-0.0135956244023533,0.1068452591222885,0.0849155362451288,0.2582533638350277,0.1646807091007397,-0.0874365847205126,0.60542754265073,-0.1279866459882791,,,45.4971718000302,45.4971718000302,False,70.9401508585292,70.9401508585292,64.57940609390445,426.0,True,False,True,True,True,False,True,True,True,False,True,True,True,False,False,False,False,10,False,0.0171179951406967,0.150271730980704,1.0,237783685.983086,0.2446709916589434,1.0,3.0,,,,,,-0.099419913781744,-0.2117844190895698,0.1001569665766188,-2.036863058309421,0.0404761904761904,-2.036863058309421,0.0616205271823471,-426.0,0.5476190476190477,0.4682539682539682,0.0317460317460317,0.4702380952380952,0.4206349206349206,映泰
532.0,542.0,501.0,512.0,104243766.0,0.1203501094091903,499.9,0.2945638432364097,431.1,0.7474402730375427,411.3058151245117,0.8417266187050361,329.21540756225585,0.0376699963894573,61.2094395280236,85546495.45,1.2185626711140742,0.1876594757596845,2408.TW,2026-08-14,0.0688713094842561,0.1100678478842778,neutral,0.0268767377201112,0.0092678405931417,2026-03-31,2026-05-15,49086932000.0,33325482000.0,30111283000.0,31718134000.0,5659880000.0,26059487000.0,8.41,141606845000.0,25207062000.0,240968098000.0,47930660000.0,193037438000.0,86281008000.0,0.0,13800000000.0,3996400000.0,0.1784430319892084,24738134364.394894,215761036000.0,0.1146552446308929,0.1349970620724877,0.1081449669740099,0.2482972240856201,0.6789074126694249,0.6134276837672398,0.5308844113541258,5.829068133568171,,,100.0,100.0,True,95.55064685949252,95.55064685949252,96.66298514461938,2.0,True,True,True,True,True,True,True,True,True,True,False,True,True,False,True,True,True,13,False,0.2448158551928225,0.555212752013069,1.0,43799805670.4,0.0018535681186283,3.0,0.0,,,,,,-0.0591091699268491,-0.137969869451219,0.2216452233698688,-1.512522596060175,0.2595238095238095,-1.512522596060175,0.2322493052750692,-2.0,1.0,1.0,0.1349206349206349,0.8702380952380953,0.826984126984127,南亞科
4400.0,4400.0,4205.0,4210.0,10639421.0,0.0794871794871794,4086.0,0.2492581602373886,3772.25,0.1859154929577464,4050.04248046875,1.269541778975741,3120.6045735677085,0.0291229027417814,63.80208333333333,9051344.5,1.1754520005287612,0.1160448008483001,2454.TW,2026-08-14,0.0688713094842561,0.1100678478842778,neutral,0.036144578313253,0.1399443929564411,2026-03-31,2026-05-15,149150510000.0,69055353000.0,22890845000.0,27019390000.0,2643006000.0,24153980000.0,15.17,378185472000.0,309807293000.0,738776057000.0,340329102000.0,398446955000.0,184514674000.0,16440000000.0,120000000.0,,0.0978188626760263,20651688576.4068,428968764000.0,0.0481426395335553,0.0606203151935243,0.0326945896136425,0.8541390459364911,0.4629910618475257,0.1534748020640358,0.1619436634846237,-0.0271454326245333,,,78.23114789730103,78.23114789730103,False,78.43612697586347,78.43612697586347,78.38488220622285,95.0,True,True,True,True,True,False,True,True,True,True,True,True,True,True,True,False,False,13,False,0.0394952695688111,0.3490975548968107,1.0,38106160345.0,0.0027803521779425,3.0,2.0,,,,,,0.0228784293268568,-0.0493633335804159,0.3255778936898494,0.494468392297319,0.673015873015873,0.494468392297319,0.6908427607227559,-95.0,0.9047619047619048,0.9126984126984128,0.7698412698412699,0.8845238095238095,0.8801587301587301,聯發科
18.0,18.0,17.350000381469727,17.600000381469727,790000.0,0.0144092215852056,17.64000015258789,0.0965732846161213,16.544999980926512,0.0830769465519831,17.241666571299234,0.069908788157696,17.025416612625122,0.0147194148018067,67.41574767442708,850400.0,0.9289746001881468,0.0637655123456901,2461.TW,2026-08-14,0.0688713094842561,0.1100678478842778,neutral,0.144578313253012,0.2715477293790547,2026-03-31,2026-05-15,1366993000.0,363766000.0,98193000.0,54528000.0,12381000.0,50019000.0,0.3,4713779000.0,2915219000.0,8380552000.0,4207146000.0,4173406000.0,1186217000.0,874467000.0,975276000.0,,0.2270576584507042,75897527.34375,5465333000.0,0.0138870819662315,0.0119851746990347,0.0059684612660359,1.0080845237678768,0.2661067028141329,0.0718313846522988,0.0365905311877968,0.0206116832638239,,,35.682269128941115,35.682269128941115,False,62.059141536266246,62.059141536266246,55.464923434434965,593.0,True,False,True,True,True,False,True,True,True,False,True,True,True,True,False,False,False,11,False,0.020783014721267,0.0337485878858625,1.0,14967040.324401855,0.5903614457831325,0.0,3.0,,,,,,0.0617855909447029,0.0246217604964958,0.2267246132123662,-1.0620466390904555,0.7484126984126984,-1.0620466390904555,0.7431393014044232,-593.0,0.3888888888888889,0.0793650793650793,0.8333333333333334,0.4555555555555555,0.3849206349206349,光群雷
197.0,198.0,189.5,192.0,9994902.0,0.106628242074928,190.4,0.3426573426573427,157.85,0.411764705882353,163.23333333333332,1.7004219988820952,125.1241667429606,0.0558528428093645,73.02325581395348,11777729.6,0.8486272260826909,0.2163446309787773,2464.TW,2026-08-14,0.0688713094842561,0.1100678478842778,neutral,0.0185356811862835,0.0491195551436515,2026-03-31,2026-05-15,1864911000.0,348125000.0,41838000.0,53528000.0,4046000.0,49169000.0,0.24,7398797000.0,5883475000.0,11317462000.0,6229196000.0,5088266000.0,1831434000.0,460111000.0,103169000.0,0.0,0.0755866088775967,38675607.45777911,5433987000.0,0.0071173536958736,0.00966321336188,0.0043445253008139,1.2242276641983734,0.1866711065568276,0.0224343145597832,0.0263653332518281,0.0786759589539871,,,25.84400824761181,25.84400824761181,False,73.21594068582021,73.21594068582021,61.372957576268114,756.0,True,False,True,True,True,False,True,False,True,True,False,True,True,False,False,False,False,9,False,0.1762303451092506,0.5344757531486359,1.0,2261324083.2,0.0667284522706209,2.0,3.0,,,,,,-0.1299468160218388,-0.2698261550653041,0.1535002236751501,-1.8617962947452915,0.0694444444444444,-1.8617962947452915,0.1261731468310415,-756.0,0.2063492063492063,0.3174603174603174,0.0793650793650793,0.1873015873015873,0.2142857142857142,盟立
106.0,106.5,95.8000030517578,95.9000015258789,8874245.0,0.1269095563502518,95.38000030517578,0.2552355969966149,82.5849998474121,0.1540313271575326,81.12500025431315,0.8549323038815835,72.49291687011718,0.0413593030655629,61.6231089833229,3285956.9,2.700657759692466,0.161227846498374,2465.TW,2026-08-14,0.0688713094842561,0.1100678478842778,neutral,0.0342910101946246,0.164967562557924,2026-03-31,2026-05-15,1569188000.0,167121000.0,92107000.0,130068000.0,22277000.0,107791000.0,1.15,1574817000.0,638916000.0,1902288000.0,697716000.0,1204572000.0,319532000.0,112731000.0,0.0,,0.1712719500568933,76331654.49610972,1263372000.0,0.0604189854580517,0.0894848958800304,0.0566638700344006,0.5792231597613094,0.1065015791606869,0.0586972370423429,0.0686922153368493,0.9128577645528606,,,73.28778007996519,73.28778007996519,True,89.15473731540993,89.15473731540993,85.18799800654875,133.0,True,True,True,True,True,True,True,True,True,True,False,True,True,False,True,True,False,12,False,0.1821263633312619,0.3228878856909469,1.0,315123271.7239723,0.2159406858202039,1.0,3.0,,,,,,-0.0387639738872701,-0.1793036993471214,0.1901488974345583,-2.1583348334141284,0.1166666666666666,-2.1583348334141284,0.1299145670311809,-133.0,0.8650793650793651,0.9682539682539684,0.0873015873015873,0.7484126984126984,0.7404761904761905,麗臺
203.0,205.0,202.5,204.5,2365716.0,0.0906666666666666,203.9,0.096514745308311,190.5,0.1054054054054054,199.59869995117188,0.0623376623376623,197.8576833089193,0.0189890345012035,67.3913043478261,3462058.0,0.6833265069504901,0.0734908136482939,2474.TW,2026-08-14,0.0688713094842561,0.1100678478842778,neutral,0.1464318813716404,0.2363299351251158,2026-03-31,2026-05-15,3773945000.0,1086984000.0,243428000.0,1851491000.0,315957000.0,1484484000.0,2.63,111490974000.0,75734641000.0,225538335000.0,82981411000.0,142556924000.0,16182860000.0,66414098000.0,,,0.1706500328654041,201887003.7996404,149803694000.0,0.0013476770726337,0.0104132718239627,0.0065819586723472,0.5820931644119931,0.2880232753789469,0.0645022648713746,0.3933507245071139,-0.1324838723321306,,,29.474595147303784,29.474595147303784,False,63.721580376051726,63.721580376051726,55.15983406886474,691.0,True,False,True,True,True,False,True,True,True,False,True,True,False,True,False,False,False,10,False,0.0245557714054607,0.033571183994457,1.0,707990861.0,0.1427247451343836,2.0,3.0,,,,,,0.0080439994733462,-0.0604436007143586,0.1620582783633921,-1.5534198031629918,0.3087301587301587,-1.5534198031629918,0.3003187844047456,-691.0,0.2777777777777778,0.0714285714285714,0.2142857142857142,0.2682539682539682,0.2031746031746031,可成
13.699999809265137,13.800000190734863,13.699999809265137,13.699999809265137,89213.0,0.0538461391742413,13.619999885559082,0.0378787884261215,13.25,0.0745097889619714,13.22000002861023,-0.0551724269472319,13.570416673024496,0.0062654247812424,60.52630786420079,107581.2,0.829261990013125,0.0339622497558593,2509.TW,2026-08-14,0.0688713094842561,0.1100678478842778,neutral,0.2956441149212233,0.2882298424467099,2026-03-31,2026-05-15,64339000.0,17741000.0,-24855000.0,-103715000.0,440000.0,-100923000.0,-0.45,11515918000.0,9505024000.0,14164161000.0,9994241000.0,4169920000.0,916570000.0,4613123000.0,0.0,486938000.0,0.0,-24855000.0,4659137000.0,-0.0053346789330298,-0.0242026225922799,-0.0071252367153974,2.396746460363748,0.2757425511742489,-0.3863131226783133,,-0.0720024231584717,,,11.364896482710066,11.364896482710066,False,71.22879337551804,71.22879337551804,56.26281915231605,1021.0,True,False,True,True,True,True,True,True,False,False,True,True,True,True,False,False,False,11,False,0.0363086066275424,0.0095489430695396,1.0,1473862.4194805145,0.8943466172381835,0.0,3.0,,,,,,0.0250662038240752,-0.0191806080852947,0.1852450787736643,-1.4542436868593864,0.4646825396825397,-1.4542436868593864,0.6397650482282465,-1021.0,0.0317460317460317,0.0952380952380952,0.6825396825396826,0.1293650793650793,0.1809523809523809,全坤建
46.20000076293945,46.650001525878906,45.75,46.20000076293945,9241494.0,0.0428894257020529,45.25999984741211,0.0669746322627367,44.307499694824216,0.0584192244655186,43.72166652679443,0.1891892555340608,40.75208333333333,0.0108943637864963,74.99998233938197,8451721.8,1.0934451249921642,0.0427128833978485,2542.TW,2026-08-14,0.0688713094842561,0.1100678478842778,neutral,0.2029657089898053,0.3336422613531047,2026-03-31,2026-05-15,16191907000.0,4874634000.0,3912933000.0,3918335000.0,698387000.0,2421313000.0,1.15,244126134000.0,168451704000.0,269504119000.0,203260373000.0,66243746000.0,18030010000.0,104829064000.0,11468836000.0,23019028000.0,0.1782356536641201,3215508829.0010934,101052415000.0,0.0318202076516537,0.0365515712230404,0.0089843265067128,3.068370756086167,0.3010537301134449,0.2416597995529495,0.1495384700517363,13.610654325020349,,,58.947380152838136,58.947380152838136,False,64.90808852123364,64.90808852123364,63.41791142913476,278.0,True,False,True,True,True,True,True,False,False,False,True,True,True,True,False,False,False,10,False,0.0566843497291256,0.1336843906861069,1.0,390469553.608152,0.1936978683966636,1.0,3.0,,,,,,0.1107785249746242,0.1060566603741755,0.2047976761555528,-0.6317180372269534,0.7936507936507936,-0.6317180372269534,0.7981815221815222,-278.0,0.6825396825396826,0.3968253968253968,0.8809523809523809,0.7123015873015873,0.6365079365079366,興富發
215.5,219.0,211.0,219.0,13404698.0,0.0554216867469878,216.2,0.1060606060606059,206.775,0.1138417992720175,201.0695020039876,0.2695401746260986,195.75554860432945,0.0232586910800446,70.66666666666667,8730490.25,1.535388920456099,0.0591222343126587,2603.TW,2026-08-14,0.0688713094842561,0.1100678478842778,neutral,0.1297497683039851,0.227062094531974,2026-03-31,2026-05-15,86511471000.0,13386693000.0,8948352000.0,10639378000.0,1948722000.0,8303529000.0,3.84,244500947000.0,151671937000.0,935103407000.0,330097608000.0,605005799000.0,183466379000.0,21757000.0,72484631000.0,,0.1831612712698054,7309360471.910295,783431470000.0,0.0093299296132567,0.0137247097692695,0.0088797976115169,0.5456106512460056,0.1547389362966675,0.1034354392147603,0.0959818265025224,-0.2133215452088127,,,31.8537233857576,31.8537233857576,False,74.81938178410348,74.81938178410348,64.07796718451701,651.0,True,False,True,True,True,True,True,True,True,True,True,True,True,True,False,False,False,13,False,0.0891756224455002,0.1187422352081237,1.0,1911977364.75,0.0778498609823911,2.0,3.0,,,,,,0.0557178298038052,-0.0296159961758114,0.2366427645441301,-1.4723446038930843,0.6095238095238095,-1.4723446038930843,0.5889458521926707,-651.0,0.3412698412698413,0.4365079365079365,0.5793650793650794,0.376984126984127,0.4174603174603175,長榮
32.20000076293945,33.900001525878906,32.04999923706055,32.349998474121094,9680133.0,-0.0061444168241865,32.609999084472655,0.043548337874874,31.70499982833862,0.0937704085814532,30.822037188212075,0.1481775684548281,32.778001403808595,0.0134249573175492,56.637156191714,5985648.3,1.6172238185126917,0.0203437517512918,2605.TW,2026-08-14,0.0688713094842561,0.1100678478842778,neutral,0.2761816496756256,0.2567191844300278,2026-03-31,2026-05-15,1366845000.0,582927000.0,482738000.0,537338000.0,149979000.0,387359000.0,0.66,9807913000.0,5258125000.0,22934806000.0,5269539000.0,17665267000.0,4877423000.0,4114000000.0,,,0.2791148215834353,347998669.2584556,17676681000.0,0.0196868783941089,0.0219277183865944,0.0168895695040978,0.2982994256469489,0.4264763012631278,0.3531768415584795,0.2833964348554518,0.4444113329930603,,,75.1720503143159,75.1720503143159,False,72.00074749255354,72.00074749255354,72.79357319799414,118.0,True,False,True,True,True,True,True,True,False,False,True,True,True,True,True,False,False,11,False,0.0495736630443555,-0.0130576274134203,0.0,193635713.3716255,0.2715477293790547,1.0,3.0,,,,,,0.0031446507665133,-0.0718562209598686,0.1390245166138717,-1.895315381374072,0.2115079365079365,-1.895315381374072,0.2072110403704119,-118.0,0.873015873015873,0.7857142857142857,0.1111111111111111,0.7587301587301588,0.6944444444444445,新興
65.4000015258789,66.30000305175781,64.5999984741211,66.30000305175781,2886984.0,-0.0177777325665509,66.4800018310547,0.0904605901926516,64.03000030517578,0.064347918531658,63.890207862854,0.10515357720478,61.71492961247762,0.0137745511910647,62.5899438525869,3833367.9,0.753119469696608,0.0354521745394798,2606.TW,2026-08-14,0.0688713094842561,0.1100678478842778,neutral,0.1538461538461538,0.3206672845227062,2026-03-31,2026-05-15,3891765000.0,1243986000.0,987897000.0,987799000.0,68000.0,987731000.0,1.17,29154469000.0,15158773000.0,89632874000.0,49048791000.0,40584083000.0,18437340000.0,5972000000.0,33795287000.0,,6.883991581283237e-05,987828993.2536882,74474101000.0,0.0132640606598754,0.0243378912860985,0.0110197403689186,1.2085721143434485,0.3196457134487822,0.2538429221702749,0.2538002680017935,0.1329549990000165,,,55.37983321173965,55.37983321173965,False,73.55567686918559,73.55567686918559,69.0117159548241,303.0,True,False,True,True,True,True,True,True,True,False,True,True,False,True,False,False,False,11,False,0.0377177547156624,0.0742943963165951,1.0,254152303.4685104,0.2391102873030584,1.0,3.0,,,,,,0.0169918586529796,-0.0319382706239851,0.1649284917796787,-1.6478790372621537,0.3619047619047619,-1.6478790372621537,0.3163417940604704,-303.0,0.6666666666666666,0.6666666666666666,0.246031746031746,0.6035714285714285,0.5825396825396826,裕民
50.0,50.0,49.45000076293945,49.5,425690.0,0.0334028898361655,49.42000045776367,0.0737527470372381,47.80250034332276,0.0975622196014591,46.77551587422688,-0.0607777763221197,47.52292019526164,0.0146996456084703,67.56757685585048,483836.1,0.8798227333594992,0.0355106876101798,2607.TW,2026-08-14,0.0688713094842561,0.1100678478842778,neutral,0.1853568118628359,0.2511584800741427,2026-03-31,2026-05-15,3991930000.0,868803000.0,467559000.0,709936000.0,149297000.0,553268000.0,1.04,14530568000.0,4295956000.0,44350782000.0,12631508000.0,31719274000.0,4170571000.0,346407000.0,4274711000.0,,0.2102964210858443,369233015.6535237,40054826000.0,0.0092181904785586,0.0174426438637908,0.012474819496982,0.3982281561677609,0.2176398383739193,0.1171260518095257,0.1385966186781832,-0.1369527758740344,,,38.62339041274056,38.62339041274056,False,68.8222499921647,68.8222499921647,61.27253509730866,546.0,True,False,True,True,True,True,True,True,True,False,True,True,True,True,False,False,False,12,False,0.0582459450174508,0.0416026581829347,1.0,23949886.95,0.5338276181649676,1.0,3.0,,,,,,0.015667031538679,-0.0235841267184476,0.1426535499386356,-2.0217471397698072,0.3035714285714285,-2.0217471397698072,0.3001069863576895,-546.0,0.4206349206349206,0.3095238095238095,0.2063492063492063,0.3884920634920635,0.3444444444444445,榮運
88.19999694824219,91.4000015258789,87.0,90.5999984741211,27786195.0,0.067137772035313,87.95999908447266,0.1396226223159886,85.52999954223633,0.1157635699404098,82.26464970906575,0.2079999796549478,79.81232484181722,0.0235146313281886,75.38462441348995,11995622.0,2.3163613358273545,0.0592774343390603,2615.TW,2026-08-14,0.0688713094842561,0.1100678478842778,neutral,0.0945319740500463,0.2233549582947173,2026-03-31,2026-05-15,33640864000.0,7656632000.0,5825197000.0,9789626000.0,2113020000.0,7671518000.0,2.73,141008376000.0,35567443000.0,420232464000.0,133190864000.0,287041600000.0,99479800000.0,1000000000.0,42718782000.0,0.0,0.2158427707044171,4567870339.620942,384665021000.0,0.0118749303686256,0.0267261539790748,0.0182554149362434,0.4640124079575922,0.2275991484642011,0.1731583647792161,0.2280416460171772,-0.0929984351119866,,,48.73816272918027,48.73816272918027,False,71.51995301605237,71.51995301605237,65.82450544433435,389.0,True,False,True,True,True,True,True,False,True,True,True,True,True,True,False,False,False,12,False,0.1013235793811053,0.1351630046322336,1.0,1086803334.8961334,0.1121408711770157,1.0,3.0,,,,,,0.0592105315566602,0.0036794661024325,0.270859059671935,-1.3697897206546614,0.7416666666666667,-1.3697897206546614,0.7081957530642526,-389.0,0.5952380952380952,0.5,0.7857142857142857,0.6238095238095238,0.6047619047619047,萬海
64.19999694824219,70.5999984741211,63.20000076293945,70.5999984741211,79339344.0,0.1442463144429568,64.05999908447265,0.1535947319280746,63.05000019073486,0.5248380051291612,55.55494244893392,0.2977940531956713,52.534137948354086,-0.0036346444907288,67.4603154179311,49685555.6,1.5968291597407436,0.1197462055598168,2634.TW,2026-08-14,0.0688713094842561,0.1100678478842778,neutral,0.0806302131603336,0.0305838739573679,2026-03-31,2026-05-15,7587090000.0,591710000.0,272385000.0,343445000.0,82787000.0,260658000.0,0.28,37638357000.0,26369324000.0,51480606000.0,33336880000.0,18143726000.0,2181426000.0,5295860000.0,1125000000.0,3448642000.0,0.2410487851038739,206726926.6694813,25111282000.0,0.0082324322059495,0.0143662883797958,0.005063227111196,1.837377835181153,0.0779890577283253,0.0359011162382415,0.0343554643479911,0.0064028588028364,,,19.130159005497152,19.130159005497152,False,79.59079530860106,79.59079530860106,64.47563623282508,870.0,True,True,True,True,True,True,False,True,True,True,False,True,True,True,False,False,False,12,False,0.2708139971347567,0.3438880170362255,1.0,3507800149.545859,0.0454124189063948,1.0,3.0,,,,,,-0.0268115055161006,-0.0994297563237469,0.2416381980014862,-1.9514894176688,0.2678571428571428,-1.9514894176688,0.2155204379204293,-870.0,0.1428571428571428,0.4603174603174603,0.1269841269841269,0.1404761904761904,0.2349206349206349,漢翔
85.0999984741211,86.19999694824219,83.9000015258789,85.69999694824219,1793313.0,-0.0250284930539962,86.85999908447266,0.0793450289835311,83.49500045776367,0.245832020904223,78.82401695251465,0.2760018343377624,73.64324986139933,0.0121219420371795,58.94735235916941,2389467.1,0.7505075085570334,0.0264087248145346,2637.TW,2026-08-14,0.0688713094842561,0.1100678478842778,neutral,0.17516218721038,0.0954587581093605,2026-03-31,2026-05-15,4338022000.0,1244039000.0,1197473000.0,1201283000.0,6082000.0,1195201000.0,1.6,8930959000.0,8128467000.0,84286573000.0,33874386000.0,50412187000.0,5975075000.0,2132536000.0,18694305000.0,992902000.0,0.0050629202277897,1191410289.726068,76158106000.0,0.0156439065032167,0.0237085726909645,0.0141802063775923,0.6719483524886551,0.2867756318432686,0.276041246448266,0.2755175054437253,0.2360516073148353,,,62.80204855376821,62.80204855376821,False,77.27867289790959,77.27867289790959,73.65951681187424,238.0,True,True,True,True,True,True,True,True,True,True,True,True,False,True,True,False,False,13,False,0.087232042486109,0.163718292029946,1.0,204777323.1779251,0.2659870250231696,1.0,3.0,,,,,,0.0177753159250442,-0.0464088328056325,0.2184986217408502,-1.7343556301336565,0.3964285714285714,-1.7343556301336565,0.390834698687016,-238.0,0.7380952380952381,0.8095238095238095,0.3253968253968254,0.6761904761904762,0.676984126984127,慧洋-KY
36.34999847412109,36.400001525878906,35.70000076293945,36.20000076293945,136690.0,0.0584795308591712,35.04000015258789,0.0647059047923368,34.7875,0.0492753844330275,35.233110427856445,0.0694239998449328,34.80405518213908,0.0042580842468073,63.73625452313801,109763.2,1.245317191918603,0.0406036870410191,2739.TW,2026-08-14,0.0688713094842561,0.1100678478842778,neutral,0.2094531974050046,0.3577386468952734,2026-03-31,2026-05-15,1423271000.0,578036000.0,170254000.0,150826000.0,31760000.0,119066000.0,1.3,1661188000.0,2505476000.0,11529842000.0,10032415000.0,1497427000.0,761384000.0,,,,0.210573773752536,134402972.72353572,9024366000.0,0.0148933423936413,0.079513725877789,0.0103267677041888,6.699769003764457,0.4061320718260963,0.1196216321417354,0.0836565910497719,0.0170115129792549,,,49.01608685942811,49.01608685942811,False,62.16060562138797,62.16060562138797,58.87447593089801,386.0,True,False,True,True,True,False,True,True,False,False,True,True,True,True,False,False,False,10,False,0.0274426618411343,0.0401087049625399,1.0,3973427.923742676,0.7757182576459685,1.0,3.0,,,,,,0.0659116991369441,0.0177621937861447,0.1846101345184062,-0.3150308639923514,0.7126984126984127,-0.3150308639923514,0.7772315592903829,-386.0,0.6031746031746031,0.1904761904761904,0.8571428571428571,0.6412698412698412,0.53015873015873,寒舍
37.900001525878906,39.34999847412109,37.75,38.75,3347418.0,0.0930888340208575,37.04000015258789,0.0763888888888888,35.55000019073486,0.1586272280272889,35.68998470306396,0.5005172297402596,32.14799400965373,-0.0026651725510524,76.15388858958153,1834819.2,1.8243857487429824,0.090014058849404,2851.TW,2026-08-14,0.0688713094842561,0.1100678478842778,neutral,0.1825764596848934,0.1631139944392956,2026-03-31,2026-05-15,,,2142185000.0,2164691000.0,325242000.0,,,,,59204658000.0,35668047000.0,23536611000.0,16387176000.0,,,,0.1502486960032633,1820324497.152249,59204658000.0,0.0307463054199595,,,1.5154283256837613,,,,,,,65.92494981784269,65.92494981784269,False,56.076146679729625,56.076146679729625,58.538347464257896,201.0,True,False,True,True,True,False,False,False,True,True,True,True,True,True,True,False,False,10,False,0.0857387673991727,0.2053629221270774,1.0,71099244.0,0.3725671918443002,1.0,3.0,,,,,,0.0257084909253668,-0.0215157365861393,0.2244474771595011,-1.5960496099582924,0.501984126984127,-1.5960496099582924,0.5737286986992373,-201.0,0.7777777777777778,0.1825396825396825,0.5555555555555556,0.7444444444444445,0.5547619047619048,中再保
47.5,48.34999847412109,47.20000076293945,47.400001525878906,3285814.0,0.0651685736152563,46.85999984741211,0.0736126814875641,44.5,0.2289723776534327,47.27671775817871,0.674735339441642,39.9485509077708,0.0006746060892973,57.89473948386158,4426098.0,0.7423726270859796,0.0651685736152563,2855.TW,2026-08-14,0.0688713094842561,0.1100678478842778,neutral,0.1862835959221501,0.1102873030583874,2026-03-31,2026-05-15,,,2098581000.0,2515780000.0,218397000.0,2291390000.0,,256323628000.0,220745648000.0,267670154000.0,225790103000.0,41880051000.0,8784022000.0,11858164000.0,4700000000.0,,0.0868108499153344,1916401399.773828,46924506000.0,0.0408400974913583,0.0547131616434755,0.0085604986800284,5.391352149977085,,,,,,,49.23161191360978,49.23161191360978,False,68.63473455143782,68.63473455143782,63.78395389198081,382.0,True,False,True,True,True,False,True,True,True,True,True,True,False,True,False,False,False,11,False,0.0026077057280242,0.1865261805193203,1.0,209797051.9536896,0.2613531047265987,1.0,3.0,,,,,,-0.0017677009021737,-0.1015306231655532,0.206924438364121,-1.520089220494848,0.3003968253968254,-1.520089220494848,0.4399201363624113,-382.0,0.6111111111111112,0.4206349206349206,0.3968253968253968,0.578968253968254,0.5111111111111111,統一證
9.619999885559082,9.800000190734863,9.5,9.75,11801447.0,-0.0061162504638346,9.595999908447263,0.085746157796787,9.545000028610229,0.2728459783578176,8.737166619300842,0.2157106538019735,8.274666647116343,0.0191116800732017,64.86486486486487,19474233.4,0.6060031610795011,0.0214772101388478,2867.TW,2026-08-14,0.0688713094842561,0.1100678478842778,neutral,0.1612604263206672,0.0852641334569045,2026-03-31,2026-05-15,,,-260328000.0,-260476000.0,-99972000.0,,,,,1583200325000.0,1505084533000.0,78115792000.0,70736282000.0,,,,0.3838050338610851,-160412803.14501145,1583200325000.0,-0.0001013218609243,,,19.267352918856663,,,,,,,0.0,0.0,False,75.52605709123372,75.52605709123372,56.64454281842529,1078.0,True,True,True,True,True,True,True,True,True,True,True,True,False,True,False,False,False,13,False,0.1159224065227002,0.17829520097922,1.0,189873775.65,0.2743280815569972,0.0,3.0,,,,,,0.0540462069292703,-0.0548221995204033,0.2376402960577835,-0.3766748934128698,0.653968253968254,-0.3766748934128698,0.6668264415599529,-1078.0,0.0079365079365079,0.1111111111111111,0.7380952380952381,0.1174603174603174,0.1849206349206349,三商壽
100.0,102.5,100.0,101.5,19159049.0,0.0211267448881713,100.25999908447264,0.0763520330353584,98.2,0.335768756857661,96.3294241587321,0.3340735154908787,84.19298718770345,0.0104439961797368,55.85937360301647,20793523.05,0.9213950398847875,0.0336048879837067,2882.TW,2026-08-14,0.0688713094842561,0.1100678478842778,neutral,0.1835032437442076,0.0630213160333642,2026-03-31,2026-05-15,72538053000.0,,,38391738000.0,6735806000.0,31593811000.0,,,,14450034484000.0,13633007653000.0,817026831000.0,293505959000.0,,,,0.1754493636104726,,14450034484000.0,,0.0386692453677815,0.0021864176888285,16.686119887046893,,,0.4355480977687669,-0.3173702053156907,,,13.906153918122188,13.906153918122188,False,75.00797001105576,75.00797001105576,59.73251598782237,983.0,True,True,True,True,True,True,True,True,True,True,True,True,True,True,False,False,False,14,False,0.0536759758134524,0.2055635913441527,1.0,2110542589.575,0.072289156626506,2.0,3.0,,,,,,0.0012808405331438,-0.1429519450051237,0.2711861558328662,-0.9871318336174236,0.4515873015873016,-0.9871318336174236,0.4560628812495584,-983.0,0.0714285714285714,0.2539682539682539,0.4206349206349206,0.1238095238095238,0.196031746031746,國泰金
31.25,31.75,30.950000762939453,31.64999961853028,58388616.0,0.025931903635926,31.289999771118165,0.0549999872843425,30.545000076293945,0.5305940511500586,28.302897707621256,0.7015434024582263,24.22323627471924,0.0106708590533513,56.46257691350528,46148288.25,1.2652390416669463,0.0361761184965236,2883.TW,2026-08-14,0.0688713094842561,0.1100678478842778,neutral,0.2363299351251158,0.0287303058387395,2026-03-31,2026-05-15,23565513000.0,,,13099615000.0,1407592000.0,11689699000.0,,,,4235032868000.0,3864021319000.0,371011549000.0,75116245000.0,,,,0.1074529289601259,,4235032868000.0,,0.0315076418281523,0.0027602380818169,10.414827596108069,,,0.4960511150340754,-0.1317078255463794,,,12.146336472811727,12.146336472811727,False,77.37526498166321,77.37526498166321,61.06803285445034,1011.0,True,True,True,True,True,True,True,True,False,True,True,True,True,True,False,False,False,13,False,0.1182600433879861,0.3065966603133883,1.0,1460593305.508325,0.0926784059314179,1.0,3.0,,,,,,-0.0074117909644185,-0.1689120250700999,0.2324133097992932,-1.2514881307065486,0.3373015873015873,-1.2514881307065486,0.3090204902864263,-1011.0,0.0396825396825396,0.2936507936507936,0.2301587301587301,0.0682539682539682,0.1539682539682539,凱基金
37.45000076293945,38.20000076293945,36.95000076293945,37.650001525878906,54879526.0,-0.0131061593709459,37.28000030517578,0.0726496627524899,37.15000038146973,0.2438941132722893,34.30213584899902,0.1491905604901116,32.79905138015747,0.0175991264737777,60.5041935992635,41776715.65,1.3136390725344156,0.0134589808687748,2884.TW,2026-08-14,0.0688713094842561,0.1100678478842778,neutral,0.1890639481000926,0.0973123262279888,2026-03-31,2026-05-15,25169421000.0,,,12706707000.0,2639201000.0,10056957000.0,,,,4679436007000.0,4394289185000.0,285146822000.0,45485669000.0,,,,0.2077014131198586,,4679436007000.0,,0.0352693988642805,0.0021491814365995,15.410619533399537,,,0.3995704549580223,0.174006725249566,,,29.938092003685178,29.938092003685178,False,80.07961807733054,80.07961807733054,67.5442365589192,685.0,True,True,True,True,True,True,True,True,True,True,True,True,True,True,False,False,False,14,False,0.0975993358436186,0.1478990989555304,1.0,1572893407.9687092,0.0871177015755329,1.0,3.0,,,,,,-0.078589535159761,-0.1779906278367924,0.1374001775972846,-1.9132276059491755,0.0813492063492063,-1.9132276059491755,0.0826328509499287,-685.0,0.2936507936507936,0.6031746031746031,0.0634920634920634,0.2591269841269841,0.3404761904761905,玉山金
70.5,70.5,69.0999984741211,69.69999694824219,22887709.0,0.0295420988206105,68.91999816894531,0.1038977335745887,65.96499900817871,0.2742229611716127,64.87493356068929,0.5575418312456355,56.96121673583984,0.0157442565525264,66.89189711655192,29635910.45,0.7722964691304094,0.0566209049681087,2885.TW,2026-08-14,0.0688713094842561,0.1100678478842778,neutral,0.134383688600556,0.0834105653382761,2026-03-31,2026-05-15,39984934000.0,,,18723853000.0,3129395000.0,14409154000.0,,,,4640879682000.0,4254342700000.0,386536982000.0,77947312000.0,,,,0.167134136334012,,4640879682000.0,,0.0372775560192064,0.0031048324859373,11.00630184979299,,,0.360364581319554,0.2805185364050884,,,38.0190051862678,38.0190051862678,False,77.05508160414445,77.05508160414445,67.29606249967529,559.0,True,True,True,True,True,True,True,True,True,True,True,True,False,True,False,False,False,13,False,0.074374849001412,0.2236395383104086,1.0,2065622867.9233787,0.0732159406858202,1.0,3.0,,,,,,-0.0781121228776511,-0.2033804343982586,0.1349070395772732,-2.051075112863803,0.0615079365079365,-2.051075112863803,0.0638575132275132,-559.0,0.4126984126984127,0.5873015873015873,0.0396825396825396,0.3567460317460317,0.3904761904761904,元大金
36.79999923706055,37.79999923706055,36.54999923706055,37.75,100568902.0,0.0739686589261416,36.21000061035157,0.1042325991299537,34.980099296569826,0.5828091990023567,32.10036856333415,0.5729166666666667,28.156017589569096,0.0128365480799966,61.76468985423064,61482850.85,1.63572281716992,0.0791850440430794,2887.TW,2026-08-14,0.0688713094842561,0.1100678478842778,neutral,0.1334569045412419,0.0203892493049119,2026-03-31,2026-05-15,47867456000.0,,,25588754000.0,4532177000.0,21040510000.0,,,,9064708955000.0,8465511408000.0,599197547000.0,97795796000.0,,,,0.1771159705548773,,9064708955000.0,,0.035114479532407,0.0023211456765409,14.12808088147931,,,0.439557723727787,0.933005034802805,,,37.907562917661295,37.907562917661295,False,90.93796976472431,90.93796976472431,77.68036805295856,560.0,True,True,True,True,True,True,True,True,True,True,True,True,True,True,False,False,False,14,False,0.1759989585639525,0.3407435863367682,1.0,2320977619.5875,0.0658016682113067,1.0,3.0,,,,,,-0.1244632150121291,-0.2526249636389593,0.1239038909725327,-2.094838339902016,0.0301587301587301,-2.094838339902016,0.0298898958839885,-560.0,0.4047619047619047,0.8888888888888888,0.0079365079365079,0.3452380952380952,0.4706349206349206,台新新光金
40.09999847412109,40.95000076293945,39.59999847412109,40.54999923706055,35405074.0,0.041078265539945,39.65999984741211,0.0635625869152236,39.143283462524415,0.365319804559064,37.08608229955038,0.3038584803754987,34.36637446085612,0.0103253301261841,56.93431754455826,35272400.1,1.0037614083426094,0.0359376028299442,2890.TW,2026-08-14,0.0688713094842561,0.1100678478842778,neutral,0.2122335495829471,0.0574606116774791,2026-03-31,2026-05-15,26199317000.0,,,13172491000.0,2157069000.0,10973530000.0,,,,3820349236000.0,3552231164000.0,268118072000.0,41779009000.0,,,,0.163755587306911,,3820349236000.0,,0.0409279759403909,0.0028723892299148,13.24875692825361,,,0.4188479417230609,0.4040584778805451,,,40.18365017296791,40.18365017296791,False,75.70519857543422,75.70519857543422,66.82481147481765,506.0,True,True,True,True,True,True,True,True,False,True,True,True,True,True,False,False,False,13,False,0.0934020722256814,0.1799324157178021,1.0,1430295797.1442945,0.0954587581093605,1.0,3.0,,,,,,-0.1086233723011995,-0.2200470930686528,0.1273974699573076,-2.0696650051213865,0.0428571428571428,-2.0696650051213865,0.0559496725453127,-506.0,0.492063492063492,0.5396825396825397,0.0238095238095238,0.4218253968253967,0.4126984126984127,永豐金
66.9000015258789,67.19999694824219,65.19999694824219,65.80000305175781,25268769.0,0.0030488503397696,66.44000091552735,0.059581395628836,64.4350004196167,0.1443478791610053,65.7813237508138,0.260536438506606,59.60066188176473,0.0094783065030717,64.2857254072772,35605661.75,0.7096840153518562,0.0211841797664604,2891.TW,2026-08-14,0.0688713094842561,0.1100678478842778,neutral,0.2205746061167748,0.1770157553290083,2026-03-31,2026-05-15,59859484000.0,,,28299359000.0,4691107000.0,23103564000.0,,,,9627795130000.0,9033405624000.0,594389506000.0,137297531000.0,,,,0.165767252890781,,9627795130000.0,,0.0388694009008967,0.0023996734130756,15.197787869424465,,,0.3859633003184591,-0.0259120213272754,,,18.776914292805223,18.776914292805223,False,62.07191023905747,62.07191023905747,51.24816125249441,882.0,True,False,True,True,True,False,True,True,False,True,True,True,False,True,False,False,False,10,False,0.0002839605510946,0.1040146363188261,1.0,2342852651.8098564,0.0648748841519925,1.0,3.0,,,,,,-0.0651055892044018,-0.1830585553352036,0.1695659112566899,-1.4171266394668136,0.1876984126984127,-1.4171266394668136,0.1759108820459245,-882.0,0.1349206349206349,0.0396825396825396,0.1031746031746031,0.1301587301587301,0.0999999999999999,中信金
16.25,17.100000381469727,16.25,17.100000381469727,2932299.0,0.0426829743427874,16.520000076293947,0.1250000392135826,16.330000114440917,0.2808988683779463,15.243333339691162,0.0961538438025779,14.855833339691165,0.0176039868251208,64.17912232316309,1347111.1,2.176731377241268,0.0471524961195735,2905.TW,2026-08-14,0.0688713094842561,0.1100678478842778,neutral,0.1112140871177015,0.0797034291010194,2026-03-31,2026-05-15,29552820000.0,,,,-68929000.0,32878000.0,0.03,133124099000.0,1468399841000.0,1617410517000.0,62246052000.0,86764624000.0,72610211000.0,2757000000.0,7269508000.0,,,,149010676000.0,,0.0003789332389661,2.032755423217024e-05,0.717412801788895,,,0.0011125165043471,-0.4161502905041906,,,21.27042291580655,21.27042291580655,False,80.26191338838281,80.26191338838281,65.51404077023874,839.0,True,True,True,True,True,True,True,True,True,True,True,True,True,True,False,False,False,14,False,0.1218019051609995,0.151063019519928,1.0,23035600.323882103,0.5375347544022243,0.0,3.0,,,,,,0.0147773274370049,-0.0235225439623046,0.1564199375957707,-1.737675374665432,0.3464285714285714,-1.737675374665432,0.3734375117184106,-839.0,0.1507936507936507,0.492063492063492,0.3095238095238095,0.1746031746031746,0.2849206349206349,三商
70.5,70.9000015258789,65.80000305175781,66.80000305175781,1340346.0,0.068800048828125,69.0,0.1133333841959636,60.79289894104004,0.1041322818472365,63.42929954528809,0.3604889028044631,58.17673304875692,0.0251252499123707,63.94861004333014,1051656.65,1.2745091280504908,0.0988125951444389,3003.TW,2026-08-14,0.0688713094842561,0.1100678478842778,neutral,0.1223354958294717,0.2391102873030584,2026-03-31,2026-05-15,1263159000.0,291390000.0,111988000.0,120680000.0,40410000.0,73811000.0,0.47,6542183000.0,1409389000.0,8333214000.0,1821129000.0,6512085000.0,2249606000.0,451528000.0,158298000.0,,0.3348525024859131,74488537.95160756,6923825000.0,0.0107582929885731,0.0113344650753176,0.0088574468386387,0.2796537514482689,0.2306835481518953,0.0886570890917137,0.0584336572038832,0.2552234771772852,,,47.83935568476647,47.83935568476647,False,72.59790355685213,72.59790355685213,66.40826658883071,397.0,True,False,True,True,True,False,True,True,True,False,True,True,True,True,False,False,False,11,False,0.0531411119251452,0.1482254081846412,1.0,70250667.4294014,0.3734939759036144,1.0,3.0,,,,,,0.0243694381117171,-0.0323478826925479,0.2147804647443425,-1.738419892754323,0.4214285714285714,-1.738419892754323,0.4576708439841415,-397.0,0.5714285714285714,0.5238095238095238,0.4285714285714285,0.5499999999999999,0.5285714285714286,健和興
114.5,117.5,114.0,116.5,4158826.0,0.0130434782608694,114.9,0.059090909090909,113.45,0.1421568627450979,108.26166661580405,0.113841408244325,107.44104715983072,0.0026513477684489,61.11111111111111,3758262.75,1.106582023835348,0.0268840899074482,3005.TW,2026-08-14,0.0688713094842561,0.1100678478842778,neutral,0.2224281742354031,0.1797961075069508,2026-03-31,2026-05-15,9308269000.0,2890739000.0,1257624000.0,1391228000.0,215931000.0,1087413000.0,1.74,34157049000.0,19619666000.0,51413542000.0,24716257000.0,26697285000.0,14015961000.0,1317501000.0,1977017000.0,,0.1552089233396682,1062429532.993873,31793876000.0,0.0334161689815319,0.0407312204218518,0.0211503226134468,0.9257966493596632,0.3105560228222884,0.1351082569702272,0.1168222577151562,-0.0255358141879895,,,60.64311592085046,60.64311592085046,False,76.8373196527226,76.8373196527226,72.78876871975456,256.0,True,True,True,True,True,True,True,True,False,True,True,True,True,True,True,False,False,13,False,0.0760964951096858,0.0843155672774953,1.0,437837610.375,0.1816496756255792,2.0,3.0,,,,,,0.0306390315412501,-0.0222737868147287,0.2857466520529469,-0.6499813507941492,0.6746031746031745,-0.6499813507941492,0.6558719314814916,-256.0,0.7222222222222222,0.7777777777777778,0.7142857142857143,0.7210317460317459,0.7373015873015873,神基
4700.0,4920.0,4590.0,4610.0,1831828.0,0.0609139365976361,4497.851171875,0.1496259351620947,4185.051623535156,0.3323699421965318,4183.600541178385,1.0569367431733228,3346.8984334309894,0.019106561724595,62.05642300909281,2066899.1,0.8862687104561611,0.1015395781679475,3008.TW,2026-08-14,0.0688713094842561,0.1100678478842778,neutral,0.0843373493975903,0.0639481000926784,2026-03-31,2026-05-15,15544079000.0,7679569000.0,5812218000.0,7287959000.0,1112047000.0,6123204000.0,46.63,159095122000.0,39536493000.0,226385533000.0,39762818000.0,186622715000.0,119023098000.0,146000.0,,,0.1525868902390916,4925349729.988327,186849040000.0,0.026360048357692,0.0328106040039123,0.0270476824152893,0.213065263786351,0.4940510788706104,0.3739184547376528,0.3939251724080918,0.0661796222311039,,,76.94531754874203,76.94531754874203,False,88.1590051863145,88.1590051863145,85.35558327692138,100.0,True,True,True,True,True,True,True,True,True,True,True,True,True,True,True,False,False,14,False,0.1019216473046711,0.3773946511051349,1.0,9528404851.0,0.0213160333642261,3.0,2.0,,,,,,-0.0282314484348534,-0.1363566628162943,0.2331038962180593,-1.049549131023843,0.3511904761904761,-1.049549131023843,0.3563488158206461,-100.0,0.8968253968253969,0.9761904761904762,0.2936507936507936,0.8063492063492063,0.8,大立光
13.75,14.300000190734863,13.699999809265137,13.699999809265137,138953.0,-0.0385965046129728,13.349999809265135,0.1759656873699955,13.869999980926512,0.4668093774569366,12.19700002670288,0.0418251107748957,11.83458333015442,0.0289317478710087,46.96969492631757,148949.55,0.93288633634677,-0.0122566814632411,3018.TW,2026-08-14,0.0688713094842561,0.1100678478842778,neutral,0.0630213160333642,0.0389249304911955,2026-03-31,2026-05-15,81164000.0,-2098000.0,-46204000.0,-50483000.0,209000.0,-50692000.0,-0.67,945217000.0,679342000.0,1197882000.0,686677000.0,511205000.0,41701000.0,76378000.0,0.0,0.0,0.0,-46204000.0,518540000.0,-0.0891040228333397,-0.0991617844113418,-0.042318024646835,1.3432517287585215,-0.0258488985264402,-0.5692671627815288,-0.6245626139667833,-0.5865792596893894,,,8.765863869002532,8.765863869002532,False,72.13623725671918,72.13623725671918,56.29364390979002,1050.0,True,False,True,True,False,True,True,False,True,True,True,True,True,True,False,False,False,11,False,0.1232270049415216,0.1576241788215433,1.0,2040608.806590128,0.8507877664504171,0.0,3.0,,,,,,0.0145987773405871,-0.0692576459796747,0.3217807029098697,-0.4968262384966093,0.598015873015873,-0.4968262384966093,0.6857963514092029,-1050.0,0.0158730158730158,0.1031746031746031,0.7619047619047619,0.1277777777777777,0.1912698412698412,隆銘綠能
98.0999984741211,99.1999969482422,93.5999984741211,94.1999969482422,4034629.0,-0.0854369228325999,103.75999908447264,0.1849056219904679,94.0849994659424,0.347639411901397,86.26333351135254,0.5518944936448216,75.83833338419596,0.0517578575258102,52.12947200168029,4286278.8,0.9412894466874157,0.0012222722320516,3022.TW,2026-08-14,0.0688713094842561,0.1100678478842778,neutral,0.0593141797961075,0.0611677479147358,2026-03-31,2026-05-15,1592354000.0,448280000.0,36432000.0,189589000.0,22663000.0,168988000.0,0.96,10450596000.0,3234728000.0,16026933000.0,4335529000.0,11691404000.0,3432970000.0,92494000.0,,,0.1195375259113134,32077008.85599903,12792205000.0,0.0025075433716078,0.0144540381976364,0.0105440011510624,0.3708304836613293,0.281520315206292,0.0228793346203168,0.1061246431383976,-0.1038362140769989,,,30.04604328275842,30.04604328275842,False,71.93709470723077,71.93709470723077,61.46433185111269,681.0,True,False,True,True,True,True,True,True,True,True,True,True,True,True,False,False,False,13,False,0.0920050630299971,0.2421158633725018,1.0,403767449.87931526,0.190917516218721,1.0,3.0,,,,,,0.0174092537432787,-0.0455380047749941,0.2858391163076514,-1.6944407257481375,0.4900793650793651,-1.6944407257481375,0.470396760892917,-681.0,0.3095238095238095,0.3253968253968254,0.4365079365079365,0.3285714285714285,0.3396825396825397,威強電
112.5,114.0,111.0,111.5,1973233.0,0.0182648401826484,109.7,0.0878048780487805,106.19000015258788,0.1602497582768016,103.46000010172526,0.0258869505562677,102.53265539805096,0.016756032147101,61.75548814262712,1468432.85,1.3437679496205768,0.0500047070325078,3029.TW,2026-08-14,0.0688713094842561,0.1100678478842778,neutral,0.1594068582020389,0.1603336422613531,2026-03-31,2026-05-15,6876938000.0,811379000.0,385472000.0,424218000.0,78018000.0,295873000.0,1.77,12286821000.0,7803745000.0,15126326000.0,8760650000.0,6365676000.0,2911146000.0,3716000.0,,,0.1839101593991768,314579783.0360805,7322581000.0,0.0429602326059732,0.0464794312497211,0.0195601364138258,1.3762324692617092,0.1179855045952137,0.0560528537555522,0.0430239446683974,0.0168646985516829,,,48.26050505492552,48.26050505492552,False,82.40181376069978,82.40181376069978,73.86648658425622,395.0,True,True,True,True,True,True,True,True,True,True,True,True,True,True,False,False,False,14,False,0.0777111916718495,0.0874584254853845,1.0,163730262.775,0.2873030583873957,2.0,3.0,,,,,,0.0308899691981005,-0.0224512428707091,0.2498214114913782,-0.5841444484803338,0.6515873015873015,-0.5841444484803338,0.628576379090346,-395.0,0.5793650793650794,0.8174603174603174,0.6666666666666666,0.5924603174603175,0.6682539682539682,零壹
538.0,538.0,507.0,512.0,3720708.0,-0.055350553505535,533.8,0.1118349619978285,515.875,0.0567595459236325,505.8922821044922,0.3653333333333333,457.92947438557945,0.032989587505006,48.064516129032256,4233960.3,0.8787772525878431,-0.007511509571117,3034.TW,2026-08-14,0.0688713094842561,0.1100678478842778,neutral,0.1232622798887859,0.3364226135310472,2026-03-31,2026-05-15,23145303000.0,9039901000.0,4027546000.0,4389348000.0,622236000.0,3767112000.0,6.19,79261926000.0,21790635000.0,103666583000.0,31738768000.0,71927815000.0,48919537000.0,,,,0.1417604619182621,3456599218.642951,81875948000.0,0.0422175169030464,0.0523735080788982,0.036338730292673,0.4412586146263444,0.390571728527382,0.1740113750077067,0.1627592432036858,-0.1465659805926223,,,75.54535048945058,75.54535048945058,False,62.89156626506024,62.89156626506024,66.05501232115782,116.0,True,False,True,True,False,True,True,False,True,False,True,True,True,True,True,False,False,10,False,0.0120731588750473,0.1180760982615694,1.0,2167787673.6,0.0704355885078776,3.0,3.0,,,,,,0.0664688942753493,-0.0158827291999959,0.289394702549724,0.4292697720281645,0.8202380952380952,0.4292697720281645,0.8264096120899262,-116.0,0.8809523809523809,0.5079365079365079,0.9206349206349206,0.8869047619047619,0.776984126984127,聯詠
61.79999923706055,61.79999923706055,59.400001525878906,59.79999923706055,559627.0,0.0546736936932694,60.49999923706055,0.1412213262537214,55.520000267028806,0.2127620678877677,54.36410789489746,0.2974312927674394,50.106131839752194,0.0312035608526502,64.40677783457917,570517.65,0.9809109323786916,0.0770893182537224,3046.TW,2026-08-14,0.0688713094842561,0.1100678478842778,neutral,0.0917516218721038,0.1195551436515292,2026-03-31,2026-05-15,1818011000.0,164863000.0,94671000.0,110981000.0,17198000.0,94001000.0,1.2,3347000000.0,2193135000.0,3800793000.0,2266693000.0,1534100000.0,1823720000.0,113083000.0,,,0.1549634622142529,80000454.06871447,1607658000.0,0.0497621098944641,0.0612743628185907,0.0247319440969292,1.4775392738413402,0.0906831696837918,0.0520739423468834,0.0517054077230555,0.0112825744495272,,,51.57995742194333,51.57995742194333,False,81.89737390193756,81.89737390193756,74.318019781939,345.0,True,True,True,True,True,True,True,True,True,True,True,True,True,True,False,False,False,14,False,0.0999904450317172,0.1934666884346803,1.0,34116955.03472958,0.4865616311399444,1.0,3.0,,,,,,0.0723588653957859,0.0189041291418296,0.3585948067672044,0.1679676556252757,0.917063492063492,0.1679676556252757,0.8799578481859708,-345.0,0.626984126984127,0.8253968253968254,0.9444444444444444,0.6746031746031746,0.75,建碁
198.0,206.0,193.0,193.5,94627598.0,0.0544959128065394,193.6,0.3920863309352518,178.85,0.3821428571428571,163.63274993896485,0.4714828897338403,148.96637496948242,0.0754660252555621,59.76331360946746,105344349.75,0.898269325545863,0.0819122169415711,3231.TW,2026-08-14,0.0688713094842561,0.1100678478842778,neutral,0.0129749768303985,0.0556070435588507,2026-03-31,2026-05-15,846303026000.0,44093947000.0,29137265000.0,23507511000.0,5486748000.0,9630739000.0,3.06,1303491429000.0,1086171892000.0,1469121920000.0,1193994744000.0,275127176000.0,100033488000.0,354877446000.0,39108580000.0,51333618000.0,0.2334040383943668,22336509681.23316,382950028000.0,0.0583274789086401,0.0350046808898296,0.0065554389114281,4.339792096728387,0.0521018425378996,0.0344288796150422,0.0113797761606963,1.4425382266616515,,,39.08905119727999,39.08905119727999,False,88.67249669510042,88.67249669510042,76.27663532064531,531.0,True,True,True,True,True,True,True,True,True,True,True,True,True,True,False,False,False,14,False,0.1825261145594365,0.2989508541081223,1.0,20384131676.625,0.0083410565338276,2.0,3.0,,,,,,0.1400272500628112,-0.0147535961366497,0.323689052853794,-1.2802448597446738,0.8142857142857143,-1.2802448597446738,0.8191377144793848,-531.0,0.4523809523809524,0.8571428571428571,0.9047619047619048,0.5202380952380952,0.6642857142857143,緯創
57.0,57.70000076293945,54.79999923706055,55.09999847412109,7006316.0,0.1479166348775227,52.8,0.1407867359103995,47.7825002670288,0.1760939224908859,54.54666659037272,0.4673768200703263,46.84333333969116,0.0004187361507321,62.27045257992079,1567365.7,4.470122065322726,0.1531418022539425,3312.TW,2026-08-14,0.0688713094842561,0.1100678478842778,neutral,0.0926784059314179,0.1482854494902687,2026-03-31,2026-05-15,5660657000.0,301744000.0,160684000.0,226668000.0,39318000.0,187350000.0,1.03,10336444000.0,7108420000.0,12207790000.0,8087399000.0,4120391000.0,2758471000.0,2819263000.0,,972693000.0,0.1734607443485626,132811633.75509556,5099370000.0,0.0260447141029373,0.0454689858316844,0.0153467580946264,1.9627746492990592,0.0533054731986057,0.0283861042984939,0.0330968649045508,-0.0081485333691245,,,34.16306358317863,34.16306358317863,False,77.10089760711097,77.10089760711097,66.36643910112788,611.0,True,True,True,True,True,False,True,True,True,True,False,True,False,False,False,False,False,10,False,0.0101441924564098,0.1762612637865783,1.0,86361847.67838973,0.355885078776645,1.0,3.0,,,,,,0.0721233587871795,0.0080152686073617,0.3393211670103412,-0.5490276683892503,0.8670634920634921,-0.5490276683892503,0.881478422708941,-611.0,0.3809523809523809,0.5158730158730159,0.9523809523809524,0.4666666666666666,0.5357142857142857,弘憶股
623.0,642.0,608.0,615.0,4498184.0,0.1263736263736263,581.2,0.1849710982658958,525.775,0.0931053658297391,603.9581410725912,0.4685023918166249,535.2775555928548,0.0076661396195678,67.31448763250884,2197148.75,2.047282415448658,0.1697018686700584,3406.TW,2026-08-14,0.0688713094842561,0.1100678478842778,neutral,0.0583873957367933,0.2594995366079703,2026-03-31,2026-05-15,6140741000.0,2060873000.0,1200606000.0,1239328000.0,347909000.0,890873000.0,7.9,22697154000.0,9791281000.0,44791309000.0,18698861000.0,26092448000.0,12605348000.0,216960000.0,2871110000.0,,0.2807239084407033,863567191.1826409,35000028000.0,0.0246733285808411,0.0341429443492615,0.019889416493722,0.7166388144186394,0.3356065660479737,0.1955148409613758,0.1450758141403456,0.1539913322030344,,,69.07874706062229,69.07874706062229,False,71.01743888117053,71.01743888117053,70.53276592603348,173.0,True,False,True,True,True,False,True,True,True,False,False,True,True,False,True,False,False,9,False,0.0182824904186227,0.1489366471173023,1.0,1351246481.25,0.098239110287303,3.0,3.0,,,,,,0.0404727192572678,-0.0603124117036665,0.290301161066102,0.0530981384700507,0.6884920634920635,0.0530981384700507,0.8284546849893276,-173.0,0.8095238095238095,0.7142857142857143,0.9285714285714286,0.8273809523809523,0.8047619047619048,玉晶光
191.0,192.0,182.0,184.0,597409.0,-0.0366492146596858,188.3,0.1358024691358024,178.225,0.0940020075322376,175.83957494099934,0.3319954419791249,162.76910082499185,0.0191565403859899,58.33333333333334,695161.55,0.8593815351266191,0.0324028615514098,3416.TW,2026-08-14,0.0688713094842561,0.1100678478842778,neutral,0.1000926784059314,0.2557924003707136,2026-03-31,2026-05-15,946676000.0,345733000.0,142827000.0,161912000.0,16386000.0,144945000.0,1.8,2786217000.0,1757760000.0,5068550000.0,1824098000.0,3244452000.0,394852000.0,,12996000.0,,0.101203122683927,128372461.59642276,3310790000.0,0.0387739668165068,0.044674724730093,0.0285969360073393,0.5622206770203412,0.3652073148574591,0.1508721040778471,0.1531094059636031,0.1820639382069682,,,79.62654194597235,79.62654194597235,False,75.33968513820876,75.33968513820876,76.41139934014966,88.0,True,True,True,True,True,True,True,True,True,False,True,True,True,True,True,False,False,13,False,0.0464083529645631,0.1304356850741312,1.0,127909725.2,0.3104726598702502,2.0,2.0,,,,,,-0.0061592875413294,-0.0755604627325573,0.2434589007330413,-1.3843883521948148,0.4027777777777778,-1.3843883521948148,0.4136827685096669,-88.0,0.9126984126984128,0.8650793650793651,0.365079365079365,0.8305555555555555,0.7888888888888889,融程電
236.0,237.5,227.0,228.0,864721.0,0.0729411764705882,224.0,0.1371571072319202,208.3,0.0656951777643537,219.93979161580404,0.0801289544118482,215.84639536539717,0.0228332924134544,65.1006711409396,687962.2,1.256930976730989,0.0945751320211232,3515.TW,2026-08-14,0.0688713094842561,0.1100678478842778,neutral,0.098239110287303,0.3141797961075069,2026-03-31,2026-05-15,13366639000.0,1999582000.0,965368000.0,994219000.0,142487000.0,511865000.0,4.14,26619209000.0,14322582000.0,28675459000.0,14380132000.0,14295327000.0,5027744000.0,0.0,,,0.1433155069456528,827015795.690889,14352877000.0,0.0576202106163725,0.0358064561936918,0.0178502809667318,1.0059323581755073,0.1495949729771261,0.0722221943751155,0.0382942189132211,0.2776120330274545,,,59.385527806705504,59.385527806705504,False,69.66438299550109,69.66438299550109,67.09466919830219,273.0,True,False,True,True,True,False,True,True,True,False,True,True,True,True,False,False,False,11,False,0.0366473402788147,0.0563067296724069,1.0,156855381.6,0.2900834105653382,2.0,3.0,,,,,,0.0134024166313221,-0.027092177073953,0.1983208350862037,-1.159368937825055,0.4646825396825397,-1.159368937825055,0.4142322209427472,-273.0,0.6904761904761905,0.5714285714285714,0.373015873015873,0.6428571428571429,0.5912698412698412,華擎
37.45000076293945,38.20000076293945,36.5,37.5,1310840.0,0.1061946404743636,37.34000015258789,0.2931034482758621,32.64500007629395,0.2396694214876034,34.314605458577475,0.3043478260869565,31.339386049906413,0.0542614313776523,71.78572455231445,1428487.2,0.9176421041784624,0.1487210878345699,3652.TW,2026-08-14,0.0688713094842561,0.1100678478842778,neutral,0.0278035217794253,0.1000926784059314,2026-03-31,2026-05-15,620782000.0,216758000.0,32315000.0,36403000.0,6166000.0,30132000.0,0.4,2208650000.0,758801000.0,2721709000.0,839191000.0,1882518000.0,544591000.0,,,,0.1693816443699695,26841432.16218444,1962908000.0,0.0136743200201866,0.0160062214544562,0.0110709851787975,0.4457811293172229,0.3491692735936287,0.0520553108820809,0.0485387785083974,0.1012201049453453,,,46.42890186010385,46.42890186010385,False,71.66357738646896,71.66357738646896,65.35490850487768,410.0,True,False,True,True,True,False,True,True,True,True,False,True,True,True,False,False,False,11,False,0.0928291174808273,0.1965773656281306,1.0,53568270.0,0.4087117701575533,1.0,3.0,,,,,,0.0375129024860463,-0.0265452064974116,0.2523394350476169,-1.7713687125619808,0.5412698412698412,-1.7713687125619808,0.6038126249365188,-410.0,0.5634920634920635,0.4761904761904761,0.6190476190476191,0.5718253968253968,0.5484126984126985,精聯
92.3000030517578,94.0,91.9000015258789,92.6999969482422,20039684.0,0.0109051257718626,91.93999938964843,0.0498300537306357,90.37000007629396,0.1101796041705653,89.22666702270507,0.1823978972454871,85.27666702270508,0.0056195352944436,52.96442473200641,13117302.25,1.5277290724927834,0.0257828579172421,3706.TW,2026-08-14,0.0688713094842561,0.1100678478842778,neutral,0.2520852641334569,0.2307692307692307,2026-03-31,2026-05-15,31863922000.0,2934046000.0,1186173000.0,1645175000.0,108264000.0,1460985000.0,1.1,82662619000.0,48216898000.0,135913012000.0,68280278000.0,67632734000.0,9782105000.0,1879510000.0,7968750000.0,,0.0658069810202562,1108114535.9022596,87696114000.0,0.0126358453682709,0.0216017439129401,0.0107494122784947,1.009574417027116,0.0920805040886052,0.0372262083744744,0.0458507587358517,0.3464486758783238,,,39.67324991044731,39.67324991044731,False,69.2861081062049,69.2861081062049,61.88289355726551,515.0,True,False,True,True,True,True,True,True,False,True,True,True,True,True,False,False,False,12,False,0.0389270387590885,0.0870499538116404,1.0,1215973878.5441706,0.1047265987025023,1.0,3.0,,,,,,0.0288280275247621,-0.0375724869683608,0.1979224112584779,-1.7473680901867716,0.4007936507936508,-1.7473680901867716,0.4017964958831573,-515.0,0.4682539682539682,0.3492063492063492,0.3492063492063492,0.4503968253968253,0.4087301587301587,神達
22.350000381469727,22.850000381469727,21.25,22.200000762939453,2559819.0,0.0909091079504007,22.15,0.3413898360325487,19.232499885559083,0.4140128046268148,18.225,-0.1030302722044665,19.60208330949148,0.0783571656912434,69.94536851860884,1045547.2,2.4483055379996235,0.1542961598875947,3712.TW,2026-08-14,0.0688713094842561,0.1100678478842778,neutral,0.0203892493049119,0.0463392029657089,2026-03-31,2026-05-15,5952868000.0,2246677000.0,1881231000.0,1749422000.0,95514000.0,-477314000.0,-1.94,29571984000.0,46915609000.0,61775289000.0,55872481000.0,5902808000.0,6100937000.0,11857517000.0,7405579000.0,0.0,0.0545974613329431,1778520563.2191665,14859680000.0,0.1196876758597201,-0.0808621930443951,-0.0077266170296669,9.465407141821316,0.3774108547342222,0.3160209499017952,-0.0801821911723895,-0.1923537691038415,,,39.89432060139683,39.89432060139683,False,83.29054409270009,83.29054409270009,72.44148821987427,512.0,True,True,True,True,True,True,True,True,True,True,True,True,True,False,False,False,False,13,False,0.2181070377470206,0.1325327217740188,1.0,23211148.637689207,0.5366079703429101,0.0,3.0,,,,,,0.1194751329493695,0.0862307487759139,0.3588424069284494,-1.6783354415393517,0.8436507936507937,-1.6783354415393517,0.7521661895936308,-512.0,0.4761904761904761,0.7698412698412699,0.8412698412698413,0.5309523809523808,0.6373015873015873,永崴投控
55.09999847412109,55.09999847412109,53.0,53.0,366811.0,0.0271318133193561,53.71999969482422,0.1434736083020984,50.34249992370606,0.2520879123453965,45.3606772740682,0.0365843231530904,47.06352062225342,0.0404567548303639,54.14012475760273,288762.45,1.270286354752843,0.0527884010591721,4119.TW,2026-08-14,0.0688713094842561,0.1100678478842778,neutral,0.0898980537534754,0.0926784059314179,2026-03-31,2026-05-15,375798000.0,82325000.0,33151000.0,28590000.0,8480000.0,20110000.0,0.17,1104577000.0,1053320000.0,6954821000.0,1544198000.0,5410623000.0,51949000.0,390000000.0,300399000.0,,0.2966072053165442,23318174.53655124,5901501000.0,0.0039512277531684,0.0037167623765322,0.0028915194222827,0.2854011451176694,0.2190671584202151,0.0882149452631466,0.0535127914464685,0.0430373141784996,,,33.11973270077256,33.11973270077256,False,79.01543434765135,79.01543434765135,67.54150893593165,628.0,True,True,True,True,True,True,True,True,True,True,True,True,True,True,False,False,False,14,False,0.1684128894234799,0.1261375965770734,1.0,15304409.85,0.5857275254865616,1.0,3.0,,,,,,0.0097242455604774,-0.0357410615382209,0.1659813213012535,-1.6687017235641752,0.3357142857142857,-1.6687017235641752,0.3117396692394335,-628.0,0.373015873015873,0.5952380952380952,0.238095238095238,0.3527777777777777,0.4126984126984127,旭富
51.0,51.0,48.54999923706055,48.59999847412109,301741.0,0.0395721598742477,49.24999923706055,0.0451612575079802,45.13999996185303,0.0521315656035952,48.23452847798664,0.2834902898013571,43.104944896698,0.0065220966938715,55.31061486936384,332072.5,0.9086600064744896,0.0766503880193185,4555.TW,2026-08-14,0.0688713094842561,0.1100678478842778,neutral,0.2706209453197405,0.3512511584800741,2026-03-31,2026-05-15,405963000.0,122327000.0,8347000.0,7598000.0,2102000.0,2539000.0,0.04,2312473000.0,609744000.0,4541917000.0,1553753000.0,2988164000.0,713323000.0,196290000.0,456098000.0,477337000.0,0.2766517504606475,6037787.838904974,3932173000.0,0.0015354837742146,0.0008496856263578,0.0005590150590598,0.5199691181608506,0.3013254902540379,0.0205609870850299,0.0062542645512029,0.0714902197810898,,,28.47471124333176,28.47471124333176,False,58.16608597930897,58.16608597930897,50.743242295314666,708.0,True,False,True,True,True,False,True,True,False,False,True,True,True,True,False,False,False,10,False,0.0075769372618876,0.1274808166578593,1.0,16138722.993297577,0.5783132530120482,1.0,3.0,,,,,,0.0234130695289872,-0.0331138731165644,0.2155440649304503,-1.6253246728363189,0.4396825396825397,-1.6253246728363189,0.5473473081437772,-708.0,0.2539682539682539,0.0238095238095238,0.4841269841269841,0.2884920634920634,0.2309523809523809,氣立
49.84999847412109,54.400001525878906,49.84999847412109,53.0,274577.0,0.0916581016038935,50.42999954223633,0.0412573361722474,50.537499809265135,0.1701107693214669,47.77355988820394,-0.1854096400475282,51.16285508473714,0.0014366362323771,55.882356241087344,81949.2,3.350575722520781,0.0487261973787513,4557.TW,2026-08-14,0.0688713094842561,0.1100678478842778,neutral,0.283595922150139,0.1529193697868396,2026-03-31,2026-05-15,730462000.0,167992000.0,13627000.0,1451000.0,7135000.0,5153000.0,0.11,2969492000.0,2502190000.0,5521408000.0,2693000000.0,2828408000.0,1164370000.0,1445527000.0,91049000.0,,0.4,8176200.0,3019218000.0,0.0027080522174947,0.0018218729405375,0.0009332764396327,0.9521257187789032,0.2299804781083752,0.018655316772125,0.0070544395190988,-0.3271965802676432,,,17.877552606452653,17.877552606452653,False,71.04338369581784,71.04338369581784,57.75192592347653,895.0,True,False,True,True,True,True,True,True,False,True,True,True,False,True,False,False,False,11,False,0.1094002650006944,0.0359077872456519,1.0,4343307.6,0.7590361445783133,1.0,3.0,,,,,,-0.0076200980351719,-0.0917446831444236,0.1815671696817077,-1.596465657629922,0.240079365079365,-1.596465657629922,0.3281496664439672,-895.0,0.119047619047619,0.1507936507936507,0.2539682539682539,0.1392857142857142,0.1555555555555555,永新-KY
77.0,77.69999694824219,74.19999694824219,75.5999984741211,4045065.0,-0.0091743715548985,73.74000091552735,0.2475247587078022,70.34500064849854,0.2193548140987273,66.52499987284342,0.3144151143419456,64.2716254234314,0.0319055357627993,53.09972377894748,4244742.3,0.952958911074531,0.0747032166774841,4566.TW,2026-08-14,0.0688713094842561,0.1100678478842778,neutral,0.0370713623725671,0.1139944392956441,2026-03-31,2026-05-15,1354549000.0,296455000.0,38413000.0,65488000.0,22696000.0,40409000.0,0.37,5180146000.0,3777583000.0,10646601000.0,5592503000.0,5054098000.0,2044806000.0,832690000.0,976708000.0,0.0,0.3465673100415343,25100309.919374544,6869018000.0,0.0036541336650121,0.0079952941157848,0.0037954836477858,1.10652840526638,0.2188588231212012,0.0283585163770376,0.0298320695670662,0.0816066447931047,,,26.559226672275766,26.559226672275766,False,78.48518151283054,78.48518151283054,65.50369280269184,747.0,True,True,True,True,True,True,True,True,True,True,True,True,True,True,False,False,False,14,False,0.1364148608586803,0.1762577650099344,1.0,320902511.40303725,0.2140871177015755,1.0,3.0,,,,,,-0.0072994423696322,-0.0756602838593287,0.2325436538343902,-1.60481823324391,0.3345238095238095,-1.60481823324391,0.331237936133867,-747.0,0.2222222222222222,0.4841269841269841,0.2619047619047619,0.2281746031746031,0.3087301587301587,時碩工業
141.0,141.5,138.0,139.0,441652.0,0.0651340996168583,135.2,0.0775193798449611,130.75,0.1300813008130081,126.875,0.1075697211155377,125.84583333333332,0.0137623570459391,68.18181818181819,256274.9,1.7233525405726429,0.0630975143403442,4736.TW,2026-08-14,0.0688713094842561,0.1100678478842778,neutral,0.180722891566265,0.201112140871177,2026-03-31,2026-05-15,1074466000.0,531890000.0,272939000.0,362978000.0,69184000.0,284846000.0,2.99,7743817000.0,2835366000.0,13071771000.0,3115964000.0,9955807000.0,2352593000.0,940000000.0,169444000.0,,0.1906010832612444,220916530.9357592,10236405000.0,0.0215814566672341,0.0286110407724858,0.0217909264169331,0.3129795505276468,0.4950272972806957,0.2540229285989505,0.2651047124804321,0.0999991809891194,,,73.12470502530472,73.12470502530472,False,75.80090010835796,75.80090010835796,75.13185133759465,136.0,True,True,True,True,True,True,True,True,True,True,True,True,True,True,True,False,False,14,False,0.095566502463054,0.1045260404595569,1.0,35622211.1,0.4782205746061168,2.0,3.0,,,,,,0.0445982239573838,-0.0133136191323982,0.2448558168202409,-1.3745199705958466,0.6460317460317461,-1.3745199705958466,0.5585138090700413,-136.0,0.8571428571428571,0.8333333333333334,0.5238095238095238,0.8071428571428572,0.7833333333333334,泰博
51.59999847412109,51.70000076293945,50.5,51.5,6427776.0,0.0320640966972978,51.459999084472656,0.1356119455966113,49.672499847412105,0.2174941117937185,46.76833324432373,0.0574948499629457,45.27416661580404,0.0253380074142847,57.377050205509136,10669734.35,0.6024307437419939,0.0367909841099551,4763.TW,2026-08-14,0.0688713094842561,0.1100678478842778,neutral,0.1010194624652456,0.1158480074142724,2026-03-31,2026-05-15,2711414000.0,1506899000.0,1344230000.0,1277102000.0,163292000.0,1114887000.0,1.13,18689835000.0,1425022000.0,23180026000.0,1425022000.0,21755004000.0,10088044000.0,,,,0.1278613611128946,1172354922.5512135,21755004000.0,0.0538889775681591,0.0512473819816351,0.0480968830664814,0.0655031826240988,0.5557613112567834,0.4957671532270616,0.4111828735855166,-0.3473205110583516,,,80.5798896395777,80.5798896395777,False,78.11363151152557,78.11363151152557,78.7301960435386,83.0,True,True,True,True,True,True,True,True,True,True,True,True,False,True,True,False,False,13,False,0.1011724478389564,0.1375140361396003,1.0,549491319.025,0.1594068582020389,1.0,2.0,,,,,,0.0468550894611077,-0.0153761940895378,0.2165608940150064,-1.044251382738728,0.6301587301587301,-1.044251382738728,0.5293592764664563,-83.0,0.9206349206349206,0.9206349206349206,0.4682539682539682,0.8527777777777776,0.8301587301587301,材料*-KY
95.3000030517578,97.0,93.6999969482422,94.8000030517578,20981477.0,0.0884041872850835,91.9000015258789,0.1532847514757123,86.97000045776367,0.2524195173272203,85.26981468200684,0.4051970105699416,79.99201946258545,0.0275890707928805,63.70370265714781,15909031.85,1.31884059305595,0.0900310745404295,4938.TW,2026-08-14,0.0688713094842561,0.1100678478842778,neutral,0.0815569972196478,0.0917516218721038,2026-03-31,2026-05-15,244105400000.0,10801479000.0,2829288000.0,3464858000.0,605203000.0,1561454000.0,0.58,455223337000.0,347425362000.0,623242706000.0,374551574000.0,248691132000.0,112291906000.0,50872952000.0,7687427000.0,2697039000.0,0.174668918610806,2335099324.60147,275817344000.0,0.0084661076447805,0.0062786878946692,0.0025053706765723,1.5060913953296895,0.0442492423354829,0.0115904359346413,0.0063966385012375,-0.1039816497152077,,,13.24211612714073,13.24211612714073,False,87.41497996027911,87.41497996027911,68.87176400199452,991.0,True,True,True,True,True,True,True,True,True,True,True,True,True,True,False,False,False,14,False,0.1117650883292229,0.1851182616548201,1.0,1508176267.930512,0.0917516218721038,1.0,3.0,,,,,,-0.0215997965364274,-0.0788240863091341,0.2193975857857578,-1.711717824631208,0.2837301587301587,-1.711717824631208,0.2958793336575269,-991.0,0.0634920634920634,0.6587301587301587,0.1984126984126984,0.0837301587301587,0.269047619047619,和碩
37.20000076293945,40.20000076293945,37.20000076293945,37.79999923706055,5839715.0,0.0427585996430495,36.71999969482422,0.1437216372057763,35.222500228881835,0.1471926665196359,35.71833333969116,0.2516555722557327,32.640833361943564,0.0096022941258468,61.07953751136552,5169154.9,1.1297233518771124,0.0731776276933688,4976.TW,2026-08-14,0.0688713094842561,0.1100678478842778,neutral,0.0889712696941612,0.1714550509731232,2026-03-31,2026-05-15,255023000.0,-36041000.0,-86075000.0,-69043000.0,-1135000.0,,-0.49,1541919000.0,276027000.0,2513042000.0,337040000.0,2176002000.0,819216000.0,,57046000.0,,0.0164390307489535,-84660010.42828383,2237015000.0,-0.0378450794600321,,,0.1548895635206217,-0.1413245079855542,-0.337518576755822,,0.009124831333072,,,25.456241566653603,25.456241566653603,False,75.13527419564205,75.13527419564205,62.71551603839494,760.0,True,True,True,True,True,False,True,True,True,True,True,True,True,True,False,False,False,13,False,0.0582800400447627,0.1580586444564289,1.0,195394051.2762478,0.2696941612604263,1.0,3.0,,,,,,-0.0407815191038513,-0.1046281656106047,0.1135510333676373,-2.1397586790427408,0.090079365079365,-2.1397586790427408,0.1253405057358844,-760.0,0.1984126984126984,0.3888888888888889,0.0714285714285714,0.1793650793650793,0.2301587301587301,佳凌
57.70000076293945,59.5,57.0,57.5,287696.0,0.0648148148148148,55.17999954223633,0.0849056603773585,53.96999950408936,0.1036468653364968,53.49166666666667,-0.0252349080091829,54.257249704996745,0.0083138699435885,74.71265879786078,93265.15,3.084710634143622,0.0654067172196875,5283.TW,2026-08-14,0.0688713094842561,0.1100678478842778,neutral,0.1631139944392956,0.2418906394810009,2026-03-31,2026-05-15,1223404000.0,353685000.0,-7455000.0,16910000.0,3240000.0,13670000.0,0.16,4507049000.0,2765436000.0,8209751000.0,3417985000.0,4791766000.0,676596000.0,1172000000.0,328000000.0,,0.1916026020106445,-6026602.602010644,5444315000.0,-0.0011069533269126,0.0028528104252169,0.0016650931313263,0.7133038215972983,0.2890991038119869,-0.006093653445632,0.011173741462346,-0.0336491827829927,,,23.489256314333275,23.489256314333275,False,69.5098739481034,69.5098739481034,58.00471953966087,798.0,True,False,True,True,True,True,True,False,True,False,True,True,False,True,False,False,False,10,False,0.0749337903100171,0.0597662121215962,1.0,5362746.125,0.7312326227988879,1.0,3.0,,,,,,0.0187775849939582,-0.0366399383380737,0.2012824853171686,-1.82926980990878,0.3742063492063492,-1.82926980990878,0.354524063867615,-798.0,0.1746031746031746,0.1587301587301587,0.2857142857142857,0.1912698412698412,0.192063492063492,禾聯碩
48.79999923706055,49.95000076293945,48.0,48.45000076293945,1429332.0,0.1202312315130509,46.570001220703126,0.1646635225979558,43.76250057220459,0.3124688956016521,40.9064385732015,0.611944751933756,37.87246599197388,0.0288585949622086,66.44068147286072,755044.0,1.8930446437558608,0.1071122565997084,5515.TW,2026-08-14,0.0688713094842561,0.1100678478842778,neutral,0.0741427247451343,0.0732159406858202,2026-03-31,2026-05-15,2015280000.0,391103000.0,268702000.0,476647000.0,82479000.0,394168000.0,1.96,9114211000.0,5142167000.0,11530797000.0,5836747000.0,5694050000.0,2270517000.0,100000000.0,,,0.1730400065457246,222205804.1611507,6388630000.0,0.0347814483169553,0.0692245414072584,0.0341839336864572,1.02506072127923,0.1940688142590607,0.1333323409154063,0.1955896947322456,0.3881614203981094,,,76.63848749386133,76.63848749386133,False,86.38410078933211,86.38410078933211,83.94769746546442,104.0,True,True,True,True,True,True,True,True,True,True,False,True,True,True,True,False,False,13,False,0.1844101430692593,0.2792935314327622,1.0,36581882.37605286,0.4698795180722891,1.0,3.0,,,,,,0.0428992486572987,-0.0088640435156978,0.2694325155220943,-1.007869825811109,0.719047619047619,-1.007869825811109,0.7542512236893202,-104.0,0.8888888888888888,0.9523809523809524,0.8492063492063492,0.8829365079365079,0.8999999999999999,建國
52.20000076293945,52.29999923706055,51.0,51.400001525878906,658287.0,0.0500510873289785,50.95,0.0479103430248939,48.6923921585083,0.0489796229771204,50.42329737345378,0.0489796229771204,49.582898712158205,0.0030900825717487,74.9082083841682,487519.4,1.3502785735295866,0.0556064150341295,5607.TW,2026-08-14,0.0688713094842561,0.1100678478842778,neutral,0.2594995366079703,0.3586654309545876,2026-03-31,2026-05-15,1214027000.0,623213000.0,537027000.0,447750000.0,84390000.0,363360000.0,0.98,1402675000.0,2902177000.0,27156231000.0,15739732000.0,11416499000.0,684986000.0,1050000000.0,8303128000.0,,0.1884757118927973,435810453.86934674,24254054000.0,0.017968561209163,0.031827620709291,0.0133803545860248,1.378682904452582,0.5133436076792361,0.4423517763608223,0.2993014158663687,0.3566927382792288,,,69.90798459707267,69.90798459707267,False,55.80123416015356,55.80123416015356,59.32792176938333,165.0,True,False,True,True,True,False,True,False,False,False,True,True,True,True,True,False,False,9,False,0.0193700968263001,0.0366477729402119,1.0,25058497.90389557,0.5254865616311399,1.0,3.0,,,,,,0.0853705071794732,0.0318181209948579,0.3208093533587167,-0.7031795421026996,0.8932539682539682,-0.7031795421026996,0.7408531535115246,-165.0,0.8253968253968254,0.2222222222222222,0.8253968253968254,0.8253968253968254,0.6444444444444444,遠雄港
46.54999923706055,47.400001525878906,46.25,46.900001525878906,781676.0,0.0217864916504673,46.53000106811523,0.128760586932729,42.47250022888184,0.1061320716522478,43.94021504720052,0.0707763091967215,44.72635758717855,0.026627574655837,75.09882781719968,614879.55,1.271266868446023,0.104243952513686,6112.TW,2026-08-14,0.0688713094842561,0.1100678478842778,neutral,0.108433734939759,0.2354031510658016,2026-03-31,2026-05-15,6018223000.0,834764000.0,167785000.0,90440000.0,48570000.0,32807000.0,0.17,11930415000.0,9613507000.0,15361762000.0,10271180000.0,5090582000.0,1349634000.0,3751754000.0,180432000.0,,0.4,100671000.0,5748255000.0,0.017513314910351,0.0064446462113762,0.0021356274104494,2.017682850408853,0.1387060599117048,0.0278794920028719,0.0054512768968514,0.2736882851262932,,,29.171201546523523,29.171201546523523,False,66.80946245501954,66.80946245501954,57.399897227895536,695.0,True,False,True,True,True,False,True,False,True,False,True,True,True,True,False,False,False,10,False,0.0673593990265861,0.0485987246885373,1.0,28837851.833231736,0.5078776645041705,1.0,3.0,,,,,,0.0563050314365302,0.0065680964693966,0.2420896763392936,-1.4346733761493564,0.6936507936507936,-1.4346733761493564,0.5533389393882716,-695.0,0.2698412698412698,0.1269841269841269,0.5158730158730159,0.3067460317460317,0.2761904761904762,邁達特
64.80000305175781,65.80000305175781,64.30000305175781,65.69999694824219,3522275.0,-0.013513536734218,66.18000030517578,0.1690390757355186,58.07499980926514,0.1192503593581248,65.01666673024495,0.0788176568488847,63.126666673024495,0.0266042093434661,67.05882511336947,5422848.25,0.6495249060307008,0.1312956894364134,6269.TW,2026-08-14,0.0688713094842561,0.1100678478842778,neutral,0.0685820203892493,0.2196478220574606,2026-03-31,2026-05-15,5467013000.0,-75600000.0,-999753000.0,-981765000.0,-164328000.0,-829726000.0,-2.6,17426263000.0,6996989000.0,34912338000.0,12380381000.0,22531957000.0,3093415000.0,100000000.0,730035000.0,2916556000.0,0.1673801775373944,-832414165.3664573,27915349000.0,-0.0298192283165242,-0.036824408993857,-0.0237659821006545,0.549458753183312,-0.0138283922134445,-0.1828700608540715,-0.1517695311864083,0.0572209060440906,,,18.580859061451324,18.580859061451324,False,70.71931593314214,70.71931593314214,57.68470171521944,885.0,True,False,True,True,True,False,True,True,True,True,True,True,False,True,False,False,False,11,False,0.0105100776825792,0.0407645518263573,1.0,356281113.4757805,0.2029657089898053,1.0,3.0,,,,,,-0.0167565796320563,-0.1022904282702189,0.2196714797935081,-2.168614635097667,0.219047619047619,-2.168614635097667,0.2658398381016214,-885.0,0.1269841269841269,0.1428571428571428,0.1666666666666666,0.1329365079365079,0.1396825396825396,台郡
84.80000305175781,87.5999984741211,82.0,84.0,1209681.0,0.0606061014736485,81.35999908447266,0.0769230769230768,78.55,0.1260053849617677,75.03359146118164,0.3999999999999999,70.86762901941935,0.026553181437206,59.40959710859845,813688.4,1.486663690916572,0.0693825588796945,6277.TW,2026-08-14,0.0688713094842561,0.1100678478842778,neutral,0.1816496756255792,0.2075996292863762,2026-03-31,2026-05-15,1293181000.0,778857000.0,186537000.0,183859000.0,52118000.0,128893000.0,1.08,3416718000.0,1638244000.0,7019344000.0,2304220000.0,4715124000.0,897714000.0,266856000.0,200000000.0,,0.2834672221648111,133659874.77904265,5381100000.0,0.0248387643379685,0.0273360785421549,0.01836254214069,0.4886870419526612,0.6022799592632431,0.1442466290488338,0.0996712757146911,0.0734456101555489,,,66.12491163281756,66.12491163281756,False,82.43081533957302,82.43081533957302,78.35433941288414,199.0,True,True,True,True,True,True,True,True,True,True,True,True,True,True,True,False,False,14,False,0.1194985920866802,0.185308456939939,1.0,68349825.60000001,0.3772011121408711,1.0,3.0,,,,,,0.0520472244887789,0.0125099039331404,0.302446313054926,-1.4946623250315836,0.75,-1.4946623250315836,0.7384043958141896,-199.0,0.7857142857142857,0.9047619047619048,0.8174603174603174,0.7904761904761904,0.8277777777777777,宏正
972.0,1035.0,972.0,1015.0,549688.0,0.0,1006.4,0.0897902480648735,973.6694610595704,0.5309200603318249,951.145448811849,0.1240310077519379,864.4227244059244,0.0011136436656683,51.78147268408551,510259.4,1.0772716778955955,0.0424482235433909,6409.TW,2026-08-14,0.0688713094842561,0.1100678478842778,neutral,0.1556997219647822,0.0278035217794253,2026-03-31,2026-05-15,4204594000.0,1097283000.0,761311000.0,497580000.0,106071000.0,391509000.0,4.46,12925624000.0,6848461000.0,17835228000.0,7506620000.0,10328608000.0,7086998000.0,,489300000.0,,0.2131737610032557,599019470.8368503,10986767000.0,0.0545219053827982,0.0379053014694719,0.0219514435139264,0.7267794459814914,0.2609724030429573,0.1810664715784687,0.0931145789581586,-0.1581824756109622,,,62.88856390334461,62.88856390334461,False,73.81520290765012,73.81520290765012,71.08354315657374,235.0,True,False,True,True,True,True,True,True,True,True,True,True,True,True,True,False,False,13,False,0.0671343707399503,0.1741940272307856,1.0,517913291.0,0.164967562557924,3.0,3.0,,,,,,0.0785274962629662,0.0189376450878001,0.2768229601888813,-0.2004311623668795,0.8682539682539683,-0.2004311623668795,0.8061252064897951,-235.0,0.746031746031746,0.746031746031746,0.8888888888888888,0.7674603174603174,0.7746031746031746,旭隼
425.0,425.0,409.0,409.0,848196.0,-0.0203592814371257,421.9,0.0328282828282828,399.78150634765626,0.0651041666666667,400.2938354492188,-0.1653061224489795,418.813584391276,0.0043335555944749,58.99620713238088,733854.05,1.1558102050400894,0.0230588296506322,6472.TW,2026-08-14,0.0688713094842561,0.1100678478842778,neutral,0.3123262279888786,0.319740500463392,2026-03-31,2026-05-15,4001231000.0,1442628000.0,407236000.0,221152000.0,174254000.0,25838000.0,0.21,19812444000.0,14337765000.0,45331756000.0,28703088000.0,16628668000.0,4832012000.0,3410000000.0,3908546000.0,8410772000.0,0.4,244341600.0,30993991000.0,0.0078835152271935,0.0015538225912021,0.0005699757141549,1.7261206970997316,0.3605460419555881,0.1017776779196202,0.0064575127004664,-0.1067853383739788,,,27.229352834015025,27.229352834015025,False,58.6302516420588,58.6302516420588,50.78002694004786,730.0,True,False,True,True,True,False,True,True,False,False,True,True,True,True,False,False,False,10,False,0.0217494344898192,-0.0234318674393992,0.0,300146306.45000005,0.2261353104726598,2.0,3.0,,,,,,-0.0361168508057899,-0.1061593040199013,0.1420010788695983,-1.9893735587218115,0.1162698412698412,-1.9893735587218115,0.2718904469714918,-730.0,0.238095238095238,0.0317460317460317,0.1746031746031746,0.2285714285714285,0.1634920634920634,保瑞
372.5,378.0,368.0,369.0,374670.0,-0.0107238605898123,374.8,0.1014925373134327,347.4719711303711,0.2019543973941369,339.62399037679035,0.29701230228471,312.80782852172854,0.0133422000926937,71.68499788485944,543215.4,0.6897263958275115,0.0619561595129398,6491.TW,2026-08-14,0.0688713094842561,0.1100678478842778,neutral,0.1390176088971269,0.1288229842446709,2026-03-31,2026-05-15,1885667000.0,1005547000.0,542809000.0,566411000.0,88526000.0,472275000.0,6.06,6983966000.0,4705377000.0,16639674000.0,5326767000.0,11312907000.0,1204500000.0,831456000.0,457203000.0,,0.1562928686060122,457971824.2848391,11934297000.0,0.0383744282788369,0.0417465643446021,0.0283824671084301,0.4708574904752598,0.5332579930602805,0.2878604758952667,0.2504551439888379,0.1833499738625503,,,86.74813401220891,86.74813401220891,False,72.7719104197144,72.7719104197144,76.26596631783804,52.0,True,False,True,True,True,True,True,True,True,True,True,True,False,True,True,False,False,12,False,0.0864956848031228,0.1796379960943599,1.0,200446482.6,0.2669138090824838,2.0,2.0,,,,,,0.0344865408549593,-0.0147018739428423,0.3154606363426166,-1.306642601140839,0.6900793650793651,-1.306642601140839,0.6421947914562525,-52.0,0.9523809523809524,0.8492063492063492,0.6904761904761905,0.913095238095238,0.8690476190476191,晶碩
247.0,249.0,242.5,246.5,1052945.0,-0.037109375,250.1,0.1738095238095238,229.8,0.0717391304347825,216.86666666666667,0.1053811659192824,213.1625,0.0337381916329284,65.86538461538461,1798834.55,0.5853484413005076,0.0726718885987816,6533.TW,2026-08-14,0.0688713094842561,0.1100678478842778,neutral,0.0648748841519925,0.2965708989805375,2026-03-31,2026-05-15,326356000.0,325982000.0,-202956000.0,-191919000.0,-25688000.0,-166231000.0,-3.28,1735463000.0,291379000.0,6111740000.0,1760341000.0,4351399000.0,1046856000.0,,,1419903000.0,0.1338481338481338,-175790718.14671814,5820361000.0,-0.0302027173480679,-0.0382017369586195,-0.0271986373765899,0.4045459862448835,0.9988540121830148,-0.621885303165868,-0.5093548149873145,0.2031025355560307,,,38.84336576062605,38.84336576062605,False,76.289488811509,76.289488811509,66.92795804878827,539.0,True,True,True,True,True,True,True,True,True,False,True,True,False,True,False,False,False,12,False,0.1366430986781432,0.1563947692488125,1.0,443412716.575,0.180722891566265,2.0,3.0,,,,,,-0.109833376894295,-0.1622554742444832,0.1103498341659079,-2.162702762998769,0.046031746031746,-2.162702762998769,0.033677224071788,-539.0,0.4444444444444444,0.5476190476190477,0.0158730158730158,0.3801587301587301,0.3896825396825396,晶心科
51.0,52.29999923706055,51.0,51.5,653238.0,0.068464713378135,51.33999938964844,0.1482720569035478,47.59999961853028,0.1798395922040698,46.49833323160807,-0.1584967425166018,49.50916655858358,0.0226662396751822,66.18181646678121,670888.2,0.9736912946151088,0.0819327817799284,6589.TW,2026-08-14,0.0688713094842561,0.1100678478842778,neutral,0.0871177015755329,0.1436515291936978,2026-03-31,2026-05-15,308435000.0,64956000.0,-207240000.0,-141836000.0,406000.0,-142242000.0,-0.47,4188368000.0,910711000.0,10619357000.0,2413133000.0,8206224000.0,3257763000.0,0.0,1001914000.0,,0.0,-207240000.0,9708646000.0,-0.0213459219751137,-0.0173334288705743,-0.0133945963018288,0.2940613124867174,0.2105986674664029,-0.6719081816265988,-0.461173342843711,0.6954150931987708,,,33.08565989658788,33.08565989658788,False,79.86533868590648,79.86533868590648,68.17041898857683,629.0,True,True,True,True,True,True,True,True,True,True,True,True,True,True,False,False,False,14,False,0.1075665818703359,0.0402114109325733,1.0,34550742.3,0.484708063021316,1.0,3.0,,,,,,-0.0413726578371556,-0.1642721516146667,0.1094048790963034,-2.264118205626681,0.0555555555555555,-2.264118205626681,0.0693266333329176,-629.0,0.365079365079365,0.6190476190476191,0.0555555555555555,0.3186507936507936,0.3793650793650794,台康生技
136.0,137.5,135.5,137.5,369426.0,-0.0248226950354609,136.7,0.0658914728682169,134.375,0.049618320610687,135.4295399983724,-0.0517241379310344,134.14393666585286,0.0147253162167263,58.33333333333333,480577.75,0.7687122427120273,0.0232558139534884,6605.TW,2026-08-14,0.0688713094842561,0.1100678478842778,neutral,0.2057460611677479,0.3568118628359592,2026-03-31,2026-05-15,4732845000.0,1585730000.0,866034000.0,951380000.0,217734000.0,732007000.0,4.41,15540524000.0,11970379000.0,33504289000.0,12358666000.0,21145623000.0,3981949000.0,1597489000.0,0.0,,0.228861233156047,667832390.8049359,21533910000.0,0.0310130575824332,0.0346174241354818,0.0218481580074718,0.5844550430129205,0.3350479468480375,0.1829838078365127,0.1546653228660562,-0.0451555541567658,,,64.93006759035887,64.93006759035887,False,58.88234312722964,58.88234312722964,60.39427424301195,210.0,True,False,True,True,True,False,True,True,False,False,True,True,False,True,True,False,False,9,False,0.0152880974243321,0.0250183751689572,1.0,66079440.625,0.3836886005560704,2.0,3.0,,,,,,0.0516333118591638,0.0084639208850102,0.2139212028664301,-1.03366138507638,0.6777777777777778,-1.03366138507638,0.6589858208091108,-210.0,0.7619047619047619,0.2777777777777778,0.7222222222222222,0.7559523809523808,0.6087301587301587,帝寶
27.5,28.450000762939453,26.950000762939453,27.100000381469727,220506.0,0.0463320764715726,26.93000030517578,0.0463320764715726,26.17250003814697,0.149771428770268,25.416937987009685,0.1134867014788203,24.50102122624715,0.0114975860153418,69.09091665724557,147399.2,1.4959782685387708,0.0354379727565536,6606.TW,2026-08-14,0.0688713094842561,0.1100678478842778,neutral,0.2659870250231696,0.1686746987951807,2026-03-31,2026-05-15,191808000.0,78315000.0,47168000.0,50588000.0,21113000.0,29102000.0,0.26,1052582000.0,392295000.0,2170020000.0,549327000.0,1620693000.0,84940000.0,0.0,,,0.4,28300800.0,1777725000.0,0.0159196726152807,0.0179565161322964,0.0134109363047345,0.3389457472821811,0.4082989239239239,0.2459125792459126,0.1517246413079746,0.1109322058440243,,,63.7605672758917,63.7605672758917,False,70.89993101668843,70.89993101668843,69.11509008148926,226.0,True,False,True,True,True,True,True,True,False,True,True,True,True,True,True,False,False,12,False,0.0662181414346698,0.1060763602962955,1.0,3994518.376228333,0.7747914735866543,0.0,3.0,,,,,,0.0381842840449048,0.011175067286553,0.1882445004342949,-1.3253573190259775,0.5821428571428572,-1.3253573190259775,0.5840186726074446,-226.0,0.753968253968254,0.6746031746031746,0.5714285714285714,0.7265873015873016,0.6936507936507936,建德工業
6145.0,6650.0,6140.0,6435.0,2593095.0,0.0549180327868852,6094.0,0.3928571428571428,5700.5,0.2387966558671641,5228.1204020182295,0.7704193006074813,4663.456268310547,0.0533561232503349,61.09324758842444,1936458.1,1.3390917159529554,0.12884834663626,6669.TW,2026-08-14,0.0688713094842561,0.1100678478842778,neutral,0.0120481927710843,0.1010194624652456,2026-03-31,2026-05-15,276507734000.0,20881168000.0,17458392000.0,17934386000.0,3819977000.0,14114409000.0,75.95,395619318000.0,257883938000.0,432576398000.0,292412129000.0,140164269000.0,70996229000.0,72191879000.0,9594000000.0,18686968000.0,0.2129973671805658,13739800468.793749,174692460000.0,0.0786513651979813,0.1006990519102982,0.0326287080507799,2.086210209536355,0.0755174826321494,0.0631388921656708,0.0510452593705751,0.6202705683581411,,,65.40144535951697,65.40144535951697,False,94.83522352326158,94.83522352326158,87.47677898232543,208.0,True,True,True,True,True,True,True,True,True,True,True,True,True,True,True,False,False,14,False,0.2308438798608911,0.3798778480517926,1.0,12461107873.5,0.0176088971269694,3.0,3.0,,,,,,0.0644247195416327,-0.0817785209802025,0.3322092997219097,-0.0307508760375651,0.7380952380952381,-0.0307508760375651,0.7286510382091215,-208.0,0.7698412698412699,0.984126984126984,0.8095238095238095,0.7757936507936508,0.8420634920634921,緯穎
727.0,728.0,712.0,728.0,414252.0,-0.0095238095238094,729.8,0.0340909090909091,697.75,0.1723027375201289,700.45,0.2153589315525876,663.8666666666667,0.0005736000573599,56.83760683760684,593323.4,0.6981892168756533,0.0433536366893585,6691.TW,2026-08-14,0.0688713094842561,0.1100678478842778,neutral,0.3067655236329935,0.1501390176088971,2026-03-31,2026-05-15,6977227000.0,1283352000.0,1098330000.0,1100675000.0,233735000.0,866940000.0,7.19,21151608000.0,15975842000.0,22175970000.0,16220137000.0,5955833000.0,7596288000.0,0.0,,,0.2123560542394439,865092974.9471915,6200128000.0,0.1395282444083721,0.1455615024800057,0.0390936676050698,2.723403594425834,0.1839343911270193,0.1574164062599654,0.1242528012919746,0.7680019541905503,,,72.9382876924978,72.9382876924978,False,61.03148061668636,61.03148061668636,64.00818238563922,138.0,True,False,True,True,True,False,True,True,False,True,True,True,False,True,True,False,False,10,False,0.0393318580912269,0.0966057441253263,1.0,431939435.2,0.1835032437442076,3.0,3.0,,,,,,0.1001551589749079,0.0532959039368533,0.3971243958481186,0.8867318879141333,0.9706349206349204,0.8867318879141333,0.9738865035217512,-138.0,0.8492063492063492,0.4285714285714285,1.0,0.8718253968253968,0.7531746031746032,洋基工程
316.5,317.5,304.0,306.0,1114499.0,-0.0144927536231883,310.0,0.06993006993007,291.175,0.0711202101004835,300.85051981608075,0.6771487123080906,255.46749051411948,0.0052649749697912,55.23012552301255,1228382.2,0.907290092611241,0.0509143985575684,8016.TW,2026-08-14,0.0688713094842561,0.1100678478842778,neutral,0.1955514365152919,0.3012048192771084,2026-03-31,2026-05-15,5328772000.0,1669417000.0,614352000.0,795608000.0,114691000.0,541690000.0,4.6,16315655000.0,7568958000.0,23295165000.0,7934322000.0,15360843000.0,6140979000.0,0.0,,,0.1441551618384933,525789988.014198,15726207000.0,0.0334339989302059,0.0352643406354716,0.0232533231681338,0.5165290733067189,0.3132836233188434,0.1152896014316244,0.1016538144247868,0.2299945941628962,,,70.50462844759238,70.50462844759238,False,59.4352313279804,59.4352313279804,62.20258060788339,160.0,True,False,True,True,True,False,True,True,True,False,True,True,True,True,True,False,False,11,False,0.017116407799685,0.197804070428631,1.0,375884953.2,0.2001853568118628,2.0,3.0,,,,,,0.0173196285639922,-0.0301682776697086,0.2356845509272151,-1.433272393202072,0.4996031746031745,-1.433272393202072,0.6510230216462566,-160.0,0.8333333333333334,0.373015873015873,0.6984126984126984,0.8130952380952381,0.6682539682539683,矽創
99.3000030517578,99.8000030517578,95.0999984741211,95.8000030517578,20333675.0,0.0504386651035326,96.58000183105467,0.1697191851881314,87.125,0.1204678719503835,88.98468259175618,0.3250345644270154,85.39734141031902,0.032409056005447,64.70588005735117,20703028.9,0.9821594269232752,0.0995696189584827,8112.TW,2026-08-14,0.0688713094842561,0.1100678478842778,neutral,0.0667284522706209,0.2177942539388322,2026-03-31,2026-05-15,110164542000.0,4238620000.0,3418168000.0,2892239000.0,712333000.0,2102790000.0,3.91,110827396000.0,76135974000.0,112891822000.0,92125380000.0,20766442000.0,14855353000.0,53437429000.0,11508327000.0,2798432000.0,0.2462911951605659,2576303318.0203986,36755848000.0,0.0700923379055327,0.101259040908404,0.0186265928102391,4.4362621194328815,0.0384753562539206,0.0310278419711489,0.0190877206206693,1.3784680054727554,,,52.60217451052254,52.60217451052254,False,71.73311382178284,71.73311382178284,66.95037899396776,328.0,True,False,True,True,True,False,True,True,True,True,True,True,True,True,False,False,False,12,False,0.0765898159267357,0.1218148184667231,1.0,1983350231.8006296,0.0750695088044485,1.0,3.0,,,,,,0.0505177747778215,-0.0450883709258402,0.2395672635589621,-0.5455789283152813,0.6496031746031745,-0.5455789283152813,0.5528436044291715,-328.0,0.6587301587301587,0.5555555555555556,0.5,0.6349206349206349,0.596031746031746,至上
231.5,236.5,224.5,233.0,8462102.0,-0.0106157112526539,232.9,0.2263157894736842,219.225,0.0838805479634856,209.2347137451172,1.0207942176541027,192.8073029200236,0.0602103735944867,56.25,8426133.95,1.0042686302180135,0.0628349868856197,8271.TW,2026-08-14,0.0688713094842561,0.1100678478842778,neutral,0.0444856348470806,0.2687673772011121,2026-03-31,2026-05-15,7042184000.0,3469352000.0,2313017000.0,2329123000.0,453946000.0,1862431000.0,14.54,13874285000.0,8773781000.0,15490077000.0,9043398000.0,6446679000.0,1146880000.0,2860732000.0,182529000.0,,0.1948999687865346,1862210058.897276,6716296000.0,0.2772674192586622,0.2888977409919123,0.1202338116201746,1.4027994879223862,0.4926528474689102,0.3284516564747527,0.2644678128262482,2.4365595091928736,,,94.16508207448472,94.16508207448472,True,76.94028957240043,76.94028957240043,81.2464876979215,21.0,True,True,True,True,True,True,True,True,True,False,True,True,True,True,True,True,False,13,False,0.1135819474192647,0.2084604497405802,1.0,1963289210.35,0.0759962928637627,2.0,1.0,,,,,,0.0021968163107826,-0.0796766998257966,0.2401950684192429,-0.2954774046385732,0.4746031746031746,-0.2954774046385732,0.5682029257422384,-21.0,0.9761904761904762,0.9365079365079364,0.5396825396825397,0.9107142857142856,0.876984126984127,宇瞻
179.5,179.5,175.5,176.0,140488.0,0.0445103857566766,175.1,0.1246006389776357,165.275,0.3285619835472286,149.56120580037435,0.305171833189098,142.59244079589843,0.0219508424795177,68.04123711340206,205726.05,0.6828887250788124,0.0648918469217969,8462.TW,2026-08-14,0.0688713094842561,0.1100678478842778,neutral,0.1121408711770157,0.0667284522706209,2026-03-31,2026-05-15,1626910000.0,546235000.0,263101000.0,241835000.0,49259000.0,191204000.0,2.42,2261807000.0,3161235000.0,12373315000.0,9648191000.0,2725124000.0,1414659000.0,,386628000.0,,0.2036884652759112,209510361.09744248,9212080000.0,0.0227430027851953,0.0701634127474566,0.0154529323790754,3.5404594433134053,0.3357499800234801,0.161718226576762,0.1175258619100011,0.2017296409310929,,,59.6562061392525,59.6562061392525,False,77.5516196754048,77.5516196754048,73.07776629136671,269.0,True,True,True,True,True,True,True,True,True,True,True,True,False,True,False,False,False,13,False,0.1767757491532571,0.2342870282438038,1.0,36207784.8,0.4735866543095459,2.0,3.0,,,,,,0.1040627434766186,0.0656318714066668,0.468441719471,-0.0775993059720363,0.9662698412698412,-0.0775993059720363,0.9648600793241588,-269.0,0.6984126984126984,0.7936507936507936,0.992063492063492,0.7424603174603175,0.7857142857142856,柏文
368.5,380.0,368.5,377.0,325905.0,-0.010498687664042,382.6,0.0501392757660166,376.05,0.1855345911949686,354.725,-0.01641010280469,354.7203862508138,0.0150482488696942,48.78048780487806,531462.35,0.6132231191917923,0.0025262598058768,8464.TW,2026-08-14,0.0688713094842561,0.1100678478842778,neutral,0.2511584800741427,0.1408711770157553,2026-03-31,2026-05-15,7305395000.0,4316539000.0,2053372000.0,2325863000.0,594429000.0,1647198000.0,5.62,27155869000.0,11007979000.0,42576950000.0,14807659000.0,27769291000.0,19344343000.0,569716000.0,669863000.0,,0.2555735226021481,1528584484.7473822,31568971000.0,0.048420472265231,0.0593172508437467,0.0386875527720985,0.5332386412026148,0.5908700350905051,0.2810761088209467,0.2254769249301372,0.0044846681027981,,,84.51846605538479,84.51846605538479,False,64.15398782287157,64.15398782287157,69.24510738099988,62.0,True,False,True,True,True,True,True,False,False,True,True,True,False,True,True,False,False,10,False,0.062795122982592,0.0628089464625041,1.0,200361305.95,0.267840593141798,2.0,2.0,,,,,,0.0311632307133359,-0.014108574533476,0.2579130266955701,-1.1256977578586105,0.6531746031746031,-1.1256977578586105,0.6604559190039142,-62.0,0.9365079365079364,0.6825396825396826,0.7301587301587301,0.9055555555555554,0.8190476190476191,億豐
102.0,102.0,97.1999969482422,101.0,5747490.0,0.0930735750227498,105.6,0.1662817757460133,90.97499961853028,0.4265536108263259,79.9333329518636,0.1529680566128954,76.01833337148031,0.0657177984238707,67.49435545398339,4201220.7,1.3680523853460018,0.1101951132014928,9921.TW,2026-08-14,0.0688713094842561,0.1100678478842778,neutral,0.0713623725671918,0.0435588507877664,2026-03-31,2026-05-15,12523541000.0,2458803000.0,-191441000.0,-170563000.0,-23472000.0,-199773000.0,-0.51,48200680000.0,28731484000.0,72341005000.0,34909460000.0,37431545000.0,13787267000.0,9060327000.0,1863857000.0,,0.1376148402643011,-165095877.36496192,43609521000.0,-0.0037857759860504,-0.0053370225567766,-0.0027615458203822,0.9326214026164296,0.1963344871869705,-0.0152864912567459,-0.0159517982973026,-0.2568048701835493,,,14.870530982450036,14.870530982450036,False,86.80423636020518,86.80423636020518,68.82081001576638,960.0,True,True,True,True,True,True,True,True,True,True,True,True,True,True,False,False,False,14,False,0.2635529668307823,0.3286268656593836,1.0,424323290.7000001,0.1872103799814643,2.0,3.0,,,,,,0.0251246982797095,-0.0385106659545693,0.3689334275628337,-1.4984363912358731,0.6043650793650793,-1.4984363912358731,0.4453864668627358,-960.0,0.0793650793650793,0.6428571428571429,0.4047619047619047,0.1281746031746031,0.3134920634920635,巨大
42.150001525878906,43.09999847412109,41.54999923706055,42.900001525878906,4400913.0,0.1364238814802358,40.800000762939455,0.0957854368797705,38.70000019073486,0.0833334136089525,40.40166670481364,0.3838710169638357,37.8587499777476,0.0034355420312678,62.44899204799111,2927913.5,1.503088462142068,0.1085271657479103,9933.TW,2026-08-14,0.0688713094842561,0.1100678478842778,neutral,0.1492122335495829,0.2706209453197405,2026-03-31,2026-05-15,17199079000.0,2244665000.0,1663896000.0,1662544000.0,521286000.0,892046000.0,1.0,85054850000.0,82656832000.0,140062416000.0,114248656000.0,25813760000.0,42421531000.0,1206000000.0,17821605000.0,10618678000.0,0.3135471903300003,1142186084.198674,57405584000.0,0.0198967766654664,0.0345569959587444,0.0063689176973785,4.425882010214707,0.1305107674660951,0.0967433198021824,0.0518659167737993,-0.2275882612996864,,,23.64577886729635,23.64577886729635,False,75.38445252626086,75.38445252626086,62.449784111519726,796.0,True,True,True,True,True,False,True,True,True,False,False,True,True,True,False,False,False,11,False,0.0618374197113902,0.1331594823150375,1.0,125607493.61764143,0.3123262279888786,1.0,3.0,,,,,,0.0976625059660222,0.0715954736024396,0.2964716724408175,-0.5175907365295613,0.9130952380952382,-0.5175907365295613,0.9432618198748816,-796.0,0.1825396825396825,0.3809523809523809,0.984126984126984,0.3027777777777777,0.4023809523809524,中鼎
11.199999809265137,11.300000190734863,11.0,11.149999618530272,2280328.0,0.0182648230820889,11.55999984741211,0.0518867186101255,10.869999980926512,0.1466798220686116,10.43845739364624,0.1305618780233981,9.94073101679484,0.0185054993744306,57.33331943088808,1891750.85,1.2054060924566254,0.0257589363472925,9934.TW,2026-08-14,0.0688713094842561,0.1100678478842778,neutral,0.2428174235403151,0.1723818350324374,2026-03-31,2026-05-15,4675859000.0,1599481000.0,215608000.0,179015000.0,65010000.0,114005000.0,0.28,10184466000.0,6401709000.0,16132102000.0,9818930000.0,6313172000.0,2756002000.0,2012873000.0,1745714000.0,,0.3631539256486886,137309108.39873755,9730393000.0,0.0141113630660896,0.0180582756180252,0.0070669649869558,1.5553084883478543,0.3420721197965978,0.0461108857217465,0.0243816162976685,0.0629297965528301,,,37.04526496126525,37.04526496126525,False,73.19013736282373,73.19013736282373,64.1539192624341,572.0,True,False,True,True,True,True,True,True,False,True,True,True,True,True,False,False,False,12,False,0.0681654576007695,0.1216478546388968,1.0,21093021.25585432,0.5468025949953661,0.0,3.0,,,,,,0.0378193791967573,-0.0124468058851898,0.2156335681232612,-1.462409666411332,0.567063492063492,-1.462409666411332,0.606840802847133,-572.0,0.3968253968253968,0.4523809523809524,0.626984126984127,0.4313492063492063,0.4595238095238095,成霖
20.549999237060547,20.549999237060547,20.14999961853028,20.299999237060547,369467.0,0.0099501916315982,20.399999618530277,0.1002709158601873,19.695000076293944,0.0943396265215861,19.08108123143514,0.0410256019005408,18.97220727602641,0.0219224201527806,62.66667073568322,407018.55,0.9077399543583456,0.0307184137305394,9935.TW,2026-08-14,0.0688713094842561,0.1100678478842778,neutral,0.1417979610750695,0.2548656163113994,2026-03-31,2026-05-15,1207014000.0,329361000.0,129050000.0,125078000.0,35715000.0,89363000.0,0.51,4101731000.0,3844659000.0,8361229000.0,5772111000.0,2589118000.0,430540000.0,854900000.0,1461115000.0,287107000.0,0.2855418219031324,92200827.88340075,4516570000.0,0.0204139043308087,0.0345148425062125,0.0106877828606297,2.22937347776347,0.2728725598874578,0.1069167383311212,0.0740364237697325,0.0157374361805349,,,40.70851081970746,40.70851081970746,False,75.08243219785986,75.08243219785986,66.48895185332175,498.0,True,True,True,True,True,True,True,True,True,False,True,True,True,True,False,False,False,13,False,0.0638809714628383,0.0699861614263492,1.0,8262476.25446949,0.6765523632993512,0.0,3.0,,,,,,0.09463320103232,0.0539297782546128,0.308068093503014,-0.2081000560107674,0.9194444444444444,-0.2081000560107674,0.9224451752725576,-498.0,0.5,0.5317460317460317,0.9682539682539684,0.5702380952380952,0.6031746031746031,慶豐富
135.0,135.0,131.0,132.0,1556552.0,-0.0865051903114186,136.2,0.0517928286852589,132.9,0.1011659506315751,125.86870040893557,0.1514265866976136,119.08911590576172,0.0215219062259801,54.16666666666666,2130866.7,0.7304783541833001,-0.0067720090293453,9939.TW,2026-08-14,0.0688713094842561,0.1100678478842778,neutral,0.2437442075996292,0.2483781278962001,2026-03-31,2026-05-15,6859793000.0,1532311000.0,905992000.0,852810000.0,177064000.0,664457000.0,2.25,15830282000.0,15334754000.0,47767359000.0,28356250000.0,19411109000.0,3417062000.0,3186314000.0,8601830000.0,3723183000.0,0.2076242070332196,717886129.4215593,32432605000.0,0.0221347045487576,0.0342307593038604,0.0139102729125133,1.4608258600783706,0.2233756907825061,0.1320727899515335,0.0968625438114532,-0.0577454629967812,,,44.2251041721302,44.2251041721302,False,63.88562798201352,63.88562798201352,58.9704970295427,445.0,True,False,True,True,False,True,True,True,False,False,True,True,False,True,False,False,False,9,False,0.0487118685673597,0.1084136362592111,1.0,281274404.40000004,0.2335495829471733,2.0,3.0,,,,,,0.0349657008942657,-0.0049807915345794,0.2600360901190081,-0.5472844573928398,0.7162698412698414,-0.5472844573928398,0.6800931603803924,-445.0,0.5317460317460317,0.1984126984126984,0.753968253968254,0.5650793650793651,0.4761904761904762,宏全
21.14999961853028,21.14999961853028,20.799999237060547,20.850000381469727,368927.0,0.0024039012616927,21.2,0.0451127611083692,20.644999885559084,0.1446269655368113,19.683557669321697,-0.0262902579010442,19.543816614151,0.0166194756568729,57.31707714201045,566378.5,0.6513788923838034,0.0099297891521925,9940.TW,2026-08-14,0.0688713094842561,0.1100678478842778,neutral,0.2715477293790547,0.1760889712696941,2026-03-31,2026-05-15,2876811000.0,665012000.0,209493000.0,232453000.0,69452000.0,159582000.0,0.22,16303412000.0,4204969000.0,30767900000.0,17352956000.0,13414944000.0,4695442000.0,404164000.0,8438314000.0,900000000.0,0.2987786778402516,146900958.44321218,26562931000.0,0.0055302992897588,0.0118958379550447,0.0051866393221506,1.2935541139791564,0.2311629092074522,0.0728212593736606,0.0554718401730249,0.2999785808018913,,,39.42870701490352,39.42870701490352,False,69.18668975735811,69.18668975735811,61.74719407174446,523.0,True,False,True,True,True,True,True,True,False,True,True,True,False,True,False,False,False,11,False,0.0592597502821361,0.0668336074322843,1.0,11808991.941056252,0.6265060240963856,0.0,3.0,,,,,,0.0220427728083105,-0.0126390267912691,0.1976904663863359,-1.6873972019246732,0.4388888888888889,-1.6873972019246732,0.5323932903569039,-523.0,0.4603174603174603,0.3412698412698413,0.4761904761904761,0.4626984126984126,0.4277777777777777,信義
19.049999237060547,19.299999237060547,18.799999237060547,19.049999237060547,413312.0,0.0612812494354992,18.65,0.0612812494354992,18.167500019073486,0.1339285775106782,18.35,0.144144124535549,17.684166669845585,0.0047006742663296,69.38771061582386,288295.15,1.43364187708326,0.0485757103101995,9946.TW,2026-08-14,0.0688713094842561,0.1100678478842778,neutral,0.216867469879518,0.1927710843373494,2026-03-31,2026-05-15,2286025000.0,1230331000.0,1070680000.0,1048582000.0,218010000.0,830572000.0,2.56,15819259000.0,7136334000.0,17439333000.0,10338316000.0,7101017000.0,2000753000.0,3265440000.0,,3189863000.0,0.2079093480528943,848075619.2267271,10302999000.0,0.0823134719538191,0.1169652177990842,0.0476263627743102,1.4558923038770362,0.5381966513927013,0.4683588324712109,0.3633258603908531,74.70621936680355,,,93.8841677043543,93.8841677043543,True,62.016678501364666,62.016678501364666,69.98355080211208,22.0,True,False,True,True,True,False,True,True,False,True,True,True,True,True,True,True,False,11,False,0.0381470973874955,0.0772347712343115,1.0,5492022.387548257,0.7284522706209453,0.0,1.0,,,,,,0.0955658606146995,0.0739069114169881,0.3796661176750143,1.1621910512776896,0.9734126984126984,1.1621910512776896,0.8210200060253732,-22.0,0.9682539682539684,0.6984126984126984,0.9126984126984128,0.9599206349206348,0.8761904761904762,三發地產
41.70000076293945,42.0,41.0,41.5,57824.0,0.0906701926968547,39.9,0.0779220779220779,38.687499809265134,0.0709677419354839,38.80671564737956,0.0328068560526659,39.73594557444255,0.0064386066498607,74.59013933011482,34641.35,1.6692190113837944,0.072697905127002,6771.TW,2026-08-14,0.0688713094842561,0.1100678478842778,neutral,0.1797961075069508,0.3030583873957368,2026-03-31,2026-05-15,131486000.0,61565000.0,32282000.0,26891000.0,5509000.0,21458000.0,0.69,503903000.0,130197000.0,1399052000.0,485496000.0,913556000.0,243016000.0,10000000.0,21433000.0,332803000.0,0.2048640809192666,25668577.739764232,1268855000.0,0.0202297171384943,0.0234884342065511,0.0153375285550501,0.5314354018801256,0.4682247539662017,0.2455166329495155,0.1631960817121214,-0.1972820678750435,,,60.35546417668706,60.35546417668706,False,62.51099075561661,62.51099075561661,61.97210911088422,259.0,True,False,True,True,True,False,True,False,True,False,True,True,True,True,True,False,False,10,False,0.0694025327237994,0.044394424243727,1.0,1437616.025,0.8980537534754403,1.0,3.0,,,,,,0.0372169148555317,0.0116257227317465,0.1321710666506357,-1.317029073651341,0.5329365079365079,-1.317029073651341,0.7005407948532948,-259.0,0.7142857142857143,0.3571428571428571,0.7777777777777778,0.7238095238095238,0.6198412698412699,平和環保-創
210.0,210.0,201.5,202.5,320714.0,-0.0711009174311926,208.6,0.0965816024552905,193.88283996582032,0.0602094240837696,195.23749745686848,0.1705202312138729,198.8979153951009,0.0244123784768062,64.0625,352250.25,0.9104720294733644,0.0444451919298212,6782.TW,2026-08-14,0.0688713094842561,0.1100678478842778,neutral,0.1436515291936978,0.3271547729379054,2026-03-31,2026-05-15,1228595000.0,562960000.0,345415000.0,320529000.0,79940000.0,240471000.0,3.82,2257209000.0,1785112000.0,6287420000.0,2055065000.0,4232355000.0,548061000.0,34008000.0,243227000.0,,0.2494002102773852,259268426.36703697,4502308000.0,0.0575856708086245,0.0568173038414783,0.0382463713255993,0.4855606394076111,0.4582144644899255,0.2811463500990969,0.1957284540471026,0.2971931691721623,,,94.77818654579036,94.77818654579036,False,62.81257301711542,62.81257301711542,70.80397639928415,18.0,True,False,True,True,True,False,True,True,True,False,True,True,True,True,True,False,False,11,False,0.0371982976514844,0.0181102179866678,1.0,71330675.625,0.3716404077849861,2.0,1.0,,,,,,0.0122215723375714,-0.0592120165936068,0.1541461809800656,-1.9653000766834157,0.2551587301587301,-1.9653000766834157,0.2421713585788683,-18.0,0.984126984126984,0.7301587301587301,0.1587301587301587,0.8603174603174603,0.7428571428571428,視陽
182.0,183.0,181.0,182.5,163468.0,0.0082872928176795,183.1,0.0428571428571429,179.475,0.095459104610706,177.59582494099934,0.032946483921789,175.7971415201823,0.0091369131290413,63.888888888888886,228651.6,0.7149217411992743,0.0168547151413847,2753.TW,2026-08-14,0.0688713094842561,0.1100678478842778,neutral,0.2780352177942539,0.253012048192771,2026-03-31,2026-05-15,2262828000.0,824778000.0,283918000.0,279202000.0,56223000.0,236960000.0,3.56,2917896000.0,1963845000.0,8230737000.0,4333857000.0,3896880000.0,1488954000.0,111983000.0,92967000.0,946399000.0,0.2013703340233952,226745337.5047457,6266892000.0,0.0361814656299718,0.0608076204553386,0.0287896454473032,1.112135092689536,0.3644899214611097,0.1254704290383538,0.1047185203647824,0.0392582907012151,,,71.61820020352927,71.61820020352927,False,68.52832531325862,68.52832531325862,69.30079403582629,152.0,True,False,True,True,True,True,True,True,False,False,True,True,False,True,True,False,False,10,False,0.027614247466853,0.0381283701307975,1.0,41728917.0,0.4522706209453197,2.0,3.0,,,,,,0.0408274413114161,-0.0055294230464116,0.1958098702923719,-0.8623866850742725,0.6083333333333333,-0.8623866850742725,0.6028917713527806,-152.0,0.8412698412698413,0.6904761904761905,0.6111111111111112,0.8067460317460318,0.75,八方雲集
197.5,197.5,186.5,188.5,600345.0,0.1458966565349544,189.7,0.224025974025974,168.0,0.1781250000000001,160.98914998372396,0.4119850187265916,157.31124165852864,0.0407791270718185,62.67281105990784,659392.2,0.9104520799609096,0.1220238095238095,6933.TW,2026-08-14,0.0688713094842561,0.1100678478842778,neutral,0.0463392029657089,0.144578313253012,2026-03-31,2026-05-15,1820470000.0,249043000.0,75692000.0,58930000.0,12357000.0,46573000.0,1.1,5046947000.0,2858081000.0,5403999000.0,3014996000.0,2389003000.0,1147835000.0,1110793000.0,,,0.2096894620736467,59820185.23672154,2545918000.0,0.0234965090143207,0.019494743204592,0.0086182473386838,1.2620310648416937,0.1368014853307113,0.041578273742495,0.0255829538525765,-0.0692122762723702,,,29.486569053500588,29.486569053500588,False,88.13668712425027,88.13668712425027,73.47415760656285,690.0,True,True,True,True,True,True,True,True,True,True,False,True,True,True,False,False,False,13,False,0.1708863610936351,0.1982614720515141,1.0,124295429.7,0.3132530120481928,2.0,3.0,,,,,,0.0034635478846699,-0.0582710747565443,0.2787636909367557,-1.6524538627073264,0.4416666666666666,-1.6524538627073264,0.4276002349552197,-690.0,0.2857142857142857,0.8015873015873016,0.3809523809523809,0.2999999999999999,0.4595238095238095,AMAX-KY
145.0,147.5,143.0,145.0,145237.0,0.102661596958175,141.8,0.0469314079422382,136.575,0.1529808490705053,138.20695164998372,0.2179946549184759,128.87487812042235,-0.0045553935860058,58.0246913580247,89729.65,1.618606558701611,0.0616877173714076,7631.TW,2026-08-14,0.0688713094842561,0.1100678478842778,neutral,0.2613531047265987,0.1658943466172381,2026-03-31,2026-05-15,408502000.0,93897000.0,47524000.0,48469000.0,12978000.0,35491000.0,1.76,1335645000.0,556998000.0,1567579000.0,716274000.0,851305000.0,481233000.0,,138157000.0,,0.2677587736491366,34799032.04109843,1010581000.0,0.0344346787057132,0.041690111064777,0.0226406452242598,0.8413835229441857,0.2298568917655238,0.1163372517148018,0.0868808475845895,0.9934122561314817,,,69.1770822702721,69.1770822702721,False,59.69173816012463,59.69173816012463,62.0630741876615,171.0,True,False,True,True,True,False,False,True,False,True,False,True,True,True,True,False,False,9,False,0.0491512783468375,0.1251223055629982,1.0,13010799.25,0.6153846153846154,2.0,3.0,,,,,,0.0165582253777874,-0.0601704441192386,0.2236217076940981,-1.3480773684790175,0.4472222222222222,-1.3480773684790175,0.5532069400296673,-171.0,0.8174603174603174,0.365079365079365,0.5079365079365079,0.771031746031746,0.6198412698412697,聚賢研發-創
1045.0,1090.0,1025.0,1070.0,257965.0,0.1346765641569458,1013.6,0.0388349514563106,946.2,0.5875370919881306,856.9833333333333,0.5781710914454277,761.15,0.0038724736088272,57.14285714285714,202175.25,1.275947476261313,0.1308391460579159,6949.TW,2026-08-14,0.0688713094842561,0.1100678478842778,neutral,0.2928637627432808,0.0185356811862835,2026-03-31,2026-05-15,6368000.0,-1205000.0,-88755000.0,-87174000.0,0.0,-76584000.0,-1.18,2495035000.0,259818000.0,3291024000.0,368950000.0,2922074000.0,2248325000.0,100000000.0,,,-0.0,-88755000.0,3031206000.0,-0.0292804250189528,-0.026208781844676,-0.0232705686740661,0.1262630583619716,-0.1892273869346733,,,-0.4668452779638312,,,16.666666666666664,16.666666666666664,False,83.7645431045078,83.7645431045078,66.99007399504751,923.0,True,True,True,True,True,True,True,True,False,True,False,True,True,True,False,False,False,12,False,0.2485657052840388,0.405767588517375,1.0,216327517.5,0.2567191844300278,3.0,3.0,,,,,,-0.1203547718348043,-0.2173455425906892,0.1008475752220626,-1.787570705190046,0.0587301587301587,-1.787570705190046,0.0679706378241321,-923.0,0.0952380952380952,0.5634920634920635,0.0476190476190476,0.088095238095238,0.2261904761904761,沛爾生醫-創
271.5,276.5,263.5,268.0,1801054.0,0.1404255319148937,254.5,0.150429310518517,220.71999969482425,0.4486486486486487,233.78529001871743,0.6242424242424243,198.83431167602535,-0.0030977966444799,70.93425605536332,1439411.65,1.2512431728616342,0.2142080480724306,7788.TW,2026-08-14,0.0688713094842561,0.1100678478842778,neutral,0.0834105653382761,0.041705282669138,2026-03-31,2026-05-15,1857129000.0,500235000.0,178905000.0,229341000.0,52857000.0,177273000.0,2.22,6568822000.0,3373457000.0,11007682000.0,5034895000.0,5972787000.0,2088365000.0,643000000.0,1079805000.0,,0.2304733998718066,137672156.39593443,7634225000.0,0.0180335471375201,0.0296801141577625,0.0161044804891711,0.842972468296626,0.2693593175272153,0.0963341803396533,0.0954554045518647,0.1444346257089825,,,52.52291879760674,52.52291879760674,False,63.54874408030355,63.54874408030355,60.79228775962935,331.0,True,False,True,True,True,False,False,True,True,True,False,True,True,False,False,False,False,9,False,0.1463509957300701,0.3478558994217813,1.0,385762322.2,0.1964782205746061,2.0,3.0,,,,,,-0.0010425358265835,-0.0947242729327892,0.3197196037735065,-1.5849856918104304,0.4325396825396825,-1.5849856918104304,0.5905038422138573,-331.0,0.6428571428571429,0.2857142857142857,0.5873015873015873,0.6345238095238096,0.5246031746031746,松川精密
