Open,High,Low,Close,Volume,ret5,ma5,ret20,ma20,ret60,ma60,ret120,ma120,ma20_slope,rsi14,volume_ma20,volume_ratio,ma20_deviation,symbol,date,benchmark_ret20,benchmark_ret60,market_regime,rs20_rank_pct,rs60_rank_pct,period_date,as_of_date,revenue,gross_profit,operating_income,pretax_income,tax_expense,net_income_parent,eps,current_assets,current_liabilities,assets,liabilities,equity,cash,short_borrowings,long_borrowings,bonds_payable,tax_rate,nopat,invested_capital_proxy,roic_proxy,roe,roa,debt_to_equity,gross_margin,operating_margin,net_margin,revenue_growth,pe,pb,eva_like_score,fundamental_score,fundamental_pass,technical_score,score,final_score,fundamental_rank,pass_market,pass_score,pass_rs20,pass_rs60,pass_close_ma20,pass_ma20_ma60,pass_ma20_slope,pass_rsi,pass_ret20_benchmark,pass_ret60_benchmark,pass_ret5_cap,pass_ret20_cap,pass_volume_ratio,pass_ma20_deviation,pass_fundamental_score,pass_fundamental_filter,pass_fundamental_universe,entry_pass_count,entry_all_pass,close_ma60_ratio,close_ma120_ratio,above_ma120,turnover20,liquidity_rank,price_bucket,eva_rank_bucket,forward_60d_return,forward_60d_max_drawdown,reward_60,fwd60_rank_label,top_quantile_60,reg_forward60,reg_reward60,cls_topq60,rank_forward60,ensemble_score,ranker_score,stable_ensemble_score,fundamental_rank_score,fundamental_score_rank,final_score_rank,stable_ml_rank,fund_ml_85_15,fund_final_ml,name
24.89999961853028,25.049999237060547,23.950000762939453,24.350000381469727,47246328.0,0.0209643602516869,24.269999694824214,0.0586956687595532,23.59750003814697,0.0103734438192051,24.027778975168864,-0.0723809378487723,24.420556116104127,0.0098966332465105,68.13187458106425,27350312.8,1.72745110249708,0.0318889857868962,1101.TW,2026-07-29,-0.1431184430202131,-0.0095137583551345,bull,0.0787766450417052,0.3803339517625232,2026-03-31,2026-05-15,33168148000.0,6208390000.0,2792191000.0,2132735000.0,927996000.0,718189000.0,0.1,184722314000.0,82516661000.0,597615286000.0,292869670000.0,304745616000.0,97044326000.0,5704442000.0,70674580000.0,98473452000.0,0.4,1675314600.0,515098625000.0,0.0032524152049522,0.0023566836150975,0.0012017580822054,0.961029969336786,0.1871792781435972,0.0841829034289162,0.021652972604922,-0.0511527050022949,,,23.33964555046912,23.33964555046912,False,61.79936972604672,61.79936972604672,52.18443868215232,802.0,True,False,True,True,True,False,True,True,True,True,True,True,True,True,False,False,False,12,False,0.0134103699985694,-0.0028891944269799,0.0,665980127.1133164,0.1501390176088971,0.0,3.0,,,,,,0.0037685440848263,-0.0538186354314615,0.1111258212327652,-1.5802490294405502,0.186144578313253,-1.5802490294405502,0.3287274312505701,-802.0,0.2409638554216867,0.0662650602409638,0.1626506024096385,0.2292168674698795,0.1728915662650602,台泥
16.0,16.149999618530273,15.600000381469728,16.049999237060547,380326.0,0.0031249523162841,15.9899995803833,0.0553333713754677,15.817922973632813,0.0664451185151018,15.25484053293864,-0.0123077392578124,15.450753609339396,0.0143256212737354,62.162153802693126,239065.7,1.590884848809344,0.0146717280021269,1110.TW,2026-07-29,-0.1431184430202131,-0.0095137583551345,bull,0.0834105653382761,0.2346938775510204,2026-03-31,2026-05-15,582643000.0,83497000.0,44070000.0,33666000.0,8657000.0,25695000.0,0.05,2827051000.0,1931603000.0,12789768000.0,3130316000.0,9659452000.0,402347000.0,1166000000.0,483161000.0,,0.2571437058159567,32737676.884690788,10858165000.0,0.0030150284955782,0.0026600887917865,0.0020090278416309,0.3240676593247732,0.1433073082487904,0.0756380836979076,0.0441007615297875,-0.2132017328270251,,,22.850230007474945,22.850230007474945,False,81.48573850500563,81.48573850500563,66.82686138062296,812.0,True,True,True,True,True,True,True,True,True,True,True,True,True,True,False,False,False,14,False,0.0521250092654184,0.0387842329812915,1.0,3837004.302607346,0.8063021316033364,0.0,3.0,,,,,,0.0118129509795037,-0.0095258283619993,0.1123564020021339,-1.4890501077651732,0.3463855421686747,-1.4890501077651732,0.424376935816762,-812.0,0.2349397590361445,0.6686746987951807,0.3132530120481928,0.2466867469879518,0.380722891566265,東泥
57.70000076293945,58.0,56.20000076293945,57.20000076293945,3471457.0,0.0035087853147273,57.5,0.0250896334233114,57.64500007629395,0.0916030362077366,55.03999996185303,0.093690279108201,53.94083337783813,0.0088379405382831,51.38889403990703,2577882.4,1.346631250517867,-0.0077196515355283,1210.TW,2026-07-29,-0.1431184430202131,-0.0095137583551345,bull,0.1566265060240964,0.1957328385899814,2026-03-31,2026-05-15,26901827000.0,3784019000.0,1180916000.0,1208431000.0,239406000.0,788702000.0,0.94,32105270000.0,38581024000.0,76955549000.0,42538320000.0,34417229000.0,7061143000.0,20244237000.0,40800000.0,,0.1981130904453791,946961081.6836046,38374525000.0,0.0246768157178129,0.0229159064490636,0.0102487996024822,1.235960047800478,0.1406602979046739,0.0438972416260055,0.0293177857399796,0.0563562746423034,,,36.259563246145234,36.259563246145234,False,68.29647760884313,68.29647760884313,60.28724901816866,587.0,True,False,True,True,False,True,True,True,True,True,True,True,True,True,False,False,False,12,False,0.0392442006283335,0.060421153716182,1.0,147454875.24676818,0.3002780352177943,1.0,3.0,,,,,,0.0185236512210674,-0.0239680455137609,0.1489955297756943,-1.4492182516839944,0.4072289156626506,-1.4492182516839944,0.46165555637986,-587.0,0.3975903614457831,0.3192771084337349,0.3795180722891566,0.3948795180722891,0.3704819277108434,大成
77.5999984741211,78.19999694824219,76.9000015258789,78.19999694824219,22963033.0,0.018229086469448,77.41999969482421,0.0496643885670091,78.04000053405761,0.1316931790892754,75.18333333333334,0.0639455367107779,73.49833316802979,0.0078780863551288,48.64861799732559,19766535.05,1.1617126088064686,0.0020501846884886,1216.TW,2026-07-29,-0.1431184430202131,-0.0095137583551345,bull,0.088044485634847,0.1410018552875695,2026-03-31,2026-05-15,175017371000.0,59125238000.0,10253052000.0,13286190000.0,3522350000.0,6544541000.0,1.15,241807588000.0,273723981000.0,749062049000.0,525351793000.0,223710256000.0,107370831000.0,48103130000.0,39421781000.0,54500000000.0,0.2651136255013664,7534828211.825964,475338068000.0,0.0158515143622495,0.0292545416424716,0.0087369811469383,2.348358105673975,0.3378249693854674,0.0585830534501629,0.0373936653407963,0.033984250237258,,,36.04802884719801,36.04802884719801,False,70.35207284619331,70.35207284619331,61.77606184644448,591.0,True,False,True,True,True,True,True,False,True,True,True,True,True,True,False,False,False,12,False,0.0401241003978123,0.063969665399943,1.0,1545742980.5873222,0.0787766450417052,1.0,3.0,,,,,,0.0381958151882778,-0.0106798975567352,0.2020657780406082,-1.203337411711089,0.652710843373494,-1.203337411711089,0.6582700623479885,-591.0,0.3915662650602409,0.3614457831325301,0.6867469879518072,0.4358433734939759,0.441566265060241,統一
10.0,10.050000190734863,9.829999923706056,9.979999542236328,970551.0,0.0060483332138037,9.97399959564209,0.0142275800281992,9.998499822616576,0.0256937319385053,9.816999944051108,-0.0485341082201863,9.952905718485514,0.0039662519372376,49.090890175094245,556673.0,1.7434849543627946,-0.0018503056166886,1217.TW,2026-07-29,-0.1431184430202131,-0.0095137583551345,bull,0.2103799814643188,0.3348794063079777,2026-03-31,2026-05-15,1166163000.0,307298000.0,21356000.0,-57188000.0,6806000.0,-62857000.0,-0.13,2601435000.0,2999272000.0,15268066000.0,7073706000.0,8194360000.0,482770000.0,1265443000.0,3886095000.0,,0.0,21356000.0,12268794000.0,0.0017406763859593,-0.0076707637936336,-0.0041168933904267,0.8632408144138163,0.2635120476297052,0.0183130488619515,-0.0539006982728829,-0.0155472825811679,,,21.61740390137036,21.61740390137036,False,64.1209074453477,64.1209074453477,53.49503155935336,832.0,True,False,True,True,False,True,True,False,True,True,True,True,True,True,False,False,False,11,False,0.0166038096276037,0.0027222023916586,1.0,5555596.285175324,0.7460611677479148,0.0,3.0,,,,,,0.0545177298252691,0.0061764818491546,0.1555850609446688,-1.211619783725001,0.6996987951807229,-1.211619783725001,0.6610475012633316,-832.0,0.216867469879518,0.0783132530120482,0.6927710843373494,0.2882530120481927,0.2704819277108433,愛之味
29.64999961853028,30.049999237060547,29.5,29.799999237060547,3027955.0,0.041593799417062,29.3,0.024054943175759,29.279375076293945,0.0347222231420469,28.873958396911625,0.0188033927200186,29.30739583969116,0.0005980484517573,50.69990975452162,1411694.2,2.1449085786425983,0.0177812593134245,1227.TW,2026-07-29,-0.1431184430202131,-0.0095137583551345,bull,0.1584800741427247,0.300556586270872,2026-03-31,2026-05-15,7770446000.0,1821298000.0,534137000.0,622219000.0,141852000.0,476916000.0,0.52,16438192000.0,7319301000.0,27104794000.0,7697855000.0,19406939000.0,2664511000.0,757042000.0,,,0.2279776091697617,412365723.7708909,19785493000.0,0.0208418220243938,0.0245745091485061,0.0175952637751093,0.3966547738414595,0.2343878330793367,0.0687395549753514,0.0613756276023281,0.1293742390423922,,,51.53019690683178,51.53019690683178,False,64.67254990637684,64.67254990637684,61.38696165649058,347.0,True,False,True,True,True,True,True,True,True,True,True,True,True,True,False,False,False,13,False,0.0320718353687166,0.0168081599628941,1.0,42068486.0829628,0.4680259499536608,0.0,3.0,,,,,,-0.0014576575089631,-0.0458222338219098,0.1321414232017604,-1.563024763054052,0.2171686746987952,-1.563024763054052,0.2171686746987952,-347.0,0.6385542168674698,0.3554216867469879,0.0481927710843373,0.5499999999999999,0.4355421686746988,佳格
91.9000015258789,92.3000030517578,89.4000015258789,90.3000030517578,1071161.0,-0.0055066077444401,91.4000015258789,0.0238095938342033,89.34500045776367,0.0343642599671085,87.6533332824707,-0.04947365208676,88.78333339691162,0.0104043069629892,62.42039547503696,466316.9,2.297066651455266,0.010688931547385,1231.TW,2026-07-29,-0.1431184430202131,-0.0095137583551345,bull,0.1594068582020389,0.3033395176252319,2026-03-31,2026-05-15,3348538000.0,725357000.0,318581000.0,354651000.0,57607000.0,297767000.0,1.0,6292926000.0,4427766000.0,15442895000.0,7870046000.0,7572849000.0,537506000.0,1306551000.0,3311453000.0,,0.1624329270183927,266832955.67755345,11015129000.0,0.0242242243079997,0.0393203403369062,0.0192818121213671,1.0392450714387675,0.2166190140294062,0.0951403269128198,0.0889244798774868,0.0712253610565933,,,52.06784725613907,52.06784725613907,False,71.94683341443793,71.94683341443793,66.97708687486322,338.0,True,False,True,True,True,True,True,True,True,True,True,True,True,True,False,False,False,13,False,0.0301947418332395,0.0170828194529013,1.0,42108417.49308624,0.4670991658943466,1.0,3.0,,,,,,0.0115898507390374,-0.0261574065525021,0.1326659645677198,-1.1840479655331253,0.3885542168674699,-1.1840479655331253,0.4874043343032477,-338.0,0.6626506024096386,0.6746987951807228,0.4337349397590361,0.6283132530120482,0.6204819277108433,聯華食
154.5,157.5,154.5,156.5,445520.0,0.019543973941368,153.9,0.102112676056338,152.6,0.1105623234831283,145.2148343404134,0.1335394538414398,143.7535655975342,0.0210772833723653,60.57692307692308,633665.4,0.7030839935398082,0.0255570117955439,1232.TW,2026-07-29,-0.1431184430202131,-0.0095137583551345,bull,0.0398517145505097,0.1679035250463822,2026-03-31,2026-05-15,5894059000.0,806895000.0,480031000.0,487266000.0,97456000.0,372297000.0,2.33,7651568000.0,2814803000.0,10506118000.0,3994796000.0,6511322000.0,3420506000.0,220000000.0,,,0.2000057463479906,384022041.5748277,7691315000.0,0.0499293087820259,0.0571768682304453,0.0354362096447041,0.6135153506461515,0.1368997154592446,0.0814431955974651,0.0631647901726128,0.0920647302197261,,,64.65049610002629,64.65049610002629,False,81.26652595020168,81.26652595020168,77.11251848765784,215.0,True,True,True,True,True,True,True,True,True,True,True,True,False,True,True,False,False,13,False,0.0777135869819736,0.0886686486660923,1.0,99168635.1,0.3521779425393883,2.0,3.0,,,,,,0.0003864422814974,-0.0574609748994525,0.1677467982189245,-1.573011384314736,0.2867469879518072,-1.573011384314736,0.3445418042827681,-215.0,0.7951807228915663,0.9457831325301204,0.1867469879518072,0.7039156626506023,0.7186746987951808,大統益
30.100000381469727,30.100000381469727,28.850000381469727,28.950000762939453,46774.0,0.0087108011621668,29.07999992370605,0.0193662377393242,28.45899991989136,0.001730143427999,28.300499884287515,-0.0981307744834055,29.4627499739329,0.0077906434860305,70.72282163111971,23854.1,1.9608369211162864,0.0172529197944482,1233.TW,2026-07-29,-0.1431184430202131,-0.0095137583551345,bull,0.1835032437442076,0.4016697588126159,2026-03-31,2026-05-15,568211000.0,347046000.0,36343000.0,38337000.0,7932000.0,30405000.0,0.34,681747000.0,542926000.0,2187347000.0,788420000.0,1398927000.0,178114000.0,141500000.0,,,0.206901948509273,28823562.48532749,1644421000.0,0.0175280919456316,0.021734515096213,0.0139004008051763,0.5635890936410549,0.6107695908738128,0.0639603949941131,0.0535100517237434,0.0370327785078112,,,52.3201600502199,52.3201600502199,False,62.88392769092668,62.88392769092668,60.24298578074999,335.0,True,False,True,True,True,True,True,True,True,True,True,True,True,True,False,False,False,13,False,0.0229501556971629,-0.0174033045607453,0.0,690576.213199234,0.9620018535681186,0.0,3.0,,,,,,0.0074714484349482,-0.0155052606872529,0.105469501239109,-1.276530527061764,0.3421686746987952,-1.276530527061764,0.3298116538230544,-335.0,0.6807228915662651,0.3132530120481928,0.1686746987951807,0.6039156626506024,0.4680722891566265,天仁
33.900001525878906,34.20000076293945,33.79999923706055,34.099998474121094,381602.0,0.0240240016633455,33.779999542236325,0.0271083641716747,33.51249980926514,0.0211023703356447,33.19476483662923,-0.0300912152235721,33.86907800038656,0.0029320098496725,66.66666666666666,148600.7,2.5679690607110195,0.0175307323595577,1234.TW,2026-07-29,-0.1431184430202131,-0.0095137583551345,bull,0.1501390176088971,0.3515769944341373,2026-03-31,2026-05-15,2328332000.0,557527000.0,46713000.0,161229000.0,45434000.0,115795000.0,0.29,9159072000.0,3415273000.0,24080659000.0,5772622000.0,18308037000.0,1408774000.0,1850000000.0,,,0.281797939576627,33549372.84855702,20665386000.0,0.0016234573527229,0.0063248178928194,0.0048086308601438,0.3153053492299584,0.23945339410359,0.0200628604511727,0.0497330277640817,0.0442032336085038,,,29.050875465298464,29.050875465298464,False,66.87100267787984,66.87100267787984,57.4159708747345,699.0,True,False,True,True,True,True,True,True,True,True,True,True,True,True,False,False,False,13,False,0.0272703735648389,0.0068180324758737,1.0,5067283.643253326,0.7618164967562558,1.0,3.0,,,,,,0.0119969537631433,-0.0093193615351567,0.1416444783795805,-1.5159312965380236,0.4003012048192771,-1.5159312965380236,0.381388718180001,-699.0,0.3313253012048193,0.1987951807228915,0.2409638554216867,0.3177710843373494,0.2734939759036144,黑松
57.70000076293945,58.09999847412109,54.20000076293945,56.20000076293945,45111462.0,-0.1149606179064652,60.85999984741211,0.0349908204894067,60.81999950408935,0.1059105080202102,52.318172709147134,0.1625657975465568,50.237719186147054,0.0284382240882908,52.21519292957729,78858123.45,0.5720585277254654,-0.075961834574485,1301.TW,2026-07-29,-0.1431184430202131,-0.0095137583551345,bull,0.1204819277108433,0.1790352504638219,2026-03-31,2026-05-15,41985122000.0,1555468000.0,-1301844000.0,3378716000.0,110089000.0,3268627000.0,0.51,175217601000.0,95826345000.0,593528010000.0,203311522000.0,390216488000.0,10197694000.0,31910508000.0,18393084000.0,43127284000.0,0.0325830877765399,-1259425902.676638,497701665000.0,-0.0025304836034186,0.008376445128582,0.0055071149885579,0.521022376686451,0.0370480762209051,-0.0310072696704323,0.0778520305359598,-0.110526237291801,,,17.23451320303393,17.23451320303393,False,67.14876416216502,67.14876416216502,54.67020142238225,907.0,True,False,True,True,False,True,True,True,True,True,True,True,False,True,False,False,False,11,False,0.074196552608452,0.1186813747395698,1.0,4431826598.053974,0.0333642261353104,1.0,3.0,,,,,,0.0034893567665683,-0.086236715139995,0.213524106479406,-1.5482019515182903,0.3135542168674698,-1.5482019515182903,0.2594008216747736,-907.0,0.1325301204819277,0.1265060240963855,0.0783132530120482,0.1243975903614457,0.1198795180722891,台塑
64.0999984741211,64.4000015258789,62.5,63.0,53669.0,-0.0217391536134718,63.779999542236325,0.008,63.910000038146975,0.0128617239107369,62.37999998728434,0.0122424722953844,62.11255146662394,0.0059022585940795,45.5882484937563,32612.2,1.6456724783976548,-0.0142387738633047,1315.TW,2026-07-29,-0.1431184430202131,-0.0095137583551345,bull,0.2400370713623725,0.3719851576994434,2026-03-31,2026-05-15,400564000.0,44047000.0,-40608000.0,22670000.0,8119000.0,13937000.0,0.15,7354156000.0,780905000.0,11315299000.0,994940000.0,10320359000.0,2244943000.0,109175000.0,,,0.3581385090427878,-26064711.42479048,10534394000.0,-0.0024742487726195,0.0013504375186948,0.001231695247293,0.0964055610856172,0.1099624529413526,-0.1013770583477297,0.0347934412478405,-0.2598363215400335,,,15.52001612125422,15.52001612125422,False,63.118654929995614,63.118654929995614,51.21899522781027,950.0,True,False,True,True,False,True,True,False,True,True,True,True,True,True,False,False,False,11,False,0.0099390832453036,0.014287748811171,1.0,2054568.6,0.8758109360518999,1.0,3.0,,,,,,0.0002397367736371,-0.0229560047839249,0.1292446537285932,-1.430003421860449,0.286144578313253,-1.430003421860449,0.3033371898188781,-950.0,0.0963855421686747,0.0481927710843373,0.1204819277108433,0.1,0.0867469879518072,達新
32.400001525878906,32.400001525878906,31.549999237060547,32.150001525878906,286207.0,0.007837050480822,32.16000061035156,0.0337620942614136,31.820000076293944,0.0770519636521336,30.60000015894572,-0.0488165014327123,31.80583333969116,0.009357655076731,59.459477571623616,134443.6,2.1288257678312688,0.0103708814831466,1321.TW,2026-07-29,-0.1431184430202131,-0.0095137583551345,bull,0.1232622798887859,0.2189239332096475,2026-03-31,2026-05-15,880894000.0,105477000.0,20883000.0,93159000.0,58043000.0,35116000.0,0.16,2103160000.0,996940000.0,11565078000.0,5771280000.0,5793798000.0,430438000.0,490000000.0,3742014000.0,,0.4,12529800.0,10568138000.0,0.0011856203997336,0.0060609638099222,0.0030363824610607,0.9961134302576652,0.119738583756956,0.0237065980696882,0.0398640472065878,-0.1112010218886778,,,14.654052606066369,14.654052606066369,False,75.574700411012,75.574700411012,60.34453845977559,966.0,True,True,True,True,True,True,True,True,True,True,True,True,True,True,False,False,False,14,False,0.0506536391791505,0.0108209139660633,1.0,4322361.945144653,0.7831325301204819,1.0,3.0,,,,,,-0.0066520730461854,-0.0436972736188781,0.1124362853093513,-1.4547749744614795,0.2018072289156626,-1.4547749744614795,0.374179883124383,-966.0,0.0783132530120482,0.3253012048192771,0.2289156626506024,0.1009036144578313,0.1825301204819277,大洋
61.400001525878906,62.0,56.59999847412109,58.5,50569889.0,-0.1713880840742004,64.71999969482422,0.0390763906350333,65.5149995803833,0.1422504564592646,54.90301335652669,0.519090381744238,50.16072276433309,0.0348286200547071,48.03149637834101,78990010.05,0.6402061345224503,-0.1070747099948659,1326.TW,2026-07-29,-0.1431184430202131,-0.0095137583551345,bull,0.1121408711770157,0.1326530612244898,2026-03-31,2026-05-15,81749811000.0,6327773000.0,3120431000.0,7294502000.0,759958000.0,6245039000.0,1.07,214839826000.0,114054227000.0,581165153000.0,170197763000.0,410967390000.0,16802058000.0,33492647000.0,26687136000.0,25800000000.0,0.1041823005874835,2795337319.595498,467110926000.0,0.0059843115714135,0.0151959477855408,0.0107457217070962,0.4141393384034679,0.0774041300230039,0.0381704980333226,0.0763920909859962,0.0359959953561419,,,29.94873186889634,29.94873186889634,False,68.31944733407728,68.31944733407728,58.72676846778205,685.0,True,False,True,True,False,True,True,False,True,True,True,True,False,True,False,False,False,10,False,0.065515286385382,0.1662511378643167,1.0,4620915587.925,0.0324374420759962,1.0,3.0,,,,,,0.0627423672053163,-0.0169714279670105,0.20540236401699,-1.7529549105749775,0.5855421686746988,-1.7529549105749775,0.2613118906485642,-685.0,0.3433734939759036,0.2108433734939759,0.0843373493975903,0.3045180722891566,0.2518072289156626,台化
69.30000305175781,70.30000305175781,68.19999694824219,70.0999984741211,501733.0,0.0637328808951978,68.05999908447265,0.0784615149864784,66.84499931335449,0.1109350264544124,65.65499966939291,-0.121553937427112,65.35500001907349,0.009895753584317,65.45454167137723,163718.3,3.0646115919845247,0.0486947295115958,1419.TW,2026-07-29,-0.1431184430202131,-0.0095137583551345,bull,0.0602409638554216,0.1660482374768089,2026-03-31,2026-05-15,1453047000.0,375765000.0,152661000.0,2932327000.0,127257000.0,2805070000.0,9.37,6923708000.0,4287205000.0,25723813000.0,5280888000.0,20442925000.0,2263855000.0,3450000000.0,0.0,,0.0433979566398972,146035824.54139665,21436608000.0,0.0068124502039406,0.1372147087562078,0.1090456535351116,0.2583235031190497,0.2586048489828615,0.1050626717511546,1.930474375570784,0.3659537865683988,,,72.80054807279497,72.80054807279497,True,78.14996852740875,78.14996852740875,76.8126134137553,140.0,True,True,True,True,True,True,True,True,True,True,True,True,False,True,True,True,False,13,False,0.0677023658077993,0.0726034496773437,1.0,11476652.580185698,0.6607970342910102,1.0,3.0,,,,,,-0.040645721212577,-0.0767856311741659,0.1468464803559941,-0.8832281298916784,0.2912650602409639,-0.8832281298916784,0.4058692731244253,-140.0,0.891566265060241,0.933734939759036,0.2831325301204819,0.800301204819277,0.7825301204819276,新紡
18.200000762939453,18.200000762939453,17.200000762939453,17.600000381469727,5888928.0,-0.0833333498901784,18.55,0.0445103847489991,18.384648132324223,0.1034483129740306,16.848216088612876,0.0,16.83785802523295,0.0218150672812962,52.780356511867446,11060291.9,0.5324387505541331,-0.0426795087513758,1434.TW,2026-07-29,-0.1431184430202131,-0.0095137583551345,bull,0.1000926784059314,0.1827458256029684,2026-03-31,2026-05-15,6979321000.0,780112000.0,198663000.0,386155000.0,49552000.0,336603000.0,0.2,15272141000.0,6346633000.0,61146600000.0,15727850000.0,45418750000.0,3214804000.0,2317516000.0,8200000000.0,,0.1283215289197343,173170260.1002188,54799967000.0,0.0031600431456504,0.0074111022430163,0.0055048522730617,0.3462853997523049,0.1117747700671741,0.0284645168204758,0.0482286170818049,-0.0921530851652357,,,20.54681103606591,20.54681103606591,False,68.29563679871167,68.29563679871167,56.35843035805024,851.0,True,False,True,True,False,True,True,True,True,True,True,True,False,True,False,False,False,11,False,0.0446210025383611,0.045263616969251,1.0,194661141.6591665,0.2650602409638554,0.0,3.0,,,,,,0.0211188864914936,-0.0321659118935248,0.1725972206802931,-1.7027609373735693,0.4198795180722891,-1.7027609373735693,0.3804244800707742,-851.0,0.180722891566265,0.1746987951807229,0.2349397590361445,0.188855421686747,0.1897590361445783,福懋
30.89999961853028,31.200000762939453,30.600000381469727,31.100000381469727,326927.0,-0.0016051119638155,30.95999984741211,0.0280991861642885,30.872499847412108,0.0596252121722244,29.64833326339722,-0.0416024761087691,30.44083334604899,0.0064384628333205,57.50002145765173,186133.85,1.7564080901996062,0.0073690350694646,1437.TW,2026-07-29,-0.1431184430202131,-0.0095137583551345,bull,0.144578313253012,0.2523191094619666,2026-03-31,2026-05-15,173801000.0,106736000.0,81756000.0,164121000.0,25845000.0,138012000.0,0.68,2289494000.0,1297708000.0,13727130000.0,5454839000.0,8272291000.0,555767000.0,882000000.0,3400000000.0,,0.157475277386806,68881451.22196428,12429422000.0,0.0055418064671039,0.0166836490640863,0.0100539588391746,0.6594109177252105,0.6141276517396332,0.4704000552355855,0.7940805864177997,-0.0904852113118288,,,51.0413507613127,51.0413507613127,False,74.77649332293218,74.77649332293218,68.8427076825273,354.0,True,False,True,True,True,True,True,True,True,True,True,True,True,True,False,False,False,13,False,0.0489628575466898,0.0216540404110288,1.0,5788762.806004429,0.7432808155699722,1.0,3.0,,,,,,0.0034321006738451,-0.031037051160899,0.0653772392614207,-1.752953787780099,0.1689759036144578,-1.752953787780099,0.3651590476838859,-354.0,0.6325301204819277,0.7228915662650602,0.2108433734939759,0.5692771084337349,0.575301204819277,勤益控
27.299999237060547,27.5,26.850000381469727,27.450000762939453,45605.0,0.031954901100748,26.74000015258789,0.1390041630059686,25.247500133514404,0.0338983635307459,25.31750011444092,-0.0788590112176423,26.709166685740158,0.0259041038822197,74.23311763535735,49236.45,0.926244682547178,0.0872363845045147,1439.TW,2026-07-29,-0.1431184430202131,-0.0095137583551345,bull,0.0250231696014828,0.3070500927643785,2026-03-31,2026-05-15,75912000.0,22864000.0,4904000.0,59736000.0,1630000.0,54161000.0,0.59,3556714000.0,2128037000.0,6084300000.0,2619482000.0,3464818000.0,685342000.0,1313697000.0,338000000.0,,0.0272867282710593,4770185.884558725,3956263000.0,0.0012057302268728,0.0156317012899378,0.0089017635553802,0.7560229714807531,0.3011908525661292,0.0646011170829381,0.7134708609969438,-0.4434481696811513,,,31.08546525604612,31.08546525604612,False,63.842751301555616,63.842751301555616,55.65342979017824,661.0,True,False,True,True,True,False,True,False,True,True,True,True,True,True,False,False,False,11,False,0.0842303007350309,0.0277370719167673,1.0,1351540.59006443,0.9147358665430956,0.0,3.0,,,,,,0.0165298140178305,-0.0164739761630065,0.1027448348886549,-1.3214242391585007,0.3689759036144578,-1.3214242391585007,0.521121072626331,-661.0,0.3734939759036144,0.1566265060240964,0.4879518072289157,0.3906626506024096,0.3313253012048193,雋揚
29.950000762939453,30.14999961853028,28.950000762939453,29.89999961853028,588250.0,0.0257289883298397,29.94000015258789,0.1012891358614636,29.17250003814697,0.1304347355794712,27.63833328882853,0.0204778292523233,27.72999998728434,0.0251251887094678,67.46986733584745,452439.8,1.30017297328838,0.0249378551523524,1442.TW,2026-07-29,-0.1431184430202131,-0.0095137583551345,bull,0.0426320667284522,0.1437847866419295,2026-03-31,2026-05-15,302076000.0,150633000.0,104031000.0,105298000.0,19596000.0,85702000.0,0.23,13238665000.0,2535144000.0,14537328000.0,6447947000.0,8089381000.0,457751000.0,970000000.0,3173770000.0,,0.186100400767346,84670789.20777223,12002184000.0,0.0070546151606884,0.01059438293239,0.0058953062075781,0.7970878117868351,0.4986592777976403,0.3443868430461208,0.2837100597200704,-0.7804954613231485,,,47.44569679476102,47.44569679476102,False,77.51727288792245,77.51727288792245,69.99937886463209,399.0,True,True,True,True,True,True,True,True,True,True,True,True,True,True,False,False,False,14,False,0.0818307785084824,0.0782545846462674,1.0,13527949.847407917,0.6274328081556997,0.0,3.0,,,,,,0.0529298715789794,0.0175772649002304,0.2218236602060752,-1.5141391286419563,0.7313253012048193,-1.5141391286419563,0.7183751288734681,-399.0,0.608433734939759,0.7590361445783133,0.8132530120481928,0.639156626506024,0.6945783132530121,名軒
17.399999618530273,17.399999618530273,17.200000762939453,17.399999618530273,189265.0,0.0,17.399999618530273,0.0205278825296926,17.30499973297119,0.0295857994843837,16.945833237965903,0.0019529194943783,17.004199918111166,0.0053739970795098,55.55557910307952,157398.7,1.2024559287973788,0.0054897363204275,1451.TW,2026-07-29,-0.1431184430202131,-0.0095137583551345,bull,0.1770157553290083,0.3228200371057514,2026-03-31,2026-05-15,1528005000.0,251389000.0,90072000.0,117186000.0,24897000.0,92289000.0,0.47,5411009000.0,1104512000.0,8789257000.0,1451967000.0,7337290000.0,1101248000.0,128340000.0,,,0.2124571194511289,70935562.33679791,7684745000.0,0.0092306982647827,0.0125780771919877,0.0105002049661308,0.1978887300352037,0.1645210585043897,0.0589474510881836,0.0603983625708031,0.1312304459905859,,,38.81138540584345,38.81138540584345,False,67.71428062703255,67.71428062703255,60.48855682173527,542.0,True,False,True,True,True,True,True,True,True,True,True,True,True,True,False,False,False,13,False,0.0268010651460233,0.0232765847452511,1.0,2738737.3199571613,0.8396663577386468,0.0,3.0,,,,,,0.026665391409457,0.0035409054830642,0.1419388329036963,-1.3536485300925267,0.575,-1.3536485300925267,0.5824594279892293,-542.0,0.4698795180722891,0.3373493975903614,0.5602409638554217,0.483433734939759,0.4481927710843373,年興
10.25,10.550000190734863,9.84000015258789,10.199999809265137,886364.0,0.0199999809265136,10.179999923706054,0.2702366311899018,9.31099991798401,0.4206128207701238,7.938999994595846,0.2846347274254091,7.602583348751068,0.0833672670749017,69.93318121274643,1332013.9,0.6654314943710423,0.0954784554947789,1467.TW,2026-07-29,-0.1431184430202131,-0.0095137583551345,bull,0.0074142724745134,0.0259740259740259,2026-03-31,2026-05-15,1182469000.0,233654000.0,6454000.0,43184000.0,15488000.0,25429000.0,0.11,4780307000.0,3706895000.0,8859724000.0,5854515000.0,3005209000.0,1788594000.0,1910806000.0,1915954000.0,,0.3586513523527232,4139264.171915524,5152829000.0,0.0008032993471965,0.00846164110383,0.0028701797031149,1.948122410121892,0.197598414842165,0.0054580712052493,0.0215050035138341,-0.0488497818933252,,,14.540544369959688,14.540544369959688,False,82.1590022312606,82.1590022312606,65.25438776593536,969.0,True,True,True,True,True,True,True,True,True,True,True,True,False,True,False,False,False,13,False,0.2847965507253276,0.3416491923026092,1.0,13586541.525938507,0.6265060240963856,0.0,3.0,,,,,,0.0875744611029098,0.0340921962908179,0.2665607575352158,-0.9528672446588924,0.9042168674698796,-0.9528672446588924,0.8660772447407027,-969.0,0.072289156626506,0.5542168674698795,0.9518072289156626,0.2042168674698795,0.3927710843373494,南緯
13.149999618530272,13.449999809265137,13.149999618530272,13.449999809265137,75200.0,0.0267175127941592,13.239999961853028,0.1208333174387614,12.915000009536744,0.1115701971268392,12.333333349227903,0.0189393942130609,12.409166661898295,0.0260178717467646,58.74126153946293,57620.95,1.3050808777016,0.0414246844237968,1468.TW,2026-07-29,-0.1431184430202131,-0.0095137583551345,bull,0.0333642261353104,0.1623376623376623,2026-03-31,2026-05-15,127625000.0,33061000.0,6858000.0,37576000.0,10255000.0,27394000.0,0.17,2026221000.0,1309595000.0,3251907000.0,1720312000.0,1531595000.0,422483000.0,1024218000.0,318861000.0,,0.2729135618479881,4986358.792846498,1942312000.0,0.002567228536325,0.0178859293742797,0.0084239801445736,1.1232159937842576,0.2590479921645445,0.0537355533790401,0.2146444662095984,-0.4821632894854295,,,27.22145617109853,27.22145617109853,False,83.42531993973212,83.42531993973212,69.37435399757372,731.0,True,True,True,True,True,True,True,True,True,True,True,True,True,True,False,False,False,14,False,0.0905405236701186,0.0838761518581796,1.0,775001.7665096759,0.9564411492122336,0.0,3.0,,,,,,0.0515106711578733,0.0066583756507028,0.2322935448079773,-0.9274963633988867,0.8219879518072288,-0.9274963633988867,0.8439089578548936,-731.0,0.3012048192771084,0.7349397590361446,0.933734939759036,0.3960843373493976,0.5578313253012048,昶和
22.89999961853028,23.0,22.350000381469727,22.950000762939453,20083.0,0.0177384274683924,22.75,0.0774648631445966,22.210000038146973,0.0639280295604876,21.76009950637817,0.029234674788493,21.87116573651632,0.0184720276197091,75.43862349587076,7054.15,2.8469766024255225,0.0333183576551772,1470.TW,2026-07-29,-0.1431184430202131,-0.0095137583551345,bull,0.06209453197405,0.2393320964749536,2026-03-31,2026-05-15,191305000.0,51630000.0,23476000.0,33194000.0,6523000.0,26671000.0,0.31,639175000.0,186883000.0,1180792000.0,196077000.0,984715000.0,246931000.0,25000000.0,,,0.196511417726095,18862697.95746219,993909000.0,0.0189782947507892,0.0270849941353589,0.0225873820283335,0.1991205577248239,0.2698831708528266,0.1227150361987402,0.1394161156268785,-0.1058090510512195,,,51.74217296976339,51.74217296976339,False,69.93039143350276,69.93039143350276,65.38333681756792,342.0,True,False,True,True,True,True,True,False,True,True,True,True,True,True,False,False,False,12,False,0.0546827120993864,0.0493268186716677,1.0,161892.74788188934,0.9972196478220574,0.0,3.0,,,,,,0.0801218034116383,0.0091833924174994,0.201721925122614,-1.0701561445730734,0.7975903614457831,-1.0701561445730734,0.6789148507860187,-342.0,0.6506024096385542,0.5662650602409639,0.7289156626506024,0.6623493975903614,0.6409638554216868,大統新創
90.0,90.0,86.5999984741211,89.0,95900.0,0.006787312938512,89.26000061035157,0.0183066183774303,88.51500015258789,0.0591058445072734,85.6219425201416,0.0956267940085164,85.97288551330567,0.0066340425746981,52.57732039849048,57385.1,1.6711655116049289,0.0054792955609335,1472.TW,2026-07-29,-0.1431184430202131,-0.0095137583551345,bull,0.1890639481000926,0.2541743970315399,2026-03-31,2026-05-15,914324000.0,134105000.0,106392000.0,109881000.0,16387000.0,93494000.0,1.78,4517904000.0,2129457000.0,5506870000.0,3060184000.0,2446686000.0,1511525000.0,80000000.0,13877000.0,659832000.0,0.1491340632138404,90525328.74655308,3377413000.0,0.0268031563645171,0.0382125045878384,0.0169777023971875,1.2507465199866268,0.1466712018934207,0.1163613773673227,0.1022547805810631,0.0035936556720268,,,46.988595780612094,46.988595780612094,False,68.47875077401264,68.47875077401264,63.1062120256625,405.0,True,False,True,True,True,True,True,True,True,True,True,True,True,True,False,False,False,13,False,0.0394531749739706,0.0352101068682384,1.0,5107273.899999999,0.7599629286376274,1.0,3.0,,,,,,0.0383267124898334,0.0215108481050819,0.1646665666899228,-0.0034932142501294,0.7963855421686747,-0.0034932142501294,0.7731284790759392,-405.0,0.6024096385542169,0.463855421686747,0.8614457831325302,0.6412650602409639,0.6126506024096385,三洋實業
339.5,339.5,328.0,338.5,1608257.0,0.002962962962963,337.5,0.086677367576244,335.05,0.0518770730345432,328.4511957804362,-0.1429621591049136,340.9676773071289,0.0153799530267444,52.713178294573645,1491862.5,1.078019589606951,0.0102969706014026,1476.TW,2026-07-29,-0.1431184430202131,-0.0095137583551345,bull,0.0509731232622798,0.2662337662337662,2026-03-31,2026-05-15,9621070000.0,3094736000.0,2194913000.0,2290689000.0,456173000.0,1834516000.0,6.69,23249199000.0,9214639000.0,36864649000.0,9360987000.0,27503662000.0,2958067000.0,280436000.0,,,0.1991422668026956,1757813049.7452948,27650010000.0,0.0635736858592562,0.0667007906074471,0.0497635553236923,0.3403542044692085,0.321662351484814,0.2281360597106143,0.1906769205504169,0.026290598239542,,,82.3980197254144,82.3980197254144,False,69.1156266037663,69.1156266037663,72.43622488417833,71.0,True,False,True,True,True,True,True,True,True,True,True,True,True,True,True,False,False,13,False,0.0305945125140638,-0.007237276350116,0.0,504995456.25,0.17516218721038,2.0,2.0,,,,,,0.0194869156062459,-0.0119276904726996,0.2054041761269611,-0.55519615787109,0.652710843373494,-0.55519615787109,0.5963623660941468,-71.0,0.963855421686747,0.8554216867469879,0.5903614457831325,0.9078313253012048,0.8566265060240964,儒鴻
11.5,11.949999809265137,11.350000381469728,11.899999618530272,1853529.0,0.025862002344394,11.539999771118165,0.1442307745211224,11.264999961853029,0.1666666510837524,10.591666666666669,-0.0846154139592099,11.010833350817364,0.0264236867292052,64.28571266381908,1669301.0,1.1103623612518054,0.0563692551111905,1517.TW,2026-07-29,-0.1431184430202131,-0.0095137583551345,bull,0.0213160333642261,0.1159554730983302,2026-03-31,2026-05-15,438193000.0,4957000.0,-85854000.0,-50616000.0,-13838000.0,-41849000.0,-0.19,2856330000.0,505082000.0,4156878000.0,660249000.0,3496629000.0,748897000.0,,,,0.2733918128654971,-62382219.298245616,3651796000.0,-0.0170826134039923,-0.0119683844068101,-0.010067411167708,0.1888244363356821,0.0113123669250763,-0.1959273653390172,-0.0955035794729719,-0.2058095362375577,,,14.285714285714285,14.285714285714285,False,83.42796459262468,83.42796459262468,66.14240201589708,973.0,True,True,True,True,True,True,True,True,True,True,True,True,True,True,False,False,False,14,False,0.1235247476189083,0.0807537667116635,1.0,19864681.2632122,0.5792400370713624,0.0,3.0,,,,,,0.0162848438899493,-0.0693205452158772,0.2064510983706567,-1.547891550663498,0.386144578313253,-1.547891550663498,0.4467496692261891,-973.0,0.0662650602409638,0.6265060240963856,0.3493975903614458,0.1087349397590361,0.2909638554216867,利奇
68.69999694824219,68.69999694824219,67.5,67.9000015258789,26802.0,0.0225903609266542,67.26000061035157,0.0104167352593165,67.02500076293946,0.1328719040915911,63.98372376759847,0.1238950681431207,61.76765998204549,0.0097928464803218,57.142872713084,14704.95,1.8226515561086567,0.0130548415215128,1525.TW,2026-07-29,-0.1431184430202131,-0.0095137583551345,bull,0.227062094531974,0.1391465677179963,2026-03-31,2026-05-15,281735000.0,40655000.0,2924000.0,46209000.0,106069000.0,-59860000.0,-0.82,2768107000.0,386523000.0,5758402000.0,665056000.0,5093346000.0,2111569000.0,,,,0.4,1754400.0,5371879000.0,0.0003265896346511,-0.0117525885734053,-0.0103952450697259,0.1305734972648628,0.1443022698635242,0.0103785472163557,-0.2124691642855875,0.0173619762608918,,,20.40210850591844,20.40210850591844,False,74.65624981151592,74.65624981151592,61.09271448511655,852.0,True,False,True,True,True,True,True,True,True,True,True,True,True,True,False,False,False,13,False,0.0612074060038321,0.0992807813282217,1.0,998466.127437973,0.943466172381835,1.0,3.0,,,,,,0.0029285142688187,-0.0466500639669192,0.0935980647810292,-1.4011549668819812,0.2114457831325301,-1.4011549668819812,0.3414462407422201,-852.0,0.1746987951807229,0.3493975903614458,0.180722891566265,0.1756024096385542,0.2283132530120482,江申
33.900001525878906,33.900001525878906,33.20000076293945,33.5,528127.0,-0.0059347406056856,33.64999923706055,0.0090361213905583,33.742500114440915,0.0229007633587785,33.23250020345052,-0.0871934794663789,33.17083349227905,0.0024509712951796,50.0,230488.15,2.2913412251345675,-0.0071867856151278,1527.TW,2026-07-29,-0.1431184430202131,-0.0095137583551345,bull,0.2335495829471733,0.3423005565862709,2026-03-31,2026-05-15,629386000.0,115885000.0,24243000.0,55766000.0,11153000.0,,0.32,3703449000.0,488625000.0,5420208000.0,534041000.0,4886167000.0,326800000.0,,,,0.1999964135853387,19394486.94545064,4931583000.0,0.003932710236338,,,0.1092965099228086,0.1841238921742778,0.0385184926261467,,-0.2287503369850255,,,28.83104496277897,28.83104496277897,False,59.43599859692803,59.43599859692803,51.78476018839077,703.0,True,False,True,True,False,True,True,True,True,True,True,True,True,True,False,False,False,12,False,0.0080493431102637,0.0099233716209623,1.0,7721353.024999999,0.7126969416126042,1.0,3.0,,,,,,0.0142956127350911,-0.0087337761010075,0.1048910852618575,-1.5804074621148358,0.3394578313253011,-1.5804074621148358,0.3524422934582085,-703.0,0.3253012048192771,0.0542168674698795,0.2048192771084337,0.3072289156626506,0.2198795180722891,鑽全
127.5,128.0,125.0,126.5,150251.0,0.0079681274900398,126.9,0.0039682539682539,126.2,0.0368852459016393,125.99166666666666,0.0160642570281124,124.84166666666668,0.0025819265143992,52.38095238095237,88803.85,1.6919424101545146,0.002377179080824,1537.TW,2026-07-29,-0.1431184430202131,-0.0095137583551345,bull,0.2613531047265987,0.297773654916512,2026-03-31,2026-05-15,1713997000.0,347687000.0,194789000.0,233791000.0,60963000.0,172828000.0,2.11,4928080000.0,946784000.0,5964814000.0,1350886000.0,4613928000.0,2228712000.0,0.0,,,0.260758540747933,143996104.60625088,5018030000.0,0.0286957440681404,0.0374578883762382,0.0289745832812221,0.2927843694136536,0.202851580253641,0.1136460565566917,0.1008333153441925,-0.020647014053797,,,59.48480916580496,59.48480916580496,False,64.57025741401738,64.57025741401738,63.29889535196428,272.0,True,False,True,True,True,True,True,True,True,True,True,True,True,True,False,False,False,13,False,0.0040346583768768,0.0132834924237366,1.0,11233687.025,0.6645041705282669,2.0,3.0,,,,,,0.0034336315458309,-0.0184097944937449,0.1143936856235665,-1.3617937407339638,0.3003012048192771,-1.3617937407339638,0.403296297773877,-272.0,0.7530120481927711,0.4819277108433735,0.2710843373493976,0.680722891566265,0.5753012048192772,廣隆
16.299999237060547,16.299999237060547,15.75,16.0,166151.0,0.0,16.170000076293945,0.0223642421725884,16.037500047683714,0.0031348082340301,15.875000015894573,-0.1939546754398936,16.47458340326945,0.0091238053518941,52.3076850846011,167048.15,0.9946293927828592,-0.0023382726467476,1539.TW,2026-07-29,-0.1431184430202131,-0.0095137583551345,bull,0.1658943466172381,0.4007421150278293,2026-03-31,2026-05-15,241975000.0,20581000.0,-1673000.0,6693000.0,1339000.0,5354000.0,0.08,1037743000.0,398507000.0,2177403000.0,575122000.0,1602281000.0,518998000.0,130000000.0,159176000.0,,0.2000597639324667,-1338300.0149409832,1778896000.0,-0.0007523205487791,0.0033414862936026,0.0024588925430891,0.358939536822817,0.0850542411406137,-0.0069139373902262,0.022126252712057,-0.3218170454513606,,,15.741460076530684,15.741460076530684,False,60.34648904201056,60.34648904201056,49.19523180064059,942.0,True,False,True,True,False,True,True,True,True,True,True,True,True,True,False,False,False,12,False,0.0078740147389149,-0.0288070048056733,0.0,2672770.4,0.845227062094532,0.0,3.0,,,,,,0.0185649228322411,-0.0043986736182295,0.1003122894678056,-1.4361764662215617,0.4138554216867469,-1.4361764662215617,0.4652083154186591,-942.0,0.108433734939759,0.0180722891566265,0.4036144578313253,0.1527108433734939,0.1403614457831325,巨庭
23.450000762939453,23.549999237060547,23.25,23.450000762939453,632690.0,0.0107758617145978,23.29000015258789,0.0086021833522345,23.4125,0.0285088398083082,23.260833326975504,0.0363760538628261,23.22779316902161,0.0001067984880044,51.61293895135258,456273.2,1.3866472981538254,0.0016017410758975,1604.TW,2026-07-29,-0.1431184430202131,-0.0095137583551345,bull,0.23725671918443,0.3246753246753247,2026-03-31,2026-05-15,2372906000.0,478239000.0,152503000.0,224334000.0,32077000.0,187244000.0,0.51,4163362000.0,4170169000.0,19618124000.0,10651689000.0,8966435000.0,915329000.0,1480000000.0,4918850000.0,,0.1429876880009271,130696948.6167946,15447955000.0,0.0084604692735572,0.0208827700195228,0.00954443962124,1.187951398744317,0.2015414854191443,0.064268453954771,0.0789091519006652,-0.0357932753161021,,,30.83420932595463,30.83420932595463,False,63.12095454852398,63.12095454852398,55.04926824288165,667.0,True,False,True,True,True,True,True,True,True,True,True,True,True,True,False,False,False,13,False,0.0081324444960693,0.0095664530978432,1.0,10699606.888108823,0.6709916589434661,0.0,3.0,,,,,,0.0157463408212403,-0.0119188355543457,0.1196714018226619,-1.171417511296099,0.4319277108433734,-1.171417511296099,0.5123084835079874,-667.0,0.3554216867469879,0.1325301204819277,0.4819277108433735,0.3743975903614457,0.3138554216867469,聲寶
33.400001525878906,34.150001525878906,33.20000076293945,34.0,775992.0,0.0149253731343284,33.449999237060545,0.0810810548553453,33.25249977111817,0.025481198256489,32.108394082387285,-0.0619942426633317,33.44321824709574,0.0151110368764367,72.58068088688063,383303.35,2.024485306481146,0.0224795198564615,1702.TW,2026-07-29,-0.1431184430202131,-0.0095137583551345,bull,0.0583873957367933,0.3358070500927644,2026-03-31,2026-05-15,5815363000.0,1402332000.0,68282000.0,139763000.0,48520000.0,30589000.0,0.12,15712185000.0,10700252000.0,34555834000.0,19000135000.0,15555699000.0,6359398000.0,2854697000.0,3465138000.0,1974436000.0,0.3471591193663559,44577281.011426486,23855582000.0,0.0018686310403756,0.0019664175811064,0.000885205085775,1.2214259867075083,0.241142642342361,0.0117416573995466,0.0052600327786932,-0.0073743301688501,,,19.91946878549432,19.91946878549432,False,68.18911764293934,68.18911764293934,56.12170542857809,861.0,True,False,True,True,True,True,True,False,True,True,True,True,True,True,False,False,False,12,False,0.0589131276001853,0.0166485697874667,1.0,13032313.9,0.6329935125115848,1.0,3.0,,,,,,-0.0125945697938444,-0.042905423526839,0.1608730027885597,-1.4434674201664863,0.2882530120481927,-1.4434674201664863,0.2882530120481927,-861.0,0.1626506024096385,0.1626506024096385,0.0963855421686747,0.1527108433734939,0.1493975903614458,南僑
24.450000762939453,24.799999237060547,23.549999237060547,24.0,3767656.0,-0.1397849344750537,25.59000015258789,0.034482724601393,25.74000005722046,0.2972972972972973,21.849166679382325,0.3872832981741712,19.829999987284346,0.0384266286321919,48.30508652653902,6082666.45,0.6194086147860368,-0.0675990696718108,1709.TW,2026-07-29,-0.1431184430202131,-0.0095137583551345,bull,0.1214087117701575,0.0556586270871985,2026-03-31,2026-05-15,2424471000.0,492933000.0,320616000.0,344786000.0,79982000.0,264726000.0,0.55,5694389000.0,2189161000.0,12130526000.0,3134319000.0,8996207000.0,600735000.0,285000000.0,20699000.0,,0.2319757762786192,246240854.51265424,9941365000.0,0.0247693203612033,0.0294264015934715,0.021823126218929,0.34840449980753,0.2033156923716555,0.1322416312671919,0.1091891798252072,-0.0753599255550004,,,52.52750676874495,52.52750676874495,False,69.9662729697153,69.9662729697153,65.60658141947272,330.0,True,False,True,True,False,True,True,False,True,True,True,True,False,True,False,False,False,10,False,0.098440061910795,0.2102874440438527,1.0,145983994.8,0.303985171455051,0.0,3.0,,,,,,0.0578427457990601,-0.0098196861270771,0.2579928285355305,-1.1045214545074065,0.7686746987951807,-1.1045214545074065,0.6425281823610612,-330.0,0.6867469879518072,0.5903614457831325,0.6626506024096386,0.6831325301204819,0.653012048192771,和益
32.099998474121094,32.150001525878906,31.600000381469727,32.0,281485.0,0.0126582156234666,31.920000076293945,0.0884353882722837,31.027499961853028,0.1800545011181078,29.406014569600423,0.1359776981001919,28.81608707110087,0.0211453058307531,68.88889736599387,227696.0,1.236231642189586,0.0313431645908506,1733.TW,2026-07-29,-0.1431184430202131,-0.0095137583551345,bull,0.0491195551436515,0.1048237476808905,2026-03-31,2026-05-15,519723000.0,175664000.0,87211000.0,86914000.0,5544000.0,81275000.0,0.81,1759309000.0,560904000.0,2489266000.0,666458000.0,1822808000.0,593961000.0,,,,0.0637871919368571,81648055.20399475,1928362000.0,0.0423406265026974,0.0445878007996453,0.0326501868422257,0.3656216123694871,0.3379954321821432,0.1678028488252396,0.1563813800813125,-0.0698519739491331,,,72.99324516078546,72.99324516078546,False,76.72090553671467,76.72090553671467,75.78899044273237,137.0,True,True,True,True,True,True,True,True,True,True,True,True,True,True,True,False,False,14,False,0.088212750635076,0.1104908144205401,1.0,7286272.0,0.7182576459684893,1.0,3.0,,,,,,0.0265242642418956,-0.015433152812377,0.1639812731413995,-1.1364549981297978,0.5930722891566266,-1.1364549981297978,0.6838614281686736,-137.0,0.8975903614457831,0.9036144578313252,0.7469879518072289,0.875,0.869277108433735,五鼎
132.5,135.0,127.5,134.5,1112560.0,-0.0146520146520146,133.3,0.018939393939394,131.85,0.0717131474103585,123.21666666666668,-0.106312292358804,126.375,0.0161849710982658,52.88461538461538,620057.8,1.7942843392986911,0.0200985968904057,1736.TW,2026-07-29,-0.1431184430202131,-0.0095137583551345,bull,0.1862835959221501,0.2254174397031539,2026-03-31,2026-05-15,11791948000.0,6052382000.0,-92539000.0,40175000.0,16051000.0,23921000.0,0.08,30613897000.0,23508674000.0,46411739000.0,32321282000.0,14090457000.0,3157649000.0,7600383000.0,1539220000.0,3000000000.0,0.3995270690728065,-55567164.55507156,22903065000.0,-0.0024261890081118,0.0016976738227865,0.0005154083970005,2.2938419953305984,0.5132639662250885,-0.0078476431544643,0.0020285876430255,0.111450973975419,,,26.12240913361154,26.12240913361154,False,69.81480902604066,69.81480902604066,58.89170905293338,751.0,True,False,True,True,True,True,True,True,True,True,True,True,True,True,False,False,False,13,False,0.0915731096983634,0.0642927794263106,1.0,83397774.10000001,0.3679332715477293,2.0,3.0,,,,,,0.0054184166106871,-0.0512775437386096,0.207463460333458,-1.6268838354600037,0.3391566265060241,-1.6268838354600037,0.2725129155741212,-751.0,0.2831325301204819,0.216867469879518,0.0903614457831325,0.2542168674698795,0.2246987951807229,喬山
32.20000076293945,32.20000076293945,31.89999961853028,32.150001525878906,151635.0,0.0110063615476587,32.140000915527345,0.0110063615476587,31.99250011444092,0.0190175056522208,31.75666662851969,0.0190175056522208,31.739166736602783,0.0024283330183155,58.62076222973165,111147.25,1.3642712707691824,0.00492307293505,1737.TW,2026-07-29,-0.1431184430202131,-0.0095137583551345,bull,0.2261353104726598,0.3562152133580705,2026-03-31,2026-05-15,789500000.0,318972000.0,121499000.0,119210000.0,24754000.0,94456000.0,0.47,2822409000.0,867892000.0,8297335000.0,1388240000.0,6909095000.0,1502269000.0,83000000.0,0.0,,0.2076503649022733,96269688.31473868,7429443000.0,0.0129578608133528,0.0136712550630726,0.0113838961546086,0.2009293547128821,0.4040177327422419,0.1538936035465484,0.119640278657378,-0.0362419417252917,,,52.08815722926094,52.08815722926094,False,70.11281283034542,70.11281283034542,65.6066489300743,337.0,True,False,True,True,True,True,True,True,True,True,True,True,True,True,False,False,False,13,False,0.0123859000051966,0.0129440949942247,1.0,3573384.2570972443,0.8146431881371641,1.0,3.0,,,,,,0.0111391195561636,-0.0032837063096285,0.1009563927326659,-1.384577592611274,0.388855421686747,-1.384577592611274,0.4569442095602238,-337.0,0.6686746987951807,0.5963855421686747,0.3674698795180723,0.6234939759036144,0.5867469879518072,臺鹽
31.799999237060547,31.799999237060547,30.700000762939453,31.39999961853028,1373040.0,-0.0172144329037748,31.89000015258789,0.0484139839283435,31.21749992370605,0.109540652475004,30.4200000445048,-0.0156739813786568,30.48750006357829,0.0128974704614851,65.1162862906732,955316.15,1.43726241831042,0.0058460701616158,1808.TW,2026-07-29,-0.1431184430202131,-0.0095137583551345,bull,0.0917516218721038,0.1706864564007421,2026-03-31,2026-05-15,5392216000.0,1474911000.0,1229561000.0,1153602000.0,211319000.0,942283000.0,1.06,46784978000.0,26633648000.0,51660398000.0,37973630000.0,13686768000.0,5845055000.0,11570200000.0,207356000.0,10980553000.0,0.1831818946222353,1004327686.4663897,25026750000.0,0.0401301681787043,0.068846275468394,0.0182399485191732,2.774477509957062,0.2735259492572256,0.2280251755493474,0.1747487489373571,173.44891620834682,,,72.1127428848662,72.1127428848662,False,77.53766449912514,77.53766449912514,76.1814340955604,149.0,True,True,True,True,True,True,True,True,True,True,True,True,True,True,True,False,False,14,False,0.0322156335500238,0.0299302846428559,1.0,29996926.74557581,0.5152919369786839,1.0,3.0,,,,,,0.0360403721172526,-0.0171167424396334,0.1275150364148861,-1.030936795123255,0.5352409638554216,-1.030936795123255,0.6933888685796215,-149.0,0.8795180722891566,0.9156626506024096,0.7771084337349398,0.864156626506024,0.8698795180722891,潤隆
25.700000762939453,25.700000762939453,23.0,23.799999237060547,13965729.0,-0.303074724051626,26.9,0.1414867530751993,26.722500133514405,0.2920534500670306,22.00512062708537,0.1986132341198121,19.954391892751055,0.0660217417579694,49.9124323367355,25366972.9,0.5505477163181738,-0.1093648005183677,1810.TW,2026-07-29,-0.1431184430202131,-0.0095137583551345,bull,0.0231696014828544,0.0575139146567718,2026-03-31,2026-05-15,1034852000.0,179603000.0,-198009000.0,1214854000.0,120841000.0,1098423000.0,3.64,4420438000.0,1355686000.0,10192500000.0,2087067000.0,8105433000.0,789858000.0,199591000.0,341555000.0,,0.0994695658902222,-178313130.727643,8836814000.0,-0.020178441090606,0.1355168810845762,0.107767770419426,0.2574898836373084,0.1735542860235086,-0.1913404042317162,1.0614300402376378,-0.0814045247519216,,,46.52348272920723,46.52348272920723,False,72.86706408909507,72.86706408909507,66.28116874912311,408.0,True,False,True,True,False,True,True,False,True,True,True,True,False,True,False,False,False,10,False,0.0815664063102623,0.1927198465870816,1.0,603733935.6665355,0.1575532900834105,0.0,3.0,,,,,,0.0746696628876111,-0.0458580528001107,0.2680498496166024,-1.8797422958876264,0.5846385542168674,-1.8797422958876264,0.2983237700041385,-408.0,0.5963855421686747,0.6325301204819277,0.1144578313253012,0.5240963855421686,0.5108433734939759,和成
38.84999847412109,38.84999847412109,38.25,38.70000076293945,76250.0,0.0,38.58000106811524,0.0051948250114144,38.64250011444092,0.063466976563201,37.85889212290446,0.0552444018069326,37.23886359532674,0.0029055541158378,48.00002441413699,50524.7,1.5091628451034842,0.0014880157424659,1817.TW,2026-07-29,-0.1431184430202131,-0.0095137583551345,bull,0.2511584800741427,0.2402597402597402,2026-03-31,2026-05-15,611528000.0,237424000.0,117537000.0,116319000.0,27903000.0,87774000.0,1.21,1873263000.0,304617000.0,2963735000.0,558812000.0,2404923000.0,382710000.0,40000000.0,857000.0,,0.2398834240321873,89341821.9895288,2659118000.0,0.0335982916100484,0.0364976342277902,0.0296160081788688,0.2323617013933502,0.3882471448568176,0.1922021559110948,0.143532266715506,-0.0085682370507754,,,75.60284732958029,75.60284732958029,False,65.82577711235008,65.82577711235008,68.27004466665764,115.0,True,False,True,True,True,True,True,False,True,True,True,True,True,True,True,False,False,12,False,0.0222169374979182,0.0392368892748939,1.0,1955305.928547287,0.8804448563484708,1.0,3.0,,,,,,0.0361509951978254,0.01842243249152,0.1317943800859804,-0.750661029797698,0.685843373493976,-0.750661029797698,0.7239103011158311,-115.0,0.9216867469879518,0.6987951807228916,0.8192771084337349,0.9063253012048192,0.8343373493975903,凱撒衛
28.200000762939453,28.89999961853028,28.200000762939453,28.450000762939453,3583230.0,0.014260304340772,28.15999984741211,0.0870553418231445,27.704527187347413,0.1978947689658716,26.168333466847734,0.1200787870163619,25.6566667397817,0.0145391126863408,66.99998168948107,1668458.95,2.1476285047348638,0.0269080057042985,1907.TW,2026-07-29,-0.1431184430202131,-0.0095137583551345,bull,0.0500463392029657,0.0918367346938775,2026-03-31,2026-05-15,17964361000.0,2424583000.0,-77218000.0,452137000.0,195557000.0,208827000.0,0.13,69038373000.0,57579369000.0,178076390000.0,82625870000.0,95450520000.0,10428232000.0,15812770000.0,19190444000.0,964996000.0,0.4,-46330800.0,120497021000.0,-0.0003844974723482,0.0021878036913785,0.0011726821281585,0.8656408576925511,0.1349662812943917,-0.0042983994810614,0.0116245158956669,-0.0057560278150267,,,17.0350561108219,17.0350561108219,False,77.21480807081946,77.21480807081946,62.16987008082007,914.0,True,True,True,True,True,True,True,True,True,True,True,True,True,True,False,False,False,14,False,0.0871919222132477,0.108873613688351,1.0,47467658.40043316,0.4439295644114921,0.0,3.0,,,,,,-0.0076453292442074,-0.0836865429752006,0.1795296157290674,-1.5449838486039509,0.2563253012048193,-1.5449838486039509,0.2934158720699993,-914.0,0.1265060240963855,0.3855421686746988,0.1024096385542168,0.1228915662650602,0.1993975903614457,永豐餘
19.100000381469727,19.14999961853028,18.64999961853028,18.950000762939453,53268688.0,0.0132626362603982,19.06000022888184,0.0160858525761629,18.71391363143921,0.0188172244242754,18.793804550170897,-0.0356233521211225,19.26815231641133,0.0020078903722025,59.59201595345692,38474510.2,1.3845189379434906,0.01261559373148,2002.TW,2026-07-29,-0.1431184430202131,-0.0095137583551345,bull,0.201112140871177,0.3571428571428571,2026-03-31,2026-05-15,79161889000.0,2637098000.0,-620543000.0,-966928000.0,893225000.0,-2451833000.0,-0.16,182155729000.0,154652832000.0,675792615000.0,344185931000.0,331606684000.0,19561433000.0,27960343000.0,93161390000.0,62603546000.0,0.0,-620543000.0,521139783000.0,-0.0011907419472521,-0.0073937984917095,-0.0036280849266161,1.0379342383822396,0.0333127219841861,-0.007838910968888,-0.0309723912727752,-0.0481943399382251,,,12.23150247108328,12.23150247108328,False,62.72926158739781,62.72926158739781,50.10482180831917,1007.0,True,False,True,True,True,False,True,True,True,True,True,True,True,True,False,False,False,12,False,0.008311048055841,-0.0165117831874778,0.0,729091997.6437218,0.1399443929564411,0.0,3.0,,,,,,-0.0365261130006926,-0.0919122751960049,0.0982421114727732,-1.8293679788744277,0.0515060240963855,-1.8293679788744277,0.4607201224307326,-1007.0,0.0421686746987951,0.0301204819277108,0.3734939759036144,0.091867469879518,0.1048192771084337,中鋼
72.80000305175781,73.30000305175781,69.0,72.4000015258789,2315799.0,0.0182841502061492,72.18000030517578,0.0662739307639765,70.66999969482421,0.0838323086569639,68.42166646321614,0.0756778747274988,69.24131622314454,0.0113050911846117,62.2222372926184,2495281.7,0.9280711672754222,0.0244800033752001,2006.TW,2026-07-29,-0.1431184430202131,-0.0095137583551345,bull,0.0713623725671918,0.2087198515769944,2026-03-31,2026-05-15,13602390000.0,2004381000.0,1390762000.0,1521134000.0,302993000.0,1211982000.0,1.66,28387625000.0,18568929000.0,51955456000.0,19405487000.0,32549969000.0,1294546000.0,5329132000.0,260000000.0,,0.1991888946010016,1113737654.5669217,33386527000.0,0.0333588951784928,0.0372345055075167,0.0233273287024946,0.596175283607797,0.1473550603974742,0.1022439438951537,0.089100665397772,-0.0619062729029651,,,52.210458028038886,52.210458028038886,False,78.3230913785834,78.3230913785834,71.79493304094727,336.0,True,True,True,True,True,True,True,True,True,True,True,True,True,True,False,False,False,14,False,0.0581443754340817,0.0456185046014268,1.0,180658398.8874977,0.2780352177942539,1.0,3.0,,,,,,0.0161030992234607,-0.0206601641273022,0.1553532816141357,-1.204440994549259,0.4740963855421687,-1.204440994549259,0.5400909086808106,-336.0,0.6746987951807228,0.8313253012048193,0.5,0.6484939759036144,0.6867469879518072,東和鋼鐵
30.5,30.89999961853028,30.200000762939453,30.75,38474.0,0.0199005104166223,30.839999771118165,0.0329824331188837,30.113898372650148,0.1181818181818181,29.42334849039713,0.0603448275862068,28.888757578531905,0.0065631276891949,68.62744584719748,37793.05,1.0180178630727077,0.0211231910089584,2008.TW,2026-07-29,-0.1431184430202131,-0.0095137583551345,bull,0.1297497683039851,0.1539888682745825,2026-03-31,2026-05-15,349981000.0,60260000.0,34264000.0,25821000.0,1897000.0,,0.13,2434612000.0,1949854000.0,8362257000.0,4596942000.0,3765315000.0,312935000.0,1633298000.0,2437214000.0,,0.073467332791139,31746715.309244413,6412403000.0,0.0049508297137975,,,1.2208651865780151,0.1721807755278143,0.0979024575619819,,-0.2357091693673075,,,28.43463561506169,28.43463561506169,False,70.69326019014888,70.69326019014888,60.128604046377085,710.0,True,False,True,True,True,True,True,True,True,True,True,True,True,True,False,False,False,13,False,0.0450883933225969,0.0644279151295603,1.0,1162136.2875,0.9304911955514366,1.0,3.0,,,,,,0.0073378482696419,-0.0232124592604627,0.1570850063300842,-1.1410302560477787,0.4406626506024096,-1.1410302560477787,0.4887249106918262,-710.0,0.3192771084337349,0.2831325301204819,0.4397590361445783,0.3373493975903614,0.3325301204819277,高興昌
64.5,66.9000015258789,64.5,65.5999984741211,723023.0,0.0462519565533365,64.39999923706054,0.0754098110511654,63.18000011444092,0.0807248377198266,62.50666681925456,0.0755185682906431,62.813891379038495,0.014858241181122,75.94935241904875,314209.4,2.3010864729062845,0.0383032344934586,2015.TW,2026-07-29,-0.1431184430202131,-0.0095137583551345,bull,0.0648748841519925,0.2152133580705009,2026-03-31,2026-05-15,6404574000.0,820478000.0,589291000.0,648609000.0,122645000.0,526749000.0,0.91,12172005000.0,4388066000.0,26283228000.0,5068762000.0,21214466000.0,4570295000.0,40284000.0,,,0.1890892664147429,477862397.1051897,21895162000.0,0.0218250222174738,0.0248297081812005,0.0200412597722014,0.2389295115889318,0.1281081302206829,0.0920109596672628,0.0822457512396609,-0.1410674325019171,,,42.92012472337977,42.92012472337977,False,70.86535573146591,70.86535573146591,63.87904797944438,462.0,True,False,True,True,True,True,True,False,True,True,True,True,True,True,False,False,False,12,False,0.0494880276340965,0.0443549513318697,1.0,20612136.160554502,0.5736793327154773,1.0,3.0,,,,,,0.0264106459946413,-0.0136430193835274,0.1362664578024459,-1.3079970690886713,0.4993975903614457,-1.3079970690886713,0.5482558405096539,-462.0,0.5542168674698795,0.5180722891566265,0.5120481927710844,0.5478915662650602,0.5349397590361447,豐興
42.09999847412109,43.54999923706055,42.04999923706055,43.25,25397932.0,-0.0114285714285714,43.59000015258789,0.0421686746987952,40.93189964294434,0.1456953642384106,41.2164665222168,0.1533333333333333,39.31739994684855,0.0194262271314731,67.24019000931406,15946374.45,1.5927088680649917,0.0566330997895732,2027.TW,2026-07-29,-0.1431184430202131,-0.0095137583551345,bull,0.1056533827618165,0.1307977736549165,2026-03-31,2026-05-15,31174326000.0,8517820000.0,5633209000.0,4716863000.0,1204326000.0,2914770000.0,1.17,89517343000.0,24455518000.0,159942793000.0,66551339000.0,93391454000.0,9252095000.0,11925609000.0,29968117000.0,,0.2553235063218923,4194918326.275959,135487275000.0,0.0309617144951506,0.0312102432841446,0.0182238283159154,0.7126063054977172,0.2732318896004359,0.1807002659816927,0.0934990543179666,0.1950875950100803,,,67.77515994414823,67.77515994414823,False,71.28557527065188,71.28557527065188,70.40797143902597,180.0,True,False,True,True,True,False,True,True,True,True,True,True,True,True,True,False,False,12,False,0.0493378896681273,0.1000218747543773,1.0,689680694.9625,0.1464318813716404,1.0,3.0,,,,,,0.0008317045763788,-0.0641688009274288,0.2235333691397787,-1.1822482881657497,0.425,-1.1822482881657497,0.4993256634674632,-180.0,0.8493975903614458,0.7771084337349398,0.4578313253012048,0.7906626506024096,0.7493975903614458,大成鋼
40.04999923706055,40.25,38.54999923706055,39.5,901494.0,-0.0075376694173701,40.16000061035156,0.0477453368868368,39.37999992370605,0.0310656342091097,38.35406138102213,0.0691075197331394,37.82900629043579,0.0121441941165059,57.41936468308977,745642.45,1.2090164662701273,0.0030472340407932,2031.TW,2026-07-29,-0.1431184430202131,-0.0095137583551345,bull,0.0945319740500463,0.3200371057513915,2026-03-31,2026-05-15,4589073000.0,567832000.0,427931000.0,146733000.0,66925000.0,70724000.0,0.22,15811293000.0,10640609000.0,28813736000.0,17538865000.0,11274871000.0,1366991000.0,6979961000.0,6673974000.0,,0.4,256758600.0,18173127000.0,0.0141284766237533,0.0062727103485263,0.0024545237729671,1.5555712344735475,0.1237356651332415,0.0932499875247136,0.0154113913637895,-0.0896215532289155,,,22.130264986727884,22.130264986727884,False,72.1803695049085,72.1803695049085,59.66784337536335,824.0,True,False,True,True,True,True,True,True,True,True,True,True,True,True,False,False,False,13,False,0.0298778950055309,0.044172286650487,1.0,29452876.775,0.5180722891566265,1.0,3.0,,,,,,0.0230711732340097,-0.0009410988999876,0.1642825981787483,-1.284663789548902,0.5963855421686748,-1.284663789548902,0.6174996724772297,-824.0,0.2228915662650602,0.2650602409638554,0.6325301204819277,0.2843373493975903,0.3174698795180722,新光鋼
19.350000381469727,19.350000381469727,18.89999961853028,19.299999237060547,391366.0,0.0104711440626386,19.149999618530277,0.057534204770441,18.95749988555908,0.0432432020032726,18.44333324432373,-0.0325815288732417,18.988749965031943,0.0147196523438148,54.901962250941295,306286.2,1.2777787572538364,0.0180666941088769,2102.TW,2026-07-29,-0.1431184430202131,-0.0095137583551345,bull,0.0797034291010194,0.2829313543599258,2026-03-31,2026-05-15,41123000.0,6200000.0,-46782000.0,7586000.0,1762000.0,5824000.0,0.01,3027452000.0,173077000.0,12168518000.0,2492802000.0,9675716000.0,2533219000.0,0.0,0.0,,0.232269970999209,-35915946.216715,11995441000.0,-0.0029941330391033,0.000601919279152,0.0004786121037911,0.2576348871752746,0.1507672105634316,,0.1416239087615203,-0.4578735745830862,,,19.475448347013565,19.475448347013565,False,72.58039658853887,72.58039658853887,59.30415952815755,866.0,True,False,True,True,True,True,True,True,True,True,True,True,True,True,False,False,False,13,False,0.0464485449234328,0.0163912460062813,1.0,5911323.426322174,0.736793327154773,0.0,3.0,,,,,,0.004260752677564,-0.0420918336792113,0.1534222842141837,-1.4650156677795516,0.3240963855421687,-1.4650156677795516,0.6121761024914956,-866.0,0.1506024096385542,0.2409638554216867,0.6204819277108434,0.2210843373493975,0.2716867469879518,泰豐
18.39999961853028,18.549999237060547,18.049999237060547,18.25,1972746.0,0.0310734018843741,18.039999771118165,0.0830860288923127,17.8125,0.0916241536374253,17.11551351547241,-0.0872443424829361,17.57250008583069,0.0159703308482609,67.34698167306728,1115823.9,1.7679725268476505,0.024561403508772,2106.TW,2026-07-29,-0.1431184430202131,-0.0095137583551345,bull,0.0546802594995366,0.1948051948051948,2026-03-31,2026-05-15,8698617000.0,1718035000.0,255513000.0,171823000.0,60640000.0,111183000.0,0.12,25478129000.0,9730576000.0,47068938000.0,27476173000.0,19592765000.0,9412275000.0,3037616000.0,14974373000.0,,0.3529213201957829,165337014.71281496,37338362000.0,0.0044280735912522,0.0056746967566854,0.0023621310512678,1.4023632192801785,0.1975066841085198,0.029373979794719,0.0127816870199021,-0.0124089540383796,,,20.024805479941964,20.024805479941964,False,77.08427305458763,77.08427305458763,62.819406160926206,859.0,True,True,True,True,True,True,True,True,True,True,True,True,True,True,False,False,False,14,False,0.0662841043888058,0.0385545546086296,1.0,20363786.175,0.5746061167747915,0.0,3.0,,,,,,4.707820357917831e-05,-0.055184996482428,0.1495497217500122,-1.4992671857756794,0.2593373493975903,-1.4992671857756794,0.2562999752831961,-859.0,0.1686746987951807,0.4457831325301205,0.072289156626506,0.1542168674698795,0.2325301204819277,建大
25.75,25.850000381469727,25.200000762939453,25.64999961853028,262940.0,-0.0058139388746493,25.820000076293944,-0.0038835099599892,25.8149998664856,0.0376832633904713,25.0013973236084,0.0683839477540044,24.537563021977743,0.0021350976308356,51.35133184594394,273410.85,0.9617028731668844,-0.0063916424097887,2107.TW,2026-07-29,-0.1431184430202131,-0.0095137583551345,bull,0.2956441149212233,0.2940630797773655,2026-03-31,2026-05-15,327504000.0,108944000.0,61789000.0,88780000.0,18672000.0,70108000.0,0.23,11124237000.0,2061631000.0,15861263000.0,2536045000.0,13325218000.0,807947000.0,1085000000.0,220797000.0,,0.2103176391079071,48793683.39716153,13799632000.0,0.0035358684490399,0.0052613022916398,0.0044200767618568,0.1903192127888639,0.332649372221408,0.1886663979676584,0.2140676144413503,-0.1658159366690099,,,41.47495597513323,41.47495597513323,False,58.77909955792916,58.77909955792916,54.45306366223018,491.0,True,False,True,True,False,True,True,True,True,True,True,True,True,True,False,False,False,12,False,0.0259426417862418,0.045336066811368,1.0,7012988.198202038,0.7210379981464319,0.0,3.0,,,,,,0.0252264536274728,-0.0033077961695369,0.1272809849579957,-1.1851540317126064,0.5451807228915663,-1.1851540317126064,0.6113039693816738,-491.0,0.536144578313253,0.1024096385542168,0.6144578313253012,0.5478915662650602,0.4216867469879518,厚生
21.89999961853028,21.89999961853028,21.299999237060547,21.549999237060547,80947.0,-0.0204545801336114,21.91999969482422,0.0435835174409713,21.647500038146973,0.110415873049569,20.575331338246663,-0.0852812238170348,20.831358257929484,0.016314551231158,52.83017781504485,79182.4,1.0222852553092607,-0.0045040212918171,2115.TW,2026-07-29,-0.1431184430202131,-0.0095137583551345,bull,0.1019462465245597,0.1688311688311688,2026-03-31,2026-05-15,795763000.0,146418000.0,55001000.0,50773000.0,23159000.0,28129000.0,0.27,2550411000.0,942761000.0,4966182000.0,1610225000.0,3355957000.0,883919000.0,179756000.0,658841000.0,,0.4,33000600.0,4023421000.0,0.0082021245104601,0.0083818118050976,0.0056641097728597,0.4798109749320388,0.1839969940798956,0.0691173125666812,0.0353484643040704,-0.0114512019538349,,,30.9467161073479,30.9467161073479,False,68.82896363888875,68.82896363888875,59.35840175600354,666.0,True,False,True,True,False,True,True,True,True,True,True,True,True,True,False,False,False,12,False,0.0473707024587308,0.0344980375371111,1.0,1706380.6595886229,0.8897126969416126,0.0,3.0,,,,,,0.0304534020045484,0.013157470475811,0.1519561957433077,-1.3449358403140643,0.6259036144578314,-1.3449358403140643,0.5957581985420639,-666.0,0.3614457831325301,0.2469879518072289,0.5843373493975904,0.3948795180722891,0.3716867469879518,六暉-KY
62.59999847412109,63.70000076293945,62.5,63.59999847412109,2256839.0,0.0599999745686847,62.279999542236325,0.0460526196084851,62.16889247894287,0.1099476321281662,61.05129737854004,0.0761421339455783,59.98398192723592,0.0036323193618561,47.58418327067725,1440158.55,1.5670767638743663,0.0230196475779738,2206.TW,2026-07-29,-0.1431184430202131,-0.0095137583551345,bull,0.0973123262279888,0.1697588126159554,2026-03-31,2026-05-15,14947523000.0,3169197000.0,1407602000.0,1401468000.0,300076000.0,1061801000.0,1.37,35643431000.0,24328027000.0,96546885000.0,53175170000.0,43371715000.0,7860863000.0,8468755000.0,18068499000.0,,0.2141154846204123,1106212615.6173384,72218858000.0,0.0153175035752758,0.0244814160565243,0.0109977758474548,1.226033372210437,0.212021550326432,0.0941695824786488,0.0710352477798495,-0.00921030321598,,,38.16659350871173,38.16659350871173,False,74.48060356154565,74.48060356154565,65.40210104833717,559.0,True,False,True,True,True,True,True,False,True,True,True,True,True,True,False,False,False,12,False,0.0417468785270553,0.0602830360823929,1.0,91594081.58249244,0.3605189990732159,1.0,3.0,,,,,,0.0241212757398825,-0.023773413569942,0.1570687774569771,-1.35900372347535,0.4876506024096385,-1.35900372347535,0.5740324401071631,-559.0,0.4397590361445783,0.5783132530120482,0.5301204819277109,0.4533132530120481,0.4993975903614457,三陽工業
60.0,60.0,56.59999847412109,58.5,160288.0,-0.080188657177347,60.9,0.1166412592598202,59.80649662017822,0.0617060185124287,56.71715437571207,0.1878172588832487,53.68274380366008,0.0332581982851451,55.66277638344272,283634.45,0.565121761478551,-0.0218453963032742,2248.TW,2026-07-29,-0.1431184430202131,-0.0095137583551345,bull,0.0352177942539388,0.2467532467532467,2026-03-31,2026-05-15,593726000.0,189022000.0,97021000.0,105639000.0,16593000.0,89046000.0,1.87,2515725000.0,1373717000.0,3197393000.0,1407252000.0,1790141000.0,637484000.0,196733000.0,,,0.1570726720245364,81781652.28750746,1823676000.0,0.0448443979563845,0.04974245045502,0.0278495636914198,0.7861123788573079,0.3183657107824147,0.1634103946938487,0.1499782728059744,0.3030050981106484,,,82.72406063393525,82.72406063393525,False,71.84438654070925,71.84438654070925,74.56430506401576,69.0,True,False,True,True,False,True,True,True,True,True,True,True,False,True,True,False,False,11,False,0.0314339752040062,0.089735655352465,1.0,16592615.325,0.6024096385542169,1.0,2.0,,,,,,0.0445595106912064,0.0101933938808348,0.3138215410743938,-0.4856717295587998,0.8789156626506024,-0.4856717295587998,0.9147742759291584,-69.0,0.9698795180722892,0.8855421686746988,0.9879518072289156,0.9725903614457831,0.9481927710843372,華勝-KY
23.75,24.200000762939453,22.450000762939453,24.0,76852734.0,0.0041841164462692,23.279999923706058,0.3714285714285714,22.37249984741211,0.696113119930446,18.109166622161865,0.4414414744664434,16.66791663169861,0.0668812623391849,49.84227368494015,47641770.05,1.613137671403542,0.0727455654794047,2332.TW,2026-07-29,-0.1431184430202131,-0.0095137583551345,bull,0.0046339202965708,0.0092764378478664,2026-03-31,2026-05-15,3440889000.0,869521000.0,31548000.0,25642000.0,45353000.0,-29102000.0,-0.05,10255657000.0,3980490000.0,15469266000.0,4795742000.0,10673524000.0,3116133000.0,151000000.0,381849000.0,,0.4,18928800.0,11488776000.0,0.001647590657177,-0.0027265596629566,-0.001881278659246,0.4493119610730252,0.2527024266112623,0.0091685607992585,-0.0084576979960702,0.0312619414904058,,,25.00480773275497,25.00480773275497,False,85.58172130649376,85.58172130649376,70.43749291305906,769.0,True,True,True,True,True,True,True,False,True,True,True,True,True,True,False,False,False,13,False,0.3252956638340813,0.4398920111201796,1.0,1143402481.1999998,0.0991658943466172,0.0,3.0,,,,,,-0.0143164743115456,-0.0774533012599704,0.257607423660145,-1.638411992922946,0.2927710843373494,-1.638411992922946,0.3706705201713257,-769.0,0.2710843373493976,0.7831325301204819,0.216867469879518,0.2629518072289156,0.4138554216867469,友訊
76.4000015258789,77.0,73.5,75.19999694824219,737855.0,-0.0456853548743018,77.35999908447266,0.0546983692785161,76.78500022888184,0.0444444020589192,73.09833374023438,-0.0371319024652713,74.47000033060709,0.0204664730114873,47.51771399507065,655938.75,1.1248839925983942,-0.0206420951476857,2348.TW,2026-07-29,-0.1431184430202131,-0.0095137583551345,bull,0.0843373493975903,0.2801484230055658,2026-03-31,2026-05-15,1308225000.0,367809000.0,215863000.0,62792000.0,46667000.0,24394000.0,0.16,36707260000.0,15833225000.0,49675372000.0,39143789000.0,10531583000.0,4882942000.0,6246625000.0,20027265000.0,,0.4,129517800.0,33842147000.0,0.0038271153422978,0.0023162709727493,0.0004910682903391,3.7168001239699673,0.2811511781230293,0.165004490817711,0.0186466395306617,-0.2384964638086091,,,20.916507327259755,20.916507327259755,False,66.50686888125308,66.50686888125308,55.109278492754754,843.0,True,False,True,True,False,True,True,False,True,True,True,True,True,True,False,False,False,11,False,0.028751178042941,0.0098025596131905,1.0,49326591.9982338,0.4392956441149212,1.0,3.0,,,,,,0.0267333538312632,-0.0304912093168219,0.2264966855348766,-0.5754335850339385,0.6786144578313252,-0.5754335850339385,0.677428975011733,-843.0,0.1987951807228915,0.1385542168674698,0.7228915662650602,0.2774096385542168,0.2855421686746988,海悅
750.0,771.0,736.0,761.0,6985515.0,0.0052840158520475,759.2,0.1582952815829528,712.55,0.3721601758023878,702.5963317871094,0.603117717359789,612.0189137776692,0.0332142377048888,68.78048780487805,4118335.65,1.6961985602120604,0.0679952284050242,2357.TW,2026-07-29,-0.1431184430202131,-0.0095137583551345,bull,0.0148285449490268,0.0398886827458256,2026-03-31,2026-05-15,208369726000.0,30970538000.0,11895859000.0,13859608000.0,2702804000.0,9797017000.0,13.19,485857648000.0,327627459000.0,671441698000.0,354711686000.0,316730012000.0,57955263000.0,41417377000.0,275376000.0,,0.1950130191272365,9576011621.29809,343814239000.0,0.0278522833991703,0.0309317608967223,0.0145910166574134,1.1199181402487366,0.1486326185407567,0.0570901504184921,0.0470174683629425,0.4108280576281871,,,51.58078089609261,51.58078089609261,False,84.77755449833722,84.77755449833722,76.47836109777607,344.0,True,True,True,True,True,True,True,True,True,True,True,True,True,True,False,False,False,14,False,0.0831254954951674,0.2434256243859349,1.0,3134053429.65,0.0444856348470806,3.0,3.0,,,,,,0.0874799806388076,-0.0148653664462259,0.3194163223555537,-1.0095800568015014,0.8048192771084338,-1.0095800568015014,0.7794366930036011,-344.0,0.6445783132530121,0.927710843373494,0.8795180722891566,0.6798192771084337,0.7765060240963856,華碩
134.5,139.0,127.0,137.0,7956757.0,-0.0143884892086331,140.5,0.0336536031709464,140.44784240722657,0.1004016064257027,136.49388529459637,0.0,127.84694264729818,0.0191658850329028,49.122807017543856,6053342.6,1.3144402234890853,-0.024548916865733,2359.TW,2026-07-29,-0.1431184430202131,-0.0095137583551345,bull,0.1251158480074142,0.186456400742115,2026-03-31,2026-05-15,890066000.0,190817000.0,-35808000.0,156778000.0,13846000.0,134073000.0,0.78,8393550000.0,3998667000.0,10520171000.0,4283921000.0,6236250000.0,2450934000.0,650000000.0,,,0.088315962698848,-32645582.00767965,6521504000.0,-0.005005836384932,0.0214989777510523,0.0127443745923901,0.6869386249749448,0.21438522536531,-0.0402307244631297,0.1506326497136167,-0.2680432463904461,,,26.81505765819656,26.81505765819656,False,69.20544973696707,69.20544973696707,58.60785171727444,741.0,True,False,True,True,False,True,True,False,True,True,True,True,True,True,False,False,False,11,False,0.0037079661430348,0.0715938696942726,1.0,829307936.1999999,0.1232622798887859,2.0,3.0,,,,,,-0.0100755580003545,-0.0759939541045713,0.1540263951989337,-1.5933616174385128,0.2039156626506024,-1.5933616174385128,0.2261300946564943,-741.0,0.2891566265060241,0.2048192771084337,0.0602409638554216,0.2548192771084337,0.2180722891566265,所羅門
549.0,565.0,529.0,550.0,5319724.0,-0.0771812080536913,572.8,0.0934393638170973,537.6083908081055,0.3871374527112232,500.0111302693685,0.9064124783362216,417.59306513468425,0.0447956935728913,56.65858633961945,3626163.6,1.467039159512825,0.0230495085340243,2395.TW,2026-07-29,-0.1431184430202131,-0.0095137583551345,bull,0.0463392029657089,0.0306122448979591,2026-03-31,2026-05-15,20385264000.0,7979823000.0,3728486000.0,4068287000.0,750007000.0,3334165000.0,3.85,49300373000.0,29811036000.0,83769137000.0,34044129000.0,49725008000.0,10001958000.0,,43915000.0,,0.184354496130681,3041122842.1397014,53958101000.0,0.0563608204473263,0.0670520756879516,0.0398018305954375,0.6846480346468723,0.3914505595806853,0.182901040673302,0.1635576071028562,0.1748587968840969,,,87.43653384699755,87.43653384699755,False,83.83351020637693,83.83351020637693,84.73426611653208,49.0,True,True,True,True,True,True,True,True,True,True,True,True,True,True,True,False,False,14,False,0.0999755139524618,0.3170716803513276,1.0,1994389980.0,0.06209453197405,3.0,2.0,,,,,,-0.0084212184158798,-0.0932134856597648,0.286369915374203,-0.9333703532656256,0.4373493975903614,-0.9333703532656256,0.4155704143586323,-49.0,0.993975903614458,1.0,0.3072289156626506,0.8909638554216867,0.858433734939759,研華
44.0,44.650001525878906,41.0,44.150001525878906,4666919.0,-0.0221483934928955,45.21999969482422,0.0161881965208356,42.86249961853027,0.36899229537609,38.43032986323039,0.447541033635374,33.650581630071,0.0177516074395399,61.64773730946289,3787162.6,1.2322996113237916,0.0300379566942479,2425.TW,2026-07-29,-0.1431184430202131,-0.0095137583551345,bull,0.2001853568118628,0.0408163265306122,2026-03-31,2026-05-15,742329000.0,57186000.0,84000.0,19626000.0,14929000.0,59718000.0,0.62,6477498000.0,3530704000.0,6656471000.0,3632354000.0,3024117000.0,955233000.0,0.0,,,0.4,50400.0,3125767000.0,1.6124042515005117e-05,0.0197472518424386,0.0089714204418527,1.2011287923053242,0.0770359234247887,0.0001131573736173,0.0804468099723976,-0.0094210083147737,,,20.556959597295062,20.556959597295062,False,81.69331616297231,81.69331616297231,66.409227021553,848.0,True,True,True,True,True,True,True,True,True,True,True,True,True,True,False,False,False,14,False,0.1488322292055321,0.312013028815685,1.0,167203234.56875154,0.2863762743280815,1.0,3.0,,,,,,0.0011261400511298,-0.0890685878394645,0.193335853239117,-1.6086573232101609,0.2665662650602409,-1.6086573232101609,0.3062857115286244,-848.0,0.1927710843373494,0.6445783132530121,0.1325301204819277,0.1837349397590361,0.3162650602409638,承啟
65.19999694824219,65.4000015258789,63.59999847412109,64.4000015258789,237257.0,-0.010752641546074,65.08000030517579,0.0031153362483484,64.65500011444092,0.026946053328329,63.93544267018636,0.0147929376443671,63.05996723175049,0.0048177857034263,53.93258956718605,143070.5,1.6583222956514443,-0.0039439886800813,2459.TW,2026-07-29,-0.1431184430202131,-0.0095137583551345,bull,0.2696941612604263,0.3302411873840445,2026-03-31,2026-05-15,1246416000.0,380276000.0,186277000.0,194518000.0,45242000.0,148975000.0,1.41,6078446000.0,3159848000.0,9214633000.0,3255851000.0,5958782000.0,822536000.0,1819298000.0,61941000.0,,0.2325851592140573,142951734.29708305,6054785000.0,0.0236097126978221,0.0250009146164434,0.0161672201160914,0.546395387513757,0.3050955700183566,0.1494501033362858,0.1195226954724586,0.0636655026574228,,,58.06746252476306,58.06746252476306,False,65.31444808847522,65.31444808847522,63.50270169754718,283.0,True,False,True,True,False,True,True,True,True,True,True,True,True,True,False,False,False,12,False,0.007266061456538,0.0212501584278292,1.0,9213740.418308258,0.6904541241890639,1.0,3.0,,,,,,0.0289386983577114,0.0134750881158586,0.1436011733651829,-1.3909634096657666,0.5936746987951808,-1.3909634096657666,0.6244299624927075,-283.0,0.7469879518072289,0.4939759036144578,0.6385542168674698,0.730722891566265,0.6493975903614457,敦吉
8.449999809265137,8.460000038146973,8.319999694824219,8.430000305175781,2997143.0,-0.0047225455244358,8.486000061035156,0.0293041193026835,8.496500015258789,0.0684411213977262,8.103166651725768,-0.0035460677111016,8.137583351135254,0.0107060024356727,46.05266790309668,1773470.85,1.6899871796595922,-0.0078267180560914,2511.TW,2026-07-29,-0.1431184430202131,-0.0095137583551345,bull,0.1408711770157553,0.2319109461966604,2026-03-31,2026-05-15,2153305000.0,656416000.0,141991000.0,111197000.0,17527000.0,101951000.0,0.06,21371055000.0,5666639000.0,47461368000.0,21286102000.0,26175266000.0,7872086000.0,536900000.0,4267000000.0,4500000000.0,0.1576211588442134,119610214.0345513,41794729000.0,0.0028618492545926,0.0038949365404729,0.0021480838900387,0.8132143528168921,0.3048411627707175,0.0659409605234743,0.0473462886121566,0.2676633850236747,,,39.44861186578996,39.44861186578996,False,69.2261978707809,69.2261978707809,61.78180136953316,522.0,True,False,True,True,False,True,True,False,True,True,True,True,True,True,False,False,False,11,False,0.0403340653718884,0.0359341270525643,1.0,14950359.806720354,0.6144578313253012,0.0,3.0,,,,,,0.0201540329991599,-0.0077378088903862,0.1506899472038793,-1.355490231134901,0.5265060240963856,-1.355490231134901,0.5433316048365192,-522.0,0.5,0.3674698795180723,0.5060240963855421,0.5009036144578313,0.4614457831325301,太子
14.25,14.25,13.850000381469728,13.850000381469728,155589.0,-0.003597067513145,14.039999961853027,0.0036232021770865,13.93499994277954,0.0297398199165064,13.355000019073486,-0.0546074578765621,13.67833334604899,0.0048674938906818,53.84616795376007,295328.5,0.5268336784292745,-0.0060997173777425,2516.TW,2026-07-29,-0.1431184430202131,-0.0095137583551345,bull,0.267840593141798,0.3218923933209647,2026-03-31,2026-05-15,1624343000.0,91613000.0,49137000.0,56516000.0,0.0,56516000.0,0.25,5501612000.0,4873771000.0,7116682000.0,5000833000.0,2115849000.0,1859804000.0,596780000.0,,,0.0,49137000.0,2242911000.0,0.0219076904968587,0.0267107907983981,0.0079413412036676,2.363511290266933,0.0564000337367169,0.0302503843092253,0.0347931440588594,-0.2679604746075582,,,20.556737993044667,20.556737993044667,False,60.968770099122025,60.968770099122025,50.865762072602685,849.0,True,False,True,True,False,True,True,True,True,True,True,True,False,True,False,False,False,11,False,0.0370647968318447,0.0125502889188122,1.0,4090299.8376588826,0.7924003707136237,0.0,3.0,,,,,,0.0903624622683668,0.0377587303223767,0.2012937729088701,-0.6824449968638149,0.875301204819277,-0.6824449968638149,0.7781372860439106,-849.0,0.1867469879518072,0.0421686746987951,0.8674698795180723,0.2888554216867469,0.2795180722891566,新建
35.20000076293945,35.20000076293945,34.0,34.70000076293945,1934345.0,-0.0280112038831693,35.00999984741211,0.0116618523258364,35.25249977111817,0.2069565482761548,33.18833328882854,0.0693374405885896,32.33833332061768,0.0056340048395783,45.454561217792815,1615473.25,1.197385967239012,-0.0156726192969546,2520.TW,2026-07-29,-0.1431184430202131,-0.0095137583551345,bull,0.221964782205746,0.085343228200371,2026-03-31,2026-05-15,4862541000.0,1141758000.0,658447000.0,599530000.0,162065000.0,308665000.0,0.52,53619294000.0,30715620000.0,65803063000.0,37306228000.0,28496835000.0,17736193000.0,16539209000.0,220000000.0,3700000000.0,0.2703200840658515,480455551.60709226,35087443000.0,0.0136930910470475,0.0108315537497409,0.0046907390921908,1.3091358391203796,0.2348068633251627,0.1354121230031787,0.063478127999332,0.0287244960456058,,,37.26396887406752,37.26396887406752,False,67.85235888914345,67.85235888914345,60.20526138537447,571.0,True,False,True,True,False,True,True,False,True,True,True,True,True,True,False,False,False,11,False,0.0455481587748112,0.0730299678374601,1.0,56056923.00750828,0.4170528266913809,1.0,3.0,,,,,,0.027874268172933,-0.0099533697695765,0.1653762872005274,-1.2666552386206806,0.5987951807228915,-1.2666552386206806,0.5972961107104803,-571.0,0.4216867469879518,0.2951807228915662,0.6024096385542169,0.4487951807228916,0.4198795180722892,冠德
35.75,36.25,34.099998474121094,36.25,288841.0,-0.0095628002380535,35.72999954223633,0.0154061407648906,36.2125,0.0041551670974846,35.77999992370606,-0.1201456473610582,37.66416664123536,0.000345298596665,53.7313449831584,104747.5,2.757497792310079,0.0010355540214015,2524.TW,2026-07-29,-0.1431184430202131,-0.0095137583551345,bull,0.2048192771084337,0.3970315398886827,2026-03-31,2026-05-15,656590000.0,318728000.0,233648000.0,150091000.0,18274000.0,131817000.0,0.36,38991825000.0,14275657000.0,39842583000.0,18684321000.0,21158262000.0,885525000.0,2660325000.0,4312300000.0,,0.1217528032993317,205200701.01471776,25566926000.0,0.0080260216271098,0.0062300485739329,0.003308445137706,0.8830744699162909,0.4854292633150063,0.3558506830746737,0.2007599872066282,-0.6531973567383786,,,45.32648778665296,45.32648778665296,False,60.93964600593382,60.93964600593382,57.036356451113605,428.0,True,False,True,True,True,True,True,True,True,True,True,True,True,True,False,False,False,13,False,0.0131358322329828,-0.0375467391780043,0.0,3797096.875,0.8081556997219648,1.0,3.0,,,,,,0.0059260339591533,-0.0045363084363112,0.1262801858252772,-1.7042089296788745,0.3243975903614458,-1.7042089296788745,0.4100689454706532,-428.0,0.5783132530120482,0.1927710843373494,0.2951807228915662,0.5358433734939758,0.4060240963855421,京城
43.45000076293945,43.59999847412109,40.54999923706055,41.650001525878906,1384713.0,-0.1508664184767295,45.28000106811523,0.0233415416494169,45.01749992370605,0.2286135590313684,39.26666660308838,0.3929766574333553,35.34291666348775,0.0286187629187297,48.34206475105408,1749331.6,0.7915669047537928,-0.0748042073312433,2527.TW,2026-07-29,-0.1431184430202131,-0.0095137583551345,bull,0.1603336422613531,0.075139146567718,2026-03-31,2026-05-15,4588717000.0,1261812000.0,1127130000.0,1064163000.0,166487000.0,902888000.0,3.45,13282023000.0,8513905000.0,33780839000.0,11901818000.0,21879021000.0,1538877000.0,2676000000.0,3358749000.0,,0.1564487771140323,950791889.8514608,25266934000.0,0.0376298877359421,0.0412672943638565,0.0267278145459915,0.5439831151494393,0.2749814381667032,0.2456307503818605,0.1967626244983074,24.973085718167,,,82.24426248497689,82.24426248497689,False,68.31151206796646,68.31151206796646,71.79469967221907,75.0,True,False,True,True,False,True,True,False,True,True,True,True,False,True,True,False,False,10,False,0.0606961356532125,0.1784540003430705,1.0,72859663.80926819,0.3827618164967563,1.0,2.0,,,,,,0.0269972673002086,-0.0156259635252634,0.3160802978170696,-0.8689868858747279,0.7304216867469879,-0.8689868858747279,0.7296059444712857,-75.0,0.9578313253012049,0.8253012048192772,0.8313253012048193,0.938855421686747,0.8927710843373494,宏璟
19.89999961853028,21.100000381469727,19.89999961853028,20.64999961853028,2661614.0,0.069948209058859,20.129999923706052,0.02227717022746,19.64249992370606,0.0122549021899447,19.79750000635783,-0.2422018488612742,22.155416727066044,0.012369538065965,60.71428409239021,940152.8,2.831044060071937,0.0512918263325683,2530.TW,2026-07-29,-0.1431184430202131,-0.0095137583551345,bull,0.1668211306765523,0.37569573283859,2026-03-31,2026-05-15,186713000.0,36736000.0,-3896000.0,-30631000.0,2142000.0,-31083000.0,-0.04,30553317000.0,19001210000.0,30802703000.0,20530688000.0,10272015000.0,3146483000.0,7533980000.0,328411000.0,1187622000.0,0.0,-3896000.0,11801493000.0,-0.0003301277219755,-0.0030259885718624,-0.001009099753356,1.9987011311802017,0.1967511635504758,-0.0208662492702704,-0.1664747500174064,0.155588151559038,,,18.3750529664617,18.3750529664617,False,64.5598295002196,64.5598295002196,53.01363536678013,887.0,True,False,True,True,True,False,True,True,True,True,True,True,True,True,False,False,False,12,False,0.043060972946012,-0.0679480384901396,0.0,19414154.96136017,0.5829471733086191,0.0,3.0,,,,,,-0.0093939995738674,-0.068999077329491,0.1531405276939098,-1.5920159835680732,0.2114457831325301,-1.5920159835680732,0.387003500514795,-887.0,0.1385542168674698,0.072289156626506,0.253012048192771,0.155722891566265,0.1415662650602409,華建
17.25,17.399999618530273,16.950000762939453,17.200000762939453,965274.0,0.0029155186892921,17.250000381469725,0.042424288662997,16.95250005722046,-0.0007618041694567,16.730122661590578,-0.07018778635966,17.47271137237549,0.0096783856900912,66.6666969420638,694260.8,1.3903622385132504,0.0145996581556464,2534.TW,2026-07-29,-0.1431184430202131,-0.0095137583551345,bull,0.1047265987025023,0.4109461966604824,2026-03-31,2026-05-15,209173000.0,154772000.0,63221000.0,-5182000.0,6236000.0,-11418000.0,-0.02,16938016000.0,12649762000.0,31688647000.0,16609249000.0,15079398000.0,928281000.0,6345000000.0,3660000000.0,,0.0,63221000.0,19038885000.0,0.003320625131146,-0.0007571920311407,-0.0003603183184185,1.1014530553540665,0.7399234126775445,0.302242641258671,-0.0545863949936177,-0.8859781335394569,,,39.802588047610016,39.802588047610016,False,69.75787402070073,69.75787402070073,62.269052527428045,514.0,True,False,True,True,True,True,True,True,True,True,True,True,True,True,False,False,False,13,False,0.0280857535149836,-0.0156078014238358,0.0,11941286.289678955,0.6506024096385542,0.0,3.0,,,,,,0.0535233316159162,0.0270994477576117,0.145629157000002,-1.1026821144119252,0.7240963855421687,-1.1026821144119252,0.5311695242976301,-514.0,0.5060240963855421,0.4036144578313253,0.4939759036144578,0.5042168674698795,0.4728915662650602,宏盛
10.100000381469728,10.100000381469728,9.800000190734863,10.0,1146975.0,0.0131712376847261,9.97199993133545,0.0172940058609736,9.893499994277954,0.0351967037224101,9.816833353042602,-0.074074090426514,10.03916666507721,0.0021271211785244,55.29412424687819,410762.2,2.79230902940923,0.0107646440373621,2538.TW,2026-07-29,-0.1431184430202131,-0.0095137583551345,bull,0.1936978683966636,0.2996289424860853,2026-03-31,2026-05-15,82552000.0,79498000.0,38496000.0,16944000.0,8584000.0,8360000.0,0.02,16432723000.0,11548641000.0,17327840000.0,11602505000.0,5725335000.0,783901000.0,7803402000.0,0.0,,0.4,23097600.0,5779199000.0,0.0039966784324263,0.0014601765660873,0.000482460595204,2.026519845563622,0.9630051361566044,0.4663242562263785,0.1012695028588041,-0.0268881213678638,,,38.251129852200464,38.251129852200464,False,66.25553210781501,66.25553210781501,59.25443154391138,556.0,True,False,True,True,True,True,True,True,True,True,True,True,True,True,False,False,False,13,False,0.0186584248066743,-0.0039013860795295,0.0,4107622.0,0.7914735866543096,0.0,3.0,,,,,,0.0215348766588992,0.014000030237231,0.1612824188463991,-0.8619065640721464,0.6819277108433736,-0.8619065640721464,0.7501339532838234,-556.0,0.4457831325301205,0.2228915662650602,0.8373493975903614,0.5045180722891566,0.4572289156626506,基泰
41.34999847412109,43.70000076293945,41.20000076293945,42.650001525878906,4228933.0,0.0662500381469726,41.23000106811524,0.0866242426975516,40.30250015258789,0.0689223031286443,38.81833343505859,-0.1114583015441894,42.97208337783813,0.0146651628576812,71.06917454356832,1066273.75,3.96608563232472,0.05824704086355,2539.TW,2026-07-29,-0.1431184430202131,-0.0095137583551345,bull,0.051899907321594,0.2300556586270872,2026-03-31,2026-05-15,2476909000.0,1123612000.0,1002985000.0,1009807000.0,195023000.0,814784000.0,0.68,31998835000.0,10750825000.0,32104295000.0,13379256000.0,18725039000.0,5711725000.0,397000000.0,2628180000.0,,0.1931289840533884,809279525.9292122,21353470000.0,0.0378992044819512,0.0435130735909281,0.0253792833637991,0.7145115158371633,0.4536347520235907,0.4049341336318774,0.3289519316212262,-0.5500200926952697,,,74.05495514883755,74.05495514883755,False,72.5455313866375,72.5455313866375,72.92288732718752,129.0,True,False,True,True,True,True,True,True,True,True,True,True,False,True,True,False,False,12,False,0.0987076917464921,-0.0074951416510872,0.0,45476577.06450462,0.4494902687673772,1.0,3.0,,,,,,0.0037348569975062,-0.0820239332065253,0.1581137254211685,-1.764207667234708,0.2382530120481927,-1.764207667234708,0.4647300783303486,-129.0,0.9156626506024096,0.8795180722891566,0.3975903614457831,0.8379518072289156,0.8012048192771084,櫻花建
96.9000015258789,98.3000030517578,95.4000015258789,98.0,321973.0,0.0208333333333332,96.52000122070312,0.0359408200921802,95.075,0.1502347829840138,91.0300001780192,0.1187214806738985,87.9241668065389,0.0082184558282589,75.43858944654814,143713.9,2.2403748002106965,0.030765185379963,2546.TW,2026-07-29,-0.1431184430202131,-0.0095137583551345,bull,0.118628359592215,0.1270871985157699,2026-03-31,2026-05-15,4271987000.0,331333000.0,227648000.0,236497000.0,50162000.0,186338000.0,1.43,15279304000.0,9683343000.0,16184746000.0,9989889000.0,6194857000.0,7854449000.0,0.0,,,0.2121041704545935,179362909.8043527,6501403000.0,0.0275883389791945,0.0300794675325031,0.0115131865523252,1.6126101054471476,0.0775594588653944,0.0532885516739634,0.0436185784273219,0.0858039345262302,,,37.32527210445105,37.32527210445105,False,70.82773469766956,70.82773469766956,62.45211904936493,570.0,True,False,True,True,True,True,True,False,True,True,True,True,True,True,False,False,False,12,False,0.0765681622360781,0.1145968572625899,1.0,14083962.2,0.6209453197405005,1.0,3.0,,,,,,0.0579341725839509,0.0084412016091576,0.2555677209307018,0.3361592773559836,0.8936746987951807,0.3361592773559836,0.9375229313993844,-570.0,0.4277108433734939,0.4216867469879518,0.993975903614458,0.5126506024096386,0.5391566265060241,根基
205.0,205.5,198.0,201.5,13194498.0,-0.0218446601941747,202.9,0.0862533692722371,197.775,0.0445446279589523,197.87214838663735,0.152600890187643,192.14355913798013,0.0244755244755244,60.6060606060606,10882445.45,1.2124570769155567,0.0188345341928959,2603.TW,2026-07-29,-0.1431184430202131,-0.0095137583551345,bull,0.0528266913809082,0.2792207792207792,2026-03-31,2026-05-15,86511471000.0,13386693000.0,8948352000.0,10639378000.0,1948722000.0,8303529000.0,3.84,244500947000.0,151671937000.0,935103407000.0,330097608000.0,605005799000.0,183466379000.0,21757000.0,72484631000.0,,0.1831612712698054,7309360471.910295,783431470000.0,0.0093299296132567,0.0137247097692695,0.0088797976115169,0.5456106512460056,0.1547389362966675,0.1034354392147603,0.0959818265025224,-0.2133215452088127,,,31.8537233857576,31.8537233857576,False,69.33698949738046,69.33698949738046,59.96617296947475,652.0,True,False,True,True,True,False,True,True,True,True,True,True,True,True,False,False,False,12,False,0.0183343216462879,0.0486950533444678,1.0,2192812758.175,0.0565338276181649,2.0,3.0,,,,,,0.051914512329814,-0.0045075290042226,0.2239819194803247,-1.1970246129960034,0.7551204819277108,-1.1970246129960034,0.6691391493080705,-652.0,0.3795180722891566,0.2710843373493976,0.6987951807228916,0.4274096385542169,0.4108433734939759,長榮
47.150001525878906,47.59999847412109,46.0,47.400001525878906,812941.0,0.0021142133283589,47.45999984741211,0.0315560552527549,46.75749969482422,0.0621207169949473,46.12156728108724,-0.1272138501409312,48.03301029205322,0.0074212426316868,58.139552764027165,439009.0,1.8517638590552812,0.013741150302051,2607.TW,2026-07-29,-0.1431184430202131,-0.0095137583551345,bull,0.1325301204819277,0.2430426716141001,2026-03-31,2026-05-15,3991930000.0,868803000.0,467559000.0,709936000.0,149297000.0,553268000.0,1.04,14530568000.0,4295956000.0,44350782000.0,12631508000.0,31719274000.0,4170571000.0,346407000.0,4274711000.0,,0.2102964210858443,369233015.6535237,40054826000.0,0.0092181904785586,0.0174426438637908,0.012474819496982,0.3982281561677609,0.2176398383739193,0.1171260518095257,0.1385966186781832,-0.1369527758740344,,,38.62339041274056,38.62339041274056,False,75.81681858826342,75.81681858826342,66.5184615443827,547.0,True,True,True,True,True,True,True,True,True,True,True,True,True,True,False,False,False,14,False,0.0277187944850241,-0.0131786195019936,0.0,20809027.269874573,0.5699721964782206,1.0,3.0,,,,,,0.0105478637783102,-0.010153333640816,0.0992563779161008,-1.637279838503812,0.2861445783132531,-1.637279838503812,0.478415122782981,-547.0,0.463855421686747,0.6566265060240963,0.4277108433734939,0.458433734939759,0.5144578313253012,榮運
29.5,29.950000762939453,29.450000762939453,29.75,906825.0,0.0223367563577139,29.449999618530278,0.0276338243861005,29.317500114440925,0.0489783845823479,28.610193284352626,-0.0463832634221238,29.102016480763755,0.0051427036151782,58.3333333333332,258622.85,3.506360710200201,0.0147522770997121,2608.TW,2026-07-29,-0.1431184430202131,-0.0095137583551345,bull,0.1455050973123262,0.2727272727272727,2026-03-31,2026-05-15,3102760000.0,576878000.0,371282000.0,344611000.0,69377000.0,217699000.0,0.47,4287133000.0,3261390000.0,24987176000.0,11507532000.0,13479644000.0,2276562000.0,530000000.0,3906162000.0,,0.2013197489343056,296535600.9761732,21725786000.0,0.0136490160114885,0.0161502039668109,0.0087124291276453,0.8536970264199856,0.1859241449548144,0.1196618494501669,0.0701630161533602,0.0170899405859454,,,38.862051874964095,38.862051874964095,False,72.0830587244613,72.0830587244613,63.777807012087,538.0,True,False,True,True,True,True,True,True,True,True,True,True,False,True,False,False,False,12,False,0.039839182640921,0.0222659319729461,1.0,7694029.787500001,0.7145505097312326,0.0,3.0,,,,,,0.0154721295013172,-0.0105664084205859,0.0932557173052998,-1.4821732730691215,0.3322289156626505,-1.4821732730691215,0.3301873055134445,-538.0,0.4759036144578313,0.5120481927710844,0.1746987951807229,0.430722891566265,0.4265060240963855,嘉里大榮
84.80000305175781,86.19999694824219,83.69999694824219,85.0,16340398.0,-0.0011750702222574,84.81999969482422,0.1263790563894202,81.42206497192383,0.1038961038961039,80.51631647745768,0.1348464388299299,78.60482495625814,0.030081744434657,61.7346908985598,11147877.7,1.4657855458891518,0.0439430641965408,2615.TW,2026-07-29,-0.1431184430202131,-0.0095137583551345,bull,0.0296570898980537,0.1808905380333951,2026-03-31,2026-05-15,33640864000.0,7656632000.0,5825197000.0,9789626000.0,2113020000.0,7671518000.0,2.73,141008376000.0,35567443000.0,420232464000.0,133190864000.0,287041600000.0,99479800000.0,1000000000.0,42718782000.0,0.0,0.2158427707044171,4567870339.620942,384665021000.0,0.0118749303686256,0.0267261539790748,0.0182554149362434,0.4640124079575922,0.2275991484642011,0.1731583647792161,0.2280416460171772,-0.0929984351119866,,,48.73816272918027,48.73816272918027,False,86.31516886372285,86.31516886372285,76.92091733008719,389.0,True,True,True,True,True,True,True,True,True,True,True,True,True,True,False,False,False,14,False,0.0556866448777202,0.0813585558812786,1.0,947569604.5,0.1121408711770157,1.0,3.0,,,,,,0.0246587949874891,-0.02034526794925,0.2156049870873517,-1.2968771603322575,0.5810240963855422,-1.2968771603322575,0.6161927972074316,-389.0,0.6144578313253012,0.9397590361445785,0.6265060240963856,0.6162650602409638,0.7144578313253012,萬海
61.0,62.20000076293945,58.0,60.70000076293945,47268975.0,-0.0574534266346659,62.14000091552735,0.0946540601867278,62.114599800109865,0.2140000152587891,52.49160906473795,0.0593368511544385,51.62247133255005,0.0423691922489838,52.96703355667336,61532502.9,0.7681952264613634,-0.0227740183744676,2634.TW,2026-07-29,-0.1431184430202131,-0.0095137583551345,bull,0.0454124189063948,0.0816326530612244,2026-03-31,2026-05-15,7587090000.0,591710000.0,272385000.0,343445000.0,82787000.0,260658000.0,0.28,37638357000.0,26369324000.0,51480606000.0,33336880000.0,18143726000.0,2181426000.0,5295860000.0,1125000000.0,3448642000.0,0.2410487851038739,206726926.6694813,25111282000.0,0.0082324322059495,0.0143662883797958,0.005063227111196,1.837377835181153,0.0779890577283253,0.0359011162382415,0.0343554643479911,0.0064028588028364,,,19.130159005497152,19.130159005497152,False,72.6712928359146,72.6712928359146,59.28600937831024,869.0,True,False,True,True,False,True,True,True,True,True,True,True,False,True,False,False,False,11,False,0.1563753111107355,0.1758445342903538,1.0,3735022972.975574,0.0389249304911955,1.0,3.0,,,,,,-0.0306715303586497,-0.1054288159280433,0.2052284363189587,-1.7823873464772486,0.2078313253012048,-1.7823873464772486,0.2173549891021788,-869.0,0.144578313253012,0.2349397590361445,0.0542168674698795,0.1310240963855421,0.1536144578313253,漢翔
10.75,10.800000190734863,10.600000381469728,10.75,140351.0,-0.0092166246962087,10.800000190734863,0.0141509068992573,10.80500011444092,0.0046729151052478,10.570000076293946,-0.0227272727272727,10.704166682561238,0.0053500795731286,45.45452969133908,82355.05,1.7042185026904846,-0.0050902465394156,2701.TW,2026-07-29,-0.1431184430202131,-0.0095137583551345,bull,0.2122335495829471,0.3914656771799629,2026-03-31,2026-05-15,65646000.0,52906000.0,44352000.0,62643000.0,12441000.0,,0.11,2036355000.0,158491000.0,9698503000.0,1298458000.0,8400045000.0,257241000.0,,,,0.1986015995402519,35543621.85719075,9540012000.0,0.0037257418394432,,,0.1545775052395552,0.8059287694604393,0.6756238003838771,,0.0506553992413694,,,69.39564088179011,69.39564088179011,False,62.97786406059181,62.97786406059181,64.58230826589138,170.0,True,False,True,True,False,True,True,False,True,True,True,True,True,True,True,False,False,11,False,0.0170293209467189,0.00428182022926,1.0,885316.7875,0.9499536607970342,0.0,3.0,,,,,,0.0508094403283716,0.0490554513734268,0.2198041675713378,-0.6557605246120866,0.8716867469879518,-0.6557605246120866,0.8716867469879518,-170.0,0.8554216867469879,0.5421686746987951,0.9578313253012049,0.8707831325301204,0.7819277108433735,萬企
46.0,49.70000076293945,45.54999923706055,47.34999847412109,260324.0,0.0248917249391937,46.07999954223633,0.0810502123035832,45.36906204223633,0.1341316999789481,43.888020515441895,0.0712669153124274,43.31317694981893,0.0090632946457481,64.67868727429766,108917.7,2.39009821176907,0.0436627151348336,2704.TW,2026-07-29,-0.1431184430202131,-0.0095137583551345,bull,0.0593141797961075,0.137291280148423,2026-03-31,2026-05-15,378532000.0,113136000.0,11772000.0,102498000.0,43662000.0,58697000.0,0.16,22038050000.0,4179836000.0,34495152000.0,8091080000.0,26404072000.0,3958344000.0,340000000.0,400000000.0,,0.4,7063200.0,30315316000.0,0.0002329911388685,0.0022230283268429,0.0017016014308329,0.3064330380556453,0.2988809400526243,0.0310990880559635,0.1550648293935519,0.0078893625405718,,,28.393804821713665,28.393804821713665,False,79.33942189220049,79.33942189220049,66.60301762457878,712.0,True,True,True,True,True,True,True,True,True,True,True,True,True,True,False,False,False,14,False,0.0788820711898159,0.0932007718800924,1.0,5157252.9288047785,0.758109360518999,1.0,3.0,,,,,,0.0184704060268841,-0.0343600925442052,0.1757637420591319,-1.2532699896469703,0.4876506024096385,-1.2532699896469703,0.5041114545365103,-712.0,0.3132530120481928,0.6626506024096386,0.4698795180722891,0.3367469879518072,0.4493975903614458,國賓
12.699999809265137,12.699999809265137,12.449999809265137,12.699999809265137,295123.0,-0.0078125296859066,12.75,0.0119521606574166,12.69500002861023,0.0200803215927725,12.38499994277954,-0.0078125296859066,12.492916623751322,0.0053454776497729,59.99997456868485,172523.95,1.7106204674771242,0.0003938385698023,2706.TW,2026-07-29,-0.1431184430202131,-0.0095137583551345,bull,0.2187210379981464,0.3525046382189239,2026-03-31,2026-05-15,89870000.0,69648000.0,61056000.0,86520000.0,17413000.0,,0.14,3148502000.0,153769000.0,11784537000.0,1574945000.0,10209592000.0,276398000.0,,,,0.2012598243180767,48767880.1664355,11630768000.0,0.0041930060135698,,,0.1542613064263488,0.7749860910203628,0.679381328585735,,0.0116394254581475,,,67.6784742796923,67.6784742796923,False,72.62559618829539,72.62559618829539,71.38881571114462,184.0,True,False,True,True,True,True,True,True,True,True,True,True,True,True,True,False,False,13,False,0.0254339820703222,0.0165760479918766,1.0,2191054.132093668,0.8674698795180723,0.0,3.0,,,,,,0.0441691490848005,0.0390490715980577,0.2150477785882105,-0.8216018902237407,0.8352409638554217,-0.8216018902237407,0.8068588925237373,-184.0,0.8373493975903614,0.8072289156626506,0.9036144578313252,0.8472891566265061,0.841566265060241,第一店
180.0,180.5,177.5,180.0,289908.0,0.0055865921787709,179.2,0.0112359550561798,179.65,0.0619469026548673,177.125,0.0037104122294533,176.67983055114746,0.0002783964365256,50.0,153600.9,1.8874108159522505,0.0019482326746451,2707.TW,2026-07-29,-0.1431184430202131,-0.0095137583551345,bull,0.2242817423540315,0.2458256029684601,2026-03-31,2026-05-15,1946379000.0,699803000.0,562483000.0,914767000.0,182055000.0,730305000.0,5.73,4907297000.0,3965941000.0,10835463000.0,7089733000.0,3745730000.0,800345000.0,86714000.0,,,0.1990178919877958,450538819.0610286,6869522000.0,0.0655851774055063,0.1949700058466573,0.0673995195221468,1.892750678772896,0.359540973263686,0.2889894516946596,0.3752121246684227,0.0491755118586034,,,78.92252512482825,78.92252512482825,True,64.89317024511924,64.89317024511924,68.4005089650465,92.0,True,False,True,True,True,True,True,True,True,True,True,True,True,True,True,True,False,13,False,0.0162314749470713,0.0187920117338542,1.0,27648162.0,0.5301204819277109,2.0,2.0,,,,,,0.0165876052196569,-0.0417120936347904,0.2157605272092617,0.9964590946041072,0.6063253012048193,0.9964590946041072,0.6747802976612332,-92.0,0.9397590361445785,0.7108433734939759,0.7048192771084337,0.9045180722891566,0.8240963855421687,晶華
24.700000762939453,24.799999237060547,24.0,24.450000762939453,41385472.0,-0.0081135439629166,24.460000228881835,0.0251572482965618,23.989999961853027,0.1754808490269312,22.3625,0.1985294715755958,21.60333333015442,0.0084068977086958,57.142886336976815,24536790.0,1.68667017975864,0.0191746895297157,2801.TW,2026-07-29,-0.1431184430202131,-0.0095137583551345,bull,0.1556997219647822,0.1066790352504638,2026-03-31,2026-05-15,,,,,992320000.0,5221136000.0,,,,3481563454000.0,3255586729000.0,225976725000.0,40993679000.0,,,,,,3481563454000.0,,0.0231047511640855,0.0014996526902307,14.406734715710211,,,,,,,11.293260418625334,11.293260418625334,False,79.25198990814572,79.25198990814572,62.262307535765615,1022.0,True,True,True,True,True,True,True,True,True,True,True,True,True,True,False,False,False,14,False,0.093348273356711,0.1317698240952283,1.0,599924534.2200851,0.1584800741427247,0.0,3.0,,,,,,-0.0052628078835565,-0.1336138780737478,0.1497277608549047,-1.4500436317726944,0.216867469879518,-1.4500436317726944,0.2975823913721792,-1022.0,0.036144578313253,0.3975903614457831,0.108433734939759,0.0469879518072289,0.1590361445783132,彰銀
20.75,20.850000381469727,20.39999961853028,20.64999961853028,35046071.0,0.0097798947740517,20.61000022888184,0.0376884429335173,20.505000019073485,0.0429293138496058,19.736666679382324,0.0147419769747878,20.10500000317892,0.0081121019503919,51.72411525145496,17777188.6,1.9714068286365596,0.0070714264482767,2812.TW,2026-07-29,-0.1431184430202131,-0.0095137583551345,bull,0.1149212233549582,0.2838589981447124,2026-03-31,2026-05-15,,,,,471473000.0,2426299000.0,,,,1016904606000.0,923319387000.0,93585219000.0,11220605000.0,,,,,,1016904606000.0,,0.0259260920252801,0.0023859651983914,9.86608138406985,,,,,,,13.453610786523946,13.453610786523946,False,66.95011697778517,66.95011697778517,53.57599042996986,987.0,True,False,True,True,True,True,True,True,True,True,True,True,True,True,False,False,False,13,False,0.0462759468954327,0.027107665519283,1.0,367098937.8085408,0.2048192771084337,0.0,3.0,,,,,,0.0138519425956464,-0.0915173775505051,0.133168780182476,-1.1868501842213883,0.325,-1.1868501842213883,0.3841484243090263,-987.0,0.0602409638554216,0.0843373493975903,0.2469879518072289,0.0882530120481927,0.1048192771084337,台中銀
56.59999847412109,57.09999847412109,55.5,56.900001525878906,374396.0,0.0106572344040707,56.58000030517578,-0.0052447418366979,56.60500011444092,0.1687407330677677,53.49758021036784,0.2179261557259169,49.63770589828491,0.0023019055235222,54.83873349449423,210447.4,1.7790478760963548,0.0052115786739963,2832.TW,2026-07-29,-0.1431184430202131,-0.0095137583551345,bull,0.3002780352177943,0.1122448979591836,2026-03-31,2026-05-15,,,514384000.0,513794000.0,96832000.0,,,,,25841065000.0,13610551000.0,12230514000.0,3713301000.0,,,,0.1884646375784847,417440805.8638287,25841065000.0,0.0161541641516643,,,1.112835568480605,,,,,,,55.14019466216183,55.14019466216183,False,70.28191741039912,70.28191741039912,66.4964867233398,306.0,True,False,True,True,True,True,True,True,True,True,True,True,True,True,False,False,False,13,False,0.0635995366917863,0.1463060287773074,1.0,11974457.381117249,0.6496756255792401,1.0,3.0,,,,,,0.0096917436959675,-0.0317593136597274,0.1118054433994061,-1.361918747457937,0.2921686746987951,-1.361918747457937,0.3708536009849761,-306.0,0.7228915662650602,0.6506024096385542,0.2228915662650602,0.6478915662650602,0.6012048192771084,台產
18.100000381469727,18.14999961853028,17.700000762939453,17.950000762939453,66631165.0,-0.0082872715673442,18.030000305175783,0.0198863848797541,17.98250017166138,0.1114551818530005,17.141666666666666,0.1469649329374986,16.362500031789143,0.0034877285212801,50.0,34927762.3,1.907684907715946,-0.0018072797670893,2834.TW,2026-07-29,-0.1431184430202131,-0.0095137583551345,bull,0.180722891566265,0.1632653061224489,2026-03-31,2026-05-15,,,,,886677000.0,3437983000.0,,,,2555347612000.0,2406237987000.0,149109625000.0,29451426000.0,,,,,,2555347612000.0,,0.0230567476780925,0.0013454071703807,16.137375350518116,,,,,,,11.10187505518378,11.10187505518378,False,67.93263970231794,67.93263970231794,53.7249485405344,1023.0,True,False,True,True,False,True,True,True,True,True,True,True,True,True,False,False,False,12,False,0.0471560970115383,0.0970206709284098,1.0,626953359.9327679,0.1566265060240964,0.0,3.0,,,,,,-0.0005680265402149,-0.0958734602756895,0.1417553745032918,-1.439120689505777,0.2156626506024096,-1.439120689505777,0.3091514347778751,-1023.0,0.0301204819277108,0.0903614457831325,0.1385542168674698,0.0463855421686747,0.0698795180722891,臺企銀
13.300000190734863,13.399999618530272,13.100000381469728,13.300000190734863,15777812.0,-0.0037453325322946,13.310000038146972,0.0230769377488355,13.297499990463256,0.0901639671038638,12.738333384195965,0.051383445992555,12.610833358764648,0.0051020386464441,53.84617077529367,9909334.2,1.5922171642974765,0.0001880203251287,2845.TW,2026-07-29,-0.1431184430202131,-0.0095137583551345,bull,0.1612604263206672,0.196660482374768,2026-03-31,2026-05-15,,,,,143704000.0,1221472000.0,,,,891493396000.0,820291532000.0,71201864000.0,7041472000.0,,,,,,891493396000.0,,0.0171550565024533,0.0013701413891348,11.520646875199784,,,,,,,8.670319530616531,8.670319530616531,False,72.2477874086879,72.2477874086879,56.35342043917006,1052.0,True,False,True,True,True,True,True,True,True,True,True,True,True,True,False,False,False,13,False,0.0440926445869083,0.0546487938080031,1.0,131794146.75005548,0.3160333642261353,0.0,3.0,,,,,,0.0355006964436984,-0.0859405191438746,0.1453499888737996,-0.9472658278844752,0.4822289156626506,-0.9472658278844752,0.5023560248542249,-1052.0,0.0180722891566265,0.1686746987951807,0.463855421686747,0.0849397590361445,0.1524096385542168,遠東銀
14.949999809265137,15.350000381469728,14.899999618530272,15.350000381469728,1039361.0,0.0549828302575754,14.889999961853029,0.0659722769517974,14.559870481491089,0.1204379996479063,14.15912348429362,0.158490594827904,13.784978381792705,0.0060460033214258,74.59210118216848,302080.0,3.4406812764830508,0.0542676461980258,2849.TW,2026-07-29,-0.1431184430202131,-0.0095137583551345,bull,0.072289156626506,0.1521335807050092,2026-03-31,2026-05-15,,,,,36199000.0,,,,,398942212000.0,362433426000.0,36508786000.0,2706824000.0,,,,,,398942212000.0,,,,9.92729328222527,,,,,,,0.0,0.0,False,73.55028963341508,73.55028963341508,55.16271722506131,1077.0,True,False,True,True,True,True,True,False,True,True,True,True,False,True,False,False,False,11,False,0.0841066820624256,0.1135309723622139,1.0,4636928.115234376,0.7710843373493976,0.0,3.0,,,,,,0.0780757489394972,-0.0425502401638987,0.2160841329909376,-0.3691481597462498,0.7343373493975902,-0.3691481597462498,0.8401889028114937,-1077.0,0.0120481927710843,0.144578313253012,0.9216867469879518,0.1484939759036144,0.2337349397590361,安泰銀
157.0,158.5,154.0,155.5,987038.0,0.0578231292517006,152.6,0.0950704225352112,147.325,0.2483435253509325,139.34563624064128,0.4220261474754228,126.15895620981853,0.0195501730103805,73.07692307692308,324671.4,3.04011378889548,0.0554895638893604,2850.TW,2026-07-29,-0.1431184430202131,-0.0095137583551345,bull,0.0444856348470806,0.0686456400742115,2026-03-31,2026-05-15,,,1507350000.0,1508204000.0,248433000.0,,,,,58099283000.0,36260125000.0,21839158000.0,14722947000.0,,,,0.1647210854765005,1259057671.8069968,58099283000.0,0.0216707953488341,,,1.6603261444420157,,,,,,,51.89726928896828,51.89726928896828,False,76.57342027684567,76.57342027684567,70.40438252987632,341.0,True,True,True,True,True,True,True,False,True,True,True,True,False,True,False,False,False,12,False,0.1159301733099207,0.2325720239899857,1.0,50486402.7,0.4355885078776645,2.0,3.0,,,,,,-0.0089055625493724,-0.0747022053471,0.1634865829350605,-2.084366608069422,0.2042168674698795,-2.084366608069422,0.214012248144736,-341.0,0.6566265060240963,0.7710843373493976,0.0421686746987951,0.5644578313253011,0.5680722891566266,新產
26.700000762939453,26.75,26.299999237060547,26.600000381469727,484346.0,0.0,26.639999771118163,0.0037735993007443,26.742499828338623,0.0879225754492381,26.032037607828777,0.0285813221777562,25.468416055043537,0.0013104911702524,45.23812335093846,303585.15,1.595420592871555,-0.0053285761534489,2852.TW,2026-07-29,-0.1431184430202131,-0.0095137583551345,bull,0.2632066728452271,0.2003710575139146,2026-03-31,2026-05-15,,,394962000.0,395700000.0,93803000.0,,,,,19910531000.0,10498172000.0,9412359000.0,2155671000.0,,,,0.2370558503917109,301333947.2175891,19910531000.0,0.0151344003440987,,,1.1153603469650912,,,,,,,53.81873474558473,53.81873474558473,False,67.05636165072495,67.05636165072495,63.74695492443989,315.0,True,False,True,True,False,True,True,False,True,True,True,True,True,True,False,False,False,11,False,0.0218178377811708,0.0444308874168128,1.0,8075365.105808545,0.7052826691380908,0.0,3.0,,,,,,0.0037837126897982,-0.0214058512594084,0.0923705117395283,-1.3852194032641214,0.2650602409638554,-1.3852194032641214,0.3450334120104054,-315.0,0.7108433734939759,0.5060240963855421,0.1927710843373494,0.6331325301204819,0.5457831325301205,第一保
9.350000381469728,9.489999771118164,9.199999809265137,9.369999885559082,40014678.0,0.0096982925837947,9.298000144958497,0.1357575618859492,9.000999927520752,0.2312746019929286,8.343999934196471,0.1756587367907278,8.097499974568684,0.0256965486308078,70.73172433684714,16661353.3,2.401646329653186,0.0409954406187811,2867.TW,2026-07-29,-0.1431184430202131,-0.0095137583551345,bull,0.0278035217794253,0.0742115027829313,2026-03-31,2026-05-15,,,-260328000.0,-260476000.0,-99972000.0,,,,,1583200325000.0,1505084533000.0,78115792000.0,70736282000.0,,,,0.3838050338610851,-160412803.14501145,1583200325000.0,-0.0001013218609243,,,19.267352918856663,,,,,,,0.0,0.0,False,75.72689349527572,75.72689349527572,56.79517012145679,1078.0,True,True,True,True,True,True,True,True,True,True,True,True,True,True,False,False,False,14,False,0.1229626030026347,0.1571472571765186,1.0,156116878.51425943,0.293790546802595,0.0,3.0,,,,,,0.0624289953708958,-0.0630952280305863,0.2108705462414135,-0.3696249902349259,0.6909638554216868,-0.3696249902349259,0.7014514415245426,-1078.0,0.0060240963855421,0.180722891566265,0.7831325301204819,0.1225903614457831,0.2138554216867469,三商壽
41.45000076293945,42.5,40.70000076293945,41.79999923706055,34738988.0,0.0133333148378314,41.310000610351565,0.1389645331907238,39.70000019073486,0.2802449397721838,36.15166667302449,0.2590360926654289,35.22708331743876,0.0253761238042197,77.57008879327981,22476002.15,1.5456035182840555,0.0528967011646459,2880.TW,2026-07-29,-0.1431184430202131,-0.0095137583551345,bull,0.025949953660797,0.0602968460111317,2026-03-31,2026-05-15,18727437000.0,,,9327986000.0,1664716000.0,7663213000.0,,,,4445991154000.0,4202483247000.0,243507907000.0,45717871000.0,,,,0.1784646760833474,,4445991154000.0,,0.0314700787108321,0.0017236230875325,17.25809768879497,,,0.4091971047613189,0.1221769088861191,,,25.15680897546131,25.15680897546131,False,81.66883465598542,81.66883465598542,67.54082823585439,765.0,True,True,True,True,True,True,True,False,True,True,True,True,True,True,False,False,False,13,False,0.1562398938649958,0.1865870035390622,1.0,939496872.7221712,0.1130676552363299,1.0,3.0,,,,,,-0.0931053687271113,-0.1941845074958131,0.1469334528566877,-1.9002012362374163,0.1099397590361445,-1.9002012362374163,0.0950378399825553,-765.0,0.2771084337349397,0.6867469879518072,0.0180722891566265,0.2382530120481927,0.3481927710843373,華南金
126.5,127.0,120.5,123.0,30871172.0,-0.031496062992126,126.9,0.0040816326530612,124.925,0.3793238685991063,114.94365005493164,0.3645243026217264,100.91197357177734,0.0005318791687384,47.368421052631575,24906369.7,1.2394890291859757,-0.0154092455473283,2881.TW,2026-07-29,-0.1431184430202131,-0.0095137583551345,bull,0.2585727525486561,0.0352504638218923,2026-03-31,2026-05-15,66193246000.0,,,38624861000.0,5062760000.0,33551455000.0,,,,13120104726000.0,12085399702000.0,1034705024000.0,358727505000.0,,,,0.131075164257549,,13120104726000.0,,0.0324261062058977,0.0025572551211051,11.68004351160858,,,0.5068712750542556,-0.3925800152621125,,,12.264204123597382,12.264204123597382,False,68.35729773787615,68.35729773787615,54.33402433430646,1006.0,True,False,True,True,False,True,True,False,True,True,True,True,True,True,False,False,False,11,False,0.0700895607649332,0.2188840991451994,1.0,3063483473.1,0.0463392029657089,2.0,3.0,,,,,,-0.0461267667168725,-0.1470058072704019,0.2690159520933946,-0.8255514926527372,0.4075301204819277,-0.8255514926527372,0.4436328582152726,-1006.0,0.0481927710843373,0.0963855421686747,0.3373493975903614,0.0915662650602409,0.1204819277108433,富邦金
36.400001525878906,36.900001525878906,35.849998474121094,36.5,76694153.0,0.0124826843956444,36.150000762939456,0.1094224409469817,35.187500190734866,0.2058999546980413,32.87259038289388,0.1306430939560778,32.25216692288716,0.0211066000198892,66.66666666666666,44851280.0,1.7099657579449237,0.0373001719971777,2884.TW,2026-07-29,-0.1431184430202131,-0.0095137583551345,bull,0.0389249304911955,0.0871985157699443,2026-03-31,2026-05-15,25169421000.0,,,12706707000.0,2639201000.0,10056957000.0,,,,4679436007000.0,4394289185000.0,285146822000.0,45485669000.0,,,,0.2077014131198586,,4679436007000.0,,0.0352693988642805,0.0021491814365995,15.410619533399537,,,0.3995704549580223,0.174006725249566,,,29.938092003685178,29.938092003685178,False,82.54795924494302,82.54795924494302,69.39549243462857,686.0,True,True,True,True,True,True,True,True,True,True,True,True,True,True,False,False,False,14,False,0.1103475441045174,0.1317069047567913,1.0,1637071720.0,0.0732159406858202,1.0,3.0,,,,,,-0.0987942130875188,-0.1972767155003981,0.1182518003384279,-1.9132938201142795,0.0496987951807228,-1.9132938201142795,0.0586418341223256,-686.0,0.3373493975903614,0.7409638554216867,0.0060240963855421,0.2876506024096385,0.3921686746987952,玉山金
49.45000076293945,50.5,49.04999923706055,49.900001525878906,45131996.0,0.0352697248139168,49.070001220703126,0.0812567687109862,47.46750011444092,0.2762149225889603,43.895000267028806,0.2616941210739603,41.660000038146975,0.0150761852860927,76.22953741439599,30281219.05,1.4904286358312908,0.0512456186985494,2886.TW,2026-07-29,-0.1431184430202131,-0.0095137583551345,bull,0.0574606116774791,0.062152133580705,2026-03-31,2026-05-15,20768442000.0,,,11219594000.0,1822242000.0,9397352000.0,,,,5003279677000.0,4601326283000.0,401953394000.0,108936088000.0,,,,0.1624160375143699,,5003279677000.0,,0.0233792079884763,0.0018782383969458,11.447412440557724,,,0.4524822805677961,0.1010590363542149,,,21.43739093265881,21.43739093265881,False,80.07975183363122,80.07975183363122,65.41916160838811,833.0,True,True,True,True,True,True,True,False,True,True,True,True,True,True,False,False,False,13,False,0.1368037640350736,0.1977916821936336,1.0,1511032876.8004737,0.0806302131603336,1.0,3.0,,,,,,-0.1037655221536209,-0.2183470066255912,0.1414262994505296,-1.895312667138364,0.0909638554216867,-1.895312667138364,0.0822194050875977,-833.0,0.2108433734939759,0.5843373493975904,0.0120481927710843,0.1810240963855421,0.2831325301204819,兆豐金
34.79999923706055,35.099998474121094,34.150001525878906,34.79999923706055,49747679.0,0.0116278399255513,34.56999969482422,0.0481927240166555,33.807499694824216,0.2253521022709601,31.23666645685832,0.1979346007233087,30.048749876022335,0.0125795548621022,68.75000745057882,33888894.8,1.4679640423092228,0.0293573778361455,2892.TW,2026-07-29,-0.1431184430202131,-0.0095137583551345,bull,0.0926784059314179,0.0779220779220779,2026-03-31,2026-05-15,19296673000.0,,,10035758000.0,1792064000.0,8243694000.0,,,,5146398447000.0,4848752228000.0,297646219000.0,66304190000.0,,,,0.1785678769854753,,5146398447000.0,,0.0276962832845526,0.0016018374956578,16.290320247609124,,,0.427208047729264,0.0559316737098873,,,19.735682713005552,19.735682713005552,False,78.00662499006248,78.00662499006248,63.43888942079825,864.0,True,True,True,True,True,True,True,True,True,True,True,True,True,True,False,False,False,14,False,0.114075321869689,0.1581180375437019,1.0,1179333513.184825,0.098239110287303,1.0,3.0,,,,,,-0.0801107494862938,-0.2192063934818342,0.1350433370422733,-1.5372572791587762,0.1180722891566265,-1.5372572791587762,0.1445227461934508,-864.0,0.1566265060240964,0.4879518072289157,0.0301204819277108,0.1376506024096385,0.230722891566265,第一金
24.25,24.350000381469727,24.14999961853028,24.350000381469727,19526.0,-0.0061224334093988,24.31000022888184,0.027426143358894,24.0875,0.0145833492279052,23.59916664759318,-0.0061224334093988,23.738333352406823,0.0059511388259341,59.32204485691991,16688.1,1.1700553088727896,0.0108977843889872,2901.TW,2026-07-29,-0.1431184430202131,-0.0095137583551345,bull,0.1482854494902687,0.3654916512059369,2026-03-31,2026-05-15,33925000.0,29540000.0,6633000.0,9596000.0,1919000.0,,0.11,504302000.0,62092000.0,1086057000.0,194064000.0,891993000.0,492937000.0,,,,0.1999791579824927,5306538.245102125,1023965000.0,0.0051823433858599,,,0.2175622454436301,0.8707442888725129,0.1955195283714075,,0.0981452108891982,,,72.0006020564352,72.0006020564352,False,71.87502690474336,71.87502690474336,71.90642069266632,150.0,True,False,True,True,True,True,True,True,True,True,True,True,True,True,True,False,False,13,False,0.0318161121995856,0.0257670587055298,1.0,406355.2413660049,0.9833178869323448,0.0,3.0,,,,,,0.0238751725353336,-0.0006719466846042,0.1410793118019379,-1.1332591706491522,0.5780120481927711,-1.1332591706491522,0.4635984874093898,-150.0,0.8734939759036144,0.8373493975903614,0.3915662650602409,0.8012048192771084,0.7662650602409639,欣欣
22.39999961853028,22.600000381469727,22.049999237060547,22.350000381469727,4188585.0,0.0113122169993091,22.239999771118164,0.0252294111769584,22.232499885559083,0.0527608718972185,21.76036249796549,0.0694335610406085,21.649977668126425,0.0032814981296309,52.00000915528041,2108687.6,1.986346863328641,0.0052850779946238,2903.TW,2026-07-29,-0.1431184430202131,-0.0095137583551345,bull,0.1538461538461538,0.2643784786641929,2026-03-31,2026-05-15,8445107000.0,4894442000.0,1258959000.0,711710000.0,98348000.0,552249000.0,0.39,23289316000.0,44841575000.0,132760502000.0,96156196000.0,36604306000.0,11187325000.0,13575489000.0,13506440000.0,,0.138185496901828,1084989125.0059714,87918927000.0,0.0123407912497154,0.0150869955026602,0.0041597387150584,2.6269094133351416,0.5795595011407197,0.1490755534536152,0.0653927771430249,-0.0031784571239377,,,39.04410208893306,39.04410208893306,False,65.99602956235766,65.99602956235766,59.25804769400152,534.0,True,False,True,True,True,True,True,True,True,True,True,True,True,True,False,False,False,13,False,0.0270968778006046,0.0323336459775609,1.0,47129168.66440048,0.4457831325301205,0.0,3.0,,,,,,0.0189645128385923,-0.0207328069903873,0.1383181383467257,-1.2846247116865508,0.4349397590361445,-1.2846247116865508,0.4516291788905089,-534.0,0.4819277108433735,0.2289156626506024,0.3554216867469879,0.4629518072289156,0.380722891566265,遠百
16.25,16.450000762939453,16.049999237060547,16.450000762939453,2335650.0,0.0345912677738806,16.140000343322754,0.1114865237121771,15.562500047683717,0.2230484012057563,14.603333346048991,0.0313480225488074,14.736666663487751,0.0213289612917943,72.34044625457665,1063080.65,2.1970581441774906,0.057028158235272,2905.TW,2026-07-29,-0.1431184430202131,-0.0095137583551345,bull,0.0370713623725671,0.0797773654916512,2026-03-31,2026-05-15,29552820000.0,,,,-68929000.0,32878000.0,0.03,133124099000.0,1468399841000.0,1617410517000.0,62246052000.0,86764624000.0,72610211000.0,2757000000.0,7269508000.0,,,,149010676000.0,,0.0003789332389661,2.032755423217024e-05,0.717412801788895,,,0.0011125165043471,-0.4161502905041906,,,21.27042291580655,21.27042291580655,False,76.67028697632529,76.67028697632529,62.820320961195605,839.0,True,True,True,True,True,True,True,False,True,True,True,True,True,True,False,False,False,13,False,0.1264551984900137,0.116263340860979,1.0,17487677.50356617,0.5912882298424467,0.0,3.0,,,,,,0.0082437429191875,-0.0367171490375092,0.1245453298616877,-1.4693999406537397,0.2749999999999999,-1.4693999406537397,0.4081296521732828,-839.0,0.2048192771084337,0.4518072289156626,0.2891566265060241,0.2174698795180722,0.2957831325301204,三商
22.0,22.14999961853028,21.799999237060547,22.14999961853028,197162.0,0.0302325403967571,21.819999694824222,0.0399061226251495,21.727499961853027,0.1034710512925403,21.09146499633789,0.1197785277908649,20.415780671437584,0.0059027715704937,60.71424678884594,184622.75,1.0679182278457016,0.0194453875236007,2908.TW,2026-07-29,-0.1431184430202131,-0.0095137583551345,bull,0.1075069508804448,0.1818181818181818,2026-03-31,2026-05-15,9402236000.0,2780908000.0,276866000.0,231204000.0,54293000.0,160854000.0,0.32,20114529000.0,15304252000.0,40538813000.0,31810333000.0,8728480000.0,2421634000.0,4169050000.0,9539478000.0,,0.2348272521236656,211850318.0135292,25234561000.0,0.0083952448395487,0.0184286382050483,0.0039679010828462,3.6444298434549887,0.2957709208745664,0.0294468252020051,0.0171080581257479,0.0988141239298459,,,24.019508975015057,24.019508975015057,False,79.09826755253071,79.09826755253071,65.3285779081518,786.0,True,True,True,True,True,True,True,True,True,True,True,True,True,True,False,False,False,14,False,0.0501878187397688,0.0849450224315413,1.0,4089393.8420720105,0.7933271547729379,0.0,3.0,,,,,,0.0626849913888231,0.02615643772633,0.2453697999124644,-0.1899902459173235,0.916265060240964,-0.1899902459173235,0.8927351422288037,-786.0,0.2590361445783132,0.5602409638554217,0.9759036144578314,0.3665662650602409,0.4927710843373494,特力
24.89999961853028,26.0,24.700000762939453,26.0,171883.0,0.0097087378640776,24.729999923706053,0.1403509153516975,24.072500038146973,0.2064965624354444,22.745000108083094,0.3028006008475976,21.89513351122538,0.0202373367369799,57.716702465415885,163577.15,1.050776346207279,0.0800706182905213,2910.TW,2026-07-29,-0.1431184430202131,-0.0095137583551345,bull,0.0240963855421686,0.0862708719851577,2026-03-31,2026-05-15,134947000.0,122139000.0,79615000.0,67368000.0,16123000.0,51245000.0,0.29,1046634000.0,924884000.0,6492314000.0,3855433000.0,2636881000.0,179700000.0,437000000.0,2663000000.0,,0.2393272770454815,60560958.83802399,5567430000.0,0.010877722546673,0.0194339448765416,0.0078931795350625,1.4621186925007237,0.9050886644386316,0.5899723595189222,0.3797416763618309,0.0604038975326104,,,53.55098246287692,53.55098246287692,False,85.56791600494996,85.56791600494996,77.5636826194317,319.0,True,True,True,True,True,True,True,True,True,True,True,True,True,True,False,False,False,14,False,0.1431083700351423,0.1874784863344223,1.0,4253005.899999999,0.7868396663577386,0.0,3.0,,,,,,0.0099251511931577,-0.0658584472718099,0.1191231440633512,-1.4453472110944483,0.2484939759036144,-1.4453472110944483,0.3281362226375258,-319.0,0.7048192771084337,0.9518072289156626,0.1566265060240964,0.6225903614457832,0.6692771084337349,統領
239.5,242.0,237.5,241.0,5003742.0,0.0062630480167014,239.2,0.0782997762863535,239.95,0.0758928571428572,229.9333333333333,0.1261682242990653,226.225,0.0161990471148755,50.0,3629204.4,1.3787435064280205,0.00437591164826,2912.TW,2026-07-29,-0.1431184430202131,-0.0095137583551345,bull,0.0611677479147358,0.2207792207792207,2026-03-31,2026-05-15,88527614000.0,30610284000.0,3773259000.0,4620847000.0,1050028000.0,3090726000.0,2.97,94109724000.0,113749838000.0,295505038000.0,238221964000.0,57283074000.0,49536616000.0,11451234000.0,19468012000.0,,0.2272371277387024,2915834462.6257915,181755200000.0,0.0160426467172647,0.0539553097307592,0.0104591313262144,4.158679822245573,0.3457710268798162,0.0426223957645577,0.0349125641181292,0.0459148681272323,,,37.38307615957289,37.38307615957289,False,71.16634223399923,71.16634223399923,62.72052571539265,569.0,True,False,True,True,True,True,True,True,True,True,True,True,True,True,False,False,False,13,False,0.0481298927225282,0.0653110840976904,1.0,874638260.4,0.1204819277108433,2.0,3.0,,,,,,0.0391416296867965,-0.0080337590381545,0.1945515126214248,-1.0857754575337306,0.6960843373493977,-1.0857754575337306,0.6820756917961962,-569.0,0.4337349397590361,0.4397590361445783,0.7409638554216867,0.4798192771084337,0.4969879518072289,統一超
51.0,51.20000076293945,50.09999847412109,51.09999847412109,3970308.0,-0.0077670199199788,51.21999969482422,-0.0116054599606209,50.75083293914795,0.1815028548929731,48.54694442749023,-0.0135135284411093,48.66138896942139,-0.0043161954254759,56.51290137570671,2788744.6,1.4236900718696146,0.0068799961449264,2915.TW,2026-07-29,-0.1431184430202131,-0.0095137583551345,bull,0.3271547729379054,0.1038961038961039,2026-03-31,2026-05-15,418613000.0,187104000.0,-8207000.0,2736586000.0,18591000.0,2708283000.0,2.59,4840429000.0,1001903000.0,130249863000.0,12898049000.0,117351814000.0,3969846000.0,450000000.0,9445000000.0,,0.0067935010995452,-8151245.736476032,129247960000.0,-6.306672644176382e-05,0.0230783224194557,0.0207929815634431,0.1099092426470714,0.4469617522628298,-0.019605220095888,,-0.3549697834454577,,,42.46996725529738,42.46996725529738,False,61.70637268734724,61.70637268734724,56.89727132933477,473.0,True,False,True,True,True,True,False,True,True,True,True,True,True,True,False,False,False,12,False,0.0525893869684033,0.0501138491182837,1.0,142504844.80471343,0.3076923076923077,1.0,3.0,,,,,,0.059059569735395,0.0182714845124435,0.149792967722238,-1.4023546081172875,0.6753012048192771,-1.4023546081172875,0.5791996871942562,-473.0,0.5481927710843374,0.1867469879518072,0.5481927710843374,0.5481927710843374,0.4397590361445783,潤泰全
41.84999847412109,41.84999847412109,40.900001525878906,41.45000076293945,24847.0,-0.0012048008930252,41.40999984741211,0.0254967268365986,41.36000003814697,0.0134474136073696,41.36694081624349,-0.0212514225173253,41.393887011210126,0.0033748982208164,51.3761615584692,14501.4,1.7134207731667288,0.002176032995877,2945.TW,2026-07-29,-0.1431184430202131,-0.0095137583551345,bull,0.1529193697868396,0.3701298701298701,2026-03-31,2026-05-15,3837104000.0,1034446000.0,47922000.0,46242000.0,9820000.0,36564000.0,0.54,3112588000.0,3963686000.0,8501533000.0,6396324000.0,2105209000.0,662120000.0,266000000.0,,,0.2123610570477055,37745233.424159855,4537847000.0,0.0083178726440446,0.0173683468007214,0.0043008713840198,3.038332061092272,0.2695902951809489,0.0124891063677189,0.0095290615005483,0.1046508079537309,,,22.3512035854112,22.3512035854112,False,55.39533512641509,55.39533512641509,47.13430224116411,820.0,True,False,True,True,True,False,True,True,True,True,True,True,True,True,False,False,False,12,False,0.0020078822619473,0.0013556047953198,1.0,601083.0410636902,0.969416126042632,1.0,3.0,,,,,,0.0118480012071614,-0.009148795966342,0.1231832643936957,-0.551111768097635,0.4954819277108434,-0.551111768097635,0.6013423015245394,-820.0,0.2289156626506024,0.0060240963855421,0.608433734939759,0.2858433734939758,0.2379518072289156,三商家購
91.8000030517578,92.0999984741211,85.0999984741211,88.0,2950231.0,-0.0319032065698402,91.0199981689453,0.0615198839595803,87.87000045776367,0.1733333333333333,80.71000010172526,0.3193403901995104,72.42333345413208,0.0246035337066795,48.54651137001771,2904187.1,1.0158543159977538,0.0014794530733934,3022.TW,2026-07-29,-0.1431184430202131,-0.0095137583551345,bull,0.0759962928637627,0.1085343228200371,2026-03-31,2026-05-15,1592354000.0,448280000.0,36432000.0,189589000.0,22663000.0,168988000.0,0.96,10450596000.0,3234728000.0,16026933000.0,4335529000.0,11691404000.0,3432970000.0,92494000.0,,,0.1195375259113134,32077008.85599903,12792205000.0,0.0025075433716078,0.0144540381976364,0.0105440011510624,0.3708304836613293,0.281520315206292,0.0228793346203168,0.1061246431383976,-0.1038362140769989,,,30.04604328275842,30.04604328275842,False,70.2621601996836,70.2621601996836,60.20813097045232,682.0,True,False,True,True,True,True,True,False,True,True,True,True,True,True,False,False,False,12,False,0.0903233786282564,0.2150780115048571,1.0,255568464.8,0.2279888785912882,1.0,3.0,,,,,,0.019159394312697,-0.0306149019903919,0.2240658676755863,-1.4234835929552336,0.5195783132530121,-1.4234835929552336,0.5056799281122363,-682.0,0.3493975903614458,0.3012048192771084,0.4759036144578313,0.3683734939759036,0.3602409638554217,威強電
173.0,178.5,164.0,169.5,155294260.0,0.0335365853658535,173.8,0.1016660336023278,154.35895614624025,0.193661971830986,154.01608327229818,0.2417582417582418,143.2580416361491,0.033550485763904,69.84126984126983,62734351.05,2.4754262601079384,0.0980898305597186,3231.TW,2026-07-29,-0.1431184430202131,-0.0095137583551345,bull,0.041705282669138,0.0955473098330241,2026-03-31,2026-05-15,846303026000.0,44093947000.0,29137265000.0,23507511000.0,5486748000.0,9630739000.0,3.06,1303491429000.0,1086171892000.0,1469121920000.0,1193994744000.0,275127176000.0,100033488000.0,354877446000.0,39108580000.0,51333618000.0,0.2334040383943668,22336509681.23316,382950028000.0,0.0583274789086401,0.0350046808898296,0.0065554389114281,4.339792096728387,0.0521018425378996,0.0344288796150422,0.0113797761606963,1.4425382266616515,,,39.08905119727999,39.08905119727999,False,79.710678163777,79.710678163777,69.55527142215276,532.0,True,True,True,True,True,True,True,True,True,True,True,True,True,True,False,False,False,14,False,0.1005344143203958,0.1831796530522242,1.0,10633472502.975,0.0139017608897126,2.0,3.0,,,,,,0.0827510437263187,-0.0088574394209149,0.3171245949174074,-1.045759705037121,0.825,-1.045759705037121,0.7787303732995376,-532.0,0.4879518072289157,0.7469879518072289,0.8734939759036144,0.5457831325301205,0.6427710843373493,緯創
13.800000190734863,13.800000190734863,13.649999618530272,13.800000190734863,96164.0,0.0337078499180982,13.640000152587891,0.0147058679158302,13.48089609146118,0.0222222363507305,13.226132043202718,-0.003610121975286,13.418482669194535,-0.00018541393563,60.25197943134509,61005.05,1.5763285170653905,0.0236708373915739,3266.TW,2026-07-29,-0.1431184430202131,-0.0095137583551345,bull,0.2085264133456904,0.3441558441558441,2026-03-31,2026-05-15,508760000.0,129118000.0,60784000.0,58332000.0,13161000.0,43683000.0,0.12,12792293000.0,7165124000.0,13882400000.0,7442761000.0,6439639000.0,986601000.0,4625000000.0,151500000.0,,0.2256222999382843,47069774.120551325,6717276000.0,0.0070072711201015,0.0067834547868288,0.003146646113064,1.155773017711086,0.2537896061011085,0.1194748014781036,0.0858617029640695,1.0270049523688098,,,43.42781225211624,43.42781225211624,False,66.08448495540381,66.08448495540381,60.42031677958192,459.0,True,False,True,True,True,True,False,True,True,True,True,True,True,True,False,False,False,12,False,0.0433889625218941,0.0284322401381635,1.0,841869.7016357899,0.9545875810936052,0.0,3.0,,,,,,0.0253239617371166,-0.0101544675823776,0.204641397601885,-1.019350270907906,0.6439759036144578,-1.019350270907906,0.6291071571052421,-459.0,0.5602409638554217,0.3313253012048193,0.6445783132530121,0.5728915662650602,0.5084337349397591,昇陽
20.700000762939453,20.700000762939453,20.200000762939453,20.450000762939453,2887934.0,-0.0048661059773059,20.65,0.0024509428098387,20.64000005722046,0.0514705911196906,20.16377646128337,-0.0771427506571953,20.620699644088745,0.0029214072238523,46.51163615943308,983978.75,2.934955658341199,-0.0092053921392571,3703.TW,2026-07-29,-0.1431184430202131,-0.0095137583551345,bull,0.2715477293790547,0.2680890538033395,2026-03-31,2026-05-15,6361105000.0,914713000.0,324449000.0,316048000.0,20798000.0,271125000.0,0.33,60631473000.0,49543922000.0,96677563000.0,67868177000.0,28809386000.0,10527237000.0,21243501000.0,17124326000.0,,0.0658064597782615,303098159.93140286,47133641000.0,0.0064306120533188,0.0094109954304475,0.0028044252625606,2.355766172871577,0.1437978150022676,0.0510051319699957,0.042622311689557,-0.1407257525820014,,,12.969657927377604,12.969657927377604,False,60.15134177354487,60.15134177354487,48.355920812003056,994.0,True,False,True,True,False,True,True,False,True,True,True,True,True,True,False,False,False,11,False,0.0141949749445828,-0.0082780353768561,0.0,20122366.18821621,0.5764596848934198,0.0,3.0,,,,,,0.0166962986682983,-0.0162534881707577,0.1109636198613103,-1.4983394297105654,0.3415662650602409,-1.4983394297105654,0.4921818086617123,-994.0,0.0542168674698795,0.0120481927710843,0.4518072289156626,0.1138554216867469,0.1210843373493976,欣陸
54.0,54.5,53.59999847412109,54.5,212593.0,0.0092592592592593,54.099999237060544,0.0148975647242943,54.4799997329712,0.0459596040202407,53.75552673339844,0.0163918495135004,52.84434286753337,0.0008266719148567,49.20636170094247,181362.1,1.1722019098808405,0.0003671120985102,3705.TW,2026-07-29,-0.1431184430202131,-0.0095137583551345,bull,0.2075996292863762,0.2764378478664193,2026-03-31,2026-05-15,1840865000.0,814150000.0,297411000.0,335863000.0,82504000.0,237394000.0,0.89,7096418000.0,2695071000.0,12716314000.0,4269427000.0,8446887000.0,1125149000.0,360709000.0,848392000.0,,0.24564777900513,224352648.39830524,10021243000.0,0.0223877066346265,0.0281043181943833,0.0186684600584729,0.5054438398430097,0.4422649135053358,0.1615604620653877,0.1289578540523069,-0.1553673664341042,,,60.307644264833584,60.307644264833584,False,63.32667351529776,63.32667351529776,62.57191620268171,260.0,True,False,True,True,True,True,True,False,True,True,True,True,True,True,True,False,False,12,False,0.013849241405331,0.0313308301820862,1.0,9884234.45,0.6839666357738647,1.0,3.0,,,,,,0.0468738516381463,0.0075763435841865,0.1502915225487285,-1.1643260113961778,0.6816265060240965,-1.1643260113961778,0.7069497402550202,-260.0,0.7650602409638554,0.4277108433734939,0.7951807228915663,0.7695783132530121,0.6698795180722892,永信
71.4000015258789,71.5,70.4000015258789,71.30000305175781,330329.0,0.0056417703423166,70.84000091552734,0.0333333775617075,70.57000045776367,0.0070621465882492,70.02999979654948,-0.0536211865591081,71.55847237904867,0.0069201770907825,60.563348498948,215608.85,1.5320753299319578,0.0103443756448755,4104.TW,2026-07-29,-0.1431184430202131,-0.0095137583551345,bull,0.1278962001853568,0.3877551020408163,2026-03-31,2026-05-15,2342958000.0,499286000.0,180402000.0,293936000.0,57430000.0,205180000.0,1.12,10813275000.0,6342897000.0,19463903000.0,7408639000.0,12055264000.0,3077674000.0,386784000.0,350000000.0,,0.1953826683359643,145154575.86685538,13121006000.0,0.0110627627078941,0.0170199507866439,0.0105415650704794,0.6145563465055597,0.2131007043233382,0.0769975390083817,0.0875730593548838,0.0900901445802753,,,40.560354710843605,40.560354710843605,False,76.2800604954226,76.2800604954226,67.35013404927786,502.0,True,True,True,True,True,True,True,True,True,True,True,True,True,True,False,False,False,14,False,0.0181351314993278,-0.0036120017476299,0.0,15372911.662985994,0.6116774791473587,1.0,3.0,,,,,,0.0109728655021418,-0.0095360128811617,0.1263650733299954,-1.7390336144671028,0.3210843373493976,-1.7390336144671028,0.3210843373493976,-502.0,0.5120481927710844,0.6807228915662651,0.144578313253012,0.4569277108433735,0.4891566265060241,佳醫
24.450000762939453,24.5,23.850000381469727,24.5,269540.0,-0.02,24.64000015258789,0.0381355764399451,24.405000019073487,0.1085972659322942,23.691666666666663,0.0629067596934274,23.14166661898295,0.0130759635161816,60.21507537523543,240628.95,1.1201478458847116,0.0038926441652229,4106.TW,2026-07-29,-0.1431184430202131,-0.0095137583551345,bull,0.1139944392956441,0.1716141001855287,2026-03-31,2026-05-15,583212000.0,288466000.0,58188000.0,61725000.0,15302000.0,46423000.0,0.46,1721731000.0,619160000.0,3208895000.0,728668000.0,2480227000.0,807797000.0,106264000.0,91028000.0,,0.2479060348319157,43762843.64520048,2589735000.0,0.0168985798335352,0.0187172383818094,0.0144669738336717,0.2937908505955302,0.4946160229899247,0.0997716096376617,0.0795988422734786,0.0484257757867525,,,56.47003550426275,56.47003550426275,False,77.74329490733966,77.74329490733966,72.42498005657043,294.0,True,True,True,True,True,True,True,True,True,True,True,True,True,True,False,False,False,14,False,0.0341188884980654,0.0586964371832587,1.0,5895409.275,0.7395736793327155,0.0,3.0,,,,,,0.0374778836001946,0.0120193338157323,0.1691702835678448,-1.1456801773847174,0.7141566265060241,-1.1456801773847174,0.6929066849073242,-294.0,0.7349397590361446,0.8493975903614458,0.7710843373493976,0.7403614457831326,0.7765060240963856,雃博
50.59999847412109,50.59999847412109,47.70000076293945,49.54999923706055,395472.0,-0.0050200803981931,50.48000030517578,0.1261363462968305,47.13999977111816,0.0699287825321983,43.72226835886637,-0.0650530359926115,47.13949152628581,0.036480491839298,65.39923038876533,229928.35,1.7199792892003096,0.051124299483322,4119.TW,2026-07-29,-0.1431184430202131,-0.0095137583551345,bull,0.0305838739573679,0.2272727272727272,2026-03-31,2026-05-15,375798000.0,82325000.0,33151000.0,28590000.0,8480000.0,20110000.0,0.17,1104577000.0,1053320000.0,6954821000.0,1544198000.0,5410623000.0,51949000.0,390000000.0,300399000.0,,0.2966072053165442,23318174.53655124,5901501000.0,0.0039512277531684,0.0037167623765322,0.0028915194222827,0.2854011451176694,0.2190671584202151,0.0882149452631466,0.0535127914464685,0.0430373141784996,,,33.11973270077256,33.11973270077256,False,81.77316271444023,81.77316271444023,69.60980521102331,629.0,True,True,True,True,True,True,True,True,True,True,True,True,True,True,False,False,False,14,False,0.1332897650771676,0.0511356324119576,1.0,11392949.56707859,0.6617238183503243,1.0,3.0,,,,,,-0.0045116609511621,-0.0537956318043544,0.1241178975504893,-1.5772151700513013,0.178012048192771,-1.5772151700513013,0.2005564891790494,-629.0,0.3855421686746988,0.7530120481927711,0.036144578313253,0.3331325301204819,0.4259036144578313,旭富
25.450000762939453,25.549999237060547,24.600000381469727,25.299999237060547,52910.0,-0.0343512022775197,26.13000030517578,0.0119999694824217,25.90000009536743,0.0181086055808021,25.073333326975504,-0.1452703070605728,26.47916668256124,0.0160847443753624,46.42857337484449,33805.25,1.5651415090851273,-0.0231660562199844,4190.TW,2026-07-29,-0.1431184430202131,-0.0095137583551345,bull,0.216867469879518,0.359925788497217,2026-03-31,2026-05-15,547291000.0,358277000.0,-2980000.0,-1118000.0,14477000.0,-15595000.0,-0.26,1622513000.0,3364541000.0,6747057000.0,5134925000.0,1612132000.0,755987000.0,400000000.0,918267000.0,0.0,0.0,-2980000.0,3382516000.0,-0.0008810010063514,-0.0096735254929497,-0.0023113781312355,3.185176524006719,0.6546371126146785,-0.0054450009227266,-0.0284948957684303,-0.0893812082993626,,,14.664956846451332,14.664956846451332,False,64.20534376689342,64.20534376689342,51.8202470367829,964.0,True,False,True,True,False,True,True,False,True,True,True,True,True,True,False,False,False,11,False,0.00904011872411,-0.0445318940598411,0.0,855272.799208641,0.9527340129749768,0.0,3.0,,,,,,-0.0116971188672787,-0.0579300980941202,0.1730286308467989,-0.0418513316388956,0.4253012048192771,-0.0418513316388956,0.4309016041195933,-964.0,0.0843373493975903,0.0602409638554216,0.3192771084337349,0.119578313253012,0.1240963855421686,佐登-KY
62.09999847412109,62.09999847412109,59.09999847412109,61.0,62028.0,0.0049423267428312,60.959999084472656,0.0286678041283516,61.32499980926514,0.0608695652173914,60.26666673024496,-0.1273247686923709,60.823333485921225,0.0072267351702798,45.28300800368512,46544.25,1.3326673004721314,-0.0052996300085765,4438.TW,2026-07-29,-0.1431184430202131,-0.0095137583551345,bull,0.1436515291936978,0.2476808905380333,2026-03-31,2026-05-15,2776631000.0,330829000.0,-88891000.0,49098000.0,-7386000.0,-4994000.0,-0.04,13206368000.0,7119668000.0,19459596000.0,8744320000.0,10715276000.0,1819404000.0,3879746000.0,392167000.0,760063000.0,0.0,-88891000.0,12339928000.0,-0.0072035266332186,-0.0004660635899625,-0.0002566343103936,0.8160611075253684,0.119147628907118,-0.0320139766501202,-0.0017985825268103,0.0074675713430452,,,16.174895657041326,16.174895657041326,False,67.27065936467265,67.27065936467265,54.49671843776482,929.0,True,False,True,True,False,True,True,False,True,True,True,True,True,True,False,False,False,11,False,0.0121681405251341,0.0029045845394131,1.0,2839199.25,0.8359592215013901,1.0,3.0,,,,,,-0.0018434056724742,-0.0485916749253052,0.1267981248810827,-1.5690929760221055,0.1927710843373493,-1.5690929760221055,0.2321894888221911,-929.0,0.1204819277108433,0.108433734939759,0.0662650602409638,0.1123493975903614,0.1060240963855421,廣越
166.0,169.0,165.0,167.0,532803.0,0.0090634441087613,165.5,-0.0029850746268657,165.08245620727538,0.1059602649006623,161.9691520690918,0.0151975683890577,159.25124270121256,-0.0007566244458311,61.55764331369596,423632.85,1.257699916330851,0.0116156727781961,4536.TW,2026-07-29,-0.1431184430202131,-0.0095137583551345,bull,0.2910101946246524,0.1781076066790352,2026-03-31,2026-05-15,2316961000.0,794900000.0,396418000.0,448947000.0,83458000.0,327949000.0,3.61,9168173000.0,3277337000.0,14414904000.0,4782570000.0,9632334000.0,5697733000.0,352903000.0,784549000.0,,0.1858972217210494,322724995.159785,11137567000.0,0.0289762562290116,0.0340466806902667,0.022750689147843,0.4965120603168453,0.3430787138842647,0.1710939459058655,0.1415427363688901,-0.0352736858453488,,,64.73287402560862,64.73287402560862,False,64.3128723466736,64.3128723466736,64.41787276640736,213.0,True,False,True,True,True,True,False,True,True,True,True,True,True,True,True,False,False,12,False,0.0310605313829277,0.0486574369364618,1.0,70746685.95,0.3883225208526413,2.0,3.0,,,,,,0.0358987606595801,0.0034040236928583,0.1637915233321676,-0.9698107801318098,0.6975903614457831,-0.9698107801318098,0.5780456387922871,-213.0,0.8012048192771084,0.5301204819277109,0.5421686746987951,0.7623493975903615,0.6680722891566265,拓凱
131.0,131.0,126.5,129.5,252865.0,-0.007662835249042,129.9,0.048582995951417,127.9,0.0318725099601593,125.325,-0.0335820895522388,125.77083333333331,0.0120672601384768,64.0,183086.5,1.3811231303236449,0.0125097732603596,4736.TW,2026-07-29,-0.1431184430202131,-0.0095137583551345,bull,0.0908248378127896,0.3153988868274582,2026-03-31,2026-05-15,1074466000.0,531890000.0,272939000.0,362978000.0,69184000.0,284846000.0,2.99,7743817000.0,2835366000.0,13071771000.0,3115964000.0,9955807000.0,2352593000.0,940000000.0,169444000.0,,0.1906010832612444,220916530.9357592,10236405000.0,0.0215814566672341,0.0286110407724858,0.0217909264169331,0.3129795505276468,0.4950272972806957,0.2540229285989505,0.2651047124804321,0.0999991809891194,,,73.12470502530472,73.12470502530472,False,75.27545655265686,75.27545655265686,74.73776867081882,136.0,True,True,True,True,True,True,True,True,True,True,True,True,True,True,True,False,False,14,False,0.0333133851984839,0.0296504886533046,1.0,23709701.75,0.5532900834105653,2.0,3.0,,,,,,0.0233120654953137,-0.0088201887471876,0.1471804623578065,-1.259616958483935,0.5367469879518073,-1.259616958483935,0.7823310758629619,-136.0,0.9036144578313252,0.891566265060241,0.8855421686746988,0.9009036144578312,0.8963855421686747,泰博
58.5,58.5,56.79999923706055,58.29999923706055,146565.0,0.0355239791670096,56.98000030517578,0.0192307422980628,57.35500011444092,0.0017181868180451,57.0150000890096,0.0599999861283735,58.97166674931844,0.0006979002462621,51.01009565839102,179453.4,0.8167301371832465,0.0164763162886245,4737.TW,2026-07-29,-0.1431184430202131,-0.0095137583551345,bull,0.1853568118628359,0.4025974025974026,2026-03-31,2026-05-15,405264000.0,122255000.0,-88509000.0,-100891000.0,-21625000.0,-79924000.0,-1.09,1492041000.0,1758421000.0,5654786000.0,3442043000.0,2212743000.0,387476000.0,517663000.0,1666248000.0,,0.2143402285634992,-69537960.71007325,3896365000.0,-0.0178468805438076,-0.0361198747437004,-0.0141338681958963,1.555554802342613,0.3016675549765091,-0.2183983773540211,-0.1972146551383789,-0.1582270724761705,,,15.873895957923814,15.873895957923814,False,60.74738693656524,60.74738693656524,49.52901419190488,937.0,True,False,True,True,True,True,True,True,True,True,True,True,True,True,False,False,False,13,False,0.0225379136375489,-0.0113896647200607,0.0,10462133.08308792,0.6765523632993512,1.0,3.0,,,,,,-0.0206812843005712,-0.0750941626376572,0.1356192969375848,-1.4326186298691386,0.1912650602409638,-1.4326186298691386,0.5540492190980613,-937.0,0.1144578313253012,0.0240963855421686,0.5180722891566265,0.175,0.1680722891566265,華廣
48.0,48.650001525878906,45.900001525878906,47.0,11623270.0,-0.0656063476563463,48.900000762939456,-0.0187891753070751,48.54249992370605,0.0829492706808883,45.149166679382326,-0.0693069306930692,45.32125002543132,0.0139425611926945,48.101271018253584,10064608.55,1.1548655809370747,-0.0317762769970725,4763.TW,2026-07-29,-0.1431184430202131,-0.0095137583551345,bull,0.3568118628359592,0.2105751391465677,2026-03-31,2026-05-15,2711414000.0,1506899000.0,1344230000.0,1277102000.0,163292000.0,1114887000.0,1.13,18689835000.0,1425022000.0,23180026000.0,1425022000.0,21755004000.0,10088044000.0,,,,0.1278613611128946,1172354922.5512135,21755004000.0,0.0538889775681591,0.0512473819816351,0.0480968830664814,0.0655031826240988,0.5557613112567834,0.4957671532270616,0.4111828735855166,-0.3473205110583516,,,80.5798896395777,80.5798896395777,False,60.32181214406599,60.32181214406599,65.38633151794392,83.0,True,False,True,True,False,True,True,False,True,True,True,True,True,True,True,False,False,11,False,0.0409937426699587,0.0370411225115521,1.0,473036601.85,0.1835032437442076,1.0,2.0,,,,,,0.0255444452611672,-0.028797833056766,0.1340206246061882,-1.2154582458951708,0.4623493975903615,-1.2154582458951708,0.4405984227528372,-83.0,0.9518072289156626,0.572289156626506,0.3313253012048193,0.858734939759036,0.713855421686747,材料*-KY
38.09999847412109,38.09999847412109,36.650001525878906,38.0,290969.0,-0.0488110319324053,38.28999938964844,0.0119840418663794,39.06750011444092,0.7715617085503812,34.12833344141642,1.1111111111111112,25.397716585795084,0.0014098025873029,50.91383406327178,332499.4,0.8750963159632769,-0.0273245053129551,4807.TW,2026-07-29,-0.1431184430202131,-0.0095137583551345,bull,0.2177942539388322,0.0037105751391465,2026-03-31,2026-05-15,614904000.0,170422000.0,87748000.0,91603000.0,25539000.0,66606000.0,1.7,1245034000.0,536565000.0,1681170000.0,611401000.0,1069769000.0,166156000.0,411698000.0,8064000.0,,0.2788009126338657,63283777.51820355,1144605000.0,0.0552887480993037,0.0622620397487681,0.0396188368814575,0.5715261892988113,0.2771522058727866,0.1427019502231242,0.1083193474103274,0.1696505337482594,,,79.1380462401501,79.1380462401501,False,68.37340800335637,68.37340800335637,71.06456756255481,91.0,True,False,True,True,False,True,True,True,True,True,True,True,True,True,True,False,False,12,False,0.1134443486737948,0.4961974975834387,1.0,12634977.2,0.6394810009267841,1.0,2.0,,,,,,0.115107424029252,0.0804222829301198,0.2803276143424832,-0.9258225945024618,0.930722891566265,-0.9258225945024618,0.9056620586430744,-91.0,0.9457831325301204,0.8012048192771084,0.9819277108433736,0.9512048192771084,0.9096385542168676,日成-KY
108.0,108.5,105.0,106.5,19361579.0,0.0339805825242718,105.6,0.0685022731520965,100.54444541931151,0.1116909875510268,100.78596076965331,0.1742007010295054,97.01048049926756,0.0048126017619619,75.55555555555556,15240877.6,1.2703716615373908,0.0592330541568095,4904.TW,2026-07-29,-0.1431184430202131,-0.0095137583551345,bull,0.0685820203892493,0.1614100185528757,2026-03-31,2026-05-15,27804510000.0,9180075000.0,4900562000.0,4717879000.0,943576000.0,3708354000.0,1.03,36726189000.0,39569231000.0,185313352000.0,85176808000.0,100136544000.0,7149542000.0,1907000000.0,7161318000.0,18487164000.0,0.2000000423919307,3920449392.255715,145744121000.0,0.026899537115845,0.0370329736963959,0.0200112617897063,0.850606627686292,0.3301649624467397,0.1762506154577081,0.1333723917450802,0.0676669313513584,,,64.90506799565857,64.90506799565857,False,66.09647395037967,66.09647395037967,65.7986224616994,211.0,True,False,True,True,True,False,True,False,True,True,True,True,True,True,True,False,False,11,False,0.0566947934683694,0.0978195288992931,1.0,1623153464.4,0.0759962928637627,2.0,3.0,,,,,,0.0187011658989598,-0.0489834223339207,0.253692623358322,-1.2801688144629155,0.5243975903614457,-1.2801688144629155,0.6507046490814898,-211.0,0.8072289156626506,0.608433734939759,0.6746987951807228,0.7873493975903615,0.7210843373493976,遠傳
91.8000030517578,94.1999969482422,90.5999984741211,93.0,23570.0,0.0032362789820294,92.71999969482422,0.0276243093922652,91.56499977111817,0.0052967843720697,90.09860979715982,-0.0749336823224829,92.97985909779868,0.0053801828673101,60.86956882296648,16527.1,1.4261425174410516,0.0156719295852001,4994.TW,2026-07-29,-0.1431184430202131,-0.0095137583551345,bull,0.1464318813716404,0.3886827458256029,2026-03-31,2026-05-15,310457000.0,208064000.0,35229000.0,33019000.0,4848000.0,28171000.0,0.42,1219973000.0,321778000.0,1472872000.0,422249000.0,1050623000.0,1043322000.0,,,,0.1468245555589206,30056517.732214782,1151094000.0,0.026111262618183,0.0268136143983141,0.0191265771906859,0.4019034420529533,0.6701862093623272,0.1134746518841578,0.090740424599864,0.0382309171473957,,,63.609188818976335,63.609188818976335,False,75.60223316061557,75.60223316061557,72.60397207520576,231.0,True,True,True,True,True,True,True,True,True,True,True,True,True,True,True,False,False,14,False,0.0322023859121922,0.0002166157530971,1.0,1537020.2999999998,0.8989805375347544,1.0,3.0,,,,,,0.0187841569374822,0.0006780499972056,0.1162632872295839,-1.3319748750422846,0.4740963855421687,-1.3319748750422846,0.6921965411598405,-231.0,0.7771084337349398,0.8674698795180723,0.7650602409638554,0.775301204819277,0.8018072289156626,傳奇
53.79999923706055,53.900001525878906,52.400001525878906,53.59999847412109,126983.0,0.0113207259268128,53.21999969482422,0.0170777551831564,53.35999984741211,0.0229007044522611,53.03666667938232,-0.1181620761162807,54.80576152801514,-0.000749066527863,56.24999006588302,74751.95,1.6987249162061997,0.0044977254009608,5283.TW,2026-07-29,-0.1431184430202131,-0.0095137583551345,bull,0.1946246524559777,0.3432282003710575,2026-03-31,2026-05-15,1223404000.0,353685000.0,-7455000.0,16910000.0,3240000.0,13670000.0,0.16,4507049000.0,2765436000.0,8209751000.0,3417985000.0,4791766000.0,676596000.0,1172000000.0,328000000.0,,0.1916026020106445,-6026602.602010644,5444315000.0,-0.0011069533269126,0.0028528104252169,0.0016650931313263,0.7133038215972983,0.2890991038119869,-0.006093653445632,0.011173741462346,-0.0336491827829927,,,23.489256314333275,23.489256314333275,False,59.854869416387096,59.854869416387096,50.763466140873646,798.0,True,False,True,True,True,True,False,True,True,True,True,True,True,True,False,False,False,12,False,0.0106215535403879,-0.0220006623441898,0.0,4006704.405937576,0.798887859128823,1.0,3.0,,,,,,0.019398341131535,-0.0131989426414716,0.1480839980324159,-1.466977842985948,0.4509036144578313,-1.466977842985948,0.6365416236842841,-798.0,0.2469879518072289,0.036144578313253,0.6566265060240963,0.308433734939759,0.2656626506024096,禾聯碩
88.69999694824219,90.5,88.4000015258789,89.9000015258789,277237.0,-0.032292787413618,90.66000061035156,0.0477855283017627,89.94000015258788,0.1250921991652831,85.59566230773926,-0.0248419504463588,86.08113911946614,0.0155141796489534,57.083338763980464,301676.7,0.9189871143512244,-0.0004447256686804,5306.TW,2026-07-29,-0.1431184430202131,-0.0095137583551345,bull,0.0936051899907321,0.1484230055658627,2026-03-31,2026-05-15,1341388000.0,561120000.0,294671000.0,324498000.0,98836000.0,225673000.0,1.79,6076821000.0,3279027000.0,14278795000.0,5015002000.0,9263793000.0,2533303000.0,1157914000.0,920000000.0,0.0,0.304581230084623,204919744.34973404,10999768000.0,0.0186294605804171,0.0243607559020371,0.0158047650379461,0.5413551447015278,0.4183129713401342,0.219676186159411,0.1682384216945432,0.052471848048508,,,64.26179889626455,64.26179889626455,False,74.12942334333198,74.12942334333198,71.66251723156512,219.0,True,False,True,True,False,True,True,True,True,True,True,True,True,True,True,False,False,12,False,0.0502868848968585,0.0443635208069543,1.0,27120735.790322118,0.5338276181649676,1.0,3.0,,,,,,0.019788314514993,-0.0029884210094374,0.1373707503645365,-1.531563981732793,0.4674698795180723,-1.531563981732793,0.4375066424946543,-219.0,0.7891566265060241,0.8192771084337349,0.3253012048192771,0.719578313253012,0.705421686746988,桂盟
43.5,43.5,41.20000076293945,42.34999847412109,589097.0,0.0107397835764813,43.01999969482421,0.0469715123694738,41.86000003814697,0.1646512371523576,39.350150680542,0.3711988895828855,36.41999910672506,0.0152185719288028,55.55554326989876,475018.75,1.2401552570293275,0.0117056482448061,5515.TW,2026-07-29,-0.1431184430202131,-0.0095137583551345,bull,0.0954587581093605,0.1178107606679035,2026-03-31,2026-05-15,2015280000.0,391103000.0,268702000.0,476647000.0,82479000.0,394168000.0,1.96,9114211000.0,5142167000.0,11530797000.0,5836747000.0,5694050000.0,2270517000.0,100000000.0,,,0.1730400065457246,222205804.1611507,6388630000.0,0.0347814483169553,0.0692245414072584,0.0341839336864572,1.02506072127923,0.1940688142590607,0.1333323409154063,0.1955896947322456,0.3881614203981094,,,76.63848749386133,76.63848749386133,False,76.11833636888734,76.11833636888734,76.24837415013084,104.0,True,True,True,True,True,True,True,True,True,True,True,True,True,True,True,False,False,14,False,0.0762347218930084,0.1628226115552276,1.0,20117043.337678906,0.577386468952734,1.0,3.0,,,,,,0.020215407565421,-0.0155108962741322,0.2179346405056884,-0.2471107161038284,0.6737951807228916,-0.2471107161038284,0.7967066674482672,-104.0,0.933734939759036,0.9216867469879518,0.891566265060241,0.9274096385542168,0.9216867469879516,建國
22.950000762939453,23.350000381469727,22.64999961853028,23.049999237060547,309466.0,-0.006465582799399,22.95,0.0671295754621721,22.325000000000003,-0.00216455167028,22.20499986012777,-0.1048543985607555,23.66291658083598,0.0152341991236066,67.14283145205275,165505.6,1.8698219274755656,0.0324747698571352,5525.TW,2026-07-29,-0.1431184430202131,-0.0095137583551345,bull,0.0695088044485634,0.4128014842300556,2026-03-31,2026-05-15,1698934000.0,556161000.0,414941000.0,398700000.0,92567000.0,306176000.0,1.0,16699907000.0,13384714000.0,19803799000.0,13909171000.0,5894628000.0,180413000.0,4052574000.0,61500000.0,,0.2321720591923752,318603293.58665663,6419085000.0,0.0496337552138126,0.0519415304918308,0.0154604679637477,2.3596350779048314,0.3273588026374185,0.2442360915727155,0.1802165357806718,12.78490174123298,,,72.16266908007779,72.16266908007779,False,71.22704523986467,71.22704523986467,71.46095119991796,148.0,True,False,True,True,True,True,True,True,True,True,True,True,True,True,True,False,False,13,False,0.038054464411418,-0.0259020202214557,0.0,3814903.953729248,0.8072289156626506,0.0,3.0,,,,,,0.0119216496438687,-0.0087934077171358,0.1528938972965341,-0.4885880078096467,0.5731927710843374,-0.4885880078096467,0.3977019320708734,-148.0,0.8855421686746988,0.8132530120481928,0.2590361445783132,0.7915662650602409,0.7385542168674699,順天
34.650001525878906,34.650001525878906,33.150001525878906,33.95000076293945,47881.0,-0.0187860618452859,34.08000030517578,0.0813322036991428,33.7769910812378,0.0812102285155547,33.32019147872925,0.0592824203153761,32.23509567578633,0.0217395524343734,59.61539025843122,37659.95,1.2714037060590897,0.0051221164515675,5538.TW,2026-07-29,-0.1431184430202131,-0.0095137583551345,bull,0.0565338276181649,0.212430426716141,2026-03-31,2026-05-15,3164547000.0,521693000.0,303683000.0,283264000.0,56625000.0,225974000.0,1.12,11275781000.0,4984369000.0,14701660000.0,6800925000.0,7900735000.0,2524953000.0,2256342000.0,1189653000.0,,0.1999018583370989,242976203.9546148,9717291000.0,0.0250045206997109,0.0286016427585534,0.0153706452196554,0.8607964955159235,0.1648555069651359,0.0959641300950815,0.0714080087924116,0.0280798566914675,,,45.92585745794853,45.92585745794853,False,79.14330982326481,79.14330982326481,70.83894673193575,416.0,True,True,True,True,True,True,True,True,True,True,True,True,True,True,False,False,False,14,False,0.0189017306401813,0.0531999378690004,1.0,1278555.3312322616,0.9202965708989804,1.0,3.0,,,,,,0.0373722155925305,0.0234606331558471,0.1859773741163217,-0.1273102578260742,0.8081325301204819,-0.1273102578260742,0.8406012930176386,-416.0,0.5903614457831325,0.7951807228915663,0.927710843373494,0.6409638554216868,0.7192771084337348,東明-KY
44.0,44.59999847412109,43.59999847412109,44.34999847412109,17307102.0,0.0354637014587673,43.91019287109375,0.0459904924072229,43.33538436889648,0.1549478310367331,41.6917947769165,0.1087499618530272,40.58423070907592,0.0084366799208513,58.71320364840189,14699718.55,1.1773764199043115,0.0234130634815097,5876.TW,2026-07-29,-0.1431184430202131,-0.0095137583551345,bull,0.098239110287303,0.1233766233766233,2026-03-31,2026-05-15,,,,,1276742000.0,5109024000.0,,,,2488960189000.0,2207968500000.0,280991689000.0,30954201000.0,,,,,,2488960189000.0,,0.0181821178348089,0.0020526740534378,7.857771551385635,,,,,,,9.85663137943466,9.85663137943466,False,79.85675172785137,79.85675172785137,62.3567216407472,1040.0,True,True,True,True,True,True,True,True,True,True,True,True,True,True,False,False,False,14,False,0.0637584376357036,0.0927889404148056,1.0,651932495.2625095,0.1529193697868396,1.0,3.0,,,,,,0.0060396240025468,-0.1588951269053099,0.1552519791070973,-1.2669572942295153,0.308433734939759,-1.2669572942295153,0.3239304693072487,-1040.0,0.0240963855421686,0.4156626506024096,0.1506024096385542,0.0430722891566265,0.1668674698795181,上海商銀
137.5,140.0,130.0,139.0,5874189.0,-0.0413793103448275,150.4,0.0829415530417632,135.98144721984863,0.7684478714813907,129.7652384440104,1.158385042027419,97.349285920461,0.0218351782556815,52.406417112299465,3150643.0,1.864441321977768,0.0221982692629465,6166.TW,2026-07-29,-0.1431184430202131,-0.0095137583551345,bull,0.0556070435588507,0.0046382189239332,2026-03-31,2026-05-15,3443841000.0,1293055000.0,417400000.0,440128000.0,100613000.0,342530000.0,1.57,9685113000.0,6814747000.0,14840413000.0,9041778000.0,5798635000.0,2371557000.0,1276966000.0,2103192000.0,,0.2285994074451068,321982607.3324124,8025666000.0,0.0401191137697995,0.0590707985586263,0.023080894042504,1.5592942132070735,0.3754688442352594,0.1212018789485345,0.0994616185822748,0.2873272036683791,,,76.55639090357866,76.55639090357866,False,78.31358587812194,78.31358587812194,77.87428713448611,106.0,True,True,True,True,True,True,True,True,True,True,True,True,True,True,True,False,False,14,False,0.0711651415026228,0.4278481725440657,1.0,437939377.0,0.1918443002780352,2.0,3.0,,,,,,0.0246361130362831,-0.0656463801253532,0.2578816972772467,-0.9803875542292592,0.5927710843373495,-0.9803875542292592,0.5856948883158128,-106.0,0.927710843373494,0.963855421686747,0.572289156626506,0.8743975903614457,0.8674698795180723,凌華
47.650001525878906,47.84999847412109,46.400001525878906,47.09999847412109,1770112.0,-0.0248447366851861,47.89000015258789,0.0228012867417273,46.76999969482422,0.03744486544286,45.86000010172526,-0.0348360817524032,46.34749994277954,0.0122828877137605,64.51612109324282,1116094.2,1.585987992769786,0.0070557789491152,6177.TW,2026-07-29,-0.1431184430202131,-0.0095137583551345,bull,0.1631139944392956,0.2959183673469387,2026-03-31,2026-05-15,4844225000.0,2424809000.0,2089752000.0,2073933000.0,400120000.0,1667275000.0,3.53,41652029000.0,29793350000.0,46628913000.0,33629226000.0,12999687000.0,696289000.0,19529640000.0,800533000.0,2371735000.0,0.1929281225574789,1686580070.0292633,16835563000.0,0.1001796061129208,0.1282550110629586,0.0357562484890008,2.586925823675601,0.5005566421873467,0.4313903668801511,0.3441778612677982,7.245531466543658,,,87.89986336679576,87.89986336679576,False,74.27303462060792,74.27303462060792,77.67974180715487,43.0,True,False,True,True,True,True,True,True,True,True,True,True,True,True,True,False,False,13,False,0.0270387782303815,0.0162360112685813,1.0,52568035.11697539,0.4291010194624652,1.0,2.0,,,,,,-0.0145088963553924,-0.0364170612291431,0.211254291490481,0.520827218857275,0.4798192771084337,0.520827218857275,0.681012711106304,-43.0,1.0,0.9578313253012049,0.7349397590361446,0.9602409638554216,0.9343373493975904,達麗
91.8000030517578,92.8000030517578,90.6999969482422,92.8000030517578,77902.0,0.018660862855224,91.60000152587892,0.0322580809416792,90.75499954223632,0.0108932458252337,90.76499977111816,-0.0241850206021735,92.34499969482424,0.0059299515955843,67.10528957544449,32406.95,2.403867071723812,0.0225332325473677,6183.TW,2026-07-29,-0.1431184430202131,-0.0095137583551345,bull,0.1316033364226135,0.3784786641929499,2026-03-31,2026-05-15,663941000.0,299863000.0,193194000.0,199461000.0,39323000.0,160138000.0,1.07,2919021000.0,1409346000.0,4616371000.0,1618254000.0,2998117000.0,876563000.0,,,,0.1971463093035731,155106515.9204055,3207025000.0,0.0483646107905007,0.0534128588043762,0.0346891530165144,0.5397567873435226,0.4516410343690177,0.2909806744876427,0.2411931180632014,0.0640097179642915,,,85.55551742626001,85.55551742626001,False,56.68404759761796,56.68404759761796,63.90191505477847,58.0,True,False,True,True,True,False,True,True,True,True,True,True,True,True,True,False,False,12,False,0.0224205727512949,0.004927211635034,1.0,3007365.0588981626,0.8322520852641334,1.0,2.0,,,,,,0.0158278156861961,0.0011035808992704,0.1621912590382423,-1.1621766646733065,0.5822289156626507,-1.1621766646733065,0.7241030788978781,-58.0,0.9879518072289156,0.5240963855421686,0.8253012048192772,0.9635542168674698,0.8162650602409638,關貿
144.5,147.0,140.5,144.0,3365542.0,0.0176678445229681,142.6,0.0992366412213741,139.5,0.2031999624652789,132.5753548940023,0.2429751770039454,121.09352868398032,0.0225398570643209,51.06382978723405,1575113.55,2.1366980177397368,0.032258064516129,6214.TW,2026-07-29,-0.1431184430202131,-0.0095137583551345,bull,0.0435588507877664,0.0881261595547309,2026-03-31,2026-05-15,11968686000.0,2441124000.0,591731000.0,895921000.0,121622000.0,718327000.0,2.64,28637858000.0,16986250000.0,37839475000.0,17932964000.0,19906511000.0,4485498000.0,2337560000.0,448042000.0,0.0,0.1357508083860072,511403038.4029395,20853225000.0,0.0245239303946003,0.0360850276575337,0.0189835350516887,0.9008592213874144,0.203959231614899,0.0494399301644307,0.0600171982120677,0.2168964026850304,,,53.24611007538207,53.24611007538207,False,74.70576904934501,74.70576904934501,69.34085430585428,322.0,True,False,True,True,True,True,True,True,True,True,True,True,True,True,False,False,False,13,False,0.0861747276869975,0.1891634636876349,1.0,226816351.2,0.2418906394810009,2.0,3.0,,,,,,-0.0018204161555502,-0.067800020626857,0.2076263447230011,-1.3728831546844589,0.347289156626506,-1.3728831546844589,0.4051634423515814,-322.0,0.6927710843373494,0.7289156626506024,0.2771084337349397,0.630421686746988,0.6204819277108434,精誠
48.95000076293945,53.20000076293945,47.20000076293945,51.20000076293945,10221383.0,0.0219561341780591,49.94000015258789,0.2518337127822199,44.7924997329712,0.473381316919121,38.28166659673055,0.4163208465229695,35.394583225250244,0.0497422041974375,63.885580897958896,4372978.45,2.3373961515863404,0.14304852527022,6243.TW,2026-07-29,-0.1431184430202131,-0.0095137583551345,bull,0.0092678405931417,0.0213358070500927,2026-03-31,2026-05-15,90026000.0,53797000.0,-16222000.0,-1659000.0,-162000.0,,-0.03,918796000.0,84467000.0,1150484000.0,381040000.0,769444000.0,591361000.0,,,291585000.0,0.0976491862567811,-14637934.900542496,1066017000.0,-0.0137314272666782,,,0.4952147264778203,0.5975718125874747,-0.1801923888654388,,-0.455927768074601,,,38.55396498905318,38.55396498905318,False,90.98236860822132,90.98236860822132,77.87526770342927,549.0,True,True,True,True,True,True,True,True,True,True,True,True,True,True,False,False,False,14,False,0.3374548527966174,0.4465490506585126,1.0,223896499.9763178,0.2428174235403151,1.0,3.0,,,,,,0.0685390460643513,-0.048317307971775,0.3877946843614389,-1.277885826482673,0.6870481927710843,-1.277885826482673,0.6886743277944049,-549.0,0.4578313253012048,0.9698795180722892,0.7530120481927711,0.5021084337349397,0.6704819277108434,迅杰
77.5,77.5,74.30000305175781,76.30000305175781,792713.0,-0.0267856943016501,77.7000015258789,0.0900000435965402,73.6507755279541,0.0731364935194676,73.60025850931804,0.2528735819380039,68.96096248626709,0.0276263329234204,67.44308084679244,755793.65,1.0488484522197294,0.0359701239370955,6277.TW,2026-07-29,-0.1431184430202131,-0.0095137583551345,bull,0.0472659870250231,0.2235621521335807,2026-03-31,2026-05-15,1293181000.0,778857000.0,186537000.0,183859000.0,52118000.0,128893000.0,1.08,3416718000.0,1638244000.0,7019344000.0,2304220000.0,4715124000.0,897714000.0,266856000.0,200000000.0,,0.2834672221648111,133659874.77904265,5381100000.0,0.0248387643379685,0.0273360785421549,0.01836254214069,0.4886870419526612,0.6022799592632431,0.1442466290488338,0.0996712757146911,0.0734456101555489,,,66.12491163281756,66.12491163281756,False,74.23856863050723,74.23856863050723,72.2101543810848,199.0,True,False,True,True,True,True,True,True,True,True,True,True,True,True,True,False,False,13,False,0.0366811828806006,0.1064231168025275,1.0,57667057.80149918,0.4114921223354958,1.0,3.0,,,,,,0.0263842947324168,-0.0036666420819205,0.2380195398243507,-1.2560193615309792,0.6984939759036145,-1.2560193615309792,0.6896470518274039,-199.0,0.8192771084337349,0.8433734939759037,0.7590361445783133,0.8102409638554217,0.8144578313253013,宏正
52.0,52.09999847412109,51.400001525878906,52.0,85113.0,0.0136452392465875,51.92000045776367,0.0176125548484058,51.66499977111816,0.0579857250384923,51.237499936421706,-0.1143317127741073,53.3369620958964,0.003788619951576,50.0,65474.95,1.2999322641712594,0.0064840845904563,6281.TW,2026-07-29,-0.1431184430202131,-0.0095137583551345,bull,0.190917516218721,0.2569573283858998,2026-03-31,2026-05-15,4414198000.0,938230000.0,137648000.0,139886000.0,27977000.0,,1.13,5891624000.0,4637050000.0,10056992000.0,7381843000.0,2675149000.0,1001652000.0,,,,0.1999985702643581,110118596.80025163,5419942000.0,0.0203173016981088,,,2.759413774709371,0.2125482363953769,0.0311830144456592,,-4.372064006108456e-05,,,24.61246995903972,24.61246995903972,False,65.8883172210894,65.8883172210894,55.56935540557698,774.0,True,False,True,True,True,True,True,True,True,True,True,True,True,True,False,False,False,13,False,0.0148816797174813,-0.0250663338023008,0.0,3404697.4,0.8211306765523633,1.0,3.0,,,,,,0.0499981574695321,0.0134378225354049,0.2236309960319298,-0.9643311382201852,0.816867469879518,-0.9643311382201852,0.8143939998404213,-774.0,0.2650602409638554,0.1506024096385542,0.9096385542168676,0.3617469879518072,0.3596385542168675,全國電
440.0,452.5,419.5,436.5,4953613.0,-0.1091836734693877,468.9,0.1781376518218622,418.275,0.3126454539088861,376.02465667724607,0.5697146453658062,326.0262326558431,0.0648548879837066,59.68109339407745,3301822.9,1.5002661105778872,0.0435718128025821,6414.TW,2026-07-29,-0.1431184430202131,-0.0095137583551345,bull,0.0129749768303985,0.0547309833024118,2026-03-31,2026-05-15,37112748000.0,7463263000.0,1991965000.0,2414012000.0,571474000.0,751782000.0,5.15,113547832000.0,89321445000.0,170294132000.0,107066225000.0,63227907000.0,26537871000.0,13786805000.0,9111537000.0,0.0,0.236732046071022,1520403049.848137,80972687000.0,0.0187767394930112,0.0118900345697035,0.0044146089543472,1.693338117296845,0.2010970192775808,0.0536733361808724,0.0202567053240034,0.0767958564505,,,30.957982203301764,30.957982203301764,False,89.57689298320025,89.57689298320025,74.92216528822563,665.0,True,True,True,True,True,True,True,True,True,True,True,True,True,True,False,False,False,14,False,0.1608281325409515,0.338849320326853,1.0,1441245695.85,0.0852641334569045,2.0,3.0,,,,,,0.0444042317083968,-0.0220518695949948,0.2508015335808266,-1.6441278922788751,0.5810240963855422,-1.6441278922788751,0.4770599798843976,-665.0,0.3674698795180723,0.8975903614457831,0.4216867469879518,0.3756024096385542,0.5373493975903615,樺漢
40.0,40.95000076293945,38.5,40.95000076293945,157304.0,0.109756072346506,39.650000762939456,0.1486675739189855,37.03750019073486,0.0419847724659223,37.21166674296061,0.009864402796667,39.04791663487752,0.0256144047278605,75.38460936537156,77778.2,2.022469020882458,0.1056361944530837,6504.TW,2026-07-29,-0.1431184430202131,-0.0095137583551345,bull,0.0166821130676552,0.2857142857142857,2026-03-31,2026-05-15,1590980000.0,219208000.0,68162000.0,40419000.0,33038000.0,7373000.0,0.1,4601650000.0,3784299000.0,9394734000.0,5869098000.0,3525636000.0,865116000.0,2605000000.0,1747502000.0,,0.4,40897200.0,5610435000.0,0.0072894882482374,0.0020912538900782,0.000784801357867,1.664691987488215,0.1377817445850984,0.0428427761505487,0.004634250587688,-0.0472431985723439,,,15.65486579192866,15.65486579192866,False,67.63912049551637,67.63912049551637,54.643056819619446,944.0,True,False,True,True,True,False,True,False,True,True,False,True,True,True,False,False,False,10,False,0.1004613430997694,0.0487115393593877,1.0,3185017.349340057,0.8276181649675626,1.0,3.0,,,,,,-0.0068950107915736,-0.0952605028591766,0.1493374856731616,-1.5275120088462242,0.1981927710843373,-1.5275120088462242,0.3508878363083526,-944.0,0.1024096385542168,0.1204819277108433,0.1987951807228915,0.116867469879518,0.1271084337349397,南六
76.30000305175781,77.0999984741211,72.0,74.80000305175781,48078905.0,-0.121034025934742,81.26000061035157,0.3955224847230625,71.44500007629395,0.380866405399981,58.39822209676107,0.4655172748831637,55.92177782058716,0.1025463007189502,63.11475312443932,56343109.8,0.8533235948577337,0.0469592409809105,6505.TW,2026-07-29,-0.1431184430202131,-0.0095137583551345,bull,0.0027803521779425,0.0343228200371057,2026-03-31,2026-05-15,161989437000.0,27190906000.0,24513957000.0,25616191000.0,5209581000.0,20407731000.0,2.14,296450387000.0,65693610000.0,463713281000.0,83114597000.0,380598684000.0,63985692000.0,123643000.0,1500200000.0,8100000000.0,0.2033706338307674,19528538027.20982,398019671000.0,0.0490642534780895,0.0536200776774099,0.0440093735421824,0.2183785716925915,0.1678560436011639,0.1513305895371437,0.1259818626321912,-0.0650893152444253,,,66.8716639923295,66.8716639923295,False,85.62206332165515,85.62206332165515,80.93446348932373,193.0,True,True,True,True,True,True,True,True,True,True,True,True,True,True,True,False,False,14,False,0.2808609640173691,0.3375827086852876,1.0,4214464784.985525,0.036144578313253,1.0,3.0,,,,,,-0.0118740380418953,-0.0690793188331882,0.1936752219114921,-1.5412529467526328,0.2647590361445783,-1.5412529467526328,0.3035293645701536,-193.0,0.8313253012048193,0.9879518072289156,0.1265060240963855,0.7256024096385542,0.7373493975903614,台塑化
108.0,108.5,107.5,108.5,63365.0,0.0140186915887849,107.9,0.0140186915887849,107.425,0.0046296296296295,107.90833333333332,0.0746677848628947,106.6594695409139,0.0030345471521942,64.28571428571428,24880.95,2.546727516433255,0.0100069816150802,6581.TW,2026-07-29,-0.1431184430202131,-0.0095137583551345,bull,0.2131603336422613,0.3923933209647495,2026-03-31,2026-05-15,435086000.0,230832000.0,168083000.0,168115000.0,37893000.0,130222000.0,1.17,1016241000.0,997203000.0,5502480000.0,1475139000.0,4027341000.0,626926000.0,,471956000.0,,0.2253992802545876,130197212.77696814,4505277000.0,0.0288988252613475,0.0323344857065741,0.023666056032916,0.3662811269271711,0.5305433868246737,0.3863213249794293,0.2993017472407754,-0.1170804069150392,,,69.87102388239742,69.87102388239742,False,55.9784784504098,55.9784784504098,59.4516148084067,166.0,True,False,True,True,True,False,True,True,True,True,True,True,True,True,True,False,False,12,False,0.0054830488840837,0.01725613737822,1.0,2699583.075,0.8443002780352178,2.0,3.0,,,,,,0.0162209689132189,-0.0198909560157861,0.1269257240147742,-0.9454688933341704,0.452710843373494,-0.9454688933341704,0.399792921686747,-166.0,0.8674698795180723,0.253012048192771,0.2650602409638554,0.7771084337349398,0.5626506024096385,鋼聯
60.900001525878906,60.900001525878906,59.0,60.09999847412109,703549.0,-0.0066115954690729,60.43999938964844,0.0186440419342557,60.42000045776367,0.0593383575551225,58.88143838246664,0.0423617628918948,58.1370413462321,0.0044358691946243,54.92955173584689,841859.8,0.8357080359461277,-0.0052962923074831,6592.TW,2026-07-29,-0.1431184430202131,-0.0095137583551345,bull,0.1881371640407785,0.2532467532467532,2026-03-31,2026-05-15,5805627000.0,3589277000.0,1112669000.0,1199688000.0,276772000.0,908070000.0,0.76,301356298000.0,284872301000.0,330129656000.0,287832209000.0,42297447000.0,7386317000.0,102306502000.0,1403494000.0,,0.2307033161955441,855972571.87202,45257355000.0,0.0189134467065523,0.0214686716198261,0.0027506465520322,6.804954658374535,0.6182410616458826,0.1916535457755036,0.1564120464507968,-0.0460268227300109,,,41.73495049073704,41.73495049073704,False,66.27977373188214,66.27977373188214,60.143567921595874,485.0,True,False,True,True,False,True,True,True,True,True,True,True,True,True,False,False,False,12,False,0.0206951481677342,0.0337643107119727,1.0,50595772.695423886,0.4346617238183503,1.0,3.0,,,,,,0.002797949514681,-0.0272267272222114,0.1670395711512836,-0.7024072731162135,0.4695783132530121,-0.7024072731162135,0.5966605018748293,-485.0,0.5421686746987951,0.2891566265060241,0.5963855421686747,0.550301204819277,0.4771084337349398,和潤企業
30.200000762939453,31.299999237060547,29.14999961853028,30.950000762939453,1239510.0,0.1113106046322478,29.22000045776367,0.3755555894639757,25.770000171661376,0.3725056235067912,24.58000008265177,0.2922755648021478,24.103333266576133,0.066639078268722,73.54651430350773,670838.1,1.8477036411617047,0.2010089467121694,6598.TW,2026-07-29,-0.1431184430202131,-0.0095137583551345,bull,0.0037071362372567,0.0389610389610389,2026-03-31,2026-05-15,217115000.0,140181000.0,17966000.0,20979000.0,0.0,20979000.0,0.2,947351000.0,157433000.0,1089898000.0,414395000.0,675503000.0,434793000.0,,,,0.0,17966000.0,932465000.0,0.0192672111017571,0.0310568568903468,0.0192485902350495,0.613461376189299,0.6456532252492918,0.0827487736913617,0.0966262119153444,0.8094876945002376,,,67.77168793520316,67.77168793520316,False,86.85056292917544,86.85056292917544,82.08084418068236,181.0,True,True,True,True,True,True,True,False,True,True,False,True,True,False,True,False,False,11,False,0.2591538103689241,0.2840547994188642,1.0,20762439.70680885,0.571825764596849,1.0,3.0,,,,,,-0.0143475010591628,-0.096931548600244,0.2940974932243113,-1.1135978925891206,0.3981927710843373,-1.1135978925891206,0.6525619510452118,-181.0,0.8433734939759037,0.993975903614458,0.6807228915662651,0.8189759036144578,0.8560240963855422,ABC-KY
26.14999961853028,26.14999961853028,25.299999237060547,25.75,115020.0,0.001945495547714,25.899999618530277,0.0341365620277824,25.539999961853027,0.1105901461277716,24.91825704574585,0.014017039167492,24.31968625386556,0.0111847920303176,62.962991743290296,133624.9,0.8607677161966071,0.0082223977470881,6606.TW,2026-07-29,-0.1431184430202131,-0.0095137583551345,bull,0.1223354958294717,0.1669758812615955,2026-03-31,2026-05-15,191808000.0,78315000.0,47168000.0,50588000.0,21113000.0,29102000.0,0.26,1052582000.0,392295000.0,2170020000.0,549327000.0,1620693000.0,84940000.0,0.0,,,0.4,28300800.0,1777725000.0,0.0159196726152807,0.0179565161322964,0.0134109363047345,0.3389457472821811,0.4082989239239239,0.2459125792459126,0.1517246413079746,0.1109322058440243,,,63.7605672758917,63.7605672758917,False,75.65963596884407,75.65963596884407,72.68486879560598,226.0,True,True,True,True,True,True,True,True,True,True,True,True,True,True,True,False,False,14,False,0.0333788576274498,0.0588130015824976,1.0,3440841.175,0.8192771084337349,0.0,3.0,,,,,,0.0167570679552946,-0.0054048612338361,0.1153000396008794,-1.266500994458339,0.4581325301204819,-1.266500994458339,0.579277866568314,-226.0,0.7831325301204819,0.8734939759036144,0.5542168674698795,0.7487951807228915,0.7644578313253011,建德工業
44.900001525878906,44.95000076293945,43.29999923706055,44.54999923706055,53800.0,0.0,44.49000015258789,0.0194507656586118,44.357500076293945,0.1109725918271868,42.50083325703939,0.0090599704950673,42.33124996821085,0.0054400172546148,51.16277006658848,38150.45,1.4102061705694169,0.0043397206883954,6666.TW,2026-07-29,-0.1431184430202131,-0.0095137583551345,bull,0.1825764596848934,0.1651205936920222,2026-03-31,2026-05-15,227573000.0,146827000.0,8613000.0,16135000.0,5516000.0,14938000.0,0.32,887322000.0,386264000.0,2243046000.0,445810000.0,1797236000.0,431040000.0,0.0,43267000.0,,0.3418655097613883,5668512.364425163,1856782000.0,0.0030528690844833,0.0083116518921276,0.0066596940053837,0.2480531215711236,0.6451863797550677,0.0378471962842692,0.0656404758033685,-0.0829105328696296,,,36.34402763196038,36.34402763196038,False,69.1747195125974,69.1747195125974,60.96704654243816,586.0,True,False,True,True,True,True,True,True,True,True,True,True,True,True,False,False,False,13,False,0.0482147248179365,0.0524139795190525,1.0,1699602.5183935163,0.891566265060241,1.0,3.0,,,,,,0.006913561401548,-0.0145223309935738,0.1161782495440733,-1.304610616591387,0.3478915662650602,-1.304610616591387,0.4635859441815578,-586.0,0.4036144578313253,0.3433734939759036,0.3855421686746988,0.4009036144578313,0.3819277108433735,羅麗芬-KY
5430.0,5475.0,4940.0,5135.0,2850921.0,-0.0663636363636364,5479.0,0.0198609731876862,5146.0,0.1111920012197618,5050.696695963542,0.3759682594468876,4424.714524332682,0.043813387423935,51.80265654648956,1595071.05,1.7873316677648936,-0.0021375825884182,6669.TW,2026-07-29,-0.1431184430202131,-0.0095137583551345,bull,0.1816496756255792,0.1641929499072356,2026-03-31,2026-05-15,276507734000.0,20881168000.0,17458392000.0,17934386000.0,3819977000.0,14114409000.0,75.95,395619318000.0,257883938000.0,432576398000.0,292412129000.0,140164269000.0,70996229000.0,72191879000.0,9594000000.0,18686968000.0,0.2129973671805658,13739800468.793749,174692460000.0,0.0786513651979813,0.1006990519102982,0.0326287080507799,2.086210209536355,0.0755174826321494,0.0631388921656708,0.0510452593705751,0.6202705683581411,,,65.40144535951697,65.40144535951697,False,68.88458875217762,68.88458875217762,68.01380290401246,208.0,True,False,True,True,False,True,True,True,True,True,True,True,True,True,True,False,False,12,False,0.0166914208298891,0.1605268479494594,1.0,8190689841.75,0.015755329008341,3.0,3.0,,,,,,0.0965449905800119,0.0241475462242339,0.3978537889128346,1.0536756897708983,0.9798192771084338,1.0536756897708983,0.7975710461860752,-208.0,0.8132530120481928,0.6927710843373494,0.8975903614457831,0.8259036144578312,0.7939759036144578,緯穎
270.5,271.5,260.0,267.0,347387.0,0.0171428571428571,267.9,0.0616302186878727,262.025,0.1002484125946638,257.4230280558268,0.0357649760250768,254.5998279571533,0.0167830811020566,59.64912280701754,366615.7,0.9475508004703562,0.0189867379066883,6670.TW,2026-07-29,-0.1431184430202131,-0.0095137583551345,bull,0.0750695088044485,0.1873840445269016,2026-03-31,2026-05-15,8468855000.0,2032739000.0,1265065000.0,1332547000.0,298511000.0,970370000.0,6.96,20003146000.0,8031634000.0,30684051000.0,10347885000.0,20336166000.0,9145558000.0,1517321000.0,68804000.0,1552151000.0,0.2240153630603648,981671004.7300396,22652417000.0,0.0433362587634705,0.047716467302637,0.0316245726485072,0.5088414895905158,0.2400252454434513,0.149378516930565,0.1145810147888941,-0.0012569118061379,,,69.78295043229787,69.78295043229787,False,78.1445671227153,78.1445671227153,76.05416295011094,168.0,True,True,True,True,True,True,True,True,True,True,True,True,True,True,True,False,False,14,False,0.0372032448553756,0.0487045578244991,1.0,97886391.9,0.3549582947173308,2.0,3.0,,,,,,0.031382953360307,-0.0037201766095543,0.2188981776786059,-0.1408916754777163,0.7840361445783133,-0.1408916754777163,0.6431593471259811,-168.0,0.8614457831325302,0.9096385542168676,0.6686746987951807,0.8325301204819276,0.8373493975903614,復盛應用
216.5,218.0,196.5,209.5,1589251.0,-0.0520361990950226,220.5,0.1479452054794521,205.625,0.2385059404984948,207.87735290527343,0.1606940599123343,187.55957425435383,0.045772409408773,52.97297297297297,1189328.3,1.3362592986310002,0.0188449848024316,8114.TW,2026-07-29,-0.1431184430202131,-0.0095137583551345,bull,0.0176088971269694,0.0705009276437847,2026-03-31,2026-05-15,3538762000.0,1663146000.0,629447000.0,679338000.0,161223000.0,295445000.0,2.75,12455497000.0,5771803000.0,21980129000.0,6506472000.0,15473657000.0,5218965000.0,1013946000.0,40862000.0,,0.2373236886498326,480064316.1504288,16208326000.0,0.0296183773790352,0.0190934179295818,0.0134414588740584,0.4204870251421496,0.4699796143397041,0.177872091991493,0.0834882368466712,-0.402118188183074,,,60.8516877333533,60.8516877333533,False,68.16286719830501,68.16286719830501,66.33507233206709,253.0,True,False,True,True,True,False,True,True,True,True,True,True,True,True,True,False,False,12,False,0.0078057906359139,0.1169784364934218,1.0,249164278.85,0.2307692307692307,2.0,3.0,,,,,,0.0598400566289252,0.0245239132323265,0.3189603326989247,-0.5496389833053423,0.9313253012048192,-0.5496389833053423,0.8471689611355846,-253.0,0.7710843373493976,0.6385542168674698,0.9397590361445785,0.7963855421686747,0.7650602409638554,振樺電
76.80000305175781,76.9000015258789,75.30000305175781,76.19999694824219,358556.0,0.0066050200813332,76.73999938964843,0.005276964121113,76.45999870300292,0.0809333722371912,74.65997975667318,0.0217984033130715,73.60436045328775,0.0051437698716002,47.777771184479455,226687.1,1.5817221182855132,-0.0034004938421549,8341.TW,2026-07-29,-0.1431184430202131,-0.0095137583551345,bull,0.2502316960148285,0.2133580705009276,2026-03-31,2026-05-15,1094646000.0,539859000.0,345828000.0,344164000.0,119151000.0,195872000.0,1.51,2233932000.0,1891529000.0,10321452000.0,4779515000.0,5541937000.0,865567000.0,49984000.0,2326500000.0,,0.3462041352378517,226100916.3189642,8429923000.0,0.0268212315010426,0.03534359917841,0.0189771749168624,0.8624268013151358,0.4931813572607034,0.3159267927713617,0.1789363867405535,0.1339897752523813,,,73.16523557009408,73.16523557009408,False,67.00678167607789,67.00678167607789,68.54639514958194,134.0,True,False,True,True,False,True,True,False,True,True,True,True,True,True,True,False,False,11,False,0.02062707753991,0.035264710935186,1.0,17273556.328205872,0.5949953660797034,1.0,3.0,,,,,,0.0147214757056591,-0.0073093647418249,0.1285361567589079,-0.7624757935028947,0.5219879518072289,-0.7624757935028947,0.5759905022874314,-134.0,0.9096385542168676,0.7168674698795181,0.536144578313253,0.8536144578313253,0.7771084337349398,日友
13.050000190734863,13.050000190734863,12.75,12.949999809265137,151203.0,0.0,13.06999988555908,0.0658436391647918,12.625255727767945,0.0746887638410391,12.283418560028077,0.0702478843799971,12.262542621294658,0.0210266569480534,67.82348501752642,107095.9,1.4118467653757054,0.0257217824731226,8411.TW,2026-07-29,-0.1431184430202131,-0.0095137583551345,bull,0.0732159406858202,0.2217068645640074,2026-03-31,2026-05-15,2726482000.0,240600000.0,69628000.0,61624000.0,19776000.0,41688000.0,0.19,5684691000.0,4777607000.0,13494274000.0,7266361000.0,6227913000.0,1476105000.0,1130770000.0,1174037000.0,1103389000.0,0.3209139296378034,47283404.90717903,8716667000.0,0.0054244821910919,0.0066937351244309,0.0030893103252535,1.16674092910418,0.0882455853367086,0.025537670888713,0.0152900330902606,0.2387255467647537,,,26.84034715613582,26.84034715613582,False,75.25473839674251,75.25473839674251,63.15114058659084,740.0,True,True,True,True,True,True,True,True,True,True,True,True,True,True,False,False,False,14,False,0.0542667536711813,0.0560615533989392,1.0,1386891.884573078,0.9110287303058388,0.0,3.0,,,,,,0.0490508668823184,0.0115051115541634,0.244639772274933,-0.9719032037862608,0.8186746987951807,-0.9719032037862608,0.856136805614042,-740.0,0.2951807228915662,0.4698795180722891,0.9457831325301204,0.3927710843373494,0.4777108433734939,福貞-KY
160.0,164.5,160.0,164.0,411428.0,0.0512820512820513,158.5,0.1468531468531468,156.85,0.1668782113729516,142.7961201985677,0.1708336501555278,139.01601371765136,0.0300443276966014,57.57575757575758,226732.4,1.814597296195868,0.0455849537774943,8462.TW,2026-07-29,-0.1431184430202131,-0.0095137583551345,bull,0.0194624652455977,0.1150278293135436,2026-03-31,2026-05-15,1626910000.0,546235000.0,263101000.0,241835000.0,49259000.0,191204000.0,2.42,2261807000.0,3161235000.0,12373315000.0,9648191000.0,2725124000.0,1414659000.0,,386628000.0,,0.2036884652759112,209510361.09744248,9212080000.0,0.0227430027851953,0.0701634127474566,0.0154529323790754,3.5404594433134053,0.3357499800234801,0.161718226576762,0.1175258619100011,0.2017296409310929,,,59.6562061392525,59.6562061392525,False,84.74615185157197,84.74615185157197,78.4736654234921,269.0,True,True,True,True,True,True,True,True,True,True,True,True,True,True,False,False,False,14,False,0.1484905876430455,0.1797202035521776,1.0,37184113.6,0.4819277108433735,2.0,3.0,,,,,,0.0806317176588451,0.0376621941751428,0.4189386669811434,0.1774313193438181,0.9737951807228916,0.1774313193438181,0.9767217338064246,-269.0,0.7590361445783133,0.9759036144578314,1.0,0.7951807228915663,0.8722891566265061,柏文
381.5,381.5,370.5,378.5,790643.0,0.0426997245179063,373.7,0.0602240896358543,366.225,0.0986937590711176,343.9,-0.0516173836338214,356.59224166870115,0.0156694169035569,66.97247706422019,541972.35,1.4588253441342534,0.0335176462557169,8464.TW,2026-07-29,-0.1431184430202131,-0.0095137583551345,bull,0.0778498609823911,0.1883116883116883,2026-03-31,2026-05-15,7305395000.0,4316539000.0,2053372000.0,2325863000.0,594429000.0,1647198000.0,5.62,27155869000.0,11007979000.0,42576950000.0,14807659000.0,27769291000.0,19344343000.0,569716000.0,669863000.0,,0.2555735226021481,1528584484.7473822,31568971000.0,0.048420472265231,0.0593172508437467,0.0386875527720985,0.5332386412026148,0.5908700350905051,0.2810761088209467,0.2254769249301372,0.0044846681027981,,,84.51846605538479,84.51846605538479,False,77.93730805825325,77.93730805825325,79.58259755753613,62.0,True,True,True,True,True,True,True,True,True,True,True,True,True,True,True,False,False,14,False,0.1006106426286712,0.0614364413223904,1.0,205136534.475,0.2557924003707136,2.0,2.0,,,,,,0.0309735417496183,-0.0079296658922013,0.282694234273912,-0.7443392546449938,0.7846385542168675,-0.7443392546449938,0.7169935899512073,-62.0,0.9819277108433736,0.9819277108433736,0.8012048192771084,0.9548192771084336,0.9457831325301204,億豐
50.29999923706055,50.29999923706055,48.84999847412109,49.70000076293945,22279.0,0.0386625360044454,49.15,0.0332640819038529,48.59750003814697,0.0524461379511458,47.561479314168295,0.0890047817870818,47.47887150446574,0.0047316196773807,60.46510905817366,6321.35,3.524405388089569,0.022686367074995,8482.TW,2026-07-29,-0.1431184430202131,-0.0095137583551345,bull,0.1288229842446709,0.2653061224489796,2026-03-31,2026-05-15,893999000.0,292668000.0,84423000.0,75275000.0,8455000.0,68874000.0,0.66,2085471000.0,1272891000.0,4600110000.0,1300768000.0,3299342000.0,771291000.0,0.0,11674000.0,,0.1123214878777814,74940483.02889405,3327219000.0,0.022523459690779,0.0208750714536413,0.014972250663571,0.3942507324187671,0.3273694937018945,0.0944329915357847,0.0770403546312691,0.0556944387041158,,,53.436743859307214,53.436743859307214,False,75.79886473232237,75.79886473232237,70.20833451406858,320.0,True,True,True,True,True,True,True,True,True,True,True,True,False,True,False,False,False,13,False,0.0449633081142222,0.0467814248336715,1.0,314171.09982280736,0.98887859128823,1.0,3.0,,,,,,0.013251254986418,-0.0144112532272833,0.1033193564820966,-1.188339435036872,0.3897590361445783,-1.188339435036872,0.4888146813791573,-320.0,0.6987951807228916,0.7650602409638554,0.4457831325301205,0.6608433734939759,0.6680722891566265,商億-KY
10.149999618530272,10.25,10.149999618530272,10.199999809265137,14130.0,0.0099009330711388,10.25,0.0199999809265136,10.173500061035156,0.0099009330711388,10.091666714350383,0.0251256286223451,10.033083367347718,0.0049390032793547,56.19833603409904,21559.3,0.6554016132249192,0.0026047818421386,8488.TW,2026-07-29,-0.1431184430202131,-0.0095137583551345,bull,0.1797961075069508,0.3831168831168831,2026-03-31,2026-05-15,1012821000.0,38539000.0,-19360000.0,-10332000.0,3634000.0,-13966000.0,-0.19,2803515000.0,3006398000.0,5442574000.0,3030168000.0,2412406000.0,443856000.0,57467000.0,0.0,0.0,0.0,-19360000.0,2436176000.0,-0.0079468806851393,-0.0057892411144724,-0.0025660652478037,1.256077127979287,0.038051146253879,-0.0191149275143386,-0.0137892085570895,0.555773508159654,,,23.51281942868102,23.51281942868102,False,64.91007766604655,64.91007766604655,54.56076310670516,797.0,True,False,True,True,True,True,True,True,True,True,True,True,False,True,False,False,False,12,False,0.0107349061340584,0.0166366047012667,1.0,219904.85588788983,0.9925857275254866,0.0,3.0,,,,,,0.1161342468004853,0.0645976137153938,0.1970269457733299,-0.8221849180760832,0.8728915662650603,-0.8221849180760832,0.8728915662650603,-797.0,0.253012048192771,0.1144578313253012,0.963855421686747,0.3596385542168674,0.3536144578313253,吉源-KY
78.4000015258789,80.9000015258789,77.5,79.19999694824219,4373184.0,-0.0012611109667972,78.27999877929688,0.0193050200632463,77.46500015258789,0.3608246719933909,71.575,-0.0958904300479005,70.54583330154419,0.0071507458195588,63.79309210850842,4038413.65,1.0828964982326663,0.0223971702347738,9914.TW,2026-07-29,-0.1431184430202131,-0.0095137583551345,bull,0.1844300278035217,0.0417439703153988,2026-03-31,2026-05-15,5323065000.0,883503000.0,277586000.0,414150000.0,86163000.0,325661000.0,1.09,16669153000.0,11726544000.0,36194817000.0,15729956000.0,20464861000.0,3921684000.0,5780249000.0,308878000.0,,0.2080478087649402,219834840.9561753,24468273000.0,0.0089844853764781,0.0159131791806453,0.0089974484468314,0.7686324378162158,0.1659763688777048,0.0521477757645266,0.0611792266297706,-0.2965963236341542,,,27.385384545181456,27.385384545181456,False,77.87729923672562,77.87729923672562,65.25432056383958,725.0,True,True,True,True,True,True,True,True,True,True,True,True,True,True,False,False,False,14,False,0.1065315675618887,0.1226743415122231,1.0,319842348.7557396,0.2159406858202039,1.0,3.0,,,,,,0.0239423763183235,-0.0270709439612773,0.1664646096676555,-1.5070282701719266,0.4629518072289156,-1.5070282701719266,0.471839520350766,-725.0,0.3072289156626506,0.5481927710843374,0.4156626506024096,0.3234939759036144,0.4012048192771084,美利達
111.0,111.0,109.0,111.0,1184746.0,0.0325581395348837,110.1,0.0571428571428571,107.85,0.0376549342198873,108.5145102183024,0.1012847168105615,106.97463194529216,0.0095951322256025,70.58823529411765,649123.75,1.8251465918478564,0.0292072322670375,9917.TW,2026-07-29,-0.1431184430202131,-0.0095137583551345,bull,0.0806302131603336,0.2949907235621521,2026-03-31,2026-05-15,4682948000.0,1587617000.0,824630000.0,891303000.0,165675000.0,710138000.0,1.6,11309965000.0,10065071000.0,31603201000.0,16702171000.0,14901030000.0,6275618000.0,2869000000.0,3650000000.0,,0.1858795493788307,671348147.1957347,21538130000.0,0.031170215204186,0.0476569740481027,0.0224704453197636,1.1208735906175613,0.339020847551585,0.1760920685004403,0.1516433665289471,0.0096936409292907,,,66.34691588375746,66.34691588375746,False,60.76403993965719,60.76403993965719,62.159758925682254,198.0,True,False,True,True,True,False,True,True,True,True,True,True,True,True,True,False,False,12,False,0.0229046767726956,0.0376291834943303,1.0,72052736.25,0.3846153846153846,2.0,3.0,,,,,,0.0351106537386702,-0.0205154965125597,0.2218902063154008,-0.5477652611878145,0.7111445783132531,-0.5477652611878145,0.6753230676094137,-198.0,0.8253012048192772,0.3795180722891566,0.7108433734939759,0.8081325301204819,0.6686746987951808,中保科
85.80000305175781,87.5,85.5,87.4000015258789,2764420.0,0.0330969633836852,86.41999969482421,0.1291989638612147,81.24999923706055,0.2611832276631045,75.28333320617676,-0.0692225760849278,75.5650000890096,0.0303722034339397,72.34043145267607,2783952.0,0.992984074438065,0.0756923365731325,9921.TW,2026-07-29,-0.1431184430202131,-0.0095137583551345,bull,0.0287303058387395,0.0649350649350649,2026-03-31,2026-05-15,12523541000.0,2458803000.0,-191441000.0,-170563000.0,-23472000.0,-199773000.0,-0.51,48200680000.0,28731484000.0,72341005000.0,34909460000.0,37431545000.0,13787267000.0,9060327000.0,1863857000.0,,0.1376148402643011,-165095877.36496192,43609521000.0,-0.0037857759860504,-0.0053370225567766,-0.0027615458203822,0.9326214026164296,0.1963344871869705,-0.0152864912567459,-0.0159517982973026,-0.2568048701835493,,,14.870530982450036,14.870530982450036,False,78.8224089158889,78.8224089158889,62.83443943252919,959.0,True,True,True,True,True,True,True,False,True,True,True,True,True,True,False,False,False,13,False,0.1609475537768565,0.156620147196832,1.0,243317409.04797363,0.2326227988878591,1.0,3.0,,,,,,0.0114760711354376,-0.0663380144973772,0.2627907022259136,-1.4794738662006028,0.4295180722891566,-1.4794738662006028,0.4144229848139761,-959.0,0.0903614457831325,0.4578313253012048,0.3012048192771084,0.1219879518072289,0.2427710843373494,巨大
70.30000305175781,70.30000305175781,68.19999694824219,69.30000305175781,178130.0,-0.0014409001717933,69.74000091552735,0.0116788766679971,69.19000015258788,0.014641287779185,68.75166664123535,-0.0114122031351914,68.76249987284342,0.0039904229760008,56.75674839731363,99242.55,1.794895435476013,0.0015898670173049,9927.TW,2026-07-29,-0.1431184430202131,-0.0095137583551345,bull,0.2205746061167748,0.3645640074211503,2026-03-31,2026-05-15,2174176000.0,196002000.0,139162000.0,169258000.0,34649000.0,134036000.0,1.12,5724771000.0,1225324000.0,6738866000.0,1523365000.0,5215501000.0,1189120000.0,200000000.0,,,0.2047111510238807,110673986.80121472,5513542000.0,0.0200731193851819,0.0256995444924658,0.0198899933609007,0.2920841161759915,0.0901500154541306,0.0640067777401645,0.0616491029245102,0.0476184510475576,,,44.28000422367753,44.28000422367753,False,68.06229791712511,68.06229791712511,62.116724493763215,444.0,True,False,True,True,True,True,True,True,True,True,True,True,True,True,False,False,False,13,False,0.0079756089897258,0.007816806833788,1.0,6877509.017864227,0.7219647822057461,1.0,3.0,,,,,,0.0068006068677624,-0.0092115739382475,0.0989787808251226,-1.496056007050748,0.3078313253012048,-1.496056007050748,0.4670487369335534,-444.0,0.572289156626506,0.3734939759036144,0.4096385542168674,0.5478915662650602,0.4801204819277108,泰銘
33.95000076293945,33.95000076293945,33.54999923706055,33.95000076293945,70358.0,0.0104167352593165,34.03000030517578,0.0225903609266542,33.625000381469725,0.0253620679623787,33.063675244649254,0.0509585264220189,34.145577144622806,0.0063096996738354,62.74507457327928,53071.35,1.3257247083407526,0.0096654387444656,9931.TW,2026-07-29,-0.1431184430202131,-0.0095137583551345,bull,0.164967562557924,0.336734693877551,2026-03-31,2026-05-15,429478000.0,71692000.0,49459000.0,107962000.0,21897000.0,83366000.0,0.69,2496424000.0,2304625000.0,6941540000.0,3400234000.0,3541306000.0,420417000.0,,,,0.202821363072192,39427658.20381246,4636915000.0,0.0085029935212986,0.0235410326020965,0.0120097269481988,0.9601638491562152,0.1669282244957832,0.1151607300024681,0.1941100591881307,0.0210666711045914,,,38.36025352007109,38.36025352007109,False,73.21345982644715,73.21345982644715,64.50015824985313,552.0,True,False,True,True,True,True,True,True,True,True,True,True,True,True,False,False,False,13,False,0.0268066242404081,-0.0057277222421806,0.0,1801772.3729902264,0.8841519925857275,1.0,3.0,,,,,,0.0083966681086299,-0.001375725115135,0.0945352847989636,-0.6208790156312959,0.4756024096385542,-0.6208790156312959,0.5638664755905773,-552.0,0.4518072289156626,0.536144578313253,0.5240963855421686,0.4626506024096385,0.491566265060241,欣高
10.5,10.5,10.100000381469728,10.350000381469728,1176874.0,-0.0504586473677972,10.520000076293943,0.0298507646807246,10.572500085830688,0.1511537352697778,10.128700828552246,-0.0092440027274003,9.835692596435546,0.0116256831344696,51.162795855461965,1143284.25,1.0293800513739255,-0.0210451362075801,9934.TW,2026-07-29,-0.1431184430202131,-0.0095137583551345,bull,0.1380908248378128,0.1252319109461966,2026-03-31,2026-05-15,4675859000.0,1599481000.0,215608000.0,179015000.0,65010000.0,114005000.0,0.28,10184466000.0,6401709000.0,16132102000.0,9818930000.0,6313172000.0,2756002000.0,2012873000.0,1745714000.0,,0.3631539256486886,137309108.39873755,9730393000.0,0.0141113630660896,0.0180582756180252,0.0070669649869558,1.5553084883478543,0.3420721197965978,0.0461108857217465,0.0243816162976685,0.0629297965528301,,,37.04526496126525,37.04526496126525,False,67.9713112426601,67.9713112426601,60.239799672311385,573.0,True,False,True,True,False,True,True,True,True,True,True,True,True,True,False,False,False,12,False,0.0218487599410233,0.0522899409463617,1.0,11832992.423628332,0.6533827618164968,0.0,3.0,,,,,,0.0475064176823062,0.0077925069760576,0.1904979887467842,-1.2671003944908896,0.7144578313253012,-1.2671003944908896,0.706157509192819,-573.0,0.4156626506024096,0.3072289156626506,0.7891566265060241,0.4716867469879518,0.4578313253012048,成霖
19.39999961853028,19.39999961853028,18.799999237060547,19.200000762939453,518602.0,-0.0077519181174755,19.320000457763676,0.0352174234976163,18.9338171005249,0.0607735004578162,18.762747923533126,-0.0541871189883046,18.943040625254312,0.016698624732866,67.30773180901853,553081.25,0.9376597018973252,0.0140586370408728,9935.TW,2026-07-29,-0.1431184430202131,-0.0095137583551345,bull,0.1195551436515292,0.2495361781076066,2026-03-31,2026-05-15,1207014000.0,329361000.0,129050000.0,125078000.0,35715000.0,89363000.0,0.51,4101731000.0,3844659000.0,8361229000.0,5772111000.0,2589118000.0,430540000.0,854900000.0,1461115000.0,287107000.0,0.2855418219031324,92200827.88340075,4516570000.0,0.0204139043308087,0.0345148425062125,0.0106877828606297,2.22937347776347,0.2728725598874578,0.1069167383311212,0.0740364237697325,0.0157374361805349,,,40.70851081970746,40.70851081970746,False,69.33790342559388,69.33790342559388,62.18055527412228,499.0,True,False,True,True,True,True,True,True,True,True,True,True,True,True,False,False,False,13,False,0.023304307087018,0.0135648834191153,1.0,10619160.421967506,0.6719184430027804,0.0,3.0,,,,,,0.0461584103058352,0.016165844635651,0.2081904167157836,-0.7420340227729156,0.819578313253012,-0.7420340227729156,0.8395183348453081,-499.0,0.5180722891566265,0.3915662650602409,0.9156626506024096,0.577710843373494,0.5596385542168675,慶豐富
47.09999847412109,47.25,46.400001525878906,46.59999847412109,2922438.0,-0.0106157115965667,46.80999984741211,0.0264316499539798,46.2625,0.0275633967377817,44.97999986012777,-0.0933852706082335,46.51583334604899,0.0133063165926251,53.781484050730896,1778782.8,1.6429425784868168,0.0072952926046168,9938.TW,2026-07-29,-0.1431184430202131,-0.0095137583551345,bull,0.1510658016682113,0.3274582560296846,2026-03-31,2026-05-15,4039116000.0,1284918000.0,520713000.0,425166000.0,129637000.0,260126000.0,0.87,14032321000.0,11813151000.0,35752846000.0,19207493000.0,16545353000.0,5015670000.0,8240072000.0,4051483000.0,952978000.0,0.3049091413706646,361942846.2694571,23939695000.0,0.0151189414179861,0.0157219975905016,0.0072756725436626,1.1608995589275128,0.3181186180342431,0.1289175651305879,0.0644017156229234,-0.0496369830476012,,,40.748148756108165,40.748148756108165,False,69.51108250190713,69.51108250190713,62.32034906545738,498.0,True,False,True,True,True,True,True,True,True,True,True,True,True,True,False,False,False,13,False,0.0360159764124266,0.0018093866543453,1.0,82891275.76579283,0.3697868396663577,1.0,3.0,,,,,,0.023902400080905,-0.0015661059127187,0.1306906504946578,-1.5266226361964172,0.4725903614457831,-1.5266226361964172,0.4450383415453043,-498.0,0.5240963855421686,0.4096385542168674,0.3433734939759036,0.4969879518072289,0.4536144578313252,百和
130.0,130.5,125.0,130.0,3537820.0,-0.0151515151515151,129.3,0.0717229738611793,126.1,0.2255128269766217,121.70285758972167,0.1154668030764474,116.99826641082764,0.0149489153649366,72.72727272727272,1885217.45,1.8766111039339253,0.0309278350515465,9939.TW,2026-07-29,-0.1431184430202131,-0.0095137583551345,bull,0.0676552363299351,0.0769944341372912,2026-03-31,2026-05-15,6859793000.0,1532311000.0,905992000.0,852810000.0,177064000.0,664457000.0,2.25,15830282000.0,15334754000.0,47767359000.0,28356250000.0,19411109000.0,3417062000.0,3186314000.0,8601830000.0,3723183000.0,0.2076242070332196,717886129.4215593,32432605000.0,0.0221347045487576,0.0342307593038604,0.0139102729125133,1.4608258600783706,0.2233756907825061,0.1320727899515335,0.0968625438114532,-0.0577454629967812,,,44.2251041721302,44.2251041721302,False,76.31770911151584,76.31770911151584,68.29455787666943,446.0,True,True,True,True,True,True,True,False,True,True,True,True,True,True,False,False,False,13,False,0.0681754116098836,0.1111275746900222,1.0,245078268.5,0.2316960148285449,2.0,3.0,,,,,,0.0253389014295849,-0.0079174105061392,0.2379508831651417,-0.7687456525673027,0.7367469879518072,-0.7687456525673027,0.7502577637664526,-446.0,0.5662650602409639,0.7048192771084337,0.8433734939759037,0.6078313253012049,0.6632530120481928,宏全
20.39999961853028,20.799999237060547,20.350000381469727,20.799999237060547,1755757.0,0.0322580461953219,20.35999984741211,0.0749353398969125,19.96749992370605,0.0869559583684678,19.197193082173666,-0.0330009178572312,19.576370509465537,0.0151245522657864,67.18751303854403,500093.25,3.510859224754584,0.0416927164910676,9940.TW,2026-07-29,-0.1431184430202131,-0.0095137583551345,bull,0.0658016682113067,0.2040816326530612,2026-03-31,2026-05-15,2876811000.0,665012000.0,209493000.0,232453000.0,69452000.0,159582000.0,0.22,16303412000.0,4204969000.0,30767900000.0,17352956000.0,13414944000.0,4695442000.0,404164000.0,8438314000.0,900000000.0,0.2987786778402516,146900958.44321218,26562931000.0,0.0055302992897588,0.0118958379550447,0.0051866393221506,1.2935541139791564,0.2311629092074522,0.0728212593736606,0.0554718401730249,0.2999785808018913,,,39.42870701490352,39.42870701490352,False,74.52328769098543,74.52328769098543,65.74964252196494,524.0,True,False,True,True,True,True,True,True,True,True,True,True,False,True,False,False,False,12,False,0.0834916931879605,0.0625053927643719,1.0,10401939.21845913,0.6774791473586654,0.0,3.0,,,,,,0.0124444625099445,-0.0252849540843132,0.1725406109060933,-1.3910557362686558,0.4385542168674698,-1.3910557362686558,0.4516567541184123,-524.0,0.4939759036144578,0.6024096385542169,0.3614457831325301,0.4740963855421686,0.5,信義
82.5,83.0,80.5999984741211,82.0,1638231.0,0.0,82.03999938964844,0.0086100482406692,82.06999969482422,0.0832232933386414,79.40999984741211,0.0314465408805031,78.11833343505859,0.0063147541119483,55.0,993962.75,1.64818148366224,-0.0008529267099367,9941.TW,2026-07-29,-0.1431184430202131,-0.0095137583551345,bull,0.2363299351251158,0.209647495361781,2026-03-31,2026-05-15,9588907000.0,4187850000.0,1390166000.0,1382030000.0,301331000.0,1104074000.0,1.82,235100426000.0,237208150000.0,286724084000.0,244513555000.0,42210529000.0,7708912000.0,35439009000.0,3468847000.0,,0.2180350643618445,1087061066.716352,49515934000.0,0.0219537627365839,0.0261563649202311,0.0038506496719682,5.792714775026866,0.4367390360548913,0.1449764816782559,0.1151407558755132,-0.0112940820804001,,,41.17633903527033,41.17633903527033,False,70.60073553168334,70.60073553168334,63.24463640758009,493.0,True,False,True,True,False,True,True,True,True,True,True,True,True,True,False,False,False,12,False,0.032615541588775,0.0496895721433729,1.0,81504945.5,0.3707136237256719,1.0,3.0,,,,,,0.0242629097942959,0.004582720718614,0.154956191119993,-0.8949609956725727,0.6593373493975904,-0.8949609956725727,0.7170448663107667,-493.0,0.5301204819277109,0.4759036144578313,0.8072289156626506,0.5716867469879519,0.5692771084337349,裕融
121.5,121.5,119.0,120.0,323561.0,-0.0283400809716599,122.1,0.0212765957446807,121.35,0.0084033613445377,119.46666666666668,0.0810810810810811,117.59166666666668,0.0095673876871879,50.0,144997.55,2.231492876948611,-0.011124845488257,9942.TW,2026-07-29,-0.1431184430202131,-0.0095137583551345,bull,0.1723818350324374,0.3849721706864564,2026-03-31,2026-05-15,1082513000.0,432535000.0,264944000.0,276710000.0,92270000.0,184517000.0,2.22,3502057000.0,986902000.0,6010077000.0,1477893000.0,4532184000.0,664533000.0,250000000.0,42450000.0,,0.333453796393336,176597417.368364,5023175000.0,0.0351565329434797,0.0407126012536119,0.0307012705494455,0.3260884818445147,0.3995656403202548,0.2447490237992522,0.1704524564601071,0.1336271128932433,,,83.11611500419343,83.11611500419343,False,60.20424068186547,60.20424068186547,65.93220926244746,66.0,True,False,True,True,False,True,True,True,True,True,True,True,True,True,True,False,False,12,False,0.0044642857142855,0.0204804762242221,1.0,17399706.0,0.5922150139017609,2.0,2.0,,,,,,0.0260466164673342,-0.0072466716406629,0.1715865588158933,-0.9122099879793676,0.6710843373493975,-0.9122099879793676,0.7665828473088208,-66.0,0.9759036144578314,0.6144578313253012,0.8554216867469879,0.9578313253012049,0.8433734939759037,茂順
17.850000381469727,17.950000762939453,17.549999237060547,17.700000762939453,50605.0,-0.0301369444964683,17.79000015258789,0.0,17.905000114440917,0.1010742711235352,17.24488099416097,0.0620981751167348,16.758774439493816,0.0019585919416644,48.27588928438948,52962.8,0.955481960923516,-0.0114492795415357,9944.TW,2026-07-29,-0.1431184430202131,-0.0095137583551345,bull,0.2798887859128823,0.1855287569573283,2026-03-31,2026-05-15,704581000.0,244021000.0,98268000.0,114815000.0,40853000.0,68907000.0,0.65,2917115000.0,1568744000.0,5865832000.0,2336741000.0,3529091000.0,1702145000.0,1052022000.0,457500000.0,,0.3558158777163263,63302685.32857205,4297088000.0,0.0147315310574444,0.0195254245356665,0.0117471826673522,0.6621367938656159,0.3463349139417611,0.1394701247975747,0.0977985497763919,0.118185526042237,,,54.04006958175547,54.04006958175547,False,61.96511749868033,61.96511749868033,59.98385551944911,313.0,True,False,True,True,False,True,True,False,True,True,True,True,True,True,False,False,False,11,False,0.0263915865196509,0.0561631953961703,1.0,937441.6004074096,0.9471733086190918,0.0,3.0,,,,,,0.0416766431365399,0.0165235130818315,0.1315497676149803,-0.9566896294934948,0.669578313253012,-0.9566896294934948,0.6773164676920335,-313.0,0.7168674698795181,0.2771084337349397,0.7168674698795181,0.716867469879518,0.5849397590361446,新麗
26.200000762939453,26.39999961853028,25.549999237060547,26.049999237060547,9738442.0,-0.0132575903987537,26.15,0.0217348955291052,26.012188625335693,0.1156316407486446,25.18090562820435,-0.1154499639320059,25.918786160151164,0.0025812728277561,52.43901020710548,7383484.4,1.3189493567562762,0.0014535728719122,9945.TW,2026-07-29,-0.1431184430202131,-0.0095137583551345,bull,0.1705282669138091,0.1567717996289425,2026-03-31,2026-05-15,8802139000.0,2177505000.0,1558595000.0,3524918000.0,275592000.0,2706817000.0,0.99,56821154000.0,31229259000.0,206807304000.0,85163985000.0,121643319000.0,4687641000.0,7435539000.0,36077246000.0,,0.0781839464066965,1436737892.0502548,175578045000.0,0.0081829017520399,0.0222520811027854,0.0130885947819328,0.7001123094972441,0.247383618913539,0.1770700280920353,0.3075180930453381,0.2547092191019549,,,56.447152500431685,56.447152500431685,False,69.23168849982991,69.23168849982991,66.03555449998035,296.0,True,False,True,True,True,True,True,True,True,True,True,True,True,True,False,False,False,13,False,0.0345139933284508,0.0050624699821442,1.0,192339762.98684847,0.267840593141798,0.0,3.0,,,,,,-0.0248267163536222,-0.0600727367361578,0.0737218374766337,-1.8077028508665671,0.0789156626506024,-1.8077028508665671,0.1101081295727328,-296.0,0.7289156626506024,0.6204819277108434,0.0240963855421686,0.6231927710843373,0.555421686746988,潤泰新
51.900001525878906,51.900001525878906,50.0,50.79999923706055,46620.0,0.0099403580036558,50.98000030517578,0.0139720715420987,50.704999923706055,0.0221327657391374,50.16083348592122,-0.0230769377488356,50.140416876475015,0.0048553324818631,54.05404290811839,13881.5,3.3584266829953537,0.0018735689477848,4581.TW,2026-07-29,-0.1431184430202131,-0.0095137583551345,bull,0.2140871177015755,0.3450834879406308,2026-03-31,2026-05-15,279274000.0,92816000.0,46646000.0,39323000.0,9452000.0,29877000.0,0.88,1609024000.0,546142000.0,2558647000.0,1268711000.0,1289936000.0,880294000.0,103145000.0,232170000.0,469774000.0,0.2403682323322228,35433783.43463113,2012505000.0,0.0176068051680026,0.0231616142196201,0.0116768745356432,0.983545695290309,0.3323474437290976,0.1670259315224475,0.1069809577690726,-0.0133125119240253,,,50.90190965571252,50.90190965571252,False,62.38869991399503,62.38869991399503,59.5170023494244,356.0,True,False,True,True,True,True,True,True,True,True,True,True,False,True,False,False,False,12,False,0.012742327164853,0.0131547043617619,1.0,705180.189409256,0.9610750695088044,1.0,3.0,,,,,,0.0082342377305881,-0.0094105084805221,0.078926486072269,-1.0937398010126689,0.3837349397590361,-1.0937398010126689,0.5856680539351878,-356.0,0.6265060240963856,0.2590361445783132,0.5662650602409639,0.6174698795180723,0.5042168674698796,光隆精密-KY
21.850000381469727,22.0,21.14999961853028,21.5,8925427.0,0.0046729151052475,21.45999984741211,0.0213777092279976,21.34499979019165,0.0436893010613654,20.87249997456869,-0.0752688172043011,21.271666669845583,0.0022303060509385,55.07247097926623,5342541.25,1.670633240314242,0.0072616636838558,2646.TW,2026-07-29,-0.1431184430202131,-0.0095137583551345,bull,0.1714550509731232,0.2810760667903525,2026-03-31,2026-05-15,13759797000.0,2774967000.0,1358324000.0,909756000.0,0.0,,0.3,22245094000.0,24008566000.0,147095973000.0,115227744000.0,31868229000.0,14210592000.0,,53652207000.0,4992822000.0,0.0,1358324000.0,123087407000.0,0.011035442480318,,,3.6157561187350575,0.2016720886216562,0.098716863337446,,0.2291196863125946,,,36.52985733991709,36.52985733991709,False,71.25983174904594,71.25983174904594,62.577338146763736,583.0,True,False,True,True,True,True,True,True,True,True,True,True,True,True,False,False,False,13,False,0.030063481911408,0.0107341532611593,1.0,114864636.875,0.3280815569972196,0.0,3.0,,,,,,0.0213307044518628,-0.0064263897899584,0.1442432073156669,-0.8220695217305085,0.5963855421686747,-0.8220695217305085,0.5935177712820137,-583.0,0.4096385542168674,0.4337349397590361,0.5783132530120482,0.4349397590361445,0.4506024096385542,星宇航空
145.5,146.0,143.5,146.0,90304.0,0.0103806228373701,145.3,0.0174216027874565,144.475,-0.0034129692832765,143.275,0.0174216027874565,144.90416666666667,0.0039958304378039,65.21739130434783,64135.8,1.408012373744461,0.0105554594220453,6914.TW,2026-07-29,-0.1431184430202131,-0.0095137583551345,bull,0.1927710843373494,0.4155844155844156,2026-03-31,2026-05-15,1436180000.0,315694000.0,223320000.0,194333000.0,39123000.0,155210000.0,2.34,2260924000.0,3075526000.0,11067161000.0,7614684000.0,3452477000.0,1511366000.0,0.0,339000.0,,0.2013193847673838,178361354.99374786,7991635000.0,0.0223185061622243,0.0449561285998429,0.01402437354982,2.2055712463833936,0.2198150649640017,0.1554958292136083,0.1080714116614909,0.0924403625899761,,,49.39729316925784,49.39729316925784,False,68.42099147514584,68.42099147514584,63.66506689867384,377.0,True,False,True,True,True,True,True,True,True,True,True,True,True,True,False,False,False,13,False,0.0190193683475832,0.0075624694481986,1.0,9363826.8,0.6895273401297498,2.0,3.0,,,,,,0.0063512913975485,-0.0218570948347636,0.1383709680324206,-0.6483374512349294,0.4436746987951807,-0.6483374512349294,0.6329810001648626,-377.0,0.6204819277108434,0.5,0.6506024096385542,0.625,0.5903614457831325,阜爾運通
87.9000015258789,88.5,86.19999694824219,88.0999984741211,227317.0,0.0340375778140065,86.45999908447266,0.0640096041910804,84.24999961853027,0.2118294659192727,83.47666664123535,0.2640919166574256,77.97500114440918,0.0125593377294923,65.40539715741131,114323.65,1.98836373751188,0.0456973160002727,2762.TW,2026-07-29,-0.1431184430202131,-0.0095137583551345,bull,0.0741427247451343,0.0825602968460111,2026-03-31,2026-05-15,2811384000.0,612346000.0,300545000.0,268722000.0,49567000.0,219155000.0,2.01,1768082000.0,6175503000.0,18389010000.0,15722554000.0,2666456000.0,945155000.0,399900000.0,210000000.0,,0.1844545664292465,245108102.3325221,12213507000.0,0.0200686094774025,0.0821896179798204,0.0119177160706313,5.896423567461829,0.21780944901159,0.1069028635006815,0.0779527094128728,0.0937717990146893,,,45.75420069554944,45.75420069554944,False,81.38857029346241,81.38857029346241,72.47997789398417,421.0,True,True,True,True,True,True,True,True,True,True,True,True,True,True,False,False,False,14,False,0.0553847202926276,0.1298492745253121,1.0,10071913.390555954,0.6811862835959221,1.0,3.0,,,,,,0.0393878538058433,-0.034874964513684,0.2672839534923739,0.821731679690129,0.7430722891566265,0.821731679690129,0.8741006813326238,-421.0,0.5843373493975904,0.8614457831325302,0.9698795180722892,0.6421686746987952,0.744578313253012,世界健身-KY
225.5,227.0,210.5,216.0,264400.0,-0.1445544554455445,232.9,0.1368421052631578,226.15,0.3500000000000001,192.95,0.1835616438356164,180.2958333333333,0.0497853081118718,53.75722543352602,281026.2,0.9408375446844458,-0.0448817156754366,6957.TW,2026-07-29,-0.1431184430202131,-0.0095137583551345,bull,0.0268767377201112,0.0454545454545454,2026-03-31,2026-05-15,1008397000.0,304729000.0,100942000.0,102458000.0,25691000.0,82568000.0,1.51,2765058000.0,1395803000.0,5405505000.0,3045045000.0,2360460000.0,1274466000.0,40000000.0,27000000.0,945042000.0,0.2507466474067423,75631131.9174686,4009702000.0,0.0188620331180393,0.0349796226159307,0.0152747985618364,1.2900218601459037,0.3021914979913665,0.1001014481399686,0.0818804498625045,0.2868739487648066,,,57.7309173012778,57.7309173012778,False,75.00980693595082,75.00980693595082,70.69008452728256,286.0,True,True,True,True,False,True,True,True,True,True,True,True,True,True,False,False,False,13,False,0.1194610002591345,0.1980310138429897,1.0,60701659.2,0.4077849860982391,2.0,3.0,,,,,,0.0500170653854368,-0.0200301312304568,0.3594550413987308,-0.9078473126378676,0.7692771084337349,-0.9078473126378676,0.7514154772389293,-286.0,0.7409638554216867,0.7891566265060241,0.8493975903614458,0.7572289156626506,0.7771084337349398,裕慶-KY
