Open,High,Low,Close,Volume,ret5,ma5,ret20,ma20,ret60,ma60,ret120,ma120,ma20_slope,rsi14,volume_ma20,volume_ratio,ma20_deviation,symbol,date,benchmark_ret20,benchmark_ret60,market_regime,rs20_rank_pct,rs60_rank_pct,period_date,as_of_date,revenue,gross_profit,operating_income,pretax_income,tax_expense,net_income_parent,eps,current_assets,current_liabilities,assets,liabilities,equity,cash,short_borrowings,long_borrowings,bonds_payable,tax_rate,nopat,invested_capital_proxy,roic_proxy,roe,roa,debt_to_equity,gross_margin,operating_margin,net_margin,revenue_growth,pe,pb,eva_like_score,fundamental_score,fundamental_pass,technical_score,score,final_score,fundamental_rank,pass_market,pass_score,pass_rs20,pass_rs60,pass_close_ma20,pass_ma20_ma60,pass_ma20_slope,pass_rsi,pass_ret20_benchmark,pass_ret60_benchmark,pass_ret5_cap,pass_ret20_cap,pass_volume_ratio,pass_ma20_deviation,pass_fundamental_score,pass_fundamental_filter,pass_fundamental_universe,entry_pass_count,entry_all_pass,close_ma60_ratio,close_ma120_ratio,above_ma120,turnover20,liquidity_rank,price_bucket,eva_rank_bucket,forward_60d_return,forward_60d_max_drawdown,reward_60,fwd60_rank_label,top_quantile_60,reg_forward60,reg_reward60,cls_topq60,rank_forward60,ensemble_score,ranker_score,stable_ensemble_score,fundamental_rank_score,fundamental_score_rank,final_score_rank,stable_ml_rank,fund_ml_85_15,fund_final_ml,name
40.79999923706055,41.650001525878906,40.59999847412109,41.45000076293945,2282403.0,-0.0012048008930252152,41.130000305175784,0.0310945267730538,40.992500305175774,0.03884709718758339,41.07574933369954,-0.07166854767260755,41.98454128901164,0.002997309453061075,61.627878093223835,2464768.3,0.9260111792252441,0.01116058923846408,1229.TW,2026-08-19,-0.007221954848529832,0.029970030426879513,neutral,0.22841225626740946,0.32404828226555243,2026-03-31,2026-05-15,2523137000.0,588325000.0,243555000.0,1115194000.0,64821000.0,980784000.0,0.55,15607224000.0,15478027000.0,99442067000.0,20384323000.0,79057744000.0,5148053000.0,6218000000.0,1600000000.0,2498953000.0,0.0581253127258575,229398289.45905373,83964040000.0,0.0027321016170619,0.0124059193998756,0.0098628681964143,0.2578409396554498,0.2331720394096713,0.0965286466806994,0.3887161101438408,0.0399679659446501,,,38.68156300567181,38.68156300567181,False,60.278832032739984,60.278832032739984,54.87951477597294,544.0,True,False,True,True,True,False,True,True,True,True,True,True,True,True,False,False,False,12,False,0.009111250197762377,-0.012731841522157783,0.0,102164647.91546898,0.3286908077994429,1.0,3.0,,,,,,-0.024815105324469146,-0.060282591998796424,0.10978796150770374,-2.107785907377369,0.09999999999999998,-2.107785907377369,0.33682285852605065,-544.0,0.44660194174757284,0.22330097087378642,0.23300970873786409,0.4145631067961165,0.33689320388349514,聯華
24.950000762939453,25.399999618530277,24.950000762939453,25.350000381469727,53431.0,0.01807232007363413,25.35999984741211,0.07415254117428183,24.682499980926515,0.04752064389565702,24.690224901835126,-0.03612163053800144,25.403862476348877,0.019095788619497334,73.43752235176316,106439.95,0.5019825732725354,0.027043468087066813,1236.TW,2026-08-19,-0.007221954848529832,0.029970030426879513,neutral,0.12627669452181986,0.2999071494893222,2026-03-31,2026-05-15,545487000.0,153231000.0,25153000.0,27178000.0,7201000.0,19977000.0,0.23,655326000.0,634194000.0,3381286000.0,926736000.0,2454550000.0,37670000.0,70000000.0,268492000.0,,0.2649569504746486,18488537.824711163,2747092000.0,0.0067302215669191,0.0081387627059949,0.0059081071521308,0.3775584119288668,0.2809067860462302,0.0461110897234947,0.0366223209719021,0.0572006674767866,,,35.61630643064442,35.61630643064442,False,55.96764276770125,55.96764276770125,50.87980868343704,594.0,True,False,True,True,True,False,True,False,True,True,True,True,False,True,False,False,False,10,False,0.02672213324332917,-0.0021202325012307233,0.0,2698252.7731036185,0.8161559888579387,0.0,3.0,,,,,,0.03292764818369615,0.009117474157282833,0.15480033663475237,-1.835492737961167,0.4106796116504854,-1.835492737961167,0.5854187420527472,-594.0,0.3786407766990291,0.05825242718446602,0.5825242718446602,0.4092233009708738,0.3233009708737864,宏亞
65.0999984741211,66.0,65.0999984741211,65.69999694824219,32072.0,0.03301884472490335,65.31999969482422,0.020186263844122365,64.175,0.0823722590190723,63.16499996185303,0.04114159810096352,62.38716061909994,0.0039108300120328865,68.25392308120816,56631.95,0.5663234269701114,0.02376310008947713,1315.TW,2026-08-19,-0.007221954848529832,0.029970030426879513,neutral,0.27019498607242337,0.23584029712163418,2026-03-31,2026-05-15,400564000.0,44047000.0,-40608000.0,22670000.0,8119000.0,13937000.0,0.15,7354156000.0,780905000.0,11315299000.0,994940000.0,10320359000.0,2244943000.0,109175000.0,,,0.3581385090427878,-26064711.42479048,10534394000.0,-0.0024742487726195,0.0013504375186948,0.001231695247293,0.0964055610856172,0.1099624529413526,-0.1013770583477297,0.0347934412478405,-0.2598363215400335,,,15.52001612125422,15.52001612125422,False,64.91848679590048,64.91848679590048,52.56886912723891,949.0,True,False,True,True,True,True,True,True,True,True,True,True,False,True,False,False,False,12,False,0.04013293735328283,0.05310125186444248,1.0,3720718.942173004,0.7799442896935933,1.0,3.0,,,,,,0.014141290333248001,-0.011182417477959125,0.20579446720499506,-1.6653079119389858,0.3669902912621359,-1.6653079119389858,0.36389254192409537,-949.0,0.08737864077669903,0.06796116504854369,0.27184466019417475,0.11504854368932038,0.11844660194174758,達新
44.79999923706055,45.59999847412109,44.79999923706055,45.45000076293945,84305.0,-0.013029283041512407,45.63999938964843,0.005530973357969149,44.8625,0.1126071593792719,44.40916659037272,0.04243124664136033,42.8220832824707,0.00673210919410213,69.89250752069998,115288.3,0.7312537352012303,0.013095586802774228,1339.TW,2026-08-19,-0.007221954848529832,0.029970030426879513,neutral,0.3519034354688951,0.18477251624883936,2026-03-31,2026-05-15,394676000.0,97156000.0,-1039000.0,239290000.0,15507000.0,206388000.0,2.78,1829193000.0,837135000.0,5225726000.0,1066079000.0,4159647000.0,705809000.0,,152479000.0,,0.0648042124618663,-971668.4232521208,4388591000.0,-0.0002214078330042,0.0496167102641161,0.0394946080219284,0.2562907381323463,0.2461664757928022,-0.0026325390953592,0.5229302009749769,-0.2023637499065291,,,43.397534008094304,43.397534008094304,False,61.03431901805449,61.03431901805449,56.62512276556445,459.0,True,False,True,True,True,True,True,True,True,True,True,True,False,True,False,False,False,12,False,0.023437372337277163,0.061368277277263905,1.0,5239853.322957993,0.7325905292479109,1.0,3.0,,,,,,0.03650597288954162,0.019829582539909657,0.15651190464715933,-1.346738667867905,0.5334951456310679,-1.346738667867905,0.6034225839743684,-459.0,0.5631067961165048,0.2621359223300971,0.6310679611650486,0.5733009708737864,0.4864077669902913,昭輝
27.700000762939453,28.049999237060547,27.299999237060547,28.0,13225293.0,0.016333966439247893,27.479999923706053,0.02941173583166079,27.284999942779542,0.0748560775451097,27.317804114023843,-0.015817249591277616,27.04515204429627,9.163243305332083e-05,60.759512007861076,17023838.9,0.7768690174811277,0.02620487662524873,1402.TW,2026-08-19,-0.007221954848529832,0.029970030426879513,neutral,0.23491179201485607,0.24605385329619314,2026-03-31,2026-05-15,61298588000.0,13425322000.0,4896381000.0,7132853000.0,1579509000.0,3092903000.0,0.61,166621578000.0,157755773000.0,679737079000.0,356159064000.0,323578015000.0,47148878000.0,35989865000.0,71488233000.0,85137297000.0,0.2214414064049827,3812119505.065365,521981306000.0,0.0073031724723593,0.0095584460520285,0.0045501460719932,1.1006899340797305,0.2190151916712991,0.0798775495448606,0.0504563498265245,-0.0379277396462631,,,28.35795292059996,28.35795292059996,False,63.717830745765866,63.717830745765866,54.87786128947439,711.0,True,False,True,True,True,False,True,True,True,True,True,True,False,True,False,False,False,11,False,0.0249725740447031,0.03530569745512313,1.0,476667489.1999999,0.1680594243268338,0.0,3.0,,,,,,-0.001943393988207876,-0.037487915922254623,0.13371155484719746,-1.706941985721921,0.2257281553398058,-1.706941985721921,0.24961780901318648,-711.0,0.30097087378640774,0.21359223300970873,0.1262135922330097,0.27475728155339807,0.23980582524271843,遠東新
20.5,20.899999618530277,20.0,20.0,486256.0,0.049868808450726165,19.87999992370606,0.11111111111111116,19.132499790191652,0.3888889256818806,18.12666656176249,0.011594238971117665,17.73850756486257,0.019312733300584625,68.26923112192108,350976.15,1.3854388681396157,0.045341707530192954,1414.TW,2026-08-19,-0.007221954848529832,0.029970030426879513,neutral,0.08449396471680594,0.036211699164345405,2026-03-31,2026-05-15,113452000.0,12596000.0,-7033000.0,11377000.0,382000.0,10995000.0,0.06,876335000.0,611698000.0,4159720000.0,1289474000.0,2870246000.0,113194000.0,505000000.0,,,0.033576514019513,-6796856.376900765,3548022000.0,-0.0019156748117403,0.0038306821087809,0.0026432067543007,0.4492555690348492,0.1110249268413073,-0.0619909741564714,0.0969132320276416,-0.1489036091252128,,,15.88871955373819,15.88871955373819,False,80.4734313059322,80.4734313059322,64.3272533678837,935.0,True,True,True,True,True,True,True,True,True,True,True,True,True,True,False,False,False,14,False,0.10334682506872128,0.12749056970368366,1.0,7019523.0,0.691736304549675,0.0,3.0,,,,,,0.0026424293884925285,-0.0263289928386222,0.24277325256288299,-1.8716624978027303,0.3781553398058253,-1.8716624978027303,0.3954084819506843,-935.0,0.0970873786407767,0.5436893203883495,0.3106796116504854,0.129126213592233,0.27378640776699026,東和
30.899999618530277,32.20000076293945,30.899999618530277,32.20000076293945,504175.0,0.0592105647038228,31.6,0.03370790231999088,30.732366847991944,0.1378092449123327,30.174122206370036,-0.03012048123553901,30.211644474665324,0.0053156921097507375,62.040328062591385,226841.6,2.222586157036452,0.047755316803508974,1437.TW,2026-08-19,-0.007221954848529832,0.029970030426879513,neutral,0.22098421541318478,0.1606313834726091,2026-03-31,2026-05-15,173801000.0,106736000.0,81756000.0,164121000.0,25845000.0,138012000.0,0.68,2289494000.0,1297708000.0,13727130000.0,5454839000.0,8272291000.0,555767000.0,882000000.0,3400000000.0,,0.157475277386806,68881451.22196428,12429422000.0,0.0055418064671039,0.0166836490640863,0.0100539588391746,0.6594109177252105,0.6141276517396332,0.4704000552355855,0.7940805864177997,-0.0904852113118288,,,51.0413507613127,51.0413507613127,False,77.178378614869,77.178378614869,70.64412165147992,354.0,True,True,True,True,True,True,True,True,True,True,True,True,True,True,False,False,False,14,False,0.06713960203096603,0.06581423563161248,1.0,7304299.693066406,0.6778087279480037,1.0,3.0,,,,,,-0.00021999373598025746,-0.055396123725398295,0.10105322969055013,-2.1817925506033022,0.1378640776699029,-2.1817925506033022,0.15714329706567867,-354.0,0.6407766990291263,0.7961165048543689,0.06796116504854369,0.5548543689320389,0.5728155339805825,勤益控
28.200000762939453,29.5,28.200000762939453,29.299999237060547,41168.0,0.015597880403490416,28.909999465942384,0.10150371491993337,27.909664821624755,0.12692304757925177,25.894888337453207,0.0,26.518277470270792,0.02544349598899983,69.07843642406708,49317.8,0.8347493197182355,0.04981551818417196,1439.TW,2026-08-19,-0.007221954848529832,0.029970030426879513,neutral,0.09192200557103064,0.17270194986072424,2026-03-31,2026-05-15,75912000.0,22864000.0,4904000.0,59736000.0,1630000.0,54161000.0,0.59,3556714000.0,2128037000.0,6084300000.0,2619482000.0,3464818000.0,685342000.0,1313697000.0,338000000.0,,0.0272867282710593,4770185.884558725,3956263000.0,0.0012057302268728,0.0156317012899378,0.0089017635553802,0.7560229714807531,0.3011908525661292,0.0646011170829381,0.7134708609969438,-0.4434481696811513,,,31.08546525604612,31.08546525604612,False,73.10004379717967,73.10004379717967,62.59639916189628,659.0,True,False,True,True,True,True,True,True,True,True,True,True,True,True,False,False,False,13,False,0.13149741583099783,0.10489828269985857,1.0,1445011.5023735047,0.89322191272052,0.0,3.0,,,,,,0.025428140907633654,0.005886660129157604,0.14526622473228562,-1.4591953752926319,0.41941747572815535,-1.4591953752926319,0.4173241222164309,-659.0,0.34951456310679613,0.49514563106796117,0.33980582524271846,0.34805825242718447,0.3912621359223301,雋揚
29.450000762939453,29.899999618530277,29.399999618530277,29.899999618530277,191451.0,0.008431703312527405,29.829999923706055,0.02572898832983972,29.707499980926514,0.1634240751326128,28.437499936421712,0.03460207658130243,27.74124997456869,0.0019392943163200715,50.54944179698116,341484.05,0.560644047650249,0.006479832962294152,1442.TW,2026-08-19,-0.007221954848529832,0.029970030426879513,neutral,0.25069637883008355,0.1374187558031569,2026-03-31,2026-05-15,302076000.0,150633000.0,104031000.0,105298000.0,19596000.0,85702000.0,0.23,13238665000.0,2535144000.0,14537328000.0,6447947000.0,8089381000.0,457751000.0,970000000.0,3173770000.0,,0.186100400767346,84670789.20777223,12002184000.0,0.0070546151606884,0.01059438293239,0.0058953062075781,0.7970878117868351,0.4986592777976403,0.3443868430461208,0.2837100597200704,-0.7804954613231485,,,47.44569679476102,47.44569679476102,False,64.58362582020975,64.58362582020975,60.299143563847565,398.0,True,False,True,True,True,True,True,True,True,True,True,True,False,True,False,False,False,12,False,0.05142856036495136,0.0778173170257499,1.0,10210372.964734174,0.6425255338904364,0.0,3.0,,,,,,0.06708925301879114,0.04780629711714744,0.228625419143166,-1.513505358458356,0.7053398058252427,-1.513505358458356,0.6537849022361885,-398.0,0.5825242718446602,0.3883495145631068,0.7281553398058253,0.6043689320388349,0.5533980582524272,名軒
23.100000381469727,23.75,22.399999618530277,23.75,19918.0,0.012793144021328473,23.6,0.05321511323899619,23.19000005722046,0.12892064026543215,22.28311214447022,0.03365309585238485,21.997348229090374,0.007384881857649455,58.88888041178388,12652.9,1.5741845742873175,0.02414833727459076,1470.TW,2026-08-19,-0.007221954848529832,0.029970030426879513,neutral,0.16527390900649955,0.16991643454038996,2026-03-31,2026-05-15,191305000.0,51630000.0,23476000.0,33194000.0,6523000.0,26671000.0,0.31,639175000.0,186883000.0,1180792000.0,196077000.0,984715000.0,246931000.0,25000000.0,,,0.196511417726095,18862697.95746219,993909000.0,0.0189782947507892,0.0270849941353589,0.0225873820283335,0.1991205577248239,0.2698831708528266,0.1227150361987402,0.1394161156268785,-0.1058090510512195,,,51.74217296976339,51.74217296976339,False,80.24541632688756,80.24541632688756,73.11960548760652,342.0,True,True,True,True,True,True,True,True,True,True,True,True,True,True,False,False,False,14,False,0.06582957739562434,0.07967559328773244,1.0,300506.375,0.9870009285051068,0.0,3.0,,,,,,0.10324942911403302,0.04369584625133099,0.2212166376235718,-1.1866620480317804,0.7762135922330098,-1.1866620480317804,0.806733964168912,-342.0,0.6796116504854369,0.8446601941747572,0.883495145631068,0.7101941747572815,0.7699029126213592,大統新創
31.75,32.0,31.549999237060547,32.0,352281.0,0.009463698102218254,31.779999923706054,0.06733019222383918,31.62787742614746,0.049180327868852514,31.574967670440675,0.042345250969175297,31.358733812967937,0.01680351342326642,59.99997456868489,327502.4,1.0756592928784643,0.011765651195577709,1734.TW,2026-08-19,-0.007221954848529832,0.029970030426879513,neutral,0.13649025069637882,0.2989786443825441,2026-03-31,2026-05-15,826628000.0,362449000.0,91276000.0,88530000.0,20284000.0,73805000.0,0.39,2756927000.0,1162480000.0,6421008000.0,2612435000.0,3808573000.0,1091742000.0,348000000.0,1304453000.0,,0.2291200722918784,70362836.2814865,5258528000.0,0.0133807096361351,0.0193786491685993,0.0114943012062903,0.685935388398752,0.438466879902447,0.1104196809205591,0.0892844181421389,0.0261188425334568,,,51.45188702299607,51.45188702299607,False,73.93065204170247,73.93065204170247,68.31096078702588,348.0,True,False,True,True,True,True,True,True,True,True,True,True,True,True,False,False,False,13,False,0.013461053515415822,0.02044936478802839,1.0,10480076.8,0.637883008356546,1.0,3.0,,,,,,0.02490824918999422,0.006429928118287626,0.162497127503056,-1.5238334285308694,0.43203883495145634,-1.5238334285308694,0.6440418773965805,-348.0,0.6601941747572816,0.7378640776699029,0.6990291262135923,0.6660194174757281,0.6912621359223301,杏輝
32.04999923706055,32.25,32.04999923706055,32.099998474121094,152049.0,0.0031249523162841797,32.08999938964844,0.00943393849868146,32.057499980926515,0.017432622832348033,31.88499994277954,0.011023573988065971,31.792916679382323,0.0013274973648623237,52.38090913054221,166616.15,0.9125706001489051,0.0013256958034739696,1737.TW,2026-08-19,-0.007221954848529832,0.029970030426879513,neutral,0.32590529247910865,0.39925719591457753,2026-03-31,2026-05-15,789500000.0,318972000.0,121499000.0,119210000.0,24754000.0,94456000.0,0.47,2822409000.0,867892000.0,8297335000.0,1388240000.0,6909095000.0,1502269000.0,83000000.0,0.0,,0.2076503649022733,96269688.31473868,7429443000.0,0.0129578608133528,0.0136712550630726,0.0113838961546086,0.2009293547128821,0.4040177327422419,0.1538936035465484,0.119640278657378,-0.0362419417252917,,,52.08815722926094,52.08815722926094,False,55.77511834532092,55.77511834532092,54.85337806630592,337.0,True,False,True,True,True,True,True,True,True,False,True,True,True,True,False,False,False,12,False,0.006742936544688272,0.009658811672913048,1.0,5348378.160763931,0.7288765088207985,1.0,3.0,,,,,,0.01769875279074225,0.0006897798614277623,0.11790964462379658,-1.8372142211763496,0.3024271844660194,-1.8372142211763496,0.33674967570495185,-337.0,0.6893203883495146,0.20388349514563106,0.22330097087378642,0.6194174757281553,0.4504854368932039,臺鹽
40.04999923706055,41.0,40.04999923706055,40.900001525878906,117087.0,0.013630807250477828,40.37000045776367,0.025062655683143475,40.29249992370605,0.07208387654020276,39.666666666666664,-0.08603348545521994,40.53708340326945,0.0008693994248470338,61.70215010912467,88382.1,1.3247818279945824,0.015077287418828744,1783.TW,2026-08-19,-0.007221954848529832,0.029970030426879513,neutral,0.25441039925719594,0.2525533890436397,2026-03-31,2026-05-15,190868000.0,134561000.0,58409000.0,68648000.0,15855000.0,52793000.0,0.59,1180100000.0,355506000.0,1990823000.0,364273000.0,1626550000.0,649526000.0,100000000.0,,,0.2309608437245076,44918808.07889523,1635317000.0,0.0274679515218732,0.0324570409762995,0.0265181786627942,0.223954381974117,0.7049950751304567,0.3060177714441394,0.2765942955340864,0.0772486891935364,,,77.42104017134606,77.42104017134606,False,74.23664235980074,74.23664235980074,75.03274181268708,99.0,True,False,True,True,True,True,True,True,True,True,True,True,True,True,True,False,False,13,False,0.031092475442325407,0.008952743812352892,1.0,3614828.0248603825,0.7808727948003714,1.0,2.0,,,,,,0.0314786022751373,0.01804745680312507,0.16653413679149315,-1.4228177269651197,0.5174757281553397,-1.4228177269651197,0.5648673256473093,-99.0,0.9223300970873787,0.9223300970873787,0.5242718446601942,0.862621359223301,0.8427184466019417,和康生
32.599998474121094,33.54999923706055,32.599998474121094,33.29999923706055,2327189.0,0.016793869833909847,32.97999954223633,0.042253472359444544,32.55999994277954,0.15025901069024417,31.389166641235352,0.08646002125651364,30.64333338737488,0.007347822737116341,56.69291504141208,1433275.55,1.6236856897475156,0.02272725109279694,1808.TW,2026-08-19,-0.007221954848529832,0.029970030426879513,neutral,0.1968430826369545,0.1467038068709378,2026-03-31,2026-05-15,5392216000.0,1474911000.0,1229561000.0,1153602000.0,211319000.0,942283000.0,1.06,46784978000.0,26633648000.0,51660398000.0,37973630000.0,13686768000.0,5845055000.0,11570200000.0,207356000.0,10980553000.0,0.1831818946222353,1004327686.4663897,25026750000.0,0.0401301681787043,0.068846275468394,0.0182399485191732,2.774477509957062,0.2735259492572256,0.2280251755493474,0.1747487489373571,173.44891620834682,,,72.1127428848662,72.1127428848662,False,77.3380192383018,77.3380192383018,76.03170014994289,149.0,True,True,True,True,True,True,True,True,True,True,True,True,True,True,True,False,False,14,False,0.06087554402654871,0.08669637262048702,1.0,47728074.721497536,0.4206128133704735,1.0,3.0,,,,,,0.09175520499967915,0.026173346976931727,0.2091944864200245,-0.7496483813267998,0.7461165048543689,-0.7496483813267998,0.7729247629544187,-149.0,0.8932038834951457,0.941747572815534,0.8543689320388349,0.887378640776699,0.8999999999999999,潤隆
39.79999923706055,40.0,39.54999923706055,40.0,49249.0,0.012658227848101333,39.72999954223633,0.03359171088971857,38.84500026702881,0.07956224324290373,38.31345856984456,0.08649139900004443,37.52994813919067,0.0071298936504047596,75.43852134817598,67478.45,0.7298478254909531,0.029733549363662792,1817.TW,2026-08-19,-0.007221954848529832,0.029970030426879513,neutral,0.22191272051996286,0.24233983286908078,2026-03-31,2026-05-15,611528000.0,237424000.0,117537000.0,116319000.0,27903000.0,87774000.0,1.21,1873263000.0,304617000.0,2963735000.0,558812000.0,2404923000.0,382710000.0,40000000.0,857000.0,,0.2398834240321873,89341821.9895288,2659118000.0,0.0335982916100484,0.0364976342277902,0.0296160081788688,0.2323617013933502,0.3882471448568176,0.1922021559110948,0.143532266715506,-0.0085682370507754,,,75.60284732958029,75.60284732958029,False,64.76191834297933,64.76191834297933,67.47215058962956,115.0,True,False,True,True,True,True,True,False,True,True,True,True,False,True,True,False,False,11,False,0.04401955587175488,0.06581548825083439,1.0,2699138.0,0.8152274837511606,1.0,3.0,,,,,,0.07174160171173728,0.061168580971392224,0.22283813880027042,-0.7179961917967751,0.7883495145631068,-0.7179961917967751,0.7400138423065608,-115.0,0.912621359223301,0.6990291262135923,0.8349514563106796,0.9009708737864078,0.8330097087378641,凱撒衛
28.899999618530277,30.049999237060547,28.899999618530277,29.950000762939453,1365242.0,-0.006633461297555154,29.5,0.06773624162415537,29.35999994277954,0.22244901073222256,27.52333345413208,0.14095241001674097,26.180000066757202,0.011977597218069612,59.595965823400334,1941068.2,0.7033457144885481,0.02009539582117781,1907.TW,2026-08-19,-0.007221954848529832,0.029970030426879513,neutral,0.13463324048282266,0.09377901578458682,2026-03-31,2026-05-15,17964361000.0,2424583000.0,-77218000.0,452137000.0,195557000.0,208827000.0,0.13,69038373000.0,57579369000.0,178076390000.0,82625870000.0,95450520000.0,10428232000.0,15812770000.0,19190444000.0,964996000.0,0.4,-46330800.0,120497021000.0,-0.0003844974723482,0.0021878036913785,0.0011726821281585,0.8656408576925511,0.1349662812943917,-0.0042983994810614,0.0116245158956669,-0.0057560278150267,,,17.0350561108219,17.0350561108219,False,78.7311057353325,78.7311057353325,63.307093329204854,913.0,True,True,True,True,True,True,True,True,True,True,True,True,False,True,False,False,False,13,False,0.08816763830047836,0.14400308199270473,1.0,58134994.07091751,0.3946146703806871,0.0,3.0,,,,,,-0.002955301643320037,-0.06926667814508933,0.20474311815446739,-1.7568126258747205,0.25679611650485434,-1.7568126258747205,0.2733998692546623,-913.0,0.10679611650485436,0.5145631067961165,0.14563106796116504,0.11262135922330097,0.23689320388349516,永豐餘
10.850000381469728,11.399999618530272,10.850000381469728,11.199999809265137,6522593.0,0.10891083032170523,10.9,0.10891083032170523,10.253500127792359,0.25701459046805186,9.987833388646443,0.11442782056765166,9.693166669209798,0.01913328863863802,71.53558814957061,4405518.5,1.480550586724355,0.09230991073060668,1909.TW,2026-08-19,-0.007221954848529832,0.029970030426879513,neutral,0.0872794800371402,0.07149489322191271,2026-03-31,2026-05-15,10760215000.0,1109471000.0,15988000.0,29258000.0,59036000.0,-27240000.0,-0.02,14658431000.0,22767425000.0,70430999000.0,49630869000.0,20800130000.0,2240646000.0,8614561000.0,26455684000.0,0.0,0.4,9592800.0,47663574000.0,0.0002012606104611,-0.0013096071995703,-0.0003867615167576,2.386084558125358,0.1031086274763097,0.0014858439166875,-0.0025315479291073,0.0525224624933875,,,8.894222198109352,8.894222198109352,False,82.29132405192482,82.29132405192482,63.94204858847095,1044.0,True,True,True,True,True,True,True,True,True,True,False,True,True,True,False,False,False,13,False,0.12136430129046905,0.15545313430354724,1.0,49341806.35971403,0.4159702878365831,0.0,3.0,,,,,,0.04503662587546689,-0.03374141896879564,0.3011347693518709,-1.5962750182618375,0.5689320388349515,-1.5962750182618375,0.616567478515833,-1044.0,0.019417475728155338,0.5339805825242718,0.6699029126213593,0.11699029126213592,0.30388349514563107,榮成
48.75,50.5,48.20000076293945,50.0,18008783.0,0.06723589388415685,49.54000015258789,0.1428571428571428,45.944999885559085,0.2091898874262963,42.82313321431478,0.33333333333333326,40.408649921417236,0.04634479265871546,70.19230228439199,23124625.4,0.7787707990288137,0.08825770213388195,2027.TW,2026-08-19,-0.007221954848529832,0.029970030426879513,neutral,0.06128133704735376,0.1021355617455896,2026-03-31,2026-05-15,31174326000.0,8517820000.0,5633209000.0,4716863000.0,1204326000.0,2914770000.0,1.17,89517343000.0,24455518000.0,159942793000.0,66551339000.0,93391454000.0,9252095000.0,11925609000.0,29968117000.0,,0.2553235063218923,4194918326.275959,135487275000.0,0.0309617144951506,0.0312102432841446,0.0182238283159154,0.7126063054977172,0.2732318896004359,0.1807002659816927,0.0934990543179666,0.1950875950100803,,,67.77515994414823,67.77515994414823,False,77.96297935609648,77.96297935609648,75.41602450310943,180.0,True,True,True,True,True,True,True,True,True,True,True,True,False,True,True,False,False,13,False,0.16759321999554588,0.23735883523045387,1.0,1156231270.0,0.10863509749303621,1.0,3.0,,,,,,0.025536004122693065,-0.05420701036137466,0.3027438044250273,-1.214317374296184,0.5538834951456311,-1.214317374296184,0.5780182779764946,-180.0,0.8543689320388349,0.9320388349514563,0.5533980582524272,0.8092233009708737,0.8174757281553399,大成鋼
21.799999237060547,21.950000762939453,21.450000762939453,21.799999237060547,452097.0,0.01631694460010502,21.549999618530276,0.0634145969297828,20.9375,0.05825237055190802,20.70614366531372,0.0,20.634321880340575,0.01159559680818543,72.54896827599205,316490.2,1.428470770974899,0.04119399341184704,2029.TW,2026-08-19,-0.007221954848529832,0.029970030426879513,neutral,0.14391829155060354,0.28319405756731664,2026-03-31,2026-05-15,3111785000.0,440347000.0,145201000.0,173680000.0,32998000.0,134373000.0,0.42,8418174000.0,1415146000.0,11631228000.0,1524045000.0,10107183000.0,2662689000.0,204353000.0,,,0.1899930907415937,117613813.23122984,10216082000.0,0.011512614447616,0.0132948023202904,0.011552778434057,0.1507883057029837,0.1415094551840824,0.0466616427548818,0.0431819679058803,-0.1807433477529307,,,30.0830240796116,30.0830240796116,False,70.60602235674372,70.60602235674372,60.47527278746069,679.0,True,False,True,True,True,True,True,False,True,True,True,True,True,True,False,False,False,12,False,0.05282758534990828,0.056492157264958376,1.0,6899486.11853714,0.6973073351903436,0.0,3.0,,,,,,0.029271999781423596,0.007222270880505879,0.1465595824900108,-1.5696778231709423,0.41699029126213594,-1.5696778231709423,0.4460897950231192,-679.0,0.3300970873786408,0.39805825242718446,0.3592233009708738,0.3344660194174757,0.3563106796116505,盛餘
44.54999923706055,46.0,43.75,45.75,2028191.0,0.00882032060281479,44.75,0.14949750947228657,42.05,0.2526129944092905,39.887664286295575,0.2166003406415382,38.54057579040527,0.03164867903378536,72.5856654874778,2122906.05,0.955384247927505,0.08799048751486338,2031.TW,2026-08-19,-0.007221954848529832,0.029970030426879513,neutral,0.05478180129990715,0.0733519034354689,2026-03-31,2026-05-15,4589073000.0,567832000.0,427931000.0,146733000.0,66925000.0,70724000.0,0.22,15811293000.0,10640609000.0,28813736000.0,17538865000.0,11274871000.0,1366991000.0,6979961000.0,6673974000.0,,0.4,256758600.0,18173127000.0,0.0141284766237533,0.0062727103485263,0.0024545237729671,1.5555712344735475,0.1237356651332415,0.0932499875247136,0.0154113913637895,-0.0896215532289155,,,22.130264986727884,22.130264986727884,False,78.85528900135468,78.85528900135468,64.67403299769798,823.0,True,True,True,True,True,True,True,False,True,True,True,True,True,True,False,False,False,13,False,0.14697114555586,0.18706062537315615,1.0,97122951.7875,0.33519034354688954,1.0,3.0,,,,,,0.05040477706272509,0.020833758922536878,0.24722453251311324,-1.4919953629372902,0.6723300970873787,-1.4919953629372902,0.6564846159087038,-823.0,0.17475728155339806,0.5631067961165048,0.7378640776699029,0.2592233009708738,0.40388349514563104,新光鋼
27.5,27.75,26.799999237060547,27.25,8125909.0,-0.0036563210265064816,27.510000228881836,0.12836440705742658,24.357500076293945,0.4338893883127588,22.720907815297444,0.32703707745931054,21.202354764938356,0.0398079050355497,75.66540370672601,8767255.45,0.9268475233033162,0.11875192095436726,2103.TW,2026-08-19,-0.007221954848529832,0.029970030426879513,neutral,0.06870937790157845,0.028783658310120707,2026-03-31,2026-05-15,10330865000.0,1265731000.0,651038000.0,844918000.0,343164000.0,435719000.0,0.53,20606457000.0,11013075000.0,44846222000.0,22698723000.0,22147499000.0,6501177000.0,5243271000.0,6369581000.0,,0.4,390622800.0,33833147000.0,0.0115455650637524,0.0196735080561466,0.0097158462980449,1.0248887696078008,0.1225193630930227,0.0630187307645584,0.0421764295632553,-0.0044362000632366,,,30.459795491848286,30.459795491848286,False,82.11512061806357,82.11512061806357,69.20128933650975,673.0,True,True,True,True,True,True,True,False,True,True,True,True,True,True,False,False,False,13,False,0.19933588136180136,0.28523460257642874,1.0,238907711.0125,0.24698235840297122,0.0,3.0,,,,,,0.04076014330000667,0.0002793072295053198,0.24611136597927386,-1.6192909811143483,0.5728155339805825,-1.6192909811143483,0.5501901289665349,-673.0,0.33980582524271846,0.7669902912621359,0.49514563106796117,0.3631067961165048,0.49902912621359224,台橡
25.899999618530277,26.049999237060547,25.75,25.950000762939453,306441.0,0.02366865374520133,25.79000053405762,0.005814012802893176,25.637500095367432,0.10485087574620611,25.36430689493815,0.06615948641063896,24.760846757888793,-0.0008768414722709437,63.33338419596367,220576.8,1.3892712198200357,0.012189202005248978,2107.TW,2026-08-19,-0.007221954848529832,0.029970030426879513,neutral,0.3500464252553389,0.1959145775301764,2026-03-31,2026-05-15,327504000.0,108944000.0,61789000.0,88780000.0,18672000.0,70108000.0,0.23,11124237000.0,2061631000.0,15861263000.0,2536045000.0,13325218000.0,807947000.0,1085000000.0,220797000.0,,0.2103176391079071,48793683.39716153,13799632000.0,0.0035358684490399,0.0052613022916398,0.0044200767618568,0.1903192127888639,0.332649372221408,0.1886663979676584,0.2140676144413503,-0.1658159366690099,,,41.47495597513323,41.47495597513323,False,61.267787363063505,61.267787363063505,56.319579516080935,490.0,True,False,True,True,True,True,False,True,True,True,True,True,True,True,False,False,False,12,False,0.023091262474757013,0.04802557912005967,1.0,5723968.128286743,0.7205199628597957,0.0,3.0,,,,,,0.034727193946470385,0.014416474824184884,0.16969019359442244,-1.477371949673693,0.49660194174757283,-1.477371949673693,0.534359595876061,-490.0,0.5436893203883495,0.24271844660194175,0.4563106796116505,0.5305825242718446,0.43592233009708736,厚生
29.450000762939453,29.75,29.049999237060547,29.100000381469727,693275.0,-0.05672609330180589,29.460000228881835,0.03558718812898798,28.48000020980835,0.06204382432873312,28.57583351135254,0.1076808755864922,27.325850677490234,0.01271224374065882,67.11410426926133,1072998.0,0.6461102443806979,0.021769668788410135,2108.TW,2026-08-19,-0.007221954848529832,0.029970030426879513,neutral,0.2135561745589601,0.2748375116063138,2026-03-31,2026-05-15,2595684000.0,706987000.0,322249000.0,400150000.0,120689000.0,166573000.0,0.34,14271694000.0,1850566000.0,18859782000.0,2404041000.0,16455741000.0,9490424000.0,110000000.0,24000000.0,,0.3016093964763214,225055673.59490192,17009216000.0,0.0132313960616939,0.0101224855204028,0.0088321805628506,0.1460913246021555,0.272370211474124,0.1241480087714837,0.0641730657506846,0.1428634327678053,,,48.999527692236406,48.999527692236406,False,56.74306685070605,56.74306685070605,54.80718206108864,387.0,True,False,True,True,True,False,True,True,True,True,True,True,False,True,False,False,False,11,False,0.01834301245872494,0.06492568977700497,1.0,31224242.209316254,0.4958217270194986,0.0,3.0,,,,,,0.018122867032910994,-0.039247132300725886,0.1850905948715218,-1.757146514498815,0.31456310679611654,-1.757146514498815,0.33647182905925066,-387.0,0.6213592233009708,0.1941747572815534,0.20388349514563106,0.5587378640776699,0.40970873786407763,南帝
28.100000381469727,28.899999618530277,28.0,28.799999237060547,2150953.0,0.01587297529226661,28.629999923706055,0.024910990963986857,27.83499994277954,0.07462686779611127,27.930833276112878,-0.06493506654355596,27.762500031789145,0.0010789433251501646,66.33662618430269,2567862.85,0.8376432565313993,0.034668557437210534,2201.TW,2026-08-19,-0.007221954848529832,0.029970030426879513,neutral,0.255338904363974,0.24698235840297122,2026-03-31,2026-05-15,16975232000.0,5600166000.0,1529772000.0,1410701000.0,356383000.0,363664000.0,0.35,258394518000.0,257093889000.0,369722615000.0,273701167000.0,96021448000.0,11770568000.0,38309974000.0,7312596000.0,1700000000.0,0.2526283032336406,1143308295.3056672,112628726000.0,0.0101511251694853,0.0037873205161413,0.0009836130797679,2.850416992253648,0.3299021774783402,0.0901178846922386,0.0214232123602198,-0.0348376488341026,,,22.837441404461494,22.837441404461494,False,58.12473571288217,58.12473571288217,49.302912135777,814.0,True,False,True,True,True,False,True,True,True,True,True,True,True,True,False,False,False,12,False,0.031118511658977166,0.03737052513582806,1.0,73954448.12087612,0.3686165273909007,0.0,3.0,,,,,,0.03071230346756157,-0.019589852095559353,0.1956185328752498,-1.276478922459282,0.47378640776699027,-1.276478922459282,0.5986522136724638,-814.0,0.18446601941747573,0.02912621359223301,0.6213592233009708,0.25,0.22524271844660193,裕隆
46.0,47.84999847412109,44.25,44.70000076293945,15896011.0,-0.018660779107752767,44.12000045776367,0.026406464891514103,41.70750045776367,0.3263437283771442,42.0086568514506,1.4144433855838128,30.95765495300293,0.0162027202934328,76.47059773904158,5364859.35,2.962987463967718,0.07174969183795188,2302.TW,2026-08-19,-0.007221954848529832,0.029970030426879513,neutral,0.24605385329619314,0.04735376044568245,2026-03-31,2026-05-15,216325000.0,70774000.0,16066000.0,58305000.0,16844000.0,41461000.0,0.25,1204494000.0,819815000.0,2680414000.0,894283000.0,1786131000.0,540705000.0,,,,0.2888946059514621,11424619.26078381,1860599000.0,0.0061402909819815,0.0232127430742761,0.0154681329078269,0.5006816409322721,0.3271651450364035,0.0742678839708771,0.1916606957124696,0.1180973350699827,,,48.29599018643512,48.29599018643512,False,62.41368137646813,62.41368137646813,58.88425857895988,394.0,True,False,True,True,True,False,True,False,True,True,True,True,True,True,False,False,False,11,False,0.06406641185900996,0.44390784220571256,1.0,239809217.03806284,0.24605385329619314,1.0,3.0,,,,,,-0.04781595064264058,-0.11939868427454331,0.2193603766794391,-1.8342845603779312,0.20873786407766992,-1.8342845603779312,0.27044043324624256,-394.0,0.6116504854368932,0.34951456310679613,0.13592233009708737,0.5402912621359223,0.4378640776699029,麗正
39.0,39.5,38.04999923706055,39.29999923706055,92867105.0,-0.01503765077375252,40.80999984741211,0.08563531515984901,37.554999923706056,0.16964288755339152,37.18666655222575,0.3528916379688909,33.56573014259338,0.03514332429005803,66.66665902963754,96610995.1,0.9612477845184725,0.046465166206883346,2324.TW,2026-08-19,-0.007221954848529832,0.029970030426879513,neutral,0.10863509749303621,0.1327762302692665,2026-03-31,2026-05-15,201303536000.0,10597495000.0,2644084000.0,3090596000.0,699988000.0,1967195000.0,0.45,372539532000.0,285043722000.0,452433934000.0,306525209000.0,145908725000.0,84569615000.0,55846516000.0,11898445000.0,,0.2264896479513983,2045226345.6860747,167390212000.0,0.0122183150451238,0.013482367144254,0.0043480270867569,2.100801093286231,0.0526443559342146,0.0131348115017711,0.009772282390509,0.0110778585236814,,,17.5664711440274,17.5664711440274,False,75.99735069167582,75.99735069167582,61.38963080476371,898.0,True,True,True,True,True,True,True,True,True,True,True,True,True,True,False,False,False,14,False,0.056830387899027945,0.17083701352858816,1.0,3796812033.72166,0.04271123491179202,1.0,3.0,,,,,,-0.017389274096011178,-0.05674607943824321,0.25423193271261807,-1.547528754362627,0.35631067961165047,-1.547528754362627,0.39736924573363835,-898.0,0.11650485436893204,0.42718446601941745,0.32038834951456313,0.1470873786407767,0.25048543689320385,仁寶
59.5,61.5,58.79999923706055,60.79999923706055,7256099.0,-0.03492064703078501,61.54000015258789,0.08377898201026812,58.704999923706055,0.03313503606460677,57.24871273040772,0.04174447331505937,55.290864849090575,0.02801856233495575,73.0539039787766,14066782.65,0.5158321686302588,0.035686897471717716,2354.TW,2026-08-19,-0.007221954848529832,0.029970030426879513,neutral,0.11327762302692665,0.34447539461467036,2026-03-31,2026-05-15,25274831000.0,1224398000.0,373042000.0,939869000.0,285306000.0,663384000.0,0.47,119608118000.0,42954189000.0,150753789000.0,44332160000.0,106421629000.0,18348663000.0,13096824000.0,,,0.3035593258209388,259801621.9771053,107799600000.0,0.0024100425416894,0.0062335448746043,0.0044004466116602,0.4165709585219749,0.0484433704027536,0.0147594260867659,0.0262468223823138,-0.1575198993297046,,,17.738249987351253,17.738249987351253,False,65.96369456646858,65.96369456646858,53.907333421689245,895.0,True,False,True,True,True,True,True,False,True,True,True,True,False,True,False,False,False,11,False,0.06203260016301737,0.09963914297608589,1.0,855260374.3878965,0.12163416898792943,1.0,3.0,,,,,,-0.022326102318541905,-0.05219250333538968,0.14294600246250538,-1.878722936343636,0.1679611650485437,-1.878722936343636,0.15941613276136657,-895.0,0.1262135922330097,0.10679611650485436,0.07766990291262135,0.11893203883495146,0.11067961165048543,鴻準
896.0,925.0,891.0,925.0,2977957.0,0.08568075117370899,941.2,0.22192866578599735,831.8,0.4077862043602989,761.1359985351562,0.8743667679837892,659.2466639200846,0.07149297951822749,72.16981132075472,4787912.15,0.6219740268208555,0.11204616494349606,2357.TW,2026-08-19,-0.007221954848529832,0.029970030426879513,neutral,0.027855153203342618,0.03064066852367688,2026-03-31,2026-05-15,208369726000.0,30970538000.0,11895859000.0,13859608000.0,2702804000.0,9797017000.0,13.19,485857648000.0,327627459000.0,671441698000.0,354711686000.0,316730012000.0,57955263000.0,41417377000.0,275376000.0,,0.1950130191272365,9576011621.29809,343814239000.0,0.0278522833991703,0.0309317608967223,0.0145910166574134,1.1199181402487366,0.1486326185407567,0.0570901504184921,0.0470174683629425,0.4108280576281871,,,51.58078089609261,51.58078089609261,False,82.7355091027658,82.7355091027658,74.9468270510975,344.0,True,True,True,True,True,True,True,False,True,True,True,True,False,True,False,False,False,12,False,0.21528872866374482,0.4031166945914657,1.0,4428818738.75,0.03899721448467967,3.0,3.0,,,,,,0.10634913106844955,0.02336228735553267,0.32671213597117416,-1.059451536764159,0.8587378640776699,-1.059451536764159,0.8161959182627747,-344.0,0.6699029126213593,0.9029126213592233,0.8932038834951457,0.7033980582524272,0.7844660194174757,華碩
175.0,180.5,160.0,161.0,25041422.0,0.12587412587412583,166.0,0.15827338129496393,145.575,0.11805555555555558,140.70221862792968,0.23371647509578541,130.0927759806315,0.046737371921625026,67.77251184834122,11611980.2,2.156516078110433,0.10595912759745851,2359.TW,2026-08-19,-0.007221954848529832,0.029970030426879513,neutral,0.04549675023212628,0.17920148560817084,2026-03-31,2026-05-15,890066000.0,190817000.0,-35808000.0,156778000.0,13846000.0,134073000.0,0.78,8393550000.0,3998667000.0,10520171000.0,4283921000.0,6236250000.0,2450934000.0,650000000.0,,,0.088315962698848,-32645582.00767965,6521504000.0,-0.005005836384932,0.0214989777510523,0.0127443745923901,0.6869386249749448,0.21438522536531,-0.0402307244631297,0.1506326497136167,-0.2680432463904461,,,26.81505765819656,26.81505765819656,False,80.82234050354296,80.82234050354296,67.32051979220635,740.0,True,True,True,True,True,True,True,True,True,True,False,True,True,True,False,False,False,13,False,0.14426056369264084,0.23757832659339995,1.0,1869528812.1999998,0.07520891364902507,2.0,3.0,,,,,,-0.015302683830446405,-0.10372094513325737,0.21285641557821536,-1.7019387713530592,0.2407766990291262,-1.7019387713530592,0.22896777088351947,-740.0,0.27184466019417475,0.6796116504854369,0.10679611650485436,0.24708737864077668,0.3611650485436893,所羅門
83.0999984741211,83.4000015258789,81.30000305175781,82.5999984741211,543830.0,0.052229279925109395,83.56000061035157,0.15686269900404337,74.575,0.20408163719247607,71.04833335876465,0.30903328798014873,67.6099999109904,0.04887482419128001,77.28936940703419,463365.7,1.1736518261925732,0.10760976834222036,2364.TW,2026-08-19,-0.007221954848529832,0.029970030426879513,neutral,0.04642525533890436,0.10584958217270195,2026-03-31,2026-05-15,338915000.0,130350000.0,30596000.0,44068000.0,-15000.0,43646000.0,0.83,1165011000.0,950493000.0,1755551000.0,1003694000.0,751857000.0,599063000.0,350000000.0,,,0.0,30596000.0,805058000.0,0.0380047151882224,0.0580509325576539,0.0248617100841843,1.3349533222407983,0.3846097103993626,0.0902763229718365,0.128781552896744,-0.1059821890200796,,,61.7822396932274,61.7822396932274,False,81.37558203230513,81.37558203230513,76.47724644753569,245.0,True,True,True,True,True,True,True,False,True,True,True,True,True,True,True,False,False,13,False,0.1625888260745727,0.22171274342353597,1.0,38274006.112960055,0.46146703806870937,1.0,3.0,,,,,,0.08616645621033994,0.030861195671777496,0.37659832028679374,0.06049293620194807,0.9019417475728155,0.06049293620194807,0.889994319992699,-245.0,0.7572815533980582,0.9514563106796117,0.9320388349514563,0.7834951456310679,0.8504854368932039,倫飛
343.0,352.5,339.0,348.5,6751475.0,-0.07190412782956057,369.1,0.038469855710077994,344.26340942382814,0.03720238095238093,344.2116271972656,0.4829787234042553,305.5183135986328,0.02808197801220758,64.73306323155886,9812137.25,0.6880738444623774,0.01230624707767336,2376.TW,2026-08-19,-0.007221954848529832,0.029970030426879513,neutral,0.2107706592386258,0.3342618384401114,2026-03-31,2026-05-15,105057330000.0,12614630000.0,7413710000.0,7054503000.0,1410189000.0,5268403000.0,7.86,234087870000.0,170374747000.0,247826770000.0,180781022000.0,67045748000.0,63311111000.0,69227536000.0,,9540960000.0,0.199899128258929,5931715833.835495,77452023000.0,0.0765856798063944,0.0785792262322138,0.0212584096544533,2.6963831024750444,0.1200737730532462,0.0705682316502808,0.0501478859209538,0.5978925716183887,,,59.16561347732097,59.16561347732097,False,67.19800681657915,67.19800681657915,65.1899084817646,275.0,True,False,True,True,True,True,True,True,True,True,True,True,False,True,False,False,False,12,False,0.012458535574908725,0.14068448432794556,1.0,3419529831.625,0.04642525533890436,2.0,3.0,,,,,,0.09288968344707059,0.07942415705897836,0.4327045958310432,0.6938386788033049,0.9650485436893204,0.6938386788033049,0.959363823987821,-275.0,0.7281553398058253,0.5728155339805825,0.9805825242718447,0.7660194174757281,0.7320388349514563,技嘉
39.70000076293945,41.650001525878906,39.04999923706055,41.04999923706055,3779522.0,0.03140703577793125,41.369999694824216,0.1402777565850153,37.35749969482422,0.0607234735863762,37.959150060017905,0.014833089315311465,37.321658325195315,0.04339880061995494,75.00000581508812,3948100.45,0.9573013776789797,0.09884225583619322,2392.TW,2026-08-19,-0.007221954848529832,0.029970030426879513,neutral,0.06313834726090993,0.2785515320334262,2026-03-31,2026-05-15,20284345000.0,3918165000.0,2024943000.0,2036754000.0,252111000.0,-210762000.0,-0.46,65961303000.0,65464823000.0,123191294000.0,95674753000.0,27516541000.0,21416412000.0,16445470000.0,26655579000.0,0.0,0.1237807805950055,1774293974.7996078,57726471000.0,0.0307362280088039,-0.0076594656283287,-0.0017108514177958,3.476990549066469,0.1931620173094078,0.0998278721841893,-0.0103903774068129,-0.0513983335778374,,,22.851074819845003,22.851074819845003,False,64.37891593435316,64.37891593435316,53.99695565572612,810.0,True,False,True,True,True,False,True,False,True,True,True,True,True,True,False,False,False,11,False,0.0814256687032151,0.09989751471863939,1.0,162069520.4603384,0.28690807799442897,1.0,3.0,,,,,,0.05543209092993996,0.016072004032060157,0.238725044106287,-0.2307665143667438,0.746116504854369,-0.2307665143667438,0.7354598872305093,-810.0,0.1941747572815534,0.13592233009708737,0.8252427184466019,0.28883495145631066,0.3029126213592233,正崴
489.0,494.5,480.0,481.0,68824223.0,-0.0031088082901554737,509.2,0.07968574635241299,445.525,0.5848434925864909,421.4724817911784,0.6701388888888888,334.59040756225585,0.05693612478500682,76.74825174825175,85997641.25,0.8003036129784548,0.07962516132652486,2408.TW,2026-08-19,-0.007221954848529832,0.029970030426879513,neutral,0.11792014856081709,0.015784586815227482,2026-03-31,2026-05-15,49086932000.0,33325482000.0,30111283000.0,31718134000.0,5659880000.0,26059487000.0,8.41,141606845000.0,25207062000.0,240968098000.0,47930660000.0,193037438000.0,86281008000.0,0.0,13800000000.0,3996400000.0,0.1784430319892084,24738134364.394894,215761036000.0,0.1146552446308929,0.1349970620724877,0.1081449669740099,0.2482972240856201,0.6789074126694249,0.6134276837672398,0.5308844113541258,5.829068133568171,,,100.0,100.0,True,77.70321098333854,77.70321098333854,83.2774082375039,2.0,True,True,True,True,True,True,True,False,True,True,True,True,True,True,True,True,True,14,False,0.14123702206094424,0.437578571078737,1.0,41364865441.25,0.0018570102135561746,2.0,0.0,,,,,,-0.09168491476759477,-0.1825212320659861,0.17060632473677018,-1.4723593929236316,0.18106796116504853,-1.4723593929236316,0.22733556510411881,-2.0,1.0,0.9902912621359223,0.0970873786407767,0.8645631067961165,0.8165048543689319,南亞科
66.30000305175781,67.69999694824219,66.30000305175781,67.0,167851.0,0.01208463880116617,66.34000091552734,0.02918589201863364,65.26500015258789,0.06521736625368124,64.68812936147054,0.06204713264202932,63.41831738154094,0.002688590906208312,77.41948186349974,107810.1,1.5569134988280318,0.026583924666447878,2459.TW,2026-08-19,-0.007221954848529832,0.029970030426879513,neutral,0.23584029712163418,0.265552460538533,2026-03-31,2026-05-15,1246416000.0,380276000.0,186277000.0,194518000.0,45242000.0,148975000.0,1.41,6078446000.0,3159848000.0,9214633000.0,3255851000.0,5958782000.0,822536000.0,1819298000.0,61941000.0,,0.2325851592140573,142951734.29708305,6054785000.0,0.0236097126978221,0.0250009146164434,0.0161672201160914,0.546395387513757,0.3050955700183566,0.1494501033362858,0.1195226954724586,0.0636655026574228,,,58.06746252476306,58.06746252476306,False,68.14225245199191,68.14225245199191,65.6235549701847,283.0,True,False,True,True,True,True,True,False,True,True,True,True,True,True,False,False,False,12,False,0.035738715299849844,0.056477099461827995,1.0,7223276.7,0.6833797585886723,1.0,3.0,,,,,,0.061600768737995124,0.04910542638984846,0.2419046338046431,-1.252015719502399,0.7674757281553398,-1.252015719502399,0.7158288543242006,-283.0,0.7184466019417476,0.6019417475728155,0.7961165048543689,0.7300970873786408,0.6990291262135923,敦吉
17.950000762939453,18.100000381469727,17.799999237060547,17.950000762939453,840630.0,-0.002777735392252567,17.83000030517578,0.11838016300285381,16.830000114440917,0.11490685326933181,17.311666584014894,0.0684524748871429,17.053333298365274,0.024969563443323645,76.40450545866173,880321.65,0.9549123323276214,0.06654786933349599,2461.TW,2026-08-19,-0.007221954848529832,0.029970030426879513,neutral,0.07613741875580315,0.18384401114206128,2026-03-31,2026-05-15,1366993000.0,363766000.0,98193000.0,54528000.0,12381000.0,50019000.0,0.3,4713779000.0,2915219000.0,8380552000.0,4207146000.0,4173406000.0,1186217000.0,874467000.0,975276000.0,,0.2270576584507042,75897527.34375,5465333000.0,0.0138870819662315,0.0119851746990347,0.0059684612660359,1.0080845237678768,0.2661067028141329,0.0718313846522988,0.0365905311877968,0.0206116832638239,,,35.682269128941115,35.682269128941115,False,63.6654329365657,63.6654329365657,56.66964198465955,593.0,True,False,True,True,True,False,True,False,True,True,True,True,True,True,False,False,False,11,False,0.03687306336606433,0.05258018763171268,1.0,15801774.289132118,0.5784586815227484,0.0,3.0,,,,,,0.06457789911727155,0.03497099145053446,0.23948110435941566,-1.091672379456761,0.7679611650485436,-1.091672379456761,0.7507407350155494,-593.0,0.3883495145631068,0.27184466019417475,0.8446601941747572,0.4567961165048543,0.4446601941747573,光群雷
14.149999618530272,14.300000190734863,14.100000381469728,14.149999618530272,130511.0,0.044280399951999394,13.999999809265137,0.06792449951171853,13.394999980926514,0.1411290365997142,13.300833368301392,-0.03741497944702077,13.557916673024495,0.01342916297309519,72.91664928198273,124842.2,1.045407722709148,0.05636428806859439,2509.TW,2026-08-19,-0.007221954848529832,0.029970030426879513,neutral,0.13370473537604458,0.15598885793871867,2026-03-31,2026-05-15,64339000.0,17741000.0,-24855000.0,-103715000.0,440000.0,-100923000.0,-0.45,11515918000.0,9505024000.0,14164161000.0,9994241000.0,4169920000.0,916570000.0,4613123000.0,0.0,486938000.0,0.0,-24855000.0,4659137000.0,-0.0053346789330298,-0.0242026225922799,-0.0071252367153974,2.396746460363748,0.2757425511742489,-0.3863131226783133,,-0.0720024231584717,,,11.364896482710066,11.364896482710066,False,72.1645581852098,72.1645581852098,56.96464275958487,1019.0,True,False,True,True,True,True,True,False,True,True,True,True,True,True,False,False,False,12,False,0.0638430861221535,0.04367064349081118,1.0,1766517.0823764799,0.8607242339832869,0.0,3.0,,,,,,0.04000378833985686,0.003488293299286283,0.21712892666048472,-1.4095239806332474,0.5616504854368932,-1.4095239806332474,0.591793644592505,-1019.0,0.02912621359223301,0.2912621359223301,0.6019417475728155,0.11504854368932038,0.2223300970873786,全坤建
13.899999618530272,14.0,13.899999618530272,14.0,212302.0,0.0035842431124375462,13.979999923706055,0.0071942722456206365,13.994999980926513,0.08949413108100934,13.656666660308838,-0.047619035261751486,13.603750014305115,0.0014311290646490144,54.16667328939028,142047.05,1.4945892927730637,0.0003572718170989919,2516.TW,2026-08-19,-0.007221954848529832,0.029970030426879513,neutral,0.3398328690807799,0.22376973073351902,2026-03-31,2026-05-15,1624343000.0,91613000.0,49137000.0,56516000.0,0.0,56516000.0,0.25,5501612000.0,4873771000.0,7116682000.0,5000833000.0,2115849000.0,1859804000.0,596780000.0,,,0.0,49137000.0,2242911000.0,0.0219076904968587,0.0267107907983981,0.0079413412036676,2.363511290266933,0.0564000337367169,0.0302503843092253,0.0347931440588594,-0.2679604746075582,,,20.556737993044667,20.556737993044667,False,65.76953551642828,65.76953551642828,54.466336135582374,848.0,True,False,True,True,True,True,True,True,True,True,True,True,True,True,False,False,False,13,False,0.025140347072321267,0.029127996712539295,1.0,1988658.6999999997,0.8458681522748375,0.0,3.0,,,,,,0.1323398669554045,0.06726353518645277,0.2767485694484286,-0.6482757461607587,0.9014563106796116,-0.6482757461607587,0.8939259587926512,-848.0,0.14563106796116504,0.1650485436893204,0.941747572815534,0.26504854368932035,0.3106796116504854,新建
35.849998474121094,36.79999923706055,35.650001525878906,36.70000076293945,2559790.0,0.041134773416722004,35.73000030517578,0.028011203883169467,34.270041847229,0.2172471385499959,34.099180634816484,0.16139241518681668,32.62292364438375,-0.00014588208080123258,72.09958877382248,1528627.95,1.6745670521070872,0.07090621384540063,2520.TW,2026-08-19,-0.007221954848529832,0.029970030426879513,neutral,0.2404828226555246,0.09749303621169916,2026-03-31,2026-05-15,4862541000.0,1141758000.0,658447000.0,599530000.0,162065000.0,308665000.0,0.52,53619294000.0,30715620000.0,65803063000.0,37306228000.0,28496835000.0,17736193000.0,16539209000.0,220000000.0,3700000000.0,0.2703200840658515,480455551.60709226,35087443000.0,0.0136930910470475,0.0108315537497409,0.0046907390921908,1.3091358391203796,0.2348068633251627,0.1354121230031787,0.063478127999332,0.0287244960456058,,,37.26396887406752,37.26396887406752,False,65.63564846793278,65.63564846793278,58.54272856946647,570.0,True,False,True,True,True,True,False,False,True,True,True,True,True,True,False,False,False,11,False,0.07627221768101489,0.12497583487608721,1.0,56100646.93125057,0.3983286908077994,1.0,3.0,,,,,,0.04137565003905985,0.011561177333564288,0.22269199369557466,-1.448794439762658,0.5932038834951456,-1.448794439762658,0.6219551269030575,-570.0,0.4077669902912621,0.3300970873786408,0.6893203883495146,0.45,0.4407766990291262,冠德
90.0,90.3000030517578,89.19999694824219,89.4000015258789,230309.0,0.006756739341229334,89.51999969482422,0.012457513432658995,88.7050006866455,0.17786560907244553,88.67166709899902,0.29056057122913015,79.7278517405192,0.005098856870252155,56.25,390840.35,0.5892661799120792,0.007834967970842266,2535.TW,2026-08-19,-0.007221954848529832,0.029970030426879513,neutral,0.3045496750232126,0.12534818941504178,2026-03-31,2026-05-15,7158996000.0,1023899000.0,759460000.0,917121000.0,168741000.0,748785000.0,2.88,29176307000.0,17358125000.0,31406521000.0,21164629000.0,10241892000.0,7958413000.0,1895000000.0,3752518000.0,0.0,0.1839898988246916,619727031.4385997,14048396000.0,0.0441137216973809,0.0731100269364293,0.023841704721131,2.0664764869615886,0.1430227087708946,0.10608470796743,0.1045935770881838,0.5557714720596632,,,66.50740970485359,66.50740970485359,False,68.10494123371998,68.10494123371998,67.70555835150338,196.0,True,False,True,True,True,True,True,True,True,True,True,True,False,True,True,False,False,12,False,0.008213834821293231,0.12131456666910467,1.0,34941127.88637505,0.479108635097493,1.0,3.0,,,,,,0.07193031272711291,0.026585319314939335,0.3199083548388968,-0.2751517778224312,0.8650485436893204,-0.2751517778224312,0.8978696555587314,-196.0,0.8349514563106796,0.7281553398058253,0.9514563106796117,0.8524271844660194,0.8262135922330096,達欣工
20.850000381469727,20.899999618530277,20.700000762939453,20.799999237060547,769842.0,-0.021176506491268343,20.939999771118163,0.10052908237455371,19.277500057220458,0.06393862142103823,19.834398206075033,-0.11300645798131437,20.83761576016744,0.01997354285440214,75.78943057078644,1384964.45,0.5558568669397976,0.07897804047832602,2536.TW,2026-08-19,-0.007221954848529832,0.029970030426879513,neutral,0.0947075208913649,0.27019498607242337,2026-03-31,2026-05-15,885984000.0,198992000.0,124933000.0,51693000.0,481000.0,50662000.0,0.15,37093849000.0,23042551000.0,40456098000.0,26821064000.0,13635034000.0,3624765000.0,10389980000.0,2660000000.0,1000000000.0,0.0093049349041456,123770506.56762037,17413547000.0,0.0071077136994329,0.0037155756267274,0.0012522710420565,1.9670698290888016,0.2245999927763932,0.1410104471412576,0.0571816195326326,0.0254337628427481,,,28.43301834599211,28.43301834599211,False,61.9854030946423,61.9854030946423,53.597306907479755,709.0,True,False,True,True,True,False,True,False,True,True,True,True,False,True,False,False,False,10,False,0.048683152417992925,-0.0018052220340294411,0.0,28807259.50335598,0.5060352831940576,0.0,3.0,,,,,,-0.0022645706081428933,-0.059440005793253085,0.14201516393776994,-1.8064059235507621,0.18689320388349512,-1.8064059235507621,0.38524740484271547,-709.0,0.3106796116504854,0.0970873786407767,0.30097087378640774,0.30922330097087375,0.24466019417475726,宏普
11.100000381469728,11.649999618530272,11.100000381469728,11.550000190734863,2688032.0,0.045248867997236486,11.179999923706054,0.04054052196397784,11.040000009536744,0.205636772726268,10.907333374023438,0.0947867281441579,10.5610000371933,0.0024971588407676952,67.7418957888926,1143835.05,2.3500171637510143,0.04619566854688073,2537.TW,2026-08-19,-0.007221954848529832,0.029970030426879513,neutral,0.2042711234911792,0.10399257195914577,2026-03-31,2026-05-15,1212617000.0,259289000.0,167409000.0,150138000.0,30818000.0,,0.4,17831477000.0,12815624000.0,18460150000.0,13906467000.0,4553683000.0,679610000.0,8130480000.0,,1090843000.0,0.205264490002531,133045876.99316628,5644526000.0,0.0235707793698117,,,3.053894397128654,0.2138259648347334,0.1380559566623262,,2.980962167272918,,,51.40705905064119,51.40705905064119,False,72.63069572086759,72.63069572086759,67.32478655331099,351.0,True,False,True,True,True,True,True,True,True,True,True,True,True,True,False,False,False,13,False,0.058920617411583054,0.09364644920542964,1.0,13211295.045669222,0.6007428040854225,0.0,3.0,,,,,,0.1309326602519775,0.09379282448603314,0.36421278212030306,0.4224161469011514,0.9713592233009709,0.4224161469011514,0.9681607438424862,-351.0,0.6504854368932039,0.6893203883495146,1.0,0.7029126213592234,0.7320388349514564,聯上發
50.5,50.59999847412109,49.79999923706055,50.400001525878906,484495.0,-0.0019801678043780413,50.10000076293945,0.0655391614972678,48.302500534057614,0.11169751055569477,47.02074890136718,-0.04711639661564815,47.46922976175944,0.016841226859638018,77.77778502316859,502792.7,0.9636078646328795,0.04342427345645117,2607.TW,2026-08-19,-0.007221954848529832,0.029970030426879513,neutral,0.14020427112349118,0.18662952646239556,2026-03-31,2026-05-15,3991930000.0,868803000.0,467559000.0,709936000.0,149297000.0,553268000.0,1.04,14530568000.0,4295956000.0,44350782000.0,12631508000.0,31719274000.0,4170571000.0,346407000.0,4274711000.0,,0.2102964210858443,369233015.6535237,40054826000.0,0.0092181904785586,0.0174426438637908,0.012474819496982,0.3982281561677609,0.2176398383739193,0.1171260518095257,0.1385966186781832,-0.1369527758740344,,,38.62339041274056,38.62339041274056,False,69.74682315943964,69.74682315943964,61.965964972764866,546.0,True,False,True,True,True,True,True,False,True,True,True,True,True,True,False,False,False,12,False,0.07186726505781937,0.06174045331741307,1.0,25340752.847200777,0.5255338904363974,1.0,3.0,,,,,,0.01831055507658105,-0.006012153209012354,0.1551512478690401,-1.9561446120082697,0.30679611650485433,-1.9561446120082697,0.30429057212758287,-546.0,0.4368932038834951,0.46601941747572817,0.17475728155339806,0.39757281553398055,0.3932038834951457,榮運
73.0,74.0,68.5,68.5999984741211,59823936.0,0.11183140398478209,69.53999938964844,0.0652173423715594,63.650000190734865,0.4945532939785131,56.7899424235026,0.23603600854272244,52.90580463409424,0.01685437695112818,67.0067974251061,47816542.35,1.2511137999504474,0.07776902228677085,2634.TW,2026-08-19,-0.007221954848529832,0.029970030426879513,neutral,0.14113277623026926,0.019498607242339833,2026-03-31,2026-05-15,7587090000.0,591710000.0,272385000.0,343445000.0,82787000.0,260658000.0,0.28,37638357000.0,26369324000.0,51480606000.0,33336880000.0,18143726000.0,2181426000.0,5295860000.0,1125000000.0,3448642000.0,0.2410487851038739,206726926.6694813,25111282000.0,0.0082324322059495,0.0143662883797958,0.005063227111196,1.837377835181153,0.0779890577283253,0.0359011162382415,0.0343554643479911,0.0064028588028364,,,19.130159005497152,19.130159005497152,False,82.17769902762238,82.17769902762238,66.41581402209107,868.0,True,True,True,True,True,True,True,True,True,True,False,True,True,True,False,False,False,13,False,0.20796034555814025,0.296644081846418,1.0,3280214732.247747,0.04828226555246054,1.0,3.0,,,,,,-0.03426984632978719,-0.09945400532043916,0.233789935984599,-1.9625656737643458,0.23009708737864076,-1.9625656737643458,0.21859132758808775,-868.0,0.13592233009708737,0.6504854368932039,0.08737864077669903,0.12864077669902912,0.2805825242718447,漢翔
69.5,71.30000305175781,68.69999694824219,71.30000305175781,1386909.0,0.054733796762631126,69.1,0.08358662226312874,66.66999969482421,0.06417915002623609,67.67505823771158,0.11059200063887276,67.62086238861085,0.019185201071576792,77.98165587119914,387089.85,3.58291233934447,0.06944657834298806,2636.TW,2026-08-19,-0.007221954848529832,0.029970030426879513,neutral,0.11420612813370473,0.2692664809656453,2026-03-31,2026-05-15,4846226000.0,759312000.0,125834000.0,208671000.0,59894000.0,150669000.0,1.1,19482735000.0,12012131000.0,22351859000.0,12714957000.0,9636902000.0,8063564000.0,8125459000.0,270000000.0,,0.2870259882781987,89716371.79100114,10339728000.0,0.008676859951345,0.0156345887921242,0.0067407816056821,1.3194029575064683,0.1566810957640027,0.0259653594363944,0.031089965676384,-0.1300862495595437,,,20.77966859430228,20.77966859430228,False,60.62936899376339,60.62936899376339,50.666943893898114,845.0,True,False,True,True,True,False,True,False,True,True,True,True,False,True,False,False,False,10,False,0.05356397036724303,0.054408366489076876,1.0,27599507.486304473,0.5153203342618384,1.0,3.0,,,,,,0.04068489335381364,0.014743289537910882,0.24355713728488404,-1.4418452027092281,0.6388349514563106,-1.4418452027092281,0.5611249816497652,-845.0,0.1553398058252427,0.038834951456310676,0.5145631067961165,0.20922330097087377,0.19223300970873786,台驊控股
63.29999923706055,65.30000305175781,61.79999923706055,65.19999694824219,578098.0,0.058441535118438415,62.71999893188477,0.03492058648003482,62.13499984741211,0.07236838431569637,64.32166678110758,-0.09444448682996964,65.9058334350586,-0.004486109018192076,64.02876335520881,312746.6,1.8484549472320404,0.04932802942555625,2723.TW,2026-08-19,-0.007221954848529832,0.029970030426879513,neutral,0.21727019498607242,0.25162488393686167,2026-03-31,2026-05-15,4026808000.0,2458659000.0,323703000.0,345307000.0,104497000.0,236598000.0,1.31,5596534000.0,4591791000.0,17423454000.0,7007458000.0,10415996000.0,2522712000.0,416156000.0,,,0.3026205666262195,225743814.72139284,12831663000.0,0.0175927169160687,0.0227148704742206,0.0135792822708976,0.6727592829336724,0.6105726918194262,0.0803869963504592,0.0587557191701218,-0.1666513868455433,,,48.19744093673853,48.19744093673853,False,55.866190660293626,55.866190660293626,53.94900322940485,396.0,True,False,True,True,True,False,False,True,True,True,True,True,True,True,False,False,False,11,False,0.01365527684665957,-0.01070977256530592,0.0,20391077.36557312,0.5468895078922934,1.0,3.0,,,,,,0.012349725223373232,-0.028603289267972967,0.1491038649888241,-1.9240292081631865,0.25097087378640776,-1.9240292081631865,0.36507021712825294,-396.0,0.5922330097087378,0.11650485436893204,0.2815533980582524,0.545631067961165,0.38737864077669903,美食-KY
34.0,34.400001525878906,33.849998474121094,34.20000076293945,249237.0,0.002932618571647616,33.99000015258789,0.01634470169748914,33.75250015258789,0.1289664211720689,33.41299314498902,0.17531151344680018,31.39519238471985,0.00022225175580789012,68.18183394503367,234352.55,1.0635130703719675,0.013258295187867697,2816.TW,2026-08-19,-0.007221954848529832,0.029970030426879513,neutral,0.28690807799442897,0.16898792943361188,2026-03-31,2026-05-15,,,460640000.0,461658000.0,63688000.0,,,,,25125030000.0,16643189000.0,8481841000.0,3180641000.0,,,,0.1379549363381551,397092438.1251922,25125030000.0,0.0158046552830063,,,1.962214217408697,,,,,,,38.97407433693017,38.97407433693017,False,65.82237744860035,65.82237744860035,59.1103016706828,536.0,True,False,True,True,True,True,True,True,True,True,True,True,True,True,False,False,False,13,False,0.0235539394670623,0.08933878613799218,1.0,8014857.388796806,0.6666666666666666,1.0,3.0,,,,,,0.03656095458688813,0.002264571641205388,0.16236038385002893,-1.3832133288098472,0.4893203883495145,-1.3832133288098472,0.582425191130009,-536.0,0.46601941747572817,0.36893203883495146,0.5631067961165048,0.48058252427184467,0.4563106796116505,旺旺保
27.399999618530277,27.75,27.200000762939453,27.649999618530277,628492.0,0.02788104128757518,27.24000015258789,0.03947365496250166,26.86500005722046,0.09916033810909175,26.522031211853026,0.07113070538192745,25.63308744430542,0.005238542833319299,73.33335593898505,360544.9,1.743172625656333,0.029220158557149656,2852.TW,2026-08-19,-0.007221954848529832,0.029970030426879513,neutral,0.20612813370473537,0.20798514391829154,2026-03-31,2026-05-15,,,394962000.0,395700000.0,93803000.0,,,,,19910531000.0,10498172000.0,9412359000.0,2155671000.0,,,,0.2370558503917109,301333947.2175891,19910531000.0,0.0151344003440987,,,1.1153603469650912,,,,,,,53.81873474558473,53.81873474558473,False,69.85843539019368,69.85843539019368,65.84851022904144,315.0,True,False,True,True,True,True,True,False,True,True,True,True,True,True,False,False,False,12,False,0.04252948794408873,0.07868393452825861,1.0,9969066.347463038,0.6443825441039925,0.0,3.0,,,,,,0.024395741262934707,0.008698094158553826,0.1353897978573434,-1.4419724020340614,0.41941747572815535,-1.4419724020340614,0.34197245453098546,-315.0,0.6990291262135923,0.6310679611650486,0.24271844660194175,0.6305825242718447,0.587378640776699,第一保
9.81999969482422,9.859999656677246,9.699999809265137,9.699999809265137,67095363.0,0.028631971935479728,9.719999885559082,0.04525863021328691,9.605500030517579,0.27968336502601976,8.845833277702331,0.18148596397016137,8.314083309968312,0.014201248722279314,54.054054054053985,21589870.7,3.1077241699275207,0.009838090515571718,2867.TW,2026-08-19,-0.007221954848529832,0.029970030426879513,neutral,0.1903435468895079,0.06313834726090993,2026-03-31,2026-05-15,,,-260328000.0,-260476000.0,-99972000.0,,,,,1583200325000.0,1505084533000.0,78115792000.0,70736282000.0,,,,0.3838050338610851,-160412803.14501145,1583200325000.0,-0.0001013218609243,,,19.267352918856663,,,,,,,0.0,0.0,False,70.81335807037186,70.81335807037186,53.1100185527789,1076.0,True,False,True,True,True,True,True,True,True,True,True,True,False,True,False,False,False,12,False,0.09656145495257085,0.16669504593911832,1.0,209421741.67205897,0.25998142989786444,0.0,3.0,,,,,,0.05800434792012446,-0.07043761584994258,0.23821060766164917,-0.5097783165570411,0.6009708737864077,-0.5097783165570411,0.6158693763977464,-1076.0,0.009708737864077669,0.07766990291262135,0.6601941747572816,0.10728155339805825,0.16019417475728157,三商壽
129.0,129.5,127.5,128.5,12587841.0,0.011811023622047223,128.3,0.011811023622047223,127.7,0.2836742326288533,123.73585828145345,0.43014294592387126,105.66271063486735,0.007097791798107301,58.18181818181818,18119082.7,0.6947283815863372,0.006264682850430692,2881.TW,2026-08-19,-0.007221954848529832,0.029970030426879513,neutral,0.3073351903435469,0.057567316620241414,2026-03-31,2026-05-15,66193246000.0,,,38624861000.0,5062760000.0,33551455000.0,,,,13120104726000.0,12085399702000.0,1034705024000.0,358727505000.0,,,,0.131075164257549,,13120104726000.0,,0.0324261062058977,0.0025572551211051,11.68004351160858,,,0.5068712750542556,-0.3925800152621125,,,12.264204123597382,12.264204123597382,False,71.73150514707699,71.73150514707699,56.86467989120709,1004.0,True,False,True,True,True,True,True,True,True,True,True,True,False,True,False,False,False,12,False,0.038502514830502044,0.21613385865189638,1.0,2328302126.95,0.06313834726090993,2.0,3.0,,,,,,-0.029512435475182595,-0.14089874226997323,0.2838008351508078,-0.7880829455550845,0.4004854368932039,-0.7880829455550845,0.4094470737705943,-1004.0,0.04854368932038835,0.2815533980582524,0.3300970873786408,0.09077669902912622,0.17475728155339806,富邦金
99.1999969482422,99.1999969482422,98.0,98.3000030517578,10855349.0,-0.014042065590144315,99.31999969482422,0.0154958672800658,98.64999961853027,0.2251590691726728,97.32482655843098,0.32393650963278353,84.7679297765096,0.009413683725382859,56.07844334022665,20013463.5,0.5424023183193654,-0.0035478618157717134,2882.TW,2026-08-19,-0.007221954848529832,0.029970030426879513,neutral,0.2934076137418756,0.09192200557103064,2026-03-31,2026-05-15,72538053000.0,,,38391738000.0,6735806000.0,31593811000.0,,,,14450034484000.0,13633007653000.0,817026831000.0,293505959000.0,,,,0.1754493636104726,,14450034484000.0,,0.0386692453677815,0.0021864176888285,16.686119887046893,,,0.4355480977687669,-0.3173702053156907,,,13.906153918122188,13.906153918122188,False,68.43132515983092,68.43132515983092,54.800032349403736,981.0,True,False,True,True,False,True,True,True,True,True,True,True,False,True,False,False,False,11,False,0.01001981229056037,0.15963670825659504,1.0,1967323523.1262434,0.0733519034354689,1.0,3.0,,,,,,0.0004937150201767216,-0.11034168703466231,0.26405246896343676,-0.7576711119743513,0.45145631067961167,-0.7576711119743513,0.46309057405207643,-981.0,0.06796116504854369,0.18446601941747573,0.3786407766990291,0.1145631067961165,0.16504854368932037,國泰金
30.700000762939453,30.850000381469727,30.299999237060547,30.399999618530277,40999950.0,-0.025641061693801204,31.179999923706056,-0.001642073666875965,30.697500038146973,0.4599110021876196,28.80354553858439,0.505314999839914,24.49449612299601,0.009288179529674142,60.58393266307904,44973722.9,0.9116423403764957,-0.009691356600602719,2883.TW,2026-08-19,-0.007221954848529832,0.029970030426879513,neutral,0.3853296193129062,0.02321262766945218,2026-03-31,2026-05-15,23565513000.0,,,13099615000.0,1407592000.0,11689699000.0,,,,4235032868000.0,3864021319000.0,371011549000.0,75116245000.0,,,,0.1074529289601259,,4235032868000.0,,0.0315076418281523,0.0027602380818169,10.414827596108069,,,0.4960511150340754,-0.1317078255463794,,,12.146336472811727,12.146336472811727,False,72.39749868785321,72.39749868785321,57.33470813409284,1009.0,True,False,True,True,False,True,True,True,True,True,True,True,True,True,False,False,False,12,False,0.05542560994122492,0.24109512054791926,1.0,1367201159.0038862,0.09935004642525534,1.0,3.0,,,,,,-0.014100694272679326,-0.14848809830201504,0.23872766973163745,-1.1725453748880308,0.3567961165048544,-1.1725453748880308,0.353400360234213,-1009.0,0.038834951456310676,0.3106796116504854,0.2524271844660194,0.07087378640776698,0.16310679611650486,凱基金
38.29999923706055,38.5,37.75,37.79999923706055,99892818.0,0.0285714078111714,37.71999969482422,0.04854369034773631,37.390000343322754,0.2648864128250168,34.70369612375895,0.12735930681754182,32.91069081624349,0.013210486971466333,50.980377490586676,42857558.85,2.330809795994715,0.010965469108668024,2884.TW,2026-08-19,-0.007221954848529832,0.029970030426879513,neutral,0.18012999071494892,0.06870937790157845,2026-03-31,2026-05-15,25169421000.0,,,12706707000.0,2639201000.0,10056957000.0,,,,4679436007000.0,4394289185000.0,285146822000.0,45485669000.0,,,,0.2077014131198586,,4679436007000.0,,0.0352693988642805,0.0021491814365995,15.410619533399537,,,0.3995704549580223,0.174006725249566,,,29.938092003685178,29.938092003685178,False,68.79215492340107,68.79215492340107,59.07863919347209,684.0,True,False,True,True,True,True,True,True,True,True,True,True,True,True,False,False,False,13,False,0.08922113374493823,0.14856292285435346,1.0,1620015691.8322775,0.08913649025069638,1.0,3.0,,,,,,-0.07439545031092264,-0.1841124876492567,0.13192593167021438,-1.9615660043056535,0.0674757281553398,-1.9615660043056535,0.06917585194230058,-684.0,0.32038834951456313,0.3592233009708738,0.038834951456310676,0.27815533980582524,0.2757281553398059,玉山金
36.84999847412109,36.84999847412109,36.0,36.400001525878906,69822932.0,0.02103786726223733,36.880001068115234,0.05202321188262826,35.34750061035156,0.5423729210809463,32.76286865870158,0.46184747323411446,28.44726764361064,0.01777673365469707,65.70047383303503,57858716.25,1.206783290840816,0.029775822826327847,2887.TW,2026-08-19,-0.007221954848529832,0.029970030426879513,neutral,0.16991643454038996,0.016713091922005572,2026-03-31,2026-05-15,47867456000.0,,,25588754000.0,4532177000.0,21040510000.0,,,,9064708955000.0,8465511408000.0,599197547000.0,97795796000.0,,,,0.1771159705548773,,9064708955000.0,,0.035114479532407,0.0023211456765409,14.12808088147931,,,0.439557723727787,0.933005034802805,,,37.907562917661295,37.907562917661295,False,78.46644362156668,78.46644362156668,68.32672344559035,560.0,True,True,True,True,True,True,True,True,True,True,True,True,True,True,False,False,False,14,False,0.1110138707652919,0.2795605532981471,1.0,2106057359.7853947,0.06963788300835655,1.0,3.0,,,,,,-0.12161906181375769,-0.2307839727440442,0.12221664352204419,-2.1506549836382787,0.030582524271844658,-2.1506549836382787,0.0268103690603384,-560.0,0.4174757281553398,0.7475728155339806,0.009708737864077669,0.35631067961165047,0.43495145631067955,台新新光金
39.59999847412109,39.70000076293945,39.09999847412109,39.400001525878906,24530331.0,-0.011292270149882544,39.81999969482422,0.023168329915829178,39.3399995803833,0.3333334193953157,37.6027489344279,0.20305348170622617,34.53804111480713,0.010692876754768637,54.074101284565494,31110066.75,0.78850139400617,0.0015252146958721902,2890.TW,2026-08-19,-0.007221954848529832,0.029970030426879513,neutral,0.2627669452181987,0.04549675023212628,2026-03-31,2026-05-15,26199317000.0,,,13172491000.0,2157069000.0,10973530000.0,,,,3820349236000.0,3552231164000.0,268118072000.0,41779009000.0,,,,0.163755587306911,,3820349236000.0,,0.0409279759403909,0.0028723892299148,13.24875692825361,,,0.4188479417230609,0.4040584778805451,,,40.18365017296791,40.18365017296791,False,68.41123109515745,68.41123109515745,61.35433586461006,506.0,True,False,True,True,True,True,True,True,True,True,True,True,False,True,False,False,False,12,False,0.04779577670199253,0.14077116866327888,1.0,1225736677.4201946,0.10677808727948004,1.0,3.0,,,,,,-0.11102126242570541,-0.2090387613501542,0.12270630098268959,-1.9162965905787734,0.06165048543689321,-1.9162965905787734,0.05051930233505717,-506.0,0.5048543689320388,0.4174757281553398,0.02912621359223301,0.43349514563106795,0.38349514563106796,永豐金
17.75,17.850000381469727,17.399999618530273,17.450000762939453,1644342.0,0.0640244615141814,17.320000457763673,0.0974843510438057,16.632500219345093,0.2783883700077596,15.45166670481364,0.08385095338404502,14.899583347638448,0.026697541381996277,59.340669014453525,1556189.05,1.0566466844115114,0.04915079109053799,2905.TW,2026-08-19,-0.007221954848529832,0.029970030426879513,neutral,0.09842154131847725,0.06406685236768803,2026-03-31,2026-05-15,29552820000.0,,,,-68929000.0,32878000.0,0.03,133124099000.0,1468399841000.0,1617410517000.0,62246052000.0,86764624000.0,72610211000.0,2757000000.0,7269508000.0,,,,149010676000.0,,0.0003789332389661,2.032755423217024e-05,0.717412801788895,,,0.0011125165043471,-0.4161502905041906,,,21.27042291580655,21.27042291580655,False,83.16993631717592,83.16993631717592,67.69505796683357,838.0,True,True,True,True,True,True,True,True,True,True,True,True,True,True,False,False,False,14,False,0.12932805866847197,0.1711737406204208,1.0,27155500.109778024,0.5181058495821727,0.0,3.0,,,,,,0.00268672108233065,-0.036628139214201126,0.1518416791361982,-1.6897691224167641,0.26601941747572816,-1.6897691224167641,0.3071325460606503,-838.0,0.1650485436893204,0.7184466019417476,0.18446601941747573,0.1679611650485437,0.33495145631067963,三商
13.600000381469728,13.699999809265137,13.5,13.600000381469728,134649.0,0.007407435664424256,13.529999923706054,0.026415123129790885,13.264999866485596,0.10121457177244575,13.284733963012695,0.0793650769622718,13.009866952896118,0.0022344948312080703,62.50002235174985,186042.55,0.7237537864321899,0.025254468025327492,2906.TW,2026-08-19,-0.007221954848529832,0.029970030426879513,neutral,0.24512534818941503,0.20334261838440112,2026-03-31,2026-05-15,2284987000.0,678347000.0,87656000.0,107952000.0,33901000.0,14332000.0,0.07,5399113000.0,4299259000.0,13106768000.0,6450412000.0,6656356000.0,988485000.0,2269710000.0,1295253000.0,,0.3140377204683563,60128709.57462576,8807509000.0,0.0068269824730949,0.0021531300309057,0.0010934808642374,0.9690605490451532,0.2968712732282503,0.0383617062153964,0.0062722457501946,-0.0082534614755276,,,26.85861461958869,26.85861461958869,False,63.00052159487387,63.00052159487387,53.96504485105257,738.0,True,False,True,True,True,False,True,True,True,True,True,True,False,True,False,False,False,11,False,0.023731481513652897,0.045360450703320954,1.0,2530178.750969601,0.8245125348189415,0.0,3.0,,,,,,0.052087396340144566,0.022246346631530432,0.21491160690648778,-1.1755986551688755,0.6679611650485437,-1.1755986551688755,0.6746055825242718,-738.0,0.2815533980582524,0.1262135922330097,0.7572815533980582,0.3529126213592233,0.33009708737864074,高林
116.5,119.0,115.0,117.5,3202904.0,0.026200873362445476,117.5,0.026200873362445476,114.25,0.1298076923076923,109.01166661580403,0.08891189130791388,107.76156050364176,0.01039133318593851,70.27027027027027,3976217.85,0.8055152209529968,0.02844638949671774,3005.TW,2026-08-19,-0.007221954848529832,0.029970030426879513,neutral,0.24698235840297122,0.1671309192200557,2026-03-31,2026-05-15,9308269000.0,2890739000.0,1257624000.0,1391228000.0,215931000.0,1087413000.0,1.74,34157049000.0,19619666000.0,51413542000.0,24716257000.0,26697285000.0,14015961000.0,1317501000.0,1977017000.0,,0.1552089233396682,1062429532.993873,31793876000.0,0.0334161689815319,0.0407312204218518,0.0211503226134468,0.9257966493596632,0.3105560228222884,0.1351082569702272,0.1168222577151562,-0.0255358141879895,,,60.64311592085046,60.64311592085046,False,65.78278872546929,65.78278872546929,64.49787052431458,256.0,True,False,True,True,True,True,True,True,True,True,True,True,True,True,True,False,False,13,False,0.07786628392823203,0.09037025309251279,1.0,467205597.375,0.17084493964716807,2.0,3.0,,,,,,0.037106973004823386,-0.003787721642513782,0.2899283583653139,-0.6231344643544712,0.6771844660194175,-0.6231344643544712,0.6518032557693274,-256.0,0.7475728155339806,0.5533980582524272,0.7184466019417476,0.7432038834951457,0.6834951456310681,神基
240.0,246.5,236.0,245.5,9087278.0,-0.10401459854014594,263.5,0.12873563218390816,232.05,0.0654773966918396,228.045854695638,0.5513082589526119,203.5713633219401,0.06763285024154597,74.77203647416414,10001587.45,0.9085835669016723,0.05796164619694033,3006.TW,2026-08-19,-0.007221954848529832,0.029970030426879513,neutral,0.06778087279480037,0.2646239554317549,2026-03-31,2026-05-15,7266900000.0,3453448000.0,2254754000.0,2352467000.0,288641000.0,2063883000.0,7.22,17585827000.0,5859607000.0,20073767000.0,7169155000.0,12904612000.0,7031281000.0,1000000000.0,693679000.0,0.0,0.1226971515434647,1978102106.7687664,14214160000.0,0.1391641930841334,0.1599337508171497,0.1028149325435529,0.5555498297817866,0.4752298779396992,0.3102772846743453,0.2840114766957024,1.503294079957009,,,98.64788449850906,98.64788449850906,True,71.18111211344048,71.18111211344048,78.04780520970763,7.0,True,False,True,True,True,True,True,False,True,True,True,True,True,True,True,True,True,13,False,0.07653787580422011,0.20596529882128567,1.0,2455389718.975,0.059424326833797586,2.0,0.0,,,,,,-0.010544264808858981,-0.1012046318100987,0.2386554580412405,-1.237399936824385,0.36650485436893204,-1.237399936824385,0.4334410015550792,-7.0,0.9902912621359223,0.9611650485436893,0.34951456310679613,0.8941747572815534,0.8533980582524272,晶豪科
2915.0,3160.0,2900.0,3095.0,3967719.0,0.06988339250676878,3128.115087890625,0.3664459161147904,2680.7915649414062,0.13577981651376136,2530.8471883138022,0.8477611940298508,2401.215260823568,0.09152182456710689,77.7434413815829,4622679.85,0.8583157667732496,0.15450975020791935,3017.TW,2026-08-19,-0.007221954848529832,0.029970030426879513,neutral,0.009285051067780872,0.1615598885793872,2026-03-31,2026-05-15,49037946000.0,14597401000.0,12019030000.0,11979060000.0,3304089000.0,7915619000.0,20.17,135871669000.0,112699102000.0,175993383000.0,124678400000.0,51314983000.0,67880246000.0,16445795000.0,7190026000.0,,0.2758220594938167,8703916392.282032,63294281000.0,0.1375150527783392,0.1542555124689411,0.0449767989288551,2.4296685433959904,0.2976756204266794,0.2450965217833552,0.161418241294201,1.1016606943545204,,,82.5145908535667,82.5145908535667,False,80.6824512534819,80.6824512534819,81.1404861535031,70.0,True,True,True,True,True,True,True,False,True,True,True,True,True,False,True,False,False,12,False,0.2229106578584341,0.2889306721041236,1.0,14307194135.749998,0.012070566388115135,3.0,2.0,,,,,,0.0931580774418862,-0.010526223730368269,0.3094201019543003,-0.472011078626971,0.7776699029126215,-0.472011078626971,0.7108616173318598,-70.0,0.9320388349514563,0.9805825242718447,0.7864077669902912,0.9101941747572816,0.9174757281553398,奇鋐
105.5,111.0,105.5,110.0,957569.0,0.01382488479262678,110.0,0.05769230769230771,106.81500015258788,0.1387163740946511,104.06666679382325,0.025580253095945915,102.54843934377034,0.013521206926053941,63.492063492063494,1385117.7,0.6913268092668227,0.02981790799852324,3029.TW,2026-08-19,-0.007221954848529832,0.029970030426879513,neutral,0.1532033426183844,0.15877437325905291,2026-03-31,2026-05-15,6876938000.0,811379000.0,385472000.0,424218000.0,78018000.0,295873000.0,1.77,12286821000.0,7803745000.0,15126326000.0,8760650000.0,6365676000.0,2911146000.0,3716000.0,,,0.1839101593991768,314579783.0360805,7322581000.0,0.0429602326059732,0.0464794312497211,0.0195601364138258,1.3762324692617092,0.1179855045952137,0.0560528537555522,0.0430239446683974,0.0168646985516829,,,48.26050505492552,48.26050505492552,False,76.15040662088964,76.15040662088964,69.17793122939861,395.0,True,True,True,True,True,True,True,True,True,True,True,True,False,True,False,False,False,13,False,0.05701473285323799,0.07266381335409688,1.0,152362947.0,0.2915506035283194,2.0,3.0,,,,,,0.033175041562839305,-0.008063498123335861,0.24096782136235845,-0.5636166849049077,0.6140776699029127,-0.5636166849049077,0.6113947361845657,-395.0,0.6019417475728155,0.7572815533980582,0.6504854368932039,0.6092233009708737,0.658252427184466,零壹
504.0,535.0,501.0,534.0,4705909.0,-0.005586592178770999,519.6,0.06586826347305386,521.525,0.08646998982706,507.2589487711588,0.3798449612403101,461.2461410522461,0.022648169027893433,65.46762589928058,3999700.95,1.1765652129567337,0.02392023392934184,3034.TW,2026-08-19,-0.007221954848529832,0.029970030426879513,neutral,0.1392757660167131,0.23026926648096566,2026-03-31,2026-05-15,23145303000.0,9039901000.0,4027546000.0,4389348000.0,622236000.0,3767112000.0,6.19,79261926000.0,21790635000.0,103666583000.0,31738768000.0,71927815000.0,48919537000.0,,,,0.1417604619182621,3456599218.642951,81875948000.0,0.0422175169030464,0.0523735080788982,0.036338730292673,0.4412586146263444,0.390571728527382,0.1740113750077067,0.1627592432036858,-0.1465659805926223,,,75.54535048945058,75.54535048945058,False,73.56569618258065,73.56569618258065,74.06060975929813,116.0,True,False,True,True,True,True,True,True,True,True,True,True,True,True,True,False,False,13,False,0.05271676585227669,0.1577332631591879,1.0,2135840307.3000002,0.06778087279480037,3.0,3.0,,,,,,0.08792083275029129,0.014133089222572242,0.3134516651898714,0.4297719662112758,0.854368932038835,0.4297719662112758,0.8252145589498092,-116.0,0.9029126213592233,0.8640776699029126,0.9029126213592233,0.9029126213592233,0.8912621359223301,聯詠
49.45000076293945,52.5,49.0,51.79999923706055,991104.0,-0.07334529833456738,52.779999542236325,0.21311471455567843,46.785000228881835,0.0814195738401926,44.36666685740153,1.3228700004156821,36.793750047683716,0.07016640242865962,69.88905943853229,1087419.6,0.9114273827692639,0.10719245449704617,3229.TW,2026-08-19,-0.007221954848529832,0.029970030426879513,neutral,0.03064066852367688,0.23769730733519034,2026-03-31,2026-05-15,342922000.0,37599000.0,21175000.0,35503000.0,188000.0,35315000.0,0.55,692865000.0,303681000.0,941103000.0,306548000.0,634555000.0,107034000.0,151140000.0,,,0.0052953271554516,21062871.447483312,637422000.0,0.0330438413601716,0.0556531742717337,0.0375251168044305,0.4830913002025041,0.1096430091974268,0.0617487358641323,0.1029826024577017,0.4578839294444752,,,67.33482851500801,67.33482851500801,False,77.19431909285014,77.19431909285014,74.72944644838961,186.0,True,True,True,True,True,True,True,True,True,True,True,True,True,True,True,False,False,14,False,0.16754317838548505,0.40784777767770697,1.0,56328334.45036469,0.39740018570102137,1.0,3.0,,,,,,-0.0009578383643893625,-0.038733541019634436,0.2740758909516861,-1.8045970187240112,0.38155339805825245,-1.8045970187240112,0.3811358401724827,-186.0,0.8446601941747572,0.8932038834951457,0.2912621359223301,0.7616504854368932,0.7485436893203883,晟鈦
63.0,63.70000076293945,62.70000076293945,63.0,491708.0,0.050000000000000044,64.1,0.09375002897448104,58.984999656677246,0.022797223949069023,59.17546195983887,0.4060770187993763,54.34513365427653,0.03075578942558973,73.43749441206589,665915.05,0.7383944844015764,0.06806815913693476,3356.TW,2026-08-19,-0.007221954848529832,0.029970030426879513,neutral,0.10306406685236769,0.3788300835654596,2026-03-31,2026-05-15,281264000.0,139594000.0,10233000.0,198018000.0,20957000.0,176986000.0,2.21,2893011000.0,391712000.0,3096581000.0,420305000.0,2676276000.0,809972000.0,50000000.0,,,0.1058338130876991,9150002.590673575,2704869000.0,0.0033827895512402,0.0661314453367291,0.0571552948235489,0.157048450907156,0.4963095170373741,0.0363821889754821,0.6292522327777462,0.0806540849572754,,,63.62657398368869,63.62657398368869,False,58.109672500037036,58.109672500037036,59.48889787094994,230.0,True,False,True,True,True,False,True,False,True,False,True,True,False,True,True,False,False,9,False,0.0646304720486468,0.1592574304956631,1.0,41952648.150000006,0.4456824512534819,1.0,3.0,,,,,,0.0399903452643167,-0.0024123262513973303,0.230442596243986,-1.9702120995981056,0.4747572815533981,-1.9702120995981056,0.45339925553070676,-230.0,0.7766990291262136,0.3786407766990291,0.36893203883495146,0.7155339805825242,0.5757281553398058,奇偶
533.0,593.0,529.0,567.0,20452693.0,0.11834319526627213,546.6,0.23664122137404586,467.05,0.07195732907953434,492.1084671020508,1.0182501649788582,410.89439455668133,0.06208072768618536,77.43097238895558,10875274.1,1.8806600010201122,0.21400278342789858,3450.TW,2026-08-19,-0.007221954848529832,0.029970030426879513,neutral,0.02321262766945218,0.25348189415041783,2026-03-31,2026-05-15,2086881000.0,517637000.0,265998000.0,305196000.0,125755000.0,100381000.0,0.69,7884253000.0,4106443000.0,13684502000.0,5884300000.0,7800202000.0,2629692000.0,117848000.0,986625000.0,,0.4,159598800.0,9578059000.0,0.0166629585388855,0.0128690256995908,0.0073353783718252,0.7543778994441426,0.248043371902854,0.1274619875306737,0.048100969820512,-0.243335936667196,,,38.19504843746604,38.19504843746604,False,70.62774047432171,70.62774047432171,62.5195674651078,556.0,True,False,True,True,True,False,True,False,True,True,False,True,True,False,False,False,False,9,False,0.1521850118510939,0.3799166099886633,1.0,6166280414.7,0.033426183844011144,3.0,3.0,,,,,,0.007605356823335534,-0.12717480487987795,0.2839310653957652,-1.273170777958469,0.43252427184466014,-1.273170777958469,0.5866508566506995,-556.0,0.42718446601941745,0.4854368932038835,0.5922330097087378,0.45194174757281547,0.4776699029126213,聯鈞
20.399999618530277,20.700000762939453,20.200000762939453,20.5,938983.0,-0.10087716289577697,21.530000305175783,0.13888888888888884,19.792499923706053,0.26934987518381104,18.474166679382325,-0.19449904182901612,19.497916642824812,0.0588471422468232,72.28261354064283,1076362.05,0.8723672485480141,0.03574586732454921,3712.TW,2026-08-19,-0.007221954848529832,0.029970030426879513,neutral,0.06406685236768803,0.06685236768802229,2026-03-31,2026-05-15,5952868000.0,2246677000.0,1881231000.0,1749422000.0,95514000.0,-477314000.0,-1.94,29571984000.0,46915609000.0,61775289000.0,55872481000.0,5902808000.0,6100937000.0,11857517000.0,7405579000.0,0.0,0.0545974613329431,1778520563.2191665,14859680000.0,0.1196876758597201,-0.0808621930443951,-0.0077266170296669,9.465407141821316,0.3774108547342222,0.3160209499017952,-0.0801821911723895,-0.1923537691038415,,,39.89432060139683,39.89432060139683,False,74.38550751381456,74.38550751381456,65.76271078571013,512.0,True,False,True,True,True,True,True,False,True,True,True,True,True,True,False,False,False,12,False,0.10965762926013656,0.05139438102705984,1.0,22065422.025000002,0.5394614670380687,0.0,3.0,,,,,,0.16382304752660656,0.12354509287869958,0.3535596006207722,-1.2711746430955722,0.9067961165048545,-1.2711746430955722,0.8532648284310758,-512.0,0.4854368932038835,0.6116504854368932,0.9223300970873787,0.5509708737864077,0.6106796116504855,永崴投控
71.5,71.69999694824219,71.0999984741211,71.4000015258789,113428.0,0.0028090531770965654,71.46000213623047,0.007052186025940932,70.84500045776367,0.020000021798270096,70.30500005086263,-0.037806725072815794,71.22369855244955,0.0007062753464933934,54.54545454545455,155891.6,0.7276081584896171,0.007834018837308276,4104.TW,2026-08-19,-0.007221954848529832,0.029970030426879513,neutral,0.34076137418755803,0.3871866295264624,2026-03-31,2026-05-15,2342958000.0,499286000.0,180402000.0,293936000.0,57430000.0,205180000.0,1.12,10813275000.0,6342897000.0,19463903000.0,7408639000.0,12055264000.0,3077674000.0,386784000.0,350000000.0,,0.1953826683359643,145154575.86685538,13121006000.0,0.0110627627078941,0.0170199507866439,0.0105415650704794,0.6145563465055597,0.2131007043233382,0.0769975390083817,0.0875730593548838,0.0900901445802753,,,40.560354710843605,40.560354710843605,False,58.57861076760356,58.57861076760356,54.07404675341357,501.0,True,False,True,True,True,True,True,True,True,False,True,True,False,True,False,False,False,11,False,0.015575015635076905,0.002475341452529811,1.0,11130660.477871705,0.627669452181987,1.0,3.0,,,,,,0.01597738067113893,-0.0037062380091529836,0.1542357939536744,-2.0247744283592155,0.29320388349514565,-2.0247744283592155,0.3366610801634039,-501.0,0.5145631067961165,0.14563106796116504,0.21359223300970873,0.46941747572815534,0.3436893203883495,佳醫
15.449999809265137,15.5,15.300000190734863,15.300000190734863,829947.0,0.05517242694723201,15.289999961853027,0.05154639107685943,14.56749997138977,0.12087916617702077,14.973623657226563,0.1167883506383458,14.228061827023824,0.010579255064317353,71.1864488969378,1120282.55,0.7408372111125001,0.05028317973459462,4306.TW,2026-08-19,-0.007221954848529832,0.029970030426879513,neutral,0.17177344475394615,0.1764159702878366,2026-03-31,2026-05-15,3266440000.0,556508000.0,165625000.0,302191000.0,119003000.0,155400000.0,0.24,24550171000.0,15849766000.0,37327313000.0,24023660000.0,13303653000.0,2738401000.0,5787002000.0,7511840000.0,,0.3938006095482658,100401774.04356848,21477547000.0,0.0046747318976216,0.0116810022029287,0.0041631713485511,1.8057942431300635,0.1703714135266528,0.0507050489217619,0.0475747296751203,0.0909570639640227,,,24.18555826097449,24.18555826097449,False,59.62666237806858,59.62666237806858,50.76638634879506,780.0,True,False,True,True,True,False,True,True,True,True,True,True,False,True,False,False,False,11,False,0.021796763494238425,0.07533973191450927,1.0,17140323.22867694,0.5710306406685237,0.0,3.0,,,,,,0.02603835854614052,-0.0022155167565482722,0.2265166135021197,-1.5484740029042068,0.495631067961165,-1.5484740029042068,0.5386519144286134,-780.0,0.21359223300970873,0.04854368932038835,0.46601941747572817,0.2514563106796116,0.2145631067961165,炎洲
166.5,170.0,166.5,169.5,180020.0,-0.0058651026392961825,168.2,0.024169184290030232,167.325,0.06269592476489039,165.12748540242512,0.039877300613496924,160.1220760345459,0.005256833884049264,64.70588235294119,268037.3,0.6716229420308293,0.012998655311519558,4536.TW,2026-08-19,-0.007221954848529832,0.029970030426879513,neutral,0.25719591457753016,0.2720519962859796,2026-03-31,2026-05-15,2316961000.0,794900000.0,396418000.0,448947000.0,83458000.0,327949000.0,3.61,9168173000.0,3277337000.0,14414904000.0,4782570000.0,9632334000.0,5697733000.0,352903000.0,784549000.0,,0.1858972217210494,322724995.159785,11137567000.0,0.0289762562290116,0.0340466806902667,0.022750689147843,0.4965120603168453,0.3430787138842647,0.1710939459058655,0.1415427363688901,-0.0352736858453488,,,64.73287402560862,64.73287402560862,False,67.44839687266102,67.44839687266102,66.76951616089792,213.0,True,False,True,True,True,True,True,True,True,True,True,True,False,True,True,False,False,12,False,0.026479629281090267,0.0585673393556978,1.0,45432322.35,0.4308263695450325,2.0,3.0,,,,,,0.05603317958488021,0.02541996760440297,0.2025930754350557,-1.0669622350653183,0.6800970873786407,-1.0669622350653183,0.733111580252226,-213.0,0.7961165048543689,0.6699029126213593,0.8155339805825242,0.7990291262135922,0.7621359223300972,拓凱
73.0,74.80000305175781,69.80000305175781,70.0,2577911.0,-0.033149191647752096,73.83999938964844,0.02339179003549785,71.0500005722046,0.10236220472440949,66.97166652679444,0.1864718999095376,64.59851694107056,0.02799681439803566,61.18012514339174,4019130.9,0.6414100620609297,-0.014778333057682835,4566.TW,2026-08-19,-0.007221954848529832,0.029970030426879513,neutral,0.26090993500464255,0.20148560817084493,2026-03-31,2026-05-15,1354549000.0,296455000.0,38413000.0,65488000.0,22696000.0,40409000.0,0.37,5180146000.0,3777583000.0,10646601000.0,5592503000.0,5054098000.0,2044806000.0,832690000.0,976708000.0,0.0,0.3465673100415343,25100309.919374544,6869018000.0,0.0036541336650121,0.0079952941157848,0.0037954836477858,1.10652840526638,0.2188588231212012,0.0283585163770376,0.0298320695670662,0.0816066447931047,,,26.559226672275766,26.559226672275766,False,71.93542269737655,71.93542269737655,60.59137369110135,746.0,True,False,True,True,False,True,True,True,True,True,True,True,False,True,False,False,False,11,False,0.045218129251628714,0.0836162084627563,1.0,281339163.0,0.22469823584029713,1.0,3.0,,,,,,-0.003901228087623125,-0.05704370901065772,0.1888178022516858,-1.5969201154674517,0.26359223300970874,-1.5969201154674517,0.32048418308054283,-746.0,0.24271844660194175,0.4077669902912621,0.1941747572815534,0.23543689320388347,0.28252427184466017,時碩工業
90.0,90.0,88.0,89.4000015258789,9937784.0,-0.02188183770909158,92.06000213623045,0.05924170509009863,88.14500045776367,0.14770710044682644,85.90111363728842,0.2780214016484066,80.52616888682047,0.0278101750769014,66.54275282720103,16355524.7,0.6076102223733612,0.01423791549829967,4938.TW,2026-08-19,-0.007221954848529832,0.029970030426879513,neutral,0.15134633240482823,0.14948932219127206,2026-03-31,2026-05-15,244105400000.0,10801479000.0,2829288000.0,3464858000.0,605203000.0,1561454000.0,0.58,455223337000.0,347425362000.0,623242706000.0,374551574000.0,248691132000.0,112291906000.0,50872952000.0,7687427000.0,2697039000.0,0.174668918610806,2335099324.60147,275817344000.0,0.0084661076447805,0.0062786878946692,0.0025053706765723,1.5060913953296895,0.0442492423354829,0.0115904359346413,0.0063966385012375,-0.1039816497152077,,,13.24211612714073,13.24211612714073,False,71.7502556788194,71.7502556788194,57.12322079089973,989.0,True,False,True,True,True,True,True,True,True,True,True,True,False,True,False,False,False,12,False,0.04073157774606173,0.11019812269388618,1.0,1462183933.1365502,0.0947075208913649,1.0,3.0,,,,,,-0.0075239109508581144,-0.051446505001560304,0.19019622286548618,-1.6739642145836078,0.2728155339805825,-1.6739642145836078,0.2742515825309081,-989.0,0.05825242718446602,0.30097087378640774,0.1553398058252427,0.07281553398058252,0.15048543689320387,和碩
56.0,57.09999847412109,55.59999847412109,56.79999923706055,72002.0,0.049907594068251404,57.05999984741211,0.07169809881246314,54.54499969482422,0.08812257484461505,53.74166666666667,-0.053096629838849774,54.1834610303243,0.017915462243123233,68.68687686038786,99758.8,0.7217608872600713,0.04134200302232838,5283.TW,2026-08-19,-0.007221954848529832,0.029970030426879513,neutral,0.12999071494893222,0.22469823584029713,2026-03-31,2026-05-15,1223404000.0,353685000.0,-7455000.0,16910000.0,3240000.0,13670000.0,0.16,4507049000.0,2765436000.0,8209751000.0,3417985000.0,4791766000.0,676596000.0,1172000000.0,328000000.0,,0.1916026020106445,-6026602.602010644,5444315000.0,-0.0011069533269126,0.0028528104252169,0.0016650931313263,0.7133038215972983,0.2890991038119869,-0.006093653445632,0.011173741462346,-0.0336491827829927,,,23.489256314333275,23.489256314333275,False,70.38701528473213,70.38701528473213,58.662575542132416,797.0,True,False,True,True,True,True,True,True,True,True,True,True,False,True,False,False,False,12,False,0.05690803356291907,0.04829034832735912,1.0,5666299.7638900755,0.7223769730733519,1.0,3.0,,,,,,0.01853209073025377,-0.02967449164188075,0.21565537489654962,-1.7881718282760133,0.37233009708737863,-1.7881718282760133,0.3595694393308956,-797.0,0.20388349514563106,0.33980582524271846,0.2621359223300971,0.21262135922330097,0.2563106796116505,禾聯碩
92.8000030517578,96.3000030517578,92.6999969482422,96.1999969482422,168661.0,-0.016359980098045956,94.61999969482422,0.03552201688009693,92.80999984741212,0.17198615789337213,88.57047576904297,0.05130717973346166,86.4610580444336,-0.00016159604188405906,67.9999923706055,193462.9,0.8718002262966181,0.03652620521930339,5306.TW,2026-08-19,-0.007221954848529832,0.029970030426879513,neutral,0.21448467966573817,0.12906220984215414,2026-03-31,2026-05-15,1341388000.0,561120000.0,294671000.0,324498000.0,98836000.0,225673000.0,1.79,6076821000.0,3279027000.0,14278795000.0,5015002000.0,9263793000.0,2533303000.0,1157914000.0,920000000.0,0.0,0.304581230084623,204919744.34973404,10999768000.0,0.0186294605804171,0.0243607559020371,0.0158047650379461,0.5413551447015278,0.4183129713401342,0.219676186159411,0.1682384216945432,0.052471848048508,,,64.26179889626455,64.26179889626455,False,60.60498549824318,60.60498549824318,61.519188847748524,219.0,True,False,True,True,True,True,False,True,True,True,True,True,True,True,True,False,False,12,False,0.08614068190278235,0.1126395989603044,1.0,18611130.389598086,0.5598885793871866,1.0,3.0,,,,,,0.050069628138700396,0.024507191952671356,0.1898877929366189,-1.4600127454865748,0.5970873786407767,-1.4600127454865748,0.5501714566694393,-219.0,0.7864077669902912,0.4368932038834951,0.4854368932038835,0.74126213592233,0.6213592233009708,桂盟
10.350000381469728,10.649999618530272,10.350000381469728,10.649999618530272,1339816.0,0.03398052634117832,10.699999809265137,0.0492610855952329,10.253499937057494,0.05422960277303068,10.290177090962727,-0.5459725345789694,11.8502969344457,0.01284140105048673,71.4285491854455,2650051.2,0.505581175186351,0.038669691705929043,5521.TW,2026-08-19,-0.007221954848529832,0.029970030426879513,neutral,0.17827298050139276,0.2878365831012071,2026-03-31,2026-05-15,2612835000.0,137924000.0,51483000.0,62397000.0,-996000.0,63393000.0,0.13,12921452000.0,8050714000.0,13909364000.0,8217996000.0,5691368000.0,1805939000.0,1207000000.0,45836000.0,,0.0,51483000.0,5858650000.0,0.0087875193090558,0.0111384468549564,0.0045575771832558,1.44394036723684,0.0527871067250706,0.0197038848606972,0.0242621520302659,0.2132778029044353,,,26.7192956803025,26.7192956803025,False,55.67837031625546,55.67837031625546,48.43860165726722,744.0,True,False,True,True,True,False,True,True,True,True,True,True,False,True,False,False,False,11,False,0.03496757387038141,-0.10128837467578378,0.0,28223044.26908569,0.510677808727948,0.0,3.0,,,,,,0.004158541896732647,-0.056360081731320254,0.28776446402706063,-1.3520479130103902,0.46116504854368934,-1.3520479130103902,0.5849547287791411,-744.0,0.2524271844660194,0.019417475728155338,0.5728155339805825,0.3004854368932039,0.2466019417475728,工信
24.75,24.950000762939453,24.700000762939453,24.950000762939453,170342.0,-0.017716490643666427,25.070000076293944,0.024640672364273364,24.70749988555908,0.015685805284568977,24.426066493988042,0.08974625238436928,24.016005929311117,0.008057937143064603,63.0769366202349,175411.6,0.971098832688374,0.009814869108715873,6136.TW,2026-08-19,-0.007221954848529832,0.029970030426879513,neutral,0.2562674094707521,0.403899721448468,2026-03-31,2026-05-15,171722000.0,51677000.0,-8398000.0,-7084000.0,312000.0,-3345000.0,-0.03,770246000.0,319306000.0,4455250000.0,426683000.0,4028567000.0,310276000.0,57595000.0,27169000.0,,0.0,-8398000.0,4135944000.0,-0.0020304917087852,-0.0008303200616993,-0.0007507996184276,0.1059143362888093,0.3009340678538568,-0.048904624917017,-0.0194791581742583,0.2854886401916383,,,36.25455624577715,36.25455624577715,False,65.72468308290884,65.72468308290884,58.357151373625925,587.0,True,False,True,True,True,True,True,True,True,False,True,True,True,True,False,False,False,12,False,0.02144980114093964,0.03889051478324346,1.0,4376519.55382843,0.7539461467038069,0.0,3.0,,,,,,0.028910273927174854,-0.004280939548709642,0.1737130546361453,-1.6265618724878643,0.4087378640776699,-1.6265618724878643,0.4840976303004895,-587.0,0.39805825242718446,0.32038834951456313,0.39805825242718446,0.39805825242718446,0.37475728155339805,富爾特
49.0,49.5,48.0,48.400001525878906,4148916.0,0.014675068170718397,48.24999999999999,0.0020704407949891923,47.944999885559085,0.1469194467025785,46.53333333333333,0.008333365122477288,46.3645832379659,0.0026663910346608516,58.407089803411374,1712371.25,2.422906831681506,0.009490074906786328,6177.TW,2026-08-19,-0.007221954848529832,0.029970030426879513,neutral,0.36675951717734445,0.15041782729805014,2026-03-31,2026-05-15,4844225000.0,2424809000.0,2089752000.0,2073933000.0,400120000.0,1667275000.0,3.53,41652029000.0,29793350000.0,46628913000.0,33629226000.0,12999687000.0,696289000.0,19529640000.0,800533000.0,2371735000.0,0.1929281225574789,1686580070.0292633,16835563000.0,0.1001796061129208,0.1282550110629586,0.0357562484890008,2.586925823675601,0.5005566421873467,0.4313903668801511,0.3441778612677982,7.245531466543658,,,87.89986336679576,87.89986336679576,False,68.14659704825102,68.14659704825102,73.0849136278872,43.0,True,False,True,True,True,True,True,True,True,True,True,True,True,True,True,False,False,13,False,0.04011464597160974,0.04390028219311781,1.0,82878771.11287117,0.35376044568245124,1.0,2.0,,,,,,0.01847825131673815,-0.012933830942769092,0.27601641197425186,0.37602962368630466,0.6024271844660194,0.37602962368630466,0.704684757767744,-43.0,0.9514563106796117,0.8349514563106796,0.7766990291262136,0.9252427184466019,0.8815533980582525,達麗
92.8000030517578,94.0,92.4000015258789,93.3000030517578,29028.0,-0.011652526020558995,93.36000213623046,0.024149337151324612,92.47000122070312,0.020787762518154063,90.97500012715656,-0.0240585299066286,92.04833323160807,0.0063119020924429815,58.47457407946208,35072.5,0.8276569962221113,0.00897590375362567,6183.TW,2026-08-19,-0.007221954848529832,0.029970030426879513,neutral,0.25812441968430827,0.3862581244196843,2026-03-31,2026-05-15,663941000.0,299863000.0,193194000.0,199461000.0,39323000.0,160138000.0,1.07,2919021000.0,1409346000.0,4616371000.0,1618254000.0,2998117000.0,876563000.0,,,,0.1971463093035731,155106515.9204055,3207025000.0,0.0483646107905007,0.0534128588043762,0.0346891530165144,0.5397567873435226,0.4516410343690177,0.2909806744876427,0.2411931180632014,0.0640097179642915,,,85.55551742626001,85.55551742626001,False,65.54177747784976,65.54177747784976,70.54521246495233,58.0,True,False,True,True,True,True,True,True,True,False,True,True,True,True,True,False,False,12,False,0.02555650366970652,0.013597962898473481,1.0,3272264.3570327754,0.7929433611884865,1.0,2.0,,,,,,0.04085480960201664,0.03855439806696481,0.17328988530512804,-1.1674840564475755,0.6257281553398059,-1.1674840564475755,0.6446011998062872,-58.0,0.941747572815534,0.7864077669902912,0.7087378640776699,0.9067961165048544,0.8485436893203884,關貿
82.5,84.0,81.0,83.69999694824219,606034.0,0.06488547802962441,84.67999877929688,0.06760198111238314,79.62499961853027,0.07307688395182299,75.48359146118165,0.3926788531331362,71.49679568608602,0.025635638396720235,64.90067128607417,611025.45,0.9918310276601409,0.051177360743918765,6277.TW,2026-08-19,-0.007221954848529832,0.029970030426879513,neutral,0.13556174558960074,0.25069637883008355,2026-03-31,2026-05-15,1293181000.0,778857000.0,186537000.0,183859000.0,52118000.0,128893000.0,1.08,3416718000.0,1638244000.0,7019344000.0,2304220000.0,4715124000.0,897714000.0,266856000.0,200000000.0,,0.2834672221648111,133659874.77904265,5381100000.0,0.0248387643379685,0.0273360785421549,0.01836254214069,0.4886870419526612,0.6022799592632431,0.1442466290488338,0.0996712757146911,0.0734456101555489,,,66.12491163281756,66.12491163281756,False,74.59643901680404,74.59643901680404,72.47855717080742,199.0,True,False,True,True,True,True,True,True,True,True,True,True,True,True,True,False,False,13,False,0.10885021933920469,0.17068179273006256,1.0,51142828.3002983,0.40947075208913647,1.0,3.0,,,,,,0.05180753272510749,0.015600031340957207,0.3024046633866475,-1.4587263312387955,0.7087378640776698,-1.4587263312387955,0.7284651964199996,-199.0,0.8252427184466019,0.8252427184466019,0.8058252427184466,0.8223300970873786,0.8213592233009708,宏正
1050.0,1055.0,993.0,1030.0,907016.0,0.035175879396984966,1013.0,0.07154404516715829,984.3,0.4798850574712643,967.645448811849,0.11956521739130443,866.9893910725912,0.014732837414922897,65.50218340611353,548294.2,1.6542505829899352,0.04642893426800776,6409.TW,2026-08-19,-0.007221954848529832,0.029970030426879513,neutral,0.1309192200557103,0.02135561745589601,2026-03-31,2026-05-15,4204594000.0,1097283000.0,761311000.0,497580000.0,106071000.0,391509000.0,4.46,12925624000.0,6848461000.0,17835228000.0,7506620000.0,10328608000.0,7086998000.0,,489300000.0,,0.2131737610032557,599019470.8368503,10986767000.0,0.0545219053827982,0.0379053014694719,0.0219514435139264,0.7267794459814914,0.2609724030429573,0.1810664715784687,0.0931145789581586,-0.1581824756109622,,,62.88856390334461,62.88856390334461,False,83.953096619223,83.953096619223,78.68696344025341,235.0,True,True,True,True,True,True,True,True,True,True,True,True,True,True,True,False,False,14,False,0.0644394610285357,0.18801915064467067,1.0,564743026.0,0.15598885793871867,3.0,3.0,,,,,,0.09112829344343829,0.04477321733543655,0.30085555650667245,-0.15679343248812833,0.8922330097087379,-0.15679343248812833,0.8457555528937084,-235.0,0.7669902912621359,0.970873786407767,0.912621359223301,0.7888349514563107,0.8572815533980582,旭隼
1410.0,1435.0,1370.0,1400.0,2574199.0,-0.02777777777777779,1431.0,0.18644067796610164,1269.5,0.5945330296127562,1160.546103922526,0.8741633199464525,920.2897186279297,0.048307184145334435,73.29192546583852,3591548.5,0.7167379195909508,0.10279637652619145,6446.TW,2026-08-19,-0.007221954848529832,0.029970030426879513,neutral,0.036211699164345405,0.014856081708449397,2026-03-31,2026-05-15,5121378000.0,4500097000.0,2087077000.0,2335581000.0,185954000.0,2149627000.0,5.79,30923112000.0,4737365000.0,40089669000.0,5635458000.0,34454211000.0,24175410000.0,,43340000.0,,0.0796178766653779,1920908360.822853,35352304000.0,0.0543361575761187,0.0623908351870254,0.0536204726459577,0.1635636932739513,0.8786887044853944,0.4075225456898514,0.4197360554132111,0.572274143110902,,,96.8555062833974,96.8555062833974,False,82.10861169287436,82.10861169287436,85.79533534050512,13.0,True,True,True,True,True,True,True,False,True,True,True,True,False,True,True,False,True,13,False,0.20632863724081663,0.5212600680656041,1.0,5028167900.0,0.035283194057567316,3.0,0.0,,,,,,-0.02275382858618959,-0.08276900932885119,0.19362543242599325,-1.2882795978166561,0.2912621359223301,-1.2882795978166561,0.2841601240811143,-13.0,0.9805825242718447,1.0,0.1650485436893204,0.858252427184466,0.8233009708737865,藥華藥
244.0,253.0,244.0,248.5,922960.0,-0.023575638506876273,246.6,0.05970149253731338,231.65,0.05970149253731338,217.16666666666666,0.14252873563218382,213.725,0.020934332304980166,75.13513513513513,1558290.6,0.592290038841279,0.07273904597453051,6533.TW,2026-08-19,-0.007221954848529832,0.029970030426879513,neutral,0.149025069637883,0.28040854224698236,2026-03-31,2026-05-15,326356000.0,325982000.0,-202956000.0,-191919000.0,-25688000.0,-166231000.0,-3.28,1735463000.0,291379000.0,6111740000.0,1760341000.0,4351399000.0,1046856000.0,,,1419903000.0,0.1338481338481338,-175790718.14671814,5820361000.0,-0.0302027173480679,-0.0382017369586195,-0.0271986373765899,0.4045459862448835,0.9988540121830148,-0.621885303165868,-0.5093548149873145,0.2031025355560307,,,38.84336576062605,38.84336576062605,False,69.58062151923316,69.58062151923316,61.89630757958139,539.0,True,False,True,True,True,True,True,False,True,True,True,True,False,True,False,False,False,11,False,0.14428242517267842,0.16270908878231372,1.0,387235214.1,0.19220055710306408,2.0,3.0,,,,,,-0.0920290693827463,-0.12022920162689697,0.10896228254444291,-2.134487262913009,0.048058252427184464,-2.134487262913009,0.03689199057457964,-539.0,0.4563106796116505,0.4563106796116505,0.019417475728155338,0.39077669902912626,0.36893203883495146,晶心科
48.900001525878906,50.400001525878906,48.150001525878906,49.84999847412109,718132.0,-0.024461840260779022,49.9099998474121,0.06974249155404721,48.11249961853027,0.20265374080986964,46.834166526794434,-0.18278691026031002,49.204583231608076,0.02279974591229005,65.28662103122682,704521.0,1.0193195092836125,0.03611325267585186,6589.TW,2026-08-19,-0.007221954848529832,0.029970030426879513,neutral,0.13184772516248838,0.10770659238625813,2026-03-31,2026-05-15,308435000.0,64956000.0,-207240000.0,-141836000.0,406000.0,-142242000.0,-0.47,4188368000.0,910711000.0,10619357000.0,2413133000.0,8206224000.0,3257763000.0,0.0,1001914000.0,,0.0,-207240000.0,9708646000.0,-0.0213459219751137,-0.0173334288705743,-0.0133945963018288,0.2940613124867174,0.2105986674664029,-0.6719081816265988,-0.461173342843711,0.6954150931987708,,,33.08565989658788,33.08565989658788,False,76.75942481223464,76.75942481223464,65.84098358332295,629.0,True,True,True,True,True,True,True,True,True,True,True,True,True,True,False,False,False,14,False,0.06439384259355307,0.013116974072821863,1.0,35120370.77498626,0.47818012999071496,1.0,3.0,,,,,,-0.03945602950487237,-0.12458432706121851,0.10602592560869215,-2.174666759421232,0.05388349514563106,-2.174666759421232,0.07627787180840265,-629.0,0.3592233009708738,0.6213592233009708,0.04854368932038835,0.312621359223301,0.3757281553398058,台康生技
60.59999847412109,61.400001525878906,60.0,60.400001525878906,353906.0,-0.017886154050749448,61.02000045776367,-0.001652867340844577,60.69500026702881,0.08046365739058459,60.06245708465576,0.09128637340270074,58.728320598602295,0.0008244671265187079,45.762712960268985,401839.0,0.8807159086101648,-0.00486034664885171,6592.TW,2026-08-19,-0.007221954848529832,0.029970030426879513,neutral,0.3862581244196843,0.2404828226555246,2026-03-31,2026-05-15,5805627000.0,3589277000.0,1112669000.0,1199688000.0,276772000.0,908070000.0,0.76,301356298000.0,284872301000.0,330129656000.0,287832209000.0,42297447000.0,7386317000.0,102306502000.0,1403494000.0,,0.2307033161955441,855972571.87202,45257355000.0,0.0189134467065523,0.0214686716198261,0.0027506465520322,6.804954658374535,0.6182410616458826,0.1916535457755036,0.1564120464507968,-0.0460268227300109,,,41.73495049073704,41.73495049073704,False,57.40018570102136,57.40018570102136,53.483876898450276,484.0,True,False,True,True,False,True,True,False,True,True,True,True,True,True,False,False,False,11,False,0.005619890653946857,0.028464647213433114,1.0,24271076.213157654,0.531104921077066,1.0,3.0,,,,,,0.012597324451136073,-0.00807001431604207,0.21945250117950615,-0.650083900078846,0.4941747572815534,-0.650083900078846,0.5557303799887828,-484.0,0.5533980582524272,0.08737864077669903,0.5048543689320388,0.5461165048543689,0.4038834951456311,和潤企業
138.0,141.0,137.5,141.0,543523.0,0.025454545454545396,138.4,0.040590405904058935,135.425,0.09302325581395343,135.92120666503905,-0.0035335689045936647,134.04810333251953,0.013091453151299793,65.07936507936508,475154.2,1.1438876053289648,0.04116669743400392,6605.TW,2026-08-19,-0.007221954848529832,0.029970030426879513,neutral,0.20334261838440112,0.21634168987929434,2026-03-31,2026-05-15,4732845000.0,1585730000.0,866034000.0,951380000.0,217734000.0,732007000.0,4.41,15540524000.0,11970379000.0,33504289000.0,12358666000.0,21145623000.0,3981949000.0,1597489000.0,0.0,,0.228861233156047,667832390.8049359,21533910000.0,0.0310130575824332,0.0346174241354818,0.0218481580074718,0.5844550430129205,0.3350479468480375,0.1829838078365127,0.1546653228660562,-0.0451555541567658,,,64.93006759035887,64.93006759035887,False,63.58817283276611,63.58817283276611,63.923646522164304,210.0,True,False,True,True,True,False,True,True,True,True,True,True,True,True,True,False,False,12,False,0.037365716944207206,0.05186120873516287,1.0,66996742.2,0.3788300835654596,2.0,3.0,,,,,,0.0627779345169095,0.034796801686972086,0.22100128307194067,-0.9088528663049775,0.733495145631068,-0.9088528663049775,0.700458934506618,-210.0,0.8058252427184466,0.5242718446601942,0.7669902912621359,0.7999999999999999,0.7135922330097086,帝寶
6190.0,6425.0,6190.0,6375.0,1287368.0,0.05809128630705396,6380.0,0.15909090909090917,5911.0,0.2423543490347726,5285.487483723959,0.6156726183957246,4730.204071044922,0.06274721323265013,77.36549165120593,1847893.1,0.6966680053083157,0.07849771612248357,6669.TW,2026-08-19,-0.007221954848529832,0.029970030426879513,neutral,0.04456824512534819,0.0807799442896936,2026-03-31,2026-05-15,276507734000.0,20881168000.0,17458392000.0,17934386000.0,3819977000.0,14114409000.0,75.95,395619318000.0,257883938000.0,432576398000.0,292412129000.0,140164269000.0,70996229000.0,72191879000.0,9594000000.0,18686968000.0,0.2129973671805658,13739800468.793749,174692460000.0,0.0786513651979813,0.1006990519102982,0.0326287080507799,2.086210209536355,0.0755174826321494,0.0631388921656708,0.0510452593705751,0.6202705683581411,,,65.40144535951697,65.40144535951697,False,78.18493038253752,78.18493038253752,74.98905912678238,208.0,True,True,True,True,True,True,True,False,True,True,True,True,False,True,True,False,False,12,False,0.20613283441330021,0.34772198075414873,1.0,11780318512.5,0.019498607242339833,3.0,3.0,,,,,,0.09031601671394317,0.013664827301554406,0.3558304099448213,0.1334513569531236,0.8563106796116504,0.1334513569531236,0.7805971552889284,-208.0,0.8155339805825242,0.912621359223301,0.8640776699029126,0.8228155339805825,0.854368932038835,緯穎
261.5,269.0,261.5,267.0,249257.0,0.011363636363636465,263.7,0.017142857142857126,264.025,0.11105634952448318,261.50185979207356,0.06502386154315842,255.49827448527017,0.002372817008352316,55.78947368421053,285498.05,0.8730602538266024,0.011267872360571918,6670.TW,2026-08-19,-0.007221954848529832,0.029970030426879513,neutral,0.2841225626740947,0.1903435468895079,2026-03-31,2026-05-15,8468855000.0,2032739000.0,1265065000.0,1332547000.0,298511000.0,970370000.0,6.96,20003146000.0,8031634000.0,30684051000.0,10347885000.0,20336166000.0,9145558000.0,1517321000.0,68804000.0,1552151000.0,0.2240153630603648,981671004.7300396,22652417000.0,0.0433362587634705,0.047716467302637,0.0316245726485072,0.5088414895905158,0.2400252454434513,0.149378516930565,0.1145810147888941,-0.0012569118061379,,,69.78295043229787,69.78295043229787,False,66.86725012670993,66.86725012670993,67.59617520310692,168.0,True,False,True,True,True,True,True,True,True,True,True,True,True,True,True,False,False,13,False,0.021025243232679625,0.04501684223856839,1.0,76227979.35,0.36025998142989785,2.0,3.0,,,,,,0.06416466214913256,0.03567882276392523,0.23927748504470622,-0.29434037738096575,0.7980582524271845,-0.29434037738096575,0.6714754398743061,-168.0,0.8737864077669902,0.7087378640776699,0.7475728155339806,0.8548543689320387,0.7990291262135922,復盛應用
173.0,178.5,173.0,174.0,119359.0,-0.027932960893854775,176.2,0.11538461538461542,168.125,0.3423320746490277,151.7828862508138,0.2768524429217174,143.55292218526205,0.029389254553803836,52.5,202390.95,0.5897447489623424,0.03494423791821566,8462.TW,2026-08-19,-0.007221954848529832,0.029970030426879513,neutral,0.0807799442896936,0.04178272980501393,2026-03-31,2026-05-15,1626910000.0,546235000.0,263101000.0,241835000.0,49259000.0,191204000.0,2.42,2261807000.0,3161235000.0,12373315000.0,9648191000.0,2725124000.0,1414659000.0,,386628000.0,,0.2036884652759112,209510361.09744248,9212080000.0,0.0227430027851953,0.0701634127474566,0.0154529323790754,3.5404594433134053,0.3357499800234801,0.161718226576762,0.1175258619100011,0.2017296409310929,,,59.6562061392525,59.6562061392525,False,74.99960880825738,74.99960880825738,71.16375814100616,269.0,True,False,True,True,True,True,True,True,True,True,True,True,False,True,False,False,False,12,False,0.14637430014654962,0.21209653799624162,1.0,35216025.300000004,0.4763231197771588,2.0,3.0,,,,,,0.11491984210564357,0.08818034240058215,0.47472434626590587,-0.02125391306310148,0.9728155339805825,-0.02125391306310148,0.9669678978554558,-269.0,0.7378640776699029,0.8058252427184466,0.9902912621359223,0.7757281553398058,0.8087378640776699,柏文
24.549999237060547,24.899999618530277,24.299999237060547,24.700000762939453,17297235.0,0.03131523908594436,24.629999923706055,0.01855673249234857,24.17249994277954,0.01975944699219756,24.402013492584228,-0.1540632246239655,25.339496882756553,0.0019689095452659782,57.954558262161754,19977806.05,0.865822551120422,0.02182235273176536,9904.TW,2026-08-19,-0.007221954848529832,0.029970030426879513,neutral,0.2776230269266481,0.38904363974001854,2026-03-31,2026-05-15,63091727000.0,13969640000.0,1993963000.0,3794144000.0,725518000.0,2230126000.0,0.76,160479699000.0,107502469000.0,374676156000.0,140292608000.0,234383548000.0,24051020000.0,31294036000.0,23330207000.0,,0.191220470282625,1612676457.4138465,267173687000.0,0.0060360601956054,0.0095148572458677,0.0059521428419907,0.5985599637735666,0.221417936459403,0.0316041911485478,0.0353473602014413,-0.0587574951413359,,,26.74495140194723,26.74495140194723,False,55.379923439860264,55.379923439860264,48.221180430382006,742.0,True,False,True,True,True,False,True,True,True,False,True,True,True,True,False,False,False,11,False,0.01221158534502842,-0.025237127744721533,0.0,493451824.67685646,0.16527390900649955,0.0,3.0,,,,,,-0.0028058636401008803,-0.04706201413324695,0.14715121772798795,-2.022906880982379,0.1859223300970874,-2.022906880982379,0.5127515209621597,-742.0,0.2621359223300971,0.009708737864077669,0.42718446601941745,0.28689320388349515,0.21941747572815534,寶成
21.350000381469727,21.450000762939453,21.299999237060547,21.299999237060547,109070.0,-0.016166299659893024,21.4,0.03398052634117854,21.007500076293944,0.028985432464104566,20.76341937383016,0.03398052634117854,20.91920967102051,0.009005759033939766,70.2702451919409,162119.85,0.6727738768571523,0.013923558714950435,9905.TW,2026-08-19,-0.007221954848529832,0.029970030426879513,neutral,0.2191272051996286,0.36118848653667596,2026-03-31,2026-05-15,2262403000.0,227921000.0,110504000.0,146083000.0,37653000.0,108152000.0,0.35,9976288000.0,2845823000.0,12068826000.0,3342134000.0,8726692000.0,759126000.0,0.0,,,0.2577507307489577,82021513.24931718,9223003000.0,0.0088931461097125,0.0123932413336004,0.0089612693065588,0.3829783381835866,0.1007428826782849,0.0488436410312397,0.0478040384493832,0.1512060067798128,,,34.794291678762654,34.794291678762654,False,60.55676824017345,60.55676824017345,54.116149099820746,603.0,True,False,True,True,True,True,True,True,True,False,True,True,False,True,False,False,False,11,False,0.025842557700620494,0.018202865788354616,1.0,3453152.6813123706,0.7892293407613742,0.0,3.0,,,,,,0.030008727673438818,0.013716968558533644,0.18948113982224093,-1.3553553651072296,0.5242718446601942,-1.3553553651072296,0.5499061869276787,-603.0,0.36893203883495146,0.1553398058252427,0.47572815533980584,0.3849514563106796,0.3262135922330097,大華
80.80000305175781,88.5999984741211,80.80000305175781,88.5999984741211,6599951.0,-0.05037518139232422,83.9,0.11727610421771772,80.43554878234863,0.31649323115159866,75.85184961954752,0.16272968533452103,70.22259149551391,0.007389263126428919,64.56290148470413,4425229.15,1.4914371157480057,0.10150300228403641,9914.TW,2026-08-19,-0.007221954848529832,0.029970030426879513,neutral,0.07706592386258125,0.04828226555246054,2026-03-31,2026-05-15,5323065000.0,883503000.0,277586000.0,414150000.0,86163000.0,325661000.0,1.09,16669153000.0,11726544000.0,36194817000.0,15729956000.0,20464861000.0,3921684000.0,5780249000.0,308878000.0,,0.2080478087649402,219834840.9561753,24468273000.0,0.0089844853764781,0.0159131791806453,0.0089974484468314,0.7686324378162158,0.1659763688777048,0.0521477757645266,0.0611792266297706,-0.2965963236341542,,,27.385384545181456,27.385384545181456,False,90.07607903943176,90.07607903943176,74.40340541586919,724.0,True,True,True,True,True,True,True,True,True,True,True,True,True,True,False,False,False,14,False,0.1680664205093858,0.26170220419423296,1.0,392075295.9376362,0.1903435468895079,1.0,3.0,,,,,,0.05247271941745474,0.01664740102344346,0.2534329637463443,-1.5403679533539,0.6679611650485437,-1.5403679533539,0.527802577657327,-724.0,0.2912621359223301,0.8737864077669902,0.44660194174757284,0.3145631067961165,0.4970873786407767,美利達
97.3000030517578,104.5,96.0,104.0,5508361.0,-0.04587155963302747,100.96000061035156,0.22931444297618175,93.2599998474121,0.5294117647058822,81.44999961853027,0.259079926406822,76.41750011444091,0.04311839746002812,67.79324369274256,4283400.25,1.2859785867547633,0.11516191475616777,9921.TW,2026-08-19,-0.007221954848529832,0.029970030426879513,neutral,0.025998142989786442,0.017641597028783658,2026-03-31,2026-05-15,12523541000.0,2458803000.0,-191441000.0,-170563000.0,-23472000.0,-199773000.0,-0.51,48200680000.0,28731484000.0,72341005000.0,34909460000.0,37431545000.0,13787267000.0,9060327000.0,1863857000.0,,0.1376148402643011,-165095877.36496192,43609521000.0,-0.0037857759860504,-0.0053370225567766,-0.0027615458203822,0.9326214026164296,0.1963344871869705,-0.0152864912567459,-0.0159517982973026,-0.2568048701835493,,,14.870530982450036,14.870530982450036,False,88.21094835639876,88.21094835639876,69.87584401291157,958.0,True,True,True,True,True,True,True,True,True,True,True,True,True,True,False,False,False,14,False,0.2768569734448407,0.36094480772404536,1.0,445473626.0,0.1764159702878366,2.0,3.0,,,,,,0.04120901369425271,-0.004125084910552832,0.39259312106110283,-1.4693438837207813,0.6529126213592233,-1.4693438837207813,0.5760815433283895,-958.0,0.07766990291262135,0.7766990291262136,0.5339805825242718,0.14611650485436892,0.3786407766990291,巨大
20.399999618530277,20.75,20.399999618530277,20.75,251130.0,0.02977669443318276,20.549999618530272,0.07235140004808294,19.910000038146972,0.11559137496965932,19.181081199645995,0.09210526315789469,19.010957272847495,0.02037154867528741,66.66668180437199,408175.7,0.6152497564161707,0.04218985234774553,9935.TW,2026-08-19,-0.007221954848529832,0.029970030426879513,neutral,0.12906220984215414,0.18198700092850512,2026-03-31,2026-05-15,1207014000.0,329361000.0,129050000.0,125078000.0,35715000.0,89363000.0,0.51,4101731000.0,3844659000.0,8361229000.0,5772111000.0,2589118000.0,430540000.0,854900000.0,1461115000.0,287107000.0,0.2855418219031324,92200827.88340075,4516570000.0,0.0204139043308087,0.0345148425062125,0.0106877828606297,2.22937347776347,0.2728725598874578,0.1069167383311212,0.0740364237697325,0.0157374361805349,,,40.70851081970746,40.70851081970746,False,73.79796659453267,73.79796659453267,65.52560265082636,498.0,True,False,True,True,True,True,True,True,True,True,True,True,False,True,False,False,False,12,False,0.08179511801362693,0.09147581061771692,1.0,8469645.775,0.659238625812442,0.0,3.0,,,,,,0.09482887943745866,0.05742117258674149,0.3644453394681405,-0.2193213157195837,0.933980582524272,-0.2193213157195837,0.941062211287265,-498.0,0.5242718446601942,0.5922330097087378,0.9611650485436893,0.5898058252427184,0.6320388349514563,慶豐富
20.600000381469727,20.700000762939453,20.5,20.5,266444.0,-0.05529957238475702,20.820000076293944,0.01736974630748156,20.68999996185303,0.12841363133322292,19.81262509028117,-0.03828385643743981,19.525589100519817,0.006445339999102736,45.569614140845445,507837.9,0.5246634802168172,-0.009183178453520568,9940.TW,2026-08-19,-0.007221954848529832,0.029970030426879513,neutral,0.2822655524605385,0.17084493964716807,2026-03-31,2026-05-15,2876811000.0,665012000.0,209493000.0,232453000.0,69452000.0,159582000.0,0.22,16303412000.0,4204969000.0,30767900000.0,17352956000.0,13414944000.0,4695442000.0,404164000.0,8438314000.0,900000000.0,0.2987786778402516,146900958.44321218,26562931000.0,0.0055302992897588,0.0118958379550447,0.0051866393221506,1.2935541139791564,0.2311629092074522,0.0728212593736606,0.0554718401730249,0.2999785808018913,,,39.42870701490352,39.42870701490352,False,62.26090993500464,62.26090993500464,56.55285920497936,523.0,True,False,True,True,False,True,True,False,True,True,True,True,False,True,False,False,False,10,False,0.03469378270605916,0.04990430221919606,1.0,10410676.950000001,0.6388115134633241,0.0,3.0,,,,,,0.02285805963924152,-0.006087846264811624,0.18307920090183716,-1.64219800416235,0.3864077669902913,-1.64219800416235,0.5022856821659162,-523.0,0.47572815533980584,0.2524271844660194,0.4174757281553398,0.4669902912621359,0.3970873786407767,信義
84.0999984741211,85.19999694824219,83.5,85.19999694824219,789444.0,-0.005834305925377925,84.75999908447265,0.03902435302734375,83.2599998474121,0.1703295793499966,81.79666659037272,0.16076287707164294,78.92000013987223,0.005555553712706601,67.59257885653695,994348.7,0.7939307407954574,0.023300469665931356,9941.TW,2026-08-19,-0.007221954848529832,0.029970030426879513,neutral,0.20798514391829154,0.13184772516248838,2026-03-31,2026-05-15,9588907000.0,4187850000.0,1390166000.0,1382030000.0,301331000.0,1104074000.0,1.82,235100426000.0,237208150000.0,286724084000.0,244513555000.0,42210529000.0,7708912000.0,35439009000.0,3468847000.0,,0.2180350643618445,1087061066.716352,49515934000.0,0.0219537627365839,0.0261563649202311,0.0038506496719682,5.792714775026866,0.4367390360548913,0.1449764816782559,0.1151407558755132,-0.0112940820804001,,,41.17633903527033,41.17633903527033,False,70.08087074050894,70.08087074050894,62.85473781419929,492.0,True,False,True,True,True,True,True,True,True,True,True,True,False,True,False,False,False,12,False,0.041607201121200976,0.07957421182513613,1.0,84718506.20548858,0.3519034354688951,1.0,3.0,,,,,,0.05491494043511052,0.03605001092866276,0.25704070812337276,-0.8981378451124608,0.7839805825242718,-0.8981378451124608,0.7914422671661357,-492.0,0.5339805825242718,0.5048543689320388,0.8737864077669902,0.5849514563106796,0.5932038834951456,裕融
29.5,29.950000762939453,29.350000381469727,29.799999237060547,7482134.0,0.0955881765144524,29.320000076293944,0.12878786619920213,27.28750009536743,0.26004227136272795,26.24257230758667,0.01016946566306931,25.746702845891317,0.026424677683371707,75.40982991448823,8619103.15,0.8680873020994069,0.09207509419742199,9945.TW,2026-08-19,-0.007221954848529832,0.029970030426879513,neutral,0.06685236768802229,0.06963788300835655,2026-03-31,2026-05-15,8802139000.0,2177505000.0,1558595000.0,3524918000.0,275592000.0,2706817000.0,0.99,56821154000.0,31229259000.0,206807304000.0,85163985000.0,121643319000.0,4687641000.0,7435539000.0,36077246000.0,,0.0781839464066965,1436737892.0502548,175578045000.0,0.0081829017520399,0.0222520811027854,0.0130885947819328,0.7001123094972441,0.247383618913539,0.1770700280920353,0.3075180930453381,0.2547092191019549,,,56.447152500431685,56.447152500431685,False,78.92640641060225,78.92640641060225,73.30659293305962,296.0,True,True,True,True,True,True,True,False,True,True,True,True,True,True,False,False,False,13,False,0.13555938372876009,0.15742972665006927,1.0,256849267.29414618,0.23862581244196843,0.0,3.0,,,,,,-0.04712487236111885,-0.09422202073008452,0.11543132434753309,-2.0651944161433575,0.08300970873786406,-2.0651944161433575,0.0972582111900688,-296.0,0.7087378640776699,0.8543689320388349,0.05825242718446602,0.6111650485436892,0.6223300970873785,潤泰新
18.850000381469727,18.899999618530277,18.75,18.850000381469727,226783.0,0.0,18.95,0.03287673323121787,18.260000038146973,0.15290519520925372,18.469166692097982,0.1321321809816145,17.738333352406823,0.010095421399466212,70.00000953673414,275981.4,0.8217329138847762,0.03231108116594661,9946.TW,2026-08-19,-0.007221954848529832,0.029970030426879513,neutral,0.22376973073351902,0.14298978644382543,2026-03-31,2026-05-15,2286025000.0,1230331000.0,1070680000.0,1048582000.0,218010000.0,830572000.0,2.56,15819259000.0,7136334000.0,17439333000.0,10338316000.0,7101017000.0,2000753000.0,3265440000.0,,3189863000.0,0.2079093480528943,848075619.2267271,10302999000.0,0.0823134719538191,0.1169652177990842,0.0476263627743102,1.4558923038770362,0.5381966513927013,0.4683588324712109,0.3633258603908531,74.70621936680355,,,93.8841677043543,93.8841677043543,True,57.40475351406101,57.40475351406101,66.52460706163433,22.0,True,False,True,True,True,False,True,True,True,True,True,True,True,True,True,True,False,12,False,0.02061997142159555,0.06267032009025053,1.0,5202249.495278549,0.7335190343546889,0.0,1.0,,,,,,0.07323251183618786,0.06172752389499167,0.3694805263466367,1.1601339691226324,0.9373786407766991,1.1601339691226324,0.9541594723401134,-22.0,0.9611650485436893,0.6601941747572816,0.970873786407767,0.962621359223301,0.8728155339805825,三發地產
197.5,205.5,196.5,203.0,197637.0,-0.02168674698795181,202.3,0.07692307692307687,195.9,0.046391752577319645,195.6874974568685,0.12154696132596676,199.41874872843425,0.019455723422750218,69.04761904761905,342529.25,0.5769930597167979,0.036242981112812656,6782.TW,2026-08-19,-0.007221954848529832,0.029970030426879513,neutral,0.12163416898792943,0.30269266480965645,2026-03-31,2026-05-15,1228595000.0,562960000.0,345415000.0,320529000.0,79940000.0,240471000.0,3.82,2257209000.0,1785112000.0,6287420000.0,2055065000.0,4232355000.0,548061000.0,34008000.0,243227000.0,,0.2494002102773852,259268426.36703697,4502308000.0,0.0575856708086245,0.0568173038414783,0.0382463713255993,0.4855606394076111,0.4582144644899255,0.2811463500990969,0.1957284540471026,0.2971931691721623,,,94.77818654579036,94.77818654579036,False,67.86210779438947,67.86210779438947,74.5911274822397,18.0,True,False,True,True,True,True,True,True,True,True,True,True,False,True,True,False,False,12,False,0.037368266435842346,0.017958448212122002,1.0,69533437.75,0.3751160631383473,2.0,1.0,,,,,,0.015516422960010146,-0.03766774263484946,0.15935986913931738,-1.9549375908123652,0.2606796116504854,-1.9549375908123652,0.24695341014214173,-18.0,0.970873786407767,0.883495145631068,0.11650485436893204,0.8427184466019417,0.7737864077669903,視陽
182.5,186.0,182.0,185.0,286301.0,0.010928961748633892,183.1,0.04815864022662897,180.45,0.10410164157822166,178.40897674560546,0.04143640737699017,175.94365997314452,0.00866405813303512,67.64705882352942,219257.1,1.3057775552080184,0.025214740925464163,2753.TW,2026-08-19,-0.007221954848529832,0.029970030426879513,neutral,0.1829155060352832,0.1977715877437326,2026-03-31,2026-05-15,2262828000.0,824778000.0,283918000.0,279202000.0,56223000.0,236960000.0,3.56,2917896000.0,1963845000.0,8230737000.0,4333857000.0,3896880000.0,1488954000.0,111983000.0,92967000.0,946399000.0,0.2013703340233952,226745337.5047457,6266892000.0,0.0361814656299718,0.0608076204553386,0.0287896454473032,1.112135092689536,0.3644899214611097,0.1254704290383538,0.1047185203647824,0.0392582907012151,,,71.61820020352927,71.61820020352927,False,71.831998914171,71.831998914171,71.77854923651057,152.0,True,False,True,True,True,True,True,True,True,True,True,True,True,True,True,False,False,13,False,0.036943338696419525,0.05147295462784962,1.0,40562563.5,0.44939647168059427,2.0,3.0,,,,,,0.04597738452765515,0.01269724812489964,0.2137688734350726,-0.8700713467580437,0.6339805825242719,-0.8700713467580437,0.6179096606706123,-152.0,0.883495145631068,0.8155339805825242,0.6796116504854369,0.8529126213592233,0.8223300970873787,八方雲集
31.600000381469727,31.950000762939453,31.5,31.75,24031.0,-0.01090337977440281,31.870000076293945,0.006339168550740348,31.809999847412108,0.026387474752880724,31.614789390563963,-0.0972234138500111,32.51597466468811,0.0018897680017345056,54.545444036644284,43311.85,0.5548366093805737,-0.001886194520588469,1752.TW,2026-08-19,-0.007221954848529832,0.029970030426879513,neutral,0.34447539461467036,0.3714020427112349,2026-03-31,2026-05-15,529627000.0,187509000.0,70757000.0,45206000.0,13186000.0,32559000.0,0.32,1514341000.0,1241507000.0,3869068000.0,1508959000.0,2360109000.0,327259000.0,500000000.0,184490000.0,,0.2916869442109454,50118106.888466135,2627561000.0,0.0190740031871633,0.0137955492733598,0.0084152049020591,0.6393598770226291,0.3540397298476097,0.1335977961848621,0.0614753401922485,-0.0860226929548297,,,45.656890959917256,45.656890959917256,False,58.208958245606,58.208958245606,55.070941424183815,424.0,True,False,True,True,False,True,True,True,True,False,True,True,False,True,False,False,False,10,False,0.004276815124898192,-0.023556872355419367,0.0,1375151.2375,0.8987929433611885,1.0,3.0,,,,,,0.021523408950998277,-0.0004134786011968464,0.09864288682568798,-1.893015916123383,0.291747572815534,-1.893015916123383,0.5983596720301608,-424.0,0.5728155339805825,0.23300970873786409,0.6116504854368932,0.5786407766990291,0.4786407766990291,南光
38.0,38.0,36.25,37.900001525878906,10030.0,-0.01430427116117694,37.810000610351565,0.1081871543976376,36.172500419616696,0.14501520462336726,34.367500114440915,-0.1278537578212413,36.330035495758054,0.02857752486584914,75.19381036983064,8813.9,1.1379752436492359,0.04775730420132551,6807.TW,2026-08-19,-0.007221954848529832,0.029970030426879513,neutral,0.0882079851439183,0.1522748375116063,2026-03-31,2026-05-15,816575000.0,140988000.0,21290000.0,55642000.0,21854000.0,33788000.0,0.63,2199559000.0,1020947000.0,3561572000.0,1049027000.0,2512545000.0,730437000.0,,,,0.3927608640954674,12928121.2034075,2540625000.0,0.0050885593912551,0.0134477193443301,0.0094868221111351,0.4175157061863568,0.1726577472981661,0.0260723142393533,0.0413777056608394,-0.2993394746687077,,,25.847745535457133,25.847745535457133,False,73.67645855507972,73.67645855507972,61.71928030017408,753.0,True,False,True,True,True,True,True,False,True,True,True,True,True,True,False,False,False,12,False,0.10278610314032322,0.04321399659254843,1.0,334046.8234489441,0.9823584029712163,1.0,3.0,,,,,,0.02276276154324154,-0.012562639222186901,0.2162593402976519,-1.7491495071679837,0.3985436893203883,-1.7491495071679837,0.48594336727753573,-753.0,0.23300970873786409,0.44660194174757284,0.4077669902912621,0.25922330097087376,0.33203883495145636,峰源-KY
41.20000076293945,41.59999847412109,40.20000076293945,41.29999923706055,151124.0,0.042929313849605855,42.01999969482422,0.05545612342733919,39.16550006866455,0.03249998092651363,39.81615161895752,-0.23996331565643503,44.04726578394572,0.018794049604201894,72.36839639625167,108391.8,1.3942383095400206,0.054499474401036974,6931.TW,2026-08-19,-0.007221954848529832,0.029970030426879513,neutral,0.16248839368616527,0.3463324048282266,2026-03-31,2026-05-15,304626000.0,46435000.0,24486000.0,41022000.0,7325000.0,32192000.0,0.49,937071000.0,256770000.0,2623022000.0,1436214000.0,1186808000.0,315403000.0,0.0,134800000.0,,0.1785627224416167,20113713.178294577,2366252000.0,0.0085002413852347,0.027124859286422,0.0122728669450732,1.210148566575217,0.1524328192603389,0.080380532193575,0.1056771253931049,0.1805013020833332,,,40.14398557379552,40.14398557379552,False,59.293980181629294,59.293980181629294,54.50648152967085,507.0,True,False,True,True,True,False,True,False,True,True,True,True,True,True,False,False,False,11,False,0.037267479597313136,-0.06237087587594348,0.0,4476581.25730362,0.7493036211699164,1.0,3.0,,,,,,0.023896332162631605,-0.00866970502825287,0.1750622627133376,-1.037726640611274,0.46310679611650485,-1.037726640611274,0.5277414058433475,-507.0,0.49514563106796117,0.17475728155339806,0.4368932038834951,0.4864077669902912,0.38737864077669903,青松健康
147.5,149.0,147.5,148.5,164466.0,0.006779661016949046,147.8,0.02768166089965396,146.9,0.05319148936170204,144.2,0.045774647887323994,145.62083333333334,0.0046161737049069,61.53846153846153,70813.1,2.3225363668586745,0.010891763104152519,6914.TW,2026-08-19,-0.007221954848529832,0.029970030426879513,neutral,0.2414113277623027,0.28969359331476324,2026-03-31,2026-05-15,1436180000.0,315694000.0,223320000.0,194333000.0,39123000.0,155210000.0,2.34,2260924000.0,3075526000.0,11067161000.0,7614684000.0,3452477000.0,1511366000.0,0.0,339000.0,,0.2013193847673838,178361354.99374786,7991635000.0,0.0223185061622243,0.0449561285998429,0.01402437354982,2.2055712463833936,0.2198150649640017,0.1554958292136083,0.1080714116614909,0.0924403625899761,,,49.39729316925784,49.39729316925784,False,70.82467666131728,70.82467666131728,65.46783078830242,377.0,True,False,True,True,True,True,True,True,True,True,True,True,True,True,False,False,False,13,False,0.029819694868238544,0.019771667286617722,1.0,10515745.350000001,0.6369545032497679,2.0,3.0,,,,,,0.04661987509573413,0.017248479164893343,0.18347094374897877,-0.2001275974032363,0.6563106796116506,-0.2001275974032363,0.5773388025889968,-377.0,0.6310679611650486,0.5825242718446602,0.5436893203883495,0.6179611650485437,0.5990291262135923,阜爾運通
144.0,155.0,143.0,145.0,100670.0,0.03942652329749108,145.5,0.043165467625899234,137.425,0.1484593989874332,139.1935775756836,0.228144636612015,129.5359057744344,0.009920999448833533,73.84615384615384,98000.05,1.0272443738549113,0.05512097507731473,7631.TW,2026-08-19,-0.007221954848529832,0.029970030426879513,neutral,0.19405756731662024,0.14856081708449395,2026-03-31,2026-05-15,408502000.0,93897000.0,47524000.0,48469000.0,12978000.0,35491000.0,1.76,1335645000.0,556998000.0,1567579000.0,716274000.0,851305000.0,481233000.0,,138157000.0,,0.2677587736491366,34799032.04109843,1010581000.0,0.0344346787057132,0.041690111064777,0.0226406452242598,0.8413835229441857,0.2298568917655238,0.1163372517148018,0.0868808475845895,0.9934122561314817,,,69.1770822702721,69.1770822702721,False,60.2847035919562,60.2847035919562,62.50779826153517,171.0,True,False,True,True,True,False,True,False,True,True,True,True,True,True,True,False,False,11,False,0.04171472941098364,0.11938075495834943,1.0,14210007.25,0.5942432683379758,2.0,3.0,,,,,,0.014708975294701844,-0.03218670779128871,0.23070188309138556,-1.3135434590177928,0.45048543689320386,-1.3135434590177928,0.4800431715974523,-171.0,0.8640776699029126,0.47572815533980584,0.3883495145631068,0.7927184466019417,0.6524271844660193,聚賢研發-創
32.20000076293945,35.400001525878906,32.20000076293945,35.0,451746.0,0.05263157894736836,32.920000076293945,0.09717869650597022,33.314999961853026,0.25,28.688333320617676,0.12903225806451624,28.840833330154418,0.043212776625838105,66.96164351930517,358352.85,1.2606178519300182,0.050577819002742386,6969.TW,2026-08-19,-0.007221954848529832,0.029970030426879513,neutral,0.09935004642525534,0.07520891364902507,2026-03-31,2026-05-15,77977000.0,24341000.0,2486000.0,-2183000.0,0.0,-2183000.0,-0.05,309483000.0,182775000.0,1118341000.0,633488000.0,484853000.0,107080000.0,21000000.0,327254000.0,,-0.0,2486000.0,935566000.0,0.0026572149907115,-0.0045023955714412,-0.0019519985406955,1.3065568326894956,0.3121561486079228,0.0318811957372045,-0.0279954345512138,0.0385025171137096,,,24.457927260122307,24.457927260122307,False,79.90186109421187,79.90186109421187,66.04087763568947,775.0,True,True,True,True,True,True,True,True,True,True,True,True,True,True,False,False,False,14,False,0.22000813392830554,0.21355716734460262,1.0,12542349.75,0.6090993500464252,1.0,3.0,,,,,,0.047351489186570964,-0.003265961792713029,0.2618805969660975,-1.4212593555547788,0.6344660194174758,-1.4212593555547788,0.6045202928537323,-775.0,0.22330097087378642,0.6407766990291263,0.6407766990291263,0.2859223300970874,0.43203883495145634,成信實業*-創
