Open,High,Low,Close,Volume,ret5,ma5,ret20,ma20,ret60,ma60,ret120,ma120,ma20_slope,rsi14,volume_ma20,volume_ratio,ma20_deviation,symbol,date,benchmark_ret20,benchmark_ret60,market_regime,rs20_rank_pct,rs60_rank_pct,period_date,as_of_date,revenue,gross_profit,operating_income,pretax_income,tax_expense,net_income_parent,eps,current_assets,current_liabilities,assets,liabilities,equity,cash,short_borrowings,long_borrowings,bonds_payable,tax_rate,nopat,invested_capital_proxy,roic_proxy,roe,roa,debt_to_equity,gross_margin,operating_margin,net_margin,revenue_growth,pe,pb,eva_like_score,fundamental_score,fundamental_pass,technical_score,score,final_score,fundamental_rank,pass_market,pass_score,pass_rs20,pass_rs60,pass_close_ma20,pass_ma20_ma60,pass_ma20_slope,pass_rsi,pass_ret20_benchmark,pass_ret60_benchmark,pass_ret5_cap,pass_ret20_cap,pass_volume_ratio,pass_ma20_deviation,pass_fundamental_score,pass_fundamental_filter,pass_fundamental_universe,entry_pass_count,entry_all_pass,close_ma60_ratio,close_ma120_ratio,above_ma120,turnover20,liquidity_rank,price_bucket,eva_rank_bucket,forward_60d_return,forward_60d_max_drawdown,reward_60,fwd60_rank_label,top_quantile_60,reg_forward60,reg_reward60,cls_topq60,rank_forward60,ensemble_score,ranker_score,stable_ensemble_score,fundamental_rank_score,fundamental_score_rank,final_score_rank,stable_ml_rank,fund_ml_85_15,fund_final_ml,name
25.5,25.899999618530277,25.450000762939453,25.700000762939453,32955388.0,0.005870901383876692,25.350000381469727,0.05761323332651491,24.904999828338624,0.13215858586656393,24.478333123524983,0.023904397304817637,24.297222741444905,0.008707985233351496,64.60177947139789,36619583.6,0.8999389059137198,0.03192133869024261,1101.TW,2026-10-08,0.04833557089474749,0.1077537481938109,bull,0.2760223048327137,0.18308550185873607,2026-03-31,2026-05-15,33168148000.0,6208390000.0,2792191000.0,2132735000.0,927996000.0,718189000.0,0.1,184722314000.0,82516661000.0,597615286000.0,292869670000.0,304745616000.0,97044326000.0,5704442000.0,70674580000.0,98473452000.0,0.4,1675314600.0,515098625000.0,0.0032524152049522,0.0023566836150975,0.0012017580822054,0.961029969336786,0.1871792781435972,0.0841829034289162,0.021652972604922,-0.0511527050022949,,,23.33964555046912,23.33964555046912,False,70.80032767562831,70.80032767562831,58.93515714433852,799.0,True,False,True,True,True,True,True,True,True,True,True,True,True,True,False,False,False,13,False,0.049908122144165956,0.057734089052974946,1.0,941123326.4585252,0.11245353159851301,0.0,3.0,,,,,,-0.003272093832800955,-0.05410710469548846,0.1479789925703433,-1.7425451232405522,0.33028846153846153,-1.7425451232405522,0.34219934732640506,-799.0,0.20192307692307693,0.18269230769230768,0.3269230769230769,0.22067307692307692,0.22115384615384615,台泥
35.599998474121094,36.34999847412109,35.599998474121094,36.34999847412109,10772524.0,0.01963525717478687,35.69000015258789,0.03267038881409379,35.46500034332276,0.13808361825432325,34.2300001780192,0.0182072184115023,34.471943378448486,0.004105324892347302,66.27907492523617,7386035.95,1.45849872285011,0.02495412723053736,1102.TW,2026-10-08,0.04833557089474749,0.1077537481938109,bull,0.3466542750929368,0.17565055762081785,2026-03-31,2026-05-15,14829491000.0,1928135000.0,1184173000.0,2141327000.0,350025000.0,1887022000.0,0.56,94593171000.0,73132379000.0,329731256000.0,128784897000.0,200946359000.0,15235953000.0,28787827000.0,4255757000.0,36700000000.0,0.1634617225673612,990606041.60224,256598877000.0,0.0038605236826591,0.0093906752498063,0.0057229090832687,0.6408919158371016,0.1300203088561839,0.0798525721482955,0.1272479277946896,-0.1063722306154607,,,24.23843577719405,24.23843577719405,False,70.24380229383584,70.24380229383584,58.74246066467539,776.0,True,False,True,True,True,True,True,True,False,True,True,True,True,True,False,False,False,12,False,0.06193392594438962,0.05448068520693683,1.0,268482395.5123035,0.22676579925650558,1.0,3.0,,,,,,0.02735380172039239,-0.013568731542786365,0.14042283945291104,-1.8694452674813922,0.3951923076923077,-1.8694452674813922,0.3360237925547191,-776.0,0.25,0.17307692307692307,0.3076923076923077,0.2586538461538461,0.23846153846153845,亞泥
15.0,15.5,14.899999618530272,15.149999618530272,22287490.0,0.03767117963631028,14.860000038146973,0.08992806002193032,14.702500057220458,0.15648848682174976,13.401666688919068,0.07446802898249971,13.021499999364217,0.005299145933952736,56.140346180731804,15145450.0,1.4715634068317547,0.03043697055386474,1312.TW,2026-10-08,0.04833557089474749,0.1077537481938109,bull,0.19888475836431227,0.1524163568773234,2026-03-31,2026-05-15,7516970000.0,-129821000.0,-893985000.0,-1361698000.0,-33529000.0,-1295839000.0,-1.17,18480939000.0,17728005000.0,68874697000.0,36965041000.0,31909656000.0,7061166000.0,10545359000.0,14468621000.0,,0.0246229340132687,-871972466.3361479,51146692000.0,-0.0170484626129124,-0.0406096198592676,-0.0188144421165293,1.1584280632796542,-0.0172703895319523,-0.1189289035342698,-0.1723884756757044,0.3190665807523956,,,24.02948114666849,24.02948114666849,False,76.28954224214846,76.28954224214846,63.22452696827847,782.0,True,True,True,True,True,True,True,True,True,True,True,True,True,True,False,False,False,14,False,0.13045638055278475,0.1634604015873733,1.0,229453561.7224693,0.24349442379182157,0.0,3.0,,,,,,0.013645058821862033,-0.02922726998809454,0.13367538256830955,-1.8030681234291028,0.36009615384615384,-1.8030681234291028,0.2870287812445297,-782.0,0.2403846153846154,0.3173076923076923,0.22115384615384615,0.2375,0.25961538461538464,國喬
76.30000305175781,79.0999984741211,75.5,77.5999984741211,82244579.0,0.1462334117008548,73.93999938964843,0.09915014378599318,69.525,0.15820893244956857,65.26333338419596,0.5389579489854883,58.586735026041666,0.010831632618765312,76.33929164434329,29287771.3,2.8081542346651687,0.11614524953787964,1326.TW,2026-10-08,0.04833557089474749,0.1077537481938109,bull,0.18587360594795538,0.15055762081784388,2026-03-31,2026-05-15,81749811000.0,6327773000.0,3120431000.0,7294502000.0,759958000.0,6245039000.0,1.07,214839826000.0,114054227000.0,581165153000.0,170197763000.0,410967390000.0,16802058000.0,33492647000.0,26687136000.0,25800000000.0,0.1041823005874835,2795337319.595498,467110926000.0,0.0059843115714135,0.0151959477855408,0.0107457217070962,0.4141393384034679,0.0774041300230039,0.0381704980333226,0.0763920909859962,0.0359959953561419,,,29.94873186889634,29.94873186889634,False,75.33862209593855,75.33862209593855,63.991149539178,682.0,True,True,True,True,True,True,True,False,True,True,False,True,True,True,False,False,False,12,False,0.18902903744283095,0.32453188319212667,1.0,2272731008.1904078,0.06319702602230483,1.0,3.0,,,,,,-0.00910617659635351,-0.06945747327427022,0.17883827882147474,-2.0798717929811024,0.26105769230769227,-2.0798717929811024,0.26000580318161953,-682.0,0.33653846153846156,0.3942307692307692,0.16346153846153846,0.31057692307692314,0.3192307692307692,台化
11.800000190734863,12.5,11.699999809265137,12.0,907168.0,0.030042952182850247,11.860000228881836,0.04347826086956519,11.510000038146973,0.07142858967489163,11.400000015894571,0.07840421114518792,11.139881165822347,0.004582156430971625,74.19356029562694,286915.0,3.161800533258979,0.04257167334744105,1416.TW,2026-10-08,0.04833557089474749,0.1077537481938109,bull,0.31691449814126393,0.26765799256505574,2026-03-31,2026-05-15,106290000.0,37155000.0,-1172000.0,46263000.0,10052000.0,32464000.0,0.18,1356031000.0,642549000.0,6390787000.0,1821021000.0,4569766000.0,186939000.0,269000000.0,825653000.0,,0.217279467392949,-917348.4642154636,5748238000.0,-0.0001595877665843,0.0071040836664284,0.0050798125489082,0.3984932707714136,0.3495625176404177,-0.0110264371060306,0.3054285445479349,0.2931758178920345,,,41.68034930051946,41.68034930051946,False,62.34875468725577,62.34875468725577,57.18165334057169,485.0,True,False,True,True,True,True,True,False,False,False,True,True,False,True,False,False,False,9,False,0.05263157747972569,0.0772107728416831,1.0,3442980.0,0.7518587360594795,0.0,3.0,,,,,,0.07747683397492869,0.04375101808051849,0.2699155602793796,-1.413780271746984,0.8096153846153846,-1.413780271746984,0.7333385503231599,-485.0,0.4423076923076923,0.14423076923076922,0.7788461538461539,0.49278846153846156,0.4201923076923077,廣豐
14.0,14.449999809265137,13.899999618530272,14.350000381469728,10099297.0,0.07089558134208773,13.7,0.05514705727669611,13.449999904632568,0.10772654093641565,13.295833301544187,0.08712125672891302,13.102554194132487,-0.0033345669735550154,74.57629365163012,3142685.1,3.213588596579403,0.0669145340682995,1440.TW,2026-10-08,0.04833557089474749,0.1077537481938109,bull,0.2829925650557621,0.21654275092936803,2026-03-31,2026-05-15,3372657000.0,294268000.0,-129416000.0,-64775000.0,8778000.0,-78150000.0,-0.05,12562200000.0,9846736000.0,45799105000.0,17769583000.0,28029522000.0,4400648000.0,5866840000.0,3989879000.0,,0.0,-129416000.0,35952369000.0,-0.0035996515278311,-0.002788131741954,-0.0017063652226391,0.6339595445116759,0.0872510901642236,-0.0383721202600798,-0.0231716418242353,-0.1955247737019332,,,12.51873256872129,12.51873256872129,False,56.67286544745123,56.67286544745123,45.63433222776875,999.0,True,False,True,True,True,True,False,False,True,False,True,True,False,True,False,False,False,9,False,0.07928552171326553,0.09520633678400392,1.0,45097532.383839235,0.40613382899628253,0.0,3.0,,,,,,0.03196375929522406,-0.00797064511067178,0.1660269491080463,-1.7407150785678747,0.4985576923076923,-1.7407150785678747,0.501603554093067,-999.0,0.08653846153846154,0.019230769230769232,0.5288461538461539,0.1528846153846154,0.1548076923076923,南紡
10.350000381469728,10.800000190734863,10.100000381469728,10.25,8572873.0,0.04166665051364671,10.168000030517579,0.03535357524808558,9.883000087738036,0.1263735791563272,9.633666690190633,0.13636357869335214,9.330576471487682,0.005391660286968641,62.71777524498156,2024083.15,4.235435189507902,0.037134464130715195,1455.TW,2026-10-08,0.04833557089474749,0.1077537481938109,bull,0.3420074349442379,0.19237918215613384,2026-03-31,2026-05-15,1265739000.0,26904000.0,-45175000.0,-32149000.0,-5368000.0,-26781000.0,-0.05,3072494000.0,1880065000.0,9399593000.0,3651618000.0,5747975000.0,484215000.0,608371000.0,1509426000.0,,0.1669725341379203,-37632015.77031945,7519528000.0,-0.0050045715329897,-0.004659206068224,-0.0028491659160135,0.6352877317664047,0.0212555669059735,-0.0356906123616322,-0.0211583904738654,-0.319428201806952,,,12.511705122929076,12.511705122929076,False,71.1161969142385,71.1161969142385,56.46507396641114,1000.0,True,False,True,True,True,True,True,True,False,True,True,True,False,True,False,False,False,11,False,0.06397702241836334,0.09853876995937894,1.0,20746852.287499998,0.5074349442379182,0.0,3.0,,,,,,0.05124512950246551,0.017982015869580592,0.15238162497913105,-1.7490648651412184,0.5519230769230768,-1.7490648651412184,0.6194495397817474,-1000.0,0.07692307692307693,0.1346153846153846,0.6442307692307693,0.16201923076923078,0.2076923076923077,集盛
14.350000381469728,15.300000190734863,14.199999809265137,14.949999809265137,185248.0,0.01013510922953742,14.770000076293945,0.04181180570351706,14.397499990463256,0.08727271340110088,14.0625,0.034602076581302654,13.938333336512247,0.012304447187016579,63.99999898274766,226423.0,0.8181500995923559,0.03837470527298836,1456.TW,2026-10-08,0.04833557089474749,0.1077537481938109,bull,0.32342007434944237,0.23884758364312267,2026-03-31,2026-05-15,218947000.0,86879000.0,54719000.0,-39896000.0,755000.0,-40651000.0,-0.43,10236670000.0,10057949000.0,13346214000.0,11450186000.0,1896028000.0,29927000.0,6954694000.0,0.0,1176530000.0,0.0,54719000.0,3288265000.0,0.0166406904553008,-0.0214400842181655,-0.0030458825251865,6.039038453018627,0.3968037926986896,0.2499189301520459,-0.1856659374186447,0.3364116900239269,,,46.62897282377846,46.62897282377846,False,69.19076808146806,69.19076808146806,63.550319267045666,405.0,True,False,True,True,True,True,True,True,False,False,True,True,True,True,False,False,False,11,False,0.06311109754774313,0.0725815955414677,1.0,3385023.80681324,0.7555762081784386,0.0,3.0,,,,,,0.06991103430178373,0.03374280409515587,0.3053055758148831,0.6750017399417176,0.9139423076923077,0.6750017399417176,0.9008336023262011,-405.0,0.49038461538461536,0.33653846153846156,0.9519230769230769,0.5596153846153846,0.5365384615384615,怡華
18.25,18.399999618530277,17.799999237060547,18.399999618530277,439708.0,0.08235291873707506,18.95,0.1794871261917721,16.58750009536743,0.41327454760676985,15.199711736043295,0.6002398974986434,13.455820123354593,0.05501669292463066,68.38709987041102,661165.6,0.6650497243050758,0.10926899850743887,1459.TW,2026-10-08,0.04833557089474749,0.1077537481938109,bull,0.09479553903345725,0.04368029739776952,2026-03-31,2026-05-15,231160000.0,43640000.0,24305000.0,20991000.0,11327000.0,10929000.0,0.03,2303265000.0,1144782000.0,4781139000.0,1238615000.0,3542524000.0,1064701000.0,969808000.0,0.0,,0.4,14583000.0,3636357000.0,0.0040103323188564,0.0030850884849333,0.0022858569893073,0.3496419502027368,0.1887869873680567,0.1051436234642671,0.0472789409932514,-0.1821658664987316,,,27.476121095005883,27.476121095005883,False,81.96198752477082,81.96198752477082,68.34052091732958,722.0,True,True,True,True,True,True,True,True,True,True,True,True,False,True,False,False,False,13,False,0.2105492484372644,0.3674379896468978,1.0,12165446.787785342,0.587360594795539,0.0,3.0,,,,,,0.009793090148325316,-0.025435866482863882,0.26715767139908986,-1.671722441710808,0.5663461538461538,-1.671722441710808,0.6689844392415145,-722.0,0.2980769230769231,0.5769230769230769,0.7115384615384616,0.36009615384615384,0.46442307692307694,聯發
40.20000076293945,40.34999847412109,39.09999847412109,39.09999847412109,23709247.0,0.014267165964864326,38.98000030517578,0.02624672021126817,37.675,0.17593980373296492,36.44416659673055,0.22817246703200889,35.85144880612691,0.006276710426987413,68.7999648437928,19379765.9,1.2234021361424186,0.037823449877135706,1605.TW,2026-10-08,0.04833557089474749,0.1077537481938109,bull,0.3754646840148699,0.12732342007434944,2026-03-31,2026-05-15,41070352000.0,3192789000.0,547321000.0,4060027000.0,562012000.0,3584927000.0,0.81,90410765000.0,60341422000.0,306209880000.0,131730308000.0,174479572000.0,13913788000.0,12903118000.0,50244505000.0,5300000000.0,0.1384256804203519,471557718.1666526,245868458000.0,0.0019179268540686,0.0205463995521492,0.0117074178011499,0.7549898620796709,0.0777395090258783,0.0133264258363307,0.0872874671247034,-0.0841324099926965,,,22.373994815385178,22.373994815385178,False,66.89998499776243,66.89998499776243,55.76848745216812,816.0,True,False,True,True,True,True,True,True,False,True,True,True,True,True,False,False,False,12,False,0.07287399124195626,0.09061139162217091,1.0,757748817.1188238,0.12732342007434944,1.0,3.0,,,,,,0.020082693176095203,-0.028451517248724495,0.20408534711667237,-1.7315583065946647,0.48413461538461533,-1.7315583065946647,0.3654524889097233,-816.0,0.18269230769230768,0.09615384615384616,0.3557692307692308,0.20865384615384613,0.19134615384615383,華新
17.600000381469727,18.25,17.5,18.100000381469727,10690280.0,0.06470590479233684,17.529999923706054,0.14195583254562427,16.6699999332428,0.17532472920912534,15.726666609446207,0.3407407689977575,14.913333280881245,0.023484262977301478,76.08695516964929,5761434.85,1.855489175582711,0.08578287066308055,1710.TW,2026-10-08,0.04833557089474749,0.1077537481938109,bull,0.12825278810408922,0.12825278810408922,2026-03-31,2026-05-15,5345825000.0,88577000.0,-176669000.0,-219291000.0,-8101000.0,-127331000.0,-0.15,7085020000.0,12457768000.0,36888664000.0,23663579000.0,13225085000.0,2362413000.0,9628981000.0,8250000000.0,,0.0369417805564295,-170142532.57087615,24430896000.0,-0.0069642362920654,-0.0096279910488287,-0.0034517650191939,1.7892950404477552,0.0165693789078392,-0.0330480328106513,-0.0238187744641846,-0.1284074295508901,,,6.405846346837272,6.405846346837272,False,77.96559274634255,77.96559274634255,60.07565614646623,1061.0,True,True,True,True,True,True,True,False,True,True,True,True,True,True,False,False,False,13,False,0.15091143158067455,0.21367906426886862,1.0,104281972.98281297,0.3224907063197026,0.0,3.0,,,,,,0.04322578878956108,-0.004512753787410262,0.2777137614615284,-1.6775738973121643,0.6673076923076922,-1.6775738973121643,0.6695208667088247,-1061.0,0.019230769230769232,0.19230769230769232,0.7211538461538461,0.12451923076923076,0.21153846153846156,東聯
44.79999923706055,49.79999923706055,44.5,46.25,37830269.0,0.14056722244596132,45.5,0.1708860759493671,40.83749999999999,0.10513743575402423,39.33583348592122,-0.0354536128444316,44.212916723887126,0.0249090204995769,71.34146142899479,10154233.85,3.7255660603089225,0.13253749617386013,1711.TW,2026-10-08,0.04833557089474749,0.1077537481938109,bull,0.10408921933085502,0.22026022304832713,2026-03-31,2026-05-15,2045450000.0,440105000.0,37488000.0,63575000.0,13925000.0,50555000.0,0.09,6342018000.0,3210447000.0,12978202000.0,4469031000.0,8509171000.0,1238626000.0,1864688000.0,821250000.0,,0.2190326386158081,29276904.443570584,9767755000.0,0.0029973012676475,0.0059412368137859,0.0038953778034892,0.5252016912105774,0.2151629225842724,0.0183275073944608,0.0247158327018504,0.0538189829097346,,,27.274575197264,27.274575197264,False,76.37081784386618,76.37081784386618,64.09675718221564,726.0,True,True,True,True,True,True,True,True,True,False,False,True,False,True,False,False,False,11,False,0.17577272174882075,0.046074392441344925,1.0,469633315.5625,0.1737918215613383,1.0,3.0,,,,,,-0.033393811928217984,-0.1118029762977246,0.15267070457919762,-2.0939513462338217,0.14567307692307693,-2.0939513462338217,0.24712203175328687,-726.0,0.28846153846153844,0.40384615384615385,0.1346153846153846,0.26538461538461533,0.2923076923076923,永光
34.099998474121094,35.04999923706055,34.099998474121094,34.79999923706055,134679.0,0.03880594737494181,34.17999954223633,0.07739938263315915,33.685000038146974,0.18367345879578667,31.575833384195963,0.15824448964509008,31.671302461624144,0.01767371423244842,66.33661346988693,81362.85,1.6552886237392126,0.0331007628811304,1725.TW,2026-10-08,0.04833557089474749,0.1077537481938109,bull,0.23141263940520446,0.12546468401486988,2026-03-31,2026-05-15,2199773000.0,105909000.0,47412000.0,57337000.0,15741000.0,41596000.0,0.23,8253269000.0,2493582000.0,9302017000.0,2580906000.0,6721111000.0,696516000.0,1490591000.0,,,0.2745347681252943,34395757.57364354,6808435000.0,0.0050519330174472,0.0061888577647356,0.0044717183380765,0.3839999071582064,0.0481454222776622,0.0215531329823577,0.0189092238153664,0.0314086980169121,,,23.69650729024193,23.69650729024193,False,76.2890915709763,76.2890915709763,63.140945500792704,792.0,True,True,True,True,True,True,True,True,True,True,True,True,True,True,False,False,False,14,False,0.10210865422409765,0.0987864891008956,1.0,2831427.117925072,0.7815985130111525,1.0,3.0,,,,,,0.03536039684161995,0.012829711225339423,0.1857808698099154,-1.4562295061219188,0.5980769230769231,-1.4562295061219188,0.5973940132794198,-792.0,0.23076923076923078,0.3076923076923077,0.5961538461538461,0.28557692307692306,0.3269230769230769,元禎
105.5,113.0,105.5,107.0,10981109.0,-0.044642857142857095,111.9,0.1810154724292119,104.79999961853028,0.2186787731308375,90.32833321889241,0.9037779761157358,88.5070293744405,0.04999499629124752,57.87292906465206,15270701.85,0.7190965489251563,0.020992370128603666,1727.TW,2026-10-08,0.04833557089474749,0.1077537481938109,bull,0.09293680297397769,0.10130111524163568,2026-03-31,2026-05-15,519337000.0,93230000.0,43151000.0,41099000.0,5200000.0,,0.28,1123188000.0,1095199000.0,3624612000.0,1513893000.0,2110719000.0,149557000.0,500000000.0,406375000.0,,0.1265237597021825,37691373.24509112,2529413000.0,0.014901233307922,,,0.7172404284985353,0.1795173461548089,0.0830886303113392,,0.1494054192828735,,,48.38391394144922,48.38391394144922,False,77.95420894562571,77.95420894562571,70.56163519458158,390.0,True,True,True,True,True,True,True,True,True,True,True,True,False,True,False,False,False,13,False,0.18456741298112056,0.2089435241049904,1.0,1633965097.95,0.08178438661710037,2.0,3.0,,,,,,-0.03047559167034966,-0.10521686438786161,0.24638001303192733,-1.8753788506777165,0.28798076923076926,-1.8753788506777165,0.3195015619648459,-390.0,0.5096153846153846,0.6634615384615384,0.25961538461538464,0.4721153846153846,0.5057692307692307,中華化
32.099998474121094,32.650001525878906,32.0,32.400001525878906,216176.0,0.009345889907118599,32.15999908447266,0.041800679371816196,31.839999294281007,0.0839716722807482,31.2090482711792,0.007776049397657525,31.384213240941367,0.01063322510433851,70.37040699982622,162821.65,1.3276858452177582,0.017588010176196267,1734.TW,2026-10-08,0.04833557089474749,0.1077537481938109,bull,0.3243494423791822,0.2425650557620818,2026-03-31,2026-05-15,826628000.0,362449000.0,91276000.0,88530000.0,20284000.0,73805000.0,0.39,2756927000.0,1162480000.0,6421008000.0,2612435000.0,3808573000.0,1091742000.0,348000000.0,1304453000.0,,0.2291200722918784,70362836.2814865,5258528000.0,0.0133807096361351,0.0193786491685993,0.0114943012062903,0.685935388398752,0.438466879902447,0.1104196809205591,0.0892844181421389,0.0261188425334568,,,51.45188702299607,51.45188702299607,False,63.40177322607016,63.40177322607016,60.41430167530164,348.0,True,False,True,True,True,True,True,True,False,False,True,True,True,True,False,False,False,11,False,0.0381605117961743,0.032366217917880524,1.0,5275421.708446121,0.6933085501858736,1.0,3.0,,,,,,0.029354947617622404,0.006196546818772376,0.14485273167443644,-1.8539755507605336,0.4456730769230769,-1.8539755507605336,0.591421113431354,-348.0,0.5480769230769231,0.23076923076923078,0.5865384615384616,0.5538461538461539,0.4605769230769231,杏輝
13.550000190734863,14.0,13.449999809265137,13.600000381469728,1016407.0,-0.03202845574065427,13.830000114440917,0.0836653525718698,13.002500057220459,0.1724137874335654,12.582499980926514,0.1102041127730391,12.564583317438762,0.02341598092879564,68.18182409302315,1130582.1,0.8990121106640552,0.04595272613880663,2025.TW,2026-10-08,0.04833557089474749,0.1077537481938109,bull,0.21189591078066913,0.13197026022304834,2026-03-31,2026-05-15,378787000.0,84115000.0,71616000.0,81289000.0,,,0.47,1385153000.0,642110000.0,2300356000.0,643754000.0,1656602000.0,85331000.0,603413000.0,,,,57292800.0,1658246000.0,0.0345502416408663,,,0.3885990720764553,0.2220641151887472,0.1890666786346944,,0.965417224453369,,,82.3791102091105,82.3791102091105,False,71.19345546810077,71.19345546810077,73.9898691533532,72.0,True,False,True,True,True,True,True,True,True,True,True,True,True,True,True,False,False,13,False,0.0808663144912074,0.08240759266516062,1.0,15375916.991282849,0.5473977695167286,0.0,2.0,,,,,,0.17204638151850016,0.1628090859512373,0.4795396157739837,-1.0709745820835768,0.9480769230769232,-1.0709745820835768,0.952628983180821,-72.0,0.8846153846153846,0.8076923076923077,0.9807692307692307,0.8990384615384615,0.8807692307692307,千興
29.049999237060547,30.049999237060547,28.950000762939453,29.200000762939453,6331088.0,0.044722717920546495,28.560000228881837,0.1339806121529885,27.455000114440917,0.16800003051757817,26.206666692097983,0.5526292409959084,23.461597569783528,0.009467784757156966,65.98640462019736,3626060.05,1.745996456953326,0.06355857371061124,2103.TW,2026-10-08,0.04833557089474749,0.1077537481938109,bull,0.13289962825278812,0.13568773234200743,2026-03-31,2026-05-15,10330865000.0,1265731000.0,651038000.0,844918000.0,343164000.0,435719000.0,0.53,20606457000.0,11013075000.0,44846222000.0,22698723000.0,22147499000.0,6501177000.0,5243271000.0,6369581000.0,,0.4,390622800.0,33833147000.0,0.0115455650637524,0.0196735080561466,0.0097158462980449,1.0248887696078008,0.1225193630930227,0.0630187307645584,0.0421764295632553,-0.0044362000632366,,,30.459795491848286,30.459795491848286,False,81.160278933809,81.160278933809,68.48515807331881,672.0,True,True,True,True,True,True,True,True,True,True,True,True,True,True,False,False,False,14,False,0.11422032820923556,0.2445870608805636,1.0,105880956.22646427,0.31970260223048325,0.0,3.0,,,,,,0.03373739303460837,-0.017448622900076885,0.23004702147117032,-1.5921493496274681,0.5995192307692307,-1.5921493496274681,0.5996511244291022,-672.0,0.34615384615384615,0.5865384615384616,0.6153846153846154,0.38653846153846155,0.4721153846153846,台橡
11.350000381469728,11.649999618530272,11.300000190734863,11.600000381469728,6168903.0,0.05454548922452074,11.280000114440918,0.14851484587584962,10.875000047683717,0.11538469297646392,10.458333333333334,0.013100486873651729,10.454749957720436,0.02449364004349689,65.33334486219917,4875460.1,1.265296581957465,0.06666669706731909,2104.TW,2026-10-08,0.04833557089474749,0.1077537481938109,bull,0.12360594795539033,0.20631970260223048,2026-03-31,2026-05-15,3507985000.0,-592275000.0,-888351000.0,-938414000.0,49297000.0,-785313000.0,-0.81,21721369000.0,16492986000.0,48325492000.0,23513335000.0,24812157000.0,10455071000.0,10483283000.0,1165000000.0,0.0,0.0,-888351000.0,31832506000.0,-0.0279070394269304,-0.0316503317305303,-0.016250491562507,0.9476538053503368,-0.1688362407478937,-0.2532368296899787,-0.2238644121910441,-0.1607508680212894,,,10.85897457486594,10.85897457486594,False,79.08536431020558,79.08536431020558,62.02876687637067,1024.0,True,True,True,True,True,True,True,True,True,True,True,True,True,True,False,False,False,14,False,0.10916338308873885,0.10954354990609483,1.0,56555339.019840434,0.379182156133829,0.0,3.0,,,,,,-0.011269043069470833,-0.05729106713011123,0.1600538001094985,-1.6917935325625484,0.3144230769230769,-1.6917935325625484,0.3160240909618047,-1024.0,0.038461538461538464,0.2692307692307692,0.25,0.07019230769230769,0.15,國際中橡
60.09999847412109,61.09999847412109,57.70000076293945,59.29999923706055,410316.0,0.1360152944511428,56.71999969482422,0.3047304343593009,51.82499961853027,0.1582030928402678,46.800833257039386,1.5127117914634352,41.00666669209798,0.06155263703431638,77.72397586450936,377246.05,1.0876614877743584,0.1442354013227538,2243.TW,2026-10-08,0.04833557089474749,0.1077537481938109,bull,0.04553903345724907,0.15148698884758363,2026-03-31,2026-05-15,558167000.0,86268000.0,43442000.0,40717000.0,-5312000.0,46029000.0,0.66,2600752000.0,2072227000.0,3227888000.0,2339243000.0,888645000.0,446584000.0,352298000.0,130026000.0,,0.0,43442000.0,1155661000.0,0.0375906083185293,0.0517968367570852,0.014259788443713,2.6323706316920705,0.1545558945620217,0.0778297534608817,0.0824645670560961,1.7940481553786856,,,52.51230523945806,52.51230523945806,False,80.57716667321259,80.57716667321259,73.56095131477396,332.0,True,True,True,True,True,True,True,False,True,True,False,True,True,True,False,False,False,12,False,0.26707144104407887,0.44610630467283774,1.0,22370690.477184106,0.5,1.0,3.0,,,,,,0.07877394946148834,-0.00881075624045028,0.3564667332793443,-0.726126121335637,0.8605769230769231,-0.726126121335637,0.8600229898521825,-332.0,0.5865384615384616,0.7980769230769231,0.9134615384615384,0.635576923076923,0.7153846153846154,宏旭-KY
47.900001525878906,50.5,47.900001525878906,50.09999847412109,8045660.0,0.07741932202410928,48.22999954223633,0.19856457867352373,44.87250003814697,0.17192978886832955,43.14583346048991,1.6015028538773217,38.343767674763996,0.032026221639473794,68.09816180643561,5419390.95,1.4846059408207115,0.11649670581158,2302.TW,2026-10-08,0.04833557089474749,0.1077537481938109,bull,0.0845724907063197,0.13289962825278812,2026-03-31,2026-05-15,216325000.0,70774000.0,16066000.0,58305000.0,16844000.0,41461000.0,0.25,1204494000.0,819815000.0,2680414000.0,894283000.0,1786131000.0,540705000.0,,,,0.2888946059514621,11424619.26078381,1860599000.0,0.0061402909819815,0.0232127430742761,0.0154681329078269,0.5006816409322721,0.3271651450364035,0.0742678839708771,0.1916606957124696,0.1180973350699827,,,48.29599018643512,48.29599018643512,False,84.99992977869985,84.99992977869985,75.82394488063366,392.0,True,True,True,True,True,True,True,True,True,True,True,True,True,True,False,False,False,14,False,0.16117813600702235,0.30660082491305274,1.0,271511478.32566565,0.22490706319702602,1.0,3.0,,,,,,-0.058336785510603104,-0.15494048308400762,0.20970440871432158,-1.8328403814382206,0.18846153846153846,-1.8328403814382206,0.22690293478634568,-392.0,0.5,0.8557692307692307,0.10576923076923077,0.4408653846153846,0.5278846153846154,麗正
244.0,251.0,242.5,248.0,23566905.0,0.1046770601336302,244.1,0.07359307359307365,228.725,0.0997782705099779,219.59166666666667,-0.042169594192338455,233.95448951721193,0.003289834411667946,66.91176470588235,23080606.0,1.0210695940999124,0.08427150508252268,2313.TW,2026-10-08,0.04833557089474749,0.1077537481938109,bull,0.23977695167286245,0.2258364312267658,2026-03-31,2026-05-15,19548062000.0,3515178000.0,1938218000.0,1745133000.0,240964000.0,1504169000.0,1.26,52731928000.0,33662918000.0,93452900000.0,46599014000.0,46853886000.0,12821090000.0,2253247000.0,7799356000.0,,0.1380777281731535,1670593261.855687,59789982000.0,0.027941022993713,0.0321033990649142,0.0160954769728922,0.9945602804429072,0.1798223271442458,0.099151414600588,0.0769472186040744,0.1684523644079827,,,53.11448854162156,53.11448854162156,False,72.79035859254076,72.79035859254076,67.87139107981095,324.0,True,False,True,True,True,True,True,True,True,False,False,True,True,True,False,False,False,11,False,0.12936890440590498,0.06003522527724248,1.0,5723990288.0,0.03531598513011153,2.0,3.0,,,,,,-0.03698862456580664,-0.12900503421792875,0.19166280501795857,-1.5331817873984976,0.25096153846153846,-1.5331817873984976,0.16706747650375603,-324.0,0.6057692307692307,0.5576923076923077,0.057692307692307696,0.5235576923076922,0.48173076923076924,華通
2550.0,2575.0,2550.0,2550.0,22484073.0,0.015936254980079667,2559.0,0.03542767005180503,2474.725793457031,0.05371900826446274,2412.8341064453125,0.2595089015039149,2360.530268351237,0.014230918489677452,74.28571428571428,19331681.45,1.1630686682973457,0.030417190761896862,2330.TW,2026-10-08,0.04833557089474749,0.1077537481938109,bull,0.34107806691449816,0.3048327137546468,2026-03-31,2026-05-15,1134103440000.0,751295421000.0,658966142000.0,687799687000.0,114998383000.0,572479752000.0,22.08,4265512176000.0,1714253448000.0,8660949685000.0,2728560764000.0,5932388921000.0,3035637228000.0,,40991672000.0,860026070000.0,0.167197492487373,548788655423.5218,6946696237000.0,0.0789999500050863,0.096500711538565,0.0660989582922395,0.4599430010971123,0.6624575805889452,0.5810458894296273,0.5047861877572649,0.351323787607557,,,99.15374073493592,99.15374073493592,True,61.04051161466817,61.04051161466817,70.5688188947351,5.0,True,False,True,True,True,True,True,False,False,False,True,True,True,True,True,True,True,11,False,0.056848456007929205,0.08026574968729472,1.0,49295787697.5,0.0009293680297397769,3.0,0.0,,,,,,-0.00827116494689387,-0.13106687489586402,0.14298681604329336,-1.4040786467589486,0.2711538461538462,-1.4040786467589486,0.27979853189904735,-5.0,1.0,0.6730769230769231,0.20192307692307693,0.8802884615384615,0.7423076923076922,台積電
989.0,1005.0,987.0,996.0,1792862.0,0.032124352331606154,988.4,0.02892561983471076,962.1,0.4167852062588904,895.9,0.7689056305164943,782.8038319905598,-0.0016084678047008298,72.44094488188976,2241729.25,0.7997674116979113,0.03523542251325229,2357.TW,2026-10-08,0.04833557089474749,0.1077537481938109,bull,0.3596654275092937,0.04275092936802974,2026-03-31,2026-05-15,208369726000.0,30970538000.0,11895859000.0,13859608000.0,2702804000.0,9797017000.0,13.19,485857648000.0,327627459000.0,671441698000.0,354711686000.0,316730012000.0,57955263000.0,41417377000.0,275376000.0,,0.1950130191272365,9576011621.29809,343814239000.0,0.0278522833991703,0.0309317608967223,0.0145910166574134,1.1199181402487366,0.1486326185407567,0.0570901504184921,0.0470174683629425,0.4108280576281871,,,51.58078089609261,51.58078089609261,False,56.07754914995814,56.07754914995814,54.953357086491756,344.0,True,False,True,True,True,True,False,False,False,True,True,True,False,True,False,False,False,9,False,0.11173122000223246,0.27234941794716616,1.0,2232762333.0,0.06505576208178439,3.0,3.0,,,,,,0.08139657596899608,0.007353081239949067,0.29219791835468034,-0.5196206685573402,0.8586538461538462,-0.5196206685573402,0.8671729267109702,-344.0,0.5576923076923077,0.07692307692307693,0.9230769230769231,0.6125,0.4865384615384616,華碩
2365.0,2390.0,2315.0,2330.0,1763030.0,0.12019230769230771,2319.0,0.028697571743929284,2239.5,0.2802197802197801,2114.25,0.04199873938381793,2162.620893351237,0.024708304735758406,60.810810810810814,2422866.05,0.7276630088568041,0.04041080598347846,2360.TW,2026-10-08,0.04833557089474749,0.1077537481938109,bull,0.36152416356877326,0.07156133828996282,2026-03-31,2026-05-15,11859669000.0,7424059000.0,4797366000.0,5094071000.0,1145979000.0,3864185000.0,9.12,33181595000.0,20960269000.0,54619514000.0,26092855000.0,28526659000.0,5397006000.0,46393000.0,3050101000.0,,0.2249632955645887,3718134734.6104913,33659245000.0,0.1104639968784353,0.1354587300251319,0.0707473340022761,0.914683174079376,0.6259920913475747,0.4045109522027976,0.3258257039045524,0.7275427378471042,,,96.7477080736541,96.7477080736541,True,75.5225985907674,75.5225985907674,80.82887596148908,14.0,True,True,True,True,True,True,True,True,False,True,False,True,False,True,True,True,True,12,False,0.10204564266288285,0.07739641615567172,1.0,5645277896.5,0.0362453531598513,3.0,0.0,,,,,,-0.014747097625569477,-0.12429290711437116,0.14921952251978468,-0.7702126141531735,0.31346153846153846,-0.7702126141531735,0.3213664185066095,-14.0,0.9903846153846154,0.9807692307692307,0.27884615384615385,0.8836538461538461,0.8451923076923077,致茂
725.0,729.0,714.0,727.0,1852636.0,0.0055325034578146415,730.8,0.10654490106544912,703.85,0.4038475794961236,654.1769958496094,0.9863387978142077,560.0097318013509,0.017344800173448,64.03508771929825,2408970.25,0.7690572351402015,0.03289053065283798,2395.TW,2026-10-08,0.04833557089474749,0.1077537481938109,bull,0.17286245353159851,0.046468401486988845,2026-03-31,2026-05-15,20385264000.0,7979823000.0,3728486000.0,4068287000.0,750007000.0,3334165000.0,3.85,49300373000.0,29811036000.0,83769137000.0,34044129000.0,49725008000.0,10001958000.0,,43915000.0,,0.184354496130681,3041122842.1397014,53958101000.0,0.0563608204473263,0.0670520756879516,0.0398018305954375,0.6846480346468723,0.3914505595806853,0.182901040673302,0.1635576071028562,0.1748587968840969,,,87.43653384699755,87.43653384699755,False,78.02097422317134,78.02097422317134,80.3748641291279,49.0,True,True,True,True,True,True,True,True,True,True,True,True,False,True,True,False,False,13,False,0.11132003205923202,0.2981917254571651,1.0,1751321371.75,0.07806691449814127,3.0,2.0,,,,,,-0.009153571956026214,-0.11295590910956615,0.2948925290829002,-1.0072750035160976,0.5,-1.0072750035160976,0.5023772943883122,-49.0,0.9326923076923077,0.9615384615384616,0.5384615384615384,0.8735576923076922,0.8625,研華
1315.0,1315.0,1285.0,1305.0,1097495.0,0.0,1313.0,0.23696682464454977,1177.75,0.1366479042756561,1130.5833333333333,0.2731707317073171,1139.1793111165364,0.05841383958660975,76.47058823529412,1774601.95,0.6184457308862982,0.10804500106134585,2404.TW,2026-10-08,0.04833557089474749,0.1077537481938109,bull,0.06505576208178439,0.17843866171003717,2026-03-31,2026-05-15,20288456000.0,4731351000.0,3970281000.0,4415769000.0,1328758000.0,3081118000.0,16.31,80001823000.0,69797396000.0,85443204000.0,70802446000.0,14640758000.0,30246120000.0,,,,0.3009120268745942,2775575697.0283093,15645808000.0,0.1774005981045088,0.2104479836358199,0.0360604220787413,4.8359822626670015,0.2332040939931555,0.1956916287764825,0.1518655732106967,0.7615308303510635,,,76.52353900012174,76.52353900012174,False,77.59111068324103,77.59111068324103,77.3242177624612,107.0,True,True,True,True,True,True,True,False,True,True,True,True,False,True,True,False,False,12,False,0.15427139382324762,0.14556153475166167,1.0,2315855544.75,0.062267657992565055,3.0,3.0,,,,,,0.09453036329943895,0.011951908114298143,0.19741769848714677,-0.9228934268022112,0.7524038461538461,-0.9228934268022112,0.75502100749819,-107.0,0.8461538461538461,0.8942307692307693,0.8269230769230769,0.8432692307692308,0.8567307692307692,漢唐
145.0,146.5,145.0,146.5,9153351.0,0.0068728522336769515,145.8,0.05395683453237421,144.075,0.10150375939849621,139.575,0.06545454545454543,139.03262875874836,0.013720316622691213,65.0,11193027.6,0.8177725747768191,0.016831511365608343,2412.TW,2026-10-08,0.04833557089474749,0.1077537481938109,bull,0.2871747211895911,0.22304832713754646,2026-03-31,2026-05-15,59988435000.0,22749747000.0,13104526000.0,13180725000.0,2573003000.0,10109931000.0,1.3,134464879000.0,81802629000.0,547813634000.0,136380954000.0,411432680000.0,35230791000.0,540000000.0,1600000000.0,21687792000.0,0.195209519961914,10546397770.211578,466011005000.0,0.0226312204155169,0.0245725035745823,0.0184550554650854,0.3314781752387778,0.3792355476518099,0.2184508730724513,0.1685313344147084,0.0748995729299504,,,67.30730742728429,67.30730742728429,False,67.76673168856318,67.76673168856318,67.65187562324346,187.0,True,False,True,True,True,True,True,True,True,False,True,True,True,True,True,False,False,12,False,0.049614902382231874,0.05370948753482274,1.0,1639778543.3999999,0.08085501858736059,2.0,3.0,,,,,,-0.004773386673626339,-0.0854891415166262,0.15166176784249308,-1.709715221301864,0.29759615384615384,-1.709715221301864,0.2993361708732355,-187.0,0.75,0.5384615384615384,0.23076923076923078,0.6721153846153846,0.5826923076923076,中華電
15.600000381469728,15.75,15.0,15.5,1401956.0,0.03333333333333344,15.930000114440919,0.3419913198299107,13.9125,0.33047214656951485,12.048333342870077,0.11510794427193694,12.544583288828532,0.09353507237452921,73.9130481139993,2271166.5,0.6172845539946102,0.11410601976639723,2444.TW,2026-10-08,0.04833557089474749,0.1077537481938109,bull,0.03531598513011153,0.05947955390334572,2026-03-31,2026-05-15,203399000.0,1739000.0,-56175000.0,-52111000.0,0.0,-52111000.0,-0.51,910003000.0,460112000.0,1694230000.0,942700000.0,751530000.0,346911000.0,0.0,455666000.0,,-0.0,-56175000.0,1234118000.0,-0.0455183377926584,-0.0693398799781778,-0.030757925429251,1.2543744095378762,0.0085496978844537,-0.2761812988264446,-0.2562008662776119,-0.3073232030840275,,,9.23611423524933,9.23611423524933,False,81.96236657904612,81.96236657904612,63.78080349309692,1042.0,True,True,True,True,True,True,True,False,True,True,True,True,False,True,False,False,False,12,False,0.2864849899901334,0.23559305583338008,1.0,35203080.75,0.44423791821561337,0.0,3.0,,,,,,-0.01915167863951295,-0.09731423409497258,0.19090021208946048,-1.04257425660167,0.3475961538461539,-1.04257425660167,0.3764664381007571,-1042.0,0.028846153846153848,0.3557692307692308,0.38461538461538464,0.08221153846153846,0.1980769230769231,兆勁
295.5,310.0,284.0,304.5,52000825.0,0.028716216216216228,298.3,0.13407821229050287,287.55,0.04459691252144071,264.7226720174154,0.10727272727272719,285.77800267537435,0.02797390294038784,70.28301886792453,26047950.6,1.99634995468703,0.058946270213875884,2449.TW,2026-10-08,0.04833557089474749,0.1077537481938109,bull,0.13197026022304834,0.3243494423791822,2026-03-31,2026-05-15,10191943000.0,4050583000.0,2771958000.0,2808280000.0,521735000.0,2286437000.0,1.87,28146159000.0,18477256000.0,113177925000.0,58739756000.0,54438169000.0,14441729000.0,,30616797000.0,,0.1857845371544148,2256971065.958523,94700669000.0,0.0238326834413231,0.0420006227615774,0.0202021463107757,1.0790178486715818,0.397429911058176,0.2719754221545391,0.2243376949812219,0.393200318775639,,,76.50720520459335,76.50720520459335,False,69.54142902926007,69.54142902926007,71.28287307309338,108.0,True,False,True,True,True,True,True,True,True,False,True,True,True,True,True,False,False,12,False,0.15026037505381384,0.0655123807618343,1.0,7931600957.700001,0.027881040892193308,2.0,3.0,,,,,,-0.01992179834997958,-0.1285494978673395,0.18128034990219088,-1.1267741104064102,0.3009615384615385,-1.1267741104064102,0.3250937196352228,-108.0,0.8365384615384616,0.6826923076923077,0.28846153846153844,0.7543269230769231,0.6807692307692308,京元電子
555.0,571.0,546.0,558.0,6216280.0,0.0219780219780219,574.0,0.08349514563106797,548.8,0.7742448330683624,439.56666666666666,0.8093057930696268,403.0621869405111,0.024262784621127288,59.64125560538117,8096586.1,0.7677655647977362,0.01676384839650158,2455.TW,2026-10-08,0.04833557089474749,0.1077537481938109,bull,0.2128252788104089,0.017657992565055763,2026-03-31,2026-05-15,959310000.0,365431000.0,226651000.0,243595000.0,48510000.0,,1.06,2782788000.0,774487000.0,5394173000.0,1726948000.0,3667225000.0,1457261000.0,,0.0,948373000.0,0.1991420185143373,181515262.3617069,4619686000.0,0.0392916883012626,,,0.4709141108058545,0.3809310858846462,0.2362646068528421,,0.208712010009286,,,89.86861910837597,89.86861910837597,False,78.06106319391554,78.06106319391554,81.01295217253065,35.0,True,True,True,True,True,True,True,True,True,True,True,True,False,True,True,False,False,13,False,0.2694320163797679,0.3844017575440699,1.0,4517895043.8,0.040892193308550186,3.0,2.0,,,,,,0.025214855262842426,-0.05424188681189734,0.2904863867436807,-1.67400561296129,0.5716346153846154,-1.67400561296129,0.5835715056885794,-35.0,0.9519230769230769,0.9903846153846154,0.5673076923076923,0.8942307692307692,0.8865384615384615,全新
22.600000381469727,22.649999618530277,22.399999618530277,22.399999618530277,116804.0,-0.03030306283029216,22.55,0.037037001061669184,22.50500001907349,0.06161133713543565,21.738333320617677,-0.012159038003197065,21.684868987401327,0.010665772816039702,60.71428814712744,134416.8,0.8689687598573989,-0.004665647654042315,2477.TW,2026-10-08,0.04833557089474749,0.1077537481938109,bull,0.33643122676579923,0.28903345724907065,2026-03-31,2026-05-15,506123000.0,134705000.0,7862000.0,32092000.0,13938000.0,17501000.0,0.11,5644395000.0,2493981000.0,8543804000.0,4123384000.0,4420420000.0,2586925000.0,1388416000.0,683016000.0,,0.4,4717200.0,6049823000.0,0.0007797252911366,0.0039591260558951,0.0020483850050867,0.9328036702394796,0.2661507183036534,0.0155337734108112,0.0345785510636742,-0.0327116289114535,,,22.08324634514487,22.08324634514487,False,67.36376915149641,67.36376915149641,56.04363844990853,822.0,True,False,True,True,False,True,True,True,False,False,True,True,True,True,False,False,False,10,False,0.030437765773194903,0.032978323804696785,1.0,3010936.26872406,0.7741635687732342,0.0,3.0,,,,,,0.03177209110249861,-0.0062776878331126254,0.1934685120037548,-1.5577659328012254,0.55625,-1.5577659328012254,0.5984406120817317,-822.0,0.17307692307692307,0.10576923076923077,0.6057692307692307,0.23798076923076922,0.2394230769230769,美隆電
86.0,92.1999969482422,83.5,90.5999984741211,40775557.0,0.0709219870947797,86.2,0.3130434561466826,75.45,0.12546581955429925,73.32716121673585,1.1367923399442152,65.84649724960327,0.053550231644780975,77.11864443308417,16885345.55,2.4148488332239073,0.2007952084045208,2484.TW,2026-10-08,0.04833557089474749,0.1077537481938109,bull,0.04368029739776952,0.19423791821561337,2026-03-31,2026-05-15,558493000.0,124006000.0,38190000.0,65062000.0,13230000.0,51853000.0,0.33,2364630000.0,488834000.0,4989053000.0,883613000.0,4105440000.0,608103000.0,70000000.0,152941000.0,,0.2033445021671636,30424273.46223602,4500219000.0,0.0067606206414034,0.0126303148992556,0.0103933552119009,0.2152297926653416,0.2220368026098805,0.0683804452338704,0.0928444940223064,-0.0665818752496527,,,33.91916811523335,33.91916811523335,False,78.83364312267658,78.83364312267658,67.60502437081577,611.0,True,True,True,True,True,True,True,False,True,True,True,True,True,False,False,False,False,12,False,0.2355585157092237,0.37592738047530627,1.0,1529812281.0650074,0.08550185873605948,1.0,3.0,,,,,,-0.041155535315450145,-0.16939615736716335,0.18973868409774042,-1.8901496058456062,0.13942307692307693,-1.8901496058456062,0.12592359578042475,-611.0,0.375,0.5288461538461539,0.019230769230769232,0.32163461538461535,0.35,希華
15.0,15.25,14.949999809265137,15.149999618530272,139607.0,0.0,14.920000076293945,0.07446802898249971,14.815000104904176,0.0448275598986394,14.299166711171468,0.11397052894001747,13.764166704813642,0.014378636687281994,59.72221596741609,220502.2,0.6331320050321493,0.02261218435733947,2516.TW,2026-10-08,0.04833557089474749,0.1077537481938109,bull,0.2379182156133829,0.32342007434944237,2026-03-31,2026-05-15,1624343000.0,91613000.0,49137000.0,56516000.0,0.0,56516000.0,0.25,5501612000.0,4873771000.0,7116682000.0,5000833000.0,2115849000.0,1859804000.0,596780000.0,,,0.0,49137000.0,2242911000.0,0.0219076904968587,0.0267107907983981,0.0079413412036676,2.363511290266933,0.0564000337367169,0.0302503843092253,0.0347931440588594,-0.2679604746075582,,,20.556737993044667,20.556737993044667,False,70.24154033310307,70.24154033310307,57.82033974808847,846.0,True,False,True,True,True,True,True,True,True,False,True,True,False,True,False,False,False,11,False,0.05950227202359115,0.10068411284440293,1.0,3340608.245885086,0.7574349442379182,0.0,3.0,,,,,,0.1621591803949294,0.08778476895482784,0.45236893649751003,-0.28917025355190124,0.9711538461538461,-0.28917025355190124,0.9706172478541205,-846.0,0.15384615384615385,0.16346153846153846,1.0,0.28076923076923077,0.32596153846153847,新建
50.59999847412109,51.59999847412109,50.20000076293945,51.09999847412109,652932.0,0.04073319882187221,50.619999694824216,0.17877739960306038,47.127499961853026,0.22395205926038542,45.43951574961344,0.39237050168465126,41.21142450968424,0.04114657689134362,77.85466716966106,743136.0,0.8786171037333678,0.08429257897158915,2527.TW,2026-10-08,0.04833557089474749,0.1077537481938109,bull,0.09572490706319703,0.09944237918215613,2026-03-31,2026-05-15,4588717000.0,1261812000.0,1127130000.0,1064163000.0,166487000.0,902888000.0,3.45,13282023000.0,8513905000.0,33780839000.0,11901818000.0,21879021000.0,1538877000.0,2676000000.0,3358749000.0,,0.1564487771140323,950791889.8514608,25266934000.0,0.0376298877359421,0.0412672943638565,0.0267278145459915,0.5439831151494393,0.2749814381667032,0.2456307503818605,0.1967626244983074,24.973085718167,,,82.24426248497689,82.24426248497689,False,76.66657488951594,76.66657488951594,78.06099678838117,75.0,True,True,True,True,True,True,True,False,True,True,True,True,True,True,True,False,False,13,False,0.12457181004522044,0.23994739522078734,1.0,37974248.466064446,0.43215613382899626,1.0,2.0,,,,,,0.05941119023295418,0.03689854960147726,0.35214696089920783,-1.0023567312579749,0.88125,-1.0023567312579749,0.8572133846445237,-75.0,0.875,0.9134615384615384,0.9038461538461539,0.8793269230769231,0.8923076923076922,宏璟
20.049999237060547,20.149999618530277,19.950000762939453,20.049999237060547,391293.0,0.0,19.949999618530274,0.03373309952341175,20.021972370147704,0.049738158985194625,19.699701372782393,-0.11283190714014257,19.89610071182251,0.008704056584473156,54.71698520615936,651739.8,0.6003822384331906,0.0013998054934203363,2530.TW,2026-10-08,0.04833557089474749,0.1077537481938109,bull,0.34386617100371747,0.3131970260223048,2026-03-31,2026-05-15,186713000.0,36736000.0,-3896000.0,-30631000.0,2142000.0,-31083000.0,-0.04,30553317000.0,19001210000.0,30802703000.0,20530688000.0,10272015000.0,3146483000.0,7533980000.0,328411000.0,1187622000.0,0.0,-3896000.0,11801493000.0,-0.0003301277219755,-0.0030259885718624,-0.001009099753356,1.9987011311802017,0.1967511635504758,-0.0208662492702704,-0.1664747500174064,0.155588151559038,,,18.3750529664617,18.3750529664617,False,59.98961212840406,59.98961212840406,49.58597233791847,885.0,True,False,True,True,True,True,True,True,False,False,True,True,False,True,False,False,False,10,False,0.017781887027086274,0.007735109882439861,1.0,13067382.492761994,0.5724907063197026,0.0,3.0,,,,,,-0.0068822092150730456,-0.04331821954260308,0.12976910793439955,-1.7957311301196464,0.2980769230769231,-1.7957311301196464,0.2641280702893049,-885.0,0.14423076923076922,0.028846153846153848,0.17307692307692307,0.14855769230769228,0.11538461538461538,華建
108.5,108.5,107.5,107.5,117597.0,0.014150943396226356,106.6,0.023809523809523725,105.275,0.1460553998136087,100.85243072509766,0.24565464888254573,94.90954875946045,0.0011887779362815027,52.777777777777786,132055.3,0.8905132925372932,0.02113512229874126,2546.TW,2026-10-08,0.04833557089474749,0.1077537481938109,bull,0.3903345724907063,0.16449814126394052,2026-03-31,2026-05-15,4271987000.0,331333000.0,227648000.0,236497000.0,50162000.0,186338000.0,1.43,15279304000.0,9683343000.0,16184746000.0,9989889000.0,6194857000.0,7854449000.0,0.0,,,0.2121041704545935,179362909.8043527,6501403000.0,0.0275883389791945,0.0300794675325031,0.0115131865523252,1.6126101054471476,0.0775594588653944,0.0532885516739634,0.0436185784273219,0.0858039345262302,,,37.32527210445105,37.32527210445105,False,61.80296701610627,61.80296701610627,55.68354328819247,568.0,True,False,True,True,True,True,True,True,False,True,True,True,True,True,False,False,False,12,False,0.06591382306909588,0.13265737120349086,1.0,14195944.749999998,0.5566914498141264,2.0,3.0,,,,,,0.05841304309750625,0.016943972194999768,0.34559204954921485,0.24265710114714154,0.8903846153846153,0.24265710114714154,0.9150443011705136,-568.0,0.3942307692307692,0.08653846153846154,0.9711538461538461,0.4807692307692307,0.41730769230769227,根基
59.29999923706055,60.400001525878906,58.79999923706055,59.70000076293945,18010593.0,0.015306148597900915,59.28000030517578,0.04188484394126535,59.58000011444092,0.24375001589457201,55.979999987284344,0.1775147902281453,53.41162405014038,0.006333927729382763,47.572816253123975,26417419.2,0.6817695878483089,0.002014109571467637,2609.TW,2026-10-08,0.04833557089474749,0.1077537481938109,bull,0.3215613382899628,0.08736059479553904,2026-03-31,2026-05-15,38660500000.0,2823780000.0,748244000.0,1901061000.0,403937000.0,1435563000.0,0.41,211388001000.0,47890391000.0,460181224000.0,130409310000.0,329771914000.0,136009607000.0,1836000000.0,0.0,1398091000.0,0.2124797678769908,589257288.564649,412290833000.0,0.0014292272381536,0.0043531997088144,0.0031195601322491,0.3954530524391473,0.0730404417945965,0.019354224596164,0.0371325513120627,-0.1505117671934875,,,16.553971895296993,16.553971895296993,False,63.33698744570161,63.33698744570161,51.64123355810046,922.0,True,False,True,True,True,True,True,False,False,True,True,True,False,True,False,False,False,10,False,0.06645231826545372,0.11773423528361215,1.0,1577119946.3948913,0.08364312267657993,1.0,3.0,,,,,,-0.010933394296720567,-0.07532593403259356,0.1575018796211246,-1.8361673066036424,0.26778846153846153,-1.8361673066036424,0.23745056935817804,-922.0,0.125,0.04807692307692308,0.11538461538461539,0.12355769230769231,0.1,陽明
15.050000190734863,15.25,15.0,15.199999809265137,315971.0,0.05923340802785071,14.979999923706055,0.08571427209036697,14.364999961853027,0.06666665328176391,14.444999965031942,0.03401360588350877,14.056666636466979,0.010552233584420284,69.81133433499178,497354.05,0.6353039650526622,0.05812738250118299,2611.TW,2026-10-08,0.04833557089474749,0.1077537481938109,bull,0.20817843866171004,0.2788104089219331,2026-03-31,2026-05-15,353426000.0,93706000.0,35228000.0,64426000.0,5952000.0,53112000.0,0.28,2531460000.0,477345000.0,3873907000.0,1025452000.0,2848455000.0,534450000.0,60000000.0,9174000.0,,0.0923850619315183,31973459.038276475,3396562000.0,0.0094134772273482,0.0186458975128622,0.0137101897386798,0.3600028787535699,0.2651361246767357,0.0996757454177112,0.1502775687131111,1.1037011464149238,,,54.537917356638296,54.537917356638296,False,56.83796367554141,56.83796367554141,56.262952095815635,309.0,True,False,True,True,True,False,True,True,True,False,True,True,False,True,False,False,False,10,False,0.05226720983460553,0.08133743243451663,1.0,7559781.465137243,0.6524163568773235,0.0,3.0,,,,,,0.04225485124502174,0.004751326413367189,0.1934816047382617,-1.6135155435325677,0.5793269230769231,-1.6135155435325677,0.3734917439713412,-309.0,0.6442307692307693,0.11538461538461539,0.375,0.6038461538461539,0.43173076923076925,志信
40.54999923706055,40.84999847412109,40.34999847412109,40.79999923706055,229244.0,0.02900372426041531,40.07000045776367,0.04214553376430796,39.92500019073486,0.19823788990436153,36.973333549499515,0.38394607158895244,34.213665040334064,0.0049713683818110675,60.55043624031884,335088.2,0.6841303274779595,0.021916068682417578,2816.TW,2026-10-08,0.04833557089474749,0.1077537481938109,bull,0.32063197026022305,0.11338289962825279,2026-03-31,2026-05-15,,,460640000.0,461658000.0,63688000.0,,,,,25125030000.0,16643189000.0,8481841000.0,3180641000.0,,,,0.1379549363381551,397092438.1251922,25125030000.0,0.0158046552830063,,,1.962214217408697,,,,,,,38.97407433693017,38.97407433693017,False,73.87329216982049,73.87329216982049,65.14848771159791,535.0,True,False,True,True,True,True,True,True,False,True,True,True,False,True,False,False,False,11,False,0.10349798950202671,0.19250595307348495,1.0,13671598.304347992,0.5631970260223048,1.0,3.0,,,,,,0.05293888508517432,0.0027499503584527724,0.21489976811246064,-1.403667759649703,0.670673076923077,-1.403667759649703,0.6467298019978143,-535.0,0.41346153846153844,0.4230769230769231,0.6826923076923077,0.4538461538461538,0.4701923076923077,旺旺保
163.0,165.0,162.0,164.5,180952.0,0.047770700636942776,161.1,0.04444444444444451,159.125,0.13058419243986252,158.20833333333334,0.37846964627707247,146.06694011688234,0.003784891972874905,64.70588235294117,273925.1,0.6605893362820713,0.03377847604084838,2850.TW,2026-10-08,0.04833557089474749,0.1077537481938109,bull,0.3159851301115242,0.18494423791821563,2026-03-31,2026-05-15,,,1507350000.0,1508204000.0,248433000.0,,,,,58099283000.0,36260125000.0,21839158000.0,14722947000.0,,,,0.1647210854765005,1259057671.8069968,58099283000.0,0.0216707953488341,,,1.6603261444420157,,,,,,,51.89726928896828,51.89726928896828,False,69.5940660932794,69.5940660932794,65.16986689220161,341.0,True,False,True,True,True,True,True,True,False,True,True,True,False,True,False,False,False,11,False,0.039768238082696694,0.12619597472479116,1.0,45060678.949999996,0.4070631970260223,2.0,3.0,,,,,,-0.0020818764447933535,-0.07773015125386382,0.17415373196153,-2.2130161240819874,0.26971153846153845,-2.2130161240819874,0.2652337327688499,-341.0,0.5673076923076923,0.4326923076923077,0.18269230769230768,0.5096153846153846,0.44999999999999996,新產
48.0,48.29999923706055,47.20000076293945,47.95000076293945,1779779.0,0.04013020282108881,46.69000015258789,0.050383333191274415,46.87250022888183,0.27357234580670053,41.92916685740153,0.7248159584588716,37.69382832845052,0.0029421163588440264,59.876545244844415,2538821.4,0.7010256806563865,0.022987903969195367,2851.TW,2026-10-08,0.04833557089474749,0.1077537481938109,bull,0.2936802973977695,0.07342007434944238,2026-03-31,2026-05-15,,,2142185000.0,2164691000.0,325242000.0,,,,,59204658000.0,35668047000.0,23536611000.0,16387176000.0,,,,0.1502486960032633,1820324497.152249,59204658000.0,0.0307463054199595,,,1.5154283256837613,,,,,,,65.92494981784269,65.92494981784269,False,75.0214648221465,75.0214648221465,72.74733607107055,201.0,True,True,True,True,True,True,True,True,True,True,True,True,False,True,True,False,False,13,False,0.14359536229313585,0.27209155687557973,1.0,121736488.06696701,0.30018587360594795,1.0,3.0,,,,,,0.007458383614248016,-0.05233609929662898,0.21418427847822513,-1.602909296240629,0.4817307692307693,-1.602909296240629,0.5216376050083916,-201.0,0.7307692307692307,0.7884615384615384,0.5480769230769231,0.7033653846153846,0.7115384615384616,中再保
57.70000076293945,58.900001525878906,57.0,58.59999847412109,3541146.0,0.03900703703408093,58.119999694824216,0.12260531834561683,55.314999961853026,0.2561628415298758,49.29249992370605,0.8822301681604354,46.70474370320638,0.033152782989627885,74.30557873516176,5116234.05,0.6921391721709839,0.059387119488990336,2855.TW,2026-10-08,0.04833557089474749,0.1077537481938109,bull,0.14869888475836432,0.08178438661710037,2026-03-31,2026-05-15,,,2098581000.0,2515780000.0,218397000.0,2291390000.0,,256323628000.0,220745648000.0,267670154000.0,225790103000.0,41880051000.0,8784022000.0,11858164000.0,4700000000.0,,0.0868108499153344,1916401399.773828,46924506000.0,0.0408400974913583,0.0547131616434755,0.0085604986800284,5.391352149977085,,,,,,,49.23161191360978,49.23161191360978,False,73.44335041590409,73.44335041590409,67.39041579033051,380.0,True,False,True,True,True,True,True,False,True,True,True,True,False,True,False,False,False,11,False,0.18882179976306723,0.2546905052408641,1.0,299811307.52324635,0.21468401486988847,1.0,3.0,,,,,,0.0020639098660517707,-0.08362717085838671,0.24812961266576283,-1.5643374170971092,0.4625,-1.5643374170971092,0.4441751690551256,-380.0,0.5288461538461539,0.5096153846153846,0.4326923076923077,0.514423076923077,0.5038461538461538,統一證
154.5,155.5,152.5,153.0,14118033.0,0.01661129568106312,153.1,0.02684563758389258,151.725,0.22399999999999998,138.80833333333334,0.7976320111984838,123.22289142608642,0.008642180488615476,50.0,14794743.4,0.9542600786168417,0.008403361344537785,2881.TW,2026-10-08,0.04833557089474749,0.1077537481938109,bull,0.37174721189591076,0.09851301115241635,2026-03-31,2026-05-15,66193246000.0,,,38624861000.0,5062760000.0,33551455000.0,,,,13120104726000.0,12085399702000.0,1034705024000.0,358727505000.0,,,,0.131075164257549,,13120104726000.0,,0.0324261062058977,0.0025572551211051,11.68004351160858,,,0.5068712750542556,-0.3925800152621125,,,12.264204123597382,12.264204123597382,False,62.085038476357084,62.085038476357084,49.62982988816716,1004.0,True,False,True,True,True,True,True,True,False,True,True,True,True,True,False,False,False,12,False,0.10223929879330007,0.24165240913677932,1.0,2263595740.2000003,0.06412639405204461,2.0,3.0,,,,,,-0.03552791538334564,-0.17448834733799282,0.2669929093187396,-0.8832858860411176,0.3966346153846154,-0.8832858860411176,0.44574746953319677,-1004.0,0.0673076923076923,0.038461538461538464,0.4423076923076923,0.12355769230769231,0.13365384615384615,富邦金
58.29999923706055,59.09999847412109,58.20000076293945,58.900001525878906,1387637.0,0.010291634591256482,57.880000305175784,0.026132403486500255,58.11999988555908,0.19566785851821522,56.02202631632487,0.30309735689589656,51.655555470784506,0.0031932344633507034,62.36561389173971,1505209.9,0.9218893657289924,0.013420537540531408,2915.TW,2026-10-08,0.04833557089474749,0.1077537481938109,bull,0.37732342007434944,0.11431226765799256,2026-03-31,2026-05-15,418613000.0,187104000.0,-8207000.0,2736586000.0,18591000.0,2708283000.0,2.59,4840429000.0,1001903000.0,130249863000.0,12898049000.0,117351814000.0,3969846000.0,450000000.0,9445000000.0,,0.0067935010995452,-8151245.736476032,129247960000.0,-6.306672644176382e-05,0.0230783224194557,0.0207929815634431,0.1099092426470714,0.4469617522628298,-0.019605220095888,,-0.3549697834454577,,,42.46996725529738,42.46996725529738,False,70.42352006609764,70.42352006609764,63.43513186339757,471.0,True,False,True,True,True,True,True,True,False,True,True,True,True,True,False,False,False,12,False,0.05137220837575085,0.1402452454352512,1.0,88656865.40676802,0.33736059479553904,1.0,3.0,,,,,,0.08981986371423384,0.024453853397739308,0.21929409359936586,-1.476394862053117,0.7504807692307692,-1.476394862053117,0.7408178658659743,-471.0,0.46153846153846156,0.3269230769230769,0.8076923076923077,0.5134615384615384,0.4903846153846154,潤泰全
24.299999237060547,24.299999237060547,23.5,23.600000381469727,50001.0,0.07517082283277854,23.539999771118165,0.18000001907348628,21.005000019073485,0.25198938482088473,19.91083335876465,-0.06534651954575343,21.052916765213013,0.0459355129727343,74.70588684082034,58451.2,0.8554315394722436,0.12354203094691085,2939.TW,2026-10-08,0.04833557089474749,0.1077537481938109,bull,0.09386617100371747,0.08364312267657993,2026-03-31,2026-05-15,76237000.0,11797000.0,-22673000.0,-13600000.0,82000.0,-13682000.0,-0.3,619898000.0,46551000.0,806879000.0,256162000.0,550717000.0,452533000.0,2886000.0,111643000.0,,0.0,-22673000.0,760328000.0,-0.029820025041824,-0.0248439761256689,-0.0169566936306435,0.4651427139529014,0.1547411361937117,-0.2974015241942888,-0.1794666631688025,-0.1718590453844315,,,15.646275401957762,15.646275401957762,False,80.09293680297398,80.09293680297398,63.98127145271992,943.0,True,True,True,True,True,True,True,False,True,True,True,True,True,True,False,False,False,13,False,0.18528441056341438,0.12098483286959127,1.0,1379448.3422973633,0.8661710037174721,0.0,3.0,,,,,,-0.02682089370930557,-0.09347604359133878,0.24888277609850773,-1.892925615265082,0.29951923076923076,-1.892925615265082,0.3623865426417888,-943.0,0.11538461538461539,0.38461538461538464,0.34615384615384615,0.15,0.2423076923076923,永邑-KY
147.5,147.5,145.0,145.0,2393511.0,0.021126760563380254,145.6,0.11538461538461542,138.625,0.07011070110701101,132.95833333333334,0.1693548387096775,137.84045117696127,0.027042044823115435,68.65671641791045,2119389.1,1.1293400536975489,0.04598737601442737,3014.TW,2026-10-08,0.04833557089474749,0.1077537481938109,bull,0.16171003717472118,0.27137546468401486,2026-03-31,2026-05-15,1734052000.0,992099000.0,498325000.0,506561000.0,47858000.0,458703000.0,2.85,7276847000.0,3534436000.0,9867430000.0,3664549000.0,6202881000.0,2464625000.0,,,,0.0944762822246481,451245106.6604022,6332994000.0,0.0712530450305814,0.0739499919472903,0.04648657249152,0.5907817673755147,0.572127594789545,0.2873760417796006,0.264526669327102,0.0068170034331778,,,86.91029224348934,86.91029224348934,False,69.76696469643936,69.76696469643936,74.05279658320185,51.0,True,False,True,True,True,True,True,True,True,False,True,True,True,True,True,False,False,12,False,0.09056722030711373,0.05194084002124466,1.0,307311419.5,0.2137546468401487,2.0,2.0,,,,,,0.040103158502319686,-0.032409117325088055,0.21663134650067364,-1.3666895569199384,0.5908653846153846,-1.3666895569199384,0.776116643214509,-51.0,0.9230769230769231,0.8173076923076923,0.8365384615384616,0.9100961538461538,0.8740384615384615,聯陽
3445.0,3515.0,3410.0,3440.0,3155899.0,-0.019943019943019946,3539.0,0.04718417047184165,3414.75,0.6226415094339623,3007.5138549804688,0.43333333333333335,2775.590260823568,0.012002667259390976,60.311284046692606,2792595.65,1.130095221626518,0.0073943919759864585,3017.TW,2026-10-08,0.04833557089474749,0.1077537481938109,bull,0.30390334572490707,0.026022304832713755,2026-03-31,2026-05-15,49037946000.0,14597401000.0,12019030000.0,11979060000.0,3304089000.0,7915619000.0,20.17,135871669000.0,112699102000.0,175993383000.0,124678400000.0,51314983000.0,67880246000.0,16445795000.0,7190026000.0,,0.2758220594938167,8703916392.282032,63294281000.0,0.1375150527783392,0.1542555124689411,0.0449767989288551,2.4296685433959904,0.2976756204266794,0.2450965217833552,0.161418241294201,1.1016606943545204,,,82.5145908535667,82.5145908535667,False,76.16742823753547,76.16742823753547,77.75421889154327,70.0,True,True,True,True,True,True,True,True,False,True,True,True,True,True,True,False,False,13,False,0.14380187951697398,0.23937601617729043,1.0,9606529036.0,0.02137546468401487,3.0,2.0,,,,,,0.08927949402041574,-0.026605949176101013,0.3073651028769949,-0.0938199017974496,0.8370192307692308,-0.0938199017974496,0.851771479019755,-70.0,0.8942307692307693,0.9038461538461539,0.8942307692307693,0.8942307692307692,0.8971153846153846,奇鋐
27.549999237060547,27.549999237060547,26.600000381469727,27.100000381469727,677051.0,-0.037300151022715,27.640000534057616,0.07968127368940259,26.325000190734862,0.11065577070292099,22.920833396911622,0.6524390860869032,23.50625006357829,0.04185218448617165,50.0,1177671.35,0.5749065730434896,0.02943970313844968,3021.TW,2026-10-08,0.04833557089474749,0.1077537481938109,bull,0.22397769516728624,0.2128252788104089,2026-03-31,2026-05-15,703860000.0,136696000.0,32332000.0,26874000.0,11025000.0,17948000.0,0.19,2414408000.0,1378089000.0,3153257000.0,1512711000.0,1640546000.0,992086000.0,656000000.0,,,0.4,19399200.0,1775168000.0,0.0109280924397014,0.0109402601329069,0.0056918925415847,0.9220777716687004,0.1942090756684568,0.0459352712187082,0.0254993890830562,-0.0048902970229839,,,28.86162892169371,28.86162892169371,False,65.413345769592,65.413345769592,56.275416557617426,699.0,True,False,True,True,True,True,True,True,True,True,True,True,False,True,False,False,False,12,False,0.18233049872964968,0.15288488415511958,1.0,31914894.03424597,0.4563197026022305,0.0,3.0,,,,,,0.043664802721418594,-0.013655508451520795,0.20177925050771242,-1.4453787830964435,0.6,-1.4453787830964435,0.581924669576992,-699.0,0.3173076923076923,0.125,0.5576923076923077,0.3533653846153846,0.3076923076923077,鴻名
832.0,888.0,812.0,877.0,15736436.0,0.02934272300469476,832.8,0.17402945113788482,792.15,0.07607361963190185,691.7916666666666,2.780195784628228,636.7632498423259,0.04079621600315327,65.57863501483679,10843345.7,1.4512528176612502,0.10711355172631443,3026.TW,2026-10-08,0.04833557089474749,0.1077537481938109,bull,0.10037174721189591,0.2555762081784387,2026-03-31,2026-05-15,3618451000.0,877039000.0,483360000.0,568645000.0,113236000.0,474578000.0,2.86,11840787000.0,5803981000.0,16266013000.0,6345747000.0,9920266000.0,4380883000.0,2093681000.0,400780000.0,,0.199133026756588,387107060.1869356,10462032000.0,0.0370011351701978,0.047839241407438,0.029176049471988,0.639675085325333,0.2423796812503471,0.1335820216993404,0.1311550163315739,0.0636271337498735,,,68.80894924877691,68.80894924877691,False,83.19863959817789,83.19863959817789,79.60121701082764,175.0,True,True,True,True,True,True,True,True,True,False,True,True,True,True,True,False,False,13,False,0.267722700716738,0.37727797610361646,1.0,9509614178.9,0.022304832713754646,3.0,3.0,,,,,,-0.12536449211158518,-0.21470895207203594,0.2623327678244385,-1.1898423593978267,0.31826923076923075,-1.1898423593978267,0.3658544377344543,-175.0,0.7596153846153846,0.9423076923076923,0.36538461538461536,0.7004807692307692,0.735576923076923,禾伸堂
207.5,215.0,203.5,211.0,12671292.0,-0.034324942791762014,215.7,0.2267441860465116,196.6,0.14054054054054044,181.54166666666666,0.4207457856706638,183.39147237141927,0.05429682263037941,63.63636363636363,20052922.9,0.6318925207656386,0.07324516785350976,3042.TW,2026-10-08,0.04833557089474749,0.1077537481938109,bull,0.07063197026022305,0.17100371747211895,2026-03-31,2026-05-15,3339207000.0,1079697000.0,503644000.0,553314000.0,102509000.0,450359000.0,1.32,13992302000.0,6050925000.0,22717388000.0,7476497000.0,15240891000.0,3786387000.0,763633000.0,975643000.0,,0.1852637019847681,410337048.0775834,16666463000.0,0.0246205237474552,0.029549387893398,0.0198244181945565,0.490555112558708,0.3233393437423915,0.1508274269908993,0.134870045492837,0.0545652359281587,,,61.80661362727634,61.80661362727634,False,81.78041901388988,81.78041901388988,76.7869676672365,244.0,True,True,True,True,True,True,True,True,True,True,True,True,False,True,True,False,False,13,False,0.16226761533165024,0.15054422799259548,1.0,4231166731.8999996,0.04368029739776952,2.0,3.0,,,,,,0.005682298381676535,-0.07756650874502966,0.2733959154196567,-1.5752959984316757,0.5129807692307693,-1.5752959984316757,0.4791676161890173,-244.0,0.6923076923076923,0.8846153846153846,0.49038461538461536,0.6620192307692307,0.7096153846153846,晶技
122.0,124.0,122.0,124.0,5980439.0,0.016393442622950838,122.8,0.05084745762711873,122.4,0.13761467889908263,116.175,0.10222222222222221,114.9188767115275,0.011152416356877394,47.82608695652174,7234476.8,0.8266581212894345,0.013071895424836555,3045.TW,2026-10-08,0.04833557089474749,0.1077537481938109,bull,0.29275092936802977,0.17657992565055763,2026-03-31,2026-05-15,49778303000.0,10732395000.0,5932746000.0,5668910000.0,1142669000.0,4146321000.0,1.37,41814599000.0,76460035000.0,236418708000.0,136571793000.0,99846915000.0,10062152000.0,11400000000.0,12970613000.0,28970690000.0,0.2015676735033719,4736896191.293565,159958673000.0,0.0296132501130061,0.0415267812731119,0.0175380410250782,1.367811844762555,0.2156038746439387,0.1191833719200913,0.0832957483504409,0.0334448521595114,,,52.335130939946126,52.335130939946126,False,62.892298596431544,62.892298596431544,60.253006682310186,334.0,True,False,True,True,True,True,True,False,True,True,True,True,True,True,False,False,False,12,False,0.06735528297826554,0.07902203317970269,1.0,897075123.1999999,0.11895910780669144,2.0,3.0,,,,,,0.028899758370796693,-0.046305024689379665,0.2221112429317908,-1.0161514516560939,0.5971153846153846,-1.0161514516560939,0.6279659361802368,-334.0,0.5769230769230769,0.22115384615384615,0.6634615384615384,0.5899038461538461,0.48749999999999993,台灣大
47.5,49.95000076293945,45.59999847412109,46.900001525878906,3843038.0,0.03875968861256718,48.41000061035156,0.4865294028529583,40.01750020980835,0.3100559364629125,35.11416686375936,0.4396195566326129,35.00395399729411,0.11515953910877767,71.4634220774581,2721173.5,1.4122723156020738,0.17198728756134662,3311.TW,2026-10-08,0.04833557089474749,0.1077537481938109,bull,0.016728624535315983,0.06412639405204461,2026-03-31,2026-05-15,527357000.0,58301000.0,-4421000.0,51922000.0,2067000.0,49855000.0,0.5,1652997000.0,1378722000.0,5168704000.0,1449390000.0,3719314000.0,669406000.0,700000000.0,,,0.0398097145718577,-4245001.251877816,3789982000.0,-0.0011200584202979,0.0134043535985399,0.0096455513799977,0.3896928304520672,0.1105531926190417,-0.008383315287367,0.0945374765102198,-0.131939780613387,,,21.228645877035103,21.228645877035103,False,86.3305840426567,86.3305840426567,70.05509950125129,837.0,True,True,True,True,True,True,True,True,True,True,True,False,True,False,False,False,False,12,False,0.33564329485155686,0.33984867908078,1.0,127623041.30218124,0.29275092936802977,1.0,3.0,,,,,,0.002636005267135874,-0.07149271880067296,0.25589268102175783,-1.7880691753473674,0.445673076923077,-1.7880691753473674,0.4840739283675083,-837.0,0.16346153846153846,0.6346153846153846,0.5096153846153846,0.2153846153846154,0.37403846153846154,閎暉
1070.0,1105.0,1060.0,1060.0,3072775.0,0.11578947368421044,1041.2,0.04950495049504955,983.0,0.8057921635434413,768.0916666666667,1.1612280904249181,684.009865061442,0.0057809382513940525,57.14285714285714,5972160.8,0.5145164544129488,0.07833163784333674,3406.TW,2026-10-08,0.04833557089474749,0.1077537481938109,bull,0.29739776951672864,0.01486988847583643,2026-03-31,2026-05-15,6140741000.0,2060873000.0,1200606000.0,1239328000.0,347909000.0,890873000.0,7.9,22697154000.0,9791281000.0,44791309000.0,18698861000.0,26092448000.0,12605348000.0,216960000.0,2871110000.0,,0.2807239084407033,863567191.1826409,35000028000.0,0.0246733285808411,0.0341429443492615,0.019889416493722,0.7166388144186394,0.3356065660479737,0.1955148409613758,0.1450758141403456,0.1539913322030344,,,69.07874706062229,69.07874706062229,False,77.94824190383267,77.94824190383267,75.73086819303008,173.0,True,True,True,True,True,True,True,True,True,True,False,True,False,True,True,False,False,12,False,0.3800436145859327,0.5496852518417759,1.0,6330490448.0,0.032527881040892194,3.0,3.0,,,,,,0.06434747102275076,-0.05475749986119929,0.3464823401684622,-0.11833272621595428,0.7879807692307692,-0.11833272621595428,0.8240743403864315,-173.0,0.7692307692307693,0.8461538461538461,0.8653846153846154,0.7836538461538461,0.8115384615384615,玉晶光
8550.0,8600.0,8325.0,8360.0,1217308.0,0.05822784810126591,8339.0,0.40268456375838935,7449.25,1.0796019900497513,5764.0,1.580057361297437,5194.584855143229,0.08994805764869412,75.34722222222223,1480159.65,0.8224166899834082,0.12226063026479173,3443.TW,2026-10-08,0.04833557089474749,0.1077537481938109,bull,0.02509293680297398,0.007434944237918215,2026-03-31,2026-05-15,11447812000.0,3113307000.0,1824178000.0,1924721000.0,278481000.0,1646240000.0,12.28,31638843000.0,19973296000.0,35132291000.0,20548418000.0,14583873000.0,7671980000.0,,,,0.144686424681811,1560244207.1967833,15158995000.0,0.1029253065389086,0.1128808513348957,0.0468583161855285,1.4089822367487703,0.2719565101173918,0.1593473058432476,0.1438038989459295,0.6298963899650951,,,83.63888359987813,83.63888359987813,True,84.06133828996282,84.06133828996282,83.95572461744165,63.0,True,True,True,True,True,True,True,False,True,True,True,False,True,True,True,True,False,12,False,0.45038167938931295,0.6093682619743233,1.0,12374134674.0,0.016728624535315983,3.0,2.0,,,,,,0.10374422895188998,0.004289396053081415,0.3051049396145805,-0.006006612536605576,0.8971153846153845,-0.006006612536605576,0.8353649314372322,-63.0,0.9038461538461539,1.0,0.8846153846153846,0.9009615384615384,0.9288461538461539,創意
733.0,742.0,728.0,730.0,456445.0,-0.03183023872679047,750.8,0.050359712230215736,713.85,0.09281437125748493,684.9333333333333,-0.2233932120538875,735.875584411621,0.020077164904258458,65.17241379310344,889969.45,0.5128771555023602,0.02262380051831614,3563.TW,2026-10-08,0.04833557089474749,0.1077537481938109,bull,0.29460966542750927,0.23141263940520446,2026-03-31,2026-05-15,863415000.0,523085000.0,333985000.0,377192000.0,80842000.0,294766000.0,4.61,6503526000.0,2118626000.0,7560554000.0,2219675000.0,5340879000.0,1289182000.0,,,,0.2143258605696833,262403377.4576343,5441928000.0,0.0482188256547374,0.055190540733089,0.0389873546303617,0.4156010649183402,0.6058326528957686,0.3868186214045389,0.3413955050584018,0.0901911021042065,,,87.4649186456445,87.4649186456445,False,67.6256954362338,67.6256954362338,72.58550123858647,48.0,True,False,True,True,True,True,True,True,True,False,True,True,False,True,True,False,False,11,False,0.06579715787424578,-0.007984480713976838,0.0,649677698.5,0.13847583643122677,3.0,2.0,,,,,,0.005139153026802444,-0.07922830312033574,0.2176148566764884,-1.0840254998608738,0.49086538461538465,-1.0840254998608738,0.46636637710474754,-48.0,0.9423076923076923,0.7692307692307693,0.46153846153846156,0.8701923076923076,0.7942307692307692,牧德
26.399999618530277,29.25,26.399999618530277,29.100000381469727,2623374.0,0.08178441613894893,27.809999465942383,0.16069588585715477,26.459213638305663,0.20496897892873323,23.28196954727173,0.17575759117049405,24.071401405334473,0.026138779243576594,62.55317879673405,1733560.55,1.5132866284941706,0.09980594205343007,3591.TW,2026-10-08,0.04833557089474749,0.1077537481938109,bull,0.11431226765799256,0.10780669144981413,2026-03-31,2026-05-15,581640000.0,129432000.0,21965000.0,26378000.0,7095000.0,16630000.0,0.12,2403392000.0,678296000.0,4222147000.0,1178716000.0,3043431000.0,1017515000.0,85000000.0,148925000.0,286171000.0,0.2689741451209341,16056982.902418682,3543851000.0,0.0045309418771891,0.0054642277087931,0.0039387543825451,0.3872984141910889,0.2225293996286362,0.037763908947115,0.0285915686679045,0.0154630985905657,,,28.82807983570504,28.82807983570504,False,89.74426087399208,89.74426087399208,74.51521561442033,701.0,True,True,True,True,True,True,True,True,True,True,True,True,True,True,False,False,False,14,False,0.2498942721484565,0.20890345732097115,1.0,50446612.66630087,0.38847583643122674,0.0,3.0,,,,,,0.006945915898281654,-0.06090183471791841,0.2027113229449246,-1.8326646726119071,0.3918269230769231,-1.8326646726119071,0.4155287059323861,-701.0,0.3076923076923077,0.8365384615384616,0.40384615384615385,0.32211538461538464,0.4855769230769231,艾笛森
35.45000076293945,35.45000076293945,34.70000076293945,35.25,55539.0,0.021739130434782705,35.02000045776367,0.1015625,34.11000022888184,0.14245600118590418,33.285000038146975,0.2589285714285714,33.35230272610982,0.01965473651580225,59.60263562233256,96837.55,0.5735275210907339,0.03342127714654475,3652.TW,2026-10-08,0.04833557089474749,0.1077537481938109,bull,0.17936802973977695,0.16728624535315986,2026-03-31,2026-05-15,620782000.0,216758000.0,32315000.0,36403000.0,6166000.0,30132000.0,0.4,2208650000.0,758801000.0,2721709000.0,839191000.0,1882518000.0,544591000.0,,,,0.1693816443699695,26841432.16218444,1962908000.0,0.0136743200201866,0.0160062214544562,0.0110709851787975,0.4457811293172229,0.3491692735936287,0.0520553108820809,0.0485387785083974,0.1012201049453453,,,46.42890186010385,46.42890186010385,False,76.66928231655928,76.66928231655928,69.10918720244541,409.0,True,True,True,True,True,True,True,True,True,True,True,True,False,True,False,False,False,13,False,0.059035600408622324,0.056898538295065526,1.0,3413523.6375,0.7546468401486989,1.0,3.0,,,,,,0.053225031132322534,0.022836463415798244,0.2570998219111804,-1.3570411640222757,0.7644230769230769,-1.3570411640222757,0.729087172431998,-409.0,0.4807692307692308,0.6153846153846154,0.7692307692307693,0.5240384615384616,0.5788461538461539,精聯
2335.0,2400.0,2300.0,2360.0,3625818.0,-0.07632093933463802,2405.0,0.21963824289405687,2238.75,0.3410500051850651,2166.9166666666665,-0.0021141649048626032,2207.0176534016928,0.03717859624739402,67.6328502415459,3579918.55,1.0128213671230035,0.05415968732551657,3665.TW,2026-10-08,0.04833557089474749,0.1077537481938109,bull,0.0724907063197026,0.05762081784386617,2026-03-31,2026-05-15,20863649000.0,6001841000.0,3108361000.0,3043227000.0,769751000.0,2273834000.0,11.66,52902105000.0,23706185000.0,85600663000.0,38964135000.0,46636528000.0,12968524000.0,2321009000.0,3082678000.0,8542272000.0,0.2529390676410271,2322135066.768269,61894478000.0,0.0375176452214084,0.0487565026281544,0.026563275567153,0.8354853302973154,0.2876697647664605,0.1489845328590411,0.1089854416166606,0.2942080053793907,,,78.1830301662937,78.1830301662937,False,78.63507676574602,78.63507676574602,78.52206511588294,96.0,True,True,True,True,True,True,True,True,True,True,True,True,True,True,True,False,False,14,False,0.08910510325731646,0.06931632212479788,1.0,8448607778.0,0.023234200743494422,3.0,2.0,,,,,,-0.0079549276091438,-0.053845301923945446,0.2670267672049077,-0.41394683922371855,0.5740384615384616,-0.41394683922371855,0.6140191911329186,-96.0,0.8557692307692307,0.9230769230769231,0.6346153846153846,0.8225961538461538,0.8317307692307692,貿聯-KY
75.5999984741211,76.30000305175781,74.4000015258789,74.4000015258789,6372863.0,0.015006799840709073,76.9800018310547,0.16431924490248395,68.4900001525879,0.05609038851492576,64.92833340962729,0.0319001816981086,70.00394668579102,0.044214062991150084,67.68709027656317,10054277.6,0.6338459363803522,0.08628998919731634,3673.TW,2026-10-08,0.04833557089474749,0.1077537481938109,bull,0.10966542750929369,0.30018587360594795,2026-03-31,2026-05-15,17886696000.0,1677006000.0,-57646000.0,376118000.0,-202875000.0,540783000.0,1.33,73844000000.0,34079481000.0,104848761000.0,49320829000.0,55527932000.0,36188520000.0,13891875000.0,9588694000.0,,0.0,-57646000.0,70769280000.0,-0.0008145624768261,0.0097389364329289,0.0051577433518742,0.8882165645931133,0.0937571701336009,-0.0032228422733857,0.0302338117671368,0.3052602143620031,,,29.65433567030115,29.65433567030115,False,73.96612246038978,73.96612246038978,62.888175762867625,686.0,True,False,True,True,True,True,True,True,True,False,True,True,False,True,False,False,False,11,False,0.14587881158901284,0.06279724284431198,1.0,748038268.7816101,0.129182156133829,1.0,3.0,,,,,,-0.015036268758830506,-0.11150472262862275,0.16089206628053604,-1.8494875891993465,0.20673076923076922,-1.8494875891993465,0.15959729804814077,-686.0,0.3269230769230769,0.28846153846153844,0.038461538461538464,0.28365384615384615,0.25769230769230766,TPK-KY
57.79999923706055,60.0,57.79999923706055,59.09999847412109,941582.0,0.042328001391321646,57.29999923706055,0.05347593728338329,56.554999923706056,0.08043871389052581,55.34999993642171,0.12605282786063654,54.349123096466066,0.005332855900006065,71.83095640288319,217465.2,4.329805412544168,0.04500041647685071,3705.TW,2026-10-08,0.04833557089474749,0.1077537481938109,bull,0.28810408921933084,0.24814126394052044,2026-03-31,2026-05-15,1840865000.0,814150000.0,297411000.0,335863000.0,82504000.0,237394000.0,0.89,7096418000.0,2695071000.0,12716314000.0,4269427000.0,8446887000.0,1125149000.0,360709000.0,848392000.0,,0.24564777900513,224352648.39830524,10021243000.0,0.0223877066346265,0.0281043181943833,0.0186684600584729,0.5054438398430097,0.4422649135053358,0.1615604620653877,0.1289578540523069,-0.1553673664341042,,,60.307644264833584,60.307644264833584,False,63.90338043131129,63.90338043131129,63.004446389691864,260.0,True,False,True,True,True,True,True,True,True,False,True,True,False,True,True,False,False,11,False,0.06775065116543533,0.08741402081543304,1.0,12852192.988174438,0.5743494423791822,1.0,3.0,,,,,,0.08613584644916364,0.036636245806102904,0.3060786777061628,-1.1536165991477614,0.8745192307692309,-1.1536165991477614,0.833177095367659,-260.0,0.6730769230769231,0.2980769230769231,0.875,0.7033653846153847,0.6009615384615385,永信
132.5,138.0,132.0,134.5,469864.0,0.034615384615384714,130.6,0.08032128514056236,130.15,0.059055118110236116,128.72661730448405,0.0717131474103585,126.72997531890869,0.008914728682170586,62.85714285714286,176466.15,2.6626296318019067,0.03342297349212453,4736.TW,2026-10-08,0.04833557089474749,0.1077537481938109,bull,0.22211895910780668,0.29646840148698883,2026-03-31,2026-05-15,1074466000.0,531890000.0,272939000.0,362978000.0,69184000.0,284846000.0,2.99,7743817000.0,2835366000.0,13071771000.0,3115964000.0,9955807000.0,2352593000.0,940000000.0,169444000.0,,0.1906010832612444,220916530.9357592,10236405000.0,0.0215814566672341,0.0286110407724858,0.0217909264169331,0.3129795505276468,0.4950272972806957,0.2540229285989505,0.2651047124804321,0.0999991809891194,,,73.12470502530472,73.12470502530472,False,71.6464769171094,71.6464769171094,72.01603394415822,136.0,True,False,True,True,True,True,True,True,True,False,True,True,True,True,True,False,False,12,False,0.04484995268585257,0.061311656232382994,1.0,23734697.175,0.49256505576208176,2.0,3.0,,,,,,0.053516599834870504,0.0005310903978754947,0.20965729755596557,-1.352042273283293,0.6706730769230769,-1.352042273283293,0.6647759162807706,-136.0,0.7980769230769231,0.7307692307692307,0.7019230769230769,0.7836538461538461,0.7586538461538461,泰博
360.0,360.0,353.5,354.5,108768.0,0.035036496350364876,353.4,0.024566473988439252,343.45,0.05349182763744431,337.6,0.07201560147000241,343.1135063171387,0.006152043357257846,66.07142857142857,121633.2,0.8942295360148381,0.03217353326539518,4766.TW,2026-10-08,0.04833557089474749,0.1077537481938109,bull,0.38661710037174724,0.30576208178438663,2026-03-31,2026-05-15,5836439000.0,2049134000.0,1029134000.0,1137822000.0,294397000.0,790102000.0,6.55,18912976000.0,9859710000.0,29430901000.0,14718429000.0,14712472000.0,8106662000.0,2724136000.0,2823780000.0,,0.2587373068898299,762858640.4112418,19571191000.0,0.0389786518567644,0.0537028719578871,0.026846001078934,1.0004048945683637,0.3510931922701497,0.1763290938190221,0.1353739840337575,0.0507633934800317,,,74.91460354923571,74.91460354923571,False,62.803642081433544,62.803642081433544,65.83138244838409,121.0,True,False,True,True,True,True,True,True,False,False,True,True,True,True,True,False,False,11,False,0.05005924170616116,0.0331857926698369,1.0,43118969.4,0.41263940520446096,2.0,3.0,,,,,,0.0621035816071911,0.005421920666815322,0.24835535174589218,-0.07007446703035473,0.7980769230769231,-0.07007446703035473,0.7343039767518829,-121.0,0.8173076923076923,0.46153846153846156,0.7980769230769231,0.8144230769230769,0.7067307692307693,南寶
41.5,42.5,41.5,41.79999923706055,5871484.0,0.032098746594087624,42.2,0.15789476465007635,38.75249977111816,0.11170215248360149,36.3583332379659,0.11937717641540035,38.75054853757222,0.03852338225424903,71.77700579993545,8506124.45,0.6902654710160043,0.07864007441949994,4906.TW,2026-10-08,0.04833557089474749,0.1077537481938109,bull,0.11617100371747212,0.2100371747211896,2026-03-31,2026-05-15,3112326000.0,322217000.0,-204767000.0,-143593000.0,-12449000.0,-135433000.0,-0.32,12864049000.0,8398145000.0,20148277000.0,8788876000.0,11359401000.0,5670981000.0,2420953000.0,,,0.0866964267060372,-187014432.79268488,11750132000.0,-0.0159159431394204,-0.0119225476765896,-0.0067218154683896,0.7737094587998082,0.1035293217998371,-0.0657922724033407,-0.043515043089959,-0.3962171691099656,,,11.923368983819008,11.923368983819008,False,72.81728005540442,72.81728005540442,57.593802287508076,1013.0,True,False,True,True,True,True,True,True,True,True,True,True,False,True,False,False,False,12,False,0.14966764189873194,0.07869438793960826,1.0,355555995.52034205,0.2016728624535316,1.0,3.0,,,,,,0.021152406916898434,-0.02088768584699716,0.3015348160085028,-1.6692471525517796,0.6298076923076923,-1.6692471525517796,0.7156788355699739,-1013.0,0.057692307692307696,0.15384615384615385,0.7403846153846154,0.16009615384615386,0.2230769230769231,正文
97.9000015258789,101.0,93.9000015258789,94.4000015258789,2493439.0,0.0021231909141843364,97.68000030517578,0.09895226832375803,90.8849998474121,0.06186726552978672,83.45333340962728,0.7657761552944935,82.32858759562174,0.02921691779553965,65.29410959528114,2454825.9,1.0157294657841112,0.038675267473930575,5285.TW,2026-10-08,0.04833557089474749,0.1077537481938109,bull,0.18680297397769516,0.28810408921933084,2026-03-31,2026-05-15,1357374000.0,253577000.0,134024000.0,129371000.0,27307000.0,102064000.0,1.0,3890434000.0,1502170000.0,5486212000.0,2514807000.0,2971405000.0,1258334000.0,380000000.0,805975000.0,,0.2110751250280202,105734867.44324462,3984042000.0,0.0265395965813725,0.0343487340163996,0.0186037287658588,0.8463359925691718,0.1868143930854724,0.0987377097248068,0.0751922462048042,0.0164466220511887,,,49.817373099182696,49.817373099182696,False,70.77609350423532,70.77609350423532,65.53641340297216,373.0,True,False,True,True,True,True,True,True,True,False,True,True,True,True,False,False,False,12,False,0.13117113084650978,0.14662481505876257,1.0,231735568.70576707,0.241635687732342,1.0,3.0,,,,,,0.033768818554482334,-0.015100335055290544,0.2784251439960143,-1.0161549401595555,0.7110576923076923,-1.0161549401595555,0.7476305928499671,-373.0,0.5384615384615384,0.4423076923076923,0.8173076923076923,0.5802884615384615,0.5653846153846154,界霖
601.0,602.0,593.0,596.0,526566.0,0.051146384479717755,604.6,0.12030075187969924,555.6,0.11043482117372272,537.7263651529948,0.4292565947242206,498.55763549804686,0.032521836089946105,71.53284671532847,648968.1,0.8113896507393815,0.07271418286537079,5434.TW,2026-10-08,0.04833557089474749,0.1077537481938109,bull,0.15055762081784388,0.21468401486988847,2026-03-31,2026-05-15,18536692000.0,2517460000.0,1430469000.0,1720554000.0,385901000.0,1322921000.0,6.86,26594173000.0,20377745000.0,43809103000.0,24343457000.0,19465646000.0,6619207000.0,553886000.0,2499050000.0,0.0,0.2242888046524549,1109630817.8976076,23431358000.0,0.0473566584530699,0.0679618338893042,0.0301973998417634,1.25058562145844,0.1358095608428947,0.07716959422965,0.0713676960268854,0.1762262681445767,,,65.82773904429318,65.82773904429318,False,71.17568624249836,71.17568624249836,69.83869944294706,203.0,True,False,True,True,True,True,True,True,True,True,True,True,True,True,True,False,False,13,False,0.10837042522626739,0.19544854509070064,1.0,386784987.59999996,0.1895910780669145,3.0,3.0,,,,,,0.05317274204965077,-0.012669872323794535,0.24039949234136576,0.15389515723314467,0.7524038461538461,0.15389515723314467,0.8148464539587804,-203.0,0.7211538461538461,0.625,0.8557692307692307,0.7413461538461538,0.7192307692307693,崇越
80.5,80.9000015258789,79.4000015258789,80.19999694824219,1675918.0,0.07506700520997667,79.1,0.12798872952765672,74.5099998474121,0.07219242882580978,72.61333293914795,-0.15042377487402814,78.6601777712504,0.024474086571966498,73.5042796349888,1468821.8,1.1409947755405045,0.07636554975818743,5469.TW,2026-10-08,0.04833557089474749,0.1077537481938109,bull,0.14033457249070633,0.26394052044609667,2026-03-31,2026-05-15,15693986000.0,2542064000.0,1237723000.0,1624919000.0,569573000.0,597007000.0,1.23,63820013000.0,47317048000.0,119009199000.0,63086030000.0,55923169000.0,26514956000.0,25766774000.0,13068820000.0,,0.3505239338083929,803871465.0748744,71692151000.0,0.011212823912549,0.0106754858616828,0.005016477759841,1.1280839610502045,0.1619769509161025,0.078866070098444,0.0380404952572278,0.4849169244347489,,,39.69132940639198,39.69132940639198,False,71.73020209014621,71.73020209014621,63.72048391920765,513.0,True,False,True,True,True,True,True,False,True,False,True,True,True,True,False,False,False,11,False,0.10448031652054968,0.019575587299963892,1.0,117799503.8775116,0.3048327137546468,1.0,3.0,,,,,,0.011189280654100044,-0.03957762945385555,0.22908670597650282,-1.7491842756493667,0.4894230769230769,-1.7491842756493667,0.4727244369412088,-513.0,0.4326923076923077,0.34615384615384615,0.47115384615384615,0.43846153846153846,0.4144230769230769,瀚宇博
11.100000381469728,11.100000381469728,10.949999809265137,11.050000190734863,1111188.0,0.0375587405194473,10.910000038146972,0.04739336407207895,10.647499990463256,0.08867001044625789,10.485333347320557,-0.0884791083072729,10.573229598999024,0.008285980303049126,77.27273515433038,1553071.05,0.7154778913688462,0.0378023198527464,5521.TW,2026-10-08,0.04833557089474749,0.1077537481938109,bull,0.3020446096654275,0.23698884758364314,2026-03-31,2026-05-15,2612835000.0,137924000.0,51483000.0,62397000.0,-996000.0,63393000.0,0.13,12921452000.0,8050714000.0,13909364000.0,8217996000.0,5691368000.0,1805939000.0,1207000000.0,45836000.0,,0.0,51483000.0,5858650000.0,0.0087875193090558,0.0111384468549564,0.0045575771832558,1.44394036723684,0.0527871067250706,0.0197038848606972,0.0242621520302659,0.2132778029044353,,,26.7192956803025,26.7192956803025,False,63.164133841508296,63.164133841508296,54.05292430120685,743.0,True,False,True,True,True,True,True,False,False,False,True,True,False,True,False,False,False,9,False,0.05385301780210949,0.04509223858914169,1.0,17161435.398724794,0.5325278810408922,0.0,3.0,,,,,,-0.012609277011869464,-0.052871409858232896,0.163167660152153,-1.6303124958727722,0.34375,-1.6303124958727722,0.4767531954651775,-743.0,0.2692307692307692,0.057692307692307696,0.4807692307692308,0.30096153846153845,0.24807692307692308,工信
25.75,25.799999237060547,24.950000762939453,25.600000381469727,1473320.0,0.024000015258789142,25.660000228881835,0.15056181489751586,24.164999866485598,0.46704866832094094,21.59250001907349,0.4301676495550497,20.39708336194356,0.028079133927550508,74.07407930685532,1942339.95,0.7585283925195484,0.05938342739137892,6108.TW,2026-10-08,0.04833557089474749,0.1077537481938109,bull,0.12174721189591078,0.0362453531598513,2026-03-31,2026-05-15,1005533000.0,-58176000.0,-188023000.0,-163927000.0,2837000.0,-166764000.0,-1.08,5952056000.0,4035658000.0,7430512000.0,4257488000.0,3173024000.0,3009763000.0,2815370000.0,,,0.0,-188023000.0,3394854000.0,-0.055384708738579,-0.0525568038565103,-0.0224431371620152,1.3417761731395663,-0.0578558833971634,-0.186988393220312,-0.1658463720235934,0.0519018870845751,,,14.198738437467275,14.198738437467275,False,75.39006876340798,75.39006876340798,60.09223618192281,978.0,True,True,True,True,True,True,True,False,True,True,True,True,False,True,False,False,False,12,False,0.18559686737785142,0.255081421554302,1.0,49723903.460943885,0.395910780669145,0.0,3.0,,,,,,-0.05445536299558295,-0.13947874343822264,0.1971872456722865,-1.9512739681503368,0.14759615384615385,-1.9512739681503368,0.17654858816763352,-978.0,0.10576923076923077,0.20192307692307693,0.0673076923076923,0.1,0.12692307692307692,競國
53.59999847412109,53.59999847412109,51.0,51.29999923706055,1627684.0,-0.017241408289746296,51.62000045776367,0.03846149094117535,51.08500003814697,0.4171270208806197,44.91750030517578,0.6442307045708997,40.23750004768372,-0.002148648070769458,55.51179837025428,2133976.2,0.7627470259508985,0.004208656136889921,6141.TW,2026-10-08,0.04833557089474749,0.1077537481938109,bull,0.33271375464684017,0.041821561338289966,2026-03-31,2026-05-15,492434000.0,34293000.0,-63612000.0,-77804000.0,15064000.0,-65599000.0,-0.58,1350221000.0,3615846000.0,5252579000.0,4716598000.0,535981000.0,92109000.0,1308939000.0,1003547000.0,,0.0,-63612000.0,1636733000.0,-0.0388652272545369,-0.1223905325002192,-0.0124889125894156,8.799935072325326,0.0696397892915598,-0.129178732581422,-0.1332137910867243,0.0266912966607733,,,4.52468916645619,4.52468916645619,False,58.225767861049796,58.225767861049796,44.800498187401395,1067.0,True,False,True,True,True,True,False,True,False,True,True,True,False,True,False,False,False,10,False,0.14209381395939613,0.27493008204453906,1.0,109472977.43190537,0.3159851301115242,1.0,3.0,,,,,,-0.009527337137632898,-0.11153434651771824,0.19450113602766408,-0.3706254735147838,0.3961538461538462,-0.3706254735147838,0.35530970821293406,-1067.0,0.009615384615384616,0.009615384615384616,0.33653846153846156,0.058653846153846154,0.07500000000000001,柏承
70.80000305175781,74.69999694824219,69.4000015258789,70.9000015258789,5639167.0,0.018678205176127838,70.68000030517578,0.25709219162603625,61.48999996185303,0.06456461186599993,58.41750011444092,0.40118584316045136,62.89039656321208,0.06292134765519497,73.46278201290085,3485232.1,1.6180176350378501,0.15303303902851884,6155.TW,2026-10-08,0.04833557089474749,0.1077537481938109,bull,0.055762081784386616,0.2815985130111524,2026-03-31,2026-05-15,163900000.0,43890000.0,11817000.0,20282000.0,4431000.0,15851000.0,0.18,1035882000.0,521854000.0,2140403000.0,534371000.0,1606032000.0,299437000.0,361000000.0,,,0.2184695789369884,9235344.985701608,1618549000.0,0.0057059409296237,0.0098696663578309,0.0074056147370378,0.3327274923538261,0.2677852348993289,0.0720988407565588,0.0967114093959731,0.0516184915466297,,,37.83746431876232,37.83746431876232,False,81.13702776254084,81.13702776254084,70.3121369015962,561.0,True,True,True,True,True,True,True,False,True,False,True,True,True,False,False,False,False,11,False,0.21367743205348644,0.12735815641766957,1.0,247102961.20804214,0.23141263940520446,1.0,3.0,,,,,,-0.007513323787509143,-0.06914407095289751,0.19688302149140943,-1.8511560542597938,0.3211538461538461,-1.8511560542597938,0.3405556133056133,-561.0,0.40384615384615385,0.6538461538461539,0.3173076923076923,0.3908653846153846,0.46153846153846156,鈞寶
40.900001525878906,42.400001525878906,39.900001525878906,40.34999847412109,11023912.0,-0.1414893941676365,43.73999938964843,0.4133099668087923,39.12249994277954,0.5027932179087884,29.989999993642172,0.4010416507996888,28.920416657129923,0.10828611735919388,63.993171039855376,15604862.2,0.706440842521506,0.031375769266710485,6168.TW,2026-10-08,0.04833557089474749,0.1077537481938109,bull,0.023234200743494422,0.032527881040892194,2026-03-31,2026-05-15,502953000.0,119301000.0,-11310000.0,9301000.0,2206000.0,4900000.0,0.02,2152808000.0,496712000.0,3778323000.0,554367000.0,3223956000.0,336677000.0,16668000.0,,,0.2371787979787119,-8627507.794860767,3281611000.0,-0.0026290464637218,0.0015198718592933,0.001296871654435,0.1719524087797724,0.2372010903603318,-0.0224871906520092,0.0097424610251852,0.0779543101840838,,,27.13023348806351,27.13023348806351,False,82.7786787907261,82.7786787907261,68.86656746506046,733.0,True,True,True,True,True,True,True,True,True,True,True,False,False,True,False,False,False,12,False,0.3454484322332516,0.39520806192027536,1.0,629656165.9588698,0.14405204460966542,1.0,3.0,,,,,,-0.02018980859239845,-0.11082282955532759,0.21049648912905217,-1.8447642657112822,0.2596153846153846,-1.8447642657112822,0.24917561579151318,-733.0,0.27884615384615385,0.6057692307692307,0.14423076923076922,0.2586538461538461,0.35,宏齊
91.5,92.5,89.0,90.0999984741211,13900173.0,0.08948007012031933,88.02000122070312,0.16258062547253016,81.53499984741211,0.14777068119899472,75.19617029825847,0.4508856793558287,76.36475175221761,0.02295966772079404,71.48935147894954,10114572.85,1.3742718754554228,0.105046895722547,6209.TW,2026-10-08,0.04833557089474749,0.1077537481938109,bull,0.11245353159851301,0.16171003717472118,2026-03-31,2026-05-15,1158467000.0,358262000.0,185538000.0,185592000.0,41530000.0,144062000.0,0.81,2748435000.0,1264771000.0,5147431000.0,1713919000.0,3433512000.0,434911000.0,30000000.0,74426000.0,242436000.0,0.2237704211388421,144020083.6027415,3882660000.0,0.0370931484092713,0.0419576223994557,0.0279871648595192,0.4991737323183958,0.3092552485310328,0.1601582090814844,0.1243557218289342,0.4794367125302983,,,81.24950417592753,81.24950417592753,False,79.45648339501736,79.45648339501736,79.9047385902449,82.0,True,True,True,True,True,True,True,True,True,True,True,True,True,True,True,False,False,14,False,0.1981992981390941,0.17986369898078802,1.0,911322998.3513867,0.11802973977695168,1.0,2.0,,,,,,-0.00440001852399991,-0.06889261486317735,0.3394459689209157,-1.3018374542077564,0.5740384615384615,-1.3018374542077564,0.6066176602725515,-82.0,0.8653846153846154,0.9519230769230769,0.625,0.8293269230769231,0.8432692307692308,今國光
190.5,193.0,190.0,192.0,1176971.0,0.015873015873015817,189.4,0.037837837837837895,189.75,0.3665480427046264,170.475,0.5915343893928673,149.39521299997966,0.006764822920811809,53.125,1553041.45,0.7578490580531512,0.011857707509881354,6214.TW,2026-10-08,0.04833557089474749,0.1077537481938109,bull,0.3336431226765799,0.05297397769516728,2026-03-31,2026-05-15,11968686000.0,2441124000.0,591731000.0,895921000.0,121622000.0,718327000.0,2.64,28637858000.0,16986250000.0,37839475000.0,17932964000.0,19906511000.0,4485498000.0,2337560000.0,448042000.0,0.0,0.1357508083860072,511403038.4029395,20853225000.0,0.0245239303946003,0.0360850276575337,0.0189835350516887,0.9008592213874144,0.203959231614899,0.0494399301644307,0.0600171982120677,0.2168964026850304,,,53.24611007538207,53.24611007538207,False,65.90449916981353,65.90449916981353,62.739901896205666,322.0,True,False,True,True,True,True,True,True,False,True,True,True,False,True,False,False,False,11,False,0.12626484821821382,0.2851817413990778,1.0,298183958.4,0.21561338289962825,2.0,3.0,,,,,,0.010871761165829717,-0.07952265300641422,0.22604914684016406,-1.4615670882108611,0.4826923076923077,-1.4615670882108611,0.5847816603723579,-322.0,0.625,0.27884615384615385,0.5769230769230769,0.6177884615384616,0.5115384615384615,精誠
68.69999694824219,73.5,68.69999694824219,71.5999984741211,262009.0,0.07025406339376672,69.61999969482422,0.1642276174653836,63.22500057220459,1.9046652974508298,47.28837146759033,2.7585302541549663,35.36501901944478,0.03885967367709837,63.08410531913054,384093.05,0.6821498071886487,0.13246338989514173,6225.TW,2026-10-08,0.04833557089474749,0.1077537481938109,bull,0.11059479553903345,0.0018587360594795538,2026-03-31,2026-05-15,6077000.0,806000.0,-9048000.0,-3081000.0,0.0,-3081000.0,-0.11,98414000.0,17953000.0,120780000.0,37244000.0,83536000.0,54546000.0,,18622000.0,,-0.0,-9048000.0,102827000.0,-0.087992453343966,-0.03688230224095,-0.0255091902632886,0.4458437081018961,0.1326312325160441,,-0.5069935823597169,-0.3481711895312668,,,17.320265078618256,17.320265078618256,False,89.32001515553029,89.32001515553029,71.32007763630227,902.0,True,True,True,True,True,True,True,True,True,True,True,True,False,True,False,False,False,13,False,0.5141142790927582,1.024599461822803,1.0,27501061.793920517,0.4739776951672863,1.0,3.0,,,,,,-0.16509804068232203,-0.2871318763034641,0.20932944149957106,-1.8605693512406616,0.13990384615384616,-1.8605693512406616,0.2766219084929629,-902.0,0.1346153846153846,0.6923076923076923,0.19230769230769232,0.14326923076923076,0.31346153846153846,天瀚
42.5,47.0,42.5,44.400001525878906,24988287.0,-0.07499996821085608,43.890000915527345,0.5000000322187266,41.225000095367434,0.7176015810702476,29.665833282470704,2.0410959154652653,22.513750004768372,0.07538802802516334,59.782608695652165,25558104.45,0.9777050191216352,0.07701640808166443,6226.TW,2026-10-08,0.04833557089474749,0.1077537481938109,bull,0.013940520446096654,0.019516728624535316,2026-03-31,2026-05-15,151704000.0,45743000.0,-9659000.0,463000.0,-693000.0,1156000.0,0.01,814188000.0,658137000.0,2035834000.0,834003000.0,1201831000.0,301049000.0,158131000.0,167773000.0,0.0,0.0,-9659000.0,1377697000.0,-0.0070109755628414,0.0009618656866065,0.0005678262569541,0.6939436576357242,0.3015279755312978,-0.0636700416600748,0.0076201023044876,-0.0363411148165793,,,23.1426747622816,23.1426747622816,False,89.15924317297815,89.15924317297815,72.65510107030401,801.0,True,True,True,True,True,True,True,True,True,True,True,False,True,True,False,False,False,13,False,0.4966713088121648,0.9721282112697824,1.0,1134779876.5785725,0.09944237918215613,1.0,3.0,,,,,,-0.04314831683474785,-0.15958056564697257,0.26255359118472626,-1.7517566399018636,0.27692307692307694,-1.7517566399018636,0.33432225213586525,-801.0,0.19230769230769232,0.7788461538461539,0.2980769230769231,0.20817307692307693,0.3894230769230769,光鼎
241.0,246.0,236.5,245.5,3608630.0,0.06507592190889366,239.7,0.10089686098654704,229.75,0.08869179600886912,208.65833333333333,0.34020260114001144,214.58573010762532,0.014908890115958034,76.92307692307693,3360456.25,1.0738512069603643,0.06855277475516863,6271.TW,2026-10-08,0.04833557089474749,0.1077537481938109,bull,0.1821561338289963,0.23605947955390336,2026-03-31,2026-05-15,2819237000.0,788543000.0,393499000.0,465740000.0,71043000.0,394293000.0,1.89,11855565000.0,4582832000.0,34771625000.0,8286661000.0,26484964000.0,4593272000.0,0.0,3342284000.0,0.0,0.1525378966805513,333475490.1940997,30188793000.0,0.0110463339887122,0.0148874282026586,0.0113395045529221,0.3128817165845496,0.2797008552313977,0.1395764173072359,0.1398580537925687,-0.0307443766240285,,,45.5192454868206,45.5192454868206,False,69.96198695054963,69.96198695054963,63.851301584617374,424.0,True,False,True,True,True,True,True,False,True,False,True,True,True,True,False,False,False,11,False,0.17656455928751158,0.1440648913460818,1.0,824992009.375,0.12267657992565056,2.0,3.0,,,,,,-0.0038685361595347727,-0.08625180510102766,0.19719450407415245,-1.84351717319922,0.31682692307692306,-1.84351717319922,0.3063569621185084,-424.0,0.47115384615384615,0.375,0.2403846153846154,0.4365384615384615,0.39615384615384613,同欣電
122.5,123.0,120.0,120.5,1001451.0,0.0,119.5,0.14218009478672977,117.15,0.23084778469739864,104.35848375956218,0.48034395259427987,95.17424201965332,0.04258443323912464,53.96825396825397,1102215.05,0.9085804081517486,0.028595817328211703,6416.TW,2026-10-08,0.04833557089474749,0.1077537481938109,bull,0.12732342007434944,0.09107806691449814,2026-03-31,2026-05-15,1057732000.0,271486000.0,132488000.0,135818000.0,38070000.0,99022000.0,1.35,4240170000.0,1810116000.0,6158927000.0,2539091000.0,3619836000.0,356630000.0,274239000.0,208323000.0,,0.2803015800556627,95351404.26158535,4348811000.0,0.0219258561159786,0.0273553829510508,0.016077800564936,0.7014381314512591,0.2566680406757099,0.1252566812765426,0.0936172867985463,-0.046140444062884,,,49.20522556408967,49.20522556408967,False,73.47327935587356,73.47327935587356,67.40626590792759,381.0,True,False,True,True,True,True,True,True,True,True,True,True,True,True,False,False,False,13,False,0.1546737328766412,0.2660988671190778,1.0,132816913.525,0.28903345724907065,2.0,3.0,,,,,,0.04049773329003047,-0.029991272433130486,0.34292091720907825,-1.4044225689825556,0.6985576923076924,-1.4044225689825556,0.7166400567322767,-381.0,0.5192307692307693,0.5192307692307693,0.75,0.5538461538461539,0.5653846153846154,瑞祺電通
331.0,352.5,328.0,341.0,2848074.0,0.004418262150220897,351.7,0.11074918566775249,346.55,0.9541547277936964,256.8856320699056,0.5022026431718061,242.28448270161945,0.05534830605253144,52.86458333333333,3571018.95,0.7975521944513904,-0.016015005049776376,6426.TW,2026-10-08,0.04833557089474749,0.1077537481938109,bull,0.16728624535315986,0.010223048327137546,2026-03-31,2026-05-15,154269000.0,60877000.0,19307000.0,27476000.0,-977000.0,28453000.0,0.74,831225000.0,83262000.0,1018747000.0,85873000.0,932874000.0,275168000.0,7500000.0,,,0.0,19307000.0,935485000.0,0.020638492332854,0.0305003676809515,0.0279294073994819,0.0920520884921222,0.3946158982037869,0.1251515210444094,0.1844375733297033,0.5607004835805192,,,75.05902824356723,75.05902824356723,False,70.6864845793749,70.6864845793749,71.77962049542299,120.0,True,False,True,True,False,True,True,True,True,True,True,True,False,True,True,False,False,11,False,0.32743897450521686,0.40743639954834276,1.0,1217717461.95,0.09572490706319703,2.0,3.0,,,,,,0.002706676516094115,-0.11868674896292299,0.24298179003036452,-1.5947507521142525,0.4192307692307692,-1.5947507521142525,0.4378606661268952,-120.0,0.8269230769230769,0.7115384615384616,0.4230769230769231,0.7663461538461538,0.7115384615384616,統新
411.5,411.5,398.0,403.0,406182.0,-0.043890865954922864,407.6,0.07180851063829796,398.375,0.1272727272727272,373.39065704345705,0.373083475298126,344.8869951883952,0.01567977563898267,54.58715596330275,374001.5,1.0860437725517145,0.011609664261060582,6491.TW,2026-10-08,0.04833557089474749,0.1077537481938109,bull,0.24070631970260223,0.19052044609665428,2026-03-31,2026-05-15,1885667000.0,1005547000.0,542809000.0,566411000.0,88526000.0,472275000.0,6.06,6983966000.0,4705377000.0,16639674000.0,5326767000.0,11312907000.0,1204500000.0,831456000.0,457203000.0,,0.1562928686060122,457971824.2848391,11934297000.0,0.0383744282788369,0.0417465643446021,0.0283824671084301,0.4708574904752598,0.5332579930602805,0.2878604758952667,0.2504551439888379,0.1833499738625503,,,86.74813401220891,86.74813401220891,False,67.57492045319464,67.57492045319464,72.3682238429482,52.0,True,False,True,True,True,True,True,True,True,True,True,True,True,True,True,False,False,13,False,0.07929856411242997,0.1684986839815763,1.0,150722604.5,0.28066914498141265,2.0,2.0,,,,,,0.04692193622991383,-0.009718106917098786,0.3100354799649736,-1.1457546912319818,0.76875,-1.1457546912319818,0.7919940175366723,-52.0,0.9134615384615384,0.75,0.8461538461538461,0.9033653846153845,0.8509615384615385,晶碩
780.0,817.0,778.0,801.0,1045273.0,-0.033775633293124274,821.0,0.2457231726283049,743.35,0.23993808049535614,645.2166666666667,0.5830039525691699,651.682312520345,0.06497134670487109,74.02234636871508,1491232.5,0.7009456942495553,0.07755431492567433,6526.TW,2026-10-08,0.04833557089474749,0.1077537481938109,bull,0.06133828996282528,0.08828996282527882,2026-03-31,2026-05-15,5455465000.0,2876501000.0,815987000.0,894988000.0,149188000.0,748032000.0,4.47,18282679000.0,7320050000.0,28462670000.0,8205391000.0,20257279000.0,12433021000.0,,,,0.1666927377797244,679967892.9773359,21142620000.0,0.0321610043115439,0.0369265783425306,0.026281160551698,0.4050588926577947,0.5272696277952476,0.1495724012526888,0.1371160845134191,0.0446037459686614,,,74.05844799557384,74.05844799557384,False,77.41546180762279,77.41546180762279,76.57620835461056,128.0,True,True,True,True,True,True,True,False,True,True,True,True,False,True,True,False,False,12,False,0.24144344277116203,0.22912650015339087,1.0,1194477232.5,0.09665427509293681,3.0,3.0,,,,,,0.060522044716017256,-0.015903910127474687,0.25679893744199817,-0.9541455297397143,0.7442307692307691,-0.9541455297397143,0.7116763046817656,-128.0,0.8076923076923077,0.875,0.7307692307692307,0.7961538461538461,0.8125000000000001,達發
995.0,1015.0,980.0,980.0,3270367.0,0.05037513397642024,1016.0,0.05263157894736836,971.85,0.14219114219114215,896.7166666666667,0.5321813701680613,926.1198079427083,0.02149463947866307,53.53075170842824,3499851.4,0.9344302446669593,0.00838606780881812,6531.TW,2026-10-08,0.04833557089474749,0.1077537481938109,bull,0.2908921933085502,0.16821561338289961,2026-03-31,2026-05-15,2099951000.0,969865000.0,588249000.0,825691000.0,165725000.0,676217000.0,4.15,13696423000.0,3453169000.0,15567366000.0,3557927000.0,12009439000.0,8765915000.0,50000000.0,,,0.2007106774810431,470181144.6824538,12114197000.0,0.0388124070198341,0.0563071264194772,0.0434381127802866,0.2962608827939423,0.4618512527197063,0.280125107681084,0.3220156089356371,1.1538842619184375,,,95.34498936770456,95.34498936770456,False,64.46751808182611,64.46751808182611,72.18688590329572,16.0,True,False,True,True,True,True,True,True,True,True,True,True,True,True,True,False,False,13,False,0.0928758619407839,0.05817842529141193,1.0,3429854372.0,0.05297397769516728,3.0,1.0,,,,,,-0.06666653887415465,-0.17785977900165806,0.14758439664769596,-1.1607325695469592,0.18653846153846154,-1.1607325695469592,0.19753233428310857,-16.0,0.9807692307692307,0.7403846153846154,0.07692307692307693,0.8451923076923076,0.7278846153846155,愛普*
50.59999847412109,51.29999923706055,50.5,51.29999923706055,411017.0,-0.02099240948065806,50.85999984741211,0.08113800657993053,50.57750053405762,0.10085838877332942,48.968333371480306,0.01383400758989084,47.34916661580404,0.014950080286238435,57.654715113054166,710491.55,0.5784966759984689,0.014284982361206566,6589.TW,2026-10-08,0.04833557089474749,0.1077537481938109,bull,0.21933085501858737,0.22397769516728624,2026-03-31,2026-05-15,308435000.0,64956000.0,-207240000.0,-141836000.0,406000.0,-142242000.0,-0.47,4188368000.0,910711000.0,10619357000.0,2413133000.0,8206224000.0,3257763000.0,0.0,1001914000.0,,0.0,-207240000.0,9708646000.0,-0.0213459219751137,-0.0173334288705743,-0.0133945963018288,0.2940613124867174,0.2105986674664029,-0.6719081816265988,-0.461173342843711,0.6954150931987708,,,33.08565989658788,33.08565989658788,False,70.29406395930985,70.29406395930985,60.99196294362936,627.0,True,False,True,True,True,True,True,True,True,False,True,True,False,True,False,False,False,11,False,0.047615789736847214,0.08344038350904825,1.0,36448215.97293797,0.43866171003717475,1.0,3.0,,,,,,-0.01669469349441706,-0.09715042434608774,0.11135878642924593,-2.18624164675374,0.13461538461538458,-2.18624164675374,0.1418674504785483,-627.0,0.3557692307692308,0.25,0.028846153846153848,0.3067307692307692,0.2586538461538461,台康生技
124.5,129.5,124.5,125.5,49014.0,0.0040000000000000036,127.5,0.02448979591836742,124.575,0.08658008658008653,119.85,-0.04324948395085715,122.27154318491618,0.02027027027027034,56.09756097560975,19875.8,2.4660139466084385,0.0074252458358419204,6655.TW,2026-10-08,0.04833557089474749,0.1077537481938109,bull,0.38847583643122674,0.24070631970260223,2026-03-31,2026-05-15,687007000.0,340112000.0,96868000.0,95154000.0,19876000.0,74535000.0,0.95,1653170000.0,1542338000.0,8911558000.0,6212397000.0,2699161000.0,133379000.0,120000000.0,4331345000.0,,0.2088824431973432,76633975.49235976,7369220000.0,0.0103991976752437,0.0276141363927531,0.0083638573636618,2.3016029795925474,0.4950633690777532,0.1410000189226601,0.1084923443283693,0.2628433722537573,,,53.17068876203258,53.17068876203258,False,62.499682929273575,62.499682929273575,60.16743438746333,323.0,True,False,True,True,True,True,True,True,False,False,True,True,True,True,False,False,False,11,False,0.04714226115978315,0.0264039917301222,1.0,2494412.9,0.7992565055762082,2.0,3.0,,,,,,0.018518055316100842,-0.025582679514029726,0.1418406459536823,-1.1193503933600553,0.47644230769230766,-1.1193503933600553,0.45815137298842823,-323.0,0.6153846153846154,0.21153846153846154,0.4519230769230769,0.5908653846153846,0.46153846153846156,科定
50.59999847412109,53.0,50.20000076293945,51.09999847412109,4478750.0,0.08492569277253348,49.67999954223633,0.2711442165252491,46.437499809265134,0.41747571582716314,40.2,0.3238342096925335,39.403749974568676,0.04277774498628136,71.4673877551105,4551332.85,0.9840523968709518,0.10040374016702991,6668.TW,2026-10-08,0.04833557089474749,0.1077537481938109,bull,0.05204460966542751,0.040892193308550186,2026-03-31,2026-05-15,266191000.0,30013000.0,-64011000.0,-65550000.0,476000.0,-66026000.0,-0.62,1253334000.0,833718000.0,3689403000.0,1550388000.0,2139015000.0,347154000.0,202579000.0,608736000.0,,0.0,-64011000.0,2855685000.0,-0.022415287400396,-0.0308674787226831,-0.0178961203208215,0.7248139914867358,0.1127498675762892,-0.240470188699092,-0.2480399412451961,0.2035801162927393,,,23.40057097773575,23.40057097773575,False,80.78333522457592,80.78333522457592,66.43764416286588,797.0,True,True,True,True,True,True,True,True,True,True,True,True,True,True,False,False,False,14,False,0.27114424064977816,0.2968308474980481,1.0,232573101.69021717,0.24070631970260223,1.0,3.0,,,,,,-0.04510265879099878,-0.13459766956896016,0.2254523343810867,-1.953512640776549,0.2048076923076923,-1.953512640776549,0.24080698027521136,-797.0,0.21153846153846154,0.4807692307692308,0.125,0.1985576923076923,0.275,中揚光
482.5,495.0,464.0,464.0,1306220.0,0.024282560706401668,472.2,0.4276923076923076,423.75,0.26258503401360533,388.2458068847656,0.09399497438805793,415.4388676961263,0.09397186007486763,70.40229885057471,2143626.2,0.6093506414504544,0.09498525073746311,6715.TW,2026-10-08,0.04833557089474749,0.1077537481938109,bull,0.02137546468401487,0.07806691449814127,2026-03-31,2026-05-15,510155000.0,204097000.0,81086000.0,86255000.0,26914000.0,67524000.0,1.02,2720158000.0,818763000.0,4606291000.0,888200000.0,3718091000.0,1348918000.0,63990000.0,,0.0,0.3120282882151759,55784874.22178425,3787528000.0,0.0147285707780336,0.0181609325861039,0.0146590825460223,0.2388860304925296,0.4000686065999549,0.1589438503984083,0.1323597730101635,0.1737792953021677,,,62.82227722701431,62.82227722701431,False,80.32250075848128,80.32250075848128,75.94744487561454,237.0,True,True,True,True,True,True,True,True,True,True,True,False,False,True,True,False,False,12,False,0.19511915330928176,0.11689116276764411,1.0,994642556.8000001,0.10966542750929369,2.0,3.0,,,,,,-0.036449619436611506,-0.14140821684440713,0.22083388597182202,-1.7899451729881193,0.24375000000000002,-1.7899451729881193,0.2207096677356529,-237.0,0.7019230769230769,0.8653846153846154,0.09615384615384616,0.6110576923076922,0.6298076923076924,嘉基
306.5,331.5,302.5,305.5,60083576.0,0.05892547660311953,301.0,0.03735144312393879,279.6,0.6469002695417789,259.825,1.1602370890450975,201.40506083170573,-0.0036525612472159547,61.19402985074626,21914680.6,2.741704389704863,0.09263233190271802,8039.TW,2026-10-08,0.04833557089474749,0.1077537481938109,bull,0.3355018587360595,0.023234200743494422,2026-03-31,2026-05-15,2415476000.0,532169000.0,146484000.0,219817000.0,44902000.0,171370000.0,0.65,10090538000.0,4116000000.0,15838059000.0,5212295000.0,10625764000.0,3401205000.0,544660000.0,425464000.0,0.0,0.2042699154296528,116561725.70820272,11722059000.0,0.0099437927848855,0.0161277814941118,0.0108201390081953,0.4905336689201831,0.2203164096848819,0.060643947611154,0.0709466788326607,0.0846351629146733,,,39.59205928302138,39.59205928302138,False,71.85786148817263,71.85786148817263,63.791410936884816,516.0,True,False,True,True,True,True,False,True,False,True,True,True,True,True,False,False,False,11,False,0.1757913980563841,0.5168437115653022,1.0,6694934923.3,0.031598513011152414,2.0,3.0,,,,,,-0.049258843896469076,-0.13251669914421227,0.22463094483961882,-2.0783136369835438,0.19326923076923075,-2.0783136369835438,0.2566237880893053,-516.0,0.4230769230769231,0.36538461538461536,0.15384615384615385,0.38269230769230766,0.3519230769230769,台虹
16.75,17.0,16.299999237060547,16.850000381469727,360265.0,-0.04532573679042173,16.910000228881835,0.4588744678105199,13.857500028610229,0.3480000305175781,12.547499974568685,0.2669173037461976,12.825000007947287,0.10462335987877616,75.75757867668918,503656.15,0.7152995153538778,0.21594806759380658,8201.TW,2026-10-08,0.04833557089474749,0.1077537481938109,bull,0.019516728624535316,0.056691449814126396,2026-03-31,2026-05-15,121001000.0,28649000.0,-12345000.0,-6754000.0,0.0,-6754000.0,-0.11,436589000.0,128269000.0,614490000.0,165064000.0,449426000.0,195632000.0,,,,-0.0,-12345000.0,486221000.0,-0.0253896890508637,-0.015028058011775,-0.0109912284984295,0.3672773715806384,0.2367666382922455,-0.1020239502152874,-0.0558177205147064,0.0554591209232138,,,25.064172585289977,25.064172585289977,False,82.99721189591078,82.99721189591078,68.51395206825558,765.0,True,True,True,True,True,True,True,False,True,True,True,False,False,False,False,False,False,10,False,0.3428970245563947,0.3138401848754979,1.0,8486606.319629574,0.6384758364312267,0.0,3.0,,,,,,0.014167920312560374,-0.05426712331478761,0.2891814399121428,-1.6506107156192888,0.5600961538461539,-1.6506107156192888,0.6607981342980598,-765.0,0.25961538461538464,0.5961538461538461,0.6923076923076923,0.3245192307692308,0.44711538461538464,無敵
43.25,43.84999847412109,42.75,43.09999847412109,4441678.0,0.03481385102330026,44.80999908447266,0.10230179427366104,42.19249992370605,0.07481297042781887,40.4748862584432,0.11948047984730104,40.10077638626099,0.035347083099981504,51.452276377929294,4846376.15,0.9164946885107133,0.02150852763064548,9933.TW,2026-10-08,0.04833557089474749,0.1077537481938109,bull,0.17843866171003717,0.26022304832713755,2026-03-31,2026-05-15,17199079000.0,2244665000.0,1663896000.0,1662544000.0,521286000.0,892046000.0,1.0,85054850000.0,82656832000.0,140062416000.0,114248656000.0,25813760000.0,42421531000.0,1206000000.0,17821605000.0,10618678000.0,0.3135471903300003,1142186084.198674,57405584000.0,0.0198967766654664,0.0345569959587444,0.0063689176973785,4.425882010214707,0.1305107674660951,0.0967433198021824,0.0518659167737993,-0.2275882612996864,,,23.64577886729635,23.64577886729635,False,64.93364124307423,64.93364124307423,54.61167564912976,794.0,True,False,True,True,True,True,True,True,True,False,True,True,True,True,False,False,False,12,False,0.06485780340223402,0.07479212020662196,1.0,208878804.67001686,0.2555762081784387,1.0,3.0,,,,,,0.09525304638293057,0.08497369561021631,0.24580282123732444,-0.34351883783643355,0.8620192307692308,-0.34351883783643355,0.8859039130633217,-794.0,0.22115384615384615,0.0673076923076923,0.9423076923076923,0.3293269230769231,0.3192307692307692,中鼎
29.450000762939453,30.049999237060547,29.450000762939453,29.799999237060547,9897139.0,0.01880339272001863,29.129999542236327,0.06238859349728054,28.842500019073487,0.15280459564025128,28.014166641235352,0.20892493704782167,26.386286147435506,0.008214627008749992,65.4867214812634,5659505.8,1.748763823159259,0.0331975112196885,9945.TW,2026-10-08,0.04833557089474749,0.1077537481938109,bull,0.25929368029739774,0.1570631970260223,2026-03-31,2026-05-15,8802139000.0,2177505000.0,1558595000.0,3524918000.0,275592000.0,2706817000.0,0.99,56821154000.0,31229259000.0,206807304000.0,85163985000.0,121643319000.0,4687641000.0,7435539000.0,36077246000.0,,0.0781839464066965,1436737892.0502548,175578045000.0,0.0081829017520399,0.0222520811027854,0.0130885947819328,0.7001123094972441,0.247383618913539,0.1770700280920353,0.3075180930453381,0.2547092191019549,,,56.447152500431685,56.447152500431685,False,74.83612431711506,74.83612431711506,70.23888136294423,296.0,True,False,True,True,True,True,True,True,True,True,True,True,True,True,False,False,False,13,False,0.06374748243256834,0.12937451942083267,1.0,168653268.52213973,0.27230483271375466,0.0,3.0,,,,,,-0.01196410176356913,-0.05712693762984904,0.12489120879539403,-1.8380772269206955,0.2360576923076923,-1.8380772269206955,0.2815574652123898,-296.0,0.6634615384615384,0.6442307692307693,0.21153846153846154,0.5956730769230769,0.5673076923076923,潤泰新
42.09999847412109,42.70000076293945,42.09999847412109,42.70000076293945,45000.0,-0.006976726443268522,42.54000015258789,0.021531137375738307,42.212500381469724,0.09627727667641262,40.81166674296061,0.020445839938526555,40.17046175003052,0.00464092520682206,58.06450025103119,32260.3,1.3949033331990093,0.011548720806970447,6771.TW,2026-10-08,0.04833557089474749,0.1077537481938109,bull,0.40148698884758366,0.2295539033457249,2026-03-31,2026-05-15,131486000.0,61565000.0,32282000.0,26891000.0,5509000.0,21458000.0,0.69,503903000.0,130197000.0,1399052000.0,485496000.0,913556000.0,243016000.0,10000000.0,21433000.0,332803000.0,0.2048640809192666,25668577.739764232,1268855000.0,0.0202297171384943,0.0234884342065511,0.0153375285550501,0.5314354018801256,0.4682247539662017,0.2455166329495155,0.1631960817121214,-0.1972820678750435,,,60.35546417668706,60.35546417668706,False,68.20813087375886,68.20813087375886,66.24496419949091,259.0,True,False,False,True,True,True,True,True,False,False,True,True,True,True,True,False,False,10,False,0.046269465833677303,0.06297012537843205,1.0,1377514.8346126557,0.8671003717472119,1.0,3.0,,,,,,0.04437358985555753,0.021185198254223252,0.13382749329681254,-1.4880068174336032,0.5644230769230769,-1.4880068174336032,0.6245200805111708,-259.0,0.6826923076923077,0.47115384615384615,0.6538461538461539,0.6783653846153846,0.6134615384615385,平和環保-創
276.5,288.5,271.0,282.0,1923936.0,0.025454545454545396,273.6,0.20512820512820507,257.65,0.32705882352941185,231.26666666666668,0.22342733188720176,229.30416666666667,0.047890188103711144,74.89878542510121,1290211.45,1.4911788296406765,0.09450805356103253,4770.TW,2026-10-08,0.04833557089474749,0.1077537481938109,bull,0.07806691449814127,0.062267657992565055,2026-03-31,2026-05-15,1058605000.0,369927000.0,210485000.0,236117000.0,34491000.0,201626000.0,2.52,8447386000.0,2125986000.0,10526887000.0,2447197000.0,8079690000.0,2937319000.0,150000000.0,208913000.0,,0.1460758861073112,179738217.11270258,8400901000.0,0.0213951119186742,0.024954670290568,0.0191534306390863,0.3028825363349336,0.3494476221064514,0.1988324256923026,0.1904638651810637,0.0960345809390692,,,66.86426683810382,66.86426683810382,False,83.07012915899999,83.07012915899999,79.01866357877594,194.0,True,True,True,True,True,True,True,False,True,True,True,True,True,True,True,False,False,13,False,0.219371576823292,0.22980757000345253,1.0,363839628.9,0.20074349442379183,2.0,3.0,,,,,,-0.0025009359601699138,-0.09114208679885964,0.25558554956883656,-1.6733225936850833,0.43461538461538457,-1.6733225936850833,0.4348465382380254,-194.0,0.7403846153846154,0.9326923076923077,0.41346153846153844,0.6913461538461538,0.7326923076923078,上品
184.0,185.5,183.0,185.0,154093.0,0.008174386920980936,183.7,0.033519553072625774,180.3,0.054131054131054235,179.425,0.06151923601742215,176.98833122253419,0.005156794425087171,67.5,125925.35,1.2236853024430743,0.026067665002773133,2753.TW,2026-10-08,0.04833557089474749,0.1077537481938109,bull,0.3447955390334573,0.30390334572490707,2026-03-31,2026-05-15,2262828000.0,824778000.0,283918000.0,279202000.0,56223000.0,236960000.0,3.56,2917896000.0,1963845000.0,8230737000.0,4333857000.0,3896880000.0,1488954000.0,111983000.0,92967000.0,946399000.0,0.2013703340233952,226745337.5047457,6266892000.0,0.0361814656299718,0.0608076204553386,0.0287896454473032,1.112135092689536,0.3644899214611097,0.1254704290383538,0.1047185203647824,0.0392582907012151,,,71.61820020352927,71.61820020352927,False,63.87267756757477,63.87267756757477,65.8090582265634,152.0,True,False,True,True,True,True,True,True,False,False,True,True,True,True,True,False,False,11,False,0.031071478333565494,0.04526664962670579,1.0,23296189.75,0.4962825278810409,2.0,3.0,,,,,,0.0483847140985132,0.006129524858524943,0.20819506744464664,-0.7994729516940253,0.698076923076923,-0.7994729516940253,0.6409133103205458,-152.0,0.7788461538461539,0.4519230769230769,0.6730769230769231,0.7629807692307692,0.6596153846153847,八方雲集
2330.0,2425.0,2310.0,2370.0,1686201.0,-0.008368200836820106,2400.0,0.09976798143851506,2333.0,0.7954545454545454,1938.3819478352864,0.267379679144385,1873.4826405843098,0.025832692096295483,64.19213973799127,1573487.8,1.0716327130086423,0.015859408486926796,6805.TW,2026-10-08,0.04833557089474749,0.1077537481938109,bull,0.18401486988847585,0.016728624535315983,2026-03-31,2026-05-15,4183854000.0,1351837000.0,1120299000.0,1165338000.0,248078000.0,917260000.0,13.38,14924697000.0,8114461000.0,16208746000.0,8785852000.0,7422894000.0,8031178000.0,410000000.0,,,0.2128807264501801,881808935.0385897,8094285000.0,0.1089421653720606,0.1235717497784556,0.0565904358054595,1.1836154470210676,0.3231080721267998,0.2677672308832956,0.219238051805823,0.858077701800986,,,90.14552363242608,90.14552363242608,True,77.433073007844,77.433073007844,80.61118566398952,31.0,True,True,True,True,True,True,True,True,True,True,True,True,True,True,True,True,False,14,False,0.22266924877562388,0.26502373102364807,1.0,3729166086.0,0.05111524163568773,3.0,2.0,,,,,,0.1307572968207805,0.020454690448748477,0.28479407074073854,-0.03569897468883702,0.9033653846153845,-0.03569897468883702,0.908667727560928,-31.0,0.9615384615384616,0.9711538461538461,0.9615384615384616,0.9615384615384615,0.9644230769230768,富世達
125.5,137.0,123.0,132.0,18592714.0,0.1357339436442666,127.3,0.33738605958843304,111.83029060363769,0.11864406779661008,99.73676312764486,2.559212379798309,88.63515275319418,0.0809006087839341,71.41073991869204,8306863.75,2.238235098053703,0.18035998375297257,6834.TW,2026-10-08,0.04833557089474749,0.1077537481938109,bull,0.03717472118959108,0.20446096654275092,2026-03-31,2026-05-15,419741000.0,96728000.0,35690000.0,47956000.0,8226000.0,39730000.0,0.45,1334874000.0,865895000.0,2352810000.0,892092000.0,1460718000.0,351658000.0,450000000.0,,,0.1715322378847276,29568014.429894067,1486915000.0,0.0198854772666185,0.0271989528437384,0.0168861914051708,0.6107215766492916,0.2304468708084271,0.0850286247948139,0.0946536078200604,0.1969174615395583,,,53.731199434147925,53.731199434147925,False,78.7732342007435,78.7732342007435,72.51272550909461,316.0,True,True,True,True,True,True,True,True,True,True,False,True,True,False,False,False,False,12,False,0.32348389761821394,0.48925111425661827,1.0,1096506015.0,0.10408921933085502,2.0,3.0,,,,,,-0.07533031644208057,-0.18072385948245512,0.21463214576316164,-1.7373091442189317,0.20096153846153847,-1.7373091442189317,0.3845894102919121,-316.0,0.6346153846153846,0.7596153846153846,0.3942307692307692,0.5985576923076923,0.6240384615384615,天二科技
24.799999237060547,25.049999237060547,24.799999237060547,25.100000381469727,108522.0,-0.027131739391112242,25.189999771118163,0.048016684004027255,24.622499847412108,0.06355932100652728,23.864166704813645,-0.1770491678206647,24.75374999046326,0.01036109424223287,63.30275743078424,188400.2,0.5760184967956509,0.019392853569569768,6838.TW,2026-10-08,0.04833557089474749,0.1077537481938109,bull,0.30018587360594795,0.2825278810408922,2026-03-31,2026-05-15,45422000.0,39489000.0,-10650000.0,-14997000.0,255000.0,-15263000.0,-0.1,1487176000.0,129271000.0,2030443000.0,588640000.0,1441803000.0,273173000.0,,,,0.0,-10650000.0,1901172000.0,-0.0056018077270231,-0.0105860509376107,-0.00751707878527,0.4082665939798988,0.8693804764211175,-0.2344678790013649,-0.3360265950420501,75.46801346801347,,,42.28430373555609,42.28430373555609,False,67.98867852905869,67.98867852905869,61.562584830683036,474.0,True,False,True,True,True,True,True,True,False,False,True,True,False,True,False,False,False,10,False,0.051786165087708724,0.013987795430585814,1.0,4728845.091868973,0.70817843866171,0.0,3.0,,,,,,0.07778265436010806,-0.022204209698526482,0.14815417089343688,-1.7477297140470074,0.5168269230769231,-1.7477297140470074,0.49969111328344235,-474.0,0.4519230769230769,0.25961538461538464,0.5192307692307693,0.46201923076923074,0.40769230769230774,台新藥
59.29999923706055,60.400001525878906,57.0,57.900001525878906,1145979.0,0.041366962497820126,58.900000762939456,0.3084746107543255,52.77750034332276,0.10496182900459838,47.09333349863688,0.3310345178362968,50.74041687647502,0.07216861632956476,72.15686209978227,1503329.05,0.7622941896852189,0.09705842734562609,6742.TW,2026-10-08,0.04833557089474749,0.1077537481938109,bull,0.04460966542750929,0.2211895910780669,2026-03-31,2026-05-15,85699000.0,-7604000.0,-30773000.0,-23739000.0,717000.0,-24456000.0,-0.35,1026905000.0,385812000.0,1661168000.0,423370000.0,1237798000.0,729435000.0,275000000.0,23356000.0,,0.0,-30773000.0,1275356000.0,-0.0241289490934295,-0.0197576664366883,-0.0147221713878427,0.3420348069717353,-0.0887291566996114,-0.3590823696892612,-0.2853708911422537,-0.429430289149728,,,14.063307899620447,14.063307899620447,False,76.22017253902523,76.22017253902523,60.680956379174035,979.0,True,True,True,True,True,True,True,False,True,False,True,True,False,True,False,False,False,11,False,0.22947341426902446,0.14110220392618245,1.0,87042754.2888981,0.34014869888475835,1.0,3.0,,,,,,-0.012957783981088968,-0.07709923125753641,0.148858602075738,-1.8847641896951124,0.2225961538461538,-1.8847641896951124,0.2175933638003841,-979.0,0.09615384615384616,0.2403846153846154,0.08653846153846154,0.09471153846153846,0.13749999999999998,澤米
93.4000015258789,94.4000015258789,91.4000015258789,92.3000030517578,4072745.0,-0.019128538273657014,94.86000213623046,0.46275761146986993,82.79000053405761,0.5564924829556042,68.0050001780192,0.30921990144337297,66.06750008265178,0.10896792738149015,73.62924890509233,2305455.7,1.7665683187926793,0.11486897519451067,2254.TW,2026-10-08,0.04833557089474749,0.1077537481938109,bull,0.01858736059479554,0.028810408921933085,2026-03-31,2026-05-15,30398000.0,-22248000.0,-62098000.0,-66601000.0,0.0,-66601000.0,-1.04,245505000.0,730335000.0,2231787000.0,1197039000.0,1034748000.0,124701000.0,488500000.0,436385000.0,,-0.0,-62098000.0,1501452000.0,-0.0413586315113636,-0.0643644636181949,-0.0298420055318899,1.1568410859455636,-0.7318902559378907,,,-0.8335851618271799,,,11.377524160829854,11.377524160829854,False,86.90646423537802,86.90646423537802,68.02422921674098,1018.0,True,True,True,True,True,True,True,False,True,True,True,False,True,True,False,False,False,12,False,0.3572531844737985,0.39705608561378325,1.0,212793568.14569244,0.25464684014869887,1.0,3.0,,,,,,0.045612810317457515,-0.022165325451944964,0.37319614438776505,-1.4563802307956664,0.7365384615384616,-1.4563802307956664,0.7342484419450712,-1018.0,0.04807692307692308,0.5673076923076923,0.7884615384615384,0.15913461538461537,0.3519230769230769,巨鎧精密-創
30.399999618530277,30.450000762939453,29.5,29.600000381469727,642967.0,-0.06031744820731022,29.789999771118165,0.16765285743769276,29.42750005722046,0.4128877949175125,24.165833377838133,0.23590811851969362,23.33458342552185,0.04714882652569095,58.823530236742684,1240739.7,0.5182126436350832,0.005861874909993903,6885.TW,2026-10-08,0.04833557089474749,0.1077537481938109,bull,0.10780669144981413,0.04460966542750929,2026-03-31,2026-05-15,2823000.0,-320000.0,-83470000.0,-75995000.0,,-65328000.0,-0.5,1123451000.0,41113000.0,1728169000.0,47111000.0,1681058000.0,283632000.0,,5968000.0,,,-66776000.0,1687056000.0,-0.0395813772631139,-0.038861240956588,-0.0378018584987926,0.028024613071054,-0.1133545873184555,,,27.23,,,33.33333333333333,33.33333333333333,False,78.72074745969809,78.72074745969809,67.3738939281069,620.0,True,True,True,True,True,True,True,True,True,True,True,True,False,True,False,False,False,13,False,0.2248698366270756,0.2685034843645493,1.0,36725895.593304634,0.4368029739776952,0.0,3.0,,,,,,-0.04658065092845258,-0.10973507152832802,0.12132671021800677,-2.034033371686156,0.09711538461538462,-2.034033371686156,0.11253139440291134,-620.0,0.36538461538461536,0.5,0.009615384615384616,0.3120192307692307,0.3346153846153846,全福生技
141.5,142.0,135.5,136.5,280496.0,-0.11935483870967745,143.0,0.0748031496062993,144.0,0.050000000000000044,131.38333333333333,0.37739659033037753,128.61666666666667,0.03188821211035463,55.91397849462366,537918.65,0.5214468767721662,-0.05208333333333337,6902.TW,2026-10-08,0.04833557089474749,0.1077537481938109,bull,0.23605947955390336,0.31133828996282525,2026-03-31,2026-05-15,303108000.0,270006000.0,54853000.0,59461000.0,1440000.0,58021000.0,1.64,1078196000.0,463883000.0,1330963000.0,573834000.0,757129000.0,350032000.0,217790000.0,71245000.0,,0.0242175543633642,53524594.49050638,867080000.0,0.061729707167166,0.0766329119608415,0.0435932478964479,0.7579078334075171,0.8907914010847618,0.1809684996766829,0.191420219855629,0.2658403354325711,,,94.24551695550784,94.24551695550784,False,64.48362335833856,64.48362335833856,71.92409675763088,20.0,True,False,True,True,False,True,True,True,True,False,True,True,False,True,True,False,False,10,False,0.038944564252188396,0.06129324867176367,1.0,73425895.72500001,0.35780669144981414,2.0,1.0,,,,,,0.020034085639103156,-0.05260183130398718,0.14332593369834928,-1.713241528027745,0.3870192307692308,-1.713241528027745,0.32069167257663356,-20.0,0.9711538461538461,0.7211538461538461,0.2692307692307692,0.8658653846153845,0.7557692307692307,GOGOLOOK
197.0,207.0,192.0,201.5,259310.0,0.0359897172236503,192.6,0.1681159420289855,178.65,0.1384180790960452,169.653054300944,0.1681159420289855,177.639027150472,0.018383924754168415,76.85950413223141,113081.0,2.2931350094180276,0.12790372236216063,7730.TW,2026-10-08,0.04833557089474749,0.1077537481938109,bull,0.10594795539033457,0.17472118959107807,2026-03-31,2026-05-15,92232000.0,42288000.0,11150000.0,17155000.0,3459000.0,13696000.0,0.37,978312000.0,200035000.0,1268177000.0,298788000.0,969389000.0,478754000.0,,93079000.0,,0.2016321772078111,8901801.224132907,1068142000.0,0.0083339118058581,0.014128487119206,0.0107997542929733,0.3082230147030758,0.458495966692688,0.1208907971203053,0.1484950993147714,0.1094778121278463,,,54.6585584523846,54.6585584523846,False,77.45353159851301,77.45353159851301,71.75478831198092,308.0,True,True,True,True,True,True,True,False,True,True,True,True,True,True,False,False,False,13,False,0.18771808046888072,0.1343228075062366,1.0,22785821.5,0.49907063197026025,2.0,3.0,,,,,,-0.03677991785761559,-0.12306057081818,0.1842075641352266,-1.9559677195700211,0.15913461538461537,-1.9559677195700211,0.16550788897761687,-308.0,0.6538461538461539,0.7019230769230769,0.04807692307692308,0.5629807692307692,0.5471153846153846,暉盛-創
313.0,316.0,303.0,305.0,3366154.0,0.04991394148020656,327.8,0.046312178387650116,301.275,0.12701620996955754,269.2707244873047,0.8711656441717792,242.7843116760254,0.010905125408942203,53.8235294117647,2121085.7,1.5869957541083795,0.01236411916023572,7788.TW,2026-10-08,0.04833557089474749,0.1077537481938109,bull,0.3076208178438662,0.19144981412639406,2026-03-31,2026-05-15,1857129000.0,500235000.0,178905000.0,229341000.0,52857000.0,177273000.0,2.22,6568822000.0,3373457000.0,11007682000.0,5034895000.0,5972787000.0,2088365000.0,643000000.0,1079805000.0,,0.2304733998718066,137672156.39593443,7634225000.0,0.0180335471375201,0.0296801141577625,0.0161044804891711,0.842972468296626,0.2693593175272153,0.0963341803396533,0.0954554045518647,0.1444346257089825,,,52.52291879760674,52.52291879760674,False,68.9332484499633,68.9332484499633,64.83066603687416,331.0,True,False,True,True,True,True,True,True,False,True,True,True,True,True,False,False,False,12,False,0.13268904586907615,0.25625909637438204,1.0,646931138.5,0.1412639405204461,2.0,3.0,,,,,,0.00159112627651174,-0.09129140766470055,0.29850549152739947,-1.5503098632017436,0.5091346153846155,-1.5503098632017436,0.4812517481070639,-331.0,0.5961538461538461,0.41346153846153844,0.5,0.5817307692307692,0.5221153846153846,松川精密
133.0,133.5,130.5,133.5,31046.0,-0.003731343283582045,133.4,0.09052998745069663,133.21368446350098,0.15086206896551735,118.64000015258789,0.5,122.6046827952067,0.029233440078836923,47.16981132075472,38388.85,0.808724408259169,0.0021492952293311607,6924.TW,2026-10-08,0.04833557089474749,0.1077537481938109,bull,0.1979553903345725,0.15892193308550187,2026-03-31,2026-05-15,472287000.0,125017000.0,59395000.0,58845000.0,12219000.0,46626000.0,2.26,1163404000.0,693313000.0,1234297000.0,714916000.0,519381000.0,449993000.0,42370000.0,,,0.2076472087687993,47061794.03517717,540984000.0,0.0869929499489396,0.0897722481184332,0.0377753490448409,1.3764769985810033,0.2647055709769695,0.1257603956916027,0.0987238691727699,0.0634867021096932,,,72.40238100150462,72.40238100150462,True,65.26739789860287,65.26739789860287,67.0511436743283,143.0,True,False,True,True,True,True,True,False,True,True,True,True,True,True,True,True,False,12,False,0.12525286436530725,0.08886542468359337,1.0,5124911.475,0.6970260223048327,2.0,3.0,,,,,,0.02953314302964932,-0.0202403920858241,0.2929924638139293,-0.022987809556769313,0.7451923076923077,-0.022987809556769313,0.7273675966312234,-143.0,0.7884615384615384,0.49038461538461536,0.7596153846153846,0.7841346153846154,0.6932692307692307,榮惠-KY創
27.450000762939453,29.0,27.200000762939453,27.75,10199987.0,0.014625214367502526,27.570000457763673,0.296728995077703,24.93000020980835,0.13265306122448983,23.275000031789144,0.2671233097428847,23.151365582148237,0.059273429759943666,73.38709801466509,11937556.75,0.8544451108054418,0.11311671746726093,3717.TW,2026-10-08,0.04833557089474749,0.1077537481938109,bull,0.046468401486988845,0.1821561338289963,2026-03-31,2026-05-15,1850293000.0,319561000.0,106263000.0,108598000.0,10292000.0,98315000.0,0.47,5410382000.0,3588169000.0,8696071000.0,5329732000.0,3366339000.0,664883000.0,1418325000.0,839196000.0,652405000.0,0.0947715427540102,96192291.5523306,5107902000.0,0.0188320550300946,0.0292053177056737,0.0113056804619005,1.583242804720499,0.1727083224116396,0.0574303637315819,0.0531348278353752,,,,35.88555464698735,35.88555464698735,False,78.47843773193718,78.47843773193718,67.83021696069973,591.0,True,True,True,True,True,True,True,False,True,True,True,True,True,True,False,False,False,13,False,0.19226637860789997,0.19863339816972703,1.0,331267199.8125,0.20910780669144982,0.0,3.0,,,,,,0.06312824838109506,0.013547580300399778,0.2841021619965143,-0.21203463526115557,0.8456730769230769,-0.21203463526115557,0.867705315569521,-591.0,0.38461538461538464,0.5480769230769231,0.9326923076923077,0.4668269230769231,0.5432692307692308,聯嘉投控
632.0,639.0,623.0,635.0,612497.0,0.030844155844155896,626.2,0.06902356902356899,567.25,1.0190779014308426,469.06666666666666,1.1698209223674354,415.066748046875,0.005316792202038104,76.41921397379912,1166114.1,0.5252462001788676,0.11943587483472906,7711.TW,2026-10-08,0.04833557089474749,0.1077537481938109,bull,0.24628252788104088,0.00929368029739777,2026-03-31,2026-05-15,8891334000.0,1101342000.0,694694000.0,674736000.0,134950000.0,539786000.0,7.68,12044114000.0,7539833000.0,12300864000.0,7550202000.0,4750662000.0,3138201000.0,0.0,,,0.2000041497711697,555752317.178867,4761031000.0,0.116729405286138,0.1136233223917003,0.0438819582104151,1.589294713031573,0.1238669023118465,0.0781315829548187,0.0607092254098203,,,,65.22713046197059,65.22713046197059,True,77.3321717256946,77.3321717256946,74.3059114097636,209.0,True,True,True,True,True,True,True,False,True,True,True,True,False,True,True,True,False,12,False,0.35375213189312116,0.5298744189652291,1.0,740482453.5,0.13011152416356878,3.0,3.0,,,,,,0.08138728875027604,0.03265146105091642,0.36521456978248673,0.3046169131185914,0.9451923076923077,0.3046169131185914,0.9597151437423083,-209.0,0.7115384615384616,0.8269230769230769,0.9903846153846154,0.7533653846153846,0.801923076923077,永擎
