Open,High,Low,Close,Volume,ret5,ma5,ret20,ma20,ret60,ma60,ret120,ma120,ma20_slope,rsi14,volume_ma20,volume_ratio,ma20_deviation,symbol,date,benchmark_ret20,benchmark_ret60,market_regime,rs20_rank_pct,rs60_rank_pct,period_date,as_of_date,revenue,gross_profit,operating_income,pretax_income,tax_expense,net_income_parent,eps,current_assets,current_liabilities,assets,liabilities,equity,cash,short_borrowings,long_borrowings,bonds_payable,tax_rate,nopat,invested_capital_proxy,roic_proxy,roe,roa,debt_to_equity,gross_margin,operating_margin,net_margin,revenue_growth,pe,pb,eva_like_score,fundamental_score,fundamental_pass,technical_score,score,final_score,fundamental_rank,pass_market,pass_score,pass_rs20,pass_rs60,pass_close_ma20,pass_ma20_ma60,pass_ma20_slope,pass_rsi,pass_ret20_benchmark,pass_ret60_benchmark,pass_ret5_cap,pass_ret20_cap,pass_volume_ratio,pass_ma20_deviation,pass_fundamental_score,pass_fundamental_filter,pass_fundamental_universe,entry_pass_count,entry_all_pass,close_ma60_ratio,close_ma120_ratio,above_ma120,turnover20,liquidity_rank,price_bucket,eva_rank_bucket,forward_60d_return,forward_60d_max_drawdown,reward_60,fwd60_rank_label,top_quantile_60,reg_forward60,reg_reward60,cls_topq60,rank_forward60,ensemble_score,ranker_score,stable_ensemble_score,fundamental_rank_score,fundamental_score_rank,final_score_rank,stable_ml_rank,fund_ml_85_15,fund_final_ml,name
67.4000015258789,67.4000015258789,64.69999694824219,65.0999984741211,28199315.0,-0.0398230745738398,66.03999938964844,0.170863314041668,61.52999973297119,0.3908496823647414,58.56446533203125,0.3893794408882285,53.18874842325847,0.0442087421519765,69.66823539238302,35468452.8,0.7950534284371154,0.0580204576083704,1301.TW,2026-09-08,0.0482791885795985,0.0418052401508683,bull,0.0519480519480519,0.0241187384044526,2026-03-31,2026-05-15,41985122000.0,1555468000.0,-1301844000.0,3378716000.0,110089000.0,3268627000.0,0.51,175217601000.0,95826345000.0,593528010000.0,203311522000.0,390216488000.0,10197694000.0,31910508000.0,18393084000.0,43127284000.0,0.0325830877765399,-1259425902.676638,497701665000.0,-0.0025304836034186,0.008376445128582,0.0055071149885579,0.521022376686451,0.0370480762209051,-0.0310072696704323,0.0778520305359598,-0.110526237291801,,,17.23451320303393,17.23451320303393,False,78.04225545727465,78.04225545727465,62.84031989371447,907.0,True,True,True,True,True,True,True,True,True,True,True,True,False,True,False,False,False,13,False,0.1115955401460022,0.2239430406610969,1.0,2308996223.159436,0.0686456400742115,1.0,3.0,,,,,,0.0116446896060818,-0.0736983061983171,0.2204045789598851,-1.775275513557732,0.3801020408163265,-1.775275513557732,0.3721972007193682,-907.0,0.1326530612244898,0.3163265306122449,0.3163265306122449,0.160204081632653,0.2244897959183673,台塑
236.0,239.5,229.0,235.0,65106349.0,0.0021321961620468,229.9,0.2368421052631579,210.075,1.0085470085470083,186.43351364135745,1.7262181939647063,137.7800901412964,0.0581790706460142,67.27272727272728,101481765.9,0.6415571154344684,0.1186481018683804,1303.TW,2026-09-08,0.0482791885795985,0.0418052401508683,bull,0.0269016697588126,0.0055658627087198,2026-03-31,2026-05-15,68596393000.0,8188671000.0,3741833000.0,16080166000.0,1405348000.0,14254717000.0,1.8,193418745000.0,131197270000.0,647743623000.0,247168932000.0,400574691000.0,42831248000.0,24400300000.0,40333444000.0,51357530000.0,0.0873963614554725,3414810410.6259847,516546353000.0,0.0066108499088096,0.0355856655956329,0.0220067268805825,0.6170358176722652,0.1193746586646327,0.054548538725644,0.207805634911445,0.046448302712712,,,40.56631725411971,40.56631725411971,False,86.97144819218569,86.97144819218569,75.3701654576692,500.0,True,True,True,True,True,True,True,True,True,True,True,True,False,True,False,False,False,13,False,0.2605029825917997,0.7056165354442905,1.0,23848214986.5,0.0055658627087198,2.0,3.0,,,,,,-0.1156580567225865,-0.2227666856293304,0.1201289144843919,-1.749912813908841,0.1030612244897959,-1.749912813908841,0.1021913363046368,-500.0,0.4897959183673469,0.7755102040816326,0.0612244897959183,0.4255102040816326,0.4897959183673468,南亞
14.100000381469728,14.350000381469728,13.949999809265137,14.149999618530272,1560613.0,-0.0241379573427399,14.249999809265136,0.0404411192377558,13.90499997138977,0.0520445962224427,13.925890429814656,-0.030821969259028,14.456278530756633,0.016447364912469,61.11109933735532,1715607.3,0.90965630654521,0.0176195359686874,1308.TW,2026-09-08,0.0482791885795985,0.0418052401508683,bull,0.2207792207792207,0.2022263450834879,2026-03-31,2026-05-15,1301918000.0,73711000.0,13526000.0,-115776000.0,4459000.0,-120235000.0,-0.2,2732713000.0,1008062000.0,12537553000.0,1505156000.0,11032397000.0,726414000.0,,295229000.0,,0.0,13526000.0,11529491000.0,0.0011731654068683,-0.0108983569028561,-0.009589989370334,0.1364305508585305,0.0566172370302891,0.0103892871901302,-0.0923522065137743,-0.1515061063473556,,,14.704701931024411,14.704701931024411,False,64.6658157054209,64.6658157054209,52.17553726182177,962.0,True,False,True,True,True,False,True,True,False,True,True,True,True,True,False,False,False,11,False,0.0160929880818112,-0.0211865669006537,0.0,24275842.64054775,0.4962894248608534,0.0,3.0,,,,,,0.0060746765038902,-0.0330749259315802,0.1235582658690303,-2.0535398696576066,0.2836734693877551,-2.0535398696576066,0.2846264430874315,-962.0,0.1122448979591836,0.0306122448979591,0.1938775510204081,0.1244897959183673,0.1040816326530612,亞聚
72.5999984741211,72.5999984741211,70.0999984741211,70.5999984741211,24116800.0,-0.0497981753117732,70.96000061035156,0.213058377124244,63.58000030517578,0.3838538029654577,61.77095101674398,0.5540119955564549,54.69791673024496,0.0514304651059699,70.50145909268548,38511168.85,0.6262287206585265,0.1104120499410228,1326.TW,2026-09-08,0.0482791885795985,0.0418052401508683,bull,0.0333951762523191,0.0269016697588126,2026-03-31,2026-05-15,81749811000.0,6327773000.0,3120431000.0,7294502000.0,759958000.0,6245039000.0,1.07,214839826000.0,114054227000.0,581165153000.0,170197763000.0,410967390000.0,16802058000.0,33492647000.0,26687136000.0,25800000000.0,0.1041823005874835,2795337319.595498,467110926000.0,0.0059843115714135,0.0151959477855408,0.0107457217070962,0.4141393384034679,0.0774041300230039,0.0381704980333226,0.0763920909859962,0.0359959953561419,,,29.94873186889634,29.94873186889634,False,82.52660713021203,82.52660713021203,69.38213831488311,684.0,True,True,True,True,True,True,True,True,True,True,True,True,False,True,False,False,False,13,False,0.1429320305427037,0.2907255466839957,1.0,2718888462.04662,0.0630797773654916,1.0,3.0,,,,,,0.0002748556981338,-0.0400139784947186,0.1894436644202499,-2.010710115633333,0.3280612244897959,-2.010710115633333,0.3096462334515326,-684.0,0.336734693877551,0.6122448979591837,0.2244897959183673,0.3198979591836735,0.396938775510204,台化
23.39999961853028,23.600000381469727,22.950000762939453,23.299999237060547,194127.0,0.0401785550829094,22.61999969482422,0.0378618461129085,22.43999996185303,0.0355555216471354,22.31916666030884,-0.2284768659458573,23.25375005404155,0.00189752553121,75.75750569892092,44682.05,4.344630561937064,0.0383243884433812,1438.TW,2026-09-08,0.0482791885795985,0.0418052401508683,bull,0.2291280148423005,0.2346938775510204,2026-03-31,2026-05-15,377477000.0,149341000.0,122347000.0,87324000.0,15498000.0,,0.65,13719838000.0,9737355000.0,14176631000.0,10964578000.0,3212053000.0,127523000.0,3403550000.0,71700000.0,910937000.0,0.1774769822729146,100633223.64985572,4439276000.0,0.0226688369116621,,,3.413573188238177,0.3956294025861178,0.3241177608172153,,1565.2946058091286,,,68.22752717503778,68.22752717503778,False,65.45251165290392,65.45251165290392,66.14626553343739,178.0,True,False,True,True,True,True,True,False,False,False,True,True,False,True,True,False,False,9,False,0.0439457526205926,0.0019888913793049,1.0,1041091.7309103012,0.8970315398886828,0.0,3.0,,,,,,0.1610781134416397,0.1340965395547071,0.2351367116835357,0.0481422730398211,0.8734693877551021,0.0481422730398211,0.92581847300385,-178.0,0.7755102040816326,0.4795918367346938,1.0,0.8091836734693877,0.7316326530612245,三地開發
15.5,15.699999809265137,15.350000381469728,15.600000381469728,118369.0,0.0064516375141761,15.490000152587893,0.1386861750844439,14.912500047683716,0.3164556860153362,13.638062604268391,0.3452274885266007,12.603521251678467,0.038294175609639,77.58621710234247,182507.5,0.6485706066873964,0.0461022854375647,1459.TW,2026-09-08,0.0482791885795985,0.0418052401508683,bull,0.0677179962894248,0.0380333951762523,2026-03-31,2026-05-15,231160000.0,43640000.0,24305000.0,20991000.0,11327000.0,10929000.0,0.03,2303265000.0,1144782000.0,4781139000.0,1238615000.0,3542524000.0,1064701000.0,969808000.0,0.0,,0.4,14583000.0,3636357000.0,0.0040103323188564,0.0030850884849333,0.0022858569893073,0.3496419502027368,0.1887869873680567,0.1051436234642671,0.0472789409932514,-0.1821658664987316,,,27.476121095005883,27.476121095005883,False,75.85948235170801,75.85948235170801,63.76364203753248,724.0,True,True,True,True,True,True,True,False,True,True,True,True,False,True,False,False,False,12,False,0.1438575136462048,0.2377493614645356,1.0,2847117.0696210866,0.7847866419294991,0.0,3.0,,,,,,0.0502999782950111,0.0386766595973103,0.2822735196022261,-1.4052770999340527,0.7581632653061225,-1.4052770999340527,0.740608197168422,-724.0,0.3265306122448979,0.3571428571428571,0.8163265306122449,0.4,0.4336734693877551,聯發
24.850000381469727,24.850000381469727,23.89999961853028,23.89999961853028,25384.0,-0.0382294063724784,24.179999542236327,0.0213675217158573,23.942499923706052,0.0860044213323263,22.817464764912927,0.112970698289804,22.22816883722941,0.0114056346023442,51.428567276521534,14020.7,1.8104659539110028,-0.001775098895738,1470.TW,2026-09-08,0.0482791885795985,0.0418052401508683,bull,0.3098330241187384,0.1465677179962894,2026-03-31,2026-05-15,191305000.0,51630000.0,23476000.0,33194000.0,6523000.0,26671000.0,0.31,639175000.0,186883000.0,1180792000.0,196077000.0,984715000.0,246931000.0,25000000.0,,,0.196511417726095,18862697.95746219,993909000.0,0.0189782947507892,0.0270849941353589,0.0225873820283335,0.1991205577248239,0.2698831708528266,0.1227150361987402,0.1394161156268785,-0.1058090510512195,,,51.74217296976339,51.74217296976339,False,65.28693337727226,65.28693337727226,61.90074327539504,342.0,True,False,True,True,False,True,True,True,False,True,True,True,True,True,False,False,False,11,False,0.0474432573807233,0.0752122585329997,1.0,335094.7246515275,0.976808905380334,0.0,3.0,,,,,,0.1115982353746772,0.046221282348956,0.2173914297188475,-1.2286126789221463,0.7668367346938775,-1.2286126789221463,0.8338104084863097,-342.0,0.6122448979591837,0.2755102040816326,0.8877551020408163,0.6535714285714286,0.5663265306122449,大統新創
107.5,107.5,104.5,106.0,72989.0,0.0291262135922329,106.1,0.1111110933394028,102.06499977111817,0.1712707182320441,94.5822006225586,0.1193242176970053,93.13360017140708,0.0332034208510654,68.20809809371009,136138.15,0.5361392085906853,0.0385538650634997,1558.TW,2026-09-08,0.0482791885795985,0.0418052401508683,bull,0.0992578849721706,0.0816326530612244,2026-03-31,2026-05-15,1926175000.0,466203000.0,115500000.0,190949000.0,37396000.0,79533000.0,1.23,7337752000.0,2436771000.0,13553818000.0,4826378000.0,8727440000.0,2321376000.0,528924000.0,448585000.0,1225737000.0,0.1958428690383296,92880148.62607291,11117047000.0,0.0083547500182443,0.0091129815845196,0.0058679406791503,0.5530118797723044,0.2420356405830207,0.0599633989642685,0.0412906407777071,-0.0577927547617254,,,30.82891502090822,30.82891502090822,False,75.18527133102914,75.18527133102914,64.09618225349891,667.0,True,True,True,True,True,True,True,True,True,True,True,True,False,True,False,False,False,13,False,0.1207182673091471,0.138149924462418,1.0,14430643.9,0.5705009276437848,2.0,3.0,,,,,,0.0192047437689604,-0.0109134036235658,0.2695453224042217,-1.510898043202365,0.5811224489795919,-1.510898043202365,0.6021029791226835,-667.0,0.3673469387755102,0.3775510204081632,0.6020408163265306,0.4025510204081632,0.4173469387755102,伸興
730.0,736.0,713.0,717.0,662324.0,-0.0362903225806451,711.4,0.0436681222707424,705.1,0.0199146514935988,698.0196970621745,0.4768280123583934,638.9890151977539,0.0105338588319599,52.136752136752136,1248405.85,0.5305358029201801,0.0168770387179122,1560.TW,2026-09-08,0.0482791885795985,0.0418052401508683,bull,0.2133580705009276,0.2717996289424861,2026-03-31,2026-05-15,2293229000.0,802560000.0,444439000.0,531951000.0,89799000.0,436359000.0,2.94,5759371000.0,3216860000.0,13961884000.0,5383626000.0,8578258000.0,1772650000.0,642250000.0,940383000.0,555943000.0,0.1688106611323223,369412958.57701176,10745024000.0,0.0343799100473867,0.050868020057219,0.0312535901315323,0.6275896574805747,0.3499694099455396,0.193804892577235,0.1902814764683335,0.2944197621734146,,,86.28355650333096,86.28355650333096,False,63.36263387318285,63.36263387318285,69.09286453071988,54.0,True,False,True,True,True,True,True,True,False,False,True,True,False,True,True,False,False,10,False,0.0271916437569166,0.122085017029758,1.0,895106994.45,0.1196660482374768,3.0,2.0,,,,,,0.0135956629656155,-0.0866461950825369,0.2855729139776231,-0.5309255019951697,0.5795918367346939,-0.5309255019951697,0.5815253468832844,-54.0,0.9489795918367347,0.5918367346938775,0.5918367346938775,0.8954081632653061,0.7704081632653061,中砂
79.0999984741211,79.0999984741211,75.5,77.0999984741211,1225545.0,-0.1238636537031694,84.11999969482422,0.2415458996549082,81.00147819519043,0.2046874761581421,68.43850262959798,0.8873929340037741,57.98508469263712,0.0866631598656668,45.45939695490224,839030.7,1.4606676489906747,-0.0481655373210335,1563.TW,2026-09-08,0.0482791885795985,0.0418052401508683,bull,0.0250463821892393,0.0649350649350649,2026-03-31,2026-05-15,1871936000.0,411927000.0,163156000.0,163478000.0,32736000.0,130706000.0,0.6,10888013000.0,5754269000.0,19938639000.0,11683940000.0,8254699000.0,2764628000.0,2859266000.0,5833677000.0,,0.2002471280539277,130484479.57523336,14184370000.0,0.009199173426471,0.0158341327769795,0.0065554123328076,1.415428957494392,0.2200539975725665,0.0871589626995794,0.0698239683407979,-0.0241387938944032,,,30.55810984175432,30.55810984175432,False,76.46412898586848,76.46412898586848,64.98762419983994,672.0,True,True,True,True,False,True,True,False,True,True,True,True,True,True,False,False,False,12,False,0.1265588157502621,0.3296522525198821,1.0,64689265.68974075,0.3766233766233766,1.0,3.0,,,,,,0.0483906164694694,-0.0199902541567746,0.2756547873599727,-1.4718790593578404,0.6571428571428573,-1.4718790593578404,0.611102040238505,-672.0,0.3571428571428571,0.4081632653061224,0.6224489795918368,0.396938775510204,0.4255102040816326,巧新
15.649999618530272,16.0,15.449999809265137,15.850000381469728,4188875.0,-0.0155279499426431,16.000000190734863,0.0602007079389275,15.620000076293945,0.1527273004705256,15.429166587193809,0.174074102331091,14.542499963442484,0.0284773712786136,61.44578811616533,5038225.7,0.8314186877336599,0.0147247313733915,1710.TW,2026-09-08,0.0482791885795985,0.0418052401508683,bull,0.1669758812615955,0.0899814471243042,2026-03-31,2026-05-15,5345825000.0,88577000.0,-176669000.0,-219291000.0,-8101000.0,-127331000.0,-0.15,7085020000.0,12457768000.0,36888664000.0,23663579000.0,13225085000.0,2362413000.0,9628981000.0,8250000000.0,,0.0369417805564295,-170142532.57087615,24430896000.0,-0.0069642362920654,-0.0096279910488287,-0.0034517650191939,1.7892950404477552,0.0165693789078392,-0.0330480328106513,-0.0238187744641846,-0.1284074295508901,,,6.405846346837272,6.405846346837272,False,78.47292820275457,78.47292820275457,60.45615773877525,1063.0,True,True,True,True,True,True,True,True,True,True,True,True,True,True,False,False,False,14,False,0.0272752122998796,0.0899089167140512,1.0,79855879.2669306,0.3478664192949907,0.0,3.0,,,,,,0.0547665451976661,0.0174502380404798,0.2361655638060146,-1.7363967921564538,0.6311224489795919,-1.7363967921564538,0.6649478067088904,-1063.0,0.0204081632653061,0.2142857142857142,0.7346938775510204,0.1275510204081632,0.2214285714285714,東聯
40.29999923706055,40.95000076293945,40.29999923706055,40.84999847412109,890758.0,0.0174345435028437,40.68999938964844,0.0368019515758086,39.83750019073487,0.0238094464138307,39.52000013987223,-0.0768361926752296,40.60416669845581,0.0107833759632504,71.01442064223923,1361594.95,0.6542018975613857,0.0254157082783448,1712.TW,2026-09-08,0.0482791885795985,0.0418052401508683,bull,0.2384044526901669,0.2541743970315399,2026-03-31,2026-05-15,4795226000.0,1470661000.0,366591000.0,381337000.0,95797000.0,283178000.0,0.67,8094195000.0,6021995000.0,15651003000.0,7751244000.0,7899759000.0,1546139000.0,1194417000.0,5199000.0,,0.2512134935765477,274498394.1762798,9629008000.0,0.0285074427372248,0.0358464099980771,0.0180932813059968,0.981200059394217,0.3066927398208134,0.0764491600604434,0.0590541509409566,-0.0210791833061753,,,51.61483462423027,51.61483462423027,False,63.611482183368565,63.611482183368565,60.61232029358399,343.0,True,False,True,True,True,True,True,True,False,False,True,True,False,True,False,False,False,10,False,0.0336538038851625,0.0060543484980477,1.0,55621151.62987097,0.3933209647495361,1.0,3.0,,,,,,0.034997230719521,-0.0127229471123246,0.1791384817645638,-0.6315964185360838,0.5755102040816327,-0.6315964185360838,0.665327237151067,-343.0,0.6020408163265306,0.2244897959183673,0.7448979591836735,0.6234693877551021,0.5173469387755102,興農
34.25,35.099998474121094,34.099998474121094,34.849998474121094,1178379.0,0.0,35.00999984741211,0.0739598660941369,34.577499580383304,0.0690184081384581,32.49833319981893,0.1116426810227453,31.2237499554952,0.0175838713699785,56.22489615291635,2156715.25,0.5463767180206103,0.0078808154737823,1808.TW,2026-09-08,0.0482791885795985,0.0418052401508683,bull,0.1493506493506493,0.1706864564007421,2026-03-31,2026-05-15,5392216000.0,1474911000.0,1229561000.0,1153602000.0,211319000.0,942283000.0,1.06,46784978000.0,26633648000.0,51660398000.0,37973630000.0,13686768000.0,5845055000.0,11570200000.0,207356000.0,10980553000.0,0.1831818946222353,1004327686.4663897,25026750000.0,0.0401301681787043,0.068846275468394,0.0182399485191732,2.774477509957062,0.2735259492572256,0.2280251755493474,0.1747487489373571,173.44891620834682,,,72.1127428848662,72.1127428848662,False,71.6033827910731,71.6033827910731,71.73072281452137,149.0,True,False,True,True,True,True,True,True,True,True,True,True,False,True,True,False,False,12,False,0.07236264271902,0.1161375082683715,1.0,75161523.1716137,0.3571428571428571,1.0,3.0,,,,,,0.0948853173110593,0.036282204207117,0.2170106365926615,-0.7014350117830679,0.7846938775510204,-0.7014350117830679,0.8149765423410743,-149.0,0.8163265306122449,0.673469387755102,0.8775510204081632,0.8255102040816327,0.7857142857142857,潤隆
40.20000076293945,40.20000076293945,39.900001525878906,40.0,38077.0,-0.0074441499439201,40.07999954223633,0.0376135095106688,40.00499954223633,0.0592951131797774,38.98025086720784,0.0892881443968316,37.93580996195475,0.0109293041711127,50.0,70814.95,0.5376971952956262,-0.0001249729357214,1817.TW,2026-09-08,0.0482791885795985,0.0418052401508683,bull,0.2300556586270872,0.1920222634508348,2026-03-31,2026-05-15,611528000.0,237424000.0,117537000.0,116319000.0,27903000.0,87774000.0,1.21,1873263000.0,304617000.0,2963735000.0,558812000.0,2404923000.0,382710000.0,40000000.0,857000.0,,0.2398834240321873,89341821.9895288,2659118000.0,0.0335982916100484,0.0364976342277902,0.0296160081788688,0.2323617013933502,0.3882471448568176,0.1922021559110948,0.143532266715506,-0.0085682370507754,,,75.60284732958029,75.60284732958029,False,63.29777365491651,63.29777365491651,66.37404207358246,115.0,True,False,True,True,False,True,True,True,False,True,True,True,False,True,True,False,False,10,False,0.0261606611067253,0.054412705043477,1.0,2832598.0,0.7866419294990723,1.0,3.0,,,,,,0.0744074125234094,0.0598390929232317,0.2087977156237181,-0.7361960421292164,0.776530612244898,-0.7361960421292164,0.8149678638098312,-115.0,0.8673469387755102,0.5102040816326531,0.8673469387755102,0.8673469387755101,0.7602040816326531,凱撒衛
21.75,21.950000762939453,21.64999961853028,21.799999237060547,353883.0,-0.004566227543909,21.769999694824214,0.0283018137985151,21.67750005722046,0.0186915712925483,21.495000171661378,-0.0297308955008103,21.832152128219604,0.0052167820003037,58.33326710609762,283415.5,1.2486367188809362,0.0056509827939907,2020.TW,2026-09-08,0.0482791885795985,0.0418052401508683,bull,0.2755102040816326,0.274582560296846,2026-03-31,2026-05-15,1019550000.0,227468000.0,150605000.0,144594000.0,37472000.0,107154000.0,0.4,6020459000.0,4176897000.0,9016087000.0,4910199000.0,4105888000.0,726730000.0,3049213000.0,8147000.0,,0.2591532152094831,111575230.0233758,4839190000.0,0.0230565921204531,0.0260976431894878,0.0118847566577385,1.1958920944750564,0.2231062723750674,0.1477171301064195,0.105099308518464,-0.0651621971782945,,,44.504976240539534,44.504976240539534,False,69.44998121152315,69.44998121152315,63.21372996877725,438.0,True,False,True,True,True,True,True,True,False,False,True,True,True,True,False,False,False,11,False,0.0141893027663835,-0.0014727311796942,0.0,6178457.683771133,0.6660482374768089,0.0,3.0,,,,,,0.0277762386279191,0.0064126796936987,0.1302240279601752,-1.1235332309597832,0.5229591836734694,-1.1235332309597832,0.5723949522679226,-438.0,0.5204081632653061,0.336734693877551,0.5714285714285714,0.528061224489796,0.4755102040816326,美亞
49.09999847412109,50.0,48.70000076293945,49.34999847412109,12184700.0,-0.0090361600368172,49.67999954223632,0.0624326730581115,49.54999980926513,0.1305841179607474,44.4072998046875,0.3021107252574617,41.90948317845663,0.0180809558240967,45.75162486124972,18321277.3,0.665057342917898,-0.004036353903409,2027.TW,2026-09-08,0.0482791885795985,0.0418052401508683,bull,0.1660482374768089,0.1029684601113172,2026-03-31,2026-05-15,31174326000.0,8517820000.0,5633209000.0,4716863000.0,1204326000.0,2914770000.0,1.17,89517343000.0,24455518000.0,159942793000.0,66551339000.0,93391454000.0,9252095000.0,11925609000.0,29968117000.0,,0.2553235063218923,4194918326.275959,135487275000.0,0.0309617144951506,0.0312102432841446,0.0182238283159154,0.7126063054977172,0.2732318896004359,0.1807002659816927,0.0934990543179666,0.1950875950100803,,,67.77515994414823,67.77515994414823,False,67.4443413729128,67.4443413729128,67.52704601572167,180.0,True,False,True,True,False,True,True,False,True,True,True,True,False,True,True,False,False,10,False,0.1113037426543068,0.1775377487711236,1.0,904155006.7989494,0.1187384044526901,1.0,3.0,,,,,,0.0315977553816736,-0.0425524925059082,0.2947155945897639,-1.169871632132763,0.6392857142857143,-1.169871632132763,0.6765256369511097,-180.0,0.7653061224489796,0.5408163265306123,0.7551020408163265,0.7637755102040816,0.6959183673469388,大成鋼
22.64999961853028,23.950000762939453,22.64999961853028,23.799999237060547,4546173.0,0.046153812618046,23.220000076293942,0.1252954924977165,22.417499828338624,0.2761393953817204,19.56999988555908,0.5676695621147743,18.048375916481017,0.0480364641545856,69.82758223797794,3329514.4,1.3654162300664625,0.061670543963795,2030.TW,2026-09-08,0.0482791885795985,0.0418052401508683,bull,0.0816326530612244,0.0435992578849721,2026-03-31,2026-05-15,2637279000.0,397354000.0,208556000.0,212139000.0,43592000.0,168547000.0,0.61,6688220000.0,4584464000.0,12076498000.0,7059382000.0,5017116000.0,1408221000.0,3147626000.0,2063078000.0,,0.2054879112280156,165700263.18592998,7492034000.0,0.0221168594784713,0.0335943996511143,0.0139566122563014,1.4070597530533475,0.1506681697309992,0.0790799911575529,0.0639094308944939,-0.0137930957114074,,,38.807934191914576,38.807934191914576,False,79.83696149971135,79.83696149971135,69.57970467276216,542.0,True,True,True,True,True,True,True,True,True,True,True,True,True,True,False,False,False,14,False,0.2161471321531702,0.3186781651266133,1.0,79242440.17978211,0.3525046382189239,0.0,3.0,,,,,,0.0845289590044521,0.0357452916415756,0.3085161712181822,-0.5497695640701258,0.9005102040816327,-0.5497695640701258,0.9077493192344454,-542.0,0.4387755102040816,0.6224489795918368,0.9897959183673468,0.5214285714285714,0.6040816326530613,彰源
21.350000381469727,22.39999961853028,20.950000762939453,22.39999961853028,2647235.0,0.0591016559123165,21.109999847412112,0.1172070060295051,20.710000038146973,0.1697127971143754,19.29333340326945,0.2537081588461838,18.739352973302207,0.0198202614965338,71.42856226963563,649830.3,4.0737327883910615,0.0816030698826844,2069.TW,2026-09-08,0.0482791885795985,0.0418052401508683,bull,0.0871985157699443,0.0825602968460111,2026-03-31,2026-05-15,2302863000.0,277674000.0,137979000.0,128564000.0,22373000.0,106191000.0,0.64,4252225000.0,3913450000.0,9681868000.0,5325210000.0,4356658000.0,267712000.0,2834868000.0,1356137000.0,,0.174022276842662,113967580.26352634,5768418000.0,0.019757163968271,0.0243744172712202,0.0109680280706161,1.2223153619127325,0.1205777330218949,0.0599162868134144,0.0461125998376803,-0.1384973197554728,,,30.045180578249248,30.045180578249248,False,77.12029292930842,77.12029292930842,65.35151484154363,682.0,True,True,True,True,True,True,True,True,True,True,True,True,False,True,False,False,False,13,False,0.1610227818244394,0.1953454129629428,1.0,14556198.472109416,0.5686456400742115,0.0,3.0,,,,,,0.0754479960324756,0.0375186902495477,0.3100925504456579,-1.116601637308026,0.8673469387755103,-1.116601637308026,0.8381158202991987,-682.0,0.3469387755102041,0.4183673469387755,0.8979591836734694,0.4295918367346938,0.4785714285714286,運錩
26.39999961853028,26.799999237060547,26.39999961853028,26.75,161566.0,-0.0092592592592593,26.739999771118164,0.0490196078431373,26.450000095367432,0.0615079043703865,25.928333282470703,0.1252991934824505,25.10093418757121,0.0122464592240726,66.66666666666681,290795.55,0.5555999739335764,0.0113421513629827,2107.TW,2026-09-08,0.0482791885795985,0.0418052401508683,bull,0.2012987012987013,0.1883116883116883,2026-03-31,2026-05-15,327504000.0,108944000.0,61789000.0,88780000.0,18672000.0,70108000.0,0.23,11124237000.0,2061631000.0,15861263000.0,2536045000.0,13325218000.0,807947000.0,1085000000.0,220797000.0,,0.2103176391079071,48793683.39716153,13799632000.0,0.0035358684490399,0.0052613022916398,0.0044200767618568,0.1903192127888639,0.332649372221408,0.1886663979676584,0.2140676144413503,-0.1658159366690099,,,41.47495597513323,41.47495597513323,False,68.90212973719885,68.90212973719885,62.04533629668245,490.0,True,False,True,True,True,True,True,True,True,True,True,True,False,True,False,False,False,12,False,0.0316899165317656,0.0656973879978271,1.0,7778780.962499999,0.6437847866419295,0.0,3.0,,,,,,0.0428227798964449,0.015444962789092,0.1838307318202016,-1.522034564646371,0.5535714285714286,-1.522034564646371,0.5704334450328457,-490.0,0.5,0.2959183673469387,0.5612244897959183,0.5091836734693878,0.4510204081632653,厚生
24.200000762939453,24.25,23.799999237060547,23.799999237060547,59930.0,-0.0062631115282059,23.82999954223633,0.0347825755243715,23.649999809265136,0.1212366221360876,22.19833329518636,0.1754899627835346,21.062433258692423,0.0144772077646422,68.29268973473887,68642.35,0.8730761694493268,0.0063424705710419,2115.TW,2026-09-08,0.0482791885795985,0.0418052401508683,bull,0.2458256029684601,0.1085343228200371,2026-03-31,2026-05-15,795763000.0,146418000.0,55001000.0,50773000.0,23159000.0,28129000.0,0.27,2550411000.0,942761000.0,4966182000.0,1610225000.0,3355957000.0,883919000.0,179756000.0,658841000.0,,0.4,33000600.0,4023421000.0,0.0082021245104601,0.0083818118050976,0.0056641097728597,0.4798109749320388,0.1839969940798956,0.0691173125666812,0.0353484643040704,-0.0114512019538349,,,30.9467161073479,30.9467161073479,False,67.33742446054447,67.33742446054447,58.239747372245326,665.0,True,False,True,True,True,True,True,True,False,True,True,True,True,True,False,False,False,12,False,0.0721525314795368,0.1299738707653037,1.0,1633687.877630043,0.849721706864564,0.0,3.0,,,,,,0.0561320241250746,0.0347525443195482,0.2374463036611231,-1.2351979522570014,0.7198979591836734,-1.2351979522570014,0.7811566890833536,-665.0,0.3775510204081632,0.1632653061224489,0.8571428571428571,0.4494897959183673,0.4091836734693878,六暉-KY
30.799999237060547,31.0,30.39999961853028,30.450000762939453,5926481.0,-0.0333333091130332,31.14000015258789,0.0972973247906108,29.33558778762817,0.0836299056785569,28.34936253229777,0.0836299056785569,27.87301465670268,0.0320134115138421,67.22987862078674,4644714.4,1.275962414395167,0.0379884317770944,2201.TW,2026-09-08,0.0482791885795985,0.0418052401508683,bull,0.1103896103896103,0.1493506493506493,2026-03-31,2026-05-15,16975232000.0,5600166000.0,1529772000.0,1410701000.0,356383000.0,363664000.0,0.35,258394518000.0,257093889000.0,369722615000.0,273701167000.0,96021448000.0,11770568000.0,38309974000.0,7312596000.0,1700000000.0,0.2526283032336406,1143308295.3056672,112628726000.0,0.0101511251694853,0.0037873205161413,0.0009836130797679,2.850416992253648,0.3299021774783402,0.0901178846922386,0.0214232123602198,-0.0348376488341026,,,22.837441404461494,22.837441404461494,False,76.49784753283335,76.49784753283335,63.08274600074038,815.0,True,True,True,True,True,True,True,True,True,True,True,True,True,True,False,False,False,14,False,0.0740982527648892,0.0924545169575723,1.0,141431557.02363586,0.2866419294990723,1.0,3.0,,,,,,0.0475469169596396,-0.0065529721319159,0.2622667037064503,-1.0692820952925253,0.7,-1.0692820952925253,0.7204050355774493,-815.0,0.2142857142857142,0.3265306122448979,0.7755102040816326,0.298469387755102,0.360204081632653,裕隆
535.0,538.0,529.0,535.0,200203.0,0.0328185328185328,530.2,0.0469667318982387,519.7,0.1542610571736784,500.7083333333333,0.1133537249529421,483.1649574279785,0.0082452226210107,69.86301369863014,248613.4,0.8052783960961075,0.0294400615739849,2207.TW,2026-09-08,0.0482791885795985,0.0418052401508683,bull,0.2059369202226345,0.0890538033395176,2026-03-31,2026-05-15,71331231000.0,,,,1278339000.0,4429572000.0,7.95,371776395000.0,39724833000.0,525151865000.0,369092964000.0,116334068000.0,33821612000.0,111314642000.0,1403494000.0,,,,485427032000.0,,0.0380763096842792,0.0084348400819256,3.1726988520679944,,,0.0620986339069348,-0.0236719001813244,,,23.69838641660918,23.69838641660918,False,69.20109277585384,69.20109277585384,57.825416186042666,793.0,True,False,True,True,True,True,True,True,False,True,True,True,True,True,False,False,False,12,False,0.0684863110593325,0.1072822889473481,1.0,133008169.0,0.2912801484230056,3.0,3.0,,,,,,0.0507242256378641,-0.0215101843524855,0.2524754048077512,-0.7955627537291506,0.6959183673469389,-0.7955627537291506,0.6460297617751747,-793.0,0.2551020408163265,0.1530612244897959,0.6530612244897959,0.3147959183673469,0.3040816326530612,和泰車
300.0,301.5,289.0,291.0,18948936.0,-0.0316139767054908,302.4,0.0937971055721149,287.41576690673827,0.4024096385542168,241.78965504964196,0.7425149700598803,215.17816085815429,0.0413842445853818,55.66343042071197,34054273.45,0.5564334246573097,0.012470551396106,2301.TW,2026-09-08,0.0482791885795985,0.0418052401508683,bull,0.1168831168831168,0.0213358070500927,2026-03-31,2026-05-15,43407292000.0,9402933000.0,4099305000.0,4969901000.0,1195242000.0,3775414000.0,1.66,165353065000.0,116511425000.0,210691221000.0,122427807000.0,88263414000.0,71133162000.0,13521025000.0,3000000000.0,,0.2404961386554782,3113437976.3289046,94179796000.0,0.0330584489302663,0.0427743934763275,0.0179191804104642,1.3870730969006029,0.2166210460675593,0.0944381649055647,0.0869764923368175,0.1919657430575541,,,57.60700281241379,57.60700281241379,False,76.06980217883186,76.06980217883186,71.45410233722734,288.0,True,True,True,True,True,True,True,True,True,True,True,True,False,True,False,False,False,13,False,0.2035254359424709,0.3523677256068174,1.0,9909793573.95,0.0213358070500927,2.0,3.0,,,,,,0.0258903418500277,-0.0349337974927073,0.2951928635230103,-1.0135896014865062,0.6586734693877552,-1.0135896014865062,0.6480606380483228,-288.0,0.6530612244897959,0.6632653061224489,0.6632653061224489,0.6545918367346939,0.6581632653061225,光寶科
33.95000076293945,36.20000076293945,32.75,33.20000076293945,21618687.0,0.1235195133711275,31.520000457763672,0.2183486518509891,29.23499994277954,0.2028985617416692,32.2641666730245,1.2059800891815375,25.339583317438763,0.0335867102878683,73.8805999891822,6779121.2,3.18901025106322,0.1356251352119186,2305.TW,2026-09-08,0.0482791885795985,0.0418052401508683,bull,0.0324675324675324,0.0667903525046382,2026-03-31,2026-05-15,246934000.0,104237000.0,18562000.0,63999000.0,14151000.0,32176000.0,0.16,1660268000.0,336947000.0,3155900000.0,667749000.0,2488151000.0,393143000.0,0.0,,,0.221112829887967,14457703.651619555,2818953000.0,0.0051287494511684,0.0129316910428667,0.0101955068284799,0.2683715739117119,0.4221249402674399,0.0751698834506386,0.1303020240226133,0.4915977046209605,,,55.093877523246825,55.093877523246825,False,72.35621521335807,72.35621521335807,68.04063079083026,307.0,True,False,True,True,True,False,True,False,True,True,False,True,False,True,False,False,False,9,False,0.0290053699325012,0.310203105829729,1.0,225066829.01205903,0.2309833024118738,1.0,3.0,,,,,,-0.0584530771193589,-0.145424578752263,0.1727874145685309,-1.9494227677077984,0.1494897959183673,-1.9494227677077984,0.204412757722301,-307.0,0.6428571428571429,0.5612244897959183,0.1224489795918367,0.564795918367347,0.5142857142857142,全友
39.84999847412109,39.900001525878906,38.59999847412109,39.04999923706055,70014308.0,-0.0213033146945383,39.82999954223633,0.0757575773498193,40.179999923706056,0.031704116547321,37.45416660308838,0.2317501981027261,34.67758593559265,0.0199911150986914,49.09090858648603,118336976.5,0.5916519930691317,-0.0281234616423882,2324.TW,2026-09-08,0.0482791885795985,0.0418052401508683,bull,0.1447124304267161,0.2430426716141001,2026-03-31,2026-05-15,201303536000.0,10597495000.0,2644084000.0,3090596000.0,699988000.0,1967195000.0,0.45,372539532000.0,285043722000.0,452433934000.0,306525209000.0,145908725000.0,84569615000.0,55846516000.0,11898445000.0,,0.2264896479513983,2045226345.6860747,167390212000.0,0.0122183150451238,0.013482367144254,0.0043480270867569,2.100801093286231,0.0526443559342146,0.0131348115017711,0.009772282390509,0.0110778585236814,,,17.5664711440274,17.5664711440274,False,64.58256029684601,64.58256029684601,52.82853800864136,899.0,True,False,True,True,False,True,True,False,True,False,True,True,False,True,False,False,False,9,False,0.0426076129495449,0.1260875918407025,1.0,4621058842.041052,0.0454545454545454,1.0,3.0,,,,,,-0.0176849212317298,-0.0610261914968095,0.240110678758759,-1.5760544872398272,0.3775510204081633,-1.5760544872398272,0.418123840445269,-899.0,0.1530612244897959,0.0510204081632653,0.3979591836734694,0.1897959183673469,0.1714285714285714,仁寶
2465.0,2505.0,2460.0,2470.0,28362419.0,0.0122950819672131,2423.0,0.0313152400835072,2407.0,0.04,2397.583333333333,0.3000470244702646,2264.2284261067707,0.0041718815185648,67.64705882352942,17527617.2,1.6181560035439386,0.0261736601578728,2330.TW,2026-09-08,0.0482791885795985,0.0418052401508683,bull,0.2606679035250464,0.2282003710575139,2026-03-31,2026-05-15,1134103440000.0,751295421000.0,658966142000.0,687799687000.0,114998383000.0,572479752000.0,22.08,4265512176000.0,1714253448000.0,8660949685000.0,2728560764000.0,5932388921000.0,3035637228000.0,,40991672000.0,860026070000.0,0.167197492487373,548788655423.5218,6946696237000.0,0.0789999500050863,0.096500711538565,0.0660989582922395,0.4599430010971123,0.6624575805889452,0.5810458894296273,0.5047861877572649,0.351323787607557,,,99.15374073493592,99.15374073493592,True,71.11917101973465,71.11917101973465,78.12781344853497,5.0,True,False,True,True,True,True,True,True,False,False,True,True,True,True,True,True,True,12,False,0.0302040248861701,0.0908793351062389,1.0,43293214484.0,0.0018552875695732,3.0,0.0,,,,,,5.2201218193329626e-06,-0.1273412714344243,0.1195087604515138,-1.3936465222338186,0.2683673469387755,-1.3936465222338186,0.281075520310138,-5.0,0.9897959183673468,0.8163265306122449,0.1836734693877551,0.8688775510204081,0.7765306122448979,台積電
233.5,235.0,218.0,227.5,6826866.0,0.0066371681415928,230.5,0.3421828908554571,206.15,0.2364130434782609,190.8452596028646,1.3333333333333337,173.44512977600098,0.0796019900497513,68.88888888888889,5718572.3,1.1938060134345072,0.1035653650254668,2351.TW,2026-09-08,0.0482791885795985,0.0418052401508683,bull,0.0176252319109461,0.0538033395176252,2026-03-31,2026-05-15,2805040000.0,536428000.0,271819000.0,291916000.0,59272000.0,221741000.0,1.22,7664285000.0,3511531000.0,13387353000.0,5808485000.0,7578868000.0,1087862000.0,1177901000.0,596426000.0,1147119000.0,0.2030447114923471,216627589.5668617,9875822000.0,0.0219351452027853,0.0292577994497331,0.0165634685213723,0.7664053523560511,0.1912372016085332,0.0969037874682714,0.0790509226249893,0.1104464802119675,,,50.10730286570861,50.10730286570861,False,84.60622465337536,84.60622465337536,75.98149420645868,364.0,True,True,True,True,True,True,True,True,True,True,True,True,True,True,False,False,False,14,False,0.1920652389973496,0.3116540100826654,1.0,1300975198.25,0.1011131725417439,2.0,3.0,,,,,,0.0093955005010719,-0.0869829834285434,0.3240702920655775,-1.2921531496342265,0.553061224489796,-1.2921531496342265,0.4738608185678415,-364.0,0.5816326530612245,0.7959183673469388,0.4693877551020408,0.5647959183673469,0.6234693877551021,順德
66.19999694824219,66.30000305175781,64.30000305175781,64.5,16236160.0,-0.0212443322224981,65.15999984741211,0.0287081214538753,62.91500015258789,0.1491925272493595,58.48709125518799,0.205607476635514,56.42559947967529,0.0175481163858765,63.703710401665134,12389500.35,1.3104773833756742,0.0251927178505604,2354.TW,2026-09-08,0.0482791885795985,0.0418052401508683,bull,0.274582560296846,0.0936920222634508,2026-03-31,2026-05-15,25274831000.0,1224398000.0,373042000.0,939869000.0,285306000.0,663384000.0,0.47,119608118000.0,42954189000.0,150753789000.0,44332160000.0,106421629000.0,18348663000.0,13096824000.0,,,0.3035593258209388,259801621.9771053,107799600000.0,0.0024100425416894,0.0062335448746043,0.0044004466116602,0.4165709585219749,0.0484433704027536,0.0147594260867659,0.0262468223823138,-0.1575198993297046,,,17.738249987351253,17.738249987351253,False,76.10280464833552,76.10280464833552,61.51166598308946,896.0,True,True,True,True,True,True,True,True,False,True,True,True,True,True,False,False,False,13,False,0.1028074505975478,0.143098178748338,1.0,799122772.5749999,0.1326530612244898,1.0,3.0,,,,,,-0.0114643870249867,-0.0542498986418391,0.1551409082811744,-1.8444999913107123,0.2602040816326531,-1.8444999913107123,0.2638511611541168,-896.0,0.1632653061224489,0.2551020408163265,0.173469387755102,0.1647959183673469,0.1928571428571428,鴻準
992.0,992.0,956.0,968.0,4961634.0,-0.0415841584158416,994.6,0.1537544696066746,956.3,0.3002364407307691,807.3376658121745,0.7336485876410255,711.9496643066407,0.0461084067166219,57.93357933579336,4047835.0,1.2257500614526036,0.0122346543971556,2357.TW,2026-09-08,0.0482791885795985,0.0418052401508683,bull,0.0602968460111317,0.0398886827458256,2026-03-31,2026-05-15,208369726000.0,30970538000.0,11895859000.0,13859608000.0,2702804000.0,9797017000.0,13.19,485857648000.0,327627459000.0,671441698000.0,354711686000.0,316730012000.0,57955263000.0,41417377000.0,275376000.0,,0.1950130191272365,9576011621.29809,343814239000.0,0.0278522833991703,0.0309317608967223,0.0145910166574134,1.1199181402487366,0.1486326185407567,0.0570901504184921,0.0470174683629425,0.4108280576281871,,,51.58078089609261,51.58078089609261,False,81.68754852488102,81.68754852488102,74.16085661768392,344.0,True,True,True,True,True,True,True,True,True,True,True,True,True,True,False,False,False,14,False,0.1990026490665473,0.3596466836496421,1.0,3918304280.0,0.0510204081632653,3.0,3.0,,,,,,0.0982848721700584,0.0101308681574381,0.3200882660185588,-0.6418461301927908,0.8938775510204082,-0.6418461301927908,0.885116506372664,-344.0,0.5918367346938775,0.7448979591836735,0.9693877551020408,0.648469387755102,0.713265306122449,華碩
157.5,157.5,152.5,152.5,9088126.0,-0.0097402597402597,155.6,0.0194874102856812,150.27756042480468,0.0892857142857141,145.6448750813802,0.5641025641025641,126.60743738810224,0.0066512889658945,61.135367105451216,15759878.25,0.5766621959785762,0.0147888984151254,2377.TW,2026-09-08,0.0482791885795985,0.0418052401508683,bull,0.323747680890538,0.1382189239332096,2026-03-31,2026-05-15,56256838000.0,8440506000.0,3876357000.0,4133431000.0,716617000.0,3416814000.0,4.04,106512512000.0,56814984000.0,119099762000.0,64185562000.0,54914200000.0,25875075000.0,0.0,6305082000.0,,0.1733709840565864,3204309172.355363,62284778000.0,0.0514461040923251,0.0622209555998266,0.0286886719387398,1.1688335985956273,0.1500352010541367,0.0689046369794192,0.0607359766647389,0.0507372103469625,,,60.05362798212559,60.05362798212559,False,72.91409678126827,72.91409678126827,69.6989795814826,263.0,True,False,True,True,True,True,True,True,False,True,True,True,False,True,True,False,False,11,False,0.0470673953669118,0.2045105970554221,1.0,2403381433.125,0.0677179962894248,2.0,3.0,,,,,,0.0395455804976807,-0.0083667126292274,0.2406543593447964,-0.9033707025081898,0.6591836734693878,-0.9033707025081898,0.659757555808247,-263.0,0.673469387755102,0.6326530612244898,0.7142857142857143,0.6795918367346938,0.6693877551020408,微星
44.400001525878906,45.0,42.59999847412109,42.79999923706055,3500362.0,-0.0675381739817708,44.71999893188477,0.0808081031879506,43.44999961853027,0.0633540183120633,39.02414995829265,0.1536388408995614,38.18249162038168,0.0415917453736988,56.410252110797735,6468689.55,0.5411238200479106,-0.0149597327313327,2392.TW,2026-09-08,0.0482791885795985,0.0418052401508683,bull,0.1363636363636363,0.1818181818181818,2026-03-31,2026-05-15,20284345000.0,3918165000.0,2024943000.0,2036754000.0,252111000.0,-210762000.0,-0.46,65961303000.0,65464823000.0,123191294000.0,95674753000.0,27516541000.0,21416412000.0,16445470000.0,26655579000.0,0.0,0.1237807805950055,1774293974.7996078,57726471000.0,0.0307362280088039,-0.0076594656283287,-0.0017108514177958,3.476990549066469,0.1931620173094078,0.0998278721841893,-0.0103903774068129,-0.0513983335778374,,,22.851074819845003,22.851074819845003,False,71.26391648674496,71.26391648674496,59.16070607001997,811.0,True,False,True,True,False,True,True,True,True,True,True,True,False,True,False,False,False,11,False,0.096756733530477,0.1209325903240443,1.0,276859907.8047815,0.2152133580705009,1.0,3.0,,,,,,0.0628989667058964,0.0224921289024458,0.2848840391362419,-0.1348749275274321,0.8454081632653061,-0.1348749275274321,0.8708089928592869,-811.0,0.2244897959183673,0.1938775510204081,0.9489795918367347,0.3331632653061224,0.360204081632653,正崴
527.0,540.0,524.0,531.0,76050592.0,0.0250965250965251,507.9,0.0858895705521471,514.15,0.3426042983565107,457.6224817911784,0.923913043478261,365.5987408955892,0.0185726313704125,60.54852320675106,82211658.7,0.925058479570611,0.0327725371973159,2408.TW,2026-09-08,0.0482791885795985,0.0418052401508683,bull,0.1289424860853432,0.0352504638218923,2026-03-31,2026-05-15,49086932000.0,33325482000.0,30111283000.0,31718134000.0,5659880000.0,26059487000.0,8.41,141606845000.0,25207062000.0,240968098000.0,47930660000.0,193037438000.0,86281008000.0,0.0,13800000000.0,3996400000.0,0.1784430319892084,24738134364.394894,215761036000.0,0.1146552446308929,0.1349970620724877,0.1081449669740099,0.2482972240856201,0.6789074126694249,0.6134276837672398,0.5308844113541258,5.829068133568171,,,100.0,100.0,True,82.47986770694769,82.47986770694769,86.85990078021076,2.0,True,True,True,True,True,True,True,True,True,True,True,True,True,True,True,True,True,15,True,0.1603450903933194,0.4524120042077704,1.0,43654390769.700005,0.0009276437847866,3.0,0.0,,,,,,-0.0897731724739154,-0.1998162730927383,0.1825614032078416,-1.520590632131228,0.1903061224489796,-1.520590632131228,0.2499952926463335,-2.0,1.0,0.9897959183673468,0.1632653061224489,0.8744897959183673,0.8295918367346938,南亞科
28.799999237060547,30.700000762939453,28.200000762939453,29.600000381469727,623010661.0,0.121212151862811,27.60999984741211,0.134099614898278,26.3774998664856,0.2282157640225142,26.98695561091105,0.8271604313245029,23.263894486427308,0.0220866020906374,76.33588675414637,185664340.75,3.355575219685797,0.122168534974709,2409.TW,2026-09-08,0.0482791885795985,0.0418052401508683,bull,0.0695732838589981,0.0565862708719851,2026-03-31,2026-05-15,69031355000.0,8183487000.0,-635608000.0,-501422000.0,538028000.0,-1143537000.0,-0.15,139726713000.0,124948160000.0,376390658000.0,214627241000.0,161763417000.0,53064131000.0,12198589000.0,72270609000.0,,0.0,-635608000.0,251442498000.0,-0.0025278463468017,-0.0070691941429501,-0.0030381652033457,1.3267971521645094,0.118547390529999,-0.0092075260582672,-0.0165654723132698,-0.0425858019689946,,,11.660468541521832,11.660468541521832,False,71.49814471243042,71.49814471243042,56.53872566970327,1018.0,True,False,True,True,True,False,True,False,True,True,False,True,False,True,False,False,False,9,False,0.0968262151623431,0.2723579192099177,1.0,5495664557.025326,0.0352504638218923,0.0,3.0,,,,,,-0.0767610772997598,-0.1771014828932674,0.2293443736811947,-1.93850617334238,0.2040816326530612,-1.93850617334238,0.1984125300334821,-1018.0,0.0612244897959183,0.1326530612244898,0.1122448979591836,0.0688775510204081,0.0928571428571428,友達
172.0,172.0,165.5,168.0,3285295.0,-0.0508474576271186,170.0,0.108910891089109,156.975,0.1748251748251748,145.33333333333334,0.1464604671228122,143.42836125691733,0.0337504115903852,64.74358974358975,5038852.2,0.6519927296140974,0.0702341137123745,2421.TW,2026-09-08,0.0482791885795985,0.0418052401508683,bull,0.1011131725417439,0.0779220779220779,2026-03-31,2026-05-15,5019470000.0,1589335000.0,788361000.0,804772000.0,155735000.0,649037000.0,2.36,14963066000.0,7265103000.0,19420226000.0,8096459000.0,11323767000.0,6013084000.0,462398000.0,0.0,,0.1935144363869518,635801765.4155462,12155123000.0,0.0523073082366625,0.0573163506455051,0.0334206718294627,0.7149969617001127,0.3166340270984785,0.157060606000235,0.1293038906498096,0.2059937007805909,,,81.54483186948244,81.54483186948244,False,81.71185152551611,81.71185152551611,81.67009661150769,79.0,True,True,True,True,True,True,True,True,True,True,True,True,False,True,True,False,False,13,False,0.1559633027522935,0.1713164574129695,1.0,846527169.6,0.12430426716141,2.0,2.0,,,,,,0.0089886850889531,-0.0605055708821563,0.273911803954029,-1.5129840855073795,0.4918367346938775,-1.5129840855073795,0.4985274454609431,-79.0,0.8979591836734694,0.9285714285714286,0.5,0.8382653061224489,0.8275510204081632,建準
100.5,102.5,97.0999984741211,97.5,39904789.0,-0.0930232558139535,100.11999969482422,0.5069552488232218,87.05999984741212,0.3034758826484931,74.42249978383383,1.545432345872316,66.24503548940022,0.1110969297706856,69.43346274151958,48814327.65,0.8174810741247606,0.1199173003777374,2426.TW,2026-09-08,0.0482791885795985,0.0418052401508683,bull,0.0037105751391465,0.0389610389610389,2026-03-31,2026-05-15,545147000.0,107038000.0,16725000.0,17730000.0,1096000.0,16634000.0,0.06,2649632000.0,798477000.0,4627612000.0,866690000.0,3760922000.0,615916000.0,52733000.0,0.0,,0.0618161308516638,15691125.211505923,3829135000.0,0.0040978250209266,0.004422851630531,0.0035945105164391,0.2304461512363191,0.1963470403395781,0.0306797982929375,0.0305128708403421,-0.0985551006369594,,,23.08242867683808,23.08242867683808,False,84.5372509793671,84.5372509793671,69.17354540373485,806.0,True,True,True,True,True,True,True,True,True,True,True,False,True,True,False,False,False,13,False,0.3100876789035123,0.4718084046554831,1.0,4759396945.875,0.0435992578849721,1.0,3.0,,,,,,-0.0477165536962982,-0.1631040737181966,0.1961989901381637,-1.798581567612457,0.2035714285714286,-1.798581567612457,0.1585464976570947,-806.0,0.2346938775510204,0.6020408163265306,0.0918367346938775,0.2132653061224489,0.3163265306122449,鼎元
63.29999923706055,64.4000015258789,61.29999923706055,61.70000076293945,582650.0,-0.0953078662193439,64.58000106811524,0.2591836890395806,56.48500022888184,0.7858177170885745,56.670833651224775,1.0950763723097805,43.9058335463206,0.047084996737336,64.3576856450913,1115731.0,0.5222136877078795,0.0923254052036117,2434.TW,2026-09-08,0.0482791885795985,0.0418052401508683,bull,0.023191094619666,0.0092764378478664,2026-03-31,2026-05-15,10860000.0,-2848000.0,-16820000.0,-1310000.0,3419000.0,-4729000.0,-0.13,108102000.0,111881000.0,690037000.0,222180000.0,467857000.0,67489000.0,60000000.0,62087000.0,,0.0,-16820000.0,578156000.0,-0.0290924940673451,-0.0101077893458898,-0.0068532556949844,0.4748886946225021,-0.2622467771639042,,-0.435451197053407,0.0598223870401093,,,22.24637294998911,22.24637294998911,False,78.03537815430178,78.03537815430178,64.08812685322361,821.0,True,True,True,True,True,False,True,True,True,True,True,True,False,True,False,False,False,12,False,0.0887434820999142,0.4052802504670827,1.0,68840603.5512352,0.3673469387755102,1.0,3.0,,,,,,-0.1260687515110917,-0.2243464317955127,0.0661569515402831,-2.071416849857131,0.0331632653061224,-2.071416849857131,0.0912324147840136,-821.0,0.2040816326530612,0.3673469387755102,0.0408163265306122,0.1795918367346938,0.2204081632653061,統懋
4800.0,4830.0,4685.0,4710.0,6481011.0,0.0915411355735804,4500.0,0.171641791044776,4087.75,0.0536912751677851,3979.79248046875,1.7225433526011562,3446.312906901041,0.0341534374802352,75.07246376811594,8001283.45,0.8099964262608395,0.1522231056204512,2454.TW,2026-09-08,0.0482791885795985,0.0418052401508683,bull,0.0510204081632653,0.2003710575139146,2026-03-31,2026-05-15,149150510000.0,69055353000.0,22890845000.0,27019390000.0,2643006000.0,24153980000.0,15.17,378185472000.0,309807293000.0,738776057000.0,340329102000.0,398446955000.0,184514674000.0,16440000000.0,120000000.0,,0.0978188626760263,20651688576.4068,428968764000.0,0.0481426395335553,0.0606203151935243,0.0326945896136425,0.8541390459364911,0.4629910618475257,0.1534748020640358,0.1619436634846237,-0.0271454326245333,,,78.23114789730103,78.23114789730103,False,78.46011131725417,78.46011131725417,78.40287046226588,95.0,True,True,True,True,True,True,True,False,True,True,True,True,True,False,True,False,False,12,False,0.1834787927045995,0.3666779910113495,1.0,37686045049.5,0.0027829313543599,3.0,2.0,,,,,,0.0244495247064578,-0.0277095301837246,0.3079016426559927,0.6463473484963913,0.7147959183673469,0.6463473484963913,0.7062589363369766,-95.0,0.8877551020408163,0.826530612244898,0.7653061224489796,0.8693877551020408,0.8448979591836734,聯發科
206.0,210.0,192.0,194.5,16568615.0,0.0569009671076601,206.5,0.0373333333333334,192.8290687561035,0.1896024464831804,171.1263562520345,1.443467383523057,142.25234483083088,0.0386471465348054,54.75019503293815,18115183.45,0.9146258466402668,0.0086653493411303,2464.TW,2026-09-08,0.0482791885795985,0.0418052401508683,bull,0.2328385899814471,0.0714285714285714,2026-03-31,2026-05-15,1864911000.0,348125000.0,41838000.0,53528000.0,4046000.0,49169000.0,0.24,7398797000.0,5883475000.0,11317462000.0,6229196000.0,5088266000.0,1831434000.0,460111000.0,103169000.0,0.0,0.0755866088775967,38675607.45777911,5433987000.0,0.0071173536958736,0.00966321336188,0.0043445253008139,1.2242276641983734,0.1866711065568276,0.0224343145597832,0.0263653332518281,0.0786759589539871,,,25.84400824761181,25.84400824761181,False,70.00701271875667,70.00701271875667,58.966261600970455,756.0,True,False,True,True,True,True,True,True,False,True,True,True,True,True,False,False,False,12,False,0.1365870474887038,0.3672885338466862,1.0,3523403181.025,0.0538033395176252,2.0,3.0,,,,,,-0.079799338329673,-0.1935020782081381,0.174488833574624,-1.7923459556084609,0.1494897959183673,-1.7923459556084609,0.1127674173117522,-756.0,0.2959183673469387,0.1836734693877551,0.0714285714285714,0.2622448979591836,0.2173469387755102,盟立
106.0,107.0,95.5,96.9000015258789,6734299.0,0.0114822384037589,99.95999908447266,0.1150747965985017,94.28499984741212,0.1674698979021556,84.09000015258789,0.5188088195084337,78.13333352406819,0.0345073479214265,61.60337702154837,5697235.95,1.182029155734721,0.0277350764458697,2465.TW,2026-09-08,0.0482791885795985,0.0418052401508683,bull,0.0918367346938775,0.0844155844155844,2026-03-31,2026-05-15,1569188000.0,167121000.0,92107000.0,130068000.0,22277000.0,107791000.0,1.15,1574817000.0,638916000.0,1902288000.0,697716000.0,1204572000.0,319532000.0,112731000.0,0.0,,0.1712719500568933,76331654.49610972,1263372000.0,0.0604189854580517,0.0894848958800304,0.0566638700344006,0.5792231597613094,0.1065015791606869,0.0586972370423429,0.0686922153368493,0.9128577645528606,,,73.28778007996519,73.28778007996519,True,83.29225543757435,83.29225543757435,80.79113659817207,133.0,True,True,True,True,True,True,True,True,True,True,True,True,True,True,True,True,False,14,False,0.1523367980740428,0.2401877298122681,1.0,552062172.2482922,0.160482374768089,1.0,3.0,,,,,,-0.0309366789109757,-0.1465802216547659,0.1908970887016622,-2.028942458633997,0.1775510204081632,-2.028942458633997,0.1763750097740245,-133.0,0.8367346938775511,0.9081632653061223,0.1020408163265306,0.7265306122448979,0.7112244897959183,麗臺
622.0,637.0,605.0,610.0,1186773.0,-0.0224358974358974,607.2,0.1466165413533835,578.0,0.0690789860744949,564.5032908121744,0.535634696735948,548.6524106343587,0.0375157063363848,66.32124352331606,1333579.9,0.8899151824348883,0.0553633217993079,2467.TW,2026-09-08,0.0482791885795985,0.0418052401508683,bull,0.0630797773654916,0.1697588126159554,2026-03-31,2026-05-15,2261506000.0,1118836000.0,551124000.0,613560000.0,131154000.0,466168000.0,3.06,8668744000.0,7397306000.0,20907953000.0,12303757000.0,8604196000.0,2586058000.0,930000000.0,2672580000.0,1609684000.0,0.2137590455701153,433316259.7692157,13510647000.0,0.0320722064434971,0.0541791470115278,0.0222962047025837,1.4299717254232702,0.4947305025942889,0.243697783689276,0.2061316662436447,0.7275418248873835,,,82.91061822425604,82.91061822425604,False,77.56475370989418,77.56475370989418,78.90121983848465,67.0,True,True,True,True,True,True,True,True,True,True,True,True,True,True,True,False,False,14,False,0.080596003474785,0.1118150365815588,1.0,813483739.0,0.1307977736549165,3.0,2.0,,,,,,0.0264655483312022,-0.067867166584312,0.2878223344128343,-0.5691503577744412,0.6362244897959183,-0.5691503577744412,0.6561967315661896,-67.0,0.9285714285714286,0.8469387755102041,0.6938775510204082,0.8933673469387755,0.8571428571428571,志聖
43.0,43.0,40.5,40.59999847412109,1320584.0,-0.1125683393634735,44.119999694824216,0.187134431824836,42.36500015258789,0.1802324614310835,36.86916666030884,1.45317222632888,28.50583333969116,0.0745038306686012,52.538856539734105,2473137.6,0.5339710980901345,-0.0416617885544604,2491.TW,2026-09-08,0.0482791885795985,0.0418052401508683,bull,0.0445269016697588,0.075139146567718,2026-03-31,2026-05-15,35944000.0,5341000.0,-45575000.0,117289000.0,-67000.0,70043000.0,0.85,1624764000.0,245075000.0,1724545000.0,273979000.0,1450566000.0,105525000.0,,0.0,,0.0,-45575000.0,1479470000.0,-0.0308049504214347,0.0482866687899757,0.040615350715696,0.1888773072028435,0.1485922546182951,,1.9486701535722235,-0.1873756556339302,,,45.70697288449711,45.70697288449711,False,72.38444377430773,72.38444377430773,65.71507605185508,423.0,True,False,True,True,False,True,True,True,True,True,True,True,False,True,False,False,False,11,False,0.1011911076858878,0.4242698324342675,1.0,100409382.7862915,0.3256029684601113,1.0,3.0,,,,,,-0.0165612491260141,-0.116574279130462,0.223294569581417,-1.7078100594518386,0.2938775510204082,-1.7078100594518386,0.3379562943764554,-423.0,0.5408163265306123,0.4489795918367347,0.2959183673469387,0.5040816326530613,0.4642857142857143,吉祥全
8.550000190734863,8.5600004196167,8.470000267028809,8.470000267028809,684640.0,0.0204819364322079,8.418000221252441,0.0266666990337949,8.33700008392334,0.0418204363840002,8.318989372253418,0.0329268858590214,8.13857802549998,0.0030680396103858,70.76927817082225,760851.85,0.8998335221239194,0.0159530024909009,2511.TW,2026-09-08,0.0482791885795985,0.0418052401508683,bull,0.2847866419294991,0.2254174397031539,2026-03-31,2026-05-15,2153305000.0,656416000.0,141991000.0,111197000.0,17527000.0,101951000.0,0.06,21371055000.0,5666639000.0,47461368000.0,21286102000.0,26175266000.0,7872086000.0,536900000.0,4267000000.0,4500000000.0,0.1576211588442134,119610214.0345513,41794729000.0,0.0028618492545926,0.0038949365404729,0.0021480838900387,0.8132143528168921,0.3048411627707175,0.0659409605234743,0.0473462886121566,0.2676633850236747,,,39.44861186578996,39.44861186578996,False,62.15038162377792,62.15038162377792,56.47493918428093,521.0,True,False,True,True,True,True,True,True,False,True,True,True,True,True,False,False,False,12,False,0.0181525529145478,0.0407223768685891,1.0,6444415.372669362,0.6595547309833024,0.0,3.0,,,,,,0.0413891752465337,0.0147171578210041,0.1891572490596397,-1.3450287859474876,0.5872448979591837,-1.3450287859474876,0.4292393996433525,-521.0,0.4591836734693877,0.1224489795918367,0.4183673469387755,0.4530612244897959,0.35,太子
36.0,37.150001525878906,35.45000076293945,36.5,9446250.0,0.0503597122302157,35.849999237060544,0.1145038167938932,35.15999965667724,0.1764167216867751,32.28022836049398,-0.0834229481839365,33.0113347530365,0.024550154593477,48.55491227513116,18694852.65,0.5052861435631588,0.0381115004666468,2605.TW,2026-09-08,0.0482791885795985,0.0418052401508683,bull,0.0927643784786641,0.0760667903525046,2026-03-31,2026-05-15,1366845000.0,582927000.0,482738000.0,537338000.0,149979000.0,387359000.0,0.66,9807913000.0,5258125000.0,22934806000.0,5269539000.0,17665267000.0,4877423000.0,4114000000.0,,,0.2791148215834353,347998669.2584556,17676681000.0,0.0196868783941089,0.0219277183865944,0.0168895695040978,0.2982994256469489,0.4264763012631278,0.3531768415584795,0.2833964348554518,0.4444113329930603,,,75.1720503143159,75.1720503143159,False,73.49135725904802,73.49135725904802,73.91153052286498,118.0,True,False,True,True,True,True,True,False,True,True,True,True,False,True,True,False,False,11,False,0.1307231037024003,0.1056808297229665,1.0,682362121.7249999,0.1419294990723562,1.0,3.0,,,,,,-0.0153558972966512,-0.1075787137984319,0.16396402581768,-2.1328864687612463,0.1739795918367346,-2.1328864687612463,0.2310678490353171,-118.0,0.8571428571428571,0.7346938775510204,0.1428571428571428,0.75,0.6775510204081633,新興
32.900001525878906,32.900001525878906,32.20000076293945,32.349998474121094,1240520.0,0.0368589000980938,32.25,0.1078766311259693,30.937500095367437,0.069421437161028,29.76179173787435,-0.0015433039939172,29.777145814895636,0.0262896008315722,61.41731313766637,2376285.0,0.5220417584591074,0.0456565131119035,2617.TW,2026-09-08,0.0482791885795985,0.0418052401508683,bull,0.1029684601113172,0.1688311688311688,2026-03-31,2026-05-15,1083585000.0,454984000.0,420156000.0,372514000.0,74470000.0,298044000.0,0.71,3272834000.0,1957091000.0,26562212000.0,8269177000.0,18293035000.0,921024000.0,1017237000.0,5281631000.0,,0.1999119496180009,336161794.8962992,24605121000.0,0.013662269529026,0.0162927584187096,0.0112206016577233,0.452039642410349,0.4198876876294891,0.3877462312601226,0.2750536413848475,0.0574449605745959,,,59.57860740402141,59.57860740402141,False,81.03119513779949,81.03119513779949,75.66804820435496,271.0,True,True,True,True,True,True,True,True,True,True,True,True,False,True,False,False,False,13,False,0.0869640765933132,0.0864036021188581,1.0,76872816.12407684,0.3562152133580705,1.0,3.0,,,,,,0.0217527330040528,-0.0123017580885935,0.1621387719072751,-2.1216228712258483,0.3571428571428571,-2.1216228712258483,0.3771809064745661,-271.0,0.6632653061224489,0.7857142857142857,0.336734693877551,0.6142857142857142,0.6346938775510204,台航
17.200000762939453,17.700000762939453,17.100000381469727,17.700000762939453,64733293.0,0.0350877408236733,17.250000381469725,0.0792683643077842,16.690000152587892,0.0231214765039995,17.193644269307455,0.1683169114598672,16.599738804499307,0.0107494414890472,77.08336147997562,71798866.45,0.9015921309158774,0.0605153146265822,2834.TW,2026-09-08,0.0482791885795985,0.0418052401508683,bull,0.1382189239332096,0.2588126159554731,2026-03-31,2026-05-15,,,,,886677000.0,3437983000.0,,,,2555347612000.0,2406237987000.0,149109625000.0,29451426000.0,,,,,,2555347612000.0,,0.0230567476780925,0.0013454071703807,16.137375350518116,,,,,,,11.10187505518378,11.10187505518378,False,59.42605976866541,59.42605976866541,47.345013590295,1023.0,True,False,True,True,True,False,True,False,True,False,True,True,True,True,False,False,False,10,False,0.029450213445203,0.0662818837933716,1.0,1270839990.943188,0.1029684601113172,0.0,3.0,,,,,,0.0089624940162742,-0.0802425229064774,0.1663807907999842,-1.494865332471847,0.3464285714285714,-1.494865332471847,0.3789890174580252,-1023.0,0.0408163265306122,0.010204081632653,0.3469387755102041,0.086734693877551,0.0928571428571428,臺企銀
13.75,13.75,13.449999809265137,13.699999809265137,12448483.0,0.0558923172181669,13.549999809265136,0.0458014817040861,13.246156120300292,0.066147813428951,13.22871872584025,0.1004016079638623,12.792692716916402,0.0070322631474163,54.70443585129393,16266894.75,0.765264864088458,0.0342622935169327,2845.TW,2026-09-08,0.0482791885795985,0.0418052401508683,bull,0.2087198515769944,0.1781076066790352,2026-03-31,2026-05-15,,,,,143704000.0,1221472000.0,,,,891493396000.0,820291532000.0,71201864000.0,7041472000.0,,,,,,891493396000.0,,0.0171550565024533,0.0013701413891348,11.520646875199784,,,,,,,8.670319530616531,8.670319530616531,False,70.14583413578526,70.14583413578526,54.77695548449308,1052.0,True,False,True,True,True,True,True,True,False,True,True,True,False,True,False,False,False,11,False,0.0356256031435842,0.0709238557062312,1.0,222856454.97233605,0.2319109461966604,0.0,3.0,,,,,,0.0458989152495125,-0.0720010443952625,0.1812980576163982,-0.9976343932233483,0.5183673469387755,-0.9976343932233483,0.5102506149629529,-1052.0,0.0306122448979591,0.0816326530612244,0.5204081632653061,0.1040816326530612,0.1438775510204081,遠東銀
44.5,45.70000076293945,44.5,45.650001525878906,2582362.0,-0.0043619837491393,46.14000091552735,0.2715877321891367,43.46000003814697,0.2769351100563832,38.69470748901367,0.588331724456385,34.70873362223308,0.0653919254625219,62.88415930676776,4717621.2,0.54738646672183,0.0503911984769824,2851.TW,2026-09-08,0.0482791885795985,0.0418052401508683,bull,0.0222634508348794,0.0426716141001855,2026-03-31,2026-05-15,,,2142185000.0,2164691000.0,325242000.0,,,,,59204658000.0,35668047000.0,23536611000.0,16387176000.0,,,,0.1502486960032633,1820324497.152249,59204658000.0,0.0307463054199595,,,1.5154283256837613,,,,,,,65.92494981784269,65.92494981784269,False,85.37106232134445,85.37106232134445,80.50953419546902,201.0,True,True,True,True,True,True,True,True,True,True,True,True,False,True,True,False,False,13,False,0.1797479419850893,0.3152309739309322,1.0,215359414.9785187,0.2384044526901669,1.0,3.0,,,,,,0.0183258911941925,-0.0165823096422883,0.2087701910570039,-1.5177820256088803,0.485204081632653,-1.5177820256088803,0.506948518005645,-201.0,0.7244897959183674,0.8979591836734694,0.5102040816326531,0.6923469387755102,0.7336734693877551,中再保
149.5,150.5,148.0,149.0,12027910.0,0.0275862068965517,147.9,0.1640625,137.825,0.2082814898287328,130.47319780985515,0.7212949359643805,112.0763900121053,0.0378388554216865,77.33333333333334,20288205.05,0.5928523479705268,0.0810810810810811,2881.TW,2026-09-08,0.0482791885795985,0.0418052401508683,bull,0.0547309833024118,0.0630797773654916,2026-03-31,2026-05-15,66193246000.0,,,38624861000.0,5062760000.0,33551455000.0,,,,13120104726000.0,12085399702000.0,1034705024000.0,358727505000.0,,,,0.131075164257549,,13120104726000.0,,0.0324261062058977,0.0025572551211051,11.68004351160858,,,0.5068712750542556,-0.3925800152621125,,,12.264204123597382,12.264204123597382,False,78.53783282354712,78.53783282354712,61.969425648559685,1006.0,True,True,True,True,True,True,True,False,True,True,True,True,False,True,False,False,False,12,False,0.1419969963267462,0.3294503863294187,1.0,3022942552.4500003,0.0584415584415584,2.0,3.0,,,,,,0.0056481063432372,-0.1562090174562926,0.2797986469451189,-0.9519755470059866,0.4836734693877551,-0.9519755470059866,0.4830941408821593,-1006.0,0.0714285714285714,0.2857142857142857,0.4795918367346938,0.1326530612244897,0.2173469387755102,富邦金
114.5,115.5,112.5,113.5,19819798.0,0.0225225225225225,112.9,0.1395582503898382,104.64499969482422,0.1303228614263671,100.9720687866211,0.6015473029906435,88.94338976542154,0.032816818101213,77.53622026610002,22636420.8,0.8755711945414975,0.0846194307515846,2882.TW,2026-09-08,0.0482791885795985,0.0418052401508683,bull,0.0667903525046382,0.1048237476808905,2026-03-31,2026-05-15,72538053000.0,,,38391738000.0,6735806000.0,31593811000.0,,,,14450034484000.0,13633007653000.0,817026831000.0,293505959000.0,,,,0.1754493636104726,,14450034484000.0,,0.0386692453677815,0.0021864176888285,16.686119887046893,,,0.4355480977687669,-0.3173702053156907,,,13.906153918122188,13.906153918122188,False,77.4273149621373,77.4273149621373,61.54702470113352,983.0,True,True,True,True,True,True,True,False,True,True,True,True,True,True,False,False,False,13,False,0.124073234944344,0.276092583151416,1.0,2569233760.8,0.0640074211502783,2.0,3.0,,,,,,0.0235444372265668,-0.111647419137717,0.276291612286361,-1.073652528962956,0.5270408163265307,-1.073652528962956,0.531788797832815,-983.0,0.0918367346938775,0.2653061224489796,0.5408163265306123,0.1591836734693877,0.2336734693877551,國泰金
49.84999847412109,50.70000076293945,49.75,50.59999847412109,24402338.0,0.0432989376107439,49.95,0.0624705636590707,47.78249988555908,0.1499999653209338,47.54649556477864,0.2875317927844756,43.7924144744873,0.0063543458847732,70.76023130898554,34709255.2,0.7030498885496108,0.0589650728888195,2886.TW,2026-09-08,0.0482791885795985,0.0418052401508683,bull,0.1651205936920222,0.0918367346938775,2026-03-31,2026-05-15,20768442000.0,,,11219594000.0,1822242000.0,9397352000.0,,,,5003279677000.0,4601326283000.0,401953394000.0,108936088000.0,,,,0.1624160375143699,,5003279677000.0,,0.0233792079884763,0.0018782383969458,11.447412440557724,,,0.4524822805677961,0.1010590363542149,,,21.43739093265881,21.43739093265881,False,72.66421989596068,72.66421989596068,59.85751265513522,832.0,True,False,True,True,True,True,True,True,True,True,True,True,False,True,False,False,False,12,False,0.0642214083934382,0.1554512141275006,1.0,1756288260.1578796,0.0760667903525046,1.0,3.0,,,,,,-0.0694275723342444,-0.1834129386228988,0.1587255643346132,-1.8228612841267728,0.1316326530612244,-1.8228612841267728,0.0949488928972296,-832.0,0.1938775510204081,0.2040816326530612,0.0510204081632653,0.1724489795918367,0.1683673469387755,兆豐金
16.450000762939453,16.700000762939453,16.350000381469727,16.600000381469727,12618481.0,0.0607029256291236,16.42000045776367,0.0921053019587028,15.652461194992066,0.1029900445907687,15.47332043647766,0.0246913333143383,15.262076886494954,0.0182143941963151,66.01008645407424,15163892.4,0.8321399721881434,0.0605361147153535,2889.TW,2026-09-08,0.0482791885795985,0.0418052401508683,bull,0.1205936920222634,0.1252319109461966,2026-03-31,2026-05-15,2670617000.0,,,1318966000.0,191865000.0,897373000.0,,,,469578158000.0,414812209000.0,54765949000.0,15724281000.0,,,,0.1454662212672654,,469578158000.0,,0.0163856012063262,0.0019110194644104,7.57427227272187,,,0.3360171076571444,0.5571184687557942,,,31.713016597318976,31.713016597318976,False,77.72930496520748,77.72930496520748,66.22523287323536,653.0,True,True,True,True,True,True,True,True,True,True,True,True,True,True,False,False,False,14,False,0.0728143613141991,0.0876632652898419,1.0,251720619.6245659,0.222634508348794,0.0,3.0,,,,,,-0.0502011946414544,-0.1340688379541525,0.1212758789989023,-1.3938211487178735,0.2137755102040816,-1.3938211487178735,0.2219847134256001,-653.0,0.3877551020408163,0.4897959183673469,0.1326530612244898,0.3494897959183673,0.3673469387755101,國票金
17.899999618530273,18.39999961853028,17.649999618530273,18.25,1332558.0,0.0488505977071695,18.059999847412108,0.112804903933011,17.36914005279541,0.1850649644198967,16.2138800462087,0.2499999673399213,15.123189997673034,0.0249311922621069,68.44959509339053,1661000.65,0.8022621785247345,0.050714079368761,2905.TW,2026-09-08,0.0482791885795985,0.0418052401508683,bull,0.0964749536178107,0.0732838589981447,2026-03-31,2026-05-15,29552820000.0,,,,-68929000.0,32878000.0,0.03,133124099000.0,1468399841000.0,1617410517000.0,62246052000.0,86764624000.0,72610211000.0,2757000000.0,7269508000.0,,,,149010676000.0,,0.0003789332389661,2.032755423217024e-05,0.717412801788895,,,0.0011125165043471,-0.4161502905041906,,,21.27042291580655,21.27042291580655,False,76.22250031569712,76.22250031569712,62.48448096572447,838.0,True,True,True,True,True,True,True,True,True,True,True,True,True,True,False,False,False,14,False,0.125578821848223,0.2067559822238616,1.0,30313261.8625,0.4712430426716141,0.0,3.0,,,,,,0.0133660269190755,-0.0315364200955739,0.1777932066472753,-1.6957798579625645,0.4,-1.6957798579625645,0.4087972085385878,-838.0,0.1836734693877551,0.3061224489795918,0.3775510204081632,0.2127551020408163,0.2591836734693877,三商
13.75,13.800000190734863,13.600000381469728,13.75,120279.0,-0.0107913397587655,13.800000190734863,0.0223048472110911,13.795000028610229,0.0576923076923077,13.58723398844401,0.0456274067585704,13.156116970380149,0.0109930447857307,55.55554770637529,190913.9,0.6300169867149538,-0.0032620535351142,2906.TW,2026-09-08,0.0482791885795985,0.0418052401508683,bull,0.3051948051948052,0.1957328385899814,2026-03-31,2026-05-15,2284987000.0,678347000.0,87656000.0,107952000.0,33901000.0,14332000.0,0.07,5399113000.0,4299259000.0,13106768000.0,6450412000.0,6656356000.0,988485000.0,2269710000.0,1295253000.0,,0.3140377204683563,60128709.57462576,8807509000.0,0.0068269824730949,0.0021531300309057,0.0010934808642374,0.9690605490451532,0.2968712732282503,0.0383617062153964,0.0062722457501946,-0.0082534614755276,,,26.85861461958869,26.85861461958869,False,64.90144344204552,64.90144344204552,55.39073623643131,739.0,True,False,True,True,False,True,True,True,False,True,True,True,False,True,False,False,False,10,False,0.0119793338139626,0.0451412092912315,1.0,2625066.125,0.7977736549165121,0.0,3.0,,,,,,0.0591723163856927,0.0272761175576798,0.2183041843965451,-1.219743655189941,0.7020408163265306,-1.219743655189941,0.7514693533928882,-739.0,0.3061224489795918,0.0918367346938775,0.826530612244898,0.3841836734693877,0.3459183673469388,高林
22.14999961853028,22.350000381469727,22.049999237060547,22.25,245353.0,0.0136673907349957,22.129999923706052,0.0206422375545058,21.95500011444092,0.0620525639819906,21.70166670481364,0.1360263373600723,20.92672750155132,0.0042309899906226,75.99994506844334,224707.8,1.0918757604319922,0.0134365695295552,2908.TW,2026-09-08,0.0482791885795985,0.0418052401508683,bull,0.313543599257885,0.1855287569573283,2026-03-31,2026-05-15,9402236000.0,2780908000.0,276866000.0,231204000.0,54293000.0,160854000.0,0.32,20114529000.0,15304252000.0,40538813000.0,31810333000.0,8728480000.0,2421634000.0,4169050000.0,9539478000.0,,0.2348272521236656,211850318.0135292,25234561000.0,0.0083952448395487,0.0184286382050483,0.0039679010828462,3.6444298434549887,0.2957709208745664,0.0294468252020051,0.0171080581257479,0.0988141239298459,,,24.019508975015057,24.019508975015057,False,62.84081856272645,62.84081856272645,53.13549116579861,785.0,True,False,True,True,True,True,True,False,False,True,True,True,True,True,False,False,False,11,False,0.0252668747817759,0.0632336087116625,1.0,4999748.55,0.7031539888682746,0.0,3.0,,,,,,0.0814483104321663,0.0566557527788496,0.2503327484983068,-0.2328117797545087,0.8586734693877551,-0.2328117797545087,0.8647985086750012,-785.0,0.2653061224489796,0.0612244897959183,0.9387755102040816,0.3663265306122449,0.3387755102040817,特力
298.5,306.0,291.5,298.5,18044975.0,0.0718132854578097,286.5,0.1158878504672897,273.55,0.3479012114473474,238.92453104654948,0.4047214159508598,217.0851151784261,0.0254920337394564,71.54471544715447,14447825.65,1.2489751355768886,0.0912081886309632,3006.TW,2026-09-08,0.0482791885795985,0.0418052401508683,bull,0.0899814471243042,0.0343228200371057,2026-03-31,2026-05-15,7266900000.0,3453448000.0,2254754000.0,2352467000.0,288641000.0,2063883000.0,7.22,17585827000.0,5859607000.0,20073767000.0,7169155000.0,12904612000.0,7031281000.0,1000000000.0,693679000.0,0.0,0.1226971515434647,1978102106.7687664,14214160000.0,0.1391641930841334,0.1599337508171497,0.1028149325435529,0.5555498297817866,0.4752298779396992,0.3102772846743453,0.2840114766957024,1.503294079957009,,,98.64788449850906,98.64788449850906,True,81.1179612677309,81.1179612677309,85.50044207542544,7.0,True,True,True,True,True,True,True,True,True,True,True,True,True,True,True,True,True,15,True,0.2493484812651718,0.3750366981847537,1.0,4312675956.525001,0.049165120593692,2.0,0.0,,,,,,0.0679926223705274,-0.0500059462583792,0.2776330028777325,-1.1795280045815246,0.6979591836734693,-1.1795280045815246,0.6520617327390725,-7.0,0.979591836734694,0.979591836734694,0.673469387755102,0.9336734693877552,0.9183673469387754,晶豪科
6430.0,6660.0,6350.0,6500.0,1972359.0,-0.1424802110817942,7104.0,0.5061701268488967,6148.675,0.4705882352941177,4922.517207845052,1.7219430485762146,3926.216937255859,0.1221101200006398,60.04228329809725,2505800.1,0.7871174560173415,0.0571383265500291,3008.TW,2026-09-08,0.0482791885795985,0.0418052401508683,bull,0.0046382189239332,0.0176252319109461,2026-03-31,2026-05-15,15544079000.0,7679569000.0,5812218000.0,7287959000.0,1112047000.0,6123204000.0,46.63,159095122000.0,39536493000.0,226385533000.0,39762818000.0,186622715000.0,119023098000.0,146000.0,,,0.1525868902390916,4925349729.988327,186849040000.0,0.026360048357692,0.0328106040039123,0.0270476824152893,0.213065263786351,0.4940510788706104,0.3739184547376528,0.3939251724080918,0.0661796222311039,,,76.94531754874203,76.94531754874203,False,88.11762017822994,88.11762017822994,85.32454452085797,100.0,True,True,True,True,True,True,True,True,True,True,True,False,False,True,True,False,False,12,False,0.3204626262435206,0.6555376597562712,1.0,16287700650.0,0.010204081632653,3.0,2.0,,,,,,-0.0217963243223856,-0.1195645959410946,0.236372291291304,-1.069220614991007,0.3801020408163266,-1.069220614991007,0.4606631000622115,-100.0,0.8775510204081632,0.9693877551020408,0.4591836734693877,0.8147959183673469,0.8214285714285714,大立光
3455.0,3455.0,3245.0,3285.0,3345816.0,-0.0366568914956011,3377.0,0.1972781270746593,3188.170703125,0.3630705394190872,2681.0138549804688,0.7756756756756757,2567.423594156901,0.0482949875233101,56.375838926174495,3995029.35,0.837494723286576,0.0303714279728151,3017.TW,2026-09-08,0.0482791885795985,0.0418052401508683,bull,0.0398886827458256,0.0287569573283859,2026-03-31,2026-05-15,49037946000.0,14597401000.0,12019030000.0,11979060000.0,3304089000.0,7915619000.0,20.17,135871669000.0,112699102000.0,175993383000.0,124678400000.0,51314983000.0,67880246000.0,16445795000.0,7190026000.0,,0.2758220594938167,8703916392.282032,63294281000.0,0.1375150527783392,0.1542555124689411,0.0449767989288551,2.4296685433959904,0.2976756204266794,0.2450965217833552,0.161418241294201,1.1016606943545204,,,82.5145908535667,82.5145908535667,False,80.4774111667885,80.4774111667885,80.98670608848305,70.0,True,True,True,True,True,True,True,True,True,True,True,True,True,True,True,False,False,14,False,0.2252827391762699,0.2794927987248397,1.0,13123671414.75,0.0139146567717996,3.0,2.0,,,,,,0.1259718732798946,0.0012799015891085,0.3271973366160551,-0.3432310084900259,0.9066326530612244,-0.3432310084900259,0.8973336461021191,-70.0,0.9183673469387756,0.9183673469387756,0.979591836734694,0.9275510204081632,0.9306122448979592,奇鋐
14.449999809265137,14.449999809265137,13.699999809265137,13.800000190734863,1104123.0,-0.0707070817348318,14.320000076293946,0.0454545750105681,14.144999980926514,0.1040000152587889,13.117716217041016,0.2897196669840531,13.079024759928386,0.0272331155061314,55.38462441348996,1463172.6,0.7546088547584885,-0.0243902291026409,3024.TW,2026-09-08,0.0482791885795985,0.0418052401508683,bull,0.209647495361781,0.12430426716141,2026-03-31,2026-05-15,257621000.0,66335000.0,3797000.0,8577000.0,2582000.0,5995000.0,0.02,2489569000.0,1763960000.0,4904392000.0,1870820000.0,3033572000.0,719789000.0,360000000.0,0.0,,0.3010376588550775,2653960.0093272706,3140432000.0,0.0008450939263538,0.0019762181349247,0.00122237374174,0.6167053229657974,0.2574906548767375,0.0147387053074089,0.0232706184666622,-0.5896336791534654,,,20.275012830277888,20.275012830277888,False,69.36366225287793,69.36366225287793,57.09149989722792,856.0,True,False,True,True,False,True,True,True,False,True,True,True,False,True,False,False,False,10,False,0.0520124053916872,0.0551245558472683,1.0,20191782.159078028,0.5185528756957328,0.0,3.0,,,,,,0.048308689461883,0.0028397084810073,0.262245880904121,-1.440720935378094,0.6760204081632653,-1.440720935378094,0.7390510809440572,-856.0,0.173469387755102,0.1428571428571428,0.8061224489795918,0.2683673469387755,0.2908163265306123,憶聲
112.5,115.5,111.5,111.5,2431277.0,-0.0088888888888888,110.8,0.0324074074074074,110.9,0.0669856459330142,105.67666676839193,-0.0088888888888888,102.50666675567626,0.0047565118912797,53.33333333333333,980462.7,2.4797241139311064,0.005410279531109,3029.TW,2026-09-08,0.0482791885795985,0.0418052401508683,bull,0.2537105751391466,0.1743970315398886,2026-03-31,2026-05-15,6876938000.0,811379000.0,385472000.0,424218000.0,78018000.0,295873000.0,1.77,12286821000.0,7803745000.0,15126326000.0,8760650000.0,6365676000.0,2911146000.0,3716000.0,,,0.1839101593991768,314579783.0360805,7322581000.0,0.0429602326059732,0.0464794312497211,0.0195601364138258,1.3762324692617092,0.1179855045952137,0.0560528537555522,0.0430239446683974,0.0168646985516829,,,48.26050505492552,48.26050505492552,False,64.96109506640228,64.96109506640228,60.78594756353309,394.0,True,False,True,True,True,True,True,True,False,True,True,True,True,True,False,False,False,12,False,0.0551051940762938,0.0877341301689114,1.0,109321591.05,0.3098330241187384,2.0,3.0,,,,,,0.0299626199411401,-0.0085913984977021,0.2202400059376756,-0.690403330072525,0.6183673469387755,-0.690403330072525,0.6601730820696563,-394.0,0.5510204081632653,0.2346938775510204,0.7244897959183674,0.5770408163265306,0.4908163265306122,零壹
135.5,146.0,135.5,146.0,8117197.0,0.1274131274131273,137.2,0.3708920187793427,122.75,0.7569194065083786,126.3565133412679,1.4292845874674565,104.9857566833496,0.060475161987041,68.23529411764706,3111595.0,2.608693290739958,0.1894093686354379,3055.TW,2026-09-08,0.0482791885795985,0.0418052401508683,bull,0.0148423005565862,0.010204081632653,2026-03-31,2026-05-15,84070000.0,26798000.0,-54195000.0,-15984000.0,508000.0,-17388000.0,-0.15,1123572000.0,157618000.0,1932560000.0,284996000.0,1647564000.0,837950000.0,0.0,5887000.0,,0.0,-54195000.0,1774942000.0,-0.0305333920770368,-0.0105537630101167,-0.0089973920602723,0.1729802302065352,0.3187581777090519,-0.6446413702866659,-0.2068276436303081,0.2642485488285362,,,36.22349624220495,36.22349624220495,False,76.26041325621158,76.26041325621158,66.25118400270992,588.0,True,True,True,True,True,False,True,True,True,True,False,True,True,False,False,False,False,11,False,0.1554608159033188,0.3906648350438104,1.0,454292870.0,0.1716141001855287,2.0,3.0,,,,,,-0.1324821993381734,-0.2259949924224993,0.1153915931925034,-1.9381454087251868,0.060204081632653,-1.9381454087251868,0.0676962624130111,-588.0,0.4285714285714285,0.5,0.0204081632653061,0.3673469387755101,0.3683673469387755,蔚華科
44.75,45.79999923706055,40.59999847412109,41.25,10962515.0,0.0012135736925888,43.20999984741211,0.0970745126064591,39.28999996185303,0.1745794122084594,38.480980491638185,0.7264608840323874,33.408943271636964,0.0466169472936771,64.20454668604648,5308432.45,2.065113402733419,0.0498854680593014,3094.TW,2026-09-08,0.0482791885795985,0.0418052401508683,bull,0.111317254174397,0.0788497217068645,2026-03-31,2026-05-15,47206000.0,35395000.0,2347000.0,7478000.0,1717000.0,5761000.0,0.07,792305000.0,52199000.0,1133462000.0,121752000.0,1011710000.0,710423000.0,,,,0.229606846750468,1808112.730676652,1081263000.0,0.0016722228825703,0.005694319518439,0.0050826582629148,0.1203427859762184,0.7497987543956277,0.0497182561538787,0.1220395712409439,-0.0850131803380369,,,35.49964257677029,35.49964257677029,False,81.40980921865257,81.40980921865257,69.93226755818199,595.0,True,True,True,True,True,True,True,True,True,True,True,True,True,True,False,False,False,14,False,0.0719581329005771,0.2346993337864662,1.0,218972838.5625,0.2346938775510204,1.0,3.0,,,,,,-0.003789383004745,-0.0823491602979317,0.1940615884763084,-1.8273523675005336,0.2887755102040816,-1.8273523675005336,0.3187022326509058,-595.0,0.4081632653061224,0.6428571428571429,0.2448979591836734,0.3836734693877551,0.4459183673469388,聯傑
50.29999923706055,55.59999847412109,49.0,55.20000076293945,2763781.0,0.0844793537947992,51.07999954223632,0.0823529561360676,54.19500007629394,0.2013057637957755,46.39750022888184,1.928381944076944,40.84500007629394,0.015648422860391,55.24691568789466,1991388.95,1.3878659917240177,0.0185441587827419,3229.TW,2026-09-08,0.0482791885795985,0.0418052401508683,bull,0.1345083487940631,0.0686456400742115,2026-03-31,2026-05-15,342922000.0,37599000.0,21175000.0,35503000.0,188000.0,35315000.0,0.55,692865000.0,303681000.0,941103000.0,306548000.0,634555000.0,107034000.0,151140000.0,,,0.0052953271554516,21062871.447483312,637422000.0,0.0330438413601716,0.0556531742717337,0.0375251168044305,0.4830913002025041,0.1096430091974268,0.0617487358641323,0.1029826024577017,0.4578839294444752,,,67.33482851500801,67.33482851500801,False,77.6338557949122,77.6338557949122,75.05909897493615,186.0,True,True,True,True,True,True,True,True,True,True,True,True,True,True,True,False,False,14,False,0.1897192842423474,0.3514506221038549,1.0,109924671.5593092,0.3079777365491651,1.0,3.0,,,,,,-0.0452776417466559,-0.1111859484415845,0.2603244905752163,-1.801066383535252,0.3091836734693878,-1.801066383535252,0.2882268013310844,-186.0,0.7551020408163265,0.7653061224489796,0.2142857142857142,0.6739795918367346,0.6499999999999999,晟鈦
5940.0,6100.0,5730.0,5960.0,1599427.0,-0.005838198498749,5880.0,0.2028254288597375,5726.75,0.2377985462097611,4841.25,1.3805774549519725,4389.927829996745,0.0601656870458647,65.07936507936508,2147134.25,0.7449124338638816,0.0407299078884184,3443.TW,2026-09-08,0.0482791885795985,0.0418052401508683,bull,0.0380333951762523,0.0519480519480519,2026-03-31,2026-05-15,11447812000.0,3113307000.0,1824178000.0,1924721000.0,278481000.0,1646240000.0,12.28,31638843000.0,19973296000.0,35132291000.0,20548418000.0,14583873000.0,7671980000.0,,,,0.144686424681811,1560244207.1967833,15158995000.0,0.1029253065389086,0.1128808513348957,0.0468583161855285,1.4089822367487703,0.2719565101173918,0.1593473058432476,0.1438038989459295,0.6298963899650951,,,83.63888359987813,83.63888359987813,True,81.42182797075148,81.42182797075148,81.97609187803315,63.0,True,True,True,True,True,True,True,True,True,True,True,True,False,True,True,True,False,13,False,0.2310870126516913,0.3576532988252838,1.0,12796920130.0,0.0148423005565862,3.0,2.0,,,,,,0.0749437816133367,-0.0401658067639629,0.3281146281640955,0.2317544576370633,0.8372448979591837,0.2317544576370633,0.8596143043795197,-63.0,0.9387755102040816,0.9489795918367347,0.9285714285714286,0.9372448979591836,0.939795918367347,創意
29.799999237060547,30.350000381469727,29.100000381469727,29.100000381469727,513089.0,-0.0732483842357513,30.679999923706056,0.0430107806217474,28.870000076293945,0.0486486623953055,28.65666653315226,0.3379310520215965,29.007499885559085,0.0319006350548873,57.14285436246588,829274.7,0.6187201900648844,0.0079667580383777,3518.TW,2026-09-08,0.0482791885795985,0.0418052401508683,bull,0.2152133580705009,0.2105751391465677,2026-03-31,2026-05-15,62020000.0,-8136000.0,-65733000.0,299263000.0,11897000.0,283367000.0,2.81,1286836000.0,314326000.0,2442515000.0,739644000.0,1702871000.0,660760000.0,144500000.0,19646000.0,291744000.0,0.0397543298035507,-63119828.6390232,2128189000.0,-0.0296589394264434,0.1664054411637757,0.1160144359400044,0.434351163417546,-0.1311834891970332,,,-0.1616426505177215,,,49.17067183075589,49.17067183075589,False,69.65739990738102,69.65739990738102,64.53571788822474,383.0,True,False,True,True,True,True,True,True,False,True,True,True,False,True,False,False,False,11,False,0.0154705310125511,0.0031888475834034,1.0,24131894.08634319,0.4972170686456401,0.0,3.0,,,,,,0.0490552097592518,-0.0361388727322447,0.0808859550176262,-2.022544387936126,0.3739795918367347,-2.022544387936126,0.3285854049219153,-383.0,0.5612244897959183,0.3877551020408163,0.2551020408163265,0.5153061224489796,0.4479591836734694,柏騰
415.0,438.5,397.0,398.0,9360247.0,-0.0099502487562188,393.4,0.4014084507042252,373.4,0.1086350974930361,377.7110107421875,1.6445182724252492,297.71800537109374,0.0648795094823898,62.46246246246246,9408989.25,0.9948196082804536,0.0658810926620248,3532.TW,2026-09-08,0.0482791885795985,0.0418052401508683,bull,0.0129870129870129,0.1205936920222634,2026-03-31,2026-05-15,3308768000.0,27622000.0,-105154000.0,-82202000.0,-13987000.0,-68215000.0,-0.18,9109304000.0,3626589000.0,51226148000.0,26972355000.0,24253793000.0,1958029000.0,0.0,20500000000.0,,0.1701540108513174,-87261625.14294055,47599559000.0,-0.0018332444034395,-0.0028125497731426,-0.0013316441439243,1.112088117516299,0.0083481223222661,-0.03178040890144,-0.0206164348784804,0.1086960163893446,,,17.44238091593533,17.44238091593533,False,75.4606800733768,75.4606800733768,60.95610528401644,901.0,True,True,True,True,True,False,True,True,True,True,True,False,True,True,False,False,False,12,False,0.0537156415375486,0.336835504805659,1.0,3744777721.5,0.0519480519480519,2.0,3.0,,,,,,-0.1649986168156159,-0.2893950997914062,0.0866770434673035,-2.036498362220964,0.0285714285714285,-2.036498362220964,0.0290169412221692,-901.0,0.1428571428571428,0.2448979591836734,0.010204081632653,0.1229591836734693,0.146938775510204,台勝科
122.0,132.5,120.0,124.0,16928007.0,-0.0119521912350597,120.8,0.1331655667296152,121.825,0.6711590983823832,98.40318031311035,0.9967794371472404,85.62182861963907,0.0315870363355091,52.87356321839081,13385049.0,1.2646951834094893,0.0178534783500923,3605.TW,2026-09-08,0.0482791885795985,0.0418052401508683,bull,0.0705009276437847,0.0111317254174397,2026-03-31,2026-05-15,2821542000.0,693877000.0,147463000.0,143021000.0,35356000.0,107659000.0,0.67,7733924000.0,4283420000.0,15202980000.0,7237415000.0,7965565000.0,2596697000.0,794000000.0,2115835000.0,130740000.0,0.2472084519056642,111008900.05663504,10919560000.0,0.010166059809794,0.0135155509998349,0.007081440612301,0.9085877775148404,0.2459212019526911,0.0522632659730034,0.0381560862818983,0.0947751117457165,,,35.95481269053683,35.95481269053683,False,77.27088789104926,77.27088789104926,66.94186909092114,591.0,True,True,True,True,True,True,True,True,True,True,True,True,True,True,False,False,False,14,False,0.2601218741654771,0.4482288220081079,1.0,1659746076.0,0.0816326530612244,2.0,3.0,,,,,,0.0452623923980804,-0.0590938182042008,0.2867055302241563,-1.5646047036138084,0.5948979591836735,-1.5646047036138084,0.6217926022887885,-591.0,0.4183673469387755,0.5306122448979592,0.6326530612244898,0.4505102040816326,0.4948979591836734,宏致
5700.0,5720.0,5480.0,5550.0,988892.0,-0.0569243840271878,5693.0,0.3653136531365313,5438.0,0.4471968709256844,4187.064628092448,0.3944723618090453,4125.532314046224,0.0697880293119559,51.77165354330709,1373767.45,0.7198394458974844,0.020595807282089,3653.TW,2026-09-08,0.0482791885795985,0.0418052401508683,bull,0.0157699443413729,0.0194805194805194,2026-03-31,2026-05-15,5305216000.0,2216652000.0,1696566000.0,1775586000.0,371056000.0,1398199000.0,9.53,20477674000.0,8468040000.0,30307238000.0,8909881000.0,21397357000.0,10253854000.0,,,,0.2089766420776014,1342023334.256972,21839198000.0,0.0614502114160498,0.0653444722168256,0.0461341610871963,0.4164010069094047,0.4178250235240186,0.3197920687866432,0.2635517573648274,0.116346562150301,,,88.8947474261209,88.8947474261209,False,75.75620595625325,75.75620595625325,79.04084132372016,39.0,True,True,True,True,True,True,True,True,True,True,True,True,False,True,True,False,False,13,False,0.3255109469204638,0.3452809425595533,1.0,7624409347.5,0.0269016697588126,3.0,2.0,,,,,,0.0020203549479624,-0.080824392434825,0.241055000603569,-1.5549193034317446,0.4096938775510204,-1.5549193034317446,0.3896878176557979,-39.0,0.9693877551020408,0.8571428571428571,0.3571428571428571,0.8775510204081632,0.8132653061224488,健策
56.5,56.5,56.0,56.09999847412109,301994.0,0.003577762840482,56.1,0.0446926941728829,55.44000015258789,0.0334496580531091,54.56815789540609,0.1047885586154899,53.545132128397626,0.0122329721068564,73.333265516579,179903.75,1.6786420516526197,0.0119047315966211,3705.TW,2026-09-08,0.0482791885795985,0.0418052401508683,bull,0.2105751391465677,0.2393320964749536,2026-03-31,2026-05-15,1840865000.0,814150000.0,297411000.0,335863000.0,82504000.0,237394000.0,0.89,7096418000.0,2695071000.0,12716314000.0,4269427000.0,8446887000.0,1125149000.0,360709000.0,848392000.0,,0.24564777900513,224352648.39830524,10021243000.0,0.0223877066346265,0.0281043181943833,0.0186684600584729,0.5054438398430097,0.4422649135053358,0.1615604620653877,0.1289578540523069,-0.1553673664341042,,,60.307644264833584,60.307644264833584,False,68.03615394967572,68.03615394967572,66.10402652846518,260.0,True,False,True,True,True,True,True,False,False,False,True,True,True,True,True,False,False,10,False,0.0280720595635859,0.0477142598060467,1.0,10092600.10048866,0.6113172541743971,1.0,3.0,,,,,,0.0866497055762147,0.0535234695636327,0.2630533025025268,-1.0579430113496473,0.8443877551020409,-1.0579430113496473,0.7293397818989964,-260.0,0.6836734693877551,0.4693877551020408,0.7959183673469388,0.7005102040816326,0.6418367346938776,永信
25.850000381469727,26.0,25.850000381469727,26.0,5943.0,-0.0057361231632288,25.90999984741211,0.0317460005095344,25.450000095367432,0.0505050505050506,25.35343707402547,-0.0828924285660943,25.56296854019165,0.0058294611951401,77.1428197744757,9567.4,0.6211718962309509,0.0216109981364078,4190.TW,2026-09-08,0.0482791885795985,0.0418052401508683,bull,0.2597402597402597,0.2077922077922078,2026-03-31,2026-05-15,547291000.0,358277000.0,-2980000.0,-1118000.0,14477000.0,-15595000.0,-0.26,1622513000.0,3364541000.0,6747057000.0,5134925000.0,1612132000.0,755987000.0,400000000.0,918267000.0,0.0,0.0,-2980000.0,3382516000.0,-0.0008810010063514,-0.0096735254929497,-0.0023113781312355,3.185176524006719,0.6546371126146785,-0.0054450009227266,-0.0284948957684303,-0.0893812082993626,,,14.664956846451332,14.664956846451332,False,63.81390352435434,63.81390352435434,51.52666685487858,964.0,True,False,True,True,True,True,True,False,False,True,True,True,False,True,False,False,False,10,False,0.0255019831862137,0.017096271863779,1.0,248752.4,0.9851576994434136,0.0,3.0,,,,,,-0.010763820471423,-0.0667631058230555,0.1655507663933765,-0.1682004669773484,0.411734693877551,-0.1682004669773484,0.4045052628392848,-964.0,0.1020408163265306,0.0204081632653061,0.3673469387755102,0.1418367346938775,0.1306122448979592,佐登-KY
249.5,252.0,230.5,235.5,4220435.0,0.0216919739696312,238.7,0.0778032036613272,219.825,0.0953488372093023,211.84908091227211,0.9462809917355371,207.70370712280277,0.0218477629285298,64.55026455026456,3092574.1,1.3646997173002258,0.0713067212555442,4576.TW,2026-09-08,0.0482791885795985,0.0418052401508683,bull,0.1410018552875695,0.1317254174397031,2026-03-31,2026-05-15,855045000.0,333579000.0,142385000.0,156336000.0,25448000.0,115509000.0,0.96,2993873000.0,1467204000.0,7172640000.0,2677573000.0,4495067000.0,739838000.0,80000000.0,1087969000.0,,0.1627776072049943,119207910.39811689,5705436000.0,0.0208937424586161,0.0256968361094506,0.0161041122933815,0.5956692080451749,0.3901303440169815,0.1665233993532504,0.135091135554269,0.454690065244945,,,70.19733381714003,70.19733381714003,False,82.51346159832806,82.51346159832806,79.43442965303106,161.0,True,True,True,True,True,True,True,True,True,True,True,True,True,True,True,False,False,14,False,0.1116404139488422,0.1338266575124871,1.0,728301200.5500001,0.1391465677179963,2.0,3.0,,,,,,-0.0182166262582826,-0.0920106149277641,0.2245948509063962,-1.7652361385520454,0.2989795918367346,-1.7652361385520454,0.3174763657780502,-161.0,0.8061224489795918,0.8775510204081632,0.2346938775510204,0.7204081632653061,0.713265306122449,大銀微系統
58.70000076293945,58.79999923706055,57.20000076293945,58.79999923706055,82691.0,0.0226086823836617,58.3,0.0407079510984167,57.45999984741211,0.0710382077010189,56.98333333333333,-0.0783699068932836,59.10083341598511,0.0141193081919243,69.56523181361699,66569.45,1.242176403740755,0.0233205602716128,4737.TW,2026-09-08,0.0482791885795985,0.0418052401508683,bull,0.2198515769944341,0.1651205936920222,2026-03-31,2026-05-15,405264000.0,122255000.0,-88509000.0,-100891000.0,-21625000.0,-79924000.0,-1.09,1492041000.0,1758421000.0,5654786000.0,3442043000.0,2212743000.0,387476000.0,517663000.0,1666248000.0,,0.2143402285634992,-69537960.71007325,3896365000.0,-0.0178468805438076,-0.0361198747437004,-0.0141338681958963,1.555554802342613,0.3016675549765091,-0.2183983773540211,-0.1972146551383789,-0.1582270724761705,,,15.873895957923814,15.873895957923814,False,68.72103033098824,68.72103033098824,55.50924673772214,937.0,True,False,True,True,True,True,True,True,False,True,True,True,True,True,False,False,False,12,False,0.0318806534728379,-0.0050901850538573,0.0,3914283.60921154,0.7430426716141002,1.0,3.0,,,,,,-0.0247241232418786,-0.0684828905748439,0.1462473644543669,-1.83159436573755,0.2147959183673469,-1.83159436573755,0.2401307764485104,-937.0,0.1224489795918367,0.1122448979591836,0.1530612244897959,0.1270408163265306,0.1255102040816326,華廣
102.0,102.0,99.6999969482422,100.5,377068.0,0.0182371135502841,101.8,0.1266816528964074,95.38500022888184,0.1019737210850537,89.32000020345052,0.0961441630297688,91.09454816182456,0.0327522736303984,72.35024224227038,736260.65,0.5121392811092105,0.0536247812427994,4912.TW,2026-09-08,0.0482791885795985,0.0418052401508683,bull,0.0779220779220779,0.1270871985157699,2026-03-31,2026-05-15,1740520000.0,347686000.0,96486000.0,119505000.0,29737000.0,88059000.0,1.35,5718665000.0,3540355000.0,8497344000.0,4357124000.0,4140220000.0,1833571000.0,1475118000.0,85900000.0,,0.2488347767875821,72476927.72687335,4956989000.0,0.0146211596852188,0.0212691596098758,0.010363120523307,1.052389486549024,0.1997598418863328,0.0554351573093098,0.0505935007928665,0.1385875004742698,,,39.66467030210741,39.66467030210741,False,73.95388946967671,73.95388946967671,65.38158467778439,516.0,True,False,True,True,True,True,True,False,True,True,True,True,False,True,False,False,False,11,False,0.125167932949888,0.1032493384946284,1.0,73994195.325,0.3589981447124304,2.0,3.0,,,,,,0.0436428891262256,0.0056716382509994,0.2456802645743636,-1.6186989262642948,0.6107142857142858,-1.6186989262642948,0.6544504034465103,-516.0,0.4795918367346938,0.4285714285714285,0.6836734693877551,0.510204081632653,0.5051020408163265,聯德控股-KY
92.6999969482422,92.8000030517578,90.0999984741211,91.6999969482422,11768395.0,0.0076922741565077,92.55999908447266,0.0303370443622719,91.01000061035155,0.0982035562663736,86.41833330790202,0.2254075379378437,82.95269559224447,0.010941403377556,56.5714183573776,13927952.4,0.8449479623436966,0.0075815441518869,4938.TW,2026-09-08,0.0482791885795985,0.0418052401508683,bull,0.2662337662337662,0.1289424860853432,2026-03-31,2026-05-15,244105400000.0,10801479000.0,2829288000.0,3464858000.0,605203000.0,1561454000.0,0.58,455223337000.0,347425362000.0,623242706000.0,374551574000.0,248691132000.0,112291906000.0,50872952000.0,7687427000.0,2697039000.0,0.174668918610806,2335099324.60147,275817344000.0,0.0084661076447805,0.0062786878946692,0.0025053706765723,1.5060913953296895,0.0442492423354829,0.0115904359346413,0.0063966385012375,-0.1039816497152077,,,13.24211612714073,13.24211612714073,False,69.50057393726357,69.50057393726357,55.435959484732855,991.0,True,False,True,True,True,True,True,True,False,True,True,True,True,True,False,False,False,12,False,0.061117397642026,0.1054492719440398,1.0,1277193192.5752628,0.1020408163265306,1.0,3.0,,,,,,-0.0024817204054754,-0.0523226332626155,0.1760357742804555,-1.6738371491599586,0.3311224489795918,-1.6738371491599586,0.3320275849126226,-991.0,0.0816326530612244,0.1020408163265306,0.2857142857142857,0.1122448979591836,0.1285714285714285,和碩
51.5,51.59999847412109,48.79999923706055,49.400001525878906,3055263.0,-0.1482758357607084,52.060000610351565,0.4256854069395561,47.735000419616696,0.4014184830036569,40.38166675567627,0.9000000586876502,35.65000003178914,0.1002650676023302,59.07407689977575,4395848.5,0.6950337346703372,0.0348800899052255,6141.TW,2026-09-08,0.0482791885795985,0.0418052401508683,bull,0.0092764378478664,0.0222634508348794,2026-03-31,2026-05-15,492434000.0,34293000.0,-63612000.0,-77804000.0,15064000.0,-65599000.0,-0.58,1350221000.0,3615846000.0,5252579000.0,4716598000.0,535981000.0,92109000.0,1308939000.0,1003547000.0,,0.0,-63612000.0,1636733000.0,-0.0388652272545369,-0.1223905325002192,-0.0124889125894156,8.799935072325326,0.0696397892915598,-0.129178732581422,-0.1332137910867243,0.0266912966607733,,,4.52468916645619,4.52468916645619,False,84.9318801966561,84.9318801966561,64.83008243910612,1069.0,True,True,True,True,True,True,True,True,True,True,True,False,False,True,False,False,False,12,False,0.2233274526474311,0.3856942912153962,1.0,217154922.6075325,0.2365491651205936,1.0,3.0,,,,,,-0.0172924578599096,-0.1602250228926619,0.212540571142012,-0.5304786582206967,0.3709183673469388,-0.5304786582206967,0.3541529321538094,-1069.0,0.010204081632653,0.3979591836734694,0.3061224489795918,0.0545918367346938,0.1857142857142857,柏承
29.75,30.100000381469727,28.5,28.549999237060547,5190772.0,0.0214668500087007,28.449999618530278,0.1605690566804303,26.95250005722046,0.0344202479152369,26.95999997456869,0.2774048657614882,26.692499987284343,0.0355393257305914,71.42856874405476,4534809.2,1.1446505841965744,0.0592709090603313,6168.TW,2026-09-08,0.0482791885795985,0.0418052401508683,bull,0.0565862708719851,0.2374768089053803,2026-03-31,2026-05-15,502953000.0,119301000.0,-11310000.0,9301000.0,2206000.0,4900000.0,0.02,2152808000.0,496712000.0,3778323000.0,554367000.0,3223956000.0,336677000.0,16668000.0,,,0.2371787979787119,-8627507.794860767,3281611000.0,-0.0026290464637218,0.0015198718592933,0.001296871654435,0.1719524087797724,0.2372010903603318,-0.0224871906520092,0.0097424610251852,0.0779543101840838,,,27.13023348806351,27.13023348806351,False,63.51015560787167,63.51015560787167,54.41517507791963,735.0,True,False,True,True,True,False,True,True,True,False,True,True,True,True,False,False,False,11,False,0.0589762338275854,0.0695888077422899,1.0,129468799.20021516,0.2931354359925788,0.0,3.0,,,,,,-0.0064642787017393,-0.0763300076921046,0.1891598922769411,-1.924524622332776,0.275,-1.924524622332776,0.3291398290869926,-735.0,0.3163265306122449,0.0714285714285714,0.2653061224489796,0.3086734693877551,0.2326530612244898,宏齊
521.0,539.0,500.0,510.0,15924339.0,-0.0727272727272727,517.6,0.1283185840707965,515.775,0.9517424995979537,395.7357284545898,2.41717067082275,316.63270072937013,0.0621396210873145,54.56140350877193,14883089.85,1.0699618936991098,-0.0111967427657407,6213.TW,2026-09-08,0.0482791885795985,0.0418052401508683,bull,0.075139146567718,0.0064935064935064,2026-03-31,2026-05-15,9143071000.0,1044251000.0,424199000.0,483404000.0,168881000.0,314523000.0,0.87,27657471000.0,15422932000.0,39926715000.0,18831086000.0,21095629000.0,3563235000.0,3355253000.0,1984813000.0,,0.3493578869847994,276001733.69893503,24503783000.0,0.0112636376880637,0.0149093918934581,0.0078775075785723,0.8926534496790781,0.11421228162835,0.0463956804010381,0.0344001484840268,0.206199391931416,,,35.19697595463791,35.19697595463791,False,76.0125076200922,76.0125076200922,65.80862470372861,600.0,True,True,True,True,False,True,True,True,True,True,True,True,True,True,False,False,False,13,False,0.2887388308142662,0.6106990807494115,1.0,7590375823.5,0.0278293135435992,3.0,3.0,,,,,,-0.1817743831537318,-0.2417332177965015,0.1372234605337425,-1.6036045425769525,0.1137755102040816,-1.6036045425769525,0.129201462194073,-600.0,0.3979591836734694,0.4591836734693877,0.0816326530612244,0.3505102040816326,0.3530612244897959,聯茂
89.0,89.0,84.5999984741211,84.5999984741211,2146651.0,0.0944371944911233,84.56000061035157,0.41471571159638,74.87500038146973,0.0641509242027811,69.45333340962728,1.1039742104658985,67.43344113032023,0.1029682570379366,68.55468307621882,2012257.25,1.0667875590956375,0.1298831124287798,6224.TW,2026-09-08,0.0482791885795985,0.0418052401508683,bull,0.010204081632653,0.1799628942486085,2026-03-31,2026-05-15,713234000.0,230515000.0,42553000.0,67484000.0,17642000.0,53918000.0,0.64,2519578000.0,1589974000.0,4008179000.0,1826099000.0,2182080000.0,635781000.0,633794000.0,35000000.0,,0.2614249303538616,31428584.938652128,2418205000.0,0.0129966586532788,0.0247094515324827,0.0134519940351965,0.836861618272474,0.3231968750788661,0.0596620463971151,0.0755965082988191,-0.005489625207935,,,42.538182454550814,42.538182454550814,False,82.35727588035903,82.35727588035903,72.40250252390697,470.0,True,True,True,True,True,True,True,True,True,True,True,False,True,True,False,False,False,13,False,0.2180840619291897,0.2545703890540776,1.0,170236960.2795391,0.2671614100185528,1.0,3.0,,,,,,0.0446276337142063,-0.0416615236567592,0.2531600823468826,-1.697595481976608,0.5479591836734694,-1.697595481976608,0.6082146819585244,-470.0,0.5102040816326531,0.6938775510204082,0.6122448979591837,0.5255102040816326,0.5857142857142857,聚鼎
31.600000381469727,32.70000076293945,29.600000381469727,29.600000381469727,17558932.0,-0.1294117534861845,32.330000686645505,0.4581281524105036,26.650000190734865,1.406504058737033,22.702499914169312,1.2172284296377676,17.81333331267039,0.1133159392964573,65.48507610071627,18760113.25,0.9359715352464624,0.1106941902297042,6226.TW,2026-09-08,0.0482791885795985,0.0418052401508683,bull,0.0083487940630797,0.0018552875695732,2026-03-31,2026-05-15,151704000.0,45743000.0,-9659000.0,463000.0,-693000.0,1156000.0,0.01,814188000.0,658137000.0,2035834000.0,834003000.0,1201831000.0,301049000.0,158131000.0,167773000.0,0.0,0.0,-9659000.0,1377697000.0,-0.0070109755628414,0.0009618656866065,0.0005678262569541,0.6939436576357242,0.3015279755312978,-0.0636700416600748,0.0076201023044876,-0.0363411148165793,,,23.1426747622816,23.1426747622816,False,88.94425195165888,88.94425195165888,72.49385765431457,804.0,True,True,True,True,True,True,True,True,True,True,True,False,True,True,False,False,False,13,False,0.3038211868022287,0.6616766700489254,1.0,555299359.3564153,0.1586270871985157,0.0,3.0,,,,,,0.065587757977937,-0.0486177331781271,0.3346529067062985,-1.695927619569758,0.6841836734693877,-1.695927619569758,0.5757254966450954,-804.0,0.2448979591836734,0.7142857142857143,0.5816326530612245,0.2954081632653061,0.4530612244897959,光鼎
104.5,109.5,104.5,105.5,2851369.0,0.0497512437810945,100.36000061035156,0.0581745559608068,99.21000022888184,0.2411764705882353,94.03181711832684,0.2803397821159774,88.94757531483968,-0.0035154642332934,63.43750081956405,689189.7,4.137277443351229,0.0634008643947874,6416.TW,2026-09-08,0.0482791885795985,0.0418052401508683,bull,0.1743970315398886,0.049165120593692,2026-03-31,2026-05-15,1057732000.0,271486000.0,132488000.0,135818000.0,38070000.0,99022000.0,1.35,4240170000.0,1810116000.0,6158927000.0,2539091000.0,3619836000.0,356630000.0,274239000.0,208323000.0,,0.2803015800556627,95351404.26158535,4348811000.0,0.0219258561159786,0.0273553829510508,0.016077800564936,0.7014381314512591,0.2566680406757099,0.1252566812765426,0.0936172867985463,-0.046140444062884,,,49.20522556408967,49.20522556408967,False,71.11403216123327,71.11403216123327,65.63683051194737,382.0,True,False,True,True,True,True,False,True,True,True,True,True,False,True,False,False,False,11,False,0.1219606643062309,0.1860919156769727,1.0,72709513.35,0.3608534322820037,2.0,3.0,,,,,,0.0721951282095763,0.0091219055110901,0.3195772732938484,-1.4112153860825416,0.8040816326530612,-1.4112153860825416,0.7795195373764133,-382.0,0.5714285714285714,0.4387755102040816,0.8469387755102041,0.6127551020408163,0.5867346938775511,瑞祺電通
316.5,325.5,297.5,307.0,8919455.0,0.1391465677179963,279.0,0.408256880733945,253.4818962097168,0.4688995215311005,206.5856320699056,0.9369085173501576,213.35948270161947,0.0849627140901254,75.87805609491959,2649263.4,3.3667679099028054,0.2111318582925752,6426.TW,2026-09-08,0.0482791885795985,0.0418052401508683,bull,0.0120593692022263,0.0185528756957328,2026-03-31,2026-05-15,154269000.0,60877000.0,19307000.0,27476000.0,-977000.0,28453000.0,0.74,831225000.0,83262000.0,1018747000.0,85873000.0,932874000.0,275168000.0,7500000.0,,,0.0,19307000.0,935485000.0,0.020638492332854,0.0305003676809515,0.0279294073994819,0.0920520884921222,0.3946158982037869,0.1251515210444094,0.1844375733297033,0.5607004835805192,,,75.05902824356723,75.05902824356723,False,84.17439703153988,84.17439703153988,81.89555483454672,120.0,True,True,True,True,True,True,True,False,True,True,False,False,False,False,True,False,False,9,False,0.4860665619577824,0.4388861282970751,1.0,813323863.8,0.1317254174397031,2.0,3.0,,,,,,5.029236480369215e-05,-0.1129791778754055,0.2490882000862499,-1.6420332107521125,0.3678571428571429,-1.6420332107521125,0.4231841817186644,-120.0,0.8469387755102041,0.9387755102040816,0.4081632653061224,0.7811224489795918,0.786734693877551,統新
155.5,155.5,152.5,152.5,250944.0,-0.0224358974358974,155.6,0.0517241379310344,148.9,0.0169396671327273,149.16666666666666,-0.0091356805103433,158.42594820658366,0.0160354827703854,64.78873239436619,435157.85,0.5766734990532746,0.0241773002014775,6438.TW,2026-09-08,0.0482791885795985,0.0418052401508683,bull,0.1855287569573283,0.2764378478664193,2026-03-31,2026-05-15,1744783000.0,460838000.0,193997000.0,184067000.0,41884000.0,144835000.0,1.76,6414724000.0,3600710000.0,10415508000.0,4638877000.0,5776631000.0,1850590000.0,412580000.0,851792000.0,,0.2275475777841764,149853452.55260313,6814798000.0,0.0219894195767215,0.0250725725773378,0.0139057067595742,0.8030419460754893,0.2641233895561797,0.1111868925820574,0.0830103227736629,0.1220382865212614,,,52.44239867927419,52.44239867927419,False,60.32826345100258,60.32826345100258,58.356797258070486,333.0,True,False,True,True,True,False,True,True,True,False,True,True,False,True,False,False,False,10,False,0.0223463687150837,-0.0374051616775324,0.0,66361572.125,0.3701298701298701,2.0,3.0,,,,,,0.0087478597602813,-0.0548381105919494,0.1605256294262173,-1.9789925399110864,0.288265306122449,-1.9789925399110864,0.3730998980979117,-333.0,0.6224489795918368,0.173469387755102,0.3265306122448979,0.5780612244897959,0.4285714285714286,迅得
80.0999984741211,80.5,78.30000305175781,79.5999984741211,11339215.0,0.0378096693776384,78.5199981689453,0.119549932242176,73.55999946594238,0.5273750565446085,68.54951814015706,0.4282296311764986,60.43683309555054,0.0328559362699381,65.87838995971111,20881713.0,0.5430213028978992,0.0821098294185711,6505.TW,2026-09-08,0.0482791885795985,0.0418052401508683,bull,0.085343228200371,0.0148423005565862,2026-03-31,2026-05-15,161989437000.0,27190906000.0,24513957000.0,25616191000.0,5209581000.0,20407731000.0,2.14,296450387000.0,65693610000.0,463713281000.0,83114597000.0,380598684000.0,63985692000.0,123643000.0,1500200000.0,8100000000.0,0.2033706338307674,19528538027.20982,398019671000.0,0.0490642534780895,0.0536200776774099,0.0440093735421824,0.2183785716925915,0.1678560436011639,0.1513305895371437,0.1259818626321912,-0.0650893152444253,,,66.8716639923295,66.8716639923295,False,83.49069813638722,83.49069813638722,79.3359396003728,193.0,True,True,True,True,True,True,True,True,True,True,True,True,False,True,True,False,False,13,False,0.1612043473649238,0.317077589890814,1.0,1662184322.9370346,0.0807050092764378,1.0,3.0,,,,,,0.0354762114947205,-0.02247675876809,0.1896417239884396,-1.4551104073565282,0.523469387755102,-1.4551104073565282,0.5301221753069043,-193.0,0.7448979591836735,0.8673469387755102,0.5306122448979592,0.7127551020408163,0.7387755102040817,台塑化
256.5,261.5,252.5,256.0,1514949.0,0.0006018324548782,256.88734130859376,0.024,253.93333892822267,0.2397094430992736,226.56944630940757,0.3689839572192512,220.86388982137044,0.0133560079216257,57.16360691805751,1410500.45,1.0740507030678368,0.0081385968478975,6533.TW,2026-09-08,0.0482791885795985,0.0418052401508683,bull,0.297773654916512,0.0500927643784786,2026-03-31,2026-05-15,326356000.0,325982000.0,-202956000.0,-191919000.0,-25688000.0,-166231000.0,-3.28,1735463000.0,291379000.0,6111740000.0,1760341000.0,4351399000.0,1046856000.0,,,1419903000.0,0.1338481338481338,-175790718.14671814,5820361000.0,-0.0302027173480679,-0.0382017369586195,-0.0271986373765899,0.4045459862448835,0.9988540121830148,-0.621885303165868,-0.5093548149873145,0.2031025355560307,,,38.84336576062605,38.84336576062605,False,71.84711785933,71.84711785933,63.59617983465401,539.0,True,False,True,True,True,True,True,True,False,True,True,True,True,True,False,False,False,12,False,0.1298963923423353,0.1590849015972997,1.0,361088115.2,0.1929499072356215,2.0,3.0,,,,,,-0.0840784996603925,-0.1258702380368701,0.1057874791752646,-2.1028990648575294,0.0811224489795918,-2.1028990648575294,0.0744188238884727,-539.0,0.4489795918367347,0.3469387755102041,0.0306122448979591,0.3862244897959183,0.3346938775510204,晶心科
111.0,112.0,110.0,111.5,39626.0,0.0276497695852535,109.4,0.0324074074074074,108.5,0.0229357798165137,107.96666666666668,0.0359690280978193,107.79055315653484,0.0025410025410025,75.0,21004.75,1.886525666813459,0.0276497695852535,6581.TW,2026-09-08,0.0482791885795985,0.0418052401508683,bull,0.2537105751391466,0.2597402597402597,2026-03-31,2026-05-15,435086000.0,230832000.0,168083000.0,168115000.0,37893000.0,130222000.0,1.17,1016241000.0,997203000.0,5502480000.0,1475139000.0,4027341000.0,626926000.0,,471956000.0,,0.2253992802545876,130197212.77696814,4505277000.0,0.0288988252613475,0.0323344857065741,0.023666056032916,0.3662811269271711,0.5305433868246737,0.3863213249794293,0.2993017472407754,-0.1170804069150392,,,69.87102388239742,69.87102388239742,False,65.81160982764474,65.81160982764474,66.82646334133291,166.0,True,False,True,True,True,True,True,False,False,False,True,True,True,True,True,False,False,10,False,0.0327261500463105,0.0344134688508208,1.0,2342029.625,0.8116883116883117,2.0,3.0,,,,,,0.0511644582223551,0.025209150499706,0.1673978270403189,-1.051371074547534,0.6428571428571428,-1.051371074547534,0.4852440476190476,-166.0,0.7959183673469388,0.5204081632653061,0.4897959183673469,0.75,0.6520408163265305,鋼聯
276.0,279.0,273.5,279.0,181774.0,0.0054054054054053,276.8,0.0371747211895909,270.475,0.0331199917009326,264.63281097412107,0.0590406271669317,257.4453852335612,0.0109325359745842,59.83606557377049,212841.85,0.8540331706381992,0.0315186246418337,6670.TW,2026-09-08,0.0482791885795985,0.0418052401508683,bull,0.2337662337662337,0.2411873840445269,2026-03-31,2026-05-15,8468855000.0,2032739000.0,1265065000.0,1332547000.0,298511000.0,970370000.0,6.96,20003146000.0,8031634000.0,30684051000.0,10347885000.0,20336166000.0,9145558000.0,1517321000.0,68804000.0,1552151000.0,0.2240153630603648,981671004.7300396,22652417000.0,0.0433362587634705,0.047716467302637,0.0316245726485072,0.5088414895905158,0.2400252454434513,0.149378516930565,0.1145810147888941,-0.0012569118061379,,,69.78295043229787,69.78295043229787,False,73.2906199657976,73.2906199657976,72.41370258242267,168.0,True,False,True,True,True,True,True,True,False,False,True,True,True,True,True,False,False,11,False,0.0542910343316571,0.0837249995640196,1.0,59382876.15,0.3877551020408163,2.0,3.0,,,,,,0.0706265288071226,0.0354000118680087,0.285957683327019,-0.3819873545247965,0.8627551020408162,-0.3819873545247965,0.8820964589024338,-168.0,0.7857142857142857,0.7040816326530612,0.9591836734693876,0.8117346938775509,0.7959183673469388,復盛應用
300.5,317.5,290.0,294.0,7308400.0,0.0556552962298024,283.5,0.1439688715953306,278.025,0.2484076433121018,260.9916666666667,1.9458158016585936,222.28718293507893,0.0423657324960163,53.6231884057971,5038969.45,1.450375929546467,0.0574588616131643,6672.TW,2026-09-08,0.0482791885795985,0.0418052401508683,bull,0.0649350649350649,0.046382189239332,2026-03-31,2026-05-15,1245827000.0,423777000.0,145352000.0,148482000.0,24894000.0,123588000.0,1.73,4606299000.0,1439948000.0,6456499000.0,2742865000.0,3713634000.0,1563255000.0,30000000.0,69263000.0,896840000.0,0.1676566856588677,120982765.42611226,5016551000.0,0.0241167219123481,0.0332795315855035,0.0191416431722517,0.7385932485538425,0.3401571807321562,0.1166710947828229,0.0992015745364324,0.2185628742514969,,,64.4879602565514,64.4879602565514,False,82.23730720805689,82.23730720805689,77.79997047018051,216.0,True,True,True,True,True,True,True,True,True,True,True,True,True,True,True,False,False,14,False,0.126472748172036,0.3226133694170998,1.0,1481457018.3,0.0890538033395176,2.0,3.0,,,,,,0.001124071299487,-0.1216003605232293,0.312876383473126,-1.4806413945273074,0.4780612244897959,-1.4806413945273074,0.4590292641023905,-216.0,0.7040816326530612,0.8061224489795918,0.4489795918367347,0.6658163265306123,0.6836734693877551,騰輝電子-KY
327.5,327.5,294.5,294.5,40387305.0,-0.0768025078369906,305.1,0.3634259259259258,293.325,1.0259810004237688,216.05304590861,1.500687935774176,174.9052139918009,0.075139741592596,54.73251028806584,40006593.25,1.0095162251787084,0.0040057956191936,8039.TW,2026-09-08,0.0482791885795985,0.0418052401508683,bull,0.0166975881261595,0.0046382189239332,2026-03-31,2026-05-15,2415476000.0,532169000.0,146484000.0,219817000.0,44902000.0,171370000.0,0.65,10090538000.0,4116000000.0,15838059000.0,5212295000.0,10625764000.0,3401205000.0,544660000.0,425464000.0,0.0,0.2042699154296528,116561725.70820272,11722059000.0,0.0099437927848855,0.0161277814941118,0.0108201390081953,0.4905336689201831,0.2203164096848819,0.060643947611154,0.0709466788326607,0.0846351629146733,,,39.59205928302138,39.59205928302138,False,77.83235760350097,77.83235760350097,68.27228302338108,517.0,True,True,True,True,True,True,True,True,True,True,True,True,True,True,False,False,False,14,False,0.363091174028497,0.68376913002608,1.0,11781941712.125,0.0157699443413729,2.0,3.0,,,,,,-0.002017973971505,-0.1054555081640061,0.2513651802560484,-2.00945816296492,0.3260204081632653,-2.00945816296492,0.2861373054969114,-517.0,0.4693877551020408,0.5714285714285714,0.2040816326530612,0.4295918367346938,0.446938775510204,台虹
123.5,124.5,117.5,119.5,3387358.0,-0.0553359683794466,121.7,0.4918851719904633,103.18499984741212,0.23706006094828,91.99516639709472,0.3579545454545454,96.1717498143514,0.1110094241855029,77.23824028424414,5240061.75,0.6464347485981439,0.1581140686796935,8103.TW,2026-09-08,0.0482791885795985,0.0418052401508683,bull,0.0055658627087198,0.0528756957328385,2026-03-31,2026-05-15,910083000.0,345551000.0,129570000.0,118832000.0,28319000.0,90670000.0,1.17,4806255000.0,2292724000.0,6664637000.0,2807482000.0,3857155000.0,2444140000.0,830000000.0,60524000.0,,0.2383112292985054,98692014.01979265,4371913000.0,0.0225741029201158,0.0235069630336348,0.0136046419332365,0.7278634122818503,0.3796917424015172,0.1423716298403552,0.0996282756627692,0.2327956035203264,,,63.77372008138453,63.77372008138453,False,83.51113172541744,83.51113172541744,78.57677881440921,225.0,True,True,True,True,True,True,True,False,True,True,True,False,False,False,True,False,False,10,False,0.2989812908667548,0.2425686361190384,1.0,626187379.125,0.1493506493506493,2.0,3.0,,,,,,0.0546227618349687,-0.0229164560988861,0.3071336100963373,-1.5120852138390788,0.6908163265306122,-1.5120852138390788,0.658981330273148,-225.0,0.6938775510204082,0.8367346938775511,0.7040816326530612,0.6954081632653061,0.7387755102040817,瀚荃
239.0,240.0,233.0,234.0,513371.0,0.0564334085778781,226.5,0.073394495412844,217.425,0.0934579439252336,217.01666666666668,-0.0034375417930555,223.38128344217932,0.0115143056524774,67.1875,463628.75,1.1072889677354996,0.0762331838565022,4770.TW,2026-09-08,0.0482791885795985,0.0418052401508683,bull,0.1512059369202226,0.1354359925788497,2026-03-31,2026-05-15,1058605000.0,369927000.0,210485000.0,236117000.0,34491000.0,201626000.0,2.52,8447386000.0,2125986000.0,10526887000.0,2447197000.0,8079690000.0,2937319000.0,150000000.0,208913000.0,,0.1460758861073112,179738217.11270258,8400901000.0,0.0213951119186742,0.024954670290568,0.0191534306390863,0.3028825363349336,0.3494476221064514,0.1988324256923026,0.1904638651810637,0.0960345809390692,,,66.86426683810382,66.86426683810382,False,77.44976213042642,77.44976213042642,74.80338830734577,194.0,True,True,True,True,True,True,True,True,True,True,True,True,True,True,True,False,False,14,False,0.0782581982950618,0.0475362859152397,1.0,108489127.5,0.3116883116883117,2.0,3.0,,,,,,0.016987735527678,-0.0730322967388113,0.2014958455433036,-1.8666366248918551,0.3551020408163265,-1.8666366248918551,0.4147048974733034,-194.0,0.7346938775510204,0.7551020408163265,0.3877551020408163,0.6826530612244899,0.6714285714285715,上品
213.0,214.0,207.5,211.5,355882.0,-0.0162790697674418,210.0,0.0496277915632754,205.475,0.119047619047619,198.36536051432293,0.1432432432432433,194.8410135904948,0.0115692307692307,63.33333333333333,220691.9,1.612573909599763,0.0293223019832096,4771.TW,2026-09-08,0.0482791885795985,0.0418052401508683,bull,0.1957328385899814,0.1141001855287569,2026-03-31,2026-05-15,1030727000.0,422528000.0,298124000.0,310643000.0,69136000.0,214777000.0,3.66,2662213000.0,1036935000.0,7439213000.0,2725761000.0,4713452000.0,939697000.0,0.0,1180020000.0,,0.2225577270371455,231774200.18477803,6402278000.0,0.0362018331888709,0.0455668159981262,0.0288709302986754,0.5782939976900158,0.4099320188565934,0.2892366261871475,0.208374283394148,0.2716625438753415,,,87.83714193650803,87.83714193650803,False,81.02166019675848,81.02166019675848,82.72553063169586,44.0,True,True,True,True,True,True,True,True,True,True,True,True,True,True,True,False,False,14,False,0.0662143806339046,0.0855004092953348,1.0,46676336.85,0.4128014842300556,2.0,2.0,,,,,,0.0351882486576876,-0.0136413539733709,0.264392093376055,-1.4934937591969697,0.6137755102040816,-1.4934937591969697,0.6324914775029982,-44.0,0.9591836734693876,0.9591836734693876,0.6428571428571429,0.9117346938775508,0.8959183673469386,望隼
62.29999923706055,64.30000305175781,62.29999923706055,63.09999847412109,1201567.0,0.0260162353515622,62.31999969482422,0.0361247437293956,60.57999973297119,0.0551839344341562,60.33166675567626,-0.092086352890344,63.914166609446205,0.0059780746632539,73.91302905596615,435329.4,2.760132901660214,0.0415978664948453,2254.TW,2026-09-08,0.0482791885795985,0.0418052401508683,bull,0.2411873840445269,0.1975881261595547,2026-03-31,2026-05-15,30398000.0,-22248000.0,-62098000.0,-66601000.0,0.0,-66601000.0,-1.04,245505000.0,730335000.0,2231787000.0,1197039000.0,1034748000.0,124701000.0,488500000.0,436385000.0,,-0.0,-62098000.0,1501452000.0,-0.0413586315113636,-0.0643644636181949,-0.0298420055318899,1.1568410859455636,-0.7318902559378907,,,-0.8335851618271799,,,11.377524160829854,11.377524160829854,False,66.29116419924577,66.29116419924577,52.562754189641794,1020.0,True,False,True,True,True,True,True,False,False,True,True,True,True,True,False,False,False,11,False,0.0458852186142257,-0.012738461260086,0.0,27469284.47574005,0.4795918367346938,1.0,3.0,,,,,,0.0430258723997939,-0.0035445520937837,0.4173855016503154,-1.9317851615225523,0.661734693877551,-1.9317851615225523,0.8529350841476443,-1020.0,0.0510204081632653,0.0408163265306122,0.9183673469387756,0.1811224489795918,0.2214285714285714,巨鎧精密-創
77.69999694824219,77.69999694824219,76.9000015258789,77.5,35708.0,-0.0012886401557654,77.31999969482422,0.0501354579300936,75.575,0.0472972972972973,73.65499992370606,-0.03125,74.51161753336588,0.0177080496507556,67.6767513297483,33437.4,1.0679059974758802,0.0254713860403572,6918.TW,2026-09-08,0.0482791885795985,0.0418052401508683,bull,0.1948051948051948,0.2133580705009276,2026-03-31,2026-05-15,219385000.0,145307000.0,52877000.0,58755000.0,11065000.0,47501000.0,1.39,1203027000.0,380831000.0,1686462000.0,542764000.0,1143698000.0,607226000.0,,157857000.0,,0.1883243979235809,42918970.81099481,1305631000.0,0.0328722057081938,0.0415328172297232,0.0281660660008941,0.474569335611324,0.6623378991271053,0.2410237709961939,0.2165189051211341,0.1171055110572492,,,82.25632418471866,82.25632418471866,False,69.09177862037386,69.09177862037386,72.38291501146006,74.0,True,False,True,True,True,True,True,True,True,True,True,True,True,True,True,False,False,13,False,0.0522028386433603,0.0401062621583263,1.0,2591398.5,0.8033395176252319,1.0,2.0,,,,,,0.065024651743441,0.0505597034576522,0.2279259251162804,-1.1858593482644235,0.7459183673469388,-1.1858593482644235,0.7653987802017359,-74.0,0.9081632653061223,0.6836734693877551,0.8367346938775511,0.8974489795918368,0.826530612244898,愛派司
78.80000305175781,78.80000305175781,75.30000305175781,76.80000305175781,34449.0,0.0267379668235587,75.41999969482421,0.0593103869207973,73.67999992370605,0.1179040242115014,73.44833335876464,-0.0634145969297828,75.81416670481364,0.0084171596500897,60.00001606189612,26022.45,1.323818472126952,0.0423453193713687,6934.TW,2026-09-08,0.0482791885795985,0.0418052401508683,bull,0.1697588126159554,0.1159554730983302,2026-03-31,2026-05-15,3685000.0,-16447000.0,-50409000.0,-50082000.0,0.0,-50082000.0,-1.43,534649000.0,48275000.0,709636000.0,137947000.0,571689000.0,78973000.0,,41591000.0,,-0.0,-50409000.0,661361000.0,-0.0762200976471246,-0.0876035746708437,-0.0705742098766128,0.2412972787652027,,,,,,,25.0,25.0,False,82.12451941150854,82.12451941150854,67.8433895586314,769.0,True,True,True,True,True,True,True,True,True,True,True,True,True,True,False,False,False,14,False,0.0456330258254009,0.0130033262883779,1.0,1998524.239414215,0.8274582560296846,1.0,3.0,,,,,,0.0580889434838644,-0.0083043877025333,0.2000022208616854,-1.979562810452224,0.5346938775510205,-1.979562810452224,0.3316216930435692,-769.0,0.2857142857142857,0.5510204081632653,0.2755102040816326,0.2841836734693877,0.3632653061224489,心誠鎂
34.45000076293945,37.150001525878906,34.45000076293945,36.95000076293945,799917.0,0.0587392305854324,34.380000305175784,0.1265244397076035,34.01500024795532,0.3864916056977117,30.32333345413208,0.2987697635169335,29.392083358764648,0.0005883296673048,58.98617041661027,190975.65,4.188581109685973,0.0862854768069731,6969.TW,2026-09-08,0.0482791885795985,0.0418052401508683,bull,0.0788497217068645,0.0259740259740259,2026-03-31,2026-05-15,77977000.0,24341000.0,2486000.0,-2183000.0,0.0,-2183000.0,-0.05,309483000.0,182775000.0,1118341000.0,633488000.0,484853000.0,107080000.0,21000000.0,327254000.0,,-0.0,2486000.0,935566000.0,0.0026572149907115,-0.0045023955714412,-0.0019519985406955,1.3065568326894956,0.3121561486079228,0.0318811957372045,-0.0279954345512138,0.0385025171137096,,,24.457927260122307,24.457927260122307,False,86.93802567403593,86.93802567403593,71.31800107055751,776.0,True,True,True,True,True,True,True,True,True,True,True,True,False,True,False,False,False,13,False,0.2185336028056101,0.2571412618806776,1.0,7056550.413202858,0.6539888682745826,1.0,3.0,,,,,,0.0560044645341235,-0.0063072838142013,0.2775798912677129,-1.400284415920844,0.7193877551020409,-1.400284415920844,0.7240344594489588,-776.0,0.2755102040816326,0.6530612244897959,0.7857142857142857,0.3520408163265306,0.4908163265306122,成信實業*-創
300.0,304.5,285.0,291.5,3832031.0,-0.0904836193447737,314.8,0.2222222222222223,287.85,0.138671875,255.28529001871743,0.8333333333333333,216.65514500935876,0.0823463056965596,54.61741424802111,2617059.9,1.4642503979370132,0.0126802153899598,7788.TW,2026-09-08,0.0482791885795985,0.0418052401508683,bull,0.0315398886827458,0.0974025974025974,2026-03-31,2026-05-15,1857129000.0,500235000.0,178905000.0,229341000.0,52857000.0,177273000.0,2.22,6568822000.0,3373457000.0,11007682000.0,5034895000.0,5972787000.0,2088365000.0,643000000.0,1079805000.0,,0.2304733998718066,137672156.39593443,7634225000.0,0.0180335471375201,0.0296801141577625,0.0161044804891711,0.842972468296626,0.2693593175272153,0.0963341803396533,0.0954554045518647,0.1444346257089825,,,52.52291879760674,52.52291879760674,False,79.45241438978124,79.45241438978124,72.72004049173762,331.0,True,True,True,True,True,True,True,True,True,True,True,True,True,True,False,False,False,14,False,0.1418597600301501,0.3454561625453585,1.0,762872960.85,0.1363636363636363,2.0,3.0,,,,,,0.0246167137594107,-0.0577667285174789,0.3401149099211016,-1.5027102162388533,0.6056122448979593,-1.5027102162388533,0.5626376202011475,-331.0,0.6326530612244898,0.7244897959183674,0.5510204081632653,0.6204081632653061,0.6438775510204082,松川精密
127.0,130.0,123.5,125.5,46988.0,0.0960698689956331,120.1,0.0502092050209204,116.05,0.1461187214611872,114.76603202819824,0.578616352201258,113.75384947458905,0.0175361683472161,62.7906976744186,44322.35,1.0601423435354849,0.0814304179233089,6924.TW,2026-09-08,0.0482791885795985,0.0418052401508683,bull,0.1938775510204081,0.0946196660482374,2026-03-31,2026-05-15,472287000.0,125017000.0,59395000.0,58845000.0,12219000.0,46626000.0,2.26,1163404000.0,693313000.0,1234297000.0,714916000.0,519381000.0,449993000.0,42370000.0,,,0.2076472087687993,47061794.03517717,540984000.0,0.0869929499489396,0.0897722481184332,0.0377753490448409,1.3764769985810033,0.2647055709769695,0.1257603956916027,0.0987238691727699,0.0634867021096932,,,72.40238100150462,72.40238100150462,True,82.11557209189927,82.11557209189927,79.68727431930061,143.0,True,True,True,True,True,True,True,True,True,True,True,True,True,True,True,True,False,14,False,0.0935291373423488,0.1032593673063775,1.0,5562454.925,0.6799628942486086,2.0,3.0,,,,,,0.0345038553163333,-0.0235749489170531,0.2961384358625685,-0.1277411123338726,0.7275510204081632,-0.1277411123338726,0.8409995569939372,-143.0,0.826530612244898,0.8877551020408163,0.9081632653061223,0.8387755102040817,0.8612244897959183,榮惠-KY創
554.0,587.0,541.0,555.0,2754297.0,0.0315985130111524,520.0,0.2065217391304348,541.7,0.4760638297872339,495.775,0.4104901982074771,439.1802792867025,0.0390831055483623,51.692307692307686,1361476.7,2.023021767467633,0.0245523352409082,7795.TW,2026-09-08,0.0482791885795985,0.0418052401508683,bull,0.036178107606679,0.0157699443413729,2026-03-31,2026-05-15,417748000.0,164583000.0,45923000.0,46458000.0,30360000.0,16098000.0,0.21,3862664000.0,1062319000.0,4174097000.0,1361173000.0,2812924000.0,2813974000.0,298396000.0,,,0.4,27553800.0,3111778000.0,0.008854680507414,0.0057228705787998,0.0038566425265153,0.4838996716583882,0.3939767515344178,0.1099299098978331,0.0385351934659172,,,,44.88151404428712,44.88151404428712,False,77.04125470444404,77.04125470444404,69.00131953940482,434.0,True,True,True,True,True,True,True,True,True,True,True,True,True,True,False,False,False,14,False,0.1194594322021078,0.2637179449437183,1.0,755619568.5,0.137291280148423,3.0,3.0,,,,,,-0.0124919754464078,-0.0941081800666364,0.2865770997842274,-1.6321489480589175,0.411734693877551,-1.6321489480589175,0.4310609925781953,-434.0,0.5306122448979592,0.5816326530612245,0.4285714285714285,0.5153061224489797,0.5255102040816326,長廣
650.0,650.0,594.0,594.0,2411184.0,0.0330434782608695,614.2,0.4594594594594594,522.5,0.6669751533740755,388.37545115152994,1.4936587143217603,366.09986673990886,0.1289364230540701,61.9815668202765,1641675.7,1.4687334410809638,0.1368421052631578,7711.TW,2026-09-08,0.0482791885795985,0.0418052401508683,bull,0.0074211502782931,0.0120593692022263,2026-03-31,2026-05-15,8891334000.0,1101342000.0,694694000.0,674736000.0,134950000.0,539786000.0,7.68,12044114000.0,7539833000.0,12300864000.0,7550202000.0,4750662000.0,3138201000.0,0.0,,,0.2000041497711697,555752317.178867,4761031000.0,0.116729405286138,0.1136233223917003,0.0438819582104151,1.589294713031573,0.1238669023118465,0.0781315829548187,0.0607092254098203,,,,65.22713046197059,65.22713046197059,True,97.29136347029636,97.29136347029636,89.27530521821492,209.0,True,True,True,True,True,True,True,True,True,True,True,False,True,True,True,True,False,13,False,0.529447853201831,0.6225081022004304,1.0,975155365.8,0.1159554730983302,3.0,3.0,,,,,,0.086105023962456,0.0412477145612427,0.3708681546696487,-0.2555850028637511,0.9494897959183674,-0.2555850028637511,0.439408884387433,-209.0,0.7142857142857143,1.0,0.4387755102040816,0.6729591836734693,0.7448979591836735,永擎
