Open,High,Low,Close,Volume,ret5,ma5,ret20,ma20,ret60,ma60,ret120,ma120,ma20_slope,rsi14,volume_ma20,volume_ratio,ma20_deviation,symbol,date,benchmark_ret20,benchmark_ret60,market_regime,rs20_rank_pct,rs60_rank_pct,period_date,as_of_date,revenue,gross_profit,operating_income,pretax_income,tax_expense,net_income_parent,eps,current_assets,current_liabilities,assets,liabilities,equity,cash,short_borrowings,long_borrowings,bonds_payable,tax_rate,nopat,invested_capital_proxy,roic_proxy,roe,roa,debt_to_equity,gross_margin,operating_margin,net_margin,revenue_growth,pe,pb,eva_like_score,fundamental_score,fundamental_pass,technical_score,score,final_score,fundamental_rank,pass_market,pass_score,pass_rs20,pass_rs60,pass_close_ma20,pass_ma20_ma60,pass_ma20_slope,pass_rsi,pass_ret20_benchmark,pass_ret60_benchmark,pass_ret5_cap,pass_ret20_cap,pass_volume_ratio,pass_ma20_deviation,pass_fundamental_score,pass_fundamental_filter,pass_fundamental_universe,entry_pass_count,entry_all_pass,close_ma60_ratio,close_ma120_ratio,above_ma120,turnover20,liquidity_rank,price_bucket,eva_rank_bucket,forward_60d_return,forward_60d_max_drawdown,reward_60,fwd60_rank_label,top_quantile_60,reg_forward60,reg_reward60,cls_topq60,rank_forward60,ensemble_score,ranker_score,stable_ensemble_score,fundamental_rank_score,fundamental_score_rank,final_score_rank,stable_ml_rank,fund_ml_85_15,fund_final_ml,name
21.399999618530277,21.549999237060547,21.200000762939453,21.5,46566.0,-0.004629647208502563,21.55,0.06435639544358973,20.372500038146974,0.11766606110927458,20.06195904413859,0.1981380707308209,19.619728310902918,0.01786159794322354,75.7575337224317,79815.0,0.5834241683894005,0.05534421203788509,1323.TW,2026-08-17,0.07961459021910078,0.09403898879239647,neutral,0.25254394079555964,0.1998149861239593,2026-03-31,2026-05-15,530894000.0,98916000.0,23645000.0,38156000.0,5647000.0,32509000.0,0.36,2570405000.0,691151000.0,4744350000.0,2167294000.0,2577056000.0,950712000.0,,1220000000.0,,0.1479976936785826,20145594.532969914,4053199000.0,0.004970294952942,0.0126147821389989,0.0068521504526436,0.8409960823513343,0.1863196796347293,0.0445380810481941,0.0612344460476102,0.0092658073837497,,,28.08704419011924,28.08704419011924,False,67.04032479285799,67.04032479285799,57.3020046421733,717.0,True,False,True,True,True,True,True,False,False,True,True,True,False,True,False,False,False,10,False,0.07167998662032748,0.09583576588327136,1.0,1716022.5,0.8658649398704903,0.0,3.0,,,,,,0.05445791396900807,0.026520521870345554,0.24578176616880285,-1.1862286106230677,0.7528571428571428,-1.1862286106230677,0.731973134362624,-717.0,0.2571428571428571,0.17142857142857143,0.8476190476190476,0.3457142857142857,0.3495238095238095,永裕
19.600000381469727,20.399999618530277,19.299999237060547,20.149999618530277,326338.0,0.02025314524203936,19.469999694824217,0.07754004258997149,18.942499828338622,0.3042071111513296,17.93916656176249,0.02688271335532333,17.730529999732973,0.012832507074794877,65.3465294181189,324046.75,1.0070707390214528,0.06374553523211302,1414.TW,2026-08-17,0.07961459021910078,0.09403898879239647,neutral,0.21461609620721553,0.06753006475485661,2026-03-31,2026-05-15,113452000.0,12596000.0,-7033000.0,11377000.0,382000.0,10995000.0,0.06,876335000.0,611698000.0,4159720000.0,1289474000.0,2870246000.0,113194000.0,505000000.0,,,0.033576514019513,-6796856.376900765,3548022000.0,-0.0019156748117403,0.0038306821087809,0.0026432067543007,0.4492555690348492,0.1110249268413073,-0.0619909741564714,0.0969132320276416,-0.1489036091252128,,,15.88871955373819,15.88871955373819,False,77.41483912485708,77.41483912485708,62.03330923207736,938.0,True,True,True,True,True,True,True,True,False,True,True,True,True,True,False,False,False,13,False,0.12324056689903307,0.13645782832401188,1.0,6529541.888885976,0.7076780758556892,0.0,3.0,,,,,,0.011097069629877037,-0.009893566652779753,0.24039502882797786,-1.7524895301960843,0.4766666666666667,-1.7524895301960843,0.3815171271690677,-938.0,0.08571428571428572,0.3333333333333333,0.3142857142857143,0.12,0.2057142857142857,東和
28.799999237060547,28.799999237060547,28.549999237060547,28.799999237060547,132017.0,-0.015384641468015436,28.75999984741211,0.11411987667534018,27.6296648979187,0.11196909888969442,25.790721702575684,-0.05418724087150484,26.52161080042521,0.03222231429026184,65.86908440927567,55460.25,2.380389558287242,0.0423578911820246,1439.TW,2026-08-17,0.07961459021910078,0.09403898879239647,neutral,0.1396854764107308,0.20906567992599445,2026-03-31,2026-05-15,75912000.0,22864000.0,4904000.0,59736000.0,1630000.0,54161000.0,0.59,3556714000.0,2128037000.0,6084300000.0,2619482000.0,3464818000.0,685342000.0,1313697000.0,338000000.0,,0.0272867282710593,4770185.884558725,3956263000.0,0.0012057302268728,0.0156317012899378,0.0089017635553802,0.7560229714807531,0.3011908525661292,0.0646011170829381,0.7134708609969438,-0.4434481696811513,,,31.08546525604612,31.08546525604612,False,73.70252418661285,73.70252418661285,63.04825945397117,660.0,True,False,True,True,True,True,True,True,True,True,True,True,True,True,False,False,False,13,False,0.1166806252724728,0.08590686492536892,1.0,1597255.1576871872,0.879740980573543,0.0,3.0,,,,,,0.031787765739316,-0.014098195006740403,0.14394032874497376,-1.6813757389613928,0.4157142857142857,-1.6813757389613928,0.4002374638170748,-660.0,0.3333333333333333,0.37142857142857144,0.3619047619047619,0.3376190476190476,0.35047619047619044,雋揚
13.550000190734863,13.75,13.449999809265137,13.550000190734863,1647248.0,0.003703717832212128,13.610000038146973,0.0627451129988128,12.834999990463256,0.19383257579946034,13.14677507082621,0.01119407287125318,12.929637519518534,0.01120933644164964,74.41862425075533,2068336.5,0.7964119958236969,0.05570706667727854,1440.TW,2026-08-17,0.07961459021910078,0.09403898879239647,neutral,0.25624421831637373,0.12303422756706753,2026-03-31,2026-05-15,3372657000.0,294268000.0,-129416000.0,-64775000.0,8778000.0,-78150000.0,-0.05,12562200000.0,9846736000.0,45799105000.0,17769583000.0,28029522000.0,4400648000.0,5866840000.0,3989879000.0,,0.0,-129416000.0,35952369000.0,-0.0035996515278311,-0.002788131741954,-0.0017063652226391,0.6339595445116759,0.0872510901642236,-0.0383721202600798,-0.0231716418242353,-0.1955247737019332,,,12.51873256872129,12.51873256872129,False,58.879073317771976,58.879073317771976,47.28898813050931,1003.0,True,False,True,True,True,False,True,False,False,True,True,True,False,True,False,False,False,9,False,0.030671029034599062,0.047979896596469285,1.0,28025959.96950388,0.5124884366327475,0.0,3.0,,,,,,0.025768622579403835,0.004441391874223445,0.14316924448384646,-1.873881128449547,0.39476190476190476,-1.873881128449547,0.38710293596586887,-1003.0,0.047619047619047616,0.009523809523809525,0.3238095238095238,0.08904761904761904,0.09142857142857144,南紡
9.779999732971191,9.949999809265137,9.609999656677246,9.9399995803833,934703.0,0.004040400342860462,9.834000205993652,0.09110866684804964,9.165000057220459,0.2166462041077799,9.37681959470113,0.16121484732688773,8.977076462904613,0.01669533076262149,68.47826950792782,1105349.6,0.845617531322217,0.08456077668567774,1455.TW,2026-08-17,0.07961459021910078,0.09403898879239647,neutral,0.18131359851988899,0.10545790934320073,2026-03-31,2026-05-15,1265739000.0,26904000.0,-45175000.0,-32149000.0,-5368000.0,-26781000.0,-0.05,3072494000.0,1880065000.0,9399593000.0,3651618000.0,5747975000.0,484215000.0,608371000.0,1509426000.0,,0.1669725341379203,-37632015.77031945,7519528000.0,-0.0050045715329897,-0.004659206068224,-0.0028491659160135,0.6352877317664047,0.0212555669059735,-0.0356906123616322,-0.0211583904738654,-0.319428201806952,,,12.511705122929076,12.511705122929076,False,65.66168735915443,65.66168735915443,52.37419180009809,1004.0,True,False,True,True,True,False,True,True,True,True,True,True,True,True,False,False,False,12,False,0.06006087458485654,0.10726466700575776,1.0,10987174.56017685,0.6382978723404256,0.0,3.0,,,,,,0.0691150363998231,0.03670276994037388,0.17366343739714582,-1.592654697375176,0.6238095238095238,-1.592654697375176,0.5968671265951138,-1004.0,0.0380952380952381,0.06666666666666667,0.6666666666666666,0.13238095238095238,0.17238095238095238,集盛
169.5,172.5,167.0,171.0,3443788.0,0.07210031347962387,167.6,0.08571428571428563,159.75,0.09265175718849838,166.8459671020508,0.017857142857142794,160.78131688435872,0.006299212598425197,74.02597402597402,3756721.3,0.9167004217214623,0.07042253521126751,1513.TW,2026-08-17,0.07961459021910078,0.09403898879239647,neutral,0.19241443108233117,0.23959296947271044,2026-03-31,2026-05-15,6490639000.0,1685977000.0,1203389000.0,1218211000.0,257948000.0,956493000.0,1.94,23811521000.0,21444785000.0,48754126000.0,26877788000.0,21876338000.0,2658244000.0,1188636000.0,1600850000.0,0.0,0.2117432858511374,948579458.9828856,27309341000.0,0.034734615492292,0.0437227199543177,0.0196187087837447,1.2286237303519447,0.2597551643220336,0.1854037791964705,0.1473649974987054,0.0066661414113464,,,62.38485994052645,62.38485994052645,False,59.10628743165127,59.10628743165127,59.925930558870064,239.0,True,False,True,True,True,False,True,False,True,False,True,True,True,True,True,False,False,10,False,0.024897412686087916,0.06355640887672931,1.0,642399342.3,0.14893617021276595,2.0,3.0,,,,,,0.011047327749128795,-0.0648443457482925,0.233055454954926,-1.0248635122972596,0.4876190476190476,-1.0248635122972596,0.5324178658536585,-239.0,0.6952380952380952,0.2571428571428571,0.5714285714285714,0.6766666666666666,0.539047619047619,中興電
725.0,749.0,715.0,742.0,2192966.0,0.07848837209302317,717.8,0.14683153013910366,677.8,0.07848837209302317,696.1030303955079,0.5871657754010695,609.4848485310872,0.011222048334083216,66.77115987460814,1498766.55,1.4631805066639632,0.09471820596046032,1560.TW,2026-08-17,0.07961459021910078,0.09403898879239647,neutral,0.10545790934320073,0.2719703977798335,2026-03-31,2026-05-15,2293229000.0,802560000.0,444439000.0,531951000.0,89799000.0,436359000.0,2.94,5759371000.0,3216860000.0,13961884000.0,5383626000.0,8578258000.0,1772650000.0,642250000.0,940383000.0,555943000.0,0.1688106611323223,369412958.57701176,10745024000.0,0.0343799100473867,0.050868020057219,0.0312535901315323,0.6275896574805747,0.3499694099455396,0.193804892577235,0.1902814764683335,0.2944197621734146,,,86.28355650333096,86.28355650333096,False,70.3776243001038,70.3776243001038,74.3541073509106,54.0,True,False,True,True,True,False,True,True,True,False,True,True,True,True,True,False,False,11,False,0.06593416146804398,0.217421568047649,1.0,1112084780.1000001,0.11100832562442182,3.0,2.0,,,,,,0.0006722069802042865,-0.11114821598462345,0.28898416098628577,-0.850917433852913,0.4976190476190476,-0.850917433852913,0.529059915636455,-54.0,0.9333333333333333,0.8285714285714286,0.5619047619047619,0.8776190476190476,0.8276190476190476,中砂
38.70000076293945,38.70000076293945,37.59999847412109,38.5,26730864.0,0.013157894736842035,39.029999542236325,0.21069185294605597,34.447499942779544,0.07017054048864035,35.92647282282511,0.11127230958210399,34.06312735875448,0.041969147078085196,74.53416553775692,33170612.15,0.8058598339735494,0.11764279160902902,1605.TW,2026-08-17,0.07961459021910078,0.09403898879239647,neutral,0.06475485661424607,0.28677150786308975,2026-03-31,2026-05-15,41070352000.0,3192789000.0,547321000.0,4060027000.0,562012000.0,3584927000.0,0.81,90410765000.0,60341422000.0,306209880000.0,131730308000.0,174479572000.0,13913788000.0,12903118000.0,50244505000.0,5300000000.0,0.1384256804203519,471557718.1666526,245868458000.0,0.0019179268540686,0.0205463995521492,0.0117074178011499,0.7549898620796709,0.0777395090258783,0.0133264258363307,0.0872874671247034,-0.0841324099926965,,,22.373994815385178,22.373994815385178,False,65.69163257241446,65.69163257241446,54.862223133157144,820.0,True,False,True,True,True,False,True,False,True,False,True,True,True,True,False,False,False,10,False,0.07163317116785972,0.13025441247705083,1.0,1277068567.7749999,0.10175763182238667,1.0,3.0,,,,,,0.011711244462861316,-0.040009797967983665,0.19397349852859633,-1.7010893708229875,0.36714285714285716,-1.7010893708229875,0.3001092349193595,-820.0,0.14285714285714285,0.08571428571428572,0.20952380952380953,0.15285714285714286,0.13904761904761906,華新
36.95000076293945,37.0,36.04999923706055,36.34999847412109,4003343.0,0.016783174101289156,36.90999984741211,0.23337343431904412,32.53000011444092,0.09159157077895985,33.495377413431804,0.013947001988324326,33.34435528119405,0.05107411250187046,75.07788043526051,6346805.95,0.6307649913260701,0.11743001371784123,1608.TW,2026-08-17,0.07961459021910078,0.09403898879239647,neutral,0.0545790934320074,0.2414431082331175,2026-03-31,2026-05-15,3453119000.0,483830000.0,419422000.0,270760000.0,67589000.0,157429000.0,0.37,9405391000.0,5028451000.0,16894935000.0,5965058000.0,10929877000.0,686209000.0,3168114000.0,,,0.2496269759196336,314722954.5058354,11866484000.0,0.026522005549903,0.0144035472677322,0.009318118122384,0.5457571022985894,0.1401139086142122,0.1214617857073561,0.0455903778583941,0.2223962317651353,,,50.67079431646654,50.67079431646654,False,67.1123839676986,67.1123839676986,63.00198655489059,359.0,True,False,True,True,True,False,True,False,True,False,True,True,False,True,False,False,False,9,False,0.08522432888141052,0.0901394904049082,1.0,230706386.59804264,0.2488436632747456,1.0,3.0,,,,,,-0.00035973861078758253,-0.07077678555873093,0.16081263268182375,-1.7198823266911831,0.24666666666666667,-1.7198823266911831,0.2932981063345386,-359.0,0.5619047619047619,0.3523809523809524,0.19047619047619047,0.5061904761904762,0.4247619047619048,華榮
16.75,17.5,16.5,17.149999618530273,23975153.0,0.030030030718050993,16.85999984741211,0.14333330790201826,15.237499952316284,0.7735263167756936,15.543166653315227,0.8421051391570564,12.61458334128062,0.013468567586001142,70.58823529411767,20659261.55,1.1605038709624158,0.12551269382765562,1714.TW,2026-08-17,0.07961459021910078,0.09403898879239647,neutral,0.1091581868640148,0.0074005550416281225,2026-03-31,2026-05-15,7139550000.0,802314000.0,490214000.0,535557000.0,131252000.0,223134000.0,0.23,17219321000.0,4978429000.0,25588223000.0,7499378000.0,18088845000.0,5982998000.0,888587000.0,1280870000.0,,0.2450756875551995,370074466.90081537,20609794000.0,0.01795624288631,0.0123354476197899,0.0087201835000421,0.414585784775092,0.1123759900834086,0.0686617503904307,0.0312532302456037,0.3342708703208805,,,45.10051143692903,45.10051143692903,False,72.87777277605899,72.87777277605899,65.9334574412765,432.0,True,False,True,True,True,False,True,True,True,True,True,True,True,True,False,False,False,12,False,0.10337873877665227,0.3595375411574413,1.0,354306327.7016172,0.20166512488436633,0.0,3.0,,,,,,-0.0033857458815328167,-0.09109889508044097,0.27598217465001845,-1.9001525762412177,0.3514285714285714,-1.9001525762412177,0.38953029158261504,-432.0,0.5047619047619047,0.5333333333333333,0.3333333333333333,0.479047619047619,0.47904761904761906,和桐
32.599998474121094,33.099998474121094,32.349998474121094,33.0,801309.0,-0.010494707350367172,32.79000015258789,0.03773587395376232,32.45500001907349,0.1518324760694314,31.25166670481364,0.04265404100287351,30.605833403269454,0.00925134224748275,60.000016348733766,1363123.4,0.58784773264108,0.016792481300453632,1808.TW,2026-08-17,0.07961459021910078,0.09403898879239647,neutral,0.333950046253469,0.16466234967622573,2026-03-31,2026-05-15,5392216000.0,1474911000.0,1229561000.0,1153602000.0,211319000.0,942283000.0,1.06,46784978000.0,26633648000.0,51660398000.0,37973630000.0,13686768000.0,5845055000.0,11570200000.0,207356000.0,10980553000.0,0.1831818946222353,1004327686.4663897,25026750000.0,0.0401301681787043,0.068846275468394,0.0182399485191732,2.774477509957062,0.2735259492572256,0.2280251755493474,0.1747487489373571,173.44891620834682,,,72.1127428848662,72.1127428848662,False,71.15322036634339,71.15322036634339,71.3931009959741,149.0,True,False,True,True,True,True,True,True,False,True,True,True,False,True,True,False,False,11,False,0.05594368171464814,0.07822582594580774,1.0,44983072.199999996,0.4412580943570768,1.0,3.0,,,,,,0.10239694764532777,0.037885639220970393,0.19153091551552426,-0.6909926804521054,0.7738095238095238,-0.6909926804521054,0.7804113336777057,-149.0,0.8285714285714286,0.7428571428571429,0.8666666666666667,0.8342857142857143,0.8104761904761906,潤隆
39.45000076293945,40.34999847412109,39.45000076293945,40.0,158664.0,0.04166662527455389,39.369999694824216,0.037613509510668885,38.7225004196167,0.07544712178491797,38.219269053141275,0.0823233842836566,37.477733548482256,0.005387513292075576,74.0739851170754,68749.05,2.3078718905933973,0.03299114381921786,1817.TW,2026-08-17,0.07961459021910078,0.09403898879239647,neutral,0.3348751156336725,0.27752081406105455,2026-03-31,2026-05-15,611528000.0,237424000.0,117537000.0,116319000.0,27903000.0,87774000.0,1.21,1873263000.0,304617000.0,2963735000.0,558812000.0,2404923000.0,382710000.0,40000000.0,857000.0,,0.2398834240321873,89341821.9895288,2659118000.0,0.0335982916100484,0.0364976342277902,0.0296160081788688,0.2323617013933502,0.3882471448568176,0.1922021559110948,0.143532266715506,-0.0085682370507754,,,75.60284732958029,75.60284732958029,False,60.764988164398275,60.764988164398275,64.47445295569378,115.0,True,False,True,True,True,True,True,False,False,False,True,True,True,True,True,False,False,10,False,0.046592490933898834,0.0673003998028554,1.0,2749962.0,0.8140610545790934,1.0,3.0,,,,,,0.0750276949089811,0.06355644859024524,0.2256595177063988,-0.725612037226593,0.7999999999999999,-0.725612037226593,0.7224182195266479,-115.0,0.8952380952380953,0.4380952380952381,0.8285714285714286,0.8852380952380953,0.7447619047619047,凱撒衛
24.399999618530277,24.799999237060547,23.950000762939453,24.799999237060547,1968119.0,0.024793324595259847,24.70999984741211,0.16159244936525496,22.442500019073485,0.32422586205579584,21.887115605672204,0.3783495413943989,19.97577627499898,0.03053610645782651,77.59999926757787,2585606.35,0.7611827685989401,0.10504619431807805,1904.TW,2026-08-17,0.07961459021910078,0.09403898879239647,neutral,0.09343200740055504,0.06290471785383904,2026-03-31,2026-05-15,10422205000.0,2150150000.0,696170000.0,676222000.0,51875000.0,623134000.0,0.56,23384595000.0,24639229000.0,73010397000.0,42553667000.0,30456730000.0,6316415000.0,12166669000.0,15580624000.0,,0.0767129729585846,642764729.6154221,48371168000.0,0.0132881788096459,0.0204596488198174,0.0085348666163258,1.3971843661483028,0.2063047119107713,0.0667968054744653,0.0597890753444208,0.0134174531712039,,,33.04763840274124,33.04763840274124,False,79.37827135814388,79.37827135814388,67.79561311929322,631.0,True,True,True,True,True,True,True,False,True,True,True,True,False,True,False,False,False,12,False,0.13308668368496424,0.24150365400814988,1.0,64123035.50733891,0.3876040703052729,0.0,3.0,,,,,,0.06118053079065047,0.023116640958194847,0.24044686387746828,-1.4739173359422943,0.720952380952381,-1.4739173359422943,0.6587351434140907,-631.0,0.3619047619047619,0.6,0.7714285714285715,0.42333333333333334,0.5152380952380953,正隆
11.350000381469728,11.600000381469728,11.300000190734863,11.550000190734863,100529.0,0.045248867997236486,11.500000190734864,0.059633082105762236,11.1375,0.10000001816522497,11.099166679382325,-0.02941171756429317,11.274166655540466,0.010662442437489709,61.40351346838474,99214.6,1.013248050186162,0.037037054162501803,1906.TW,2026-08-17,0.07961459021910078,0.09403898879239647,neutral,0.2645698427382054,0.22664199814986125,2026-03-31,2026-05-15,824072000.0,66019000.0,17339000.0,-4285000.0,-126000.0,,-0.03,476045000.0,2439937000.0,5842498000.0,2763272000.0,3079226000.0,170426000.0,1450000000.0,,,0.0294049008168028,16829148.424737457,3402561000.0,0.0049460240168324,,,0.897391747146848,0.0801131454533099,0.0210406372258734,,0.0185447947514918,,,24.0907540514816,24.0907540514816,False,74.14532806432854,74.14532806432854,61.631684561116806,784.0,True,False,True,True,True,True,True,True,False,True,True,True,True,True,False,False,False,12,False,0.04061868105738076,0.024465979936427962,1.0,1145928.6489236832,0.9148936170212766,0.0,3.0,,,,,,0.037656179757277655,0.0034274157426297785,0.17474930283333395,-1.3581174677198722,0.5595238095238095,-1.3581174677198722,0.6760401528210771,-784.0,0.17142857142857143,0.3142857142857143,0.8095238095238095,0.2671428571428571,0.34190476190476193,寶隆
22.350000381469727,22.799999237060547,22.200000762939453,22.799999237060547,1030144.0,-0.025641042361154387,22.760000228881836,0.09352512325725737,21.71750011444092,0.11166882668563316,21.718287722269697,0.10183103494966961,21.892647647857665,0.019122476695137815,68.08509861197743,1480843.55,0.6956467480984064,0.049844554710043454,2010.TW,2026-08-17,0.07961459021910078,0.09403898879239647,neutral,0.17391304347826086,0.21091581868640147,2026-03-31,2026-05-15,6434872000.0,682639000.0,464114000.0,473003000.0,98964000.0,369123000.0,0.57,15350374000.0,9394504000.0,24093239000.0,11630814000.0,12462425000.0,619531000.0,3537293000.0,1338370000.0,,0.2092248886370699,367009800.0350949,14698735000.0,0.0249688017394078,0.0296188743362547,0.0153206050875932,0.9332705312168378,0.1060843168286797,0.0721248223740891,0.0573629125800792,0.1500844484399826,,,45.75393425343425,45.75393425343425,False,60.791094329909726,60.791094329909726,57.03180431079086,421.0,True,False,True,True,True,False,True,True,True,True,True,True,False,True,False,False,False,11,False,0.04980648238128249,0.041445493656025345,1.0,33763231.81020603,0.4856614246068455,0.0,3.0,,,,,,0.07582275273669398,0.03221550634628099,0.256693916105396,-0.5616260587715882,0.8419047619047619,-0.5616260587715882,0.8340710356042779,-421.0,0.5238095238095238,0.1523809523809524,0.9142857142857143,0.5823809523809524,0.4904761904761905,春源
47.900001525878906,51.29999923706055,47.54999923706055,50.0,42934353.0,0.05708246948181661,48.25999984741211,0.23609391982534444,45.204999923706055,0.1918950915531874,42.58063316345215,0.3495276931068265,40.2003165880839,0.04483993906306561,73.63635585984757,24472943.0,1.754360029359771,0.1060723389976026,2027.TW,2026-08-17,0.07961459021910078,0.09403898879239647,neutral,0.05365402405180388,0.12488436632747456,2026-03-31,2026-05-15,31174326000.0,8517820000.0,5633209000.0,4716863000.0,1204326000.0,2914770000.0,1.17,89517343000.0,24455518000.0,159942793000.0,66551339000.0,93391454000.0,9252095000.0,11925609000.0,29968117000.0,,0.2553235063218923,4194918326.275959,135487275000.0,0.0309617144951506,0.0312102432841446,0.0182238283159154,0.7126063054977172,0.2732318896004359,0.1807002659816927,0.0934990543179666,0.1950875950100803,,,67.77515994414823,67.77515994414823,False,82.82129812539448,82.82129812539448,79.05976358008292,180.0,True,True,True,True,True,True,True,False,True,True,True,True,True,True,True,False,False,13,False,0.17424275510576592,0.24377129942356968,1.0,1223647150.0,0.10638297872340426,1.0,3.0,,,,,,0.03398865421891194,-0.04211667861005848,0.30330626679659645,-1.189902678619697,0.6342857142857143,-1.189902678619697,0.5794923537852265,-180.0,0.7904761904761904,0.9238095238095239,0.638095238095238,0.7676190476190476,0.7999999999999999,大成鋼
21.149999618530277,21.600000381469727,21.149999618530277,21.600000381469727,415655.0,0.018867905855434186,21.37999992370606,0.04854368842145895,20.820000076293944,0.0640394676486411,20.66781037648519,-0.002309433623165491,20.63265522321065,0.010802278982268675,69.99993896503007,290469.25,1.430977633604934,0.03746399146577839,2029.TW,2026-08-17,0.07961459021910078,0.09403898879239647,neutral,0.29879740980573544,0.299722479185939,2026-03-31,2026-05-15,3111785000.0,440347000.0,145201000.0,173680000.0,32998000.0,134373000.0,0.42,8418174000.0,1415146000.0,11631228000.0,1524045000.0,10107183000.0,2662689000.0,204353000.0,,,0.1899930907415937,117613813.23122984,10216082000.0,0.011512614447616,0.0132948023202904,0.011552778434057,0.1507883057029837,0.1415094551840824,0.0466616427548818,0.0431819679058803,-0.1807433477529307,,,30.0830240796116,30.0830240796116,False,65.2565631116687,65.2565631116687,56.46317835365442,680.0,True,False,True,True,True,True,True,True,False,False,True,True,True,True,False,False,False,11,False,0.04510347192100905,0.046884181788239276,1.0,6274135.910805225,0.7132284921369103,0.0,3.0,,,,,,0.03463653511561647,0.0077462287684500015,0.13943580728671892,-1.6094236511339297,0.4757142857142857,-1.6094236511339297,0.43906566279085696,-680.0,0.3142857142857143,0.13333333333333333,0.4380952380952381,0.33285714285714285,0.28476190476190477,盛餘
20.549999237060547,21.0,20.5,20.549999237060547,2297668.0,0.004889900752586662,21.109999465942384,0.19825071102955794,18.44499988555908,0.2348604602332065,18.307218519846597,0.3115598602316618,17.061592006683348,0.05159634695976616,77.16534368768265,2201905.2,1.0434908823504299,0.1141230341318411,2030.TW,2026-08-17,0.07961459021910078,0.09403898879239647,neutral,0.07215541165587419,0.09528214616096208,2026-03-31,2026-05-15,2637279000.0,397354000.0,208556000.0,212139000.0,43592000.0,168547000.0,0.61,6688220000.0,4584464000.0,12076498000.0,7059382000.0,5017116000.0,1408221000.0,3147626000.0,2063078000.0,,0.2054879112280156,165700263.18592998,7492034000.0,0.0221168594784713,0.0335943996511143,0.0139566122563014,1.4070597530533475,0.1506681697309992,0.0790799911575529,0.0639094308944939,-0.0137930957114074,,,38.807934191914576,38.807934191914576,False,80.32596086020672,80.32596086020672,69.94645419313369,542.0,True,True,True,True,True,True,True,False,True,True,True,True,True,True,False,False,False,13,False,0.12250799949662383,0.20445965587564885,1.0,45249150.180079654,0.43940795559666973,0.0,3.0,,,,,,0.08949308098781429,0.03685561687815289,0.3070445768140148,-0.4934808262791929,0.9166666666666667,-0.4934808262791929,0.9014738822298847,-542.0,0.4380952380952381,0.6952380952380952,0.9523809523809523,0.5152380952380953,0.618095238095238,彰源
43.400001525878906,44.95000076293945,43.400001525878906,44.150001525878906,1818471.0,-0.050537601594002,45.01999969482422,0.13060185373776356,41.5,0.22776745944555965,39.615204175313316,0.18741097873605628,38.41218007405599,0.0331092835743096,63.80952773090477,2019946.15,0.9002571677467739,0.06385545845491336,2031.TW,2026-08-17,0.07961459021910078,0.09403898879239647,neutral,0.11748381128584644,0.09805735430157261,2026-03-31,2026-05-15,4589073000.0,567832000.0,427931000.0,146733000.0,66925000.0,70724000.0,0.22,15811293000.0,10640609000.0,28813736000.0,17538865000.0,11274871000.0,1366991000.0,6979961000.0,6673974000.0,,0.4,256758600.0,18173127000.0,0.0141284766237533,0.0062727103485263,0.0024545237729671,1.5555712344735475,0.1237356651332415,0.0932499875247136,0.0154113913637895,-0.0896215532289155,,,22.130264986727884,22.130264986727884,False,81.22364252967833,81.22364252967833,66.45029814394071,825.0,True,True,True,True,True,True,True,True,True,True,True,True,True,True,False,False,False,14,False,0.11447113412560683,0.14937505345337865,1.0,89180625.60469322,0.34875115633672527,1.0,3.0,,,,,,0.05240274113672219,0.006606174332856407,0.2439367220274233,-1.459090927475712,0.6885714285714286,-1.459090927475712,0.640753626994018,-825.0,0.13333333333333333,0.5619047619047619,0.7428571428571429,0.22476190476190477,0.3838095238095238,新光鋼
26.799999237060547,27.950000762939453,26.799999237060547,27.5,5400531.0,0.0,27.690000152587892,0.19305860781915318,23.99250001907349,0.406848692183545,22.440163135528564,0.5605380195192806,21.075556898117064,0.036169298126837834,74.41860602657216,8519360.05,0.6339127549844544,0.14619151727156932,2103.TW,2026-08-17,0.07961459021910078,0.09403898879239647,neutral,0.07585568917668825,0.043478260869565216,2026-03-31,2026-05-15,10330865000.0,1265731000.0,651038000.0,844918000.0,343164000.0,435719000.0,0.53,20606457000.0,11013075000.0,44846222000.0,22698723000.0,22147499000.0,6501177000.0,5243271000.0,6369581000.0,,0.4,390622800.0,33833147000.0,0.0115455650637524,0.0196735080561466,0.0097158462980449,1.0248887696078008,0.1225193630930227,0.0630187307645584,0.0421764295632553,-0.0044362000632366,,,30.459795491848286,30.459795491848286,False,81.63737280296021,81.63737280296021,68.84297847518224,674.0,True,True,True,True,True,True,True,False,True,True,True,True,False,True,False,False,False,12,False,0.22548128700813264,0.3048291028768455,1.0,234282401.37500003,0.24699352451433856,0.0,3.0,,,,,,0.03784924883995711,-0.008089444820190502,0.24573667382457656,-1.628319784450234,0.6104761904761905,-1.628319784450234,0.5403765329336278,-674.0,0.3238095238095238,0.6666666666666666,0.580952380952381,0.36238095238095236,0.47809523809523813,台橡
28.950000762939453,29.649999618530277,28.950000762939453,29.5,818513.0,-0.01172530576203945,29.870000076293945,0.07078042892706482,28.367500209808348,0.05545614292489698,28.5133334795634,0.16331436633629903,27.27578574816386,0.015300646202067386,64.10257037261282,1040146.95,0.7869205404101796,0.039922438770268576,2108.TW,2026-08-17,0.07961459021910078,0.09403898879239647,neutral,0.23404255319148937,0.32007400555041626,2026-03-31,2026-05-15,2595684000.0,706987000.0,322249000.0,400150000.0,120689000.0,166573000.0,0.34,14271694000.0,1850566000.0,18859782000.0,2404041000.0,16455741000.0,9490424000.0,110000000.0,24000000.0,,0.3016093964763214,225055673.59490192,17009216000.0,0.0132313960616939,0.0101224855204028,0.0088321805628506,0.1460913246021555,0.272370211474124,0.1241480087714837,0.0641730657506846,0.1428634327678053,,,48.999527692236406,48.999527692236406,False,59.85644274900305,59.85644274900305,57.142213984811384,387.0,True,False,True,True,True,False,True,True,False,False,True,True,False,True,False,False,False,9,False,0.03460368887221765,0.08154537773438375,1.0,30684335.025,0.4976873265494912,0.0,3.0,,,,,,0.026135036064677097,-0.03682561972008505,0.19139746109009104,-1.7539498845339552,0.3961904761904762,-1.7539498845339552,0.36496050133816305,-387.0,0.5523809523809524,0.1619047619047619,0.3047619047619048,0.5152380952380953,0.3857142857142858,南帝
277.0,286.5,263.5,263.5,23001080.0,-0.029465930018416242,265.6,0.36175710594315236,233.85,0.27294685990338174,224.675,0.45384034738467216,197.92541567484537,0.06646904571884614,74.73309608540926,30469782.75,0.7548816540216389,0.12679067778490483,2301.TW,2026-08-17,0.07961459021910078,0.09403898879239647,neutral,0.02312673450508788,0.0786308973172988,2026-03-31,2026-05-15,43407292000.0,9402933000.0,4099305000.0,4969901000.0,1195242000.0,3775414000.0,1.66,165353065000.0,116511425000.0,210691221000.0,122427807000.0,88263414000.0,71133162000.0,13521025000.0,3000000000.0,,0.2404961386554782,3113437976.3289046,94179796000.0,0.0330584489302663,0.0427743934763275,0.0179191804104642,1.3870730969006029,0.2166210460675593,0.0944381649055647,0.0869764923368175,0.1919657430575541,,,57.60700281241379,57.60700281241379,False,82.34042553191489,82.34042553191489,76.15706985203961,288.0,True,True,True,True,True,True,True,False,True,True,True,True,False,True,False,False,False,12,False,0.17280516301324123,0.33130956982746196,1.0,8028787754.625,0.02682701202590194,2.0,3.0,,,,,,0.015525071384224884,-0.07012068688998274,0.28873650359557135,-1.1460443665400541,0.5442857142857143,-1.1460443665400541,0.4272839258451473,-288.0,0.638095238095238,0.8571428571428571,0.41904761904761906,0.6052380952380951,0.6599999999999999,光寶科
259.5,261.0,255.0,255.0,35437804.0,-0.03591682419659736,261.9,0.08742004264392333,253.775,0.05037529700288479,253.6263427734375,0.14920709930915632,233.92346000671387,0.025042916287993607,60.36585365853659,56150324.45,0.6311237619215573,0.004827110629494591,2317.TW,2026-08-17,0.07961459021910078,0.09403898879239647,neutral,0.19056429232192415,0.33117483811285847,2026-03-31,2026-05-15,2119533391000.0,130980560000.0,75648689000.0,74031230000.0,17074953000.0,49919449000.0,3.56,4052387707000.0,2792211149000.0,5230479067000.0,3241680598000.0,1988798469000.0,986317310000.0,778365706000.0,25597034000.0,289268494000.0,0.2306452695706933,58200676732.92546,2438267918000.0,0.0238696807283855,0.0251003054246619,0.0095439535003496,1.6299693752429172,0.0617968844256816,0.0356911994504171,0.0235520936881527,0.289006464874042,,,39.93908373911616,39.93908373911616,False,70.7013524505749,70.7013524505749,63.01078527271021,511.0,True,False,True,True,True,True,True,True,True,False,True,True,False,True,False,False,False,11,False,0.0054160668467690964,0.09010015495103052,1.0,14318332734.75,0.014801110083256245,2.0,3.0,,,,,,0.03470172731606833,-0.025988341594229185,0.21188210893055737,-1.5939460695241252,0.508095238095238,-1.5939460695241252,0.4596481784614207,-511.0,0.4666666666666667,0.3619047619047619,0.4857142857142857,0.4695238095238095,0.4390476190476191,鴻海
43.34999847412109,44.95000076293945,40.95000076293945,41.650001525878906,263016428.0,0.14738298626067925,40.07000045776367,0.21075580460500465,37.170000076293945,0.3222222706628224,36.992499923706056,0.4629516729959462,33.38042593002319,0.03092497457534178,72.34727043064868,88990592.9,2.955553159372197,0.12052734571938273,2324.TW,2026-08-17,0.07961459021910078,0.09403898879239647,neutral,0.06382978723404255,0.06382978723404255,2026-03-31,2026-05-15,201303536000.0,10597495000.0,2644084000.0,3090596000.0,699988000.0,1967195000.0,0.45,372539532000.0,285043722000.0,452433934000.0,306525209000.0,145908725000.0,84569615000.0,55846516000.0,11898445000.0,,0.2264896479513983,2045226345.6860747,167390212000.0,0.0122183150451238,0.013482367144254,0.0043480270867569,2.100801093286231,0.0526443559342146,0.0131348115017711,0.009772282390509,0.0110778585236814,,,17.5664711440274,17.5664711440274,False,81.48936170212767,81.48936170212767,65.5086390626026,901.0,True,True,True,True,True,True,True,False,True,True,False,True,True,True,False,False,False,12,False,0.12590394300948993,0.2477372701352456,1.0,3706458330.0738688,0.045328399629972246,1.0,3.0,,,,,,-0.02837316216378569,-0.08659086775481514,0.28485953983353024,-1.506344043734996,0.40380952380952384,-1.506344043734996,0.39521104186627126,-901.0,0.10476190476190476,0.5047619047619047,0.34285714285714286,0.14047619047619048,0.2723809523809524,仁寶
185.5,190.0,181.5,181.5,128345380.0,0.011142061281337101,179.4,0.20198675496688745,160.225,0.45199999999999996,171.59166666666667,0.5865239449424182,138.30313409169514,0.023638396422296683,66.66666666666666,144694388.45,0.8870100725734124,0.13278202527695426,2344.TW,2026-08-17,0.07961459021910078,0.09403898879239647,neutral,0.07030527289546716,0.03145235892691952,2026-03-31,2026-05-15,38253064000.0,20415002000.0,12550494000.0,12688424000.0,2570746000.0,10114310000.0,2.25,110641935000.0,75046248000.0,229813688000.0,106920169000.0,122893519000.0,25520648000.0,5251103000.0,22148521000.0,4892959000.0,0.202605619106045,10007693393.043297,154767440000.0,0.0646627830313875,0.082301410866101,0.0440109120045103,0.870022844736019,0.5336827920503309,0.3280912085891995,0.2644052251605257,0.913359516665577,,,96.98400611250784,96.98400611250784,True,75.80823654366671,75.80823654366671,81.10217893587699,11.0,True,True,True,True,True,False,True,True,True,True,True,True,True,True,True,True,True,14,False,0.05774367442086348,0.312334685630951,1.0,26262031503.675,0.004625346901017576,2.0,0.0,,,,,,-0.028291841952273244,-0.13800566699181466,0.18271796452640374,-1.3564864915890094,0.2642857142857143,-1.3564864915890094,0.2269355222767663,-11.0,0.9904761904761905,0.9333333333333333,0.1523809523809524,0.8647619047619048,0.8057142857142857,華邦電
68.9000015258789,69.0,66.0,66.69999694824219,36487031.0,0.010606014367305905,67.9,0.16608384717816116,64.1049997329712,0.12100835207129723,66.0507298151652,0.48717946973239634,55.84286489486694,0.03245289046997755,65.13409390497662,36793368.4,0.9916741137514336,0.04048041847095285,2356.TW,2026-08-17,0.07961459021910078,0.09403898879239647,neutral,0.09250693802035152,0.19796484736355227,2026-03-31,2026-05-15,200310505000.0,10176552000.0,3614980000.0,3306616000.0,872750000.0,2428376000.0,0.68,316622404000.0,289769524000.0,382244260000.0,308509302000.0,73734958000.0,45302973000.0,76492329000.0,8230668000.0,,0.2639405361856351,2660840240.499653,92474736000.0,0.0287736992349959,0.032933849368979,0.0063529430108381,4.184030348264388,0.0508038856973577,0.0180468817648879,0.0121230586483719,0.2755841181128693,,,32.596295147103554,32.596295147103554,False,66.05560120901714,66.05560120901714,57.69077469353874,639.0,True,False,True,True,True,False,True,True,True,True,True,True,True,True,False,False,False,12,False,0.00982982527057441,0.1944229056624427,1.0,2454117559.9955506,0.060129509713228495,1.0,3.0,,,,,,0.06152278942295248,0.010215904942657176,0.3253607135955064,-0.5395433238129832,0.8557142857142856,-0.5395433238129832,0.8634866923032772,-639.0,0.3523809523809524,0.19047619047619047,0.9333333333333333,0.43952380952380954,0.42000000000000004,英業達
985.0,986.0,921.0,938.0,5636043.0,0.1466992665036675,912.4,0.3633720930232558,814.7,0.4631558853729558,752.6113321940104,0.9604564995024614,652.1016639709472,0.06845901639344268,73.54988399071925,4958157.65,1.1367212174062273,0.15134405302565357,2357.TW,2026-08-17,0.07961459021910078,0.09403898879239647,neutral,0.022201665124884366,0.02682701202590194,2026-03-31,2026-05-15,208369726000.0,30970538000.0,11895859000.0,13859608000.0,2702804000.0,9797017000.0,13.19,485857648000.0,327627459000.0,671441698000.0,354711686000.0,316730012000.0,57955263000.0,41417377000.0,275376000.0,,0.1950130191272365,9576011621.29809,343814239000.0,0.0278522833991703,0.0309317608967223,0.0145910166574134,1.1199181402487366,0.1486326185407567,0.0570901504184921,0.0470174683629425,0.4108280576281871,,,51.58078089609261,51.58078089609261,False,84.80261822399115,84.80261822399115,76.49715889201651,344.0,True,True,True,True,True,True,True,False,True,True,False,True,True,False,False,False,False,11,False,0.2463272340924565,0.43842601825010874,1.0,4650751875.700001,0.03885291396854764,3.0,3.0,,,,,,0.10997446682130829,-0.005331766937045028,0.32571234006190597,-1.055369665437305,0.8571428571428572,-1.055369665437305,0.7909934186611567,-344.0,0.580952380952381,0.8857142857142857,0.8761904761904762,0.6252380952380953,0.7314285714285713,華碩
166.5,175.0,165.0,175.0,15329669.0,0.14006514657980462,155.0,0.3011152416356877,142.525,0.24113475177304955,139.81888529459636,0.3565891472868217,129.44277598063152,0.02370263961213871,69.90291262135922,9004644.6,1.7024179943759248,0.22785476232239943,2359.TW,2026-08-17,0.07961459021910078,0.09403898879239647,neutral,0.034227567067530065,0.08973172987974098,2026-03-31,2026-05-15,890066000.0,190817000.0,-35808000.0,156778000.0,13846000.0,134073000.0,0.78,8393550000.0,3998667000.0,10520171000.0,4283921000.0,6236250000.0,2450934000.0,650000000.0,,,0.088315962698848,-32645582.00767965,6521504000.0,-0.005005836384932,0.0214989777510523,0.0127443745923901,0.6869386249749448,0.21438522536531,-0.0402307244631297,0.1506326497136167,-0.2680432463904461,,,26.81505765819656,26.81505765819656,False,85.98427131967095,85.98427131967095,71.19196790430236,741.0,True,True,True,True,True,True,True,True,True,True,False,True,True,False,False,False,False,12,False,0.25161919029233815,0.35194875630746036,1.0,1575812805.0,0.08695652173913043,2.0,3.0,,,,,,-0.024114000272311163,-0.12808109947279228,0.22958571490486962,-1.6716609180974689,0.2966666666666667,-1.6716609180974689,0.22981381804024625,-741.0,0.22857142857142856,0.7333333333333333,0.1619047619047619,0.21857142857142858,0.36666666666666664,所羅門
49.900001525878906,49.900001525878906,48.150001525878906,48.5,1976410.0,0.036324803219082824,48.50000076293945,0.15751785760782622,45.71750011444092,0.24111506822383166,44.250231424967446,0.28842558836301135,40.62806304295858,0.0387980021543722,62.443439773175676,2499081.55,0.7908545441424271,0.06086290542120354,2362.TW,2026-08-17,0.07961459021910078,0.09403898879239647,neutral,0.09620721554116558,0.09065679925994449,2026-03-31,2026-05-15,4941226000.0,1031961000.0,338299000.0,460047000.0,109186000.0,350861000.0,0.61,21268600000.0,19086193000.0,104921126000.0,60685209000.0,44235917000.0,8972993000.0,7767445000.0,28201977000.0,,0.2373366199540481,258008258.80616543,85834933000.0,0.0030058654418261,0.0079315864527008,0.0033440453164789,1.3718537585645618,0.2088471565558831,0.0684645875335392,0.0710068715739778,0.1924432336345798,,,31.430349126543067,31.430349126543067,False,83.31545036717152,83.31545036717152,70.34417505701441,656.0,True,True,True,True,True,True,True,True,True,True,True,True,False,True,False,False,False,13,False,0.09603946551643783,0.1937561470434348,1.0,121205455.175,0.3154486586493987,1.0,3.0,,,,,,0.008115541616804643,-0.03896563168071075,0.22015278126006566,-1.5111895872995469,0.4314285714285714,-1.5111895872995469,0.42962209034035476,-656.0,0.34285714285714286,0.7047619047619048,0.42857142857142855,0.3557142857142857,0.46857142857142864,藍天
380.0,381.5,358.0,358.0,22927004.0,0.024320457796852546,375.0,0.08157099697885206,342.6598815917969,0.11007751937984489,343.81162719726564,0.5770925110132159,303.5724802652995,0.030680393529478003,65.45081165440001,9485107.35,2.4171580936297996,0.04476776895194723,2376.TW,2026-08-17,0.07961459021910078,0.09403898879239647,neutral,0.2072155411655874,0.21461609620721553,2026-03-31,2026-05-15,105057330000.0,12614630000.0,7413710000.0,7054503000.0,1410189000.0,5268403000.0,7.86,234087870000.0,170374747000.0,247826770000.0,180781022000.0,67045748000.0,63311111000.0,69227536000.0,,9540960000.0,0.199899128258929,5931715833.835495,77452023000.0,0.0765856798063944,0.0785792262322138,0.0212584096544533,2.6963831024750444,0.1200737730532462,0.0705682316502808,0.0501478859209538,0.5978925716183887,,,59.16561347732097,59.16561347732097,False,62.20343248984757,62.20343248984757,61.44397773671592,275.0,True,False,True,True,True,False,True,True,True,True,True,True,True,True,False,False,False,12,False,0.041267867868219676,0.17929003211073335,1.0,3395668431.2999997,0.04902867715078631,2.0,3.0,,,,,,0.08905073466187859,0.07224794340967283,0.41990476592847237,0.4299644095109227,0.9757142857142858,0.4299644095109227,0.962104950671845,-275.0,0.6476190476190476,0.3047619047619048,0.9904761904761905,0.699047619047619,0.6133333333333333,技嘉
158.5,158.5,149.5,149.5,18588398.0,-0.03548387096774197,159.9,0.05653710247349819,150.275,0.2056451612903225,142.55833333333334,0.6144708689361451,119.60166657765707,0.025942993684929246,58.82352941176471,19331559.9,0.9615570650353985,-0.005157211778406334,2377.TW,2026-08-17,0.07961459021910078,0.09403898879239647,neutral,0.2719703977798335,0.11100832562442182,2026-03-31,2026-05-15,56256838000.0,8440506000.0,3876357000.0,4133431000.0,716617000.0,3416814000.0,4.04,106512512000.0,56814984000.0,119099762000.0,64185562000.0,54914200000.0,25875075000.0,0.0,6305082000.0,,0.1733709840565864,3204309172.355363,62284778000.0,0.0514461040923251,0.0622209555998266,0.0286886719387398,1.1688335985956273,0.1500352010541367,0.0689046369794192,0.0607359766647389,0.0507372103469625,,,60.05362798212559,60.05362798212559,False,71.64737927239968,71.64737927239968,68.74894144983115,263.0,True,False,True,True,False,True,True,True,False,True,True,True,True,True,True,False,False,11,False,0.04869351727363069,0.24998258199796908,1.0,2890068205.0499997,0.05272895467160037,2.0,3.0,,,,,,0.023779230711106103,-0.025632163443407723,0.25302231090668276,-0.9021710133855436,0.6257142857142857,-0.9021710133855436,0.5506426891656622,-263.0,0.6571428571428571,0.6571428571428571,0.6095238095238096,0.65,0.6476190476190476,微星
659.0,686.0,657.0,674.0,3490893.0,0.010494752623688264,680.4,0.306201550387597,612.35,0.43710021321961623,536.8694636027018,1.1396825396825396,454.04306513468424,0.07124592404511236,77.06422018348624,5127465.75,0.6808222951074807,0.10067771699191641,2395.TW,2026-08-17,0.07961459021910078,0.09403898879239647,neutral,0.032377428307123035,0.03515263644773358,2026-03-31,2026-05-15,20385264000.0,7979823000.0,3728486000.0,4068287000.0,750007000.0,3334165000.0,3.85,49300373000.0,29811036000.0,83769137000.0,34044129000.0,49725008000.0,10001958000.0,,43915000.0,,0.184354496130681,3041122842.1397014,53958101000.0,0.0563608204473263,0.0670520756879516,0.0398018305954375,0.6846480346468723,0.3914505595806853,0.182901040673302,0.1635576071028562,0.1748587968840969,,,87.43653384699755,87.43653384699755,False,81.53967098891934,81.53967098891934,83.01388670343889,49.0,True,True,True,True,True,True,True,False,True,True,True,True,False,True,True,False,False,12,False,0.2554262175335391,0.48444068802167317,1.0,3455911915.5,0.04717853839037928,3.0,2.0,,,,,,-0.02551851687227612,-0.13003904892213694,0.30735689142062217,-1.0565088087140109,0.4571428571428572,-1.0565088087140109,0.42065821041152507,-49.0,0.9428571428571428,0.9619047619047619,0.4,0.8614285714285714,0.8400000000000001,研華
65.80000305175781,67.19999694824219,65.19999694824219,65.80000305175781,607156.0,-0.032352896297679234,66.38000030517578,0.2029250847166144,60.63499984741211,0.10665257004475537,59.56558475494385,0.11563507581582999,57.41364494959513,0.04139115579290188,73.23944519604147,886129.85,0.6851772344651295,0.08518187873906857,2397.TW,2026-08-17,0.07961459021910078,0.09403898879239647,neutral,0.06753006475485661,0.2183163737280296,2026-03-31,2026-05-15,3030612000.0,754408000.0,168760000.0,160589000.0,40224000.0,86809000.0,0.76,8090820000.0,5564770000.0,13261955000.0,7705318000.0,5556637000.0,2502436000.0,1648614000.0,692000000.0,964352000.0,0.2504779281270822,126489344.84927362,7697185000.0,0.0164331953628857,0.0156225789087896,0.0065457166760104,1.386687307448732,0.2489292591727347,0.0556851223449257,0.0286440494527178,0.1661133556504674,,,38.72674476639454,38.72674476639454,False,74.61467860907595,74.61467860907595,65.6426951484056,543.0,True,False,True,True,True,True,True,False,True,True,True,True,False,True,False,False,False,11,False,0.10466477115036654,0.14606907660235247,1.0,58307346.83425369,0.39777983348751156,1.0,3.0,,,,,,0.042423035320388394,0.007232560779177524,0.2468621180926399,-1.4006108979824052,0.6819047619047618,-1.4006108979824052,0.5837754774805799,-543.0,0.42857142857142855,0.5238095238095238,0.6476190476190476,0.4614285714285714,0.500952380952381,友通
520.0,535.0,513.0,524.0,62092866.0,0.043824701195219085,504.3,0.37532808398950124,438.25,0.6876006441223832,414.86414845784503,0.8131487889273357,331.1737408955892,0.04494515975202676,71.3821138211382,84950908.45,0.7309264507341475,0.19566457501426138,2408.TW,2026-08-17,0.07961459021910078,0.09403898879239647,neutral,0.020351526364477335,0.012950971322849213,2026-03-31,2026-05-15,49086932000.0,33325482000.0,30111283000.0,31718134000.0,5659880000.0,26059487000.0,8.41,141606845000.0,25207062000.0,240968098000.0,47930660000.0,193037438000.0,86281008000.0,0.0,13800000000.0,3996400000.0,0.1784430319892084,24738134364.394894,215761036000.0,0.1146552446308929,0.1349970620724877,0.1081449669740099,0.2482972240856201,0.6789074126694249,0.6134276837672398,0.5308844113541258,5.829068133568171,,,100.0,100.0,True,84.06567992599444,84.06567992599444,88.04925994449583,2.0,True,True,True,True,True,True,True,True,True,True,True,True,False,False,True,True,True,13,False,0.2630640703657825,0.5822510522209672,1.0,44514276027.8,0.0018501387604070306,3.0,0.0,,,,,,-0.06470790731879028,-0.16454656972900392,0.23077977334359123,-1.5514469133047533,0.2752380952380953,-1.5514469133047533,0.23733751171822687,-2.0,1.0,0.9904761904761905,0.17142857142857143,0.8757142857142857,0.8314285714285714,南亞科
197.0,208.0,183.5,186.0,22760144.0,0.03333333333333344,191.6,0.3828996282527881,160.425,0.29166666666666674,163.93333333333334,1.554944947842401,126.06750005086263,0.06807589880159802,76.96078431372548,12585508.6,1.8084405424823278,0.15942028985507228,2464.TW,2026-08-17,0.07961459021910078,0.09403898879239647,neutral,0.01942645698427382,0.07400555041628122,2026-03-31,2026-05-15,1864911000.0,348125000.0,41838000.0,53528000.0,4046000.0,49169000.0,0.24,7398797000.0,5883475000.0,11317462000.0,6229196000.0,5088266000.0,1831434000.0,460111000.0,103169000.0,0.0,0.0755866088775967,38675607.45777911,5433987000.0,0.0071173536958736,0.00966321336188,0.0043445253008139,1.2242276641983734,0.1866711065568276,0.0224343145597832,0.0263653332518281,0.0786759589539871,,,25.84400824761181,25.84400824761181,False,75.83006300937868,75.83006300937868,63.33354931893696,756.0,True,True,True,True,True,False,True,False,True,True,True,True,True,False,False,False,False,11,False,0.13460756405042695,0.4754000826934559,1.0,2340904599.6,0.06382978723404255,2.0,3.0,,,,,,-0.06985835181199196,-0.19255503952979547,0.1898963370260279,-1.8156280604361006,0.14476190476190476,-1.8156280604361006,0.12260150375939852,-756.0,0.2,0.3904761904761905,0.0761904761904762,0.18142857142857144,0.23238095238095238,盟立
95.9000015258789,96.5,87.0,90.5999984741211,5371877.0,-0.03205128257378609,94.78000030517578,0.21610736206873948,83.38999977111817,0.0547147481345065,81.20333353678386,0.7126653281814972,72.80708351135254,0.04642991104838302,60.86956431599789,3489365.4,1.5394997038716554,0.08646119106358463,2465.TW,2026-08-17,0.07961459021910078,0.09403898879239647,neutral,0.06105457909343201,0.3228492136910268,2026-03-31,2026-05-15,1569188000.0,167121000.0,92107000.0,130068000.0,22277000.0,107791000.0,1.15,1574817000.0,638916000.0,1902288000.0,697716000.0,1204572000.0,319532000.0,112731000.0,0.0,,0.1712719500568933,76331654.49610972,1263372000.0,0.0604189854580517,0.0894848958800304,0.0566638700344006,0.5792231597613094,0.1065015791606869,0.0586972370423429,0.0686922153368493,0.9128577645528606,,,73.28778007996519,73.28778007996519,True,86.6531338680371,86.6531338680371,83.31179542101913,133.0,True,True,True,True,True,True,True,True,True,False,True,True,True,True,True,True,False,13,False,0.1157177239907361,0.24438439372446719,1.0,316136499.9156509,0.211840888066605,1.0,3.0,,,,,,-0.0323011251394761,-0.16002455955797606,0.18210024579204662,-2.045433042511493,0.1357142857142857,-2.045433042511493,0.12757864510043654,-133.0,0.8571428571428571,0.9714285714285714,0.08571428571428572,0.7414285714285714,0.7371428571428571,麗臺
203.5,204.5,202.0,204.0,2536172.0,0.014925373134328401,204.5,0.0736842105263158,191.2,0.08800000000000008,199.8736999511719,0.0625,197.95768330891926,0.020413609072715083,72.94117647058823,3305983.6,0.7671459713230278,0.06694560669456062,2474.TW,2026-08-17,0.07961459021910078,0.09403898879239647,neutral,0.2238667900092507,0.24976873265494912,2026-03-31,2026-05-15,3773945000.0,1086984000.0,243428000.0,1851491000.0,315957000.0,1484484000.0,2.63,111490974000.0,75734641000.0,225538335000.0,82981411000.0,142556924000.0,16182860000.0,66414098000.0,,,0.1706500328654041,201887003.7996404,149803694000.0,0.0013476770726337,0.0104132718239627,0.0065819586723472,0.5820931644119931,0.2880232753789469,0.0645022648713746,0.3933507245071139,-0.1324838723321306,,,29.474595147303784,29.474595147303784,False,57.6185785412288,57.6185785412288,50.58258269274754,691.0,True,False,True,True,True,False,True,False,False,False,True,True,False,True,False,False,False,8,False,0.020644537274469466,0.030523274419470336,1.0,674420654.4,0.1461609620721554,2.0,3.0,,,,,,0.01908209198079852,-0.035864308117458256,0.16753755295015468,-1.5153352682529448,0.3880952380952381,-1.5153352682529448,0.30376794046184163,-691.0,0.2761904761904762,0.02857142857142857,0.21904761904761905,0.26761904761904765,0.19047619047619047,可成
13.75,14.399999618530272,13.75,14.300000190734863,251461.0,0.047619090869584824,13.75,0.08333336343668973,13.305000019073486,0.10852717934918021,13.243333371480306,-0.027210858756485212,13.567083342870076,0.008718727024533352,74.46810323871944,117607.9,2.138130176629291,0.07478392861593286,2509.TW,2026-08-17,0.07961459021910078,0.09403898879239647,neutral,0.20259019426456984,0.21739130434782608,2026-03-31,2026-05-15,64339000.0,17741000.0,-24855000.0,-103715000.0,440000.0,-100923000.0,-0.45,11515918000.0,9505024000.0,14164161000.0,9994241000.0,4169920000.0,916570000.0,4613123000.0,0.0,486938000.0,0.0,-24855000.0,4659137000.0,-0.0053346789330298,-0.0242026225922799,-0.0071252367153974,2.396746460363748,0.2757425511742489,-0.3863131226783133,,-0.0720024231584717,,,11.364896482710066,11.364896482710066,False,70.23508747611756,70.23508747611756,55.51753972776569,1023.0,True,False,True,True,True,True,True,False,True,True,True,True,True,True,False,False,False,12,False,0.07978858415888723,0.054021695698505345,1.0,1681792.9924319265,0.8741905642923219,0.0,3.0,,,,,,0.03647688423606751,-0.0051280723854107355,0.18697130245192206,-1.460076268120452,0.5442857142857143,-1.460076268120452,0.5733938847117794,-1023.0,0.01904761904761905,0.09523809523809523,0.6285714285714286,0.11047619047619048,0.16380952380952382,全坤建
88.5,92.1999969482422,88.5,92.1999969482422,671159.0,0.018784496665659622,89.06000061035157,0.07209298777025808,88.56500091552735,0.18967737997731882,88.22166709899902,0.37176296208514414,79.3904026667277,0.004366071965115584,63.551390207494585,388820.05,1.7261429805381694,0.041043256310490994,2535.TW,2026-08-17,0.07961459021910078,0.09403898879239647,neutral,0.2303422756706753,0.1267345050878816,2026-03-31,2026-05-15,7158996000.0,1023899000.0,759460000.0,917121000.0,168741000.0,748785000.0,2.88,29176307000.0,17358125000.0,31406521000.0,21164629000.0,10241892000.0,7958413000.0,1895000000.0,3752518000.0,0.0,0.1839898988246916,619727031.4385997,14048396000.0,0.0441137216973809,0.0731100269364293,0.023841704721131,2.0664764869615886,0.1430227087708946,0.10608470796743,0.1045935770881838,0.5557714720596632,,,66.50740970485359,66.50740970485359,False,79.45557094907821,79.45557094907821,76.21853063802206,196.0,True,True,True,True,True,True,True,True,False,True,True,True,True,True,True,False,False,13,False,0.045094702696774513,0.16134940561125255,1.0,35849207.42341538,0.47363552266419984,1.0,3.0,,,,,,0.08852281125087084,0.031293820213014634,0.335800485634869,-0.324239372843058,0.917142857142857,-0.324239372843058,0.9079539634348587,-196.0,0.7714285714285715,0.8666666666666667,0.9619047619047619,0.8,0.8380952380952381,達欣工
166.5,169.0,165.5,168.0,144786.0,0.0,167.6,0.03703703703703698,163.7,0.08468303207485373,166.8179672241211,-0.003675976207777487,158.64848149617512,0.005837173579108993,65.21739130434783,269393.1,0.5374525182716262,0.026267562614538775,2597.TW,2026-08-17,0.07961459021910078,0.09403898879239647,neutral,0.3367252543940796,0.2553191489361702,2026-03-31,2026-05-15,7352773000.0,1301728000.0,991959000.0,1013069000.0,195724000.0,739775000.0,2.38,14605042000.0,10840879000.0,26488175000.0,15188509000.0,11299666000.0,1346065000.0,1500000000.0,3160000000.0,,0.1931990812076966,800313432.6042945,15647296000.0,0.0511470756739243,0.0654687492532965,0.027928500170359,1.3441555706159811,0.1770390572373171,0.1349095096503047,0.1006117011908296,0.1885695617545852,,,70.60723924497874,70.60723924497874,False,56.01823685782067,56.01823685782067,59.66548745461019,159.0,True,False,True,True,True,False,True,True,False,False,True,True,False,True,True,False,False,9,False,0.007085764174855402,0.05894489764813993,1.0,45258040.8,0.43848288621646625,2.0,3.0,,,,,,0.020125281151900192,-0.03304385266484495,0.1775749284150821,-1.140576790220637,0.46523809523809523,-1.140576790220637,0.4528425065932805,-159.0,0.819047619047619,0.23809523809523808,0.4666666666666667,0.7661904761904761,0.5742857142857143,潤弘
32.599998474121094,33.0,32.150001525878906,32.900001525878906,5450891.0,-0.006042204152926223,32.56999969482422,0.07340952480757368,31.817499923706055,0.0874891883598754,30.8661509513855,0.14994629629790124,32.81375114123027,0.012973574710884013,65.78948689299872,5946294.2,0.9166870687292936,0.03402220805432665,2605.TW,2026-08-17,0.07961459021910078,0.09403898879239647,neutral,0.22571692876965774,0.25254394079555964,2026-03-31,2026-05-15,1366845000.0,582927000.0,482738000.0,537338000.0,149979000.0,387359000.0,0.66,9807913000.0,5258125000.0,22934806000.0,5269539000.0,17665267000.0,4877423000.0,4114000000.0,,,0.2791148215834353,347998669.2584556,17676681000.0,0.0196868783941089,0.0219277183865944,0.0168895695040978,0.2982994256469489,0.4264763012631278,0.3531768415584795,0.2833964348554518,0.4444113329930603,,,75.1720503143159,75.1720503143159,False,69.42842551821659,69.42842551821659,70.86433171724141,118.0,True,False,True,True,True,True,True,True,False,False,True,True,True,True,True,False,False,11,False,0.06589258821732402,0.0026284829270939447,1.0,195633088.2533249,0.27012025901942643,1.0,3.0,,,,,,0.006532807461744074,-0.06262723865100303,0.13878281982096746,-1.8387659059396793,0.23476190476190478,-1.8387659059396793,0.2164109081864968,-118.0,0.8666666666666667,0.7238095238095238,0.14285714285714285,0.7580952380952382,0.679047619047619,新興
66.69999694824219,68.69999694824219,66.30000305175781,68.30000305175781,5077910.0,0.022455088794498534,66.78000183105469,0.10876631077274257,64.36500053405761,0.08974876558707834,63.98395792643228,0.13306149126347577,61.78176991144816,0.016744345716098997,70.39475599484818,3899838.55,1.3020821079888039,0.061135749010334584,2606.TW,2026-08-17,0.07961459021910078,0.09403898879239647,neutral,0.14893617021276595,0.24514338575393155,2026-03-31,2026-05-15,3891765000.0,1243986000.0,987897000.0,987799000.0,68000.0,987731000.0,1.17,29154469000.0,15158773000.0,89632874000.0,49048791000.0,40584083000.0,18437340000.0,5972000000.0,33795287000.0,,6.883991581283237e-05,987828993.2536882,74474101000.0,0.0132640606598754,0.0243378912860985,0.0110197403689186,1.2085721143434485,0.3196457134487822,0.2538429221702749,0.2538002680017935,0.1329549990000165,,,55.37983321173965,55.37983321173965,False,72.01532690053665,72.01532690053665,67.8564534783374,303.0,True,False,True,True,True,True,True,True,True,False,True,True,True,True,False,False,False,12,False,0.06745511320647046,0.1055041503286851,1.0,266358984.86636275,0.23681776133209992,1.0,3.0,,,,,,0.01965043847353013,-0.03278363592865241,0.1765179819770222,-1.645374939263466,0.38523809523809527,-1.645374939263466,0.3532899125676787,-303.0,0.6285714285714286,0.6095238095238096,0.26666666666666666,0.5742857142857143,0.5504761904761905,裕民
49.59999847412109,50.29999923706055,49.59999847412109,50.20000076293945,403152.0,0.035051562122462965,49.76000061035156,0.08423329568345173,47.9975004196167,0.10959770047100204,46.85815550486246,-0.03888372692251685,47.505995750427246,0.01695005838917604,75.42372223838619,484117.1,0.8327571986199207,0.045887813408353795,2607.TW,2026-08-17,0.07961459021910078,0.09403898879239647,neutral,0.19796484736355227,0.21646623496762257,2026-03-31,2026-05-15,3991930000.0,868803000.0,467559000.0,709936000.0,149297000.0,553268000.0,1.04,14530568000.0,4295956000.0,44350782000.0,12631508000.0,31719274000.0,4170571000.0,346407000.0,4274711000.0,,0.2102964210858443,369233015.6535237,40054826000.0,0.0092181904785586,0.0174426438637908,0.012474819496982,0.3982281561677609,0.2176398383739193,0.1171260518095257,0.1385966186781832,-0.1369527758740344,,,38.62339041274056,38.62339041274056,False,67.47338315559902,67.47338315559902,60.2608849698844,546.0,True,False,True,True,True,True,True,False,True,True,True,True,True,True,False,False,False,12,False,0.07131832702484875,0.056708736864819365,1.0,24302678.789352033,0.5282146160962072,1.0,3.0,,,,,,0.019947561697416537,-0.009391859341175179,0.14769817277612424,-1.9622448958322187,0.35523809523809524,-1.9622448958322187,0.32108320802005014,-546.0,0.41904761904761906,0.26666666666666666,0.22857142857142856,0.3904761904761904,0.3352380952380952,榮運
14.949999809265137,15.25,14.800000190734863,15.149999618530272,1037592.0,0.0631578679670366,14.529999923706054,0.06690139591729327,13.949999904632568,0.1698841576577581,13.883333285649618,0.0803869879070358,13.915419244766234,0.005767842233223824,71.42858310622253,372957.3,2.7820664724889417,0.08602148545529409,2611.TW,2026-08-17,0.07961459021910078,0.09403898879239647,neutral,0.242368177613321,0.14893617021276595,2026-03-31,2026-05-15,353426000.0,93706000.0,35228000.0,64426000.0,5952000.0,53112000.0,0.28,2531460000.0,477345000.0,3873907000.0,1025452000.0,2848455000.0,534450000.0,60000000.0,9174000.0,,0.0923850619315183,31973459.038276475,3396562000.0,0.0094134772273482,0.0186458975128622,0.0137101897386798,0.3600028787535699,0.2651361246767357,0.0996757454177112,0.1502775687131111,1.1037011464149238,,,54.537917356638296,54.537917356638296,False,71.17400753755572,71.17400753755572,67.01498499232636,309.0,True,False,True,True,True,True,True,True,False,True,True,True,True,True,False,False,False,12,False,0.09123647086899012,0.08872031464149943,1.0,5650302.95272808,0.7187789084181314,0.0,3.0,,,,,,0.04678414955830368,0.010498330069062351,0.22125774368124557,-1.4571941842267575,0.6480952380952381,-1.4571941842267575,0.5185369309713861,-309.0,0.6095238095238096,0.5904761904761905,0.5428571428571428,0.5995238095238096,0.5904761904761905,志信
85.5,87.0999984741211,85.5,87.0,1357791.0,-0.012485794474153322,86.63999938964844,0.09987359896680048,83.89000053405762,0.27716448496451673,79.13868942260743,0.28256850582709925,73.80297791163126,0.014818842375409435,62.81406553534384,2361809.75,0.5748943156831324,0.03707235005535359,2637.TW,2026-08-17,0.07961459021910078,0.09403898879239647,neutral,0.16096207215541167,0.07678075855689177,2026-03-31,2026-05-15,4338022000.0,1244039000.0,1197473000.0,1201283000.0,6082000.0,1195201000.0,1.6,8930959000.0,8128467000.0,84286573000.0,33874386000.0,50412187000.0,5975075000.0,2132536000.0,18694305000.0,992902000.0,0.0050629202277897,1191410289.726068,76158106000.0,0.0156439065032167,0.0237085726909645,0.0141802063775923,0.6719483524886551,0.2867756318432686,0.276041246448266,0.2755175054437253,0.2360516073148353,,,62.80204855376821,62.80204855376821,False,79.32535300342388,79.32535300342388,75.19452689100997,238.0,True,True,True,True,True,True,True,True,True,True,True,True,False,True,True,False,False,13,False,0.09933587016348588,0.17881422216011833,1.0,205477448.25,0.2627197039777983,1.0,3.0,,,,,,0.0229303695545247,-0.037902809288376034,0.22304426653426734,-1.6978784247468268,0.44761904761904764,-1.6978784247468268,0.4041480280854809,-238.0,0.7047619047619048,0.8380952380952381,0.37142857142857144,0.6547619047619048,0.6780952380952381,慧洋-KY
58.29999923706055,59.29999923706055,58.0,59.20000076293945,137732.0,0.011965825007512088,58.66000061035156,0.04593643743660447,57.935000038146974,0.1885550305400152,55.389344151814775,0.2851855296304231,51.04586016337077,0.008705493160405881,66.66668128237015,186613.25,0.7380612041213579,0.021834827374808796,2832.TW,2026-08-17,0.07961459021910078,0.09403898879239647,neutral,0.3080481036077706,0.1276595744680851,2026-03-31,2026-05-15,,,514384000.0,513794000.0,96832000.0,,,,,25841065000.0,13610551000.0,12230514000.0,3713301000.0,,,,0.1884646375784847,417440805.8638287,25841065000.0,0.0161541641516643,,,1.112835568480605,,,,,,,55.14019466216183,55.14019466216183,False,68.09032394199866,68.09032394199866,64.85279162203946,306.0,True,False,True,True,True,True,True,True,False,True,True,True,False,True,False,False,False,11,False,0.06879764816640876,0.15974146725065652,1.0,11047504.54237461,0.6364477335800185,1.0,3.0,,,,,,0.02638725282944323,-0.011584129366411067,0.15857178395876603,-1.4364148000548207,0.47,-1.4364148000548207,0.42364803169612947,-306.0,0.6190476190476191,0.45714285714285713,0.4095238095238095,0.5876190476190476,0.5285714285714286,台產
159.0,163.0,159.0,163.0,297891.0,0.009287925696594534,160.0,0.10884353741496589,156.925,0.2558273991596052,146.34256032307943,0.5036881107510769,131.80085671742756,0.02164713541666678,60.526315789473685,415360.2,0.7171871546672021,0.03871276087302844,2850.TW,2026-08-17,0.07961459021910078,0.09403898879239647,neutral,0.14801110083256244,0.08603145235892692,2026-03-31,2026-05-15,,,1507350000.0,1508204000.0,248433000.0,,,,,58099283000.0,36260125000.0,21839158000.0,14722947000.0,,,,0.1647210854765005,1259057671.8069968,58099283000.0,0.0216707953488341,,,1.6603261444420157,,,,,,,51.89726928896828,51.89726928896828,False,81.10862828266197,81.10862828266197,73.80578853423854,341.0,True,True,True,True,True,True,True,True,True,True,True,True,False,True,False,False,False,13,False,0.11382498461244683,0.23671426771877035,1.0,67703712.60000001,0.3792784458834413,2.0,3.0,,,,,,-0.011227785381720728,-0.07599669584617312,0.1867308928048607,-2.15254684506054,0.20190476190476192,-2.15254684506054,0.19151896285754735,-341.0,0.5904761904761905,0.8095238095238095,0.13333333333333333,0.5219047619047619,0.5647619047619047,新產
9.699999809265137,9.729999542236328,9.449999809265137,9.710000038146973,15216437.0,0.001030951451389095,9.597999954223633,0.05200439000177304,9.569000053405762,0.2726081117311314,8.771833284695942,0.1928746472488898,8.287749977906545,0.016950956613023205,62.16216216216212,18835624.8,0.8078541148260715,0.014735080358895702,2867.TW,2026-08-17,0.07961459021910078,0.09403898879239647,neutral,0.28769657724329323,0.07955596669750231,2026-03-31,2026-05-15,,,-260328000.0,-260476000.0,-99972000.0,,,,,1583200325000.0,1505084533000.0,78115792000.0,70736282000.0,,,,0.3838050338610851,-160412803.14501145,1583200325000.0,-0.0001013218609243,,,19.267352918856663,,,,,,,0.0,0.0,False,74.3168355872137,74.3168355872137,55.73762669041028,1080.0,True,False,True,True,True,True,True,True,False,True,True,True,True,True,False,False,False,12,False,0.10695218696048792,0.17160870731282407,1.0,182893917.52652207,0.2784458834412581,0.0,3.0,,,,,,0.05521590320996992,-0.05007185391629741,0.23551504396385833,-0.41693573805445505,0.6614285714285715,-0.41693573805445505,0.6698120140044768,-1080.0,0.009523809523809525,0.11428571428571428,0.7904761904761904,0.12666666666666665,0.19714285714285712,三商壽
101.0,101.0,97.3000030517578,98.0999984741211,34096299.0,-0.02871288639484071,99.67999877929688,0.04361700504384136,98.40499992370606,0.2748252664824946,96.68189544677735,0.27642677698581464,84.37002741495768,0.01031827041376002,55.21234747844181,21016542.1,1.6223553255223655,-0.003099450737477083,2882.TW,2026-08-17,0.07961459021910078,0.09403898879239647,neutral,0.3145235892691952,0.07770582793709528,2026-03-31,2026-05-15,72538053000.0,,,38391738000.0,6735806000.0,31593811000.0,,,,14450034484000.0,13633007653000.0,817026831000.0,293505959000.0,,,,0.1754493636104726,,14450034484000.0,,0.0386692453677815,0.0021864176888285,16.686119887046893,,,0.4355480977687669,-0.3173702053156907,,,13.906153918122188,13.906153918122188,False,72.00462722019017,72.00462722019017,57.480008894673176,985.0,True,False,True,True,False,True,True,True,False,True,True,True,True,True,False,False,False,11,False,0.014667720577782761,0.16273517361367218,1.0,2061722747.9413018,0.0730804810360777,1.0,3.0,,,,,,0.0010434378519205514,-0.12156770964364887,0.25823606848224256,-0.8179198683837335,0.4766666666666667,-0.8179198683837335,0.47139565095945973,-985.0,0.06666666666666667,0.18095238095238095,0.49523809523809526,0.13095238095238096,0.18666666666666668,國泰金
31.5,31.649999618530277,30.899999618530277,31.399999618530277,52073712.0,0.011272154269555523,31.35999984741211,0.06260576748677282,30.637500095367432,0.49751085612031587,28.476762231191,0.5813132801978267,24.3194286664327,0.011639427332885966,63.846147977388874,45246508.0,1.1508890807661887,0.02488778525628277,2883.TW,2026-08-17,0.07961459021910078,0.09403898879239647,neutral,0.25716928769657726,0.022201665124884366,2026-03-31,2026-05-15,23565513000.0,,,13099615000.0,1407592000.0,11689699000.0,,,,4235032868000.0,3864021319000.0,371011549000.0,75116245000.0,,,,0.1074529289601259,,4235032868000.0,,0.0315076418281523,0.0027602380818169,10.414827596108069,,,0.4960511150340754,-0.1317078255463794,,,12.146336472811727,12.146336472811727,False,76.89888421051252,76.89888421051252,60.710747276087325,1013.0,True,True,True,True,True,True,True,True,False,True,True,True,True,True,False,False,False,13,False,0.10265343242348712,0.29114873746481784,1.0,1420740333.9398272,0.0971322849213691,1.0,3.0,,,,,,0.0063010720105411535,-0.142638842122698,0.21758898560096435,-1.2170670512208763,0.3709523809523809,-1.2170670512208763,0.33461528987864064,-1013.0,0.02857142857142857,0.29523809523809524,0.24761904761904763,0.06142857142857143,0.1523809523809524,凱基金
37.29999923706055,37.900001525878906,36.650001525878906,37.75,55998996.0,-0.001322731165865343,37.27000045776367,0.052998650118505575,37.24500045776367,0.257159589857924,34.43083569208781,0.12909884299708319,32.83502019246419,0.015749646083902214,62.71186111919313,40581329.25,1.3799202006178741,0.013558854504754247,2884.TW,2026-08-17,0.07961459021910078,0.09403898879239647,neutral,0.28307123034227566,0.0841813135985199,2026-03-31,2026-05-15,25169421000.0,,,12706707000.0,2639201000.0,10056957000.0,,,,4679436007000.0,4394289185000.0,285146822000.0,45485669000.0,,,,0.2077014131198586,,4679436007000.0,,0.0352693988642805,0.0021491814365995,15.410619533399537,,,0.3995704549580223,0.174006725249566,,,29.938092003685178,29.938092003685178,False,76.79716855343261,76.79716855343261,65.08239941599575,685.0,True,True,True,True,True,True,True,True,False,True,True,True,True,True,False,False,False,13,False,0.09640092205705386,0.1496871260844792,1.0,1531945179.1875,0.08973172987974098,1.0,3.0,,,,,,-0.07022803669009754,-0.1773586508913552,0.13982258416264123,-1.932667064259856,0.08523809523809525,-1.932667064259856,0.08288713233465342,-685.0,0.29523809523809524,0.4666666666666667,0.05714285714285714,0.2595238095238095,0.29904761904761906,玉山金
69.69999694824219,69.9000015258789,67.80000305175781,68.30000305175781,26375767.0,0.0014663652198037003,68.93999938964843,0.11783961527374753,66.32499904632569,0.23956451802510292,65.09493363698324,0.46723961699619343,57.14246676762899,0.019831485942795705,66.00001831055619,28231596.0,0.9342641131588877,0.029777671071697265,2885.TW,2026-08-17,0.07961459021910078,0.09403898879239647,neutral,0.1322849213691027,0.09250693802035152,2026-03-31,2026-05-15,39984934000.0,,,18723853000.0,3129395000.0,14409154000.0,,,,4640879682000.0,4254342700000.0,386536982000.0,77947312000.0,,,,0.167134136334012,,4640879682000.0,,0.0372775560192064,0.0031048324859373,11.00630184979299,,,0.360364581319554,0.2805185364050884,,,38.0190051862678,38.0190051862678,False,75.64467559710826,75.64467559710826,66.23825799439814,559.0,True,True,True,True,True,True,True,True,True,True,True,True,True,True,False,False,False,14,False,0.04923684894815894,0.19525821889175998,1.0,1928218092.9559937,0.07678075855689177,1.0,3.0,,,,,,-0.07232831231306966,-0.1865287573876856,0.1349215766094731,-1.9872649099948156,0.06714285714285714,-1.9872649099948156,0.06265814536340852,-559.0,0.4095238095238095,0.5523809523809524,0.02857142857142857,0.35238095238095235,0.37619047619047624,元大金
37.70000076293945,37.70000076293945,36.79999923706055,37.150001525878906,78610354.0,0.034818940024248235,36.460000610351564,0.09904811947564296,35.1475004196167,0.5609244838978897,32.32286860148112,0.4683795512317628,28.25476760864258,0.015447527713417607,63.91303294999534,58047549.0,1.3542407104906358,0.05697421103506306,2887.TW,2026-08-17,0.07961459021910078,0.09403898879239647,neutral,0.1637372802960222,0.016651248843663275,2026-03-31,2026-05-15,47867456000.0,,,25588754000.0,4532177000.0,21040510000.0,,,,9064708955000.0,8465511408000.0,599197547000.0,97795796000.0,,,,0.1771159705548773,,9064708955000.0,,0.035114479532407,0.0023211456765409,14.12808088147931,,,0.439557723727787,0.933005034802805,,,37.907562917661295,37.907562917661295,False,84.13475393259903,84.13475393259903,72.57795617886458,560.0,True,True,True,True,True,True,True,True,True,True,True,True,True,True,False,False,False,14,False,0.1493411053305027,0.31482240591904387,1.0,2156466533.9235306,0.06938020351526364,1.0,3.0,,,,,,-0.1191252099067808,-0.24138170133215178,0.12277595188640866,-2.1431957136011275,0.02761904761904762,-2.1431957136011275,0.029442298876963403,-560.0,0.4,0.7714285714285715,0.009523809523809525,0.34142857142857147,0.43333333333333335,台新新光金
40.0,40.04999923706055,38.75,39.59999847412109,48284253.0,0.017994779454610033,39.79999923706054,0.04649417613083617,39.231251907348636,0.36082467199339074,37.26108226776123,0.21472393643075827,34.42470779418945,0.011834854396570803,56.934285838392626,34957221.25,1.3812383042316327,0.009399306645714756,2890.TW,2026-08-17,0.07961459021910078,0.09403898879239647,neutral,0.30619796484736356,0.0545790934320074,2026-03-31,2026-05-15,26199317000.0,,,13172491000.0,2157069000.0,10973530000.0,,,,3820349236000.0,3552231164000.0,268118072000.0,41779009000.0,,,,0.163755587306911,,3820349236000.0,,0.0409279759403909,0.0028723892299148,13.24875692825361,,,0.4188479417230609,0.4040584778805451,,,40.18365017296791,40.18365017296791,False,73.89238496162166,73.89238496162166,65.46520126445823,506.0,True,False,True,True,True,True,True,True,False,True,True,True,True,True,False,False,False,12,False,0.0627710217741988,0.1503365173314608,1.0,1384305908.1595132,0.09805735430157261,1.0,3.0,,,,,,-0.1091542398476037,-0.21060657583006018,0.12489318643485281,-1.9345465147803471,0.055714285714285716,-1.9345465147803471,0.04662694733015745,-506.0,0.47619047619047616,0.49523809523809526,0.01904761904761905,0.40761904761904755,0.3904761904761905,永豐金
17.700000762939453,18.649999618530277,17.600000381469727,18.100000381469727,4976649.0,0.09696972008907423,16.84000015258789,0.17532472920912534,16.46500015258789,0.3260073910110921,15.317500019073487,0.13479627573134412,14.8737500111262,0.02235330863637616,72.09303253983146,1548168.3,3.2145400470995305,0.09930156172059634,2905.TW,2026-08-17,0.07961459021910078,0.09403898879239647,neutral,0.08603145235892692,0.060129509713228495,2026-03-31,2026-05-15,29552820000.0,,,,-68929000.0,32878000.0,0.03,133124099000.0,1468399841000.0,1617410517000.0,62246052000.0,86764624000.0,72610211000.0,2757000000.0,7269508000.0,,,,149010676000.0,,0.0003789332389661,2.032755423217024e-05,0.717412801788895,,,0.0011125165043471,-0.4161502905041906,,,21.27042291580655,21.27042291580655,False,79.1909488297845,79.1909488297845,64.71081735129002,840.0,True,True,True,True,True,True,True,False,True,True,True,True,False,True,False,False,False,12,False,0.18165499323854717,0.21690900868510998,1.0,28021846.82057934,0.513413506012951,0.0,3.0,,,,,,-0.012062524201980658,-0.04850496076145589,0.16241313657408937,-1.706146752110138,0.25333333333333335,-1.706146752110138,0.3594951763929174,-840.0,0.12380952380952381,0.44761904761904764,0.2857142857142857,0.14809523809523809,0.25333333333333335,三商
65.80000305175781,67.69999694824219,65.0999984741211,66.19999694824219,953590.0,-0.036390103508788685,68.5,0.11635746711560446,61.13789882659912,0.06946680640331748,63.50096613566081,0.3427991475196073,58.317566363016766,0.026959885192238013,69.01467056893426,1063866.15,0.8963439620670327,0.082798038840038,3003.TW,2026-08-17,0.07961459021910078,0.09403898879239647,neutral,0.13598519888991675,0.28769657724329323,2026-03-31,2026-05-15,1263159000.0,291390000.0,111988000.0,120680000.0,40410000.0,73811000.0,0.47,6542183000.0,1409389000.0,8333214000.0,1821129000.0,6512085000.0,2249606000.0,451528000.0,158298000.0,,0.3348525024859131,74488537.95160756,6923825000.0,0.0107582929885731,0.0113344650753176,0.0088574468386387,0.2796537514482689,0.2306835481518953,0.0886570890917137,0.0584336572038832,0.2552234771772852,,,47.83935568476647,47.83935568476647,False,61.72267665118526,61.72267665118526,58.251846409580565,397.0,True,False,True,True,True,False,True,True,True,False,True,True,True,True,False,False,False,11,False,0.04250377556170215,0.13516391503991532,1.0,70427935.88333815,0.3737280296022202,1.0,3.0,,,,,,0.027896712845288614,-0.021013590050554747,0.21038533199960982,-1.7061724514180618,0.4519047619047619,-1.7061724514180618,0.4419317142152749,-397.0,0.5333333333333333,0.2,0.44761904761904764,0.5204761904761904,0.4161904761904762,健和興
3230.0,3230.0,3115.0,3150.0,3117257.0,0.139240506329114,3051.0,0.47540983606557385,2609.75,0.23772102161100195,2519.0833333333335,1.0723684210526314,2378.0416666666665,0.09228837501307942,76.30057803468208,4644020.2,0.6712410510186841,0.20701216591627558,3017.TW,2026-08-17,0.07961459021910078,0.09403898879239647,neutral,0.011100832562442183,0.09343200740055504,2026-03-31,2026-05-15,49037946000.0,14597401000.0,12019030000.0,11979060000.0,3304089000.0,7915619000.0,20.17,135871669000.0,112699102000.0,175993383000.0,124678400000.0,51314983000.0,67880246000.0,16445795000.0,7190026000.0,,0.2758220594938167,8703916392.282032,63294281000.0,0.1375150527783392,0.1542555124689411,0.0449767989288551,2.4296685433959904,0.2976756204266794,0.2450965217833552,0.161418241294201,1.1016606943545204,,,82.5145908535667,82.5145908535667,False,82.33117483811286,82.33117483811286,82.37702884197631,70.0,True,True,True,True,True,True,True,False,True,True,False,False,False,False,True,False,False,9,False,0.25045486122597493,0.3246193471518932,1.0,14628663630.0,0.013876040703052728,3.0,2.0,,,,,,0.044680128999328175,-0.0712589360766376,0.31756253873784435,-0.5069785330204314,0.6919047619047619,-0.5069785330204314,0.6686970551378446,-70.0,0.9142857142857143,0.9428571428571428,0.780952380952381,0.8942857142857142,0.8961904761904762,奇鋐
94.4000015258789,97.0,94.4000015258789,96.5,2671381.0,-0.14601769911504425,100.45999908447266,0.23243928785304946,94.9949993133545,0.3477653918509327,86.67833353678385,0.5950413223140496,76.13833338419596,0.047469391923291915,56.23931884765625,4374700.9,0.6106431184815401,0.01584294644480222,3022.TW,2026-08-17,0.07961459021910078,0.09403898879239647,neutral,0.056429232192414434,0.05735430157261795,2026-03-31,2026-05-15,1592354000.0,448280000.0,36432000.0,189589000.0,22663000.0,168988000.0,0.96,10450596000.0,3234728000.0,16026933000.0,4335529000.0,11691404000.0,3432970000.0,92494000.0,,,0.1195375259113134,32077008.85599903,12792205000.0,0.0025075433716078,0.0144540381976364,0.0105440011510624,0.3708304836613293,0.281520315206292,0.0228793346203168,0.1061246431383976,-0.1038362140769989,,,30.04604328275842,30.04604328275842,False,77.90386530715259,77.90386530715259,65.93940980105404,681.0,True,True,True,True,True,True,True,True,True,True,True,True,False,True,False,False,False,13,False,0.11331166696978667,0.26742989648930915,1.0,422158636.85,0.1868640148011101,1.0,3.0,,,,,,0.02165464867684124,-0.040925789148506794,0.28977966301166547,-1.6759425271461494,0.521904761904762,-1.6759425271461494,0.4717263747756045,-681.0,0.3047619047619048,0.5428571428571428,0.5047619047619047,0.3347619047619048,0.41619047619047617,威強電
111.5,111.5,108.5,109.5,770075.0,0.004587155963302836,109.8,0.05797101449275366,106.4900001525879,0.12886597938144329,103.6683334350586,0.007485390905034306,102.53943506876628,0.01622292201092262,62.738855979356885,1430263.2,0.5384148875535636,0.02826556336838304,3029.TW,2026-08-17,0.07961459021910078,0.09403898879239647,neutral,0.26734505087881594,0.19148936170212766,2026-03-31,2026-05-15,6876938000.0,811379000.0,385472000.0,424218000.0,78018000.0,295873000.0,1.77,12286821000.0,7803745000.0,15126326000.0,8760650000.0,6365676000.0,2911146000.0,3716000.0,,,0.1839101593991768,314579783.0360805,7322581000.0,0.0429602326059732,0.0464794312497211,0.0195601364138258,1.3762324692617092,0.1179855045952137,0.0560528537555522,0.0430239446683974,0.0168646985516829,,,48.26050505492552,48.26050505492552,False,72.61581584582882,72.61581584582882,66.52698814810299,395.0,True,False,True,True,True,True,True,True,False,True,True,True,False,True,False,False,False,11,False,0.05625311386523402,0.0678818342091092,1.0,156613820.4,0.28862164662349676,2.0,3.0,,,,,,0.0302487151360105,-0.020433721782193073,0.22437102252042523,-0.6809412450333973,0.6095238095238096,-0.6809412450333973,0.6208599039583691,-395.0,0.5428571428571428,0.5714285714285714,0.7047619047619048,0.5671428571428571,0.5838095238095238,零壹
510.0,513.0,498.5,509.0,3209569.0,-0.06433823529411764,526.8,0.1113537117903931,518.425,0.04840370751802259,506.28394877115886,0.3465608465608465,459.0211410522461,0.030205176610859818,56.22641509433962,4178098.95,0.7681888433973063,-0.018180064618797287,3034.TW,2026-08-17,0.07961459021910078,0.09403898879239647,neutral,0.14246068455134134,0.3459759481961147,2026-03-31,2026-05-15,23145303000.0,9039901000.0,4027546000.0,4389348000.0,622236000.0,3767112000.0,6.19,79261926000.0,21790635000.0,103666583000.0,31738768000.0,71927815000.0,48919537000.0,,,,0.1417604619182621,3456599218.642951,81875948000.0,0.0422175169030464,0.0523735080788982,0.036338730292673,0.4412586146263444,0.390571728527382,0.1740113750077067,0.1627592432036858,-0.1465659805926223,,,75.54535048945058,75.54535048945058,False,66.77279753004537,66.77279753004537,68.96593576989667,116.0,True,False,True,True,False,True,True,True,True,False,True,True,False,True,True,False,False,10,False,0.0053646797127056,0.10888138797525504,1.0,2126652365.5500002,0.07030527289546716,3.0,3.0,,,,,,0.06930102252567372,-0.009629737534031443,0.30426186835478397,0.418604528983079,0.8395238095238096,0.418604528983079,0.8257272540128948,-116.0,0.8857142857142857,0.6761904761904762,0.9047619047619048,0.8885714285714285,0.8266666666666667,聯詠
187.0,196.5,184.5,195.5,28292749.0,0.08310249307479234,184.6,0.2452229299363058,167.2,0.13313236575862764,191.88028462727866,1.208541287994326,155.59962221781413,0.011035525321239538,71.90476190476191,14436421.55,1.9598173205187401,0.16925837320574177,3042.TW,2026-08-17,0.07961459021910078,0.09403898879239647,neutral,0.04902867715078631,0.1868640148011101,2026-03-31,2026-05-15,3339207000.0,1079697000.0,503644000.0,553314000.0,102509000.0,450359000.0,1.32,13992302000.0,6050925000.0,22717388000.0,7476497000.0,15240891000.0,3786387000.0,763633000.0,975643000.0,,0.1852637019847681,410337048.0775834,16666463000.0,0.0246205237474552,0.029549387893398,0.0198244181945565,0.490555112558708,0.3233393437423915,0.1508274269908993,0.134870045492837,0.0545652359281587,,,61.80661362727634,61.80661362727634,False,70.85906164445916,70.85906164445916,68.59594964016345,244.0,True,False,True,True,True,False,True,True,True,True,True,True,True,False,True,False,False,11,False,0.018864446546723368,0.25642978571202346,1.0,2822320413.025,0.05365402405180388,2.0,3.0,,,,,,-0.01076790528599743,-0.09477382854672269,0.277032691670258,-1.535001224420459,0.4057142857142857,-1.535001224420459,0.4779749979809605,-244.0,0.6857142857142857,0.638095238095238,0.5238095238095238,0.6614285714285715,0.6390476190476191,晶技
60.0,62.0,59.09999847412109,62.0,1041914.0,0.04906940102796753,61.07999954223633,0.1946049745120899,56.025000190734865,0.2267683812842909,54.55511976877848,0.3382928254983748,50.236734517415364,0.03596523071354804,75.13811945103762,607737.6,1.7144142472014239,0.10664881372464952,3046.TW,2026-08-17,0.07961459021910078,0.09403898879239647,neutral,0.0730804810360777,0.10083256244218317,2026-03-31,2026-05-15,1818011000.0,164863000.0,94671000.0,110981000.0,17198000.0,94001000.0,1.2,3347000000.0,2193135000.0,3800793000.0,2266693000.0,1534100000.0,1823720000.0,113083000.0,,,0.1549634622142529,80000454.06871447,1607658000.0,0.0497621098944641,0.0612743628185907,0.0247319440969292,1.4775392738413402,0.0906831696837918,0.0520739423468834,0.0517054077230555,0.0112825744495272,,,51.57995742194333,51.57995742194333,False,83.22072059157202,83.22072059157202,75.31052979916484,345.0,True,True,True,True,True,True,True,False,True,True,True,True,True,True,False,False,False,13,False,0.13646528983485373,0.23415665041896205,1.0,37679731.199999996,0.46808510638297873,1.0,3.0,,,,,,0.0828653234743622,0.03265700481927718,0.3585948067672044,0.11468041865907944,0.9352380952380952,0.11468041865907944,0.8932226428667087,-345.0,0.5714285714285714,0.8476190476190476,0.9428571428571428,0.6271428571428571,0.7285714285714286,建碁
54.0,55.09999847412109,50.5,54.20000076293945,1613799.0,0.06483298896136058,53.58000030517578,0.43957499512144316,45.817500305175784,0.36868694069166663,44.17583357493083,1.486238654118762,36.30416673024495,0.08998453307482028,74.74915818321949,992107.05,1.6266379721825381,0.18295412019273205,3229.TW,2026-08-17,0.07961459021910078,0.09403898879239647,neutral,0.01572617946345976,0.05272895467160037,2026-03-31,2026-05-15,342922000.0,37599000.0,21175000.0,35503000.0,188000.0,35315000.0,0.55,692865000.0,303681000.0,941103000.0,306548000.0,634555000.0,107034000.0,151140000.0,,,0.0052953271554516,21062871.447483312,637422000.0,0.0330438413601716,0.0556531742717337,0.0375251168044305,0.4830913002025041,0.1096430091974268,0.0617487358641323,0.1029826024577017,0.4578839294444752,,,67.33482851500801,67.33482851500801,False,87.98800764778505,87.98800764778505,82.8247128645908,186.0,True,True,True,True,True,True,True,False,True,True,True,False,True,False,True,False,False,11,False,0.22691517911044468,0.4929415999454825,1.0,53772202.86691761,0.4070305272895467,1.0,3.0,,,,,,-0.0028080222362781818,-0.04560667371329929,0.2789675752548467,-1.8625730366330129,0.400952380952381,-1.8625730366330129,0.420271090096375,-186.0,0.780952380952381,0.9523809523809523,0.3904761904761905,0.7223809523809523,0.7542857142857143,晟鈦
67.0,67.0,64.0999984741211,65.0999984741211,1420074.0,0.13020833678267651,62.41999969482422,0.18579228897533073,58.3649995803833,0.09028355874472549,59.11198819478353,0.47783610504519647,54.03080762227376,0.01831981170177608,72.68040416116501,640509.05,2.217102162725101,0.11539448200392788,3356.TW,2026-08-17,0.07961459021910078,0.09403898879239647,neutral,0.07955596669750231,0.2432932469935245,2026-03-31,2026-05-15,281264000.0,139594000.0,10233000.0,198018000.0,20957000.0,176986000.0,2.21,2893011000.0,391712000.0,3096581000.0,420305000.0,2676276000.0,809972000.0,50000000.0,,,0.1058338130876991,9150002.590673575,2704869000.0,0.0033827895512402,0.0661314453367291,0.0571552948235489,0.157048450907156,0.4963095170373741,0.0363821889754821,0.6292522327777462,0.0806540849572754,,,63.62657398368869,63.62657398368869,False,66.14719665789747,66.14719665789747,65.51704098934528,230.0,True,False,True,True,True,False,True,False,True,False,False,True,True,True,True,False,False,9,False,0.10129942270941905,0.20486813614246535,1.0,41697138.177660756,0.4486586493987049,1.0,3.0,,,,,,0.03614188513773342,-0.030583839042791373,0.23709204987133833,-2.0468876208014923,0.488095238095238,-2.0468876208014923,0.4548280490871191,-230.0,0.7238095238095238,0.5142857142857142,0.47619047619047616,0.6866666666666666,0.6114285714285714,奇偶
93.1999969482422,93.1999969482422,91.0999984741211,92.0999984741211,8669436.0,-0.008611442826886861,91.77999877929688,0.041855168375297236,90.55499992370605,0.04897488921302706,89.2983336130778,0.15269082246876708,85.37833366394042,0.006502161420094709,58.51528093309094,13051961.2,0.6642247756605345,0.01706143837134033,3706.TW,2026-08-17,0.07961459021910078,0.09403898879239647,neutral,0.32469935245143383,0.34135060129509714,2026-03-31,2026-05-15,31863922000.0,2934046000.0,1186173000.0,1645175000.0,108264000.0,1460985000.0,1.1,82662619000.0,48216898000.0,135913012000.0,68280278000.0,67632734000.0,9782105000.0,1879510000.0,7968750000.0,,0.0658069810202562,1108114535.9022596,87696114000.0,0.0126358453682709,0.0216017439129401,0.0107494122784947,1.009574417027116,0.0920805040886052,0.0372262083744744,0.0458507587358517,0.3464486758783238,,,39.67324991044731,39.67324991044731,False,65.3862419617923,65.3862419617923,58.95799394895605,515.0,True,False,True,True,True,True,True,True,False,False,True,True,False,True,False,False,False,10,False,0.031374212123405076,0.07872799247450724,1.0,1202085606.6042876,0.10730804810360776,1.0,3.0,,,,,,0.03216838683427289,-0.02940374799909793,0.1981915646242378,-1.7364987063679842,0.44095238095238093,-1.7364987063679842,0.3970522887371099,-515.0,0.45714285714285713,0.20952380952380953,0.3523809523809524,0.44142857142857145,0.3619047619047619,神達
53.0,53.79999923706055,51.70000076293945,53.400001525878906,425848.0,0.017142886207217156,53.9,0.1434689647426406,50.67749996185303,0.28542473223780673,45.55829912821452,0.02858329844345331,47.075886726379395,0.03985842044778558,61.37932086813042,303338.75,1.403869436397427,0.053722096908395356,4119.TW,2026-08-17,0.07961459021910078,0.09403898879239647,neutral,0.10823311748381129,0.07493061979648474,2026-03-31,2026-05-15,375798000.0,82325000.0,33151000.0,28590000.0,8480000.0,20110000.0,0.17,1104577000.0,1053320000.0,6954821000.0,1544198000.0,5410623000.0,51949000.0,390000000.0,300399000.0,,0.2966072053165442,23318174.53655124,5901501000.0,0.0039512277531684,0.0037167623765322,0.0028915194222827,0.2854011451176694,0.2190671584202151,0.0882149452631466,0.0535127914464685,0.0430373141784996,,,33.11973270077256,33.11973270077256,False,87.30069339499569,87.30069339499569,73.75545322143991,628.0,True,True,True,True,True,True,True,True,True,True,True,True,True,True,False,False,False,14,False,0.17212456451887093,0.13433872921517875,1.0,16198289.7128582,0.5781683626271971,1.0,3.0,,,,,,0.009424639796798367,-0.0315771328578245,0.16833705673301907,-1.710715295082333,0.3385714285714286,-1.710715295082333,0.32640767261665615,-628.0,0.38095238095238093,0.8,0.23809523809523808,0.35952380952380947,0.4780952380952381,旭富
15.300000190734863,15.800000190734863,15.149999618530272,15.699999809265137,2460139.0,0.09027779341479936,14.9,0.09407661267651757,14.484999990463256,0.11743769367479073,14.922790320714315,0.1544117183008833,14.200561825434367,0.0025956047776261124,77.77778955153973,1102522.2,2.231373663042794,0.08387986327938002,4306.TW,2026-08-17,0.07961459021910078,0.09403898879239647,neutral,0.17298797409805736,0.20166512488436633,2026-03-31,2026-05-15,3266440000.0,556508000.0,165625000.0,302191000.0,119003000.0,155400000.0,0.24,24550171000.0,15849766000.0,37327313000.0,24023660000.0,13303653000.0,2738401000.0,5787002000.0,7511840000.0,,0.3938006095482658,100401774.04356848,21477547000.0,0.0046747318976216,0.0116810022029287,0.0041631713485511,1.8057942431300635,0.1703714135266528,0.0507050489217619,0.0475747296751203,0.0909570639640227,,,24.18555826097449,24.18555826097449,False,61.75872126156412,61.75872126156412,52.36543051141671,782.0,True,False,True,True,True,False,True,False,True,True,True,True,True,True,False,False,False,11,False,0.0520820484538993,0.10559004652514203,1.0,17309598.329710577,0.5652173913043478,0.0,3.0,,,,,,0.03427002920340171,-0.006428073573717433,0.23806228475816724,-1.4312313174720555,0.6233333333333334,-1.4312313174720555,0.6233333333333334,-782.0,0.18095238095238095,0.05714285714285714,0.7142857142857143,0.26095238095238094,0.2504761904761905,炎洲
101.5,106.0,101.5,104.5,55722.0,0.0,102.0,0.034653465346534684,101.46999969482422,0.13586956521739135,95.56320075988769,0.014563106796116498,94.62743384043375,0.0007918444364864731,64.90065622871604,23686.6,2.352469328649954,0.02986104577006654,4439.TW,2026-08-17,0.07961459021910078,0.09403898879239647,neutral,0.34320074005550416,0.18131359851988899,2026-03-31,2026-05-15,1813173000.0,351234000.0,137515000.0,120652000.0,21935000.0,98717000.0,2.59,3706764000.0,2411825000.0,6690736000.0,3165004000.0,3525732000.0,605864000.0,578186000.0,268213000.0,468173000.0,0.1818038656632297,112514241.41332096,4278911000.0,0.0262950646585827,0.0279990084328587,0.01475428114336,0.8976870618640328,0.1937123484631637,0.075842183840152,0.0544443359789716,0.0206853419814041,,,45.1072184501587,45.1072184501587,False,68.32549583982536,68.32549583982536,62.520926492408705,431.0,True,False,True,True,True,True,True,True,False,True,True,True,True,True,False,False,False,12,False,0.09351716109391228,0.10433090868990424,1.0,2475249.6999999997,0.8251618871415356,2.0,3.0,,,,,,0.05156941971987751,0.028952975459084342,0.24810035325890747,-0.8521997035323133,0.7795238095238096,-0.8521997035323133,0.7035219021723196,-431.0,0.5142857142857142,0.34285714285714286,0.819047619047619,0.5599999999999999,0.5238095238095238,冠星-KY
76.0999984741211,76.9000015258789,73.9000015258789,74.5999984741211,3029206.0,-0.002673857880705288,73.7,0.12012012287220353,70.74500064849853,0.1803797084424501,66.71499983469646,0.24156363073746334,64.39257939656575,0.030216985195877608,54.87465160339475,4279468.5,0.7078463131578139,0.05449145226213781,4566.TW,2026-08-17,0.07961459021910078,0.09403898879239647,neutral,0.12950971322849214,0.1322849213691027,2026-03-31,2026-05-15,1354549000.0,296455000.0,38413000.0,65488000.0,22696000.0,40409000.0,0.37,5180146000.0,3777583000.0,10646601000.0,5592503000.0,5054098000.0,2044806000.0,832690000.0,976708000.0,0.0,0.3465673100415343,25100309.919374544,6869018000.0,0.0036541336650121,0.0079952941157848,0.0037954836477858,1.10652840526638,0.2188588231212012,0.0283585163770376,0.0298320695670662,0.0816066447931047,,,26.559226672275766,26.559226672275766,False,75.54259726120111,75.54259726120111,63.296754613969775,747.0,True,True,True,True,True,True,True,True,True,True,True,True,False,True,False,False,False,13,False,0.11818929264725697,0.15851856181583157,1.0,319248343.5700493,0.21091581868640147,1.0,3.0,,,,,,-0.005787342091951839,-0.06794237181943974,0.21592564136439527,-1.5971581041653775,0.34,-1.5971581041653775,0.33616746599322733,-747.0,0.20952380952380953,0.38095238095238093,0.2571428571428571,0.21666666666666665,0.2704761904761905,時碩工業
140.5,143.0,140.0,143.0,663502.0,0.09578544061302674,137.7,0.1171875,131.5,0.16260162601626016,127.20833333333333,0.1578947368421053,126.00833333333334,0.01799883878459445,77.55102040816327,282933.0,2.3450852321927806,0.0874524714828897,4736.TW,2026-08-17,0.07961459021910078,0.09403898879239647,neutral,0.1341350601295097,0.15448658649398705,2026-03-31,2026-05-15,1074466000.0,531890000.0,272939000.0,362978000.0,69184000.0,284846000.0,2.99,7743817000.0,2835366000.0,13071771000.0,3115964000.0,9955807000.0,2352593000.0,940000000.0,169444000.0,,0.1906010832612444,220916530.9357592,10236405000.0,0.0215814566672341,0.0286110407724858,0.0217909264169331,0.3129795505276468,0.4950272972806957,0.2540229285989505,0.2651047124804321,0.0999991809891194,,,73.12470502530472,73.12470502530472,False,74.4014894906725,74.4014894906725,74.08229337433056,136.0,True,False,True,True,True,True,True,False,True,True,True,True,True,True,True,False,False,12,False,0.12414018997707177,0.13484557899609806,1.0,40459419.0,0.4551341350601295,2.0,3.0,,,,,,0.04078558675093593,-0.02024285919573992,0.2495352339497172,-1.3796733010903988,0.6428571428571429,-1.3796733010903988,0.5918484917127425,-136.0,0.8476190476190476,0.819047619047619,0.6571428571428571,0.819047619047619,0.800952380952381,泰博
94.1999969482422,94.8000030517578,88.19999694824219,90.3000030517578,23202258.0,0.008938581583886052,92.06000213623045,0.1287500381469724,87.48500061035156,0.16931687278575902,85.4877384185791,0.33094315812816033,80.17913093566895,0.02947753685112944,63.00367272863446,16474941.35,1.4083363034248375,0.03217697230115979,4938.TW,2026-08-17,0.07961459021910078,0.09403898879239647,neutral,0.1211840888066605,0.1498612395929695,2026-03-31,2026-05-15,244105400000.0,10801479000.0,2829288000.0,3464858000.0,605203000.0,1561454000.0,0.58,455223337000.0,347425362000.0,623242706000.0,374551574000.0,248691132000.0,112291906000.0,50872952000.0,7687427000.0,2697039000.0,0.174668918610806,2335099324.60147,275817344000.0,0.0084661076447805,0.0062786878946692,0.0025053706765723,1.5060913953296895,0.0442492423354829,0.0115904359346413,0.0063966385012375,-0.1039816497152077,,,13.24211612714073,13.24211612714073,False,81.47586020113016,81.47586020113016,64.4174241826328,993.0,True,True,True,True,True,True,True,True,True,True,True,True,True,True,False,False,False,14,False,0.056291869713713805,0.1262282591240511,1.0,1487687254.1825306,0.09250693802035152,1.0,3.0,,,,,,-0.01114347980108974,-0.05845172666601688,0.21854540693234578,-1.676123627688336,0.330952380952381,-1.676123627688336,0.2955800784403758,-993.0,0.05714285714285714,0.42857142857142855,0.2,0.07857142857142857,0.19714285714285715,和碩
37.95000076293945,40.79999923706055,37.900001525878906,38.70000076293945,6027536.0,0.07053939500486783,37.22999954223633,0.2246835536632834,35.57750024795532,0.1762917619471327,35.81499999364217,0.21698118526485577,32.69833337465922,0.021021666675652795,62.15469624903684,5427504.45,1.1105538568466766,0.08776615819610845,4976.TW,2026-08-17,0.07961459021910078,0.09403898879239647,neutral,0.060129509713228495,0.13876040703052728,2026-03-31,2026-05-15,255023000.0,-36041000.0,-86075000.0,-69043000.0,-1135000.0,,-0.49,1541919000.0,276027000.0,2513042000.0,337040000.0,2176002000.0,819216000.0,,57046000.0,,0.0164390307489535,-84660010.42828383,2237015000.0,-0.0378450794600321,,,0.1548895635206217,-0.1413245079855542,-0.337518576755822,,0.009124831333072,,,25.456241566653603,25.456241566653603,False,76.67923735730814,76.67923735730814,63.87348840964451,761.0,True,True,True,True,True,False,True,True,True,True,True,True,True,True,False,False,False,13,False,0.0805528624824634,0.18354658384306055,1.0,210044426.35585728,0.2599444958371878,1.0,3.0,,,,,,-0.04149562838375808,-0.10724896894469617,0.11715066426268486,-2.116228101916664,0.09571428571428572,-2.116228101916664,0.10813232904143308,-761.0,0.19047619047619047,0.4,0.06666666666666667,0.1719047619047619,0.22857142857142856,佳凌
58.29999923706055,58.29999923706055,56.400001525878906,57.900001525878906,118959.0,0.07821230359903542,56.01999969482422,0.09039554029548902,54.20999965667725,0.11132443803503711,53.58833338419596,-0.036359358377857975,54.23904438018799,0.012419459625420593,74.71266988562923,95990.8,1.2392750138554944,0.06806865693730257,5283.TW,2026-08-17,0.07961459021910078,0.09403898879239647,neutral,0.18408880666049954,0.2127659574468085,2026-03-31,2026-05-15,1223404000.0,353685000.0,-7455000.0,16910000.0,3240000.0,13670000.0,0.16,4507049000.0,2765436000.0,8209751000.0,3417985000.0,4791766000.0,676596000.0,1172000000.0,328000000.0,,0.1916026020106445,-6026602.602010644,5444315000.0,-0.0011069533269126,0.0028528104252169,0.0016650931313263,0.7133038215972983,0.2890991038119869,-0.006093653445632,0.011173741462346,-0.0336491827829927,,,23.489256314333275,23.489256314333275,False,71.82453339091913,71.82453339091913,59.74071412177267,799.0,True,False,True,True,True,True,True,False,True,True,True,True,True,True,False,False,False,12,False,0.0804590825911844,0.06749671177887051,1.0,5557867.4664703375,0.7206290471785384,1.0,3.0,,,,,,0.013550974991171753,-0.042506265045525425,0.21310466480222431,-1.820531195526413,0.3566666666666667,-1.820531195526413,0.35533731090105625,-799.0,0.1523809523809524,0.24761904761904763,0.2761904761904762,0.17095238095238097,0.20571428571428574,禾聯碩
187.5,196.0,187.5,195.5,147905.0,-0.010126582278481067,191.8,0.04825737265415553,188.74297943115235,0.2990033222591362,181.48932647705078,0.3254237288135593,165.88216323852538,0.007741881219488142,67.0408527908416,206822.5,0.7151301236567588,0.03580011605842226,5288.TW,2026-08-17,0.07961459021910078,0.09403898879239647,neutral,0.30064754856614245,0.07030527289546716,2026-03-31,2026-05-15,2061135000.0,478999000.0,298138000.0,346156000.0,100630000.0,249057000.0,3.59,4729511000.0,1996750000.0,8144719000.0,2033096000.0,6111623000.0,1527526000.0,170275000.0,,0.0,0.2907070800448352,211467172.5695929,6147969000.0,0.0343962652657475,0.0407513683353832,0.0305789555170657,0.3326605715044923,0.2323957431221147,0.1446474879132128,0.120834879811366,0.0892520430725782,,,70.01559901846518,70.01559901846518,False,70.4942260690069,70.4942260690069,70.37456930637147,163.0,True,False,True,True,True,True,True,True,False,True,True,True,False,True,True,False,False,11,False,0.07719833333956894,0.1785474470747439,1.0,40433798.75,0.45605920444033304,2.0,3.0,,,,,,0.02537148230559648,-0.012873234272072764,0.25244774430992484,-1.5949363441999123,0.5666666666666667,-1.5949363441999123,0.5101172779276435,-163.0,0.8095238095238095,0.7142857142857143,0.5333333333333333,0.768095238095238,0.7257142857142858,豐祥-KY
10.649999618530272,11.050000190734863,10.649999618530272,10.949999809265137,5218931.0,0.057970957070651474,10.610000038146973,0.08955219914920876,10.220999956130981,0.03834050465095662,10.276891851425171,-0.5073062331544311,12.064998451868693,0.010379593865969733,75.60975836686315,2615667.8,1.9952575781985773,0.0713237311675039,5521.TW,2026-08-17,0.07961459021910078,0.09403898879239647,neutral,0.1868640148011101,0.3691026827012026,2026-03-31,2026-05-15,2612835000.0,137924000.0,51483000.0,62397000.0,-996000.0,63393000.0,0.13,12921452000.0,8050714000.0,13909364000.0,8217996000.0,5691368000.0,1805939000.0,1207000000.0,45836000.0,,0.0,51483000.0,5858650000.0,0.0087875193090558,0.0111384468549564,0.0045575771832558,1.44394036723684,0.0527871067250706,0.0197038848606972,0.0242621520302659,0.2132778029044353,,,26.7192956803025,26.7192956803025,False,57.81634360074048,57.81634360074048,50.04208162063099,745.0,True,False,True,True,True,False,True,False,True,False,True,True,True,True,False,False,False,10,False,0.06549723083313563,-0.09241597892048292,0.0,28641561.911100958,0.5078630897317299,0.0,3.0,,,,,,0.0016471507849614832,-0.08609238672991563,0.27927215255943133,-1.447464028306833,0.4642857142857143,-1.447464028306833,0.656143454098763,-745.0,0.21904761904761905,0.01904761904761905,0.7619047619047619,0.30047619047619045,0.26761904761904765,工信
46.900001525878906,46.900001525878906,45.45000076293945,45.54999923706055,471636.0,-0.023579898238762942,46.310000610351565,0.1109755911478183,42.70000019073486,0.05807201032068354,43.98188171386719,0.021300466265502083,44.734274260203044,0.027487353726887796,73.3590690371793,615947.0,0.7657087379271268,0.06674470804672472,6112.TW,2026-08-17,0.07961459021910078,0.09403898879239647,neutral,0.14431082331174838,0.31267345050878814,2026-03-31,2026-05-15,6018223000.0,834764000.0,167785000.0,90440000.0,48570000.0,32807000.0,0.17,11930415000.0,9613507000.0,15361762000.0,10271180000.0,5090582000.0,1349634000.0,3751754000.0,180432000.0,,0.4,100671000.0,5748255000.0,0.017513314910351,0.0064446462113762,0.0021356274104494,2.017682850408853,0.1387060599117048,0.0278794920028719,0.0054512768968514,0.2736882851262932,,,29.171201546523523,29.171201546523523,False,58.41589804182157,58.41589804182157,51.104723917997056,695.0,True,False,True,True,True,False,True,False,True,False,True,True,False,True,False,False,False,9,False,0.03565371607779433,0.018234899086832845,1.0,28056385.380069733,0.5115633672525439,1.0,3.0,,,,,,0.050446204922613126,0.00040397584105485954,0.20111640395703276,-1.5089653068289093,0.5947619047619048,-1.5089653068289093,0.6053468113030668,-695.0,0.26666666666666666,0.047619047619047616,0.6857142857142857,0.3295238095238095,0.28476190476190477,邁達特
142.5,149.5,141.0,147.0,2479424.0,-0.069620253164557,147.1,0.31649943250871315,136.175,0.050000000000000044,133.02040125528973,0.5376569283083501,120.38936723073324,0.05907272467499595,61.19402985074627,3815218.8,0.6498772757148293,0.07949329906370473,6206.TW,2026-08-17,0.07961459021910078,0.09403898879239647,neutral,0.02960222016651249,0.33209990749306195,2026-03-31,2026-05-15,1510237000.0,689057000.0,424206000.0,442845000.0,88742000.0,359024000.0,2.51,5482164000.0,1306580000.0,6928875000.0,1318597000.0,5610278000.0,2258494000.0,,,,0.2003906558728223,339199081.4348135,5622295000.0,0.0603310714636662,0.0639939767690656,0.0518156266349154,0.2350323816395551,0.4562575277919956,0.2808870395838534,0.2377269263036198,0.1096002833077651,,,90.34179168403904,90.34179168403904,False,82.21828857326872,82.21828857326872,84.24916435096131,29.0,True,True,True,True,True,True,True,True,True,False,True,True,False,True,True,False,False,12,False,0.10509364437926294,0.22103806491702827,1.0,560837163.6,0.15633672525439407,2.0,1.0,,,,,,-0.02337284396033025,-0.10188329025584293,0.1537752791829201,-1.8114140275012682,0.1857142857142857,-1.8114140275012682,0.16550136943765312,-29.0,0.9714285714285714,0.9809523809523809,0.12380952380952381,0.8442857142857143,0.8047619047619048,飛捷
66.0,67.5999984741211,65.30000305175781,66.5,2742308.0,0.009104680731842896,66.3,0.22920521027020913,58.694999885559085,0.0657051021452415,65.08500003814697,0.05388275131691711,63.15500001907348,0.033908758165985466,73.750004023314,5306390.9,0.5167934386439567,0.13297555378922832,6269.TW,2026-08-17,0.07961459021910078,0.09403898879239647,neutral,0.05735430157261795,0.2969472710453284,2026-03-31,2026-05-15,5467013000.0,-75600000.0,-999753000.0,-981765000.0,-164328000.0,-829726000.0,-2.6,17426263000.0,6996989000.0,34912338000.0,12380381000.0,22531957000.0,3093415000.0,100000000.0,730035000.0,2916556000.0,0.1673801775373944,-832414165.3664573,27915349000.0,-0.0298192283165242,-0.036824408993857,-0.0237659821006545,0.549458753183312,-0.0138283922134445,-0.1828700608540715,-0.1517695311864083,0.0572209060440906,,,18.580859061451324,18.580859061451324,False,65.85568917668826,65.85568917668826,54.036981647879024,886.0,True,False,True,True,True,False,True,False,True,False,True,True,False,True,False,False,False,9,False,0.0217407998928123,0.05296492724117319,1.0,352874994.85,0.20259019426456984,1.0,3.0,,,,,,-0.01030503554721978,-0.1068951775855826,0.21069091902054143,-2.203205871016721,0.2204761904761905,-2.203205871016721,0.24378623968554775,-886.0,0.11428571428571428,0.0761904761904762,0.18095238095238095,0.12428571428571428,0.11619047619047619,台郡
83.9000015258789,88.5999984741211,83.4000015258789,87.5,1448178.0,0.09375,82.85999908447266,0.1513157894736843,79.125,0.17449664429530198,75.25025812784831,0.46812084295595024,71.10012903213502,0.029009318556778723,66.21622283412063,652062.25,2.2209198584951055,0.10584518167456558,6277.TW,2026-08-17,0.07961459021910078,0.09403898879239647,neutral,0.10453283996299723,0.14246068455134134,2026-03-31,2026-05-15,1293181000.0,778857000.0,186537000.0,183859000.0,52118000.0,128893000.0,1.08,3416718000.0,1638244000.0,7019344000.0,2304220000.0,4715124000.0,897714000.0,266856000.0,200000000.0,,0.2834672221648111,133659874.77904265,5381100000.0,0.0248387643379685,0.0273360785421549,0.01836254214069,0.4886870419526612,0.6022799592632431,0.1442466290488338,0.0996712757146911,0.0734456101555489,,,66.12491163281756,66.12491163281756,False,81.32712634451742,81.32712634451742,77.52657266659246,199.0,True,True,True,True,True,True,True,True,True,True,True,True,True,True,True,False,False,14,False,0.1627867090015782,0.2306588073905289,1.0,57055446.875,0.3987049028677151,1.0,3.0,,,,,,0.0486476416930635,0.015618519920159458,0.3189460630176649,-1.4819002559629928,0.7576190476190476,-1.4819002559629928,0.7408206726173086,-199.0,0.7619047619047619,0.8952380952380953,0.8571428571428571,0.7761904761904761,0.8209523809523809,宏正
1015.0,1020.0,977.0,983.0,419561.0,-0.054807692307692335,995.0,0.03299907177122363,975.2395538330078,0.4519940915805023,956.245448811849,0.059267241379310276,864.8810577392578,0.001498993134142477,56.91906005221932,502926.7,0.8342388662204651,0.0079574768440136,6409.TW,2026-08-17,0.07961459021910078,0.09403898879239647,neutral,0.34875115633672527,0.032377428307123035,2026-03-31,2026-05-15,4204594000.0,1097283000.0,761311000.0,497580000.0,106071000.0,391509000.0,4.46,12925624000.0,6848461000.0,17835228000.0,7506620000.0,10328608000.0,7086998000.0,,489300000.0,,0.2131737610032557,599019470.8368503,10986767000.0,0.0545219053827982,0.0379053014694719,0.0219514435139264,0.7267794459814914,0.2609724030429573,0.1810664715784687,0.0931145789581586,-0.1581824756109622,,,62.88856390334461,62.88856390334461,False,69.85677495279832,69.85677495279832,68.11472219043489,235.0,True,False,True,True,True,True,True,True,False,True,True,True,True,True,True,False,False,12,False,0.027978748784001084,0.13657246994112393,1.0,494376946.1,0.1702127659574468,3.0,3.0,,,,,,0.077823613261387,0.027609469453154557,0.2261619129034537,-0.07177919615208472,0.8071428571428572,-0.07177919615208472,0.7925763176009062,-235.0,0.7142857142857143,0.6190476190476191,0.8857142857142857,0.74,0.7200000000000001,旭隼
1505.0,1545.0,1405.0,1410.0,4968434.0,0.06015037593984962,1451.0,0.19999999999999996,1247.25,0.7407407407407407,1142.5127705891928,0.9887165021156559,909.273051961263,0.046350671140939596,66.66666666666666,3422036.15,1.4518940718963476,0.13048707155742645,6446.TW,2026-08-17,0.07961459021910078,0.09403898879239647,neutral,0.07123034227567067,0.009250693802035153,2026-03-31,2026-05-15,5121378000.0,4500097000.0,2087077000.0,2335581000.0,185954000.0,2149627000.0,5.79,30923112000.0,4737365000.0,40089669000.0,5635458000.0,34454211000.0,24175410000.0,,43340000.0,,0.0796178766653779,1920908360.822853,35352304000.0,0.0543361575761187,0.0623908351870254,0.0536204726459577,0.1635636932739513,0.8786887044853944,0.4075225456898514,0.4197360554132111,0.572274143110902,,,96.8555062833974,96.8555062833974,False,90.10131002285227,90.10131002285227,91.78985908798856,13.0,True,True,True,True,True,True,True,True,True,True,True,True,True,True,True,False,True,15,True,0.23412187267969387,0.5506893082981954,1.0,4825070971.5,0.037927844588344126,3.0,0.0,,,,,,-0.027896314367151932,-0.11673056158586495,0.19884772621983535,-1.2989453560803943,0.3066666666666667,-1.2989453560803943,0.36165858162887093,-13.0,0.9809523809523809,1.0,0.29523809523809524,0.878095238095238,0.8495238095238095,藥華藥
408.5,416.0,407.5,416.0,392499.0,-0.03480278422273786,418.9,0.08821150925884669,401.4675750732422,0.09617918313570484,400.9021687825521,-0.16129032258064513,418.14691772460935,0.007430415008087045,70.35437475816025,718401.9,0.5463501697308986,0.03619825318173353,6472.TW,2026-08-17,0.07961459021910078,0.09403898879239647,neutral,0.1887141535615171,0.23589269195189638,2026-03-31,2026-05-15,4001231000.0,1442628000.0,407236000.0,221152000.0,174254000.0,25838000.0,0.21,19812444000.0,14337765000.0,45331756000.0,28703088000.0,16628668000.0,4832012000.0,3410000000.0,3908546000.0,8410772000.0,0.4,244341600.0,30993991000.0,0.0078835152271935,0.0015538225912021,0.0005699757141549,1.7261206970997316,0.3605460419555881,0.1017776779196202,0.0064575127004664,-0.1067853383739788,,,27.229352834015025,27.229352834015025,False,66.45777919283486,66.45777919283486,56.650672603129905,730.0,True,False,True,True,True,True,True,True,True,True,True,True,False,True,False,False,False,12,False,0.03765963966544894,-0.005134362190906572,0.0,298855190.40000004,0.22016651248843663,2.0,3.0,,,,,,-0.031515160596413086,-0.10314892523883862,0.14276635293847914,-1.9946889408889314,0.13333333333333333,-1.9946889408889314,0.13369898078529657,-730.0,0.24761904761904763,0.14285714285714285,0.10476190476190476,0.2261904761904762,0.1876190476190476,保瑞
51.20000076293945,51.20000076293945,48.70000076293945,48.70000076293945,941648.0,-0.039447731161809996,50.939999389648435,0.08463249683567042,47.7899995803833,0.11441647397499222,46.58166656494141,-0.20554647032529538,49.404166571299235,0.026638023029315352,58.89967373854542,694596.05,1.3556771594079753,0.019041665422606213,6589.TW,2026-08-17,0.07961459021910078,0.09403898879239647,neutral,0.19611470860314523,0.2053654024051804,2026-03-31,2026-05-15,308435000.0,64956000.0,-207240000.0,-141836000.0,406000.0,-142242000.0,-0.47,4188368000.0,910711000.0,10619357000.0,2413133000.0,8206224000.0,3257763000.0,0.0,1001914000.0,,0.0,-207240000.0,9708646000.0,-0.0213459219751137,-0.0173334288705743,-0.0133945963018288,0.2940613124867174,0.2105986674664029,-0.6719081816265988,-0.461173342843711,0.6954150931987708,,,33.08565989658788,33.08565989658788,False,76.19950961599913,76.19950961599913,65.42104718614631,629.0,True,True,True,True,True,True,True,True,True,True,True,True,True,True,False,False,False,14,False,0.045475706521680426,-0.014253166427644182,0.0,33826828.16493473,0.4838112858464385,1.0,3.0,,,,,,-0.0342043680959104,-0.1197307466123657,0.10457483271201001,-2.230056697817557,0.07904761904761905,-2.230056697817557,0.07587711262890048,-629.0,0.37142857142857144,0.4857142857142857,0.047619047619047616,0.32285714285714284,0.34095238095238095,台康生技
137.0,141.5,137.0,139.0,571079.0,0.04119850187265928,137.8,0.06513409961685834,134.8,0.0692307692307692,135.57953999837238,-0.03472222222222221,134.1022699991862,0.015633829346393048,65.51724137931035,494325.55,1.1552690327254984,0.03115727002967361,6605.TW,2026-08-17,0.07961459021910078,0.09403898879239647,neutral,0.2506938020351526,0.28862164662349676,2026-03-31,2026-05-15,4732845000.0,1585730000.0,866034000.0,951380000.0,217734000.0,732007000.0,4.41,15540524000.0,11970379000.0,33504289000.0,12358666000.0,21145623000.0,3981949000.0,1597489000.0,0.0,,0.228861233156047,667832390.8049359,21533910000.0,0.0310130575824332,0.0346174241354818,0.0218481580074718,0.5844550430129205,0.3350479468480375,0.1829838078365127,0.1546653228660562,-0.0451555541567658,,,64.93006759035887,64.93006759035887,False,59.13483546042068,59.13483546042068,60.58364349290523,210.0,True,False,True,True,True,False,True,True,False,False,True,True,True,True,True,False,False,10,False,0.02522843787247453,0.0365223497025331,1.0,68711251.45,0.3774283071230342,2.0,3.0,,,,,,0.059245355612376066,0.018938120955719246,0.2216936598788538,-0.9944632782557034,0.730952380952381,-0.9944632782557034,0.6700875044935073,-210.0,0.7428571428571429,0.2857142857142857,0.8,0.7514285714285714,0.6171428571428572,帝寶
26.799999237060547,27.350000381469727,26.5,27.100000381469727,99369.0,0.026515180797507032,27.070000457763673,0.04835589870613877,26.23500003814697,0.14278897131253387,25.473372745513917,0.10477059934339872,24.522438065210977,0.011957571384646886,73.07691743388462,145591.5,0.6825192404776378,0.032971234688965234,6606.TW,2026-08-17,0.07961459021910078,0.09403898879239647,neutral,0.299722479185939,0.17391304347826086,2026-03-31,2026-05-15,191808000.0,78315000.0,47168000.0,50588000.0,21113000.0,29102000.0,0.26,1052582000.0,392295000.0,2170020000.0,549327000.0,1620693000.0,84940000.0,0.0,,,0.4,28300800.0,1777725000.0,0.0159196726152807,0.0179565161322964,0.0134109363047345,0.3389457472821811,0.4082989239239239,0.2459125792459126,0.1517246413079746,0.1109322058440243,,,63.7605672758917,63.7605672758917,False,64.4081024282124,64.4081024282124,64.24621864013223,226.0,True,False,True,True,True,True,True,False,False,True,True,True,False,True,True,False,False,10,False,0.06385599787693108,0.1051103609438997,1.0,3945529.7055387497,0.7724329324699353,0.0,3.0,,,,,,0.04584619932272607,0.02369096795541671,0.1935835677045037,-1.2808784879485475,0.641904761904762,-1.2808784879485475,0.6102657924709994,-226.0,0.7333333333333333,0.41904761904761906,0.6952380952380952,0.7276190476190476,0.6314285714285715,建德工業
6585.0,6740.0,6420.0,6620.0,1480486.0,0.10149750415973369,6216.0,0.4130202774813234,5797.25,0.2328915984652511,5248.962223307291,0.7831743643432467,4687.68559773763,0.06094157478153452,72.77486910994764,1931743.15,0.7663989904662015,0.14192073828108165,6669.TW,2026-08-17,0.07961459021910078,0.09403898879239647,neutral,0.01757631822386679,0.09620721554116558,2026-03-31,2026-05-15,276507734000.0,20881168000.0,17458392000.0,17934386000.0,3819977000.0,14114409000.0,75.95,395619318000.0,257883938000.0,432576398000.0,292412129000.0,140164269000.0,70996229000.0,72191879000.0,9594000000.0,18686968000.0,0.2129973671805658,13739800468.793749,174692460000.0,0.0786513651979813,0.1006990519102982,0.0326287080507799,2.086210209536355,0.0755174826321494,0.0631388921656708,0.0510452593705751,0.6202705683581411,,,65.40144535951697,65.40144535951697,False,82.06753006475486,82.06753006475486,77.90100888844539,208.0,True,True,True,True,True,True,True,False,True,True,False,False,False,True,True,False,False,10,False,0.26120168489778894,0.4122107513342925,1.0,12788139653.0,0.01757631822386679,3.0,3.0,,,,,,0.07955300492547322,-0.06452792909397675,0.3531087412327198,-0.06426212673538537,0.7833333333333332,-0.06426212673538537,0.7263392144483346,-208.0,0.7523809523809524,0.9047619047619048,0.8380952380952381,0.7652380952380953,0.8152380952380952,緯穎
733.0,735.0,718.0,730.0,505624.0,-0.002732240437158473,729.4,0.05339105339105332,699.6,0.16242038216560517,702.15,0.2106135986733002,664.925,0.002723233481438981,72.97297297297297,578777.45,0.8736069451219982,0.04345340194396785,6691.TW,2026-08-17,0.07961459021910078,0.09403898879239647,neutral,0.28122109158186864,0.15541165587419056,2026-03-31,2026-05-15,6977227000.0,1283352000.0,1098330000.0,1100675000.0,233735000.0,866940000.0,7.19,21151608000.0,15975842000.0,22175970000.0,16220137000.0,5955833000.0,7596288000.0,0.0,,,0.2123560542394439,865092974.9471915,6200128000.0,0.1395282444083721,0.1455615024800057,0.0390936676050698,2.723403594425834,0.1839343911270193,0.1574164062599654,0.1242528012919746,0.7680019541905503,,,72.9382876924978,72.9382876924978,False,56.29919268435316,56.29919268435316,60.45896643638932,138.0,True,False,True,True,True,False,True,False,False,True,True,True,True,True,True,False,False,10,False,0.03966388948230448,0.09786818062187463,1.0,422507538.49999994,0.18501387604070305,3.0,3.0,,,,,,0.11717985156832574,0.08463647084483894,0.41099740435593224,0.9111653982423608,0.9976190476190476,0.9111653982423608,0.9842009256652643,-138.0,0.8380952380952381,0.2761904761904762,1.0,0.8623809523809524,0.701904761904762,洋基工程
274.0,286.5,253.0,259.0,32089218.0,0.14601769911504414,244.8,0.34196891191709855,218.625,0.740463394211561,173.47980868021648,2.0382656467649314,148.63605715433758,0.06633337397878304,64.96519721577727,27851466.35,1.152155423227833,0.18467695826186392,8039.TW,2026-08-17,0.07961459021910078,0.09403898879239647,neutral,0.02497687326549491,0.010175763182238668,2026-03-31,2026-05-15,2415476000.0,532169000.0,146484000.0,219817000.0,44902000.0,171370000.0,0.65,10090538000.0,4116000000.0,15838059000.0,5212295000.0,10625764000.0,3401205000.0,544660000.0,425464000.0,0.0,0.2042699154296528,116561725.70820272,11722059000.0,0.0099437927848855,0.0161277814941118,0.0108201390081953,0.4905336689201831,0.2203164096848819,0.060643947611154,0.0709466788326607,0.0846351629146733,,,39.59205928302138,39.59205928302138,False,90.85848689851416,90.85848689851416,78.04187999464096,517.0,True,True,True,True,True,True,True,True,True,True,False,True,True,False,False,False,False,12,False,0.4929691355460677,0.7425112382459462,1.0,7213529784.650001,0.030527289546716005,2.0,3.0,,,,,,-0.062029575269082524,-0.19759885779902442,0.2173200005756573,-2.046913510148331,0.16142857142857142,-2.046913510148331,0.4199725726552083,-517.0,0.44761904761904764,0.9142857142857143,0.38095238095238093,0.4376190476190476,0.5742857142857143,台虹
1310.0,1380.0,1295.0,1295.0,19197092.0,0.14601769911504414,1246.0,0.17194570135746612,1106.25,0.3894194651581653,1040.6607238769532,1.8365415852604992,862.4997645060222,-0.00022593764121102577,70.79530638852673,12378125.1,1.550888510570959,0.17062146892655372,8046.TW,2026-08-17,0.07961459021910078,0.09403898879239647,neutral,0.09065679925994449,0.04810360777058279,2026-03-31,2026-05-15,11177241000.0,1771445000.0,1352237000.0,1598197000.0,289571000.0,1308626000.0,2.03,25923065000.0,8163676000.0,62161816000.0,15455246000.0,46706570000.0,9657576000.0,,,,0.1811860490289995,1107230520.6191726,53998140000.0,0.0205049751828335,0.0280180282988025,0.0210519267969906,0.3309008989527597,0.1584867857819295,0.1209812868846614,0.1170795189975773,0.3214942908705003,,,61.16068715346135,61.16068715346135,False,75.66844341602842,75.66844341602842,72.04150435038666,249.0,True,True,True,True,True,True,False,True,True,True,False,True,True,False,True,False,False,11,False,0.24440172506512292,0.5014496853128798,1.0,16029672004.5,0.012950971322849213,3.0,3.0,,,,,,-0.17858930975300327,-0.32938351636775787,0.21384239089325635,-1.8015956162136495,0.15000000000000002,-1.8015956162136495,0.1307064310334935,-249.0,0.6761904761904762,0.7619047619047619,0.09523809523809523,0.589047619047619,0.5857142857142857,南電
96.1999969482422,96.1999969482422,93.0,93.5,15444649.0,0.011904745194327937,96.8000015258789,0.1557478150366971,87.75499992370605,0.08468681334340444,89.10634930928548,0.25167341124235754,85.55400810241699,0.036864182453110135,71.67139055104974,21034606.85,0.7342494732674312,0.06546635611974971,8112.TW,2026-08-17,0.07961459021910078,0.09403898879239647,neutral,0.09990749306197964,0.2543940795559667,2026-03-31,2026-05-15,110164542000.0,4238620000.0,3418168000.0,2892239000.0,712333000.0,2102790000.0,3.91,110827396000.0,76135974000.0,112891822000.0,92125380000.0,20766442000.0,14855353000.0,53437429000.0,11508327000.0,2798432000.0,0.2462911951605659,2576303318.0203986,36755848000.0,0.0700923379055327,0.101259040908404,0.0186265928102391,4.4362621194328815,0.0384753562539206,0.0310278419711489,0.0190877206206693,1.3784680054727554,,,52.60217451052254,52.60217451052254,False,61.098452895887256,61.098452895887256,58.974383299546076,328.0,True,False,True,True,True,False,True,True,True,False,True,True,False,True,False,False,False,10,False,0.0493079418556841,0.09287690984706232,1.0,1966735740.4750001,0.07400555041628122,1.0,3.0,,,,,,0.043787416707770234,-0.017366786701746233,0.22926751215117672,-0.21768052161848053,0.6838095238095238,-0.21768052161848053,0.6040109875196897,-328.0,0.6,0.21904761904761905,0.6761904761904762,0.6114285714285714,0.5009523809523809,至上
41.20000076293945,42.59999847412109,39.45000076293945,40.79999923706055,1880280.0,0.0736841904489618,39.87999954223633,0.07936508096695105,38.04249992370605,0.12242093396805998,37.68237559000651,0.006165228229437547,37.25243768692017,0.002100186242817135,64.79999853515673,1577962.4,1.1915873280630769,0.07248470313161959,8222.TW,2026-08-17,0.07961459021910078,0.09403898879239647,neutral,0.2127659574468085,0.19703977798334876,2026-03-31,2026-05-15,234428000.0,59230000.0,30441000.0,31763000.0,6251000.0,,0.37,1130042000.0,553253000.0,2167379000.0,1240916000.0,926463000.0,201023000.0,300000000.0,681477000.0,,0.1968013096999653,24450171.33142336,1614126000.0,0.0151476225099052,,,1.3394123672505,0.2526575323766785,0.1298522360810142,,-0.074709104974818,,,42.06809671107272,42.06809671107272,False,77.10575922722072,77.10575922722072,68.34634359818372,478.0,True,True,True,True,True,True,True,True,False,True,True,True,True,True,False,False,False,13,False,0.08273426497773251,0.09523031968954809,1.0,64380864.71611022,0.38575393154486587,1.0,3.0,,,,,,0.04388462741943459,-0.009583175314052313,0.20706131247931756,-1.631036433557492,0.5438095238095237,-1.631036433557492,0.5442290644810989,-478.0,0.49523809523809526,0.6285714285714286,0.6,0.5109523809523809,0.5561904761904761,寶一
13.0,13.0,12.75,13.0,72617.0,-0.003831432184220329,12.979999923706055,0.03993446457918215,12.989999961853027,0.08333333333333326,12.466751909255981,0.03174600050953447,12.35587596098582,0.008919701274635029,50.0,121949.9,0.5954658429404206,0.0007698258796258184,8411.TW,2026-08-17,0.07961459021910078,0.09403898879239647,neutral,0.33209990749306195,0.2590194264569843,2026-03-31,2026-05-15,2726482000.0,240600000.0,69628000.0,61624000.0,19776000.0,41688000.0,0.19,5684691000.0,4777607000.0,13494274000.0,7266361000.0,6227913000.0,1476105000.0,1130770000.0,1174037000.0,1103389000.0,0.3209139296378034,47283404.90717903,8716667000.0,0.0054244821910919,0.0066937351244309,0.0030893103252535,1.16674092910418,0.0882455853367086,0.025537670888713,0.0152900330902606,0.2387255467647537,,,26.84034715613582,26.84034715613582,False,58.625669270419024,58.625669270419024,50.67933874184823,740.0,True,False,True,True,True,True,True,True,False,False,True,True,False,True,False,False,False,10,False,0.042773618551605885,0.052130989421391716,1.0,1585348.7,0.8815911193339501,0.0,3.0,,,,,,0.059064459562098125,0.035335434309928325,0.25990309204113743,-1.0713354309777618,0.8066666666666666,-1.0713354309777618,0.839990185387132,-740.0,0.23809523809523808,0.0380952380952381,0.9238095238095239,0.3409523809523809,0.31523809523809526,福貞-KY
378.0,378.0,367.0,371.5,689856.0,-0.01978891820580475,381.1,0.03194444444444455,376.625,0.17377567140600325,355.64166666666665,-0.05898984495722548,354.5263153076172,0.015093322552388716,46.78362573099415,527110.2,1.308750997419515,-0.013607699966810438,8464.TW,2026-08-17,0.07961459021910078,0.09403898879239647,neutral,0.3506012950971323,0.14338575393154487,2026-03-31,2026-05-15,7305395000.0,4316539000.0,2053372000.0,2325863000.0,594429000.0,1647198000.0,5.62,27155869000.0,11007979000.0,42576950000.0,14807659000.0,27769291000.0,19344343000.0,569716000.0,669863000.0,,0.2555735226021481,1528584484.7473822,31568971000.0,0.048420472265231,0.0593172508437467,0.0386875527720985,0.5332386412026148,0.5908700350905051,0.2810761088209467,0.2254769249301372,0.0044846681027981,,,84.51846605538479,84.51846605538479,False,63.470242277293366,63.470242277293366,68.73229822181622,62.0,True,False,True,True,False,True,True,False,False,True,True,True,True,True,True,False,False,10,False,0.04459076317454369,0.047877079809026224,1.0,195821439.29999998,0.26919518963922295,2.0,2.0,,,,,,0.030247083108579837,-0.015324250743422108,0.25165096164540884,-1.1831219123353658,0.6309523809523809,-1.1831219123353658,0.6438713338788855,-62.0,0.9238095238095239,0.6476190476190476,0.7523809523809524,0.8980952380952382,0.8066666666666666,億豐
1270.0,1290.0,1195.0,1215.0,2873011.0,0.13023255813953494,1203.0,0.25128733264675596,1040.55,0.03846153846153855,1195.3666666666666,0.3897443161608001,1092.5985961914062,0.026841663788424463,67.0718232044199,3104901.95,0.9253145658915252,0.16765172264667738,8996.TW,2026-08-17,0.07961459021910078,0.09403898879239647,neutral,0.045328399629972246,0.3681776133209991,2026-03-31,2026-05-15,3422971000.0,993397000.0,708890000.0,760217000.0,154549000.0,605668000.0,6.54,6117858000.0,3808253000.0,8901358000.0,4255580000.0,4645778000.0,1874428000.0,690000000.0,245167000.0,0.0,0.2032959010387823,564775568.7126175,5093105000.0,0.1108902268287454,0.1303695527422963,0.0680422020999492,0.91601019248014,0.2902148455245458,0.2070978690733868,0.1769421943685763,2.3761538742261066,,,90.21884377245992,90.21884377245992,True,67.68923745094264,67.68923745094264,73.32163903132196,30.0,True,False,True,True,True,False,True,True,True,False,False,True,True,False,True,True,False,9,False,0.016424528038816666,0.11202778791338575,1.0,3772455869.25,0.04440333024976873,3.0,1.0,,,,,,0.008713716904983099,-0.08389823091580144,0.30295517196694527,-1.0083302930888907,0.540952380952381,-1.0083302930888907,0.5607854935017299,-30.0,0.9619047619047619,0.7904761904761904,0.6190476190476191,0.9104761904761904,0.8419047619047619,高力
21.399999618530277,21.549999237060547,21.25,21.5,253331.0,0.0070257431311553376,21.50999984741211,0.04368930106136548,20.935000133514404,0.03864730471376787,20.743419392903647,0.05392158833525351,20.905876350402835,0.010254549513113232,72.22216335353707,162680.05,1.5572345840808386,0.026988290560414185,9905.TW,2026-08-17,0.07961459021910078,0.09403898879239647,neutral,0.3135985198889917,0.3635522664199815,2026-03-31,2026-05-15,2262403000.0,227921000.0,110504000.0,146083000.0,37653000.0,108152000.0,0.35,9976288000.0,2845823000.0,12068826000.0,3342134000.0,8726692000.0,759126000.0,0.0,,,0.2577507307489577,82021513.24931718,9223003000.0,0.0088931461097125,0.0123932413336004,0.0089612693065588,0.3829783381835866,0.1007428826782849,0.0488436410312397,0.0478040384493832,0.1512060067798128,,,34.794291678762654,34.794291678762654,False,63.39588349020555,63.39588349020555,56.24548553734482,603.0,True,False,True,True,True,True,True,False,False,False,True,True,True,True,False,False,False,10,False,0.036473283057429695,0.028418978455582167,1.0,3497621.0749999997,0.7872340425531915,0.0,3.0,,,,,,0.03728395826575034,0.021653644284315977,0.21255941342501464,-1.3705772125447007,0.6261904761904763,-1.3705772125447007,0.5279075148378762,-603.0,0.3904761904761905,0.12380952380952381,0.5523809523809524,0.4147619047619047,0.34285714285714286,大華
99.5,101.0,96.1999969482422,97.4000015258789,3681488.0,-0.04039407363666103,104.78000030517578,0.16090583735968034,91.64999961853027,0.38549071547221603,80.38499959309895,0.15130027520831812,76.12500006357828,0.06021169462758061,63.08016996487742,4074899.5,0.9034549195630469,0.0627387008323137,9921.TW,2026-08-17,0.07961459021910078,0.09403898879239647,neutral,0.09435707678075855,0.05087881591119334,2026-03-31,2026-05-15,12523541000.0,2458803000.0,-191441000.0,-170563000.0,-23472000.0,-199773000.0,-0.51,48200680000.0,28731484000.0,72341005000.0,34909460000.0,37431545000.0,13787267000.0,9060327000.0,1863857000.0,,0.1376148402643011,-165095877.36496192,43609521000.0,-0.0037857759860504,-0.0053370225567766,-0.0027615458203822,0.9326214026164296,0.1963344871869705,-0.0152864912567459,-0.0159517982973026,-0.2568048701835493,,,14.870530982450036,14.870530982450036,False,83.81424240718198,83.81424240718198,66.578314550999,961.0,True,True,True,True,True,True,True,True,True,True,True,True,True,True,False,False,False,14,False,0.21166886880522773,0.27947456741585697,1.0,396895217.5178032,0.19148936170212766,1.0,3.0,,,,,,0.021569358954859362,-0.04085620086280413,0.36735689786987785,-1.3764250989771039,0.6147619047619047,-1.3764250989771039,0.4771537007945598,-961.0,0.0761904761904762,0.580952380952381,0.5142857142857142,0.14190476190476192,0.31523809523809526,巨大
42.70000076293945,42.84999847412109,42.0,42.25,1744578.0,0.10457516339869288,41.60000076293945,0.07097589817262961,38.84000015258789,0.07506363410199657,40.45083338419597,0.3673139327375037,37.953333314259844,0.010143046881349486,62.962967614323205,2872541.3,0.6073291269998451,0.0877960822352084,9933.TW,2026-08-17,0.07961459021910078,0.09403898879239647,neutral,0.23311748381128586,0.2793709528214616,2026-03-31,2026-05-15,17199079000.0,2244665000.0,1663896000.0,1662544000.0,521286000.0,892046000.0,1.0,85054850000.0,82656832000.0,140062416000.0,114248656000.0,25813760000.0,42421531000.0,1206000000.0,17821605000.0,10618678000.0,0.3135471903300003,1142186084.198674,57405584000.0,0.0198967766654664,0.0345569959587444,0.0063689176973785,4.425882010214707,0.1305107674660951,0.0967433198021824,0.0518659167737993,-0.2275882612996864,,,23.64577886729635,23.64577886729635,False,66.15746672436647,66.15746672436647,55.529544760098936,797.0,True,False,True,True,True,False,True,True,False,False,False,True,False,True,False,False,False,8,False,0.044477862760349485,0.11320920484540964,1.0,121364869.925,0.3145235892691952,1.0,3.0,,,,,,0.09641787263724674,0.06793243932475994,0.29759311995450627,-0.5452173016738925,0.9161904761904762,-0.5452173016738925,0.9382709798534797,-797.0,0.1619047619047619,0.10476190476190476,0.9714285714285714,0.2833333333333333,0.30666666666666664,中鼎
20.299999237060547,20.899999618530277,20.299999237060547,20.649999618530277,562572.0,-0.011961722706365308,20.349999618530276,0.09840427960352316,19.78750009536743,0.11021501048477744,19.11524788538615,0.07272725291066373,18.98387393951416,0.02115855204054877,68.35443893700182,410920.25,1.3690539709347496,0.043588099507565925,9935.TW,2026-08-17,0.07961459021910078,0.09403898879239647,neutral,0.16558741905642924,0.21369102682701202,2026-03-31,2026-05-15,1207014000.0,329361000.0,129050000.0,125078000.0,35715000.0,89363000.0,0.51,4101731000.0,3844659000.0,8361229000.0,5772111000.0,2589118000.0,430540000.0,854900000.0,1461115000.0,287107000.0,0.2855418219031324,92200827.88340075,4516570000.0,0.0204139043308087,0.0345148425062125,0.0106877828606297,2.22937347776347,0.2728725598874578,0.1069167383311212,0.0740364237697325,0.0157374361805349,,,40.70851081970746,40.70851081970746,False,73.22629432216098,73.22629432216098,65.0968484465476,498.0,True,False,True,True,True,True,True,True,True,True,True,True,True,True,False,False,False,13,False,0.0802893973620642,0.08776531514719665,1.0,8485503.005746366,0.6614246068455134,0.0,3.0,,,,,,0.10140098479320246,0.0599209170913528,0.36019083779574984,-0.23991987855560765,0.9595238095238096,-0.23991987855560765,0.9411339692743308,-498.0,0.4857142857142857,0.47619047619047616,0.9809523809523809,0.56,0.5819047619047619,慶豐富
41.5,41.95000076293945,41.09999847412109,41.5,46725.0,0.09210526315789469,40.6,0.07235140004808294,38.82749977111816,0.07738843003689122,38.856397819519046,0.01645019752102983,39.74154253005982,0.011527938660025418,77.77774879625234,36486.4,1.2806141466409402,0.06883008807252056,6771.TW,2026-08-17,0.07961459021910078,0.09403898879239647,neutral,0.2294172062904718,0.272895467160037,2026-03-31,2026-05-15,131486000.0,61565000.0,32282000.0,26891000.0,5509000.0,21458000.0,0.69,503903000.0,130197000.0,1399052000.0,485496000.0,913556000.0,243016000.0,10000000.0,21433000.0,332803000.0,0.2048640809192666,25668577.739764232,1268855000.0,0.0202297171384943,0.0234884342065511,0.0153375285550501,0.5314354018801256,0.4682247539662017,0.2455166329495155,0.1631960817121214,-0.1972820678750435,,,60.35546417668706,60.35546417668706,False,59.3693890270028,59.3693890270028,59.61590781442387,259.0,True,False,True,True,True,False,True,False,False,False,True,True,True,True,True,False,False,9,False,0.06803518413518428,0.04424733812508963,1.0,1514185.6,0.8899167437557817,1.0,3.0,,,,,,0.03337406625389459,0.011742139931940622,0.15091545683459265,-1.6122820335872976,0.48666666666666664,-1.6122820335872976,0.62342419628617,-259.0,0.6666666666666666,0.22857142857142856,0.7238095238095238,0.6752380952380952,0.5466666666666666,平和環保-創
1795.0,1950.0,1785.0,1925.0,2560026.0,0.09686609686609682,1837.0,0.47509578544061304,1567.25,0.07242339832869082,1656.5833333333333,0.30067567567567566,1752.5,0.08310297166551486,77.99043062200957,1706176.75,1.5004459532108851,0.228266071143723,6805.TW,2026-08-17,0.07961459021910078,0.09403898879239647,neutral,0.012025901942645698,0.28122109158186864,2026-03-31,2026-05-15,4183854000.0,1351837000.0,1120299000.0,1165338000.0,248078000.0,917260000.0,13.38,14924697000.0,8114461000.0,16208746000.0,8785852000.0,7422894000.0,8031178000.0,410000000.0,,,0.2128807264501801,881808935.0385897,8094285000.0,0.1089421653720606,0.1235717497784556,0.0565904358054595,1.1836154470210676,0.3231080721267998,0.2677672308832956,0.219238051805823,0.858077701800986,,,90.14552363242608,90.14552363242608,True,71.77907859559795,71.77907859559795,76.37068985480498,31.0,True,False,True,True,True,False,True,False,True,False,True,False,True,False,True,True,False,8,False,0.16203028321344148,0.09843081312410851,1.0,3284390243.75,0.04995374653098982,3.0,2.0,,,,,,0.05896005274961166,-0.040930429487656364,0.2833536298099515,0.09602336733474998,0.7376190476190476,0.09602336733474998,0.6357408457920354,-31.0,0.9523809523809523,0.8761904761904762,0.7333333333333333,0.9195238095238094,0.8857142857142857,富世達
79.9000015258789,79.9000015258789,74.19999694824219,74.5999984741211,259294341.0,0.10355029819534334,73.71999969482422,0.18412695990668393,64.09749965667724,0.1692789869311937,71.14249947865804,0.11343281304658359,65.98374977111817,0.01175960035086959,72.22222172121127,223200795.8,1.161708855340918,0.16385192673189986,6770.TW,2026-08-17,0.07961459021910078,0.09403898879239647,neutral,0.08048103607770583,0.150786308973173,2026-03-31,2026-05-15,13572462000.0,1388213000.0,14226108000.0,14331913000.0,100704000.0,14231209000.0,3.36,73060915000.0,23437313000.0,172678080000.0,76101188000.0,96576892000.0,25559039000.0,1800000000.0,30244117000.0,,0.0070265567478675,14126147444.836708,149240767000.0,0.0946534095796807,0.1473562537092206,0.0824146817013485,0.7879854737922194,0.1022815904734159,1.048159722237572,1.0485355567766557,0.2209320651616573,,,80.40162331663433,80.40162331663433,True,70.16348498784716,70.16348498784716,72.72301957004396,85.0,True,False,True,True,True,False,True,False,True,True,False,True,True,False,True,True,False,9,False,0.04859962780054228,0.13058137394268488,1.0,16650779026.102615,0.011100832562442183,1.0,2.0,,,,,,-0.0765181072491885,-0.14665934391941532,0.18771661551520152,-1.1481944195702434,0.2504761904761905,-1.1481944195702434,0.16490824275879573,-85.0,0.9047619047619048,0.780952380952381,0.11428571428571428,0.7861904761904761,0.7095238095238096,力積電
158.0,159.0,144.0,147.0,5334772.0,0.035211267605633756,146.4,0.053763440860215006,138.275,0.1620553359683794,134.54166666666666,-0.03289473684210531,134.8125,-0.002164892657405614,60.76923076923077,2800565.5,1.9048909943366794,0.06309889712529371,6753.TW,2026-08-17,0.07961459021910078,0.09403898879239647,neutral,0.2802960222016651,0.15818686401480112,2026-03-31,2026-05-15,1324923000.0,438584000.0,383922000.0,397302000.0,80176000.0,,2.7,6070732000.0,3773290000.0,10821486000.0,5807108000.0,5014378000.0,2838935000.0,477922000.0,894768000.0,506599000.0,0.2018011487483073,306446099.3702524,7048196000.0,0.0434786574281209,,,1.1580913923920375,0.3310260294371824,0.2897692922532102,,0.071119170347758,,,75.40121337756102,75.40121337756102,False,70.09752061813857,70.09752061813857,71.42344380799419,117.0,True,False,True,True,True,True,False,True,False,True,True,True,True,True,True,False,False,11,False,0.09259832765562104,0.09040333796940203,1.0,411683128.5,0.18963922294172064,2.0,3.0,,,,,,0.09704722897643854,0.05436976940949866,0.23532943933207892,-1.5195957860884304,0.7633333333333333,-1.5195957860884304,0.815842220900651,-117.0,0.8761904761904762,0.7523809523809524,0.8952380952380953,0.8790476190476191,0.842857142857143,龍德造船
188.0,193.5,182.0,192.0,371083.0,0.06371191135734078,192.0,0.17431192660550465,169.425,0.16363636363636358,161.43914998372395,0.4014598540145986,157.769574991862,0.046317103735178326,66.2037037037037,660455.1,0.561859542003688,0.13324479858344396,6933.TW,2026-08-17,0.07961459021910078,0.09403898879239647,neutral,0.08695652173913043,0.15356151711378355,2026-03-31,2026-05-15,1820470000.0,249043000.0,75692000.0,58930000.0,12357000.0,46573000.0,1.1,5046947000.0,2858081000.0,5403999000.0,3014996000.0,2389003000.0,1147835000.0,1110793000.0,,,0.2096894620736467,59820185.23672154,2545918000.0,0.0234965090143207,0.019494743204592,0.0086182473386838,1.2620310648416937,0.1368014853307113,0.041578273742495,0.0255829538525765,-0.0692122762723702,,,29.486569053500588,29.486569053500588,False,82.77037341586629,82.77037341586629,69.44942232527487,690.0,True,True,True,True,True,True,True,True,True,True,True,True,False,True,False,False,False,13,False,0.18930259493658852,0.21696467782146,1.0,126807379.19999999,0.3108233117483811,2.0,3.0,,,,,,0.0007343328444120302,-0.05395095463238731,0.2927711720654401,-1.6739132101409178,0.4552380952380952,-1.6739132101409178,0.4423157801744179,-690.0,0.2857142857142857,0.6857142857142857,0.45714285714285713,0.3114285714285714,0.43999999999999995,AMAX-KY
147.5,147.5,144.0,145.0,113010.0,0.04693140794223827,143.1,0.04693140794223827,136.9,0.16213147282460816,138.54410603841146,0.21799465491847592,129.09114360809326,0.00018264840182652555,69.11764705882354,93419.35,1.20970655437016,0.059167275383491535,7631.TW,2026-08-17,0.07961459021910078,0.09403898879239647,neutral,0.30434782608695654,0.1572617946345976,2026-03-31,2026-05-15,408502000.0,93897000.0,47524000.0,48469000.0,12978000.0,35491000.0,1.76,1335645000.0,556998000.0,1567579000.0,716274000.0,851305000.0,481233000.0,,138157000.0,,0.2677587736491366,34799032.04109843,1010581000.0,0.0344346787057132,0.041690111064777,0.0226406452242598,0.8413835229441857,0.2298568917655238,0.1163372517148018,0.0868808475845895,0.9934122561314817,,,69.1770822702721,69.1770822702721,False,59.59657341009806,59.59657341009806,61.99170062514156,171.0,True,False,True,True,True,False,True,True,False,True,True,True,True,True,True,False,False,11,False,0.046598113382020356,0.12323739605409578,1.0,13545805.75,0.6022201665124884,2.0,3.0,,,,,,0.019366787783397628,-0.038969308359740336,0.22612303903671602,-1.317922483854929,0.5014285714285714,-1.317922483854929,0.5405874406401678,-171.0,0.8,0.3238095238095238,0.5904761904761905,0.7685714285714286,0.6152380952380953,聚賢研發-創
1105.0,1105.0,1050.0,1055.0,150037.0,0.1128691983122363,1035.0,0.06458123107971736,949.4,0.5769805680119582,863.4166666666666,0.5984848484848484,764.4416666666667,0.004709243875337247,66.94214876033058,196196.35,0.764728803568466,0.11122814409100479,6949.TW,2026-08-17,0.07961459021910078,0.09403898879239647,neutral,0.25161887141535616,0.01572617946345976,2026-03-31,2026-05-15,6368000.0,-1205000.0,-88755000.0,-87174000.0,0.0,-76584000.0,-1.18,2495035000.0,259818000.0,3291024000.0,368950000.0,2922074000.0,2248325000.0,100000000.0,,,-0.0,-88755000.0,3031206000.0,-0.0292804250189528,-0.026208781844676,-0.0232705686740661,0.1262630583619716,-0.1892273869346733,,,-0.4668452779638312,,,16.666666666666664,16.666666666666664,False,79.72490386705813,79.72490386705813,63.960344566960266,924.0,True,True,True,True,True,True,True,True,False,True,False,True,False,True,False,False,False,11,False,0.2218897789788632,0.38009222417232613,1.0,206987149.25,0.26179463459759483,3.0,3.0,,,,,,-0.11706441333955166,-0.2184963846632747,0.10803189073314731,-1.7774954029493224,0.062380952380952384,-1.7774954029493224,0.06812878686906085,-924.0,0.09523809523809523,0.4095238095238095,0.0380952380952381,0.08666666666666666,0.17809523809523806,沛爾生醫-創
