Open,High,Low,Close,Volume,ret5,ma5,ret20,ma20,ret60,ma60,ret120,ma120,ma20_slope,rsi14,volume_ma20,volume_ratio,ma20_deviation,symbol,date,benchmark_ret20,benchmark_ret60,market_regime,rs20_rank_pct,rs60_rank_pct,period_date,as_of_date,revenue,gross_profit,operating_income,pretax_income,tax_expense,net_income_parent,eps,current_assets,current_liabilities,assets,liabilities,equity,cash,short_borrowings,long_borrowings,bonds_payable,tax_rate,nopat,invested_capital_proxy,roic_proxy,roe,roa,debt_to_equity,gross_margin,operating_margin,net_margin,revenue_growth,pe,pb,eva_like_score,fundamental_score,fundamental_pass,technical_score,score,final_score,fundamental_rank,pass_market,pass_score,pass_rs20,pass_rs60,pass_close_ma20,pass_ma20_ma60,pass_ma20_slope,pass_rsi,pass_ret20_benchmark,pass_ret60_benchmark,pass_ret5_cap,pass_ret20_cap,pass_volume_ratio,pass_ma20_deviation,pass_fundamental_score,pass_fundamental_filter,pass_fundamental_universe,entry_pass_count,entry_all_pass,close_ma60_ratio,close_ma120_ratio,above_ma120,turnover20,liquidity_rank,price_bucket,eva_rank_bucket,forward_60d_return,forward_60d_max_drawdown,reward_60,fwd60_rank_label,top_quantile_60,reg_forward60,reg_reward60,cls_topq60,rank_forward60,ensemble_score,ranker_score,stable_ensemble_score,fundamental_rank_score,fundamental_score_rank,final_score_rank,stable_ml_rank,fund_ml_85_15,fund_final_ml,name
25.399999618530277,25.600000381469727,25.049999237060547,25.299999237060547,31421274.0,0.03901432610710631,24.97999954223633,0.041152264666530325,24.58249969482422,0.06976742685600112,24.18749984105428,-0.003937022951637337,24.27347273826599,0.005933499199623765,61.36363242283477,57764884.75,0.5439511242165164,0.029187411823192067,1101.TW,2026-09-29,0.04067327001066445,0.027226623158110197,bull,0.20148560817084493,0.14484679665738162,2026-03-31,2026-05-15,33168148000.0,6208390000.0,2792191000.0,2132735000.0,927996000.0,718189000.0,0.1,184722314000.0,82516661000.0,597615286000.0,292869670000.0,304745616000.0,97044326000.0,5704442000.0,70674580000.0,98473452000.0,0.4,1675314600.0,515098625000.0,0.0032524152049522,0.0023566836150975,0.0012017580822054,0.961029969336786,0.1871792781435972,0.0841829034289162,0.021652972604922,-0.0511527050022949,,,23.33964555046912,23.33964555046912,False,77.36251013166748,77.36251013166748,63.85679398636789,801.0,True,True,True,True,True,True,True,True,True,True,True,True,False,True,False,False,False,13,False,0.0459948073722769,0.0422900550680696,1.0,1461451540.1038904,0.08542246982358404,0.0,3.0,,,,,,-0.009957595740661398,-0.06887209682674605,0.13906664913097788,-1.7365453594272269,0.2755952380952381,-1.7365453594272269,0.3169815197737507,-801.0,0.2261904761904762,0.3333333333333333,0.27380952380952384,0.2333333333333333,0.26785714285714285,台泥
236.0,248.0,235.5,247.0,79106622.0,0.037815126050420256,236.7,0.1201814058956916,233.925,0.2598605026446932,203.34685185750325,1.9024677371188519,154.79342346191407,0.035409981188447494,59.64912280701754,77519742.7,1.0204706471503806,0.05589398311424598,1303.TW,2026-09-29,0.04067327001066445,0.027226623158110197,bull,0.0872794800371402,0.05013927576601671,2026-03-31,2026-05-15,68596393000.0,8188671000.0,3741833000.0,16080166000.0,1405348000.0,14254717000.0,1.8,193418745000.0,131197270000.0,647743623000.0,247168932000.0,400574691000.0,42831248000.0,24400300000.0,40333444000.0,51357530000.0,0.0873963614554725,3414810410.6259847,516546353000.0,0.0066108499088096,0.0355856655956329,0.0220067268805825,0.6170358176722652,0.1193746586646327,0.054548538725644,0.207805634911445,0.046448302712712,,,40.56631725411971,40.56631725411971,False,84.45557969830631,84.45557969830631,73.48326408725966,500.0,True,True,True,True,True,True,True,True,True,True,True,True,True,True,False,False,False,14,False,0.21467334135611305,0.5956750259533652,1.0,19147376446.9,0.008356545961002786,2.0,3.0,,,,,,-0.13555041097298054,-0.2454384223298137,0.11334186381695996,-1.7801442798312546,0.08333333333333334,-1.7801442798312546,0.09233168868168869,-500.0,0.5714285714285714,0.7023809523809523,0.05952380952380952,0.4946428571428571,0.5083333333333333,南亞
68.19999694824219,68.80000305175781,68.0999984741211,68.0999984741211,35560.0,-0.0014662533518438048,68.21999969482422,0.0396946331926884,66.74500007629395,0.06406247615814209,64.95095532735189,0.10615352528382815,63.4364429473877,0.013435273904656573,75.6096517100021,41820.15,0.8503078061652098,0.020301122125676807,1315.TW,2026-09-29,0.04067327001066445,0.027226623158110197,bull,0.20612813370473537,0.1541318477251625,2026-03-31,2026-05-15,400564000.0,44047000.0,-40608000.0,22670000.0,8119000.0,13937000.0,0.15,7354156000.0,780905000.0,11315299000.0,994940000.0,10320359000.0,2244943000.0,109175000.0,,,0.3581385090427878,-26064711.42479048,10534394000.0,-0.0024742487726195,0.0013504375186948,0.001231695247293,0.0964055610856172,0.1099624529413526,-0.1013770583477297,0.0347934412478405,-0.2598363215400335,,,15.52001612125422,15.52001612125422,False,66.6546199728686,66.6546199728686,53.87096900996501,950.0,True,False,True,True,True,True,True,False,False,True,True,True,True,True,False,False,False,11,False,0.04848339998846929,0.07351540077051943,1.0,2847952.1511875154,0.7725162488393686,1.0,3.0,,,,,,0.02353784658287129,0.002359166641629252,0.25594028643755434,-1.6200009665218609,0.6327380952380952,-1.6200009665218609,0.5833887887282655,-950.0,0.10714285714285714,0.05952380952380952,0.6547619047619048,0.18928571428571428,0.20238095238095238,達新
15.949999809265137,16.149999618530273,15.899999618530272,16.0,98790.0,0.025641000560833627,15.860000038146973,0.02893889413154227,15.587500095367432,0.33333333333333326,14.482229296366373,0.3915129831955635,13.055317242940268,0.0095531081257186,67.56755363514796,125928.3,0.7844940335095447,0.02646350614972337,1459.TW,2026-09-29,0.04067327001066445,0.027226623158110197,bull,0.23862581244196843,0.03714020427112349,2026-03-31,2026-05-15,231160000.0,43640000.0,24305000.0,20991000.0,11327000.0,10929000.0,0.03,2303265000.0,1144782000.0,4781139000.0,1238615000.0,3542524000.0,1064701000.0,969808000.0,0.0,,0.4,14583000.0,3636357000.0,0.0040103323188564,0.0030850884849333,0.0022858569893073,0.3496419502027368,0.1887869873680567,0.1051436234642671,0.0472789409932514,-0.1821658664987316,,,27.476121095005883,27.476121095005883,False,71.82073088227541,71.82073088227541,60.734578435458026,723.0,True,False,True,True,True,True,True,True,False,True,True,True,False,True,False,False,False,11,False,0.10480228372122502,0.22555428583338988,1.0,2014852.8,0.8096564531104921,0.0,3.0,,,,,,0.03921283714632927,0.017362770021327592,0.2579702455047039,-1.3130141749466429,0.7613095238095238,-1.3130141749466429,0.7528765947584708,-723.0,0.27380952380952384,0.25,0.8571428571428571,0.3613095238095238,0.38333333333333336,聯發
111.5,114.0,111.5,114.0,170920.0,0.027027027027026973,112.1,0.11764705882352944,108.3,0.2404787606874823,98.70720074971517,0.22977350326829438,94.99860019683838,0.022662889518413516,77.77777777777777,142155.9,1.2023419358605587,0.05263157894736836,1558.TW,2026-09-29,0.04067327001066445,0.027226623158110197,bull,0.0882079851439183,0.05385329619312906,2026-03-31,2026-05-15,1926175000.0,466203000.0,115500000.0,190949000.0,37396000.0,79533000.0,1.23,7337752000.0,2436771000.0,13553818000.0,4826378000.0,8727440000.0,2321376000.0,528924000.0,448585000.0,1225737000.0,0.1958428690383296,92880148.62607291,11117047000.0,0.0083547500182443,0.0091129815845196,0.0058679406791503,0.5530118797723044,0.2420356405830207,0.0599633989642685,0.0412906407777071,-0.0577927547617254,,,30.82891502090822,30.82891502090822,False,77.07957575197291,77.07957575197291,65.51691056920673,666.0,True,True,True,True,True,True,True,False,True,True,True,True,True,True,False,False,False,13,False,0.15493093851442197,0.20001768198468683,1.0,16205772.6,0.5459610027855153,2.0,3.0,,,,,,0.030065630262492385,-0.007534698516287985,0.2843213540112208,-1.5373285540955621,0.6898809523809524,-1.5373285540955621,0.6410270216637282,-666.0,0.3333333333333333,0.39285714285714285,0.7619047619047619,0.3976190476190476,0.4369047619047619,伸興
43.5,44.95000076293945,43.20000076293945,44.0,27106079.0,0.12244895774590314,44.96999969482422,0.21715070934371794,38.23999996185303,0.8565400246233068,31.337143802642824,1.4512533777070802,25.52398858070374,0.0746694394584801,66.27906726223253,26436817.4,1.0253155132054588,0.15062761621058995,1709.TW,2026-09-29,0.04067327001066445,0.027226623158110197,bull,0.0436397400185701,0.0064995357474466105,2026-03-31,2026-05-15,2424471000.0,492933000.0,320616000.0,344786000.0,79982000.0,264726000.0,0.55,5694389000.0,2189161000.0,12130526000.0,3134319000.0,8996207000.0,600735000.0,285000000.0,20699000.0,,0.2319757762786192,246240854.51265424,9941365000.0,0.0247693203612033,0.0294264015934715,0.021823126218929,0.34840449980753,0.2033156923716555,0.1322416312671919,0.1091891798252072,-0.0753599255550004,,,52.52750676874495,52.52750676874495,False,87.87365172443273,87.87365172443273,79.03711548551078,329.0,True,True,True,True,True,True,True,True,True,True,False,True,True,False,False,False,False,12,False,0.40408456741004106,0.7238685035795782,1.0,1163219965.6,0.10120705663881151,1.0,3.0,,,,,,0.00259932973138457,-0.06444592223674367,0.2828851021743025,-1.2137031608171733,0.5880952380952381,-1.2137031608171733,0.5800562223558392,-329.0,0.6785714285714286,0.8690476190476191,0.6309523809523809,0.6714285714285715,0.7261904761904763,和益
87.9000015258789,88.0,85.4000015258789,85.4000015258789,1989068.0,-0.025114120851179145,86.12000122070313,0.05955338886636574,83.10499992370606,0.23054754536329058,78.94000002543132,0.209631775802132,73.41499977111816,0.013722863963790691,62.105264003257346,1741468.0,1.1421788973440798,0.027615686231631686,2006.TW,2026-09-29,0.04067327001066445,0.027226623158110197,bull,0.16248839368616527,0.057567316620241414,2026-03-31,2026-05-15,13602390000.0,2004381000.0,1390762000.0,1521134000.0,302993000.0,1211982000.0,1.66,28387625000.0,18568929000.0,51955456000.0,19405487000.0,32549969000.0,1294546000.0,5329132000.0,260000000.0,,0.1991888946010016,1113737654.5669217,33386527000.0,0.0333588951784928,0.0372345055075167,0.0233273287024946,0.596175283607797,0.1473550603974742,0.1022439438951537,0.089100665397772,-0.0619062729029651,,,52.210458028038886,52.210458028038886,False,80.94422548968194,80.94422548968194,73.76078362427117,335.0,True,True,True,True,True,True,True,True,True,True,True,True,True,True,False,False,False,14,False,0.0818343235161696,0.1632500414373863,1.0,148721369.8572693,0.27019498607242337,1.0,3.0,,,,,,0.04789053764924149,0.005143054148644038,0.23915648475527324,-1.1716432418167178,0.7535714285714286,-1.1716432418167178,0.7669195175195176,-335.0,0.6547619047619048,0.7380952380952381,0.8809523809523809,0.6886904761904762,0.7250000000000001,東和鋼鐵
16.5,17.049999237060547,16.049999237060547,16.600000381469727,224787.0,0.0573248779069071,16.129999923706055,0.047318610848541276,15.814999961853028,0.03758054553689294,15.701645962397258,-0.0928961162002695,16.454989663759868,0.004764927082010334,69.76745423914963,87763.4,2.5612840888115094,0.04963644777174703,2028.TW,2026-09-29,0.04067327001066445,0.027226623158110197,bull,0.18755803156917364,0.1903435468895079,2026-03-31,2026-05-15,2350263000.0,118687000.0,68794000.0,60152000.0,11803000.0,,0.15,3243867000.0,1640339000.0,7770066000.0,2992382000.0,4777684000.0,203337000.0,580000.0,1299401000.0,,0.196219577071419,55295270.4149488,6129727000.0,0.009020837374152,,,0.6263248050729182,0.0504994547418735,0.0292707667184481,,0.0687142759702612,,,31.558996898209845,31.558996898209845,False,69.00942520705532,69.00942520705532,59.64681812984395,654.0,True,False,True,True,True,True,True,True,True,True,True,True,True,True,False,False,False,13,False,0.05721402846707102,0.008812568143341082,1.0,1456872.47347908,0.8486536675951718,0.0,3.0,,,,,,0.03498576045170922,-0.020648316876153486,0.17810901948331262,-1.8094424575950405,0.5059523809523809,-1.8094424575950405,0.5516067382096673,-654.0,0.34523809523809523,0.16666666666666666,0.5952380952380952,0.38273809523809527,0.3416666666666667,威致
25.950000762939453,27.200000762939453,25.899999618530277,26.5,2251123.0,0.08163265306122458,25.38000030517578,0.23831777908321206,23.23999996185303,0.42473115357570945,20.535833390553794,0.4871366338422565,19.461622381210326,0.04590459412904188,74.59677648842029,1679806.15,1.3401087976728745,0.1402753891350279,2069.TW,2026-09-29,0.04067327001066445,0.027226623158110197,bull,0.036211699164345405,0.025069637883008356,2026-03-31,2026-05-15,2302863000.0,277674000.0,137979000.0,128564000.0,22373000.0,106191000.0,0.64,4252225000.0,3913450000.0,9681868000.0,5325210000.0,4356658000.0,267712000.0,2834868000.0,1356137000.0,,0.174022276842662,113967580.26352634,5768418000.0,0.019757163968271,0.0243744172712202,0.0109680280706161,1.2223153619127325,0.1205777330218949,0.0599162868134144,0.0461125998376803,-0.1384973197554728,,,30.045180578249248,30.045180578249248,False,86.12114805860172,86.12114805860172,72.1021561885136,681.0,True,True,True,True,True,True,True,False,True,True,True,True,True,True,False,False,False,13,False,0.29042729827510394,0.36165420749223043,1.0,44514862.974999994,0.4020427112349118,0.0,3.0,,,,,,0.09177647732466623,0.04188325596586043,0.3418050596071001,-1.2021469906712332,0.9178571428571429,-1.2021469906712332,0.9068153032153032,-681.0,0.32142857142857145,0.6428571428571429,0.9761904761904762,0.41964285714285715,0.5488095238095239,運錩
2475.0,2495.0,2475.0,2475.0,25532143.0,0.0060975609756097615,2478.0,0.022727272727272707,2432.7523193359375,0.012269938650306678,2400.667439778646,0.27261689380849585,2330.298856608073,0.007662827887471429,53.808811577802906,19162739.15,1.3323848328854386,0.017366207126089384,2330.TW,2026-09-29,0.04067327001066445,0.027226623158110197,bull,0.2627669452181987,0.24512534818941503,2026-03-31,2026-05-15,1134103440000.0,751295421000.0,658966142000.0,687799687000.0,114998383000.0,572479752000.0,22.08,4265512176000.0,1714253448000.0,8660949685000.0,2728560764000.0,5932388921000.0,3035637228000.0,,40991672000.0,860026070000.0,0.167197492487373,548788655423.5218,6946696237000.0,0.0789999500050863,0.096500711538565,0.0660989582922395,0.4599430010971123,0.6624575805889452,0.5810458894296273,0.5047861877572649,0.351323787607557,,,99.15374073493592,99.15374073493592,True,67.21570611527467,67.21570611527467,75.20021477018999,5.0,True,False,True,True,True,True,True,True,False,False,True,True,True,True,True,True,True,12,False,0.03096328920435898,0.06209553035723081,1.0,47427779396.25,0.0009285051067780873,3.0,0.0,,,,,,-0.003713197840510559,-0.12825650803389507,0.1315264759680303,-1.3902767607100275,0.3101190476190476,-1.3902767607100275,0.2638380708364356,-5.0,1.0,0.7738095238095238,0.2619047619047619,0.8892857142857142,0.7845238095238096,台積電
94.5,100.0,94.0999984741211,94.5,4668889.0,0.04074886369919106,92.64000091552734,0.09248554913294793,89.48500061035156,0.046499832924056905,88.61978569030762,0.16522813536371195,87.36972338358561,0.015778422672854293,74.0740531429565,2993896.75,1.5594689429420037,0.056042905016958855,2347.TW,2026-09-29,0.04067327001066445,0.027226623158110197,bull,0.11142061281337047,0.17548746518105848,2026-03-31,2026-05-15,126357648000.0,5428837000.0,3373256000.0,3875913000.0,784782000.0,2954386000.0,1.77,208416617000.0,157729943000.0,249263901000.0,167490035000.0,81773866000.0,15304988000.0,56810338000.0,2500000000.0,,0.2024766809781334,2690250321.030425,91533958000.0,0.0293907351961162,0.036128730907745,0.0118524422836502,2.048209815590717,0.042964055487959,0.0266960967807821,0.0233811411241209,0.3825024363831348,,,42.4453478070041,42.4453478070041,False,76.60267826200237,76.60267826200237,68.0633456482528,474.0,True,True,True,True,True,True,True,False,True,True,True,True,True,True,False,False,False,13,False,0.06635328966198917,0.0816103833259243,1.0,282923242.875,0.20891364902506965,1.0,3.0,,,,,,0.057582501337300494,0.01231714601849413,0.26879269786081195,-0.18232499881383143,0.8488095238095238,-0.18232499881383143,0.7982876063314872,-474.0,0.5952380952380952,0.5119047619047619,0.9047619047619048,0.6416666666666666,0.6321428571428571,聯強
28.899999618530277,29.649999618530277,28.649999618530277,29.350000381469727,9013049.0,0.0051369731031190025,29.33000030517578,0.029824574788411384,28.47500009536743,0.048214299338204425,27.20833342870077,-0.10518289438533535,28.427916653951012,0.01091683605847799,59.375009313229015,9484746.15,0.9502678150221237,0.03072871933878063,2371.TW,2026-09-29,0.04067327001066445,0.027226623158110197,bull,0.23584029712163418,0.16991643454038996,2026-03-31,2026-05-15,11487899000.0,1888219000.0,433191000.0,12977000.0,90847000.0,-98534000.0,-0.05,70419825000.0,36312240000.0,142850022000.0,88657309000.0,54192713000.0,20529203000.0,3847451000.0,30592004000.0,,0.4,259914600.0,106537782000.0,0.0024396471854463,-0.0018182149323286,-0.0006897723823941,1.635963658065984,0.1643659123395844,0.0377084617474439,-0.0085771993643049,0.0894207195266061,,,18.886065333418628,18.886065333418628,False,74.43206162688296,74.43206162688296,60.54556255351687,878.0,True,False,True,True,True,True,True,True,False,True,True,True,True,True,False,False,False,12,False,0.07871363964210376,0.03243585306454588,1.0,278377303.12064356,0.2116991643454039,0.0,3.0,,,,,,-0.031191443041997877,-0.07872167580786467,0.1592153146849468,-1.9451584597652307,0.23928571428571427,-1.9451584597652307,0.2204353675822702,-878.0,0.14285714285714285,0.23809523809523808,0.21428571428571427,0.15357142857142855,0.18571428571428572,大同
364.5,370.0,359.0,362.0,6918081.0,0.016853932584269593,364.6,0.0372492836676217,356.625,0.069423929098966,346.294960530599,0.4805725971370143,332.9141469319662,0.0126357634698658,47.826086956521735,5383853.95,1.2849681778607682,0.015071854188573486,2376.TW,2026-09-29,0.04067327001066445,0.027226623158110197,bull,0.21541318477251625,0.1457753017641597,2026-03-31,2026-05-15,105057330000.0,12614630000.0,7413710000.0,7054503000.0,1410189000.0,5268403000.0,7.86,234087870000.0,170374747000.0,247826770000.0,180781022000.0,67045748000.0,63311111000.0,69227536000.0,,9540960000.0,0.199899128258929,5931715833.835495,77452023000.0,0.0765856798063944,0.0785792262322138,0.0212584096544533,2.6963831024750444,0.1200737730532462,0.0705682316502808,0.0501478859209538,0.5978925716183887,,,59.16561347732097,59.16561347732097,False,68.5239445772747,68.5239445772747,66.18436180228628,274.0,True,False,True,True,True,True,True,False,False,True,True,True,True,True,False,False,False,11,False,0.04535162580863861,0.08736742891847649,1.0,1948955129.9,0.07242339832869081,2.0,3.0,,,,,,0.10787784413938814,0.07595133800176969,0.4358751807967523,0.45902546018386553,0.9821428571428571,0.45902546018386553,0.9847389137902411,-274.0,0.7023809523809523,0.47619047619047616,0.9880952380952381,0.7452380952380953,0.6916666666666667,技嘉
714.0,754.0,712.0,730.0,3624700.0,0.05797101449275366,712.4,0.09118086696562022,688.8,0.4011516314779271,629.5361302693685,1.0946915351506457,537.8972318013509,0.014881390894356724,67.85714285714286,2998021.25,1.2090307898918329,0.059814169570267195,2395.TW,2026-09-29,0.04067327001066445,0.027226623158110197,bull,0.11327762302692665,0.03064066852367688,2026-03-31,2026-05-15,20385264000.0,7979823000.0,3728486000.0,4068287000.0,750007000.0,3334165000.0,3.85,49300373000.0,29811036000.0,83769137000.0,34044129000.0,49725008000.0,10001958000.0,,43915000.0,,0.184354496130681,3041122842.1397014,53958101000.0,0.0563608204473263,0.0670520756879516,0.0398018305954375,0.6846480346468723,0.3914505595806853,0.182901040673302,0.1635576071028562,0.1748587968840969,,,87.43653384699755,87.43653384699755,False,79.94304435700685,79.94304435700685,81.81641672950454,49.0,True,True,True,True,True,True,True,True,True,True,True,True,True,True,True,False,False,14,False,0.15958396174599954,0.357136562230151,1.0,2188555512.5,0.06592386258124419,3.0,2.0,,,,,,-0.0039001359220992003,-0.10648159011158027,0.3150285440141553,-1.013821338682196,0.5589285714285714,-1.013821338682196,0.546763599330856,-49.0,0.9285714285714286,0.8928571428571429,0.5714285714285714,0.875,0.8464285714285715,研華
146.0,146.0,143.0,144.0,10524523.0,-0.010309278350515427,144.8,0.0627306273062731,141.275,0.06081962652278383,138.27115910847982,0.07462686567164178,138.46179542541503,0.01581880280424244,77.27272727272727,11833007.65,0.8894207889741371,0.019288621482923318,2412.TW,2026-09-29,0.04067327001066445,0.027226623158110197,bull,0.15506035283194058,0.15691736304549675,2026-03-31,2026-05-15,59988435000.0,22749747000.0,13104526000.0,13180725000.0,2573003000.0,10109931000.0,1.3,134464879000.0,81802629000.0,547813634000.0,136380954000.0,411432680000.0,35230791000.0,540000000.0,1600000000.0,21687792000.0,0.195209519961914,10546397770.211578,466011005000.0,0.0226312204155169,0.0245725035745823,0.0184550554650854,0.3314781752387778,0.3792355476518099,0.2184508730724513,0.1685313344147084,0.0748995729299504,,,67.30730742728429,67.30730742728429,False,68.03264046248131,68.03264046248131,67.85130720368205,186.0,True,False,True,True,True,True,True,False,True,True,True,True,True,True,True,False,False,12,False,0.04143192932248185,0.039998069919353396,1.0,1703953101.6000001,0.07799442896935933,2.0,3.0,,,,,,0.01113363553470781,-0.06214008718054293,0.1577207063491818,-1.6307649744379296,0.3869047619047619,-1.6307649744379296,0.251184467642622,-186.0,0.7976190476190477,0.5,0.23809523809523808,0.7136904761904762,0.5964285714285715,中華電
96.8000030517578,101.5,96.3000030517578,99.8000030517578,26754509.0,-0.021568597531786304,98.62000274658203,0.038501609119516056,98.68000106811522,0.26329117787035194,78.13583342234294,1.555501484247634,73.01002419789633,0.013974523262993416,50.85158710903295,46624537.75,0.5738289383898503,0.01134983757113539,2426.TW,2026-09-29,0.04067327001066445,0.027226623158110197,bull,0.20891364902506965,0.04921077065923862,2026-03-31,2026-05-15,545147000.0,107038000.0,16725000.0,17730000.0,1096000.0,16634000.0,0.06,2649632000.0,798477000.0,4627612000.0,866690000.0,3760922000.0,615916000.0,52733000.0,0.0,,0.0618161308516638,15691125.211505923,3829135000.0,0.0040978250209266,0.004422851630531,0.0035945105164391,0.2304461512363191,0.1963470403395781,0.0306797982929375,0.0305128708403421,-0.0985551006369594,,,23.08242867683808,23.08242867683808,False,68.44814106036156,68.44814106036156,57.10671296448069,805.0,True,False,True,True,True,True,True,True,False,True,True,True,False,True,False,False,False,11,False,0.27726292381518247,0.3669356249115363,1.0,4653129009.736796,0.04178272980501393,1.0,3.0,,,,,,-0.049992349092205485,-0.15877370644917763,0.18024367939135108,-1.814012996853387,0.20357142857142857,-1.814012996853387,0.12483558557320582,-805.0,0.21428571428571427,0.10714285714285714,0.10714285714285714,0.1982142857142857,0.16071428571428573,鼎元
5150.0,5195.0,4890.0,4910.0,13191812.0,0.0424628450106157,5114.0,0.23212045169385198,4648.5,0.17743431988358305,4087.508333333333,2.107594936708861,3794.896240234375,0.07238018340158026,54.14364640883978,8211219.35,1.6065594447918385,0.05625470581908143,2454.TW,2026-09-29,0.04067327001066445,0.027226623158110197,bull,0.03899721448467967,0.07613741875580315,2026-03-31,2026-05-15,149150510000.0,69055353000.0,22890845000.0,27019390000.0,2643006000.0,24153980000.0,15.17,378185472000.0,309807293000.0,738776057000.0,340329102000.0,398446955000.0,184514674000.0,16440000000.0,120000000.0,,0.0978188626760263,20651688576.4068,428968764000.0,0.0481426395335553,0.0606203151935243,0.0326945896136425,0.8541390459364911,0.4629910618475257,0.1534748020640358,0.1619436634846237,-0.0271454326245333,,,78.23114789730103,78.23114789730103,False,83.94170755137797,83.94170755137797,82.51406763785873,95.0,True,True,True,True,True,True,True,True,True,True,True,True,True,True,True,False,False,14,False,0.20122079261815973,0.29384301682429026,1.0,40317087008.5,0.0018570102135561746,3.0,2.0,,,,,,0.012039802665751935,-0.06461617310623079,0.3109189516516594,0.6866416726483683,0.6857142857142857,0.6866416726483683,0.6750771812194476,-95.0,0.8571428571428571,0.9166666666666666,0.7857142857142857,0.8464285714285714,0.8607142857142857,聯發科
119.5,119.5,112.5,113.5,2216770.0,0.070754716981132,114.4,0.0861244019138756,104.69999961853027,0.3167053830425284,101.65499979654948,0.9011725050170936,77.89916658401489,0.025967663007406844,63.598325491656986,1440416.55,1.5389784295383164,0.08404966966124294,2466.TW,2026-09-29,0.04067327001066445,0.027226623158110197,bull,0.12163416898792943,0.039925719591457756,2026-03-31,2026-05-15,158640000.0,11405000.0,-51413000.0,20961000.0,15743000.0,5218000.0,0.03,1081532000.0,970641000.0,4505403000.0,2468383000.0,2037020000.0,165962000.0,307514000.0,701925000.0,,0.4,-30847800.0,3534762000.0,-0.0087269807698509,0.0025615850605295,0.001158164985463,1.211761789280419,0.0718923348461926,-0.3240859808371155,0.0328920827029752,-0.2206720377284339,,,10.470510874095902,10.470510874095902,False,88.96142966776856,88.96142966776856,69.33869996935039,1031.0,True,True,True,True,True,True,True,True,True,True,True,True,True,True,False,False,False,14,False,0.11652157028337906,0.4570117368019504,1.0,163487278.425,0.25812441968430827,2.0,3.0,,,,,,0.0402618994791895,-0.061603749304127535,0.27850092649709707,-1.6079791765905183,0.6220238095238095,-1.6079791765905183,0.5413186896436896,-1031.0,0.047619047619047616,0.5357142857142857,0.5476190476190477,0.12261904761904761,0.29404761904761906,冠西電
23.049999237060547,23.100000381469727,22.850000381469727,23.100000381469727,148235.0,0.03355704640711421,23.070000076293944,0.11594200628374596,22.129999923706055,0.03587449200803783,21.58999999364217,0.01659746962266251,21.670047521591187,0.027033297713116203,77.35848920801158,200674.55,0.7386836048716692,0.04383192323125984,2477.TW,2026-09-29,0.04067327001066445,0.027226623158110197,bull,0.09099350046425256,0.19405756731662024,2026-03-31,2026-05-15,506123000.0,134705000.0,7862000.0,32092000.0,13938000.0,17501000.0,0.11,5644395000.0,2493981000.0,8543804000.0,4123384000.0,4420420000.0,2586925000.0,1388416000.0,683016000.0,,0.4,4717200.0,6049823000.0,0.0007797252911366,0.0039591260558951,0.0020483850050867,0.9328036702394796,0.2661507183036534,0.0155337734108112,0.0345785510636742,-0.0327116289114535,,,22.08324634514487,22.08324634514487,False,71.07141607242858,71.07141607242858,58.82437364060765,824.0,True,False,True,True,True,True,True,False,True,True,True,True,False,True,False,False,False,11,False,0.06993980492228902,0.06598752764403448,1.0,4635582.1815512655,0.7000928505106778,0.0,3.0,,,,,,0.03548445647308155,-0.001353380149747353,0.23002520865435697,-1.4852839583506592,0.6642857142857144,-1.4852839583506592,0.49869293984551266,-824.0,0.20238095238095238,0.14285714285714285,0.5119047619047619,0.2488095238095238,0.2464285714285714,美隆電
15.5,15.5,14.899999618530272,14.899999618530272,261434.0,0.020547892412475566,14.970000076293946,0.053003534997826396,14.485000133514404,0.05673753300829021,14.165833361943562,0.09963095267839939,13.69083336989085,0.011698971030881463,63.79309210850834,184779.65,1.4148419482340182,0.028650292108432174,2516.TW,2026-09-29,0.04067327001066445,0.027226623158110197,bull,0.17548746518105848,0.15970287836583102,2026-03-31,2026-05-15,1624343000.0,91613000.0,49137000.0,56516000.0,0.0,56516000.0,0.25,5501612000.0,4873771000.0,7116682000.0,5000833000.0,2115849000.0,1859804000.0,596780000.0,,,0.0,49137000.0,2242911000.0,0.0219076904968587,0.0267107907983981,0.0079413412036676,2.363511290266933,0.0564000337367169,0.0302503843092253,0.0347931440588594,-0.2679604746075582,,,20.556737993044667,20.556737993044667,False,78.48390898695493,78.48390898695493,64.00211623847737,848.0,True,True,True,True,True,True,True,True,True,True,True,True,True,True,False,False,False,14,False,0.0518265489808063,0.08831940437597052,1.0,2753216.7145121573,0.776230269266481,0.0,3.0,,,,,,0.16232142504443062,0.09094966772046621,0.43683451031356874,-0.27269972272855875,0.9833333333333334,-0.27269972272855875,0.9859426142697881,-848.0,0.16666666666666666,0.34523809523809523,1.0,0.29166666666666663,0.3869047619047619,新建
37.20000076293945,37.5,36.84999847412109,37.0,1043214.0,-0.02631578947368418,37.369999694824216,0.048158662880498415,36.87999973297119,0.06169301635624036,35.5916805267334,0.16535433070866135,33.677923599878945,0.011311436488054553,53.92159062689808,1538439.75,0.6780987035728894,0.003253803359481111,2520.TW,2026-09-29,0.04067327001066445,0.027226623158110197,bull,0.18477251624883936,0.15506035283194058,2026-03-31,2026-05-15,4862541000.0,1141758000.0,658447000.0,599530000.0,162065000.0,308665000.0,0.52,53619294000.0,30715620000.0,65803063000.0,37306228000.0,28496835000.0,17736193000.0,16539209000.0,220000000.0,3700000000.0,0.2703200840658515,480455551.60709226,35087443000.0,0.0136930910470475,0.0108315537497409,0.0046907390921908,1.3091358391203796,0.2348068633251627,0.1354121230031787,0.063478127999332,0.0287244960456058,,,37.26396887406752,37.26396887406752,False,67.98656666824648,67.98656666824648,60.30591721970174,569.0,True,False,True,True,True,True,True,True,True,True,True,True,False,True,False,False,False,12,False,0.03956878271619657,0.09864255408350053,1.0,56922270.75,0.3797585886722377,1.0,3.0,,,,,,0.050158909903195645,0.018144267020465978,0.2087407039415009,-1.4360397320834284,0.7095238095238094,-1.4360397320834284,0.7136487789987791,-569.0,0.47619047619047616,0.21428571428571427,0.8214285714285714,0.5279761904761904,0.4666666666666667,冠德
48.20000076293945,49.5,48.20000076293945,48.34999847412109,634391.0,0.055676840164598174,47.95000076293945,0.1013666695573785,44.64750022888184,0.17354363055287259,44.55451571146647,0.5621970042733233,40.38975788752238,0.028684985240872457,74.38421775416214,578195.5,1.0971911749572594,0.08292733582526868,2527.TW,2026-09-29,0.04067327001066445,0.027226623158110197,bull,0.10863509749303621,0.07799442896935933,2026-03-31,2026-05-15,4588717000.0,1261812000.0,1127130000.0,1064163000.0,166487000.0,902888000.0,3.45,13282023000.0,8513905000.0,33780839000.0,11901818000.0,21879021000.0,1538877000.0,2676000000.0,3358749000.0,,0.1564487771140323,950791889.8514608,25266934000.0,0.0376298877359421,0.0412672943638565,0.0267278145459915,0.5439831151494393,0.2749814381667032,0.2456307503818605,0.1967626244983074,24.973085718167,,,82.24426248497689,82.24426248497689,False,77.51162412772447,77.51162412772447,78.69478371703758,75.0,True,True,True,True,True,True,True,False,True,True,True,True,True,True,True,False,False,13,False,0.08518738677879556,0.19708562276521757,1.0,27955751.54274368,0.4670380687093779,1.0,2.0,,,,,,0.050062421792567445,0.018863910298899306,0.33823402090977706,-1.0104404570166956,0.8797619047619047,-1.0104404570166956,0.8242045306545307,-75.0,0.8928571428571429,0.8571428571428571,0.9166666666666666,0.8964285714285714,0.8869047619047619,宏璟
244.0,244.0,237.5,238.0,6236218.0,-0.01039501039501034,241.7,0.02807775377969768,237.025,0.22051282051282062,220.50833333333333,0.2704010988402361,207.44583485921223,0.0035990261458663884,56.25,8740187.15,0.7135108085185566,0.004113490138170972,2603.TW,2026-09-29,0.04067327001066445,0.027226623158110197,bull,0.24419684308263695,0.06313834726090993,2026-03-31,2026-05-15,86511471000.0,13386693000.0,8948352000.0,10639378000.0,1948722000.0,8303529000.0,3.84,244500947000.0,151671937000.0,935103407000.0,330097608000.0,605005799000.0,183466379000.0,21757000.0,72484631000.0,,0.1831612712698054,7309360471.910295,783431470000.0,0.0093299296132567,0.0137247097692695,0.0088797976115169,0.5456106512460056,0.1547389362966675,0.1034354392147603,0.0959818265025224,-0.2133215452088127,,,31.8537233857576,31.8537233857576,False,71.16064909306795,71.16064909306795,61.33391766624036,650.0,True,False,True,True,True,True,True,True,False,True,True,True,False,True,False,False,False,11,False,0.07932428857563956,0.14728743607469408,1.0,2080164541.7,0.06870937790157845,2.0,3.0,,,,,,0.07783170209308062,0.002652856558596046,0.24048624661252932,-1.6057461653417227,0.7261904761904763,-1.6057461653417227,0.6956363347508175,-650.0,0.36904761904761907,0.27380952380952384,0.7976190476190477,0.43333333333333335,0.42619047619047623,長榮
53.5,53.900001525878906,53.0,53.09999847412109,390612.0,-0.003752359583532483,53.55999984741211,0.02707925900429009,53.30999984741211,0.14810807511613167,50.0558333714803,0.09165305156870773,48.04928477605184,0.006608761348346269,50.0,320927.9,1.2171331940912584,-0.0039392491819940645,2607.TW,2026-09-29,0.04067327001066445,0.027226623158110197,bull,0.2479108635097493,0.09377901578458682,2026-03-31,2026-05-15,3991930000.0,868803000.0,467559000.0,709936000.0,149297000.0,553268000.0,1.04,14530568000.0,4295956000.0,44350782000.0,12631508000.0,31719274000.0,4170571000.0,346407000.0,4274711000.0,,0.2102964210858443,369233015.6535237,40054826000.0,0.0092181904785586,0.0174426438637908,0.012474819496982,0.3982281561677609,0.2176398383739193,0.1171260518095257,0.1385966186781832,-0.1369527758740344,,,38.62339041274056,38.62339041274056,False,67.02764198418667,67.02764198418667,59.92657909132514,546.0,True,False,True,True,False,True,True,True,False,True,True,True,True,True,False,False,False,11,False,0.06081539148592463,0.10511527323683634,1.0,17041271.000302885,0.5329619312906221,1.0,3.0,,,,,,0.04152339993464775,0.021021931618496532,0.1591658021706415,-1.458587542703182,0.6351190476190476,-1.458587542703182,0.615523883845623,-546.0,0.5,0.19047619047619047,0.7142857142857143,0.5321428571428571,0.45000000000000007,榮運
59.59999847412109,59.59999847412109,58.09999847412109,58.400001525878906,23539360.0,-0.042622925805263834,59.95999984741211,0.03914592051732191,59.14999980926514,0.1608449172955786,54.825611941019694,0.1295938232895013,52.9299573580424,0.0,51.30436109459922,41943214.8,0.5612197375009033,-0.012679599083764592,2609.TW,2026-09-29,0.04067327001066445,0.027226623158110197,bull,0.20705663881151345,0.0872794800371402,2026-03-31,2026-05-15,38660500000.0,2823780000.0,748244000.0,1901061000.0,403937000.0,1435563000.0,0.41,211388001000.0,47890391000.0,460181224000.0,130409310000.0,329771914000.0,136009607000.0,1836000000.0,0.0,1398091000.0,0.2124797678769908,589257288.564649,412290833000.0,0.0014292272381536,0.0043531997088144,0.0031195601322491,0.3954530524391473,0.0730404417945965,0.019354224596164,0.0371325513120627,-0.1505117671934875,,,16.553971895296993,16.553971895296993,False,56.606313834726095,56.606313834726095,46.59322834986882,924.0,True,False,True,True,False,True,False,True,False,True,True,True,False,True,False,False,False,9,False,0.06519561676218899,0.10334495701242741,1.0,2449483808.3202667,0.06406685236768803,1.0,3.0,,,,,,-0.010361142615329087,-0.07260478822399145,0.14712220284179298,-1.8413400559666122,0.2505952380952381,-1.8413400559666122,0.2065158278701579,-924.0,0.11904761904761904,0.011904761904761904,0.20238095238095238,0.13154761904761902,0.10357142857142856,陽明
28.049999237060547,28.049999237060547,27.450000762939453,27.5,22762977.0,-0.05008638081957084,27.980000305175782,0.10663982204629407,27.425000190734863,0.18025754937618244,25.00359083811442,0.3157894977001843,23.254712088902792,0.03529633947758325,57.04225503459555,32090578.3,0.7093352069632226,0.0027347241109765275,2801.TW,2026-09-29,0.04067327001066445,0.027226623158110197,bull,0.10027855153203342,0.07428040854224698,2026-03-31,2026-05-15,,,,,992320000.0,5221136000.0,,,,3481563454000.0,3255586729000.0,225976725000.0,40993679000.0,,,,,,3481563454000.0,,0.0231047511640855,0.0014996526902307,14.406734715710211,,,,,,,11.293260418625334,11.293260418625334,False,75.96503251039259,75.96503251039259,59.797089487450776,1021.0,True,True,True,True,True,True,True,True,True,True,True,True,False,True,False,False,False,13,False,0.09984202581335477,0.18255602971421303,1.0,882490903.25,0.116991643454039,0.0,3.0,,,,,,-0.003333323707720737,-0.13883538633634596,0.18895293687871603,-1.5071661530004334,0.35595238095238096,-1.5071661530004334,0.39844605515485754,-1021.0,0.05952380952380952,0.17857142857142858,0.38095238095238093,0.10773809523809522,0.1595238095238095,彰銀
40.150001525878906,40.59999847412109,39.75,39.84999847412109,308881.0,-0.014833183621793422,40.3,0.024421514421025803,39.61500015258789,0.1434720292373295,36.33833351135254,0.3430150812881527,33.62383141517639,0.012394583100652464,59.130409976309025,447966.5,0.6895180778026928,0.005932054035795442,2816.TW,2026-09-29,0.04067327001066445,0.027226623158110197,bull,0.25812441968430827,0.09842154131847725,2026-03-31,2026-05-15,,,460640000.0,461658000.0,63688000.0,,,,,25125030000.0,16643189000.0,8481841000.0,3180641000.0,,,,0.1379549363381551,397092438.1251922,25125030000.0,0.0158046552830063,,,1.962214217408697,,,,,,,38.97407433693017,38.97407433693017,False,73.21274446427958,73.21274446427958,64.65307693244223,536.0,True,False,True,True,True,True,True,True,False,True,True,True,False,True,False,False,False,11,False,0.0966380299655587,0.1851712549371891,1.0,17851464.341457363,0.5255338904363974,1.0,3.0,,,,,,0.04987366734279006,-0.01384557019974324,0.21497994250913846,-1.537942651478747,0.6422619047619048,-1.537942651478747,0.5942390822806367,-536.0,0.5357142857142857,0.36904761904761907,0.6666666666666666,0.5553571428571429,0.5119047619047619,旺旺保
15.649999618530272,15.800000190734863,15.5,15.5,150060.0,-0.0461538461538461,15.880000114440918,0.07638891740345755,15.557499980926513,0.09993501739479171,14.903427759806315,0.14391142301226645,14.409145045280457,0.024025013014586427,46.774198014081755,261244.85,0.5744036676703866,-0.0036959653541384085,2849.TW,2026-09-29,0.04067327001066445,0.027226623158110197,bull,0.13370473537604458,0.11606313834726091,2026-03-31,2026-05-15,,,,,36199000.0,,,,,398942212000.0,362433426000.0,36508786000.0,2706824000.0,,,,,,398942212000.0,,,,9.92729328222527,,,,,,,0.0,0.0,False,68.08727948003714,68.08727948003714,51.06545961002786,1076.0,True,False,True,True,False,True,True,False,True,True,True,True,False,True,False,False,False,10,False,0.0400291966256654,0.07570573766115563,1.0,4049295.1750000003,0.7158774373259053,0.0,3.0,,,,,,0.10193486636801563,0.02677325855169375,0.22767882474119985,-0.27373963648541993,0.8422619047619047,-0.27373963648541993,0.8641833289620899,-1076.0,0.011904761904761904,0.047619047619047616,0.9404761904761905,0.15119047619047618,0.20833333333333331,安泰銀
47.45000076293945,48.09999847412109,46.75,47.04999923706055,1826567.0,0.00106381355447982,47.61000061035156,0.04323726893379809,46.672500419616696,0.2236670560071956,40.93916676839193,0.6080918845948347,36.665100797017416,0.015944716251541875,63.124977946302444,3027439.6,0.6033372226484717,0.008088249269910142,2851.TW,2026-09-29,0.04067327001066445,0.027226623158110197,bull,0.19498607242339833,0.06220984215413185,2026-03-31,2026-05-15,,,2142185000.0,2164691000.0,325242000.0,,,,,59204658000.0,35668047000.0,23536611000.0,16387176000.0,,,,0.1502486960032633,1820324497.152249,59204658000.0,0.0307463054199595,,,1.5154283256837613,,,,,,,65.92494981784269,65.92494981784269,False,75.90810593893455,75.90810593893455,73.41231690866158,200.0,True,True,True,True,True,True,True,True,True,True,True,True,False,True,True,False,False,13,False,0.14926616614451071,0.28323659868099704,1.0,142441030.8702469,0.27669452181987003,1.0,3.0,,,,,,0.02164748449504023,-0.02086842215397436,0.21719480547544795,-1.5509018711891418,0.5672619047619047,-1.5509018711891418,0.5461045695045695,-200.0,0.7619047619047619,0.6904761904761905,0.5595238095238095,0.731547619047619,0.7,中再保
57.5,57.5,55.0,55.5,6548751.0,0.04127581227824395,57.04000015258789,0.1431514082833225,52.867499923706056,0.0693641304100161,48.412500063578285,0.7476515431480917,45.13633100191752,0.048646235519363985,63.77953087021976,5462337.9,1.1988915954833186,0.04979429857838835,2855.TW,2026-09-29,0.04067327001066445,0.027226623158110197,bull,0.07242339832869081,0.1467038068709378,2026-03-31,2026-05-15,,,2098581000.0,2515780000.0,218397000.0,2291390000.0,,256323628000.0,220745648000.0,267670154000.0,225790103000.0,41880051000.0,8784022000.0,11858164000.0,4700000000.0,,0.0868108499153344,1916401399.773828,46924506000.0,0.0408400974913583,0.0547131616434755,0.0085604986800284,5.391352149977085,,,,,,,49.23161191360978,49.23161191360978,False,81.87829008868168,81.87829008868168,73.7166205449137,381.0,True,True,True,True,True,True,True,True,True,True,True,True,True,True,False,False,False,14,False,0.14639813947046676,0.22960813978526962,1.0,303159753.45000005,0.20241411327762301,1.0,3.0,,,,,,-0.007436883895880161,-0.1060543686935446,0.23744185025487205,-1.6454307049419903,0.37857142857142856,-1.6454307049419903,0.38673405175938746,-381.0,0.6428571428571429,0.7261904761904762,0.36904761904761907,0.6017857142857144,0.613095238095238,統一證
46.0,46.20000076293945,44.70000076293945,44.900001525878906,12563149.0,-0.05771248503541948,45.93000030517578,0.11552798822059396,45.2,0.19256307320510135,41.96203060150147,0.32253315219046197,38.22934861183167,0.03598442073430408,53.37424806082543,16456302.35,0.7634247799293746,-0.006637134383210119,2880.TW,2026-09-29,0.04067327001066445,0.027226623158110197,bull,0.09285051067780872,0.06870937790157845,2026-03-31,2026-05-15,18727437000.0,,,9327986000.0,1664716000.0,7663213000.0,,,,4445991154000.0,4202483247000.0,243507907000.0,45717871000.0,,,,0.1784646760833474,,4445991154000.0,,0.0314700787108321,0.0017236230875325,17.25809768879497,,,0.4091971047613189,0.1221769088861191,,,25.15680897546131,25.15680897546131,False,72.0236925219323,72.0236925219323,60.306971635314554,763.0,True,False,True,True,False,True,True,True,True,True,True,True,False,True,False,False,False,11,False,0.07001498455301913,0.1744903629350023,1.0,738888000.6253246,0.13463324048282266,1.0,3.0,,,,,,-0.061855969633127277,-0.17236128295537229,0.16549946096272958,-1.843151080412744,0.16726190476190475,-1.843151080412744,0.1293969586639992,-763.0,0.25,0.2261904761904762,0.13095238095238096,0.23214285714285715,0.21904761904761905,華南金
150.0,155.0,150.0,151.5,14167788.0,0.006644518272425293,152.7,0.05208333333333326,149.8,0.2520661157024793,135.55,0.7560619459635372,119.27835782368977,0.02252559726962465,53.70370370370371,16942296.85,0.8362377383323913,0.011348464619492571,2881.TW,2026-09-29,0.04067327001066445,0.027226623158110197,bull,0.17827298050139276,0.051996285979572884,2026-03-31,2026-05-15,66193246000.0,,,38624861000.0,5062760000.0,33551455000.0,,,,13120104726000.0,12085399702000.0,1034705024000.0,358727505000.0,,,,0.131075164257549,,13120104726000.0,,0.0324261062058977,0.0025572551211051,11.68004351160858,,,0.5068712750542556,-0.3925800152621125,,,12.264204123597382,12.264204123597382,False,71.19061293565295,71.19061293565295,56.45901073263906,1005.0,True,False,True,True,True,True,True,True,True,True,True,True,True,True,False,False,False,13,False,0.11766875691626688,0.27013821085580636,1.0,2566757972.775,0.06128133704735376,2.0,3.0,,,,,,-0.044057787249598065,-0.17638868226637952,0.29397656016085916,-0.9179165363903795,0.4601190476190476,-0.9179165363903795,0.452764680452291,-1005.0,0.08333333333333333,0.09523809523809523,0.4642857142857143,0.14047619047619048,0.1630952380952381,富邦金
39.29999923706055,39.75,38.84999847412109,38.95000076293945,37473912.0,-0.008905813763757986,39.4,0.1893130003950978,37.750000190734866,0.3690685314032709,33.00583340326945,0.8880333682629831,28.23432971636454,0.05175175509551331,62.19512648982594,49189850.35,0.7618220371349432,0.03178809446732411,2883.TW,2026-09-29,0.04067327001066445,0.027226623158110197,bull,0.0510677808727948,0.033426183844011144,2026-03-31,2026-05-15,23565513000.0,,,13099615000.0,1407592000.0,11689699000.0,,,,4235032868000.0,3864021319000.0,371011549000.0,75116245000.0,,,,0.1074529289601259,,4235032868000.0,,0.0315076418281523,0.0027602380818169,10.414827596108069,,,0.4960511150340754,-0.1317078255463794,,,12.146336472811727,12.146336472811727,False,83.95340152796406,83.95340152796406,66.00163526417599,1010.0,True,True,True,True,True,True,True,True,True,True,True,True,False,True,False,False,False,13,False,0.18009444836745714,0.3795263126209134,1.0,1915944708.6613777,0.07520891364902507,1.0,3.0,,,,,,-0.053857617359795516,-0.17527472860167115,0.24096633479428778,-1.2274642432218175,0.37916666666666665,-1.2274642432218175,0.33969817168338906,-1010.0,0.07142857142857142,0.4642857142857143,0.2976190476190476,0.10535714285714284,0.23452380952380952,凱基金
45.0,45.95000076293945,44.900001525878906,44.900001525878906,31867051.0,-0.032327585143793525,45.66999969482422,0.15870971679687496,44.6,0.3323442287650127,39.39833342234294,0.44227946075651814,35.503435897827146,0.041083096198490376,56.65026407878354,48517816.65,0.6568113159312993,0.006726491611634744,2884.TW,2026-09-29,0.04067327001066445,0.027226623158110197,bull,0.06128133704735376,0.03806870937790158,2026-03-31,2026-05-15,25169421000.0,,,12706707000.0,2639201000.0,10056957000.0,,,,4679436007000.0,4394289185000.0,285146822000.0,45485669000.0,,,,0.2077014131198586,,4679436007000.0,,0.0352693988642805,0.0021491814365995,15.410619533399537,,,0.3995704549580223,0.174006725249566,,,29.938092003685178,29.938092003685178,False,77.93734320930535,77.93734320930535,65.93753040790031,684.0,True,True,True,True,True,True,True,True,True,True,True,True,False,True,False,False,False,13,False,0.13964215299563798,0.2646663735615189,1.0,2178450041.617313,0.06685236768802229,1.0,3.0,,,,,,-0.1028743215845566,-0.20414938381909378,0.15653390245714158,-2.0104797623289956,0.0994047619047619,-2.0104797623289956,0.09736719624019194,-684.0,0.30952380952380953,0.4523809523809524,0.07142857142857142,0.27380952380952384,0.30476190476190473,玉山金
43.0,43.0,41.650001525878906,41.79999923706055,46885604.0,-0.05855860809605884,42.79000015258789,0.11466664632161461,42.39250030517578,0.22401163599903406,37.77620213826497,0.6923076091470568,32.17685106595357,0.03415258863395635,54.216872453517034,64673402.2,0.7249596032540252,-0.013976553962373739,2887.TW,2026-09-29,0.04067327001066445,0.027226623158110197,bull,0.09377901578458682,0.06128133704735376,2026-03-31,2026-05-15,47867456000.0,,,25588754000.0,4532177000.0,21040510000.0,,,,9064708955000.0,8465511408000.0,599197547000.0,97795796000.0,,,,0.1771159705548773,,9064708955000.0,,0.035114479532407,0.0023211456765409,14.12808088147931,,,0.439557723727787,0.933005034802805,,,37.907562917661295,37.907562917661295,False,73.11778771529748,73.11778771529748,64.31523151588843,560.0,True,False,True,True,False,True,True,True,True,True,True,True,False,True,False,False,False,11,False,0.10651671875505242,0.29907053836257025,1.0,2703348162.61811,0.059424326833797586,1.0,3.0,,,,,,-0.11273445965713678,-0.247277361395452,0.13086073038004792,-2.0508423815918455,0.057738095238095234,-2.0508423815918455,0.05598767898767899,-560.0,0.4880952380952381,0.35714285714285715,0.023809523809523808,0.4184523809523809,0.3559523809523809,台新新光金
16.600000381469727,16.600000381469727,16.399999618530273,16.399999618530273,8763205.0,-0.04373177939838779,16.699999618530274,0.07461313099670619,16.61046471595764,0.09333330790201821,15.881653674443562,0.0684038573919572,15.373326857884726,0.023341523962267848,48.979568004795624,16819458.3,0.521015887889802,-0.012670632702116547,2889.TW,2026-09-29,0.04067327001066445,0.027226623158110197,bull,0.13556174558960074,0.12163416898792943,2026-03-31,2026-05-15,2670617000.0,,,1318966000.0,191865000.0,897373000.0,,,,469578158000.0,414812209000.0,54765949000.0,15724281000.0,,,,0.1454662212672654,,469578158000.0,,0.0163856012063262,0.0019110194644104,7.57427227272187,,,0.3360171076571444,0.5571184687557942,,,31.713016597318976,31.713016597318976,False,67.89229340761375,67.89229340761375,58.84747420504006,652.0,True,False,True,True,False,True,True,False,True,True,True,True,False,True,False,False,False,10,False,0.03263803346378369,0.06678273155422998,1.0,275839109.70388585,0.2135561745589601,0.0,3.0,,,,,,-0.04998208930715834,-0.13128308841922298,0.11272616287238976,-1.4679393471304614,0.2261904761904762,-1.4679393471304614,0.18666374400215863,-652.0,0.35714285714285715,0.15476190476190477,0.17857142857142858,0.33035714285714285,0.26071428571428573,國票金
45.29999923706055,45.45000076293945,43.79999923706055,43.900001525878906,34576599.0,-0.02983422042256556,45.040000915527344,0.10301513485961489,43.85500011444091,0.1057934680661321,40.82108217875163,0.3425076606002093,36.99012444814046,0.0337674647222892,58.02470414925725,28305680.25,1.2215427679043325,0.0010261409490492923,2890.TW,2026-09-29,0.04067327001066445,0.027226623158110197,bull,0.10770659238625813,0.11420612813370473,2026-03-31,2026-05-15,26199317000.0,,,13172491000.0,2157069000.0,10973530000.0,,,,3820349236000.0,3552231164000.0,268118072000.0,41779009000.0,,,,0.163755587306911,,3820349236000.0,,0.0409279759403909,0.0028723892299148,13.24875692825361,,,0.4188479417230609,0.4040584778805451,,,40.18365017296791,40.18365017296791,False,77.5394662247568,77.5394662247568,68.20051221180958,506.0,True,True,True,True,True,True,True,True,True,True,True,True,True,True,False,False,False,14,False,0.0754247360137339,0.18680329360410708,1.0,1242619406.1660404,0.09656453110492108,1.0,3.0,,,,,,-0.08227434892862451,-0.19165793733110095,0.14102950082090981,-1.9386620974552513,0.1101190476190476,-1.9386620974552513,0.08093831316176447,-506.0,0.5595238095238095,0.5238095238095238,0.03571428571428571,0.4809523809523809,0.444047619047619,永豐金
39.5,39.54999923706055,38.54999923706055,38.59999847412109,26873754.0,-0.03015077351614759,39.51999969482422,0.12209292912625447,38.44999961853027,0.1913579214892951,35.420911979675296,0.34027776030110646,32.520872577031454,0.039329637402581635,59.848475653281106,32538357.8,0.8259099664826969,0.0039011406262414727,2892.TW,2026-09-29,0.04067327001066445,0.027226623158110197,bull,0.08449396471680594,0.06963788300835655,2026-03-31,2026-05-15,19296673000.0,,,10035758000.0,1792064000.0,8243694000.0,,,,5146398447000.0,4848752228000.0,297646219000.0,66304190000.0,,,,0.1785678769854753,,5146398447000.0,,0.0276962832845526,0.0016018374956578,16.290320247609124,,,0.427208047729264,0.0559316737098873,,,19.735682713005552,19.735682713005552,False,79.76985753911939,79.76985753911939,64.76131383259093,864.0,True,True,True,True,True,True,True,True,True,True,True,True,True,True,False,False,False,14,False,0.08975168387166232,0.1869299749780744,1.0,1255980561.430406,0.09377901578458682,1.0,3.0,,,,,,-0.054753660194997764,-0.21137499223356807,0.18694151756920085,-1.564782532739168,0.2363095238095238,-1.564782532739168,0.15334875700497924,-864.0,0.15476190476190477,0.38095238095238093,0.14285714285714285,0.1529761904761905,0.22023809523809523,第一金
11.050000190734863,11.100000381469728,10.949999809265137,10.949999809265137,4559479.0,-0.013513564599060834,11.09000015258789,0.057970957070651474,10.957500076293947,0.037914655099395844,10.448414246241251,0.08415835600906374,10.34387378692627,0.01859168009124503,56.24999627470837,6299480.4,0.7237865205517585,-0.0006844870615183574,2897.TW,2026-09-29,0.04067327001066445,0.027226623158110197,bull,0.1671309192200557,0.1894150417827298,2026-03-31,2026-05-15,,,,,308566000.0,766449000.0,,,,714942709000.0,649644985000.0,65297724000.0,6137312000.0,,,,,,714942709000.0,,0.0117377598030828,0.0010720425432018,9.948968282569847,,,,,,,6.081891632619952,6.081891632619952,False,69.9729144618394,69.9729144618394,54.00015875453453,1065.0,True,False,True,True,False,True,True,True,True,True,True,True,False,True,False,False,False,11,False,0.04800590321199483,0.05859758489174105,1.0,68979309.17846946,0.3565459610027855,0.0,3.0,,,,,,0.07305253180326789,-0.03303922676664673,0.22920470566173462,-0.6961562224494736,0.7398809523809524,-0.6961562224494736,0.7268371678917466,-1065.0,0.023809523809523808,0.07142857142857142,0.8452380952380952,0.1470238095238095,0.20238095238095238,王道銀行
18.399999618530277,18.450000762939453,18.0,18.0,1235439.0,-0.02439028424559042,18.449999618530274,0.04956270556130593,18.26749982833862,0.19601327387897483,16.966380008061726,0.22448981180631944,15.566939989725748,0.018392340809242864,51.562504656608986,1610101.8,0.7673048996032424,-0.014643483281912784,2905.TW,2026-09-29,0.04067327001066445,0.027226623158110197,bull,0.18198700092850512,0.06685236768802229,2026-03-31,2026-05-15,29552820000.0,,,,-68929000.0,32878000.0,0.03,133124099000.0,1468399841000.0,1617410517000.0,62246052000.0,86764624000.0,72610211000.0,2757000000.0,7269508000.0,,,,149010676000.0,,0.0003789332389661,2.032755423217024e-05,0.717412801788895,,,0.0011125165043471,-0.4161502905041906,,,21.27042291580655,21.27042291580655,False,67.86908077994428,67.86908077994428,56.219416313909846,838.0,True,False,True,True,False,True,True,True,True,True,True,True,False,True,False,False,False,11,False,0.06092165750426082,0.15629661397038097,1.0,28981832.400000002,0.46518105849582175,0.0,3.0,,,,,,0.017449721681970568,-0.030223628887889934,0.15680176464826925,-1.6983094431332217,0.44583333333333336,-1.6983094431332217,0.4452119528619528,-838.0,0.17857142857142858,0.08333333333333333,0.42857142857142855,0.21607142857142855,0.2,三商
60.09999847412109,60.09999847412109,58.5,58.5,1552001.0,-0.008474576271186418,59.439999389648435,0.020942421970632674,57.714999961853025,0.1293436459772359,55.05361086527507,0.22129432435183194,50.97138884862264,0.0028670714483584247,62.49998013180821,1764167.75,0.8797355013433388,0.01360131748533,2915.TW,2026-09-29,0.04067327001066445,0.027226623158110197,bull,0.2720519962859796,0.1021355617455896,2026-03-31,2026-05-15,418613000.0,187104000.0,-8207000.0,2736586000.0,18591000.0,2708283000.0,2.59,4840429000.0,1001903000.0,130249863000.0,12898049000.0,117351814000.0,3969846000.0,450000000.0,9445000000.0,,0.0067935010995452,-8151245.736476032,129247960000.0,-6.306672644176382e-05,0.0230783224194557,0.0207929815634431,0.1099092426470714,0.4469617522628298,-0.019605220095888,,-0.3549697834454577,,,42.46996725529738,42.46996725529738,False,73.75184960066036,73.75184960066036,65.93137901431962,472.0,True,False,True,True,True,True,True,True,False,True,True,True,True,True,False,False,False,12,False,0.0626006011332989,0.14770268814405285,1.0,103203813.375,0.3129062209842154,1.0,3.0,,,,,,0.0755021846468474,0.012703271474875495,0.20397118411673174,-1.4624520688849578,0.7124999999999999,-1.4624520688849578,0.7217039469765079,-472.0,0.6071428571428571,0.44047619047619047,0.8333333333333334,0.6410714285714285,0.6023809523809525,潤泰全
272.0,286.5,270.0,285.0,9141187.0,-0.020618556701030966,279.5,0.0575139146567718,284.75,0.34751773049645385,250.79166666666666,0.784076923187137,229.48838170369467,0.005029559692932185,45.1219512195122,16297392.35,0.5608987501610956,0.0008779631255486642,3006.TW,2026-09-29,0.04067327001066445,0.027226623158110197,bull,0.16991643454038996,0.034354688950789226,2026-03-31,2026-05-15,7266900000.0,3453448000.0,2254754000.0,2352467000.0,288641000.0,2063883000.0,7.22,17585827000.0,5859607000.0,20073767000.0,7169155000.0,12904612000.0,7031281000.0,1000000000.0,693679000.0,0.0,0.1226971515434647,1978102106.7687664,14214160000.0,0.1391641930841334,0.1599337508171497,0.1028149325435529,0.5555498297817866,0.4752298779396992,0.3102772846743453,0.2840114766957024,1.503294079957009,,,98.64788449850906,98.64788449850906,True,69.11680333381429,69.11680333381429,76.49957362498799,7.0,True,False,True,True,True,True,True,False,True,True,True,True,False,True,True,True,True,12,False,0.13640139558066133,0.24189293542528656,1.0,4644756819.75,0.04271123491179202,2.0,0.0,,,,,,0.051368626797888006,-0.07529570856671827,0.21928308508557706,-1.1686555261208043,0.6279761904761905,-1.1686555261208043,0.46529029067956545,-7.0,0.9880952380952381,0.8095238095238095,0.4880952380952381,0.9130952380952381,0.8345238095238096,晶豪科
29.399999618530277,29.600000381469727,28.700000762939453,29.600000381469727,1252051.0,0.108614214818884,26.520000076293947,0.45812815241050364,24.470000076293946,0.011965825007512088,22.75249999364217,0.9180982073747457,22.821336325009664,0.06844231490238119,62.84829330126312,937705.15,1.3352288829809669,0.2096444744250583,3021.TW,2026-09-29,0.04067327001066445,0.027226623158110197,bull,0.012070566388115135,0.24605385329619314,2026-03-31,2026-05-15,703860000.0,136696000.0,32332000.0,26874000.0,11025000.0,17948000.0,0.19,2414408000.0,1378089000.0,3153257000.0,1512711000.0,1640546000.0,992086000.0,656000000.0,,,0.4,19399200.0,1775168000.0,0.0109280924397014,0.0109402601329069,0.0056918925415847,0.9220777716687004,0.1942090756684568,0.0459352712187082,0.0254993890830562,-0.0048902970229839,,,28.86162892169371,28.86162892169371,False,89.22645147716743,89.22645147716743,74.135245838299,700.0,True,True,True,True,True,True,True,True,True,False,False,False,True,False,False,False,False,10,False,0.3009559560374018,0.29703186351236566,1.0,27756072.797706127,0.467966573816156,0.0,3.0,,,,,,0.013902502177636824,-0.05667130514712981,0.21577444140104998,-1.5184814208247956,0.5190476190476191,-1.5184814208247956,0.48007282394222694,-700.0,0.2857142857142857,0.75,0.5,0.31785714285714284,0.46785714285714286,鴻名
530.0,535.0,520.0,521.0,2301413.0,0.005791505791505891,533.0,0.06326530612244907,508.2,0.029627005456764888,456.99818267822263,0.40810810810810816,470.1107676188151,0.030413625304136254,59.6551724137931,2782554.5,0.8270864056750731,0.025186934277843465,3044.TW,2026-09-29,0.04067327001066445,0.027226623158110197,bull,0.1541318477251625,0.20705663881151345,2026-03-31,2026-05-15,20964231000.0,5558653000.0,3845829000.0,4106800000.0,1160501000.0,2946230000.0,5.61,70597125000.0,38074338000.0,103583725000.0,45274053000.0,58309672000.0,21846246000.0,4498565000.0,1000000000.0,,0.2825803545339437,2759073277.703078,65509387000.0,0.042117220203924,0.050527295025772,0.0284429817522009,0.7764415653032657,0.2651493870679063,0.1834471772420366,0.1405360396954221,0.2239921180540351,,,79.90151858407886,79.90151858407886,False,75.80428691421434,75.80428691421434,76.82859483168048,86.0,True,True,True,True,True,True,True,True,True,True,True,True,True,True,True,False,False,14,False,0.1400482972310675,0.10824945073891179,1.0,1449710894.5,0.08635097493036212,3.0,2.0,,,,,,0.0342790685616749,-0.03901285558353386,0.2778696026067245,-0.5879174546861033,0.7208333333333333,-0.5879174546861033,0.7016704994459093,-86.0,0.8690476190476191,0.8214285714285714,0.8095238095238095,0.8601190476190477,0.8428571428571429,健鼎
122.5,122.5,120.5,121.0,5736329.0,-0.024193548387096753,122.8,0.04761904761904767,120.55,0.08414417191858359,114.71552124023438,0.10502283105022836,114.22721004486084,0.015585509688289758,66.66666666666666,7876535.2,0.7282807547156013,0.0037328909166320923,3045.TW,2026-09-29,0.04067327001066445,0.027226623158110197,bull,0.18662952646239556,0.13463324048282266,2026-03-31,2026-05-15,49778303000.0,10732395000.0,5932746000.0,5668910000.0,1142669000.0,4146321000.0,1.37,41814599000.0,76460035000.0,236418708000.0,136571793000.0,99846915000.0,10062152000.0,11400000000.0,12970613000.0,28970690000.0,0.2015676735033719,4736896191.293565,159958673000.0,0.0296132501130061,0.0415267812731119,0.0175380410250782,1.367811844762555,0.2156038746439387,0.1191833719200913,0.0832957483504409,0.0334448521595114,,,52.335130939946126,52.335130939946126,False,70.05006114081395,70.05006114081395,65.62132859059699,333.0,True,False,True,True,True,True,True,True,True,True,True,True,False,True,False,False,False,12,False,0.05478316004514183,0.05929226453556269,1.0,953060759.2,0.11234911792014857,2.0,3.0,,,,,,0.034322187194377005,-0.03241621676876607,0.22266400005922365,-1.0274655716091887,0.6511904761904762,-1.0274655716091887,0.6354363858363857,-333.0,0.6666666666666666,0.4166666666666667,0.7380952380952381,0.6773809523809524,0.6059523809523809,台灣大
936.0,946.0,895.0,903.0,4890968.0,0.08273381294964022,882.4,0.15325670498084287,839.35,0.03464702489761229,746.5363423665365,0.6753246753246753,761.385046895345,0.05214666248824823,52.109704641350206,5130685.55,0.9532776765085516,0.0758324894263418,3167.TW,2026-09-29,0.04067327001066445,0.027226623158110197,bull,0.06685236768802229,0.1959145775301764,2026-03-31,2026-05-15,1946206000.0,824053000.0,409380000.0,425365000.0,143361000.0,282004000.0,3.19,7943560000.0,5595217000.0,10404607000.0,6825735000.0,3578872000.0,1402836000.0,918708000.0,407412000.0,308759000.0,0.337030550233329,271406433.3454797,4809390000.0,0.0564326106523862,0.078796894664017,0.0271037627850816,1.907230825802096,0.4234150958326097,0.2103477226973917,0.144899358033014,1.3065981160430264,,,88.81703425043213,88.81703425043213,False,74.5378326959114,74.5378326959114,78.10763308454159,40.0,True,False,True,True,True,True,True,True,True,True,True,True,True,True,True,False,False,13,False,0.20958612294408918,0.18599649898840265,1.0,4633009051.65,0.0436397400185701,3.0,2.0,,,,,,0.013523082585925989,-0.12772286010908315,0.22973657814346235,-0.9330968132962684,0.5154761904761904,-0.9330968132962684,0.4510141573765467,-40.0,0.9404761904761905,0.8452380952380952,0.4523809523809524,0.8672619047619047,0.8142857142857143,大量
960.0,969.0,939.0,955.0,15082896.0,0.14783653846153855,911.8,0.06229143492769751,840.85,0.14645858343337337,803.6833333333333,1.428007294549075,702.2261596679688,0.014233158434352655,74.31506849315069,19098578.3,0.7897392027342685,0.135755485520604,3189.TW,2026-09-29,0.04067327001066445,0.027226623158110197,bull,0.15691736304549675,0.0947075208913649,2026-03-31,2026-05-15,11104965000.0,2349499000.0,890638000.0,964461000.0,88658000.0,549232000.0,1.17,33407134000.0,17816161000.0,83654067000.0,32183791000.0,51470276000.0,11635037000.0,1278540000.0,7562530000.0,,0.0919249197220001,808766173.3486372,65837906000.0,0.0122842025587605,0.0106708578753298,0.0065655146210643,0.6252888754666869,0.2115719410191747,0.0802017836166075,0.0494582378242524,0.2883172632505095,,,45.18411999125517,45.18411999125517,False,77.92479108635098,77.92479108635098,69.73962331257702,429.0,True,True,True,True,True,True,True,False,True,True,False,True,False,True,False,False,False,11,False,0.1882789655959023,0.35996072896451103,1.0,18239142276.5,0.009285051067780872,3.0,3.0,,,,,,-0.0675319681800288,-0.15528700226575992,0.2217852610503424,-1.5927657602387428,0.2833333333333333,-1.5927657602387428,0.20075174443043292,-429.0,0.6309523809523809,0.5595238095238095,0.19047619047619047,0.5648809523809524,0.5214285714285714,景碩
21.549999237060547,22.649999618530277,21.5,22.399999618530277,2067627.0,0.002237102291148263,21.979999923706053,0.2173913088547934,19.462500095367435,0.03464203294295065,18.60499998728434,0.07692309808449016,21.26875,0.05145867397393114,71.49757822018027,2310596.45,0.8948455711511198,0.1509312528590323,3437.TW,2026-09-29,0.04067327001066445,0.027226623158110197,bull,0.04271123491179202,0.1968430826369545,2026-03-31,2026-05-15,346453000.0,13587000.0,-88652000.0,-77344000.0,-5253000.0,-81021000.0,-0.56,1551700000.0,539489000.0,2791226000.0,555361000.0,2235865000.0,978991000.0,,,,0.0679173562267273,-82630990.53578816,2251737000.0,-0.0366965549421571,-0.0362369821075959,-0.029027029699494,0.2483875368146109,0.0392174407495388,-0.2558846365885127,-0.2338585609014787,-0.2297158788989112,,,14.285714285714285,14.285714285714285,False,78.79758588672237,78.79758588672237,62.66961798647035,974.0,True,True,True,True,True,True,True,True,True,True,True,True,True,False,False,False,False,13,False,0.2039774057425232,0.053188345273242454,1.0,51757359.59857742,0.38904363974001854,0.0,3.0,,,,,,-0.03556828764702422,-0.08473215050626762,0.16825980611034735,-1.9607418543687287,0.24523809523809523,-1.9607418543687287,0.15627411818337228,-974.0,0.09523809523809523,0.2976190476190476,0.15476190476190477,0.10416666666666666,0.16785714285714287,榮創
8410.0,8415.0,7925.0,7925.0,1061923.0,0.10839160839160833,8165.0,0.31753948462177894,6642.25,0.5724206349206349,5311.0,2.171754996465818,4886.964864095052,0.0977564764698591,73.69047619047619,1728849.9,0.6142366668153204,0.19311980127215933,3443.TW,2026-09-29,0.04067327001066445,0.027226623158110197,bull,0.02414113277623027,0.016713091922005572,2026-03-31,2026-05-15,11447812000.0,3113307000.0,1824178000.0,1924721000.0,278481000.0,1646240000.0,12.28,31638843000.0,19973296000.0,35132291000.0,20548418000.0,14583873000.0,7671980000.0,,,,0.144686424681811,1560244207.1967833,15158995000.0,0.1029253065389086,0.1128808513348957,0.0468583161855285,1.4089822367487703,0.2719565101173918,0.1593473058432476,0.1438038989459295,0.6298963899650951,,,83.63888359987813,83.63888359987813,True,83.85793871866295,83.85793871866295,83.80317493896675,63.0,True,True,True,True,True,True,True,False,True,True,False,True,False,False,True,True,False,10,False,0.4921860289964226,0.6216609327858384,1.0,13701135457.5,0.012999071494893221,3.0,2.0,,,,,,0.05380761252054251,-0.03227820210498836,0.29720998354480455,0.013391757486020287,0.8279761904761904,0.013391757486020287,0.8587267450686731,-63.0,0.9047619047619048,0.9523809523809523,0.9285714285714286,0.9083333333333332,0.9238095238095239,創意
450.0,472.0,449.0,454.0,7063429.0,0.01452513966480451,445.2,0.1378446115288221,419.15,0.03403953597660436,389.2017644246419,2.219858156028369,329.7430053710938,0.0366660483521919,67.34693877551021,7007232.0,1.0080198571989625,0.08314445902421563,3532.TW,2026-09-29,0.04067327001066445,0.027226623158110197,bull,0.07799442896935933,0.1977715877437326,2026-03-31,2026-05-15,3308768000.0,27622000.0,-105154000.0,-82202000.0,-13987000.0,-68215000.0,-0.18,9109304000.0,3626589000.0,51226148000.0,26972355000.0,24253793000.0,1958029000.0,0.0,20500000000.0,,0.1701540108513174,-87261625.14294055,47599559000.0,-0.0018332444034395,-0.0028125497731426,-0.0013316441439243,1.112088117516299,0.0083481223222661,-0.03178040890144,-0.0206164348784804,0.1086960163893446,,,17.44238091593533,17.44238091593533,False,77.6592603043239,77.6592603043239,62.60504045722676,901.0,True,True,True,True,True,True,True,True,True,True,True,True,True,True,False,False,False,14,False,0.1664900868862953,0.376829811716755,1.0,3181283328.0,0.05385329619312906,2.0,3.0,,,,,,-0.23399357108528998,-0.35074032793266197,0.08202123064501896,-2.01078895964324,0.026190476190476188,-2.01078895964324,0.03151498301763788,-901.0,0.13095238095238096,0.2857142857142857,0.011904761904761904,0.1130952380952381,0.15357142857142855,台勝科
18.25,18.399999618530277,17.950000762939453,17.950000762939453,11622582.0,0.04970762353846636,17.850000381469727,0.025714329310825956,17.152499866485595,0.05278601561005525,17.224999936421714,-0.15727692930112058,17.351666601498923,0.010456562920738488,60.714292201859024,11499211.55,1.01072860077959,0.04649473270144733,3576.TW,2026-09-29,0.04067327001066445,0.027226623158110197,bull,0.2562674094707521,0.16620241411327763,2026-03-31,2026-05-15,520029000.0,-237380000.0,-450612000.0,1756562000.0,10661000.0,1745834000.0,1.07,9492286000.0,6482798000.0,25509734000.0,12399640000.0,13110094000.0,6613378000.0,616197000.0,3678862000.0,,0.0060692420762831,-447877126.6895219,19026936000.0,-0.0235391093284552,0.1331671611202787,0.0684379539198644,0.9458086265437914,-0.4564745427658842,-0.8665132136861599,,-0.4687390816645519,,,39.4401659971228,39.4401659971228,False,66.80343031895049,66.80343031895049,59.962614238493565,522.0,True,False,True,True,True,False,True,True,False,True,True,True,True,True,False,False,False,11,False,0.04209003362518149,0.03448280647513369,1.0,206410856.09570217,0.23862581244196843,0.0,3.0,,,,,,-0.002143140294197781,-0.10363615709887508,0.08765441080968649,-1.5800676247225562,0.28154761904761905,-1.5800676247225562,0.2576819067392838,-522.0,0.5476190476190477,0.20238095238095238,0.25,0.5029761904761905,0.38452380952380955,聯合再生
2385.0,2465.0,2375.0,2445.0,4550271.0,0.10633484162895934,2334.0,0.08185840707964598,2125.25,0.2255639097744362,2098.701973470052,0.21339950372208438,2196.8926534016928,0.029675387596899225,69.63350785340315,3124057.75,1.4565258916868615,0.1504528878955418,3665.TW,2026-09-29,0.04067327001066445,0.027226623158110197,bull,0.12627669452181986,0.059424326833797586,2026-03-31,2026-05-15,20863649000.0,6001841000.0,3108361000.0,3043227000.0,769751000.0,2273834000.0,11.66,52902105000.0,23706185000.0,85600663000.0,38964135000.0,46636528000.0,12968524000.0,2321009000.0,3082678000.0,8542272000.0,0.2529390676410271,2322135066.768269,61894478000.0,0.0375176452214084,0.0487565026281544,0.026563275567153,0.8354853302973154,0.2876697647664605,0.1489845328590411,0.1089854416166606,0.2942080053793907,,,78.1830301662937,78.1830301662937,False,83.93768692044304,83.93768692044304,82.49902273190571,96.0,True,True,True,True,True,True,True,True,True,True,False,True,True,False,True,False,False,12,False,0.16500581354930022,0.1129355802679457,1.0,7638321198.75,0.027855153203342618,3.0,2.0,,,,,,0.010772140941490559,-0.030056052100401173,0.29147099148942557,-0.448717113592837,0.6988095238095239,-0.448717113592837,0.6238017819799058,-96.0,0.8452380952380952,0.9047619047619048,0.7261904761904762,0.8273809523809523,0.8392857142857143,貿聯-KY
117.5,120.0,115.0,115.0,10919936.0,0.004366812227074135,114.7,0.1499999999999999,107.80499992370605,0.045454545454545414,111.03837178548177,0.25136015332509176,109.52418588002523,0.02573659923384457,70.83333333333333,8655960.9,1.261550985055859,0.06674087548245322,3702.TW,2026-09-29,0.04067327001066445,0.027226623158110197,bull,0.06778087279480037,0.17734447539461468,2026-03-31,2026-05-15,316500457000.0,14203178000.0,8470625000.0,7205961000.0,1455173000.0,5548632000.0,3.3,434755950000.0,351739547000.0,479508376000.0,386867313000.0,92641063000.0,25004254000.0,131686606000.0,25757252000.0,5309644000.0,0.2019401714774754,6760065534.97861,127768829000.0,0.0529085661024459,0.0598938723317542,0.011571501724925,4.17598093622911,0.0448756950768004,0.0267633894759273,0.0175311974352062,0.2719338016357759,,,44.311414548255854,44.311414548255854,False,66.27429309696055,66.27429309696055,60.78357345978438,442.0,True,False,True,True,True,False,True,True,True,True,True,True,True,True,False,False,False,12,False,0.035678010680594285,0.04999639190172189,1.0,995435503.5,0.1095636025998143,2.0,3.0,,,,,,0.08343209733730904,0.046234489839192504,0.27504031818364455,-0.014579997433579038,0.9101190476190476,-0.014579997433579038,0.8843047217665856,-442.0,0.6190476190476191,0.2619047619047619,0.9523809523809523,0.6690476190476191,0.5785714285714285,大聯大
56.70000076293945,56.900001525878906,55.29999923706055,55.400001525878906,112371.0,-0.048109951896143754,56.720000457763675,0.018382352425565296,57.02000007629395,0.22838145011619204,52.142499987284346,0.07730882761370994,48.00968084335327,0.01785076755869501,53.389842562958684,218640.65,0.5139529177213844,-0.028411058369825493,4119.TW,2026-09-29,0.04067327001066445,0.027226623158110197,bull,0.2850510677808728,0.0584958217270195,2026-03-31,2026-05-15,375798000.0,82325000.0,33151000.0,28590000.0,8480000.0,20110000.0,0.17,1104577000.0,1053320000.0,6954821000.0,1544198000.0,5410623000.0,51949000.0,390000000.0,300399000.0,,0.2966072053165442,23318174.53655124,5901501000.0,0.0039512277531684,0.0037167623765322,0.0028915194222827,0.2854011451176694,0.2190671584202151,0.0882149452631466,0.0535127914464685,0.0430373141784996,,,33.11973270077256,33.11973270077256,False,66.53034193779686,66.53034193779686,58.17768962854079,627.0,True,False,True,True,False,True,True,True,False,True,True,True,False,True,False,False,False,10,False,0.06247306015992615,0.15393396816443938,1.0,12112692.343619155,0.585886722376973,1.0,3.0,,,,,,0.019188505687901654,-0.028808871892649402,0.16099553601307168,-1.6010618519344406,0.4916666666666667,-1.6010618519344406,0.44671178330001843,-627.0,0.39285714285714285,0.13095238095238096,0.44047619047619047,0.39999999999999997,0.3238095238095238,旭富
74.30000305175781,75.19999694824219,71.69999694824219,73.19999694824219,6262187.0,0.13488367361615805,69.2,0.11415525644405178,65.34500007629394,0.07174222075467784,67.36333332061767,0.27487819058548446,66.55583327611288,0.012551332312652272,73.99998703003426,1407928.05,4.447803280856575,0.12020807808978651,4566.TW,2026-09-29,0.04067327001066445,0.027226623158110197,bull,0.09563602599814298,0.14206128133704735,2026-03-31,2026-05-15,1354549000.0,296455000.0,38413000.0,65488000.0,22696000.0,40409000.0,0.37,5180146000.0,3777583000.0,10646601000.0,5592503000.0,5054098000.0,2044806000.0,832690000.0,976708000.0,0.0,0.3465673100415343,25100309.919374544,6869018000.0,0.0036541336650121,0.0079952941157848,0.0037954836477858,1.10652840526638,0.2188588231212012,0.0283585163770376,0.0298320695670662,0.0816066447931047,,,26.559226672275766,26.559226672275766,False,68.57938718662953,68.57938718662953,58.07434705804109,746.0,True,False,True,True,True,False,True,False,True,True,False,True,False,True,False,False,False,9,False,0.08664451920519967,0.09982841991573288,1.0,103060328.96334457,0.3147632311977716,1.0,3.0,,,,,,0.010186799514354966,-0.06105415976703899,0.2308261409892127,-1.6030783968156748,0.4934523809523809,-1.6030783968156748,0.358554330768183,-746.0,0.2619047619047619,0.11904761904761904,0.34523809523809523,0.27440476190476193,0.23571428571428574,時碩工業
226.0,241.0,224.5,241.0,2493007.0,0.004166666666666652,231.0,0.1157407407407407,234.125,0.08704576477745296,215.6724065144857,0.6174496644295302,218.93704045613606,0.02754004827737549,46.7741935483871,3106104.4,0.8026153274178421,0.029364655632674763,4576.TW,2026-09-29,0.04067327001066445,0.027226623158110197,bull,0.09192200557103064,0.1309192200557103,2026-03-31,2026-05-15,855045000.0,333579000.0,142385000.0,156336000.0,25448000.0,115509000.0,0.96,2993873000.0,1467204000.0,7172640000.0,2677573000.0,4495067000.0,739838000.0,80000000.0,1087969000.0,,0.1627776072049943,119207910.39811689,5705436000.0,0.0208937424586161,0.0256968361094506,0.0161041122933815,0.5956692080451749,0.3901303440169815,0.1665233993532504,0.135091135554269,0.454690065244945,,,70.19733381714003,70.19733381714003,False,71.41641396753255,71.41641396753255,71.11164392993442,160.0,True,False,True,True,True,True,True,False,True,True,True,True,True,True,True,False,False,12,False,0.11743548419029293,0.10077307840600058,1.0,748571160.4,0.13184772516248838,2.0,3.0,,,,,,-0.004158806664733433,-0.0867291102741246,0.22940486825009437,-1.7580640040756579,0.3744047619047619,-1.7580640040756579,0.32295999907317385,-160.0,0.8095238095238095,0.5714285714285714,0.2857142857142857,0.7309523809523809,0.6333333333333333,大銀微系統
130.0,131.0,128.0,128.5,140019.0,-0.03383458646616544,131.2,0.032128514056224855,128.7,0.01984126984126977,128.23495063781738,0.05327868852459017,126.4549753189087,0.01740973425182482,59.375,235118.3,0.5955257417223585,-0.0015540015540014274,4736.TW,2026-09-29,0.04067327001066445,0.027226623158110197,bull,0.22562674094707522,0.22562674094707522,2026-03-31,2026-05-15,1074466000.0,531890000.0,272939000.0,362978000.0,69184000.0,284846000.0,2.99,7743817000.0,2835366000.0,13071771000.0,3115964000.0,9955807000.0,2352593000.0,940000000.0,169444000.0,,0.1906010832612444,220916530.9357592,10236405000.0,0.0215814566672341,0.0286110407724858,0.0217909264169331,0.3129795505276468,0.4950272972806957,0.2540229285989505,0.2651047124804321,0.0999991809891194,,,73.12470502530472,73.12470502530472,False,70.78497369235531,70.78497369235531,71.36990652559265,136.0,True,False,True,True,False,True,True,True,False,False,True,True,False,True,True,False,False,9,False,0.00206690423214817,0.016171959038653316,1.0,30212701.549999997,0.4568245125348189,2.0,3.0,,,,,,0.04364109259571039,0.013305135223601694,0.1772549004366013,-1.3400570391892372,0.6541666666666666,-1.3400570391892372,0.6721210291318986,-136.0,0.8214285714285714,0.5833333333333334,0.7738095238095238,0.8142857142857143,0.7404761904761905,泰博
106.0,106.0,104.0,104.5,5441369.0,-0.02336448598130836,105.4,0.03980099502487566,104.5,0.03345882148778734,102.30969060262045,0.12004283581886965,100.79048055013021,0.00966183574879227,61.904761904761905,4849911.55,1.1219522137470734,0.0,4904.TW,2026-09-29,0.04067327001066445,0.027226623158110197,bull,0.2051996285979573,0.19962859795728877,2026-03-31,2026-05-15,27804510000.0,9180075000.0,4900562000.0,4717879000.0,943576000.0,3708354000.0,1.03,36726189000.0,39569231000.0,185313352000.0,85176808000.0,100136544000.0,7149542000.0,1907000000.0,7161318000.0,18487164000.0,0.2000000423919307,3920449392.255715,145744121000.0,0.026899537115845,0.0370329736963959,0.0200112617897063,0.850606627686292,0.3301649624467397,0.1762506154577081,0.1333723917450802,0.0676669313513584,,,64.90506799565857,64.90506799565857,False,73.86427363573033,73.86427363573033,71.62447222571238,210.0,True,False,True,True,False,True,True,True,False,True,True,True,True,True,True,False,False,11,False,0.021408621064908706,0.03680426395055014,1.0,506815756.97499996,0.1606313834726091,2.0,3.0,,,,,,0.027769668800983062,-0.03155225054461659,0.236931529600473,-1.378487167904909,0.6321428571428571,-1.378487167904909,0.6112653898946582,-210.0,0.7380952380952381,0.6071428571428571,0.7023809523809523,0.7327380952380952,0.6916666666666667,遠傳
43.54999923706055,46.20000076293945,43.5,46.0,16012738.0,0.07981224525029895,44.619999694824216,0.24492554939640554,37.76749973297119,0.1499999999999999,33.810833263397214,0.2994349722378413,38.79916666348775,0.05754287531484722,68.79310607910156,9254025.85,1.7303537141081144,0.21797842921123545,4956.TW,2026-09-29,0.04067327001066445,0.027226623158110197,bull,0.033426183844011144,0.09099350046425256,2026-03-31,2026-05-15,360756000.0,72617000.0,18055000.0,29752000.0,5975000.0,23777000.0,0.24,1610894000.0,759943000.0,2802739000.0,1151829000.0,1650910000.0,224560000.0,170000000.0,382114000.0,,0.2008268351707448,14429071.4909922,2042796000.0,0.0070633932565915,0.0144023599105947,0.0084834870460645,0.6976933933406424,0.2012911774163146,0.0500476776547029,0.065908813713424,0.1527039764829934,,,36.85997471753586,36.85997471753586,False,86.9770892676151,86.9770892676151,74.44781063009529,576.0,True,True,True,True,True,True,True,True,True,True,True,True,True,False,False,False,False,13,False,0.3605106872594732,0.18559247416230318,1.0,425685189.09999996,0.1764159702878366,1.0,3.0,,,,,,-0.020444083410639472,-0.10498890106734947,0.20078617147144706,-1.7983838734319364,0.2833333333333333,-1.7983838734319364,0.3481412562649199,-576.0,0.4523809523809524,0.7619047619047619,0.32142857142857145,0.4327380952380952,0.519047619047619,光鋐
180.5,188.0,179.5,184.5,1605071.0,0.005449591280654031,181.1,0.14596273291925477,175.05,0.06647398843930641,167.74166666666667,0.2692201471852955,163.11903813680013,0.02473291380067334,71.5909090909091,1040309.95,1.5428776779458853,0.05398457583547556,4961.TW,2026-09-29,0.04067327001066445,0.027226623158110197,bull,0.07056638811513463,0.15134633240482823,2026-03-31,2026-05-15,4501219000.0,1251280000.0,294573000.0,378167000.0,58735000.0,224263000.0,1.86,18756288000.0,2898638000.0,26661399000.0,3800040000.0,22861359000.0,2014179000.0,,,,0.155314979889837,248821400.42891103,23762761000.0,0.0104710643863695,0.0098096967901164,0.0084115240914402,0.1662210894811634,0.2779869186547022,0.0654429389016619,0.049822725799389,-0.0343346930509377,,,36.99914354663914,36.99914354663914,False,78.1220453489306,78.1220453489306,67.84131989835772,574.0,True,True,True,True,True,True,True,True,True,True,True,True,True,True,False,False,False,14,False,0.09990560882309096,0.1310758211145695,1.0,191937185.775,0.24326833797585887,2.0,3.0,,,,,,0.005416842236599637,-0.06088059244884763,0.20435852478190103,-1.789800448746414,0.41428571428571426,-1.789800448746414,0.3532547087131158,-574.0,0.4642857142857143,0.4880952380952381,0.3333333333333333,0.4446428571428571,0.4452380952380952,天鈺
539.0,545.0,538.0,540.0,390025.0,0.0,539.0,0.020793950850661602,534.75,0.016949152542372836,528.398604329427,0.5,487.46180216471356,0.005169172932330827,49.25373134328358,549825.35,0.7093616181938501,0.009817671809256634,5434.TW,2026-09-29,0.04067327001066445,0.027226623158110197,bull,0.27298050139275765,0.23212627669452182,2026-03-31,2026-05-15,18536692000.0,2517460000.0,1430469000.0,1720554000.0,385901000.0,1322921000.0,6.86,26594173000.0,20377745000.0,43809103000.0,24343457000.0,19465646000.0,6619207000.0,553886000.0,2499050000.0,0.0,0.2242888046524549,1109630817.8976076,23431358000.0,0.0473566584530699,0.0679618338893042,0.0301973998417634,1.25058562145844,0.1358095608428947,0.07716959422965,0.0713676960268854,0.1762262681445767,,,65.82773904429318,65.82773904429318,False,61.825567358292275,61.825567358292275,62.8261102797925,202.0,True,False,True,True,True,True,True,False,False,False,True,True,False,True,True,False,False,9,False,0.021955765165761365,0.10777910720794037,1.0,296905689.0,0.20612813370473537,3.0,3.0,,,,,,0.05280729457696281,0.014053849363362746,0.24192375035402527,0.5180848998435809,0.8410714285714285,0.5180848998435809,0.7803409772088742,-202.0,0.75,0.30952380952380953,0.8928571428571429,0.7714285714285714,0.6464285714285715,崇越
48.95000076293945,49.34999847412109,48.54999923706055,48.84999847412109,6484820.0,-0.01213351424795206,49.2,0.1320972594826828,47.98000030517578,0.16309520176478776,44.99762833913167,0.23514537083343168,42.74006408055623,0.03155065652610438,62.17946178581467,8659096.65,0.7489026005963335,0.018132516953140998,5876.TW,2026-09-29,0.04067327001066445,0.027226623158110197,bull,0.0807799442896936,0.08635097493036212,2026-03-31,2026-05-15,,,,,1276742000.0,5109024000.0,,,,2488960189000.0,2207968500000.0,280991689000.0,30954201000.0,,,,,,2488960189000.0,,0.0181821178348089,0.0020526740534378,7.857771551385635,,,,,,,9.85663137943466,9.85663137943466,False,80.61835728212893,80.61835728212893,62.92792580645536,1039.0,True,True,True,True,True,True,True,True,True,True,True,True,False,True,False,False,False,13,False,0.08561273731929653,0.14295566759209555,1.0,422996858.13976705,0.17734447539461468,1.0,3.0,,,,,,0.009796216884845273,-0.136266430693513,0.1866754267314128,-1.2766603237290077,0.4011904761904762,-1.2766603237290077,0.40134439324116744,-1039.0,0.03571428571428571,0.32142857142857145,0.39285714285714285,0.08928571428571427,0.19285714285714287,上海商銀
25.899999618530277,28.5,25.899999618530277,28.5,9952188.0,0.038251337263282004,27.14000015258789,0.23913043478260865,24.362398147583008,0.10465119545666579,22.905799357096353,0.23913043478260865,22.948733011881515,0.04784967198299976,67.59909765386585,4093257.5,2.4313613301875097,0.1698355731382497,6133.TW,2026-09-29,0.04067327001066445,0.027226623158110197,bull,0.035283194057567316,0.11513463324048283,2026-03-31,2026-05-15,324191000.0,77708000.0,27678000.0,22995000.0,8071000.0,14924000.0,0.13,1167334000.0,805832000.0,2434869000.0,834956000.0,1599913000.0,389506000.0,523000000.0,0.0,,0.3509893455098934,17963316.894977167,1629037000.0,0.0110269545105342,0.009328007210392,0.006129282519922,0.521875877000812,0.2396982026027866,0.0853755964847882,0.0460345907196683,0.0760312529042366,,,38.81172473878017,38.81172473878017,False,83.7308076207433,83.7308076207433,72.50103690025253,540.0,True,True,True,True,True,True,True,True,True,True,True,True,True,False,False,False,False,13,False,0.24422638807278862,0.24189862617881186,1.0,116657838.75,0.2999071494893222,0.0,3.0,,,,,,0.03129643117843721,-0.06009194875111556,0.24682311584772504,-1.7166344700199359,0.5648809523809524,-1.7166344700199359,0.45537573706781026,-540.0,0.5119047619047619,0.6666666666666666,0.47619047619047616,0.506547619047619,0.5511904761904761,金橋
139.0,145.0,138.5,143.0,1280973.0,0.032490974729241895,140.7,0.032490974729241895,138.15,0.0792452830188679,135.39540125528973,0.3816425120772946,130.16020062764485,0.001268345714803489,60.93749999999999,825274.4,1.5521782815509604,0.03510676800579082,6206.TW,2026-09-29,0.04067327001066445,0.027226623158110197,bull,0.22469823584029713,0.13649025069637882,2026-03-31,2026-05-15,1510237000.0,689057000.0,424206000.0,442845000.0,88742000.0,359024000.0,2.51,5482164000.0,1306580000.0,6928875000.0,1318597000.0,5610278000.0,2258494000.0,,,,0.2003906558728223,339199081.4348135,5622295000.0,0.0603310714636662,0.0639939767690656,0.0518156266349154,0.2350323816395551,0.4562575277919956,0.2808870395838534,0.2377269263036198,0.1096002833077651,,,90.34179168403904,90.34179168403904,False,82.30440189301106,82.30440189301106,84.31374934076806,29.0,True,True,True,True,True,True,True,True,False,True,True,True,True,True,True,False,False,13,False,0.05616585699518484,0.09864612462519573,1.0,118014239.2,0.29619312906220985,2.0,1.0,,,,,,-0.008890125726831873,-0.07630803771604228,0.15430486879730765,-1.7016301898753567,0.28095238095238095,-1.7016301898753567,0.18596960257473516,-29.0,0.9761904761904762,0.9642857142857143,0.16666666666666666,0.8547619047619047,0.8107142857142856,飛捷
80.0999984741211,84.19999694824219,79.5999984741211,81.5,10685658.0,0.01368157280155069,79.11999969482422,0.06258152858854604,79.55499992370605,0.018750000000000044,74.40950368245443,0.49541284403669716,74.80891838073731,0.019805154202230127,54.44444601427826,11237278.6,0.9509115489937217,0.024448495734513465,6209.TW,2026-09-29,0.04067327001066445,0.027226623158110197,bull,0.15598885793871867,0.22841225626740946,2026-03-31,2026-05-15,1158467000.0,358262000.0,185538000.0,185592000.0,41530000.0,144062000.0,0.81,2748435000.0,1264771000.0,5147431000.0,1713919000.0,3433512000.0,434911000.0,30000000.0,74426000.0,242436000.0,0.2237704211388421,144020083.6027415,3882660000.0,0.0370931484092713,0.0419576223994557,0.0279871648595192,0.4991737323183958,0.3092552485310328,0.1601582090814844,0.1243557218289342,0.4794367125302983,,,81.24950417592753,81.24950417592753,False,69.36345362667184,69.36345362667184,72.33496626398576,82.0,True,False,True,True,True,True,True,True,True,False,True,True,True,True,True,False,False,12,False,0.09529019771190184,0.08944229864691633,1.0,915838205.9,0.11327762302692665,1.0,2.0,,,,,,0.0015424791433976406,-0.06740553161388077,0.3256502499922245,-1.252552060383896,0.6005952380952382,-1.252552060383896,0.6355366793789268,-82.0,0.8809523809523809,0.6547619047619048,0.75,0.8613095238095239,0.7869047619047619,今國光
209.0,221.5,209.0,216.0,11282373.0,0.1020408163265305,209.0,0.07196029776674928,195.975,0.048029084081677276,179.79791183471679,1.280887085118426,185.17627906799316,0.02017178552837064,64.58333333333334,4766122.8,2.367201491325402,0.1021814006888635,6278.TW,2026-09-29,0.04067327001066445,0.027226623158110197,bull,0.14206128133704735,0.17177344475394615,2026-03-31,2026-05-15,12555084000.0,1419454000.0,723987000.0,799040000.0,170919000.0,627376000.0,2.17,37797116000.0,26839243000.0,53112334000.0,30850052000.0,22262282000.0,9566156000.0,4162457000.0,1773538000.0,,0.2139054365238286,569122244.7274228,26273091000.0,0.0216617924677162,0.0281811181800679,0.0118122468502325,1.3857542546626622,0.113058104589344,0.0576648471647023,0.0499698767447513,0.0113360711318526,,,34.433104916963885,34.433104916963885,False,80.9774606836304,80.9774606836304,69.34137174196377,608.0,True,True,True,True,True,True,True,True,True,True,False,True,True,True,False,False,False,13,False,0.20134876871408158,0.16645609841144382,1.0,1029482524.8,0.10770659238625813,2.0,3.0,,,,,,0.017443629275556347,-0.042593568416653724,0.24577513685932972,-1.0166975740891921,0.6440476190476191,-1.0166975740891921,0.6029881469105607,-608.0,0.42857142857142855,0.5476190476190477,0.6785714285714286,0.4660714285714286,0.5142857142857142,台表科
381.5,388.5,350.5,354.0,3393318.0,-0.052208835341365445,372.9,0.34594607013059764,320.6508331298828,0.7611940298507462,237.69396540323893,1.0113636363636362,233.78448270161945,0.09988250787906566,62.44635193133047,3780211.45,0.8976529606564733,0.10400461631299973,6426.TW,2026-09-29,0.04067327001066445,0.027226623158110197,bull,0.019498607242339833,0.01021355617455896,2026-03-31,2026-05-15,154269000.0,60877000.0,19307000.0,27476000.0,-977000.0,28453000.0,0.74,831225000.0,83262000.0,1018747000.0,85873000.0,932874000.0,275168000.0,7500000.0,,,0.0,19307000.0,935485000.0,0.020638492332854,0.0305003676809515,0.0279294073994819,0.0920520884921222,0.3946158982037869,0.1251515210444094,0.1844375733297033,0.5607004835805192,,,75.05902824356723,75.05902824356723,False,91.21969653630418,91.21969653630418,87.17952946311995,120.0,True,True,True,True,True,True,True,True,True,True,True,True,True,True,True,False,False,14,False,0.48931000162100124,0.5142151262956676,1.0,1338194853.3,0.09192200557103064,2.0,3.0,,,,,,0.00019716490307122094,-0.12257135181562578,0.24237481242803915,-1.5506456467661223,0.444047619047619,-1.5506456467661223,0.3867178488526899,-120.0,0.8333333333333334,0.9880952380952381,0.35714285714285715,0.761904761904762,0.7845238095238095,統新
402.0,406.0,399.5,406.0,213493.0,0.025252525252525304,405.3,0.07692307692307687,390.3,0.0899328859060402,368.84899037679037,0.38566552901023887,337.8994951883952,0.02052555889658785,66.66666666666666,374041.2,0.5707740216853117,0.040225467589034114,6491.TW,2026-09-29,0.04067327001066445,0.027226623158110197,bull,0.1327762302692665,0.12627669452181986,2026-03-31,2026-05-15,1885667000.0,1005547000.0,542809000.0,566411000.0,88526000.0,472275000.0,6.06,6983966000.0,4705377000.0,16639674000.0,5326767000.0,11312907000.0,1204500000.0,831456000.0,457203000.0,,0.1562928686060122,457971824.2848391,11934297000.0,0.0383744282788369,0.0417465643446021,0.0283824671084301,0.4708574904752598,0.5332579930602805,0.2878604758952667,0.2504551439888379,0.1833499738625503,,,86.74813401220891,86.74813401220891,False,74.91562173166639,74.91562173166639,77.87374980180202,52.0,True,False,True,True,True,True,True,True,True,True,True,True,False,True,True,False,False,12,False,0.10072146214975075,0.20154071190202738,1.0,151860727.20000002,0.26740947075208915,2.0,2.0,,,,,,0.04853069021167053,0.001194372944385074,0.32568644933929,-1.2060414063106801,0.817857142857143,-1.2060414063106801,0.7568268951261642,-52.0,0.9166666666666666,0.8333333333333334,0.8690476190476191,0.9095238095238094,0.8821428571428571,晶碩
90.0,95.5,89.9000015258789,94.3000030517578,40532933.0,0.09017344568506136,88.9,0.32072830583314205,83.17499923706055,0.6010186860576767,75.47333297729492,0.7761175574336694,63.88570343653361,0.056592987329336576,72.95597122136459,26422173.55,1.5340499116508148,0.13375417994281436,6505.TW,2026-09-29,0.04067327001066445,0.027226623158110197,bull,0.02321262766945218,0.014856081708449397,2026-03-31,2026-05-15,161989437000.0,27190906000.0,24513957000.0,25616191000.0,5209581000.0,20407731000.0,2.14,296450387000.0,65693610000.0,463713281000.0,83114597000.0,380598684000.0,63985692000.0,123643000.0,1500200000.0,8100000000.0,0.2033706338307674,19528538027.20982,398019671000.0,0.0490642534780895,0.0536200776774099,0.0440093735421824,0.2183785716925915,0.1678560436011639,0.1513305895371437,0.1259818626321912,-0.0650893152444253,,,66.8716639923295,66.8716639923295,False,88.38263505762866,88.38263505762866,83.00489229130388,192.0,True,True,True,True,True,True,True,False,True,True,True,True,True,True,True,False,False,13,False,0.24944797495728221,0.4760736436977462,1.0,2491611046.399074,0.06220984215413185,1.0,3.0,,,,,,0.025565867230451816,-0.04085585741257851,0.18883142743597184,-1.5360566906361972,0.5267857142857143,-1.5360566906361972,0.5055130631904968,-192.0,0.7857142857142857,0.9285714285714286,0.5357142857142857,0.7482142857142857,0.7785714285714287,台塑化
272.5,303.5,268.0,303.5,11053286.0,0.12199630314232901,269.7,0.14312617702448205,254.13333892822266,0.5175000000000001,238.00277964274088,0.6539509536784742,228.5430564880371,0.009433649785388527,65.4485049833887,2570460.0,4.300119822911074,0.19425495796803127,6533.TW,2026-09-29,0.04067327001066445,0.027226623158110197,bull,0.0733519034354689,0.02042711234911792,2026-03-31,2026-05-15,326356000.0,325982000.0,-202956000.0,-191919000.0,-25688000.0,-166231000.0,-3.28,1735463000.0,291379000.0,6111740000.0,1760341000.0,4351399000.0,1046856000.0,,,1419903000.0,0.1338481338481338,-175790718.14671814,5820361000.0,-0.0302027173480679,-0.0382017369586195,-0.0271986373765899,0.4045459862448835,0.9988540121830148,-0.621885303165868,-0.5093548149873145,0.2031025355560307,,,38.84336576062605,38.84336576062605,False,87.34598177333164,87.34598177333164,75.22032777015525,539.0,True,True,True,True,True,True,True,True,True,True,False,True,False,False,False,False,False,11,False,0.27519519081069177,0.32797733899164183,1.0,780134610.0,0.12813370473537605,2.0,3.0,,,,,,-0.10650596500029534,-0.16350410884413896,0.11102516864564488,-2.1011435773741955,0.06785714285714285,-2.1011435773741955,0.08553764243419414,-539.0,0.5238095238095238,0.7857142857142857,0.047619047619047616,0.4523809523809524,0.5071428571428571,晶心科
51.5,51.79999923706055,51.0,51.59999847412109,355695.0,-0.020872908404053203,52.10000076293945,0.0351053170223965,49.35000057220459,0.0382293296180074,48.72000001271566,-0.07526883190618316,47.38166659673055,0.010183720902421312,62.05881904153261,666330.95,0.533811314032464,0.04559266212417756,6589.TW,2026-09-29,0.04067327001066445,0.027226623158110197,bull,0.2181987000928505,0.18848653667595172,2026-03-31,2026-05-15,308435000.0,64956000.0,-207240000.0,-141836000.0,406000.0,-142242000.0,-0.47,4188368000.0,910711000.0,10619357000.0,2413133000.0,8206224000.0,3257763000.0,0.0,1001914000.0,,0.0,-207240000.0,9708646000.0,-0.0213459219751137,-0.0173334288705743,-0.0133945963018288,0.2940613124867174,0.2105986674664029,-0.6719081816265988,-0.461173342843711,0.6954150931987708,,,33.08565989658788,33.08565989658788,False,76.36479848896091,76.36479848896091,65.54501384086765,628.0,True,True,True,True,True,True,True,True,False,True,True,True,False,True,False,False,False,12,False,0.059113268896834326,0.08902877801435571,1.0,34382676.00325965,0.44103992571959144,1.0,3.0,,,,,,-0.036110571253514585,-0.1263813213630958,0.11611379633472621,-2.2314520577928914,0.1339285714285714,-2.2314520577928914,0.1251225367506344,-628.0,0.38095238095238093,0.40476190476190477,0.11904761904761904,0.3416666666666666,0.33571428571428574,台康生技
45.25,45.95000076293945,45.04999923706055,45.650001525878906,20185.0,0.017837303879049804,45.12000045776367,0.03514746270722435,44.64250011444092,0.04104910181057653,43.882117080688474,0.1285537865231321,42.73189182281494,0.004952451297979462,61.33332926433529,23419.25,0.8618977977518495,0.022568212104054686,6666.TW,2026-09-29,0.04067327001066445,0.027226623158110197,bull,0.21727019498607242,0.1829155060352832,2026-03-31,2026-05-15,227573000.0,146827000.0,8613000.0,16135000.0,5516000.0,14938000.0,0.32,887322000.0,386264000.0,2243046000.0,445810000.0,1797236000.0,431040000.0,0.0,43267000.0,,0.3418655097613883,5668512.364425163,1856782000.0,0.0030528690844833,0.0083116518921276,0.0066596940053837,0.2480531215711236,0.6451863797550677,0.0378471962842692,0.0656404758033685,-0.0829105328696296,,,36.34402763196038,36.34402763196038,False,75.41932499227887,75.41932499227887,65.65050065219926,584.0,True,True,True,True,True,True,True,True,False,True,True,True,True,True,False,False,False,13,False,0.040287127486117624,0.06828880207699961,1.0,1069088.7982349396,0.8922934076137419,1.0,3.0,,,,,,0.01736497064547658,0.00046791361698052275,0.1593336752824679,-1.3314774017303663,0.5464285714285714,-1.3314774017303663,0.5714740249285185,-584.0,0.44047619047619047,0.42857142857142855,0.6190476190476191,0.46726190476190477,0.4726190476190476,羅麗芬-KY
330.5,335.5,321.0,335.5,8154234.0,0.11092715231788075,318.4,0.1588946459412781,296.925,0.06507936507936507,268.31666666666666,1.4232292379015306,241.8429047902425,0.03756442736088058,66.36363636363636,5762394.55,1.4150773483568564,0.12991496169066252,6672.TW,2026-09-29,0.04067327001066445,0.027226623158110197,bull,0.059424326833797586,0.1532033426183844,2026-03-31,2026-05-15,1245827000.0,423777000.0,145352000.0,148482000.0,24894000.0,123588000.0,1.73,4606299000.0,1439948000.0,6456499000.0,2742865000.0,3713634000.0,1563255000.0,30000000.0,69263000.0,896840000.0,0.1676566856588677,120982765.42611226,5016551000.0,0.0241167219123481,0.0332795315855035,0.0191416431722517,0.7385932485538425,0.3401571807321562,0.1166710947828229,0.0992015745364324,0.2185628742514969,,,64.4879602565514,64.4879602565514,False,86.88656857290431,86.88656857290431,81.28691649381608,215.0,True,True,True,True,True,True,True,True,True,True,False,True,True,True,True,False,False,13,False,0.2503882228709857,0.38726418412394215,1.0,1933283371.5249999,0.0733519034354689,2.0,3.0,,,,,,0.003486086316584277,-0.10130799471625396,0.30503435726865963,-1.5502920587917424,0.5226190476190476,-1.5502920587917424,0.5002980283400638,-215.0,0.7142857142857143,0.8809523809523809,0.5238095238095238,0.6857142857142857,0.7261904761904763,騰輝電子-KY
1505.0,1625.0,1480.0,1585.0,5079374.0,0.10839160839160833,1563.0,0.25296442687747045,1342.0,0.14855072463768115,1192.7833333333333,0.720955483170467,1197.8833333333334,0.06698469489167164,68.44919786096257,4040721.45,1.2570463128558391,0.18107302533532033,8996.TW,2026-09-29,0.04067327001066445,0.027226623158110197,bull,0.031569173630454965,0.09285051067780872,2026-03-31,2026-05-15,3422971000.0,993397000.0,708890000.0,760217000.0,154549000.0,605668000.0,6.54,6117858000.0,3808253000.0,8901358000.0,4255580000.0,4645778000.0,1874428000.0,690000000.0,245167000.0,0.0,0.2032959010387823,564775568.7126175,5093105000.0,0.1108902268287454,0.1303695527422963,0.0680422020999492,0.91601019248014,0.2902148455245458,0.2070978690733868,0.1769421943685763,2.3761538742261066,,,90.21884377245992,90.21884377245992,True,85.59682811909248,85.59682811909248,86.75233203243434,30.0,True,True,True,True,True,True,True,True,True,True,False,True,True,False,True,True,False,12,False,0.3288247376584179,0.32316725334965835,1.0,6404543498.25,0.031569173630454965,3.0,1.0,,,,,,0.03685784301132334,-0.06908131271486634,0.23413806389652572,-1.110429312879487,0.6273809523809524,-1.110429312879487,0.5505241486974016,-30.0,0.9642857142857143,0.9761904761904762,0.5833333333333334,0.9071428571428571,0.8916666666666666,高力
29.649999618530277,29.850000381469727,29.049999237060547,29.049999237060547,6374423.0,0.003454178635086791,29.339999771118165,0.037499972752162325,28.464999961853028,0.1437007745412504,27.601666673024496,0.13476557828835278,26.15670282046,0.006097020152451821,61.85566523792493,5366387.2,1.1878425395767194,0.020551529105620858,9945.TW,2026-09-29,0.04067327001066445,0.027226623158110197,bull,0.2135561745589601,0.09749303621169916,2026-03-31,2026-05-15,8802139000.0,2177505000.0,1558595000.0,3524918000.0,275592000.0,2706817000.0,0.99,56821154000.0,31229259000.0,206807304000.0,85163985000.0,121643319000.0,4687641000.0,7435539000.0,36077246000.0,,0.0781839464066965,1436737892.0502548,175578045000.0,0.0081829017520399,0.0222520811027854,0.0130885947819328,0.7001123094972441,0.247383618913539,0.1770700280920353,0.3075180930453381,0.2547092191019549,,,56.447152500431685,56.447152500431685,False,78.48323162662987,78.48323162662987,72.97421184508033,295.0,True,True,True,True,True,True,True,True,False,True,True,True,True,True,False,False,False,13,False,0.05247264888723291,0.11061395759473869,1.0,155893544.0657715,0.2627669452181987,0.0,3.0,,,,,,-0.014275193461285718,-0.05608871733577352,0.1200436792553981,-1.792541621721651,0.28035714285714286,-1.792541621721651,0.222377890373036,-295.0,0.6904761904761905,0.6785714285714286,0.2261904761904762,0.6208333333333333,0.5940476190476192,潤泰新
277.0,295.0,277.0,286.5,2141470.0,0.14143426294820727,270.1,0.3325581395348838,239.725,0.30227272727272725,224.43333333333334,0.25382932166301964,226.65833333333333,0.06698564593301427,68.06083650190114,1212585.65,1.7660360734105671,0.19511940765460434,4770.TW,2026-09-29,0.04067327001066445,0.027226623158110197,bull,0.022284122562674095,0.04178272980501393,2026-03-31,2026-05-15,1058605000.0,369927000.0,210485000.0,236117000.0,34491000.0,201626000.0,2.52,8447386000.0,2125986000.0,10526887000.0,2447197000.0,8079690000.0,2937319000.0,150000000.0,208913000.0,,0.1460758861073112,179738217.11270258,8400901000.0,0.0213951119186742,0.024954670290568,0.0191534306390863,0.3028825363349336,0.3494476221064514,0.1988324256923026,0.1904638651810637,0.0960345809390692,,,66.86426683810382,66.86426683810382,False,89.0579002419051,89.0579002419051,83.50949189095479,193.0,True,True,True,True,True,True,True,True,True,True,False,True,True,False,True,False,False,12,False,0.27654834397742456,0.2640170594507152,1.0,347405788.72499996,0.19127205199628597,2.0,3.0,,,,,,-0.005018386607035976,-0.08552966078108575,0.2690413963083791,-1.6415068562632011,0.4351190476190476,-1.6415068562632011,0.41915708572561206,-193.0,0.7738095238095238,0.9404761904761905,0.4166666666666667,0.7202380952380952,0.7523809523809525,上品
2455.0,2550.0,2420.0,2515.0,1045457.0,0.0958605664488017,2512.0,0.07249466950959493,2261.5,0.5429447852760736,1826.0486145019531,0.3306878306878307,1839.7326405843098,0.05628211116300794,60.3305785123967,1345010.3,0.7772854973675666,0.11209374309086884,6805.TW,2026-09-29,0.04067327001066445,0.027226623158110197,bull,0.14113277623026926,0.018570102135561744,2026-03-31,2026-05-15,4183854000.0,1351837000.0,1120299000.0,1165338000.0,248078000.0,917260000.0,13.38,14924697000.0,8114461000.0,16208746000.0,8785852000.0,7422894000.0,8031178000.0,410000000.0,,,0.2128807264501801,881808935.0385897,8094285000.0,0.1089421653720606,0.1235717497784556,0.0565904358054595,1.1836154470210676,0.3231080721267998,0.2677672308832956,0.219238051805823,0.858077701800986,,,90.14552363242608,90.14552363242608,True,88.89910776438272,88.89910776438272,89.21071173139356,31.0,True,True,True,True,True,True,True,True,True,True,True,True,False,True,True,True,False,13,False,0.3772908234899077,0.3670464634476569,1.0,3382700904.5,0.05013927576601671,3.0,2.0,,,,,,0.13601711598234473,0.017858358831142465,0.3123504417616207,-0.04945721875293554,0.9369047619047619,-0.04945721875293554,0.902986150381388,-31.0,0.9523809523809523,1.0,0.9642857142857143,0.9541666666666666,0.9690476190476189,富世達
25.5,26.25,25.450000762939453,25.649999618530277,272766.0,0.08456659755854523,25.03999977111817,0.1056033954750788,24.09000005722046,0.0321931277577403,23.730000050862632,-0.19718312970173357,25.105416679382326,0.020870851612225582,57.59998852539417,190938.85,1.4285516017300826,0.06475714228328688,6838.TW,2026-09-29,0.04067327001066445,0.027226623158110197,bull,0.10399257195914577,0.20241411327762301,2026-03-31,2026-05-15,45422000.0,39489000.0,-10650000.0,-14997000.0,255000.0,-15263000.0,-0.1,1487176000.0,129271000.0,2030443000.0,588640000.0,1441803000.0,273173000.0,,,,0.0,-10650000.0,1901172000.0,-0.0056018077270231,-0.0105860509376107,-0.00751707878527,0.4082665939798988,0.8693804764211175,-0.2344678790013649,-0.3360265950420501,75.46801346801347,,,42.28430373555609,42.28430373555609,False,82.00977135330317,82.00977135330317,72.0784044488664,475.0,True,True,True,True,True,True,True,True,True,True,True,True,True,True,False,False,False,14,False,0.0809102218100437,0.021691850252984812,1.0,4897581.4296626095,0.691736304549675,0.0,3.0,,,,,,0.054789147495831206,-0.05235763594803656,0.1699665623901116,-1.786991177185152,0.5279761904761905,-1.786991177185152,0.5588325463721644,-475.0,0.5833333333333334,0.6309523809523809,0.6071428571428571,0.5869047619047619,0.6023809523809524,台新藥
31.0,32.29999923706055,30.700000762939453,31.0,1294834.0,-0.018987353614766667,30.720000076293946,0.36865344468431993,27.250000190734863,0.41876427728990295,23.152500089009603,0.26789362096825897,22.96666677792867,0.08684814221258264,72.94118139845621,1164761.85,1.1116727423721853,0.1376146709364119,6885.TW,2026-09-29,0.04067327001066445,0.027226623158110197,bull,0.015784586815227482,0.02692664809656453,2026-03-31,2026-05-15,2823000.0,-320000.0,-83470000.0,-75995000.0,,-65328000.0,-0.5,1123451000.0,41113000.0,1728169000.0,47111000.0,1681058000.0,283632000.0,,5968000.0,,,-66776000.0,1687056000.0,-0.0395813772631139,-0.038861240956588,-0.0378018584987926,0.028024613071054,-0.1133545873184555,,,27.23,,,33.33333333333333,33.33333333333333,False,84.78390237956394,84.78390237956394,71.92126011800629,621.0,True,True,True,True,True,True,True,False,True,True,True,True,True,True,False,False,False,13,False,0.33894827257621185,0.3497822866395002,1.0,36107617.35,0.4336118848653668,1.0,3.0,,,,,,-0.0659301114009686,-0.11756646215129449,0.11693643335974599,-1.9972887594772035,0.1369047619047619,-1.9972887594772035,0.12031014846667021,-621.0,0.4166666666666667,0.6190476190476191,0.09523809523809523,0.368452380952381,0.4130952380952381,全福生技
300.5,314.0,299.5,308.0,1184592.0,0.014827018121911006,302.1,0.052991452991453025,291.55,0.07889214054688298,275.8106943766276,0.16446124763705106,286.12372767130535,0.02469027326245509,65.92592592592592,575999.0,2.056586903796708,0.056422569027611,6937.TW,2026-09-29,0.04067327001066445,0.027226623158110197,bull,0.1764159702878366,0.13834726090993502,2026-03-31,2026-05-15,582447000.0,243295000.0,75551000.0,79509000.0,17753000.0,64817000.0,0.96,2979355000.0,819804000.0,4523134000.0,1044661000.0,3478473000.0,472664000.0,71200000.0,178118000.0,,0.2232828987913317,58681753.71341609,3703330000.0,0.0158456723309605,0.0186337510741063,0.0143301082833274,0.3003217216290021,0.4177118261404042,0.1297130897746919,0.1112839451486573,0.2629110526156022,,,64.73082411847425,64.73082411847425,False,76.6725782271383,76.6725782271383,73.68713969997229,213.0,True,True,True,True,True,True,True,True,True,True,True,True,True,True,True,False,False,14,False,0.1167079677462286,0.07645738613410558,1.0,177407692.0,0.24976787372330547,2.0,3.0,,,,,,-0.004843729474090316,-0.06597705339173639,0.18908422657661056,-1.9142077239490691,0.3351190476190476,-1.9142077239490691,0.3403426906426906,-213.0,0.7261904761904762,0.7142857142857143,0.30952380952380953,0.663690476190476,0.6392857142857142,天虹
385.5,395.0,375.5,378.0,4133361.0,0.10526315789473695,349.8,0.4538461538461538,325.875,1.486842105263158,224.78914998372395,1.347826086956522,195.28624165852864,0.11030664395229983,63.59832635983264,1810692.55,2.282751425690684,0.15995397008055234,6933.TW,2026-09-29,0.04067327001066445,0.027226623158110197,bull,0.012999071494893221,0.0009285051067780873,2026-03-31,2026-05-15,1820470000.0,249043000.0,75692000.0,58930000.0,12357000.0,46573000.0,1.1,5046947000.0,2858081000.0,5403999000.0,3014996000.0,2389003000.0,1147835000.0,1110793000.0,,,0.2096894620736467,59820185.23672154,2545918000.0,0.0234965090143207,0.019494743204592,0.0086182473386838,1.2620310648416937,0.1368014853307113,0.041578273742495,0.0255829538525765,-0.0692122762723702,,,29.486569053500588,29.486569053500588,False,91.69978593878082,91.69978593878082,76.14648171746077,689.0,True,True,True,True,True,True,True,True,True,True,False,False,True,False,False,False,False,11,False,0.6815758235100289,0.9356202300260295,1.0,684441783.9,0.1392757660167131,2.0,3.0,,,,,,0.03542266897548614,-0.034799655304256515,0.3587438664292324,-1.6013449331819356,0.6892857142857143,-1.6013449331819356,0.5821918488918489,-689.0,0.2976190476190476,0.7976190476190477,0.6428571428571429,0.3494047619047619,0.5166666666666667,AMAX-KY
73.19999694824219,76.0999984741211,73.0999984741211,76.0999984741211,42232.0,-0.009114642575794751,74.43999938964843,0.026990553862136446,74.88000030517578,0.09496400682188622,75.05500005086263,-0.08313254850456508,75.48833338419597,0.0024767417992218044,45.50898121523942,56924.1,0.7419001793616412,0.016292710523145848,6934.TW,2026-09-29,0.04067327001066445,0.027226623158110197,bull,0.2488393686165274,0.11977715877437325,2026-03-31,2026-05-15,3685000.0,-16447000.0,-50409000.0,-50082000.0,0.0,-50082000.0,-1.43,534649000.0,48275000.0,709636000.0,137947000.0,571689000.0,78973000.0,,41591000.0,,-0.0,-50409000.0,661361000.0,-0.0762200976471246,-0.0876035746708437,-0.0705742098766128,0.2412972787652027,,,,,,,25.0,25.0,False,55.89811584907367,55.89811584907367,48.17358688680525,768.0,True,False,True,True,True,False,True,False,False,True,True,True,False,True,False,False,False,9,False,0.013923102025851675,0.008102776449071536,1.0,4331923.923140717,0.7103064066852368,1.0,3.0,,,,,,0.06356439642642717,-0.010235993006102404,0.21041341365990704,-2.107010135420219,0.5779761904761904,-2.107010135420219,0.6052993308182649,-768.0,0.23809523809523808,0.023809523809523808,0.6904761904761905,0.3059523809523809,0.2642857142857143,心誠鎂
161.0,167.0,158.0,163.5,406175.0,0.0092592592592593,162.8,0.02507836990595602,155.05,0.01238390092879249,157.025,0.24334600760456282,152.54166666666666,0.0033975084937712713,68.62745098039215,186452.5,2.178436867298642,0.054498548855207885,7827.TW,2026-09-29,0.04067327001066445,0.027226623158110197,bull,0.25719591457753016,0.24326833797585887,2026-03-31,2026-05-15,0.0,0.0,-319867000.0,-320859000.0,9489000.0,-273651000.0,-2.1,880888000.0,384114000.0,965156000.0,384114000.0,581042000.0,816012000.0,95154000.0,,,0.0,-319867000.0,581042000.0,-0.5505058154143763,-0.4709659542683661,-0.2835303308480701,0.6610778566781748,,,,,,,21.65668651223912,21.65668651223912,False,57.44870708995387,57.44870708995387,48.50070194552518,829.0,True,False,True,True,True,False,True,True,False,False,True,True,True,True,False,False,False,10,False,0.04123547205858946,0.07183829554766463,1.0,30484983.75,0.45496750232126276,2.0,3.0,,,,,,0.028920913731411483,-0.0960620044762876,0.3015563637606278,-2.1441724037188936,0.49047619047619045,-2.1441724037188936,0.40361398206737187,-829.0,0.19047619047619047,0.03571428571428571,0.40476190476190477,0.2226190476190476,0.1869047619047619,漢康-KY創
496.0,510.0,490.0,490.5,620707.0,-0.0267857142857143,509.9,0.2941952506596306,433.45,0.2544757033248082,400.05833333333334,0.4094827586206897,380.90833333333336,0.08913876499780128,68.68884540117418,920796.95,0.6740975847063786,0.13161841042796163,7799.TW,2026-09-29,0.04067327001066445,0.027226623158110197,bull,0.02692664809656453,0.0510677808727948,2026-03-31,2026-05-15,2885000.0,-17000.0,-88494000.0,-57578000.0,0.0,-57578000.0,-0.37,10455995000.0,34213000.0,11666612000.0,290333000.0,11376279000.0,2207595000.0,,,,-0.0,-88494000.0,11632399000.0,-0.0076075450988226,-0.0050612331149754,-0.0049352802681703,0.0255209106598036,-0.0058925476603119,,,11.59825327510917,,,33.33333333333333,33.33333333333333,False,84.37234447842299,84.37234447842299,71.61259169215057,623.0,True,True,True,True,True,True,True,True,True,True,True,True,False,True,False,False,False,13,False,0.22607119795029895,0.2877113916296572,1.0,451650903.97499996,0.17270194986072424,2.0,3.0,,,,,,-0.10260591526800225,-0.24181427685286247,0.16227215679518361,-2.193984296444225,0.10357142857142856,-2.193984296444225,0.10955304763593862,-623.0,0.40476190476190477,0.5952380952380952,0.08333333333333333,0.35654761904761906,0.3976190476190476,禾榮科
