Open,High,Low,Close,Volume,ret5,ma5,ret20,ma20,ret60,ma60,ret120,ma120,ma20_slope,rsi14,volume_ma20,volume_ratio,ma20_deviation,symbol,date,benchmark_ret20,benchmark_ret60,market_regime,rs20_rank_pct,rs60_rank_pct,period_date,as_of_date,revenue,gross_profit,operating_income,pretax_income,tax_expense,net_income_parent,eps,current_assets,current_liabilities,assets,liabilities,equity,cash,short_borrowings,long_borrowings,bonds_payable,tax_rate,nopat,invested_capital_proxy,roic_proxy,roe,roa,debt_to_equity,gross_margin,operating_margin,net_margin,revenue_growth,pe,pb,eva_like_score,fundamental_score,fundamental_pass,technical_score,score,final_score,fundamental_rank,pass_market,pass_score,pass_rs20,pass_rs60,pass_close_ma20,pass_ma20_ma60,pass_ma20_slope,pass_rsi,pass_ret20_benchmark,pass_ret60_benchmark,pass_ret5_cap,pass_ret20_cap,pass_volume_ratio,pass_ma20_deviation,pass_fundamental_score,pass_fundamental_filter,pass_fundamental_universe,entry_pass_count,entry_all_pass,close_ma60_ratio,close_ma120_ratio,above_ma120,turnover20,liquidity_rank,price_bucket,eva_rank_bucket,forward_60d_return,forward_60d_max_drawdown,reward_60,fwd60_rank_label,top_quantile_60,reg_forward60,reg_reward60,cls_topq60,rank_forward60,ensemble_score,ranker_score,stable_ensemble_score,fundamental_rank_score,fundamental_score_rank,final_score_rank,stable_ml_rank,fund_ml_85_15,fund_final_ml,name
26.799999237060547,27.25,26.600000381469727,27.200000762939453,1156505.0,0.0244821674032889,26.84000015258789,0.0092764375852556,26.93500003814697,0.0267430185838704,26.67300542195638,-0.0298221850616947,27.060850874582925,0.0002785285044869,51.78572036781841,690708.3,1.6743754201303211,0.0098385269878287,1104.TW,2026-07-30,-0.1406250241048188,-0.0234986945169712,bull,0.1685185185185185,0.2900834105653382,2026-03-31,2026-05-15,1759047000.0,491646000.0,285740000.0,347360000.0,56881000.0,284208000.0,0.41,7669095000.0,4410523000.0,31541057000.0,5780531000.0,25760526000.0,1637303000.0,2780000000.0,,,0.1637523030861354,238949416.91616768,27130534000.0,0.0088073982220979,0.0110326939752705,0.0090107316314732,0.2243949133647348,0.2794956587288458,0.1624402304202218,0.1615693042880605,-0.0879406052096436,,,42.753988441989705,42.753988441989705,False,67.89244126154404,67.89244126154404,61.60782805665545,465.0,True,False,True,True,True,True,True,True,True,True,True,True,True,True,False,False,False,13,False,0.0197576288328298,0.0051421106084741,1.0,18787266.28696861,0.5824074074074074,0.0,3.0,,,,,,0.0248297258747813,-0.0152470107998557,0.1165503644959938,-1.645540406097827,0.3384328358208954,-1.645540406097827,0.382483198200731,-465.0,0.5671641791044776,0.3656716417910448,0.2686567164179104,0.5223880597014925,0.4470149253731343,環泥
16.100000381469727,16.149999618530273,15.899999618530272,16.100000381469727,255159.0,0.0031153362483484,15.999999809265136,0.0451354519200488,15.852687883377076,0.0662251638898743,15.271507199605306,-0.0092307457557091,15.44950361251831,0.014116291172568,63.15791058740379,236457.7,1.0790894100720765,0.0156006665817207,1110.TW,2026-07-30,-0.1406250241048188,-0.0234986945169712,bull,0.0888888888888888,0.216867469879518,2026-03-31,2026-05-15,582643000.0,83497000.0,44070000.0,33666000.0,8657000.0,25695000.0,0.05,2827051000.0,1931603000.0,12789768000.0,3130316000.0,9659452000.0,402347000.0,1166000000.0,483161000.0,,0.2571437058159567,32737676.884690788,10858165000.0,0.0030150284955782,0.0026600887917865,0.0020090278416309,0.3240676593247732,0.1433073082487904,0.0756380836979076,0.0441007615297875,-0.2132017328270251,,,22.850230007474945,22.850230007474945,False,76.47310212164075,76.47310212164075,63.0673840930993,812.0,True,True,True,True,True,True,True,True,True,True,True,True,True,True,False,False,False,14,False,0.0542509112581783,0.0421047035080361,1.0,3806969.0602014544,0.8018518518518518,0.0,3.0,,,,,,0.0179467025123836,-0.009309180829268,0.1117510352153167,-1.490116225797531,0.3376865671641791,-1.490116225797531,0.3906131929432325,-812.0,0.2388059701492537,0.4701492537313433,0.2835820895522388,0.2455223880597014,0.3171641791044776,東泥
12.350000381469728,12.399999618530272,12.199999809265137,12.399999618530272,409748.0,0.0,12.30999984741211,0.0081300346540429,12.423665952682494,0.0081300346540429,12.32872200012207,-0.1448276125151536,13.022694325447082,0.0004026135894457,47.81027415740092,508358.7,0.8060214175541798,-0.0019049396725862,1201.TW,2026-07-30,-0.1406250241048188,-0.0234986945169712,bull,0.1712962962962963,0.3456904541241891,2026-03-31,2026-05-15,5001067000.0,1370784000.0,39544000.0,115681000.0,13929000.0,101516000.0,0.2,6636593000.0,6226099000.0,18440986000.0,10657178000.0,7783808000.0,1265176000.0,2295941000.0,3358980000.0,,0.1204087101598361,34782557.96543944,12214887000.0,0.0028475546245691,0.0130419455361694,0.0055049117221823,1.3691470807090822,0.2740983074211963,0.0079071126221664,0.0202988682215215,-0.0395234363896859,,,23.86207123535312,23.86207123535312,False,61.21884975800639,61.21884975800639,51.87965512734306,788.0,True,False,True,True,False,True,True,False,True,True,True,True,True,True,False,False,False,11,False,0.0057814279864121,-0.0478161194108679,0.0,6303647.686076545,0.7277777777777777,0.0,3.0,,,,,,0.0449171914664527,0.0225466772733858,0.1920392751373405,-1.3146795381840437,0.7037313432835821,-1.3146795381840437,0.7037313432835821,-788.0,0.2537313432835821,0.0522388059701492,0.7910447761194029,0.3343283582089552,0.3007462686567164,味全
50.79999923706055,50.79999923706055,48.95000076293945,48.95000076293945,67893.0,0.0370762705871408,48.23000106811524,0.1357309163788238,45.547500419616696,0.1201372976737418,43.7808334350586,0.2283564024407174,42.19875005086263,0.0286827499036267,76.85185021660772,44786.3,1.5159323275197996,0.0747022407810846,1203.TW,2026-07-30,-0.1406250241048188,-0.0234986945169712,bull,0.0148148148148148,0.1353104726598702,2026-03-31,2026-05-15,1323768000.0,456272000.0,208493000.0,249342000.0,68578000.0,116595000.0,0.49,5022031000.0,1735171000.0,10736920000.0,3144376000.0,7592544000.0,2426460000.0,788000000.0,42900000.0,0.0,0.2750358944742562,151149941.2533789,9001749000.0,0.0167911748320664,0.015356512915829,0.0108592594524314,0.4141399773251232,0.3446767107227248,0.1574996525070858,0.0880781224504596,-0.1421895108456875,,,48.49143294825629,48.49143294825629,False,81.69741653348085,81.69741653348085,73.3959206371747,390.0,True,True,True,True,True,True,True,False,True,True,True,True,True,True,False,False,False,13,False,0.1180691851275155,0.1599869831201035,1.0,2192289.4191692355,0.8638888888888889,1.0,3.0,,,,,,0.0488228773901988,0.0010334586684469,0.2353502295319809,-1.1362315758190138,0.7522388059701492,-1.1362315758190138,0.6886140342309925,-390.0,0.6417910447761194,0.8731343283582089,0.746268656716418,0.6574626865671641,0.7320895522388059,味王
57.70000076293945,57.79999923706055,57.0,57.400001525878906,1283018.0,0.0087873459857921,57.6,-0.0034721693322966,57.63500022888184,0.103846183189979,55.12999998728434,0.1102514638070457,53.98833338419596,0.0076048957464415,52.70271245539641,2291004.7,0.5600241675628164,-0.0040773610144824,1210.TW,2026-07-30,-0.1406250241048188,-0.0234986945169712,bull,0.2203703703703703,0.154772937905468,2026-03-31,2026-05-15,26901827000.0,3784019000.0,1180916000.0,1208431000.0,239406000.0,788702000.0,0.94,32105270000.0,38581024000.0,76955549000.0,42538320000.0,34417229000.0,7061143000.0,20244237000.0,40800000.0,,0.1981130904453791,946961081.6836046,38374525000.0,0.0246768157178129,0.0229159064490636,0.0102487996024822,1.235960047800478,0.1406602979046739,0.0438972416260055,0.0293177857399796,0.0563562746423034,,,36.259563246145234,36.259563246145234,False,65.30035705835931,65.30035705835931,58.04015860530579,586.0,True,False,True,True,False,True,True,True,True,True,True,True,False,True,False,False,False,11,False,0.0411754315094892,0.0631926923434469,1.0,131503673.27579576,0.3092592592592592,1.0,3.0,,,,,,0.0232764599842683,-0.0168811615200848,0.154699809975644,-1.4351684817400532,0.4455223880597014,-1.4351684817400532,0.4670201676570104,-586.0,0.4029850746268656,0.1940298507462686,0.4029850746268656,0.4029850746268656,0.3402985074626866,大成
9.989999771118164,10.0,9.93000030517578,9.9399995803833,493539.0,-0.0010050481480938,9.971999549865725,-0.0050050242122544,9.995999813079834,0.0257997947188879,9.821166610717771,-0.0479193352892852,9.94873661994934,0.0033122450347434,45.762703645453705,516804.75,0.9549815476734684,-0.0056022642800829,1217.TW,2026-07-30,-0.1406250241048188,-0.0234986945169712,bull,0.2388888888888889,0.2956441149212233,2026-03-31,2026-05-15,1166163000.0,307298000.0,21356000.0,-57188000.0,6806000.0,-62857000.0,-0.13,2601435000.0,2999272000.0,15268066000.0,7073706000.0,8194360000.0,482770000.0,1265443000.0,3886095000.0,,0.0,21356000.0,12268794000.0,0.0017406763859593,-0.0076707637936336,-0.0041168933904267,0.8632408144138163,0.2635120476297052,0.0183130488619515,-0.0539006982728829,-0.0155472825811679,,,21.61740390137036,21.61740390137036,False,60.44223046030275,60.44223046030275,50.73602382056965,832.0,True,False,True,True,False,True,True,False,True,True,True,True,True,True,False,False,False,11,False,0.01209967963845,-0.0008782059370754,0.0,5137038.998140097,0.7555555555555555,0.0,3.0,,,,,,0.0620313177285459,0.0124526472468215,0.1555850609446688,-1.2125015826462662,0.6955223880597016,-1.2125015826462662,0.6712170762773788,-832.0,0.2238805970149253,0.044776119402985,0.7089552238805971,0.2966417910447761,0.2671641791044776,愛之味
30.0,30.100000381469727,29.75,29.950000762939453,1745431.0,0.0399306095952618,29.530000305175783,0.0239316500150239,29.31437511444092,0.041739156971807,28.89395840962728,0.0152542631504899,29.31114584604899,0.0026507640460473,52.68685613899146,1468611.2,1.1884908681072297,0.021683070030219,1227.TW,2026-07-30,-0.1406250241048188,-0.0234986945169712,bull,0.1314814814814814,0.2539388322520852,2026-03-31,2026-05-15,7770446000.0,1821298000.0,534137000.0,622219000.0,141852000.0,476916000.0,0.52,16438192000.0,7319301000.0,27104794000.0,7697855000.0,19406939000.0,2664511000.0,757042000.0,,,0.2279776091697617,412365723.7708909,19785493000.0,0.0208418220243938,0.0245745091485061,0.0175952637751093,0.3966547738414595,0.2343878330793367,0.0687395549753514,0.0613756276023281,0.1293742390423922,,,51.53019690683178,51.53019690683178,False,68.84793797376689,68.84793797376689,64.51850270703312,347.0,True,False,True,True,True,True,True,True,True,True,True,True,True,True,False,False,False,13,False,0.0365488985046891,0.0217956309264033,1.0,43984906.560461424,0.4518518518518518,0.0,3.0,,,,,,0.0029430187679686,-0.0488163130408552,0.1326917486640768,-1.5746083496749466,0.1813432835820895,-1.5746083496749466,0.2034074908476485,-347.0,0.6716417910447762,0.5447761194029851,0.0298507462686567,0.5753731343283582,0.505223880597015,佳格
29.0,29.0,28.799999237060547,28.950000762939453,21000.0,-0.0068610242953034,29.04000015258789,0.0211640343349661,28.488999938964845,-0.0017241116227775,28.29966656366984,-0.1023255577383115,29.43524998029073,0.0068029621903226,76.53565786439812,24508.6,0.8568420880833667,0.0161817131160189,1233.TW,2026-07-30,-0.1406250241048188,-0.0234986945169712,bull,0.1361111111111111,0.3790546802594995,2026-03-31,2026-05-15,568211000.0,347046000.0,36343000.0,38337000.0,7932000.0,30405000.0,0.34,681747000.0,542926000.0,2187347000.0,788420000.0,1398927000.0,178114000.0,141500000.0,,,0.206901948509273,28823562.48532749,1644421000.0,0.0175280919456316,0.021734515096213,0.0139004008051763,0.5635890936410549,0.6107695908738128,0.0639603949941131,0.0535100517237434,0.0370327785078112,,,52.3201600502199,52.3201600502199,False,62.78877575318075,62.78877575318075,60.17162182744054,335.0,True,False,True,True,True,True,True,False,True,True,True,True,True,True,False,False,False,12,False,0.022980277799615,-0.0164853098810504,0.0,709523.9886985779,0.9592592592592591,0.0,3.0,,,,,,0.0146252484087351,-0.0117288342795269,0.1031409046562677,-1.249526212345512,0.3451492537313432,-1.249526212345512,0.3379316899197184,-335.0,0.7164179104477612,0.291044776119403,0.208955223880597,0.6402985074626866,0.4873134328358208,天仁
34.45000076293945,34.45000076293945,33.900001525878906,34.150001525878906,140108.0,0.0163691391885456,33.89000015258789,0.0348485310872395,33.569999885559085,0.0225996793373641,33.20734354654948,-0.0326013615004601,33.859487533569336,0.0044883246236597,67.27276510448817,150176.25,0.9329571087305748,0.0172773798718219,1234.TW,2026-07-30,-0.1406250241048188,-0.0234986945169712,bull,0.112037037037037,0.3049119555143652,2026-03-31,2026-05-15,2328332000.0,557527000.0,46713000.0,161229000.0,45434000.0,115795000.0,0.29,9159072000.0,3415273000.0,24080659000.0,5772622000.0,18308037000.0,1408774000.0,1850000000.0,,,0.281797939576627,33549372.84855702,20665386000.0,0.0016234573527229,0.0063248178928194,0.0048086308601438,0.3153053492299584,0.23945339410359,0.0200628604511727,0.0497330277640817,0.0442032336085038,,,29.050875465298464,29.050875465298464,False,68.48613265202808,68.48613265202808,58.62731835534568,698.0,True,False,True,True,True,True,True,True,True,True,True,True,True,True,False,False,False,13,False,0.028387033669466,0.0085799878696197,1.0,5128519.166650772,0.7564814814814815,1.0,3.0,,,,,,0.0175219738420733,-0.0096777924856366,0.140029285562127,-1.5131459784689425,0.360820895522388,-1.5131459784689425,0.3790388120556921,-698.0,0.3358208955223881,0.2238805970149253,0.2611940298507462,0.3246268656716418,0.2873134328358209,黑松
63.400001525878906,63.400001525878906,62.79999923706055,63.400001525878906,26012.0,-0.0124609884796137,63.62000045776367,0.0160256406337631,63.96000003814697,0.0160256406337631,62.39666665395101,0.0202463272972597,62.1230360031128,0.0051862347137607,48.611133186891486,28501.05,0.9126681297706576,-0.0087554489045351,1315.TW,2026-07-30,-0.1406250241048188,-0.0234986945169712,bull,0.149074074074074,0.3234476367006487,2026-03-31,2026-05-15,400564000.0,44047000.0,-40608000.0,22670000.0,8119000.0,13937000.0,0.15,7354156000.0,780905000.0,11315299000.0,994940000.0,10320359000.0,2244943000.0,109175000.0,,,0.3581385090427878,-26064711.42479048,10534394000.0,-0.0024742487726195,0.0013504375186948,0.001231695247293,0.0964055610856172,0.1099624529413526,-0.1013770583477297,0.0347934412478405,-0.2598363215400335,,,15.52001612125422,15.52001612125422,False,62.44158686026156,62.44158686026156,50.711194175509725,951.0,True,False,True,True,False,True,True,False,True,True,True,True,True,True,False,False,False,11,False,0.0160799434606393,0.0205554268581162,1.0,1806966.613489151,0.8805555555555555,1.0,3.0,,,,,,0.0045882033324871,-0.0217574287701949,0.1391566758775702,-1.3682965060699517,0.2981343283582089,-1.3682965060699517,0.3117534998604717,-951.0,0.1417910447761194,0.0373134328358208,0.1343283582089552,0.1406716417910447,0.108955223880597,達新
32.349998474121094,32.349998474121094,31.850000381469727,32.150001525878906,141722.0,0.0110063615476587,32.23000106811524,0.025518377501585,31.860000133514404,0.0991453513120994,30.64833351771037,-0.0402984619140625,31.79458335240682,0.0095856817799483,59.459477571623616,134159.35,1.0563706517659783,0.0091023663260891,1321.TW,2026-07-30,-0.1406250241048188,-0.0234986945169712,bull,0.124074074074074,0.1621872103799814,2026-03-31,2026-05-15,880894000.0,105477000.0,20883000.0,93159000.0,58043000.0,35116000.0,0.16,2103160000.0,996940000.0,11565078000.0,5771280000.0,5793798000.0,430438000.0,490000000.0,3742014000.0,,0.4,12529800.0,10568138000.0,0.0011856203997336,0.0060609638099222,0.0030363824610607,0.9961134302576652,0.119738583756956,0.0237065980696882,0.0398640472065878,-0.1112010218886778,,,14.654052606066369,14.654052606066369,False,76.73969188975062,76.73969188975062,61.21828206882955,967.0,True,True,True,True,True,True,True,True,True,True,True,True,True,True,False,False,False,14,False,0.0489967262755344,0.0111785762226439,1.0,4313223.307210922,0.7814814814814814,1.0,3.0,,,,,,1.7920296452576068e-05,-0.0404241019758974,0.116277813455152,-1.4574567770569244,0.192910447761194,-1.4574567770569244,0.3033800089820653,-967.0,0.1194029850746268,0.3358208955223881,0.1194029850746268,0.1194029850746268,0.1843283582089552,大洋
69.9000015258789,70.0,68.19999694824219,68.4000015258789,206348.0,0.0395136527892856,68.57999877929687,0.0571870904506626,67.02999954223633,0.0637635813301724,65.72333297729492,-0.1330798453350604,65.26750001907348,0.0133796938770165,56.692928995593576,170213.65,1.2122882036781422,0.0204386393107363,1419.TW,2026-07-30,-0.1406250241048188,-0.0234986945169712,bull,0.0787037037037037,0.2224281742354031,2026-03-31,2026-05-15,1453047000.0,375765000.0,152661000.0,2932327000.0,127257000.0,2805070000.0,9.37,6923708000.0,4287205000.0,25723813000.0,5280888000.0,20442925000.0,2263855000.0,3450000000.0,0.0,,0.0433979566398972,146035824.54139665,21436608000.0,0.0068124502039406,0.1372147087562078,0.1090456535351116,0.2583235031190497,0.2586048489828615,0.1050626717511546,1.930474375570784,0.3659537865683988,,,72.80054807279497,72.80054807279497,True,75.7648383902092,75.7648383902092,75.02376581085565,140.0,True,True,True,True,True,True,True,True,True,True,True,True,True,True,True,True,False,14,False,0.0407263056715136,0.0479948137417549,1.0,11642613.919725418,0.6564814814814814,1.0,3.0,,,,,,-0.0241531935012161,-0.0612286793402913,0.1405216142756712,-0.7449262307400502,0.2958955223880597,-0.7449262307400502,0.3520350995606959,-140.0,0.9029850746268656,0.9029850746268656,0.2164179104477611,0.8,0.7656716417910447,新紡
31.14999961853028,31.64999961853028,30.950000762939453,31.450000762939453,279429.0,0.0145161536432081,31.05,0.0379538466942372,30.929999923706056,0.0697279309866758,29.68249994913737,-0.0455235194315116,30.42833334604899,0.006999835979816,63.82980622980051,192883.95,1.448689743236801,0.0168121836571635,1437.TW,2026-07-30,-0.1406250241048188,-0.0234986945169712,bull,0.1027777777777777,0.2103799814643188,2026-03-31,2026-05-15,173801000.0,106736000.0,81756000.0,164121000.0,25845000.0,138012000.0,0.68,2289494000.0,1297708000.0,13727130000.0,5454839000.0,8272291000.0,555767000.0,882000000.0,3400000000.0,,0.157475277386806,68881451.22196428,12429422000.0,0.0055418064671039,0.0166836490640863,0.0100539588391746,0.6594109177252105,0.6141276517396332,0.4704000552355855,0.7940805864177997,-0.0904852113118288,,,51.0413507613127,51.0413507613127,False,78.65303448423954,78.65303448423954,71.75011355350783,354.0,True,True,True,True,True,True,True,True,True,True,True,True,True,True,False,False,False,14,False,0.0595468985709017,0.0335761872091862,1.0,6066200.374658776,0.7314814814814815,1.0,3.0,,,,,,0.0081351668307129,-0.0307971225220186,0.0737741096926499,-1.7660928602249752,0.1481343283582089,-1.7660928602249752,0.2716347335123413,-354.0,0.664179104477612,0.835820895522388,0.0671641791044776,0.5746268656716418,0.5962686567164179,勤益控
27.450000762939453,27.5,26.549999237060547,27.049999237060547,32772.0,0.0265654210799588,26.879999923706052,0.1341718576271831,25.407500076293942,0.0169172499675713,25.325000095367432,-0.0938023821985397,26.68583334287008,0.0281234144742525,70.7602127840888,50305.8,0.6514556969574085,0.0646462326413257,1439.TW,2026-07-30,-0.1406250241048188,-0.0234986945169712,bull,0.0157407407407407,0.3215940685820204,2026-03-31,2026-05-15,75912000.0,22864000.0,4904000.0,59736000.0,1630000.0,54161000.0,0.59,3556714000.0,2128037000.0,6084300000.0,2619482000.0,3464818000.0,685342000.0,1313697000.0,338000000.0,,0.0272867282710593,4770185.884558725,3956263000.0,0.0012057302268728,0.0156317012899378,0.0089017635553802,0.7560229714807531,0.3011908525661292,0.0646011170829381,0.7134708609969438,-0.4434481696811513,,,31.08546525604612,31.08546525604612,False,71.87511211667108,71.87511211667108,61.67770040151484,660.0,True,False,True,True,True,True,True,True,True,True,True,True,False,True,False,False,False,12,False,0.0681144772042334,0.013646412668157,1.0,1360771.8516197205,0.9101851851851852,0.0,3.0,,,,,,0.0227294027382394,-0.01308404274332,0.1006583261657914,-1.3250528823580765,0.3835820895522389,-1.3250528823580765,0.489083344595912,-660.0,0.3805970149253731,0.3805970149253731,0.4328358208955223,0.3884328358208955,0.3910447761194029,雋揚
30.049999237060547,30.5,29.25,29.850000381469727,765752.0,0.0084459458370989,29.99000015258789,0.0603907916865613,29.257500076293944,0.1349810360224919,27.69749997456869,0.0328719991515265,27.73791666030884,0.0243326066098536,66.66666666666669,462344.6,1.6562364954624755,0.0202512280143805,1442.TW,2026-07-30,-0.1406250241048188,-0.0234986945169712,bull,0.0722222222222222,0.1223354958294717,2026-03-31,2026-05-15,302076000.0,150633000.0,104031000.0,105298000.0,19596000.0,85702000.0,0.23,13238665000.0,2535144000.0,14537328000.0,6447947000.0,8089381000.0,457751000.0,970000000.0,3173770000.0,,0.186100400767346,84670789.20777223,12002184000.0,0.0070546151606884,0.01059438293239,0.0058953062075781,0.7970878117868351,0.4986592777976403,0.3443868430461208,0.2837100597200704,-0.7804954613231485,,,47.44569679476102,47.44569679476102,False,79.69761451364465,79.69761451364465,71.63463508392374,399.0,True,True,True,True,True,True,True,True,True,True,True,True,True,True,False,False,False,14,False,0.0777146099423207,0.0761442810224872,1.0,13800986.486370469,0.6222222222222222,0.0,3.0,,,,,,0.0611121780919927,0.0306326629268163,0.2244054191780962,-1.408854950381221,0.7608208955223881,-1.408854950381221,0.7361020340122183,-399.0,0.6268656716417911,0.8134328358208955,0.8208955223880597,0.6559701492537313,0.7216417910447761,名軒
17.399999618530273,17.399999618530273,17.299999237060547,17.399999618530273,105089.0,0.0,17.399999618530273,0.0205278825296926,17.322499752044678,0.0265486038546221,16.953333218892414,0.0157920476002879,17.00645416577657,0.0056603740992263,55.55557910307952,157238.1,0.6683431051380041,0.0044739424214133,1451.TW,2026-07-30,-0.1406250241048188,-0.0234986945169712,bull,0.1379629629629629,0.2919369786839666,2026-03-31,2026-05-15,1528005000.0,251389000.0,90072000.0,117186000.0,24897000.0,92289000.0,0.47,5411009000.0,1104512000.0,8789257000.0,1451967000.0,7337290000.0,1101248000.0,128340000.0,,,0.2124571194511289,70935562.33679791,7684745000.0,0.0092306982647827,0.0125780771919877,0.0105002049661308,0.1978887300352037,0.1645210585043897,0.0589474510881836,0.0603983625708031,0.1312304459905859,,,38.81138540584345,38.81138540584345,False,67.88615862699587,67.88615862699587,60.61746532170776,541.0,True,False,True,True,True,True,True,True,True,True,True,True,False,True,False,False,False,12,False,0.0263468188745388,0.0231409468968355,1.0,2735942.880018425,0.8342592592592593,0.0,3.0,,,,,,0.0321495690144904,0.0043723018654706,0.1413129200186987,-1.32815653417419,0.5473880597014925,-1.32815653417419,0.5745589211682767,-541.0,0.4701492537313433,0.3134328358208955,0.5373134328358209,0.4802238805970149,0.4365671641791044,年興
10.199999809265137,10.199999809265137,9.43000030517578,9.43000030517578,953496.0,-0.0844660067425701,10.00599994659424,0.0679502136640899,9.340999937057497,0.3170391768351968,7.976833335558573,0.1982211489582348,7.6155833522478735,0.0668113286924812,59.69582141995934,1304698.0,0.7308173998887099,0.0095279272795198,1467.TW,2026-07-30,-0.1406250241048188,-0.0234986945169712,bull,0.0574074074074074,0.0379981464318813,2026-03-31,2026-05-15,1182469000.0,233654000.0,6454000.0,43184000.0,15488000.0,25429000.0,0.11,4780307000.0,3706895000.0,8859724000.0,5854515000.0,3005209000.0,1788594000.0,1910806000.0,1915954000.0,,0.3586513523527232,4139264.171915524,5152829000.0,0.0008032993471965,0.00846164110383,0.0028701797031149,1.948122410121892,0.197598414842165,0.0054580712052493,0.0215050035138341,-0.0488497818933252,,,14.540544369959688,14.540544369959688,False,81.67273074578443,81.67273074578443,64.88968415182825,970.0,True,True,True,True,True,True,True,True,True,True,True,True,False,True,False,False,False,13,False,0.1821734149990799,0.2382505540291077,1.0,12303302.53816223,0.6444444444444445,0.0,3.0,,,,,,0.0659309221730264,0.0256536694478407,0.2401446270938617,-0.9542187666764091,0.860820895522388,-0.9542187666764091,0.8736272632899338,-970.0,0.1119402985074626,0.5671641791044776,0.9701492537313432,0.2406716417910447,0.4201492537313432,南緯
13.449999809265137,13.850000381469728,13.25,13.699999809265137,56000.0,0.0223880745727789,13.3,0.1322313535002603,12.994999980926512,0.1229508215943449,12.358333349227903,0.0300751588566836,12.412499992052714,0.026461290819125,60.13513826993117,56660.95,0.9883349996779088,0.0542516221141509,1468.TW,2026-07-30,-0.1406250241048188,-0.0234986945169712,bull,0.0166666666666666,0.1316033364226135,2026-03-31,2026-05-15,127625000.0,33061000.0,6858000.0,37576000.0,10255000.0,27394000.0,0.17,2026221000.0,1309595000.0,3251907000.0,1720312000.0,1531595000.0,422483000.0,1024218000.0,318861000.0,,0.2729135618479881,4986358.792846498,1942312000.0,0.002567228536325,0.0178859293742797,0.0084239801445736,1.1232159937842576,0.2590479921645445,0.0537355533790401,0.2146444662095984,-0.4821632894854295,,,27.22145617109853,27.22145617109853,False,84.76992762109296,84.76992762109296,70.38280975859435,730.0,True,True,True,True,True,True,True,True,True,True,True,True,True,True,False,False,False,14,False,0.1085637053252859,0.1037260679183695,1.0,776255.0041927814,0.9527777777777776,0.0,3.0,,,,,,0.0631972175162897,0.0214622855933594,0.2398598320778293,-0.8577030793588032,0.8645522388059701,-0.8577030793588032,0.838314573555226,-730.0,0.2985074626865671,0.7761194029850746,0.9552238805970148,0.3970149253731342,0.5731343283582089,昶和
22.39999961853028,23.0,22.39999961853028,22.950000762939453,18000.0,0.02000003390842,22.84000015258789,0.0928571791875929,22.307500076293945,0.0521066204473696,21.77904319763184,0.0314769780674595,21.87700200080872,0.0206555884897849,75.43862349587076,7800.0,2.3076923076923075,0.028802003113217,1470.TW,2026-07-30,-0.1406250241048188,-0.0234986945169712,bull,0.0388888888888888,0.2400370713623725,2026-03-31,2026-05-15,191305000.0,51630000.0,23476000.0,33194000.0,6523000.0,26671000.0,0.31,639175000.0,186883000.0,1180792000.0,196077000.0,984715000.0,246931000.0,25000000.0,,,0.196511417726095,18862697.95746219,993909000.0,0.0189782947507892,0.0270849941353589,0.0225873820283335,0.1991205577248239,0.2698831708528266,0.1227150361987402,0.1394161156268785,-0.1058090510512195,,,51.74217296976339,51.74217296976339,False,70.23257347537545,70.23257347537545,65.60997334897243,342.0,True,False,True,True,True,True,True,False,True,True,True,True,True,True,False,False,False,12,False,0.0537653355421483,0.0490468832105548,1.0,179010.00595092773,0.9916666666666668,0.0,3.0,,,,,,0.085080417056587,0.0079332941129897,0.2026527477933475,-1.0712577791866231,0.7899253731343283,-1.0712577791866231,0.7077781659304179,-342.0,0.6865671641791045,0.6119402985074627,0.7985074626865671,0.7033582089552238,0.6865671641791045,大統新創
338.5,355.5,334.5,352.0,4054239.0,0.0538922155688623,341.1,0.1174603174603174,336.9,0.1053245691908808,329.01022084554035,-0.1044451040607735,340.6255739847819,0.0189792060491492,60.8974358974359,1651597.95,2.454737244012685,0.0448204214900564,1476.TW,2026-07-30,-0.1406250241048188,-0.0234986945169712,bull,0.0222222222222222,0.1538461538461538,2026-03-31,2026-05-15,9621070000.0,3094736000.0,2194913000.0,2290689000.0,456173000.0,1834516000.0,6.69,23249199000.0,9214639000.0,36864649000.0,9360987000.0,27503662000.0,2958067000.0,280436000.0,,,0.1991422668026956,1757813049.7452948,27650010000.0,0.0635736858592562,0.0667007906074471,0.0497635553236923,0.3403542044692085,0.321662351484814,0.2281360597106143,0.1906769205504169,0.026290598239542,,,82.3980197254144,82.3980197254144,False,84.10825449739075,84.10825449739075,83.68069580439666,71.0,True,True,True,True,True,True,True,True,True,True,True,True,True,True,True,False,False,14,False,0.0698755774072217,0.0333927540500123,1.0,581362478.4,0.1611111111111111,2.0,2.0,,,,,,0.0228152672075498,-0.0300932088449461,0.2221180086499231,-0.6510828375239299,0.5869402985074627,-0.6510828375239299,0.6109580274358807,-71.0,0.9626865671641792,0.9925373134328358,0.6194029850746269,0.9111940298507464,0.9029850746268656,儒鴻
11.949999809265137,12.100000381469728,11.149999618530272,11.199999809265137,1353698.0,-0.0175438435050508,11.499999809265136,0.0566037175663023,11.294999933242796,0.092682908220989,10.607499996821083,-0.1040000152587891,11.000000015894573,0.0240253819166272,55.10204121352536,1722478.85,0.7859010866809772,-0.0084108122655284,1517.TW,2026-07-30,-0.1406250241048188,-0.0234986945169712,bull,0.0814814814814814,0.1742354031510658,2026-03-31,2026-05-15,438193000.0,4957000.0,-85854000.0,-50616000.0,-13838000.0,-41849000.0,-0.19,2856330000.0,505082000.0,4156878000.0,660249000.0,3496629000.0,748897000.0,,,,0.2733918128654971,-62382219.298245616,3651796000.0,-0.0170826134039923,-0.0119683844068101,-0.010067411167708,0.1888244363356821,0.0113123669250763,-0.1959273653390172,-0.0955035794729719,-0.2058095362375577,,,14.285714285714285,14.285714285714285,False,71.64638293625154,71.64638293625154,57.306215773617225,974.0,True,False,True,True,False,True,True,True,True,True,True,True,False,True,False,False,False,11,False,0.0558566874967347,0.018181799371052,1.0,19291762.791463237,0.5796296296296296,0.0,3.0,,,,,,0.0275956627613506,-0.0237804304404472,0.2019493073911696,-1.5040959509786789,0.4723880597014925,-1.5040959509786789,0.4633677130541193,-974.0,0.1044776119402985,0.1641791044776119,0.3880597014925373,0.1470149253731343,0.1791044776119403,利奇
67.9000015258789,68.0,67.30000305175781,68.0,60484.0,0.0119048078584582,67.42000122070313,0.0365853899649966,67.1450008392334,0.1327307664030395,64.11652514139811,0.1149484901047011,61.826081943511966,0.0089406529579727,57.74648644059966,17088.85,3.539383867258476,0.0127336235025707,1525.TW,2026-07-30,-0.1406250241048188,-0.0234986945169712,bull,0.1092592592592592,0.1260426320667284,2026-03-31,2026-05-15,281735000.0,40655000.0,2924000.0,46209000.0,106069000.0,-59860000.0,-0.82,2768107000.0,386523000.0,5758402000.0,665056000.0,5093346000.0,2111569000.0,,,,0.4,1754400.0,5371879000.0,0.0003265896346511,-0.0117525885734053,-0.0103952450697259,0.1305734972648628,0.1443022698635242,0.0103785472163557,-0.2124691642855875,0.0173619762608918,,,20.40210850591844,20.40210850591844,False,76.01727664643452,76.01727664643452,62.1134846113055,852.0,True,True,True,True,True,True,True,True,True,True,True,True,False,True,False,False,False,13,False,0.060569016334518,0.0998594422031935,1.0,1162041.7999999998,0.9287037037037036,1.0,3.0,,,,,,0.0072455154423686,-0.046060372834555,0.0868008053536967,-1.4018426649769131,0.1854477611940298,-1.4018426649769131,0.2757729443184245,-852.0,0.1940298507462686,0.417910447761194,0.0746268656716417,0.1761194029850746,0.2373134328358208,江申
18.89999961853028,20.700000762939453,18.549999237060547,18.549999237060547,6773079.0,0.1074626410185402,17.690000152587892,0.2881944255880364,15.949999952316285,0.1557632472796215,15.094999980926511,-0.1568182164972479,16.542916663487752,0.0585697749165614,71.28204932579627,1575386.15,4.299313536557371,0.1630093600324234,1526.TW,2026-07-30,-0.1406250241048188,-0.0234986945169712,bull,0.0037037037037037,0.1047265987025023,2026-03-31,2026-05-15,161967000.0,20373000.0,-31597000.0,-32188000.0,-5656000.0,-26532000.0,-0.44,1390560000.0,762634000.0,2260417000.0,919977000.0,1340440000.0,321815000.0,47136000.0,137059000.0,0.0,0.1757176587548154,-26044849.136324096,1497783000.0,-0.0173889336014122,-0.0197935006415803,-0.0117376572552763,0.6863246396705559,0.1257848821056141,-0.1950829489957831,-0.1638111467150715,-0.1925147819844253,,,13.294112740747746,13.294112740747746,False,82.27072392132632,82.27072392132632,65.02657112618168,990.0,True,True,True,True,True,True,True,True,True,True,False,True,False,False,False,False,False,11,False,0.2288836873467798,0.1213257984913067,1.0,29223411.88057575,0.5175925925925926,0.0,3.0,,,,,,-0.0100849210468985,-0.1205616461617118,0.2116764496451447,-1.7563490419349483,0.2164179104477611,-1.7563490419349483,0.5343322073048639,-990.0,0.0820895522388059,0.582089552238806,0.5,0.144776119402985,0.3156716417910448,日馳
33.75,33.849998474121094,33.150001525878906,33.650001525878906,456011.0,0.0014881861318036,33.65999984741211,0.0059790959156282,33.75250015258789,0.0306278699315645,33.249166870117186,-0.0587412160593312,33.15333350499471,0.0028225472719418,52.63160008138004,244982.35,1.8614034847816587,-0.0030367713871746,1527.TW,2026-07-30,-0.1406250241048188,-0.0234986945169712,bull,0.1805555555555555,0.2826691380908248,2026-03-31,2026-05-15,629386000.0,115885000.0,24243000.0,55766000.0,11153000.0,,0.32,3703449000.0,488625000.0,5420208000.0,534041000.0,4886167000.0,326800000.0,,,,0.1999964135853387,19394486.94545064,4931583000.0,0.003932710236338,,,0.1092965099228086,0.1841238921742778,0.0385184926261467,,-0.2287503369850255,,,28.83104496277897,28.83104496277897,False,66.04002037608227,66.04002037608227,56.73777652275644,702.0,True,False,True,True,False,True,True,True,True,True,True,True,True,True,False,False,False,12,False,0.0120554796854766,0.0149809376124838,1.0,8243656.451313401,0.7,1.0,3.0,,,,,,0.0209454203854564,-0.0095246474847504,0.1048910852618575,-1.543693146843112,0.3328358208955224,-1.543693146843112,0.3565608776595117,-702.0,0.3283582089552239,0.1492537313432835,0.2238805970149253,0.3126865671641791,0.2537313432835821,鑽全
23.5,23.549999237060547,23.299999237060547,23.5,957947.0,0.0173160005162227,23.370000076293945,0.0129310011721972,23.42749996185303,0.0307017888755727,23.272500006357827,0.0385857771172004,23.23506881395976,0.001175216125322,53.125011175868025,486836.85,1.967696159401245,0.0030946553522579,1604.TW,2026-07-30,-0.1406250241048188,-0.0234986945169712,bull,0.1611111111111111,0.2817423540315106,2026-03-31,2026-05-15,2372906000.0,478239000.0,152503000.0,224334000.0,32077000.0,187244000.0,0.51,4163362000.0,4170169000.0,19618124000.0,10651689000.0,8966435000.0,915329000.0,1480000000.0,4918850000.0,,0.1429876880009271,130696948.6167946,15447955000.0,0.0084604692735572,0.0208827700195228,0.00954443962124,1.187951398744317,0.2015414854191443,0.064268453954771,0.0789091519006652,-0.0357932753161021,,,30.83420932595463,30.83420932595463,False,66.56687351785449,66.56687351785449,57.633707469879525,666.0,True,False,True,True,True,True,True,True,True,True,True,True,True,True,False,False,False,13,False,0.0097754858128702,0.0114022122405366,1.0,11440665.975,0.6574074074074074,0.0,3.0,,,,,,0.0231344832277296,-0.0059917424008654,0.1232550406021123,-1.1559144803140269,0.4828358208955223,-1.1559144803140269,0.5081416163639896,-666.0,0.3582089552238806,0.1716417910447761,0.4626865671641791,0.3738805970149254,0.323134328358209,聲寶
33.79999923706055,34.25,33.79999923706055,34.20000076293945,532295.0,0.0285714515169759,33.63999938964844,0.0857143099345858,33.38749980926514,0.0389666150929897,32.12977202733358,-0.0502445333040101,33.42814100583394,0.0167491377012603,74.24246452619715,401534.45,1.325652132712399,0.0243354835886466,1702.TW,2026-07-30,-0.1406250241048188,-0.0234986945169712,bull,0.0444444444444444,0.2669138090824838,2026-03-31,2026-05-15,5815363000.0,1402332000.0,68282000.0,139763000.0,48520000.0,30589000.0,0.12,15712185000.0,10700252000.0,34555834000.0,19000135000.0,15555699000.0,6359398000.0,2854697000.0,3465138000.0,1974436000.0,0.3471591193663559,44577281.011426486,23855582000.0,0.0018686310403756,0.0019664175811064,0.000885205085775,1.2214259867075083,0.241142642342361,0.0117416573995466,0.0052600327786932,-0.0073743301688501,,,19.91946878549432,19.91946878549432,False,71.73554617792846,71.73554617792846,58.78152682981992,862.0,True,False,True,True,True,True,True,False,True,True,True,True,True,True,False,False,False,12,False,0.0644333465498814,0.0230901190996772,1.0,13732478.496346474,0.625,1.0,3.0,,,,,,-0.0057085265911367,-0.0609983523604345,0.1631074381151848,-1.4642169779789904,0.2567164179104477,-1.4642169779789904,0.265307894489815,-862.0,0.1791044776119403,0.2388059701492537,0.0597014925373134,0.1611940298507462,0.1731343283582089,南僑
83.0999984741211,85.80000305175781,81.0,84.19999694824219,785470.0,-0.0581655983096539,84.96000061035156,0.0427244204116679,85.39951248168946,0.0685278386720051,83.87706413269044,0.1581843257598383,80.05936520894369,0.0116484834954391,49.66665895249912,937364.8,0.8379555110240965,-0.0140459295210199,1723.TW,2026-07-30,-0.1406250241048188,-0.0234986945169712,bull,0.0962962962962963,0.2131603336422613,2026-03-31,2026-05-15,1277807000.0,319750000.0,181223000.0,217086000.0,38207000.0,178879000.0,0.77,3402849000.0,1696462000.0,11518279000.0,3468337000.0,8049942000.0,782501000.0,937470000.0,1000000000.0,,0.1759993735201717,149327865.5325539,9821817000.0,0.0152036904711779,0.0222211538915435,0.0155300110372391,0.4308524210484994,0.2502334077055455,0.1418234522114842,0.139989059380642,-0.2447011744956525,,,46.187073211591255,46.187073211591255,False,66.78210277005458,66.78210277005458,61.63334538043876,413.0,True,False,True,True,False,True,True,False,True,True,True,True,True,True,False,False,False,11,False,0.0038500729477235,0.0517195174917017,1.0,78926113.29938965,0.3703703703703703,1.0,3.0,,,,,,0.0323181807277846,-0.0031455790742906,0.1716659834383431,-1.2681978785447414,0.6,-1.2681978785447414,0.6500163539716471,-413.0,0.6194029850746269,0.373134328358209,0.664179104477612,0.6261194029850746,0.5544776119402985,中碳
32.29999923706055,32.29999923706055,31.549999237060547,31.75,150052.0,0.0031595697527646,31.94000015258789,0.0708263206909887,31.132499980926514,0.1770631785281662,29.48561601638794,0.117615491362188,28.843931261698405,0.0211562173250218,65.26316592567841,228874.3,0.6556087773944038,0.019834578638137,1733.TW,2026-07-30,-0.1406250241048188,-0.0234986945169712,bull,0.0527777777777777,0.0898980537534754,2026-03-31,2026-05-15,519723000.0,175664000.0,87211000.0,86914000.0,5544000.0,81275000.0,0.81,1759309000.0,560904000.0,2489266000.0,666458000.0,1822808000.0,593961000.0,,,,0.0637871919368571,81648055.20399475,1928362000.0,0.0423406265026974,0.0445878007996453,0.0326501868422257,0.3656216123694871,0.3379954321821432,0.1678028488252396,0.1563813800813125,-0.0698519739491331,,,72.99324516078546,72.99324516078546,False,78.0852458474763,78.0852458474763,76.8122456758036,137.0,True,True,True,True,True,True,True,True,True,True,True,True,False,True,True,False,False,13,False,0.0767962243811872,0.1007514791217289,1.0,7266759.024999999,0.7166666666666667,1.0,3.0,,,,,,0.0329921977466633,-0.0078738408898944,0.1568367651017421,-1.1353862284104963,0.5958955223880598,-1.1353862284104963,0.6658344246697385,-137.0,0.9104477611940298,0.9253731343283582,0.7014925373134329,0.8791044776119402,0.8731343283582089,五鼎
137.0,137.0,127.5,127.5,528900.0,-0.0304182509505703,132.5,-0.00390625,131.825,0.0365853658536585,123.29166666666669,-0.1556291390728477,126.17916666666666,0.0111217641418982,46.61016949152543,622005.95,0.8503134093813733,-0.0328086478285605,1736.TW,2026-07-30,-0.1406250241048188,-0.0234986945169712,bull,0.2268518518518518,0.2706209453197405,2026-03-31,2026-05-15,11791948000.0,6052382000.0,-92539000.0,40175000.0,16051000.0,23921000.0,0.08,30613897000.0,23508674000.0,46411739000.0,32321282000.0,14090457000.0,3157649000.0,7600383000.0,1539220000.0,3000000000.0,0.3995270690728065,-55567164.55507156,22903065000.0,-0.0024261890081118,0.0016976738227865,0.0005154083970005,2.2938419953305984,0.5132639662250885,-0.0078476431544643,0.0020285876430255,0.111450973975419,,,26.12240913361154,26.12240913361154,False,61.42892081145093,61.42892081145093,52.60229289199109,750.0,True,False,True,True,False,True,True,False,True,True,True,True,True,True,False,False,False,11,False,0.0341331530922608,0.0104679192946537,1.0,79305758.625,0.3694444444444444,2.0,3.0,,,,,,0.0198073356511091,-0.0300500952986481,0.1846146213604038,-1.6053297652168843,0.3671641791044776,-1.6053297652168843,0.3026399223904228,-750.0,0.2835820895522388,0.0671641791044776,0.1119402985074626,0.2578358208955223,0.1843283582089552,喬山
32.349998474121094,32.349998474121094,32.0,32.04999923706055,111315.0,0.001562476158142,32.150000762939456,0.0047021824552979,32.00000009536743,0.0126382187472784,31.76333328882853,0.0110409610630128,31.74208339055379,0.0025847972890269,54.83869379939859,110598.65,1.006477023001637,0.0015624731732533,1737.TW,2026-07-30,-0.1406250241048188,-0.0234986945169712,bull,0.1861111111111111,0.3345690454124189,2026-03-31,2026-05-15,789500000.0,318972000.0,121499000.0,119210000.0,24754000.0,94456000.0,0.47,2822409000.0,867892000.0,8297335000.0,1388240000.0,6909095000.0,1502269000.0,83000000.0,0.0,,0.2076503649022733,96269688.31473868,7429443000.0,0.0129578608133528,0.0136712550630726,0.0113838961546086,0.2009293547128821,0.4040177327422419,0.1538936035465484,0.119640278657378,-0.0362419417252917,,,52.08815722926094,52.08815722926094,False,64.3907260423616,64.3907260423616,61.31508383908644,337.0,True,False,True,True,True,True,True,True,True,True,True,True,True,True,False,False,False,13,False,0.0090250587249556,0.0097005556540876,1.0,3544686.6481199265,0.8101851851851852,1.0,3.0,,,,,,0.0188835087272007,-0.0013334999520574,0.1014028294184691,-1.472059498396618,0.3667910447761193,-1.472059498396618,0.4408518699569024,-337.0,0.7014925373134329,0.3432835820895522,0.3507462686567164,0.6488805970149254,0.5238805970149254,臺鹽
31.549999237060547,32.79999923706055,31.0,32.45000076293945,2411513.0,0.0124805471263902,31.97000045776367,0.094435115697582,31.357499980926512,0.1466431674119703,30.489166736602783,0.0400641015844076,30.49791673024496,0.0157920342460215,71.96263448153421,1039616.8,2.319617189718365,0.0348401748442148,1808.TW,2026-07-30,-0.1406250241048188,-0.0234986945169712,bull,0.037037037037037,0.1112140871177015,2026-03-31,2026-05-15,5392216000.0,1474911000.0,1229561000.0,1153602000.0,211319000.0,942283000.0,1.06,46784978000.0,26633648000.0,51660398000.0,37973630000.0,13686768000.0,5845055000.0,11570200000.0,207356000.0,10980553000.0,0.1831818946222353,1004327686.4663897,25026750000.0,0.0401301681787043,0.068846275468394,0.0182399485191732,2.774477509957062,0.2735259492572256,0.2280251755493474,0.1747487489373571,173.44891620834682,,,72.1127428848662,72.1127428848662,False,74.01188461463093,74.01188461463093,73.53709918218975,149.0,True,False,True,True,True,True,True,True,True,True,True,True,True,True,True,False,False,13,False,0.0643124832920623,0.0640071271084099,1.0,33735565.953164674,0.4925925925925926,1.0,3.0,,,,,,0.0488905989082329,-0.0195349750095314,0.1456976334237494,-1.0281058195878594,0.575,-1.0281058195878594,0.6631173064902965,-149.0,0.8880597014925373,0.8880597014925373,0.6940298507462687,0.858955223880597,0.8492537313432836,潤隆
28.5,29.0,28.299999237060547,29.0,2449129.0,0.0338681208120776,28.35,0.0999674661985232,27.836306381225587,0.2159328945978369,26.25416679382324,0.1553784684963384,25.689166736602782,0.0177808442426381,70.27024519194089,1727042.7,1.4181056438268724,0.0418048861381723,1907.TW,2026-07-30,-0.1406250241048188,-0.0234986945169712,bull,0.0324074074074074,0.0676552363299351,2026-03-31,2026-05-15,17964361000.0,2424583000.0,-77218000.0,452137000.0,195557000.0,208827000.0,0.13,69038373000.0,57579369000.0,178076390000.0,82625870000.0,95450520000.0,10428232000.0,15812770000.0,19190444000.0,964996000.0,0.4,-46330800.0,120497021000.0,-0.0003844974723482,0.0021878036913785,0.0011726821281585,0.8656408576925511,0.1349662812943917,-0.0042983994810614,0.0116245158956669,-0.0057560278150267,,,17.0350561108219,17.0350561108219,False,79.30435107960103,79.30435107960103,63.73702733740625,915.0,True,True,True,True,True,True,True,True,True,True,True,True,True,True,False,False,False,14,False,0.104586568209918,0.1288805237376513,1.0,50084238.3,0.4333333333333333,0.0,3.0,,,,,,-0.0027832742017496,-0.0867773690027105,0.1916685866462707,-1.5414484679981624,0.2373134328358208,-1.5414484679981624,0.2790230561064351,-915.0,0.1567164179104477,0.4925373134328358,0.0820895522388059,0.1455223880597015,0.2425373134328358,永豐餘
18.799999237060547,19.14999961853028,18.799999237060547,18.950000762939453,37961828.0,0.0,19.06000022888184,0.0188172244242754,18.731413650512696,0.0079788048918219,18.79630457560221,-0.020671814503597,19.26481898625692,0.0032134756942627,59.59201595345692,38907367.15,0.9756976835169892,0.0116695470243257,2002.TW,2026-07-30,-0.1406250241048188,-0.0234986945169712,bull,0.1439814814814815,0.3475440222428174,2026-03-31,2026-05-15,79161889000.0,2637098000.0,-620543000.0,-966928000.0,893225000.0,-2451833000.0,-0.16,182155729000.0,154652832000.0,675792615000.0,344185931000.0,331606684000.0,19561433000.0,27960343000.0,93161390000.0,62603546000.0,0.0,-620543000.0,521139783000.0,-0.0011907419472521,-0.0073937984917095,-0.0036280849266161,1.0379342383822396,0.0333127219841861,-0.007838910968888,-0.0309723912727752,-0.0481943399382251,,,12.23150247108328,12.23150247108328,False,61.39999053313106,61.39999053313106,49.10786851761911,1008.0,True,False,True,True,True,False,True,True,True,True,True,True,True,True,False,False,False,12,False,0.0081769364142321,-0.0163416133596712,0.0,737294637.1764654,0.1277777777777777,0.0,3.0,,,,,,-0.0271190510161722,-0.0833612446343586,0.0964657582802963,-1.875909111473608,0.058955223880597,-1.875909111473608,0.3651095784947381,-1008.0,0.0597014925373134,0.0149253731343283,0.2462686567164179,0.0876865671641791,0.0835820895522388,中鋼
73.0,73.5,71.69999694824219,73.4000015258789,3253812.0,0.0308989420215282,72.62000122070313,0.063768138056216,70.88999977111817,0.1004498483386107,68.53333320617676,0.1075990390132617,69.30073731740316,0.0135830712483403,66.00001068114419,2527064.4,1.2875857061656206,0.035406993410421,2006.TW,2026-07-30,-0.1406250241048188,-0.0234986945169712,bull,0.0638888888888888,0.1584800741427247,2026-03-31,2026-05-15,13602390000.0,2004381000.0,1390762000.0,1521134000.0,302993000.0,1211982000.0,1.66,28387625000.0,18568929000.0,51955456000.0,19405487000.0,32549969000.0,1294546000.0,5329132000.0,260000000.0,,0.1991888946010016,1113737654.5669217,33386527000.0,0.0333588951784928,0.0372345055075167,0.0233273287024946,0.596175283607797,0.1473550603974742,0.1022439438951537,0.089100665397772,-0.0619062729029651,,,52.210458028038886,52.210458028038886,False,78.9128943918536,78.9128943918536,72.23728530089991,336.0,True,True,True,True,True,True,True,True,True,True,True,True,True,True,False,False,False,14,False,0.0710116974036734,0.0591518123349938,1.0,185486530.81599423,0.2685185185185185,1.0,3.0,,,,,,0.022386779646117,-0.0225828320640545,0.1796818391930459,-1.203357640539927,0.4895522388059701,-1.203357640539927,0.5309532011887417,-336.0,0.7089552238805971,0.8507462686567164,0.4925373134328358,0.6764925373134328,0.7082089552238806,東和鋼鐵
31.850000381469727,31.850000381469727,30.549999237060547,31.0,26923.0,0.0032362583399436,30.85999984741211,0.0413806642824519,30.175489711761475,0.1071428571428572,29.473348490397136,0.0562180441936897,28.902507575352992,0.0095498037145669,70.09345294606912,38492.15,0.6994413146576639,0.0273238411742213,2008.TW,2026-07-30,-0.1406250241048188,-0.0234986945169712,bull,0.0981481481481481,0.1501390176088971,2026-03-31,2026-05-15,349981000.0,60260000.0,34264000.0,25821000.0,1897000.0,,0.13,2434612000.0,1949854000.0,8362257000.0,4596942000.0,3765315000.0,312935000.0,1633298000.0,2437214000.0,,0.073467332791139,31746715.309244413,6412403000.0,0.0049508297137975,,,1.2208651865780151,0.1721807755278143,0.0979024575619819,,-0.2357091693673075,,,28.43463561506169,28.43463561506169,False,70.57906687985158,70.57906687985158,60.04295906365411,709.0,True,False,True,True,True,True,True,True,True,True,True,True,False,True,False,False,False,12,False,0.0517976947919667,0.0725712957319895,1.0,1193256.65,0.925925925925926,1.0,3.0,,,,,,0.0123738947894432,-0.0220271204597165,0.1509319893874962,-1.150990374491108,0.4011194029850746,-1.150990374491108,0.4582180208541443,-709.0,0.3208955223880597,0.2835820895522388,0.3805970149253731,0.3298507462686567,0.3216417910447761,高興昌
43.25,44.25,42.54999923706055,43.70000076293945,24025081.0,-0.0157657824072697,43.45,0.0750307287225766,41.08439960479736,0.1365409595793891,41.3039665222168,0.1545575303739614,39.36614996592204,0.017900541147841,68.27246544978983,16409871.45,1.4640627181756505,0.0636640959415815,2027.TW,2026-07-30,-0.1406250241048188,-0.0234986945169712,bull,0.049074074074074,0.1214087117701575,2026-03-31,2026-05-15,31174326000.0,8517820000.0,5633209000.0,4716863000.0,1204326000.0,2914770000.0,1.17,89517343000.0,24455518000.0,159942793000.0,66551339000.0,93391454000.0,9252095000.0,11925609000.0,29968117000.0,,0.2553235063218923,4194918326.275959,135487275000.0,0.0309617144951506,0.0312102432841446,0.0182238283159154,0.7126063054977172,0.2732318896004359,0.1807002659816927,0.0934990543179666,0.1950875950100803,,,67.77515994414823,67.77515994414823,False,71.58457346368623,71.58457346368623,70.63222008380173,180.0,True,False,True,True,True,False,True,True,True,True,True,True,True,True,True,False,False,12,False,0.0580097855597927,0.1100907963000974,1.0,717111394.8847383,0.1333333333333333,1.0,3.0,,,,,,0.0075901852231173,-0.0615380409132227,0.2246005258138162,-1.1822482881657497,0.4078358208955224,-1.1822482881657497,0.4762459171955283,-180.0,0.8582089552238806,0.7910447761194029,0.417910447761194,0.7921641791044776,0.75,大成鋼
20.64999961853028,20.75,20.549999237060547,20.64999961853028,298101.0,0.0,20.66999969482422,-2.220446049250313e-16,20.47593078613281,0.0197530675817421,20.535310331980387,-0.0259434492743346,20.69307187398275,0.000366412334952,60.89365681556906,214563.6,1.3893363086749104,0.0085011438168833,2029.TW,2026-07-30,-0.1406250241048188,-0.0234986945169712,bull,0.2064814814814815,0.3141797961075069,2026-03-31,2026-05-15,3111785000.0,440347000.0,145201000.0,173680000.0,32998000.0,134373000.0,0.42,8418174000.0,1415146000.0,11631228000.0,1524045000.0,10107183000.0,2662689000.0,204353000.0,,,0.1899930907415937,117613813.23122984,10216082000.0,0.011512614447616,0.0132948023202904,0.011552778434057,0.1507883057029837,0.1415094551840824,0.0466616427548818,0.0431819679058803,-0.1807433477529307,,,30.0830240796116,30.0830240796116,False,64.78579944942027,64.78579944942027,56.1101056069681,680.0,True,False,True,True,True,False,True,True,True,True,True,True,True,True,False,False,False,12,False,0.0055849794668687,-0.0020814819430761,0.0,4430738.258150484,0.7777777777777778,0.0,3.0,,,,,,0.0261670557413525,0.0020624150601508,0.0983393879086423,-1.3796556882484554,0.4432835820895522,-1.3796556882484554,0.3179780468166696,-680.0,0.3507462686567164,0.126865671641791,0.1641791044776119,0.3227611940298507,0.2462686567164179,盛餘
39.900001525878906,39.900001525878906,38.5,38.5,441920.0,-0.0470297389632975,39.78000030517578,0.0052219521389944,39.38999996185303,0.0393966963137597,38.37838274637858,0.0609386635584479,37.84743445714314,0.0105182204127888,50.85715157645093,742442.95,0.5952241852387447,-0.0225945662024611,2031.TW,2026-07-30,-0.1406250241048188,-0.0234986945169712,bull,0.1842592592592592,0.2632066728452271,2026-03-31,2026-05-15,4589073000.0,567832000.0,427931000.0,146733000.0,66925000.0,70724000.0,0.22,15811293000.0,10640609000.0,28813736000.0,17538865000.0,11274871000.0,1366991000.0,6979961000.0,6673974000.0,,0.4,256758600.0,18173127000.0,0.0141284766237533,0.0062727103485263,0.0024545237729671,1.5555712344735475,0.1237356651332415,0.0932499875247136,0.0154113913637895,-0.0896215532289155,,,22.130264986727884,22.130264986727884,False,62.89205540109154,62.89205540109154,52.70160779750063,824.0,True,False,True,True,False,True,True,True,True,True,True,True,False,True,False,False,False,11,False,0.0031688999097516,0.0172420020595001,1.0,28584053.575,0.5194444444444445,1.0,3.0,,,,,,0.0330375804638337,0.0074522825611471,0.1605295328841136,-1.2606044371145593,0.6264925373134329,-1.2606044371145593,0.6150682203792996,-824.0,0.2313432835820895,0.0746268656716417,0.6268656716417911,0.2906716417910447,0.2634328358208955,新光鋼
18.5,18.5,18.0,18.299999237060547,1096165.0,0.0280898888444316,18.139999771118163,0.0608695209890171,17.864999961853027,0.0946148591080409,17.141876697540283,-0.0735820242390207,17.560387563705444,0.0165007035511786,68.00003356941272,1039204.45,1.0548116879214673,0.0243492457954868,2106.TW,2026-07-30,-0.1406250241048188,-0.0234986945169712,bull,0.0712962962962963,0.1696014828544949,2026-03-31,2026-05-15,8698617000.0,1718035000.0,255513000.0,171823000.0,60640000.0,111183000.0,0.12,25478129000.0,9730576000.0,47068938000.0,27476173000.0,19592765000.0,9412275000.0,3037616000.0,14974373000.0,,0.3529213201957829,165337014.71281496,37338362000.0,0.0044280735912522,0.0056746967566854,0.0023621310512678,1.4023632192801785,0.1975066841085198,0.029373979794719,0.0127816870199021,-0.0124089540383796,,,20.024805479941964,20.024805479941964,False,73.3291268449263,73.3291268449263,60.00304650368021,860.0,True,False,True,True,True,True,True,True,True,True,True,True,True,True,False,False,False,13,False,0.0675610121315621,0.0421181862115482,1.0,19017440.642149925,0.5805555555555556,0.0,3.0,,,,,,0.0062982919975503,-0.0461212718824261,0.1518839857119037,-1.5178853125714624,0.2477611940298507,-1.5178853125714624,0.2397037755285171,-860.0,0.1865671641791045,0.2761194029850746,0.0522388059701492,0.1664179104477612,0.1865671641791045,建大
25.64999961853028,25.75,25.5,25.549999237060547,279134.0,-0.0096899227671637,25.770000076293947,-0.0077670199199787,25.804999828338623,0.0336376991126132,25.015255228678384,0.0621237625921242,24.55001654624939,0.0019413743306477,48.71791862170016,276448.65,1.0097137388806203,-0.0098818288306299,2107.TW,2026-07-30,-0.1406250241048188,-0.0234986945169712,bull,0.2472222222222222,0.273401297497683,2026-03-31,2026-05-15,327504000.0,108944000.0,61789000.0,88780000.0,18672000.0,70108000.0,0.23,11124237000.0,2061631000.0,15861263000.0,2536045000.0,13325218000.0,807947000.0,1085000000.0,220797000.0,,0.2103176391079071,48793683.39716153,13799632000.0,0.0035358684490399,0.0052613022916398,0.0044200767618568,0.1903192127888639,0.332649372221408,0.1886663979676584,0.2140676144413503,-0.1658159366690099,,,41.47495597513323,41.47495597513323,False,60.82924871989643,60.82924871989643,55.99067553370563,490.0,True,False,True,True,False,True,True,False,True,True,True,True,True,True,False,False,False,11,False,0.0213767160676063,0.0407324650444658,1.0,7063262.7965864185,0.7175925925925926,0.0,3.0,,,,,,0.0310368812319033,-0.0013783810124689,0.1266978862028107,-1.1604116937580748,0.5298507462686567,-1.1604116937580748,0.5753961342703795,-490.0,0.5447761194029851,0.1194029850746268,0.5447761194029851,0.5447761194029851,0.4171641791044776,厚生
21.799999237060547,21.850000381469727,21.350000381469727,21.700000762939453,156620.0,-0.0203159757715916,21.82999992370605,0.0483091769634309,21.697500038146973,0.1127950820874716,20.61199057896932,-0.084353695944953,20.814699029922487,0.0147316712605678,55.357153804915214,83296.2,1.880277851810767,0.000115254051761,2115.TW,2026-07-30,-0.1406250241048188,-0.0234986945169712,bull,0.0842592592592592,0.1455050973123262,2026-03-31,2026-05-15,795763000.0,146418000.0,55001000.0,50773000.0,23159000.0,28129000.0,0.27,2550411000.0,942761000.0,4966182000.0,1610225000.0,3355957000.0,883919000.0,179756000.0,658841000.0,,0.4,33000600.0,4023421000.0,0.0082021245104601,0.0083818118050976,0.0056641097728597,0.4798109749320388,0.1839969940798956,0.0691173125666812,0.0353484643040704,-0.0114512019538349,,,30.9467161073479,30.9467161073479,False,75.238721422988,75.238721422988,64.16572009407797,665.0,True,True,True,True,True,True,True,True,True,True,True,True,True,True,False,False,False,14,False,0.0527853037678101,0.042532526256771,1.0,1807527.6035499573,0.8796296296296297,0.0,3.0,,,,,,0.0354325973033042,0.0141613783205156,0.1511388264921252,-1.3510613685174178,0.6059701492537314,-1.3510613685174178,0.6034726205323019,-665.0,0.3656716417910448,0.5149253731343284,0.5970149253731343,0.4003731343283582,0.4567164179104478,六暉-KY
63.900001525878906,64.80000305175781,63.09999847412109,64.69999694824219,1867912.0,0.0658977946462389,63.07999877929687,0.043548337874874,62.30389232635498,0.1193771246065598,61.166297340393065,0.0929053397706349,60.02981522878011,0.0064616261272215,51.84936856886144,1491351.95,1.252495763994542,0.0384583455771292,2206.TW,2026-07-30,-0.1406250241048188,-0.0234986945169712,bull,0.0953703703703703,0.1371640407784986,2026-03-31,2026-05-15,14947523000.0,3169197000.0,1407602000.0,1401468000.0,300076000.0,1061801000.0,1.37,35643431000.0,24328027000.0,96546885000.0,53175170000.0,43371715000.0,7860863000.0,8468755000.0,18068499000.0,,0.2141154846204123,1106212615.6173384,72218858000.0,0.0153175035752758,0.0244814160565243,0.0109977758474548,1.226033372210437,0.212021550326432,0.0941695824786488,0.0710352477798495,-0.00921030321598,,,38.16659350871173,38.16659350871173,False,74.01878136747506,74.01878136747506,65.05573440278422,558.0,True,False,True,True,True,True,True,True,True,True,True,True,True,True,False,False,False,13,False,0.0577720045433505,0.0777977027192822,1.0,96490466.61375505,0.35,1.0,3.0,,,,,,0.025192247935976,-0.020919905586438,0.1648168182504506,-1.3405751006352125,0.4847014925373134,-1.3405751006352125,0.5542367381468822,-558.0,0.4402985074626865,0.5895522388059702,0.5149253731343284,0.4514925373134328,0.5,三陽工業
74.9000015258789,77.0,74.0999984741211,76.30000305175781,366580.0,-0.0366160859624722,76.78000030517578,0.062674092043647,77.01000022888184,0.0731364935194676,73.18500048319498,-0.0167525186588349,74.45916703542073,0.0179775259822105,51.31579409675776,658622.4,0.5565859891798396,-0.0092195451891161,2348.TW,2026-07-30,-0.1406250241048188,-0.0234986945169712,bull,0.0657407407407407,0.2038924930491195,2026-03-31,2026-05-15,1308225000.0,367809000.0,215863000.0,62792000.0,46667000.0,24394000.0,0.16,36707260000.0,15833225000.0,49675372000.0,39143789000.0,10531583000.0,4882942000.0,6246625000.0,20027265000.0,,0.4,129517800.0,33842147000.0,0.0038271153422978,0.0023162709727493,0.0004910682903391,3.7168001239699673,0.2811511781230293,0.165004490817711,0.0186466395306617,-0.2384964638086091,,,20.916507327259755,20.916507327259755,False,67.9304654515498,67.9304654515498,56.17697592047728,843.0,True,False,True,True,False,True,True,True,True,True,True,True,False,True,False,False,False,11,False,0.0425634016259672,0.0247227586559137,1.0,50252891.12995606,0.4324074074074074,1.0,3.0,,,,,,0.0347368120564652,-0.0274947234875412,0.2249919515785308,-0.591662135283616,0.6723880597014925,-0.591662135283616,0.6721253816677224,-843.0,0.208955223880597,0.1343283582089552,0.7164179104477612,0.2850746268656716,0.2880597014925373,海悅
762.0,762.0,722.0,737.0,5032489.0,-0.0416124837451234,752.8,0.1049475262368815,716.05,0.2464905250266227,705.025331624349,0.5556399544246107,614.2125803629557,0.03335363264164,61.57205240174673,4062765.45,1.238685585455099,0.0292577333985057,2357.TW,2026-07-30,-0.1406250241048188,-0.0234986945169712,bull,0.0314814814814814,0.0546802594995366,2026-03-31,2026-05-15,208369726000.0,30970538000.0,11895859000.0,13859608000.0,2702804000.0,9797017000.0,13.19,485857648000.0,327627459000.0,671441698000.0,354711686000.0,316730012000.0,57955263000.0,41417377000.0,275376000.0,,0.1950130191272365,9576011621.29809,343814239000.0,0.0278522833991703,0.0309317608967223,0.0145910166574134,1.1199181402487366,0.1486326185407567,0.0570901504184921,0.0470174683629425,0.4108280576281871,,,51.58078089609261,51.58078089609261,False,86.4801262836832,86.4801262836832,77.75528993678556,344.0,True,True,True,True,True,True,True,True,True,True,True,True,True,True,False,False,False,14,False,0.0453525099615679,0.1999102974486222,1.0,2994258136.65,0.0462962962962962,3.0,3.0,,,,,,0.0756518088850547,-0.0175380269832091,0.3216280597081298,-0.7931726406510685,0.7999999999999999,-0.7931726406510685,0.783977169845745,-344.0,0.6791044776119403,0.9402985074626866,0.8656716417910447,0.7070895522388059,0.7947761194029851,華碩
553.0,555.0,535.0,547.0,4269108.0,-0.0883333333333333,562.2,0.0725490196078431,539.4583908081055,0.3357753357753357,502.3027969360352,0.882960413080895,419.7305651346842,0.0363071661771889,55.61874129769906,3740732.7,1.1412491461899965,0.0139799645726099,2395.TW,2026-07-30,-0.1406250241048188,-0.0234986945169712,bull,0.0518518518518518,0.036144578313253,2026-03-31,2026-05-15,20385264000.0,7979823000.0,3728486000.0,4068287000.0,750007000.0,3334165000.0,3.85,49300373000.0,29811036000.0,83769137000.0,34044129000.0,49725008000.0,10001958000.0,,43915000.0,,0.184354496130681,3041122842.1397014,53958101000.0,0.0563608204473263,0.0670520756879516,0.0398018305954375,0.6846480346468723,0.3914505595806853,0.182901040673302,0.1635576071028562,0.1748587968840969,,,87.43653384699755,87.43653384699755,False,78.90372691669064,78.90372691669064,81.03692864926737,49.0,True,True,True,True,True,True,True,True,True,True,True,True,True,True,True,False,False,14,False,0.0889845792948207,0.30321698117095,1.0,2046180786.9,0.0611111111111111,3.0,2.0,,,,,,0.0017704255554706,-0.0779118128354936,0.2882238082208293,-0.8920726091612259,0.458955223880597,-0.8920726091612259,0.4292419939261112,-49.0,0.9850746268656716,0.9776119402985076,0.3432835820895522,0.8888059701492537,0.8544776119402985,研華
43.150001525878906,44.79999923706055,41.95000076293945,42.70000076293945,3552089.0,-0.0676855573310278,44.6,0.0154578249149177,42.89499969482422,0.3534073469257468,38.61616322199504,0.4046053058800607,33.75308163960775,0.014248022802667,56.95538625371009,3797969.4,0.9352600365869194,-0.004545959512113,2425.TW,2026-07-30,-0.1406250241048188,-0.0234986945169712,bull,0.1509259259259259,0.0305838739573679,2026-03-31,2026-05-15,742329000.0,57186000.0,84000.0,19626000.0,14929000.0,59718000.0,0.62,6477498000.0,3530704000.0,6656471000.0,3632354000.0,3024117000.0,955233000.0,0.0,,,0.4,50400.0,3125767000.0,1.6124042515005117e-05,0.0197472518424386,0.0089714204418527,1.2011287923053242,0.0770359234247887,0.0001131573736173,0.0804468099723976,-0.0094210083147737,,,20.556959597295062,20.556959597295062,False,75.21361009963256,75.21361009963256,61.54944747404819,848.0,True,True,True,True,False,True,True,True,True,True,True,True,True,True,False,False,False,13,False,0.1057546167253182,0.2650696970090247,1.0,162173296.2776207,0.287037037037037,1.0,3.0,,,,,,0.0168367733822063,-0.0807683577019132,0.2031052627214674,-1.619640303275288,0.3041044776119403,-1.619640303275288,0.305843486428193,-848.0,0.2014925373134328,0.3582089552238806,0.126865671641791,0.1902985074626865,0.2335820895522388,承啟
19.0,19.350000381469727,19.0,19.200000762939453,1744083.0,-0.0077519181174755,19.17000045776367,-0.0077519181174755,19.30250015258789,0.0378378790778082,19.15166670481364,-0.1351351304909944,19.557500044504803,-0.0010350617564144,48.57145036969866,1128147.4,1.5459708545177695,-0.0053101613178692,2442.TW,2026-07-30,-0.1406250241048188,-0.0234986945169712,bull,0.2462962962962963,0.2687673772011121,2026-03-31,2026-05-15,3189806000.0,920101000.0,721594000.0,757715000.0,168597000.0,363574000.0,1.14,21904867000.0,14179726000.0,24109252000.0,15483592000.0,8625660000.0,4783089000.0,9054196000.0,,1260461000.0,0.2225071431870822,561034180.5190606,9929526000.0,0.0565016074804638,0.042150281833506,0.0150802687698481,1.795061711219779,0.2884504574886372,0.2262187731793093,0.1139799724497351,6.055204248420224,,,71.63224953440525,71.63224953440525,False,55.44168380206472,55.44168380206472,59.489325235149856,151.0,True,False,True,True,False,True,False,False,True,True,True,True,True,True,True,False,False,10,False,0.0025237520509724,-0.0182793956667175,0.0,21660430.94070816,0.5611111111111111,0.0,3.0,,,,,,0.0026907277030427,-0.033202801883877,0.1517156562312421,-0.9149257953262446,0.3634328358208956,-0.9149257953262446,0.7603957655724726,-151.0,0.8805970149253731,0.2537313432835821,0.8507462686567164,0.8761194029850745,0.6865671641791045,新美齊
91.3000030517578,97.0999984741211,89.0999984741211,92.6999969482422,2090542.0,-0.1086538754976711,93.2,0.1823978972454871,102.7,0.739211975143633,68.22333329518636,0.54499994913737,61.18083333969116,0.0700145829699673,45.166662894353976,2148738.5,0.972915969067432,-0.0973710131621986,2466.TW,2026-07-30,-0.1406250241048188,-0.0234986945169712,bull,0.0101851851851851,0.0018535681186283,2026-03-31,2026-05-15,158640000.0,11405000.0,-51413000.0,20961000.0,15743000.0,5218000.0,0.03,1081532000.0,970641000.0,4505403000.0,2468383000.0,2037020000.0,165962000.0,307514000.0,701925000.0,,0.4,-30847800.0,3534762000.0,-0.0087269807698509,0.0025615850605295,0.001158164985463,1.211761789280419,0.0718923348461926,-0.3240859808371155,0.0328920827029752,-0.2206720377284339,,,10.470510874095902,10.470510874095902,False,74.64810524147873,74.64810524147873,58.60370664963303,1033.0,True,False,True,True,False,True,True,False,True,True,True,True,True,True,False,False,False,11,False,0.3587726144536365,0.5151803577690555,1.0,199188052.39257053,0.2546296296296296,1.0,3.0,,,,,,0.1196555561408407,-0.0334986149729029,0.3908483595751008,-1.1737985434111602,0.7283582089552239,-1.1737985434111602,0.6291544899722998,-1033.0,0.0373134328358208,0.2164179104477611,0.6492537313432836,0.1291044776119402,0.2134328358208955,冠西電
157.5,159.0,155.0,158.5,259377.0,-0.0031446540880503,157.4,-0.0155279503105589,159.2,0.1158131398497097,151.06759694417318,0.1957996546182121,142.76155853271484,0.0034667507091079,46.42857142857143,265148.55,0.9782327680087256,-0.004396984924623,2480.TW,2026-07-30,-0.1406250241048188,-0.0234986945169712,bull,0.2805555555555555,0.1417979610750695,2026-03-31,2026-05-15,2420984000.0,568028000.0,300400000.0,336304000.0,56799000.0,279505000.0,2.63,7208003000.0,5342627000.0,8394801000.0,5408397000.0,2986404000.0,1289115000.0,0.0,,,0.1688918359579428,249664892.478234,3052174000.0,0.0817990365156881,0.0935924945184911,0.0332950119961152,1.811006481373585,0.2346269120324628,0.1240817783182375,0.1154509901758954,0.1706727375064554,,,72.57043193555015,72.57043193555015,True,63.03838430645659,63.03838430645659,65.42139621372999,141.0,True,False,True,True,False,True,True,False,True,True,True,True,True,True,True,True,False,11,False,0.0491991876892929,0.1102428526911787,1.0,42026045.175,0.4592592592592592,2.0,3.0,,,,,,0.0625199385033545,-0.0134034431689387,0.2872802101521733,-0.571942645306359,0.8149253731343284,-0.571942645306359,0.8131784180765116,-141.0,0.8955223880597015,0.6044776119402985,0.917910447761194,0.8988805970149254,0.8126865671641792,敦陽科
35.0,35.29999923706055,34.04999923706055,35.099998474121094,1641571.0,0.0,35.00999984741211,0.0144508676893142,35.277499771118165,0.2041166014907416,33.28749993642171,0.1142856658451141,32.36833330790202,0.0051285737218228,50.0,1645626.75,0.997535437486052,-0.0050315724795891,2520.TW,2026-07-30,-0.1406250241048188,-0.0234986945169712,bull,0.1527777777777778,0.072289156626506,2026-03-31,2026-05-15,4862541000.0,1141758000.0,658447000.0,599530000.0,162065000.0,308665000.0,0.52,53619294000.0,30715620000.0,65803063000.0,37306228000.0,28496835000.0,17736193000.0,16539209000.0,220000000.0,3700000000.0,0.2703200840658515,480455551.60709226,35087443000.0,0.0136930910470475,0.0108315537497409,0.0046907390921908,1.3091358391203796,0.2348068633251627,0.1354121230031787,0.063478127999332,0.0287244960456058,,,37.26396887406752,37.26396887406752,False,68.60943775100401,68.60943775100401,60.77307053176989,570.0,True,False,True,True,False,True,True,True,True,True,True,True,True,True,False,False,False,12,False,0.0544498247438591,0.0843931363482406,1.0,57761496.413972855,0.4074074074074074,1.0,3.0,,,,,,0.030450054853289,-0.0047887937716015,0.1736751086653883,-1.302794012647797,0.5757462686567164,-1.302794012647797,0.5957031974949254,-570.0,0.417910447761194,0.3283582089552239,0.5746268656716418,0.4414179104477612,0.4223880597014925,冠德
41.79999923706055,41.79999923706055,40.20000076293945,40.54999923706055,1104819.0,-0.1673511580739241,43.650000762939456,-0.0109756283643769,44.99499988555908,0.1961651153940244,39.37749989827474,0.3745762453240864,35.434999990463254,0.0181591934703154,46.55462357277449,1778698.35,0.6211390481134701,-0.0987887689699745,2527.TW,2026-07-30,-0.1406250241048188,-0.0234986945169712,bull,0.262037037037037,0.0787766450417052,2026-03-31,2026-05-15,4588717000.0,1261812000.0,1127130000.0,1064163000.0,166487000.0,902888000.0,3.45,13282023000.0,8513905000.0,33780839000.0,11901818000.0,21879021000.0,1538877000.0,2676000000.0,3358749000.0,,0.1564487771140323,950791889.8514608,25266934000.0,0.0376298877359421,0.0412672943638565,0.0267278145459915,0.5439831151494393,0.2749814381667032,0.2456307503818605,0.1967626244983074,24.973085718167,,,82.24426248497689,82.24426248497689,False,65.16947276284625,65.16947276284625,69.43817019337891,75.0,True,False,True,True,False,True,True,False,True,True,True,True,False,True,True,False,False,10,False,0.0297758705305,0.1443487864533346,1.0,72126216.73546086,0.3777777777777777,1.0,2.0,,,,,,0.083315747252864,0.0115528762407433,0.3249206338365544,-0.862655553029582,0.8921641791044777,-0.862655553029582,0.7863665148227501,-75.0,0.9552238805970148,0.7611940298507462,0.8731343283582089,0.942910447761194,0.8805970149253731,宏璟
20.700000762939453,21.100000381469727,20.39999961853028,21.100000381469727,1227045.0,0.057644088949941,20.35999984741211,0.1134564396817878,19.74999990463257,0.0168674882636012,19.80333334604899,-0.21851850439001,22.10625006357829,0.0147719925308962,64.51613432493593,828334.7,1.4813396082525578,0.0683544548534655,2530.TW,2026-07-30,-0.1406250241048188,-0.0234986945169712,bull,0.0259259259259259,0.3225208526413345,2026-03-31,2026-05-15,186713000.0,36736000.0,-3896000.0,-30631000.0,2142000.0,-31083000.0,-0.04,30553317000.0,19001210000.0,30802703000.0,20530688000.0,10272015000.0,3146483000.0,7533980000.0,328411000.0,1187622000.0,0.0,-3896000.0,11801493000.0,-0.0003301277219755,-0.0030259885718624,-0.001009099753356,1.9987011311802017,0.1967511635504758,-0.0208662492702704,-0.1664747500174064,0.155588151559038,,,18.3750529664617,18.3750529664617,False,71.95975296282015,71.95975296282015,58.56357796373054,888.0,True,False,True,True,True,False,True,True,True,True,True,True,True,True,False,False,False,12,False,0.0654772109706185,-0.0455187867329175,0.0,17477862.485984612,0.5898148148148148,0.0,3.0,,,,,,-0.0156532755963297,-0.0834701813135456,0.1445562239048602,-1.5556756815589607,0.1462686567164179,-1.5556756815589607,0.3237306921973649,-888.0,0.1641791044776119,0.208955223880597,0.1791044776119403,0.1664179104477612,0.1805970149253731,華建
17.200000762939453,17.350000381469727,16.950000762939453,17.200000762939453,841479.0,0.0,17.250000381469725,0.0392750184799617,16.985000133514404,-0.0034193880996099,16.72913907368978,-0.0724893325135196,17.46150919596354,0.0104104756079894,66.6666969420638,718866.5,1.1705636582035746,0.0126582648062989,2534.TW,2026-07-30,-0.1406250241048188,-0.0234986945169712,bull,0.1,0.3818350324374421,2026-03-31,2026-05-15,209173000.0,154772000.0,63221000.0,-5182000.0,6236000.0,-11418000.0,-0.02,16938016000.0,12649762000.0,31688647000.0,16609249000.0,15079398000.0,928281000.0,6345000000.0,3660000000.0,,0.0,63221000.0,19038885000.0,0.003320625131146,-0.0007571920311407,-0.0003603183184185,1.1014530553540665,0.7399234126775445,0.302242641258671,-0.0545863949936177,-0.8859781335394569,,,39.802588047610016,39.802588047610016,False,68.63401347232555,68.63401347232555,61.42615711614667,513.0,True,False,True,True,True,True,True,True,True,True,True,True,True,True,False,False,False,13,False,0.0281461997043355,-0.0149762789739009,0.0,12364504.348451614,0.6425925925925926,0.0,3.0,,,,,,0.0593939212148158,0.0410453222570665,0.1441961853491062,-1.1096605044979722,0.7022388059701493,-1.1096605044979722,0.5842378899962488,-513.0,0.5149253731343284,0.3507462686567164,0.5597014925373134,0.5216417910447761,0.4746268656716418,宏盛
42.75,43.04999923706055,41.900001525878906,42.95000076293945,1422159.0,0.0631187906125969,41.74000091552735,0.0984655355259551,40.49500026702881,0.0818639782756358,38.87250010172526,-0.1005235442316344,42.93208338419596,0.0176540892044896,72.12120091182736,1102621.25,1.2897982874899243,0.0606247803363892,2539.TW,2026-07-30,-0.1406250241048188,-0.0234986945169712,bull,0.0351851851851851,0.1890639481000926,2026-03-31,2026-05-15,2476909000.0,1123612000.0,1002985000.0,1009807000.0,195023000.0,814784000.0,0.68,31998835000.0,10750825000.0,32104295000.0,13379256000.0,18725039000.0,5711725000.0,397000000.0,2628180000.0,,0.1931289840533884,809279525.9292122,21353470000.0,0.0378992044819512,0.0435130735909281,0.0253792833637991,0.7145115158371633,0.4536347520235907,0.4049341336318774,0.3289519316212262,-0.5500200926952697,,,74.05495514883755,74.05495514883755,False,76.68489649905727,76.68489649905727,76.02741116150234,129.0,True,True,True,True,True,True,True,False,True,True,True,True,True,True,True,False,False,13,False,0.1048942221504611,0.0004173424006272,1.0,47357583.52873325,0.4444444444444444,1.0,3.0,,,,,,0.0111604599874008,-0.0793905048487854,0.1587666249112173,-1.6114094613159136,0.2458955223880597,-1.6114094613159136,0.3994637070072561,-129.0,0.917910447761194,0.917910447761194,0.2985074626865671,0.825,0.7940298507462686,櫻花建
43.45000076293945,44.59999847412109,42.79999923706055,44.34999847412109,10218711.0,-0.0133482153200108,43.65,0.0290023212123904,43.77499980926514,0.1199494995714245,43.33250001271565,0.176392508663258,40.12833337783813,0.0043016964124079,56.5217391304348,8455818.55,1.208482767171015,0.0131353207849529,2542.TW,2026-07-30,-0.1406250241048188,-0.0234986945169712,bull,0.1185185185185185,0.1362372567191844,2026-03-31,2026-05-15,16191907000.0,4874634000.0,3912933000.0,3918335000.0,698387000.0,2421313000.0,1.15,244126134000.0,168451704000.0,269504119000.0,203260373000.0,66243746000.0,18030010000.0,104829064000.0,11468836000.0,23019028000.0,0.1782356536641201,3215508829.0010934,101052415000.0,0.0318202076516537,0.0365515712230404,0.0089843265067128,3.068370756086167,0.3010537301134449,0.2416597995529495,0.1495384700517363,13.610654325020349,,,58.947380152838136,58.947380152838136,False,75.89463407434137,75.89463407434137,71.65782059396557,278.0,True,True,True,True,True,True,True,True,True,True,True,True,True,True,False,False,False,14,False,0.0234811852791059,0.1052040974772821,1.0,375015539.7899448,0.199074074074074,1.0,3.0,,,,,,0.0403113749500946,0.0286765382529836,0.1453781778288882,-0.8650976571886757,0.6936567164179105,-0.8650976571886757,0.8105819500474165,-278.0,0.7761194029850746,0.8208955223880597,0.9029850746268656,0.7951492537313434,0.8149253731343283,興富發
98.6999969482422,98.9000015258789,97.0999984741211,98.5,330986.0,0.0368421052631577,97.22000122070312,0.0501065756431671,95.30999984741212,0.1615565619718242,91.25833346048992,0.1295871954957173,88.01833349863688,0.0093725203331444,76.47058069264595,155289.95,2.131406443237312,0.0334697320081309,2546.TW,2026-07-30,-0.1406250241048188,-0.0234986945169712,bull,0.0824074074074074,0.1019462465245597,2026-03-31,2026-05-15,4271987000.0,331333000.0,227648000.0,236497000.0,50162000.0,186338000.0,1.43,15279304000.0,9683343000.0,16184746000.0,9989889000.0,6194857000.0,7854449000.0,0.0,,,0.2121041704545935,179362909.8043527,6501403000.0,0.0275883389791945,0.0300794675325031,0.0115131865523252,1.6126101054471476,0.0775594588653944,0.0532885516739634,0.0436185784273219,0.0858039345262302,,,37.32527210445105,37.32527210445105,False,73.33987892169709,73.33987892169709,64.33622721738558,569.0,True,False,True,True,True,True,True,False,True,True,True,True,True,True,False,False,False,12,False,0.0793534821961805,0.1190850369999956,1.0,15296060.075,0.6101851851851852,1.0,3.0,,,,,,0.0622712923574744,0.0082037948794198,0.2569810678731726,0.3164784549462552,0.8869402985074626,0.3164784549462552,0.925875873029672,-569.0,0.4253731343283582,0.5223880597014925,0.9925373134328358,0.5104477611940298,0.567910447761194,根基
202.5,202.5,199.5,201.0,6912207.0,-0.0122850122850123,202.4,0.0835579514824798,198.55,0.0222931582359613,197.9452018737793,0.1589633752139281,192.37330207824704,0.0235855135971131,59.70149253731344,10880764.7,0.6352684935829924,0.0123394610929237,2603.TW,2026-07-30,-0.1406250241048188,-0.0234986945169712,bull,0.0453703703703703,0.3067655236329935,2026-03-31,2026-05-15,86511471000.0,13386693000.0,8948352000.0,10639378000.0,1948722000.0,8303529000.0,3.84,244500947000.0,151671937000.0,935103407000.0,330097608000.0,605005799000.0,183466379000.0,21757000.0,72484631000.0,,0.1831612712698054,7309360471.910295,783431470000.0,0.0093299296132567,0.0137247097692695,0.0088797976115169,0.5456106512460056,0.1547389362966675,0.1034354392147603,0.0959818265025224,-0.2133215452088127,,,31.8537233857576,31.8537233857576,False,75.55525315282262,75.55525315282262,64.62987071105636,651.0,True,True,True,True,True,True,True,True,True,True,True,True,False,True,False,False,False,13,False,0.0154325444481782,0.044843529889839,1.0,2187033704.7,0.0546296296296296,2.0,3.0,,,,,,0.0546897763814988,-0.0028830109142219,0.2191650190878332,-1.117150335084663,0.7291044776119403,-1.117150335084663,0.6879783128882355,-651.0,0.3880597014925373,0.5597014925373134,0.7388059701492538,0.4406716417910448,0.5097014925373134,長榮
48.0,48.0,47.0,47.150001525878906,253425.0,-0.0031711990190501,47.43000030517578,0.0362637697995364,46.839999771118165,0.050958176080468,46.15967025756836,-0.1242014951103732,47.977288754781085,0.0087068025153443,55.97016794904938,391959.95,0.6465584047553838,0.006618312473859,2607.TW,2026-07-30,-0.1406250241048188,-0.0234986945169712,bull,0.1101851851851851,0.2428174235403151,2026-03-31,2026-05-15,3991930000.0,868803000.0,467559000.0,709936000.0,149297000.0,553268000.0,1.04,14530568000.0,4295956000.0,44350782000.0,12631508000.0,31719274000.0,4170571000.0,346407000.0,4274711000.0,,0.2102964210858443,369233015.6535237,40054826000.0,0.0092181904785586,0.0174426438637908,0.012474819496982,0.3982281561677609,0.2176398383739193,0.1171260518095257,0.1385966186781832,-0.1369527758740344,,,38.62339041274056,38.62339041274056,False,70.5868326165908,70.5868326165908,62.59597206562823,546.0,True,False,True,True,True,True,True,True,True,True,True,True,False,True,False,False,False,12,False,0.0214544701637717,-0.0172433092901636,0.0,18480912.24058342,0.5833333333333334,1.0,3.0,,,,,,0.016856075075614,-0.0068213348046646,0.0993886189243912,-1.6256707340459755,0.2899253731343283,-1.6256707340459755,0.4093028923280356,-546.0,0.4626865671641791,0.4402985074626865,0.3059701492537313,0.4391791044776119,0.4246268656716418,榮運
30.0,30.0,29.350000381469727,29.549999237060547,414175.0,0.0137221140228076,29.52999954223633,0.0242633915540753,29.352500057220464,0.0436658342153652,28.630798943837483,-0.051356827606333,29.088685210545854,0.0060839681020574,52.499966621335226,266325.35,1.555146740631337,0.0067285300896029,2608.TW,2026-07-30,-0.1406250241048188,-0.0234986945169712,bull,0.1305555555555555,0.2493049119555143,2026-03-31,2026-05-15,3102760000.0,576878000.0,371282000.0,344611000.0,69377000.0,217699000.0,0.47,4287133000.0,3261390000.0,24987176000.0,11507532000.0,13479644000.0,2276562000.0,530000000.0,3906162000.0,,0.2013197489343056,296535600.9761732,21725786000.0,0.0136490160114885,0.0161502039668109,0.0087124291276453,0.8536970264199856,0.1859241449548144,0.1196618494501669,0.0701630161533602,0.0170899405859454,,,38.862051874964095,38.862051874964095,False,70.59316268199045,70.59316268199045,62.66038498023386,537.0,True,False,True,True,True,True,True,True,True,True,True,True,True,True,False,False,False,13,False,0.0321052966431771,0.015858882007752,1.0,7869913.889309882,0.7092592592592593,0.0,3.0,,,,,,0.0207172616356788,-0.0056252067036898,0.0869074447879072,-1.5499682466510645,0.3272388059701492,-1.5499682466510645,0.3341320128915172,-537.0,0.4776119402985074,0.4477611940298507,0.2014925373134328,0.4361940298507462,0.4134328358208955,嘉里大榮
86.19999694824219,86.19999694824219,83.9000015258789,84.4000015258789,6269983.0,-0.0011834138949241,84.8,0.1099230993511914,81.83999977111816,0.0848328819438519,80.62631645202637,0.1405405611605257,78.69149163564046,0.0292346062612647,59.9009915948232,11207430.05,0.5594487738962064,0.0312805689384201,2615.TW,2026-07-30,-0.1406250241048188,-0.0234986945169712,bull,0.0277777777777777,0.1853568118628359,2026-03-31,2026-05-15,33640864000.0,7656632000.0,5825197000.0,9789626000.0,2113020000.0,7671518000.0,2.73,141008376000.0,35567443000.0,420232464000.0,133190864000.0,287041600000.0,99479800000.0,1000000000.0,42718782000.0,0.0,0.2158427707044171,4567870339.620942,384665021000.0,0.0118749303686256,0.0267261539790748,0.0182554149362434,0.4640124079575922,0.2275991484642011,0.1731583647792161,0.2280416460171772,-0.0929984351119866,,,48.73816272918027,48.73816272918027,False,80.91833999810099,80.91833999810099,72.87329568087081,389.0,True,True,True,True,True,True,True,True,True,True,True,True,False,True,False,False,False,13,False,0.0468046320347268,0.0725429112040492,1.0,945907113.3211812,0.1101851851851851,1.0,3.0,,,,,,0.0311150833492052,-0.0139509564394846,0.2124854325138609,-1.287588029588748,0.5776119402985075,-1.287588029588748,0.6063539964928528,-389.0,0.6492537313432836,0.8582089552238806,0.6119402985074627,0.6436567164179104,0.7044776119402986,萬海
41.59999847412109,41.84999847412109,41.04999923706055,41.75,52810009.0,0.022031861921588,41.72000045776368,-0.0018945242285518,41.22886772155762,0.2297496041760092,39.10661964416504,0.0900783506961822,37.28455975850423,-0.0041903582689035,60.91371501999525,50962724.2,1.0362477640078744,0.0126399852152594,2618.TW,2026-07-30,-0.1406250241048188,-0.0234986945169712,bull,0.2148148148148148,0.0630213160333642,2026-03-31,2026-05-15,60515845000.0,15865568000.0,11279920000.0,11043489000.0,2178622000.0,8268012000.0,1.53,119872996000.0,106923312000.0,391276107000.0,247236537000.0,144039570000.0,95057424000.0,110000000.0,46720454000.0,,0.1972766034357439,9054655695.373083,284352795000.0,0.0318430339162767,0.057400976689947,0.0211308890373927,1.7164487300260616,0.2621721302908354,0.1863961413742136,0.1366255730214128,0.1014063587979636,,,65.4946890287355,65.4946890287355,False,68.2395472560534,68.2395472560534,67.55333269922392,205.0,True,False,True,True,True,True,False,True,True,True,True,True,True,True,True,False,False,12,False,0.0675941919779141,0.119766473586355,1.0,2127693735.35,0.0574074074074074,1.0,3.0,,,,,,0.0182237581911112,-0.0297621235104939,0.2318190708127873,-0.734925798399763,0.5649253731343283,-0.734925798399763,0.7511384969621062,-205.0,0.8208955223880597,0.6791044776119403,0.8283582089552238,0.8220149253731343,0.7798507462686567,長榮航
48.75,48.75,47.0,48.0,175652.0,0.0480349519560527,46.51999969482422,0.0946408590715941,45.57656211853028,0.1414982371199533,43.987187194824216,0.0896708474767964,43.34609362284343,0.0133402815097066,72.8318536847042,115014.95,1.527210158331591,0.0531728978409369,2704.TW,2026-07-30,-0.1406250241048188,-0.0234986945169712,bull,0.0361111111111111,0.1149212233549582,2026-03-31,2026-05-15,378532000.0,113136000.0,11772000.0,102498000.0,43662000.0,58697000.0,0.16,22038050000.0,4179836000.0,34495152000.0,8091080000.0,26404072000.0,3958344000.0,340000000.0,400000000.0,,0.4,7063200.0,30315316000.0,0.0002329911388685,0.0022230283268429,0.0017016014308329,0.3064330380556453,0.2988809400526243,0.0310990880559635,0.1550648293935519,0.0078893625405718,,,28.393804821713665,28.393804821713665,False,79.86812888896739,79.86812888896739,66.99954787215395,711.0,True,True,True,True,True,True,True,False,True,True,True,True,True,True,False,False,False,13,False,0.0912268562980074,0.1073662235321699,1.0,5520717.6,0.7472222222222222,1.0,3.0,,,,,,0.021240334379162,-0.0377332263092726,0.1877962849233645,-1.2701829097578443,0.4361940298507463,-1.2701829097578443,0.4897768140165688,-711.0,0.3134328358208955,0.6567164179104478,0.4402985074626865,0.3324626865671641,0.4417910447761194,國賓
12.699999809265137,12.699999809265137,12.5,12.550000190734863,196970.0,-0.0233463176520585,12.689999961853028,-0.0039682689858008,12.692500019073483,0.0040000152587891,12.38583327929179,-0.0233463176520585,12.490416622161865,0.0037564247019203,50.0,171780.6,1.1466370474896466,-0.0112270890781549,2706.TW,2026-07-30,-0.1406250241048188,-0.0234986945169712,bull,0.2277777777777777,0.3642261353104726,2026-03-31,2026-05-15,89870000.0,69648000.0,61056000.0,86520000.0,17413000.0,,0.14,3148502000.0,153769000.0,11784537000.0,1574945000.0,10209592000.0,276398000.0,,,,0.2012598243180767,48767880.1664355,11630768000.0,0.0041930060135698,,,0.1542613064263488,0.7749860910203628,0.679381328585735,,0.0116394254581475,,,67.6784742796923,67.6784742796923,False,60.2829886796519,60.2829886796519,62.131860079662,184.0,True,False,True,True,False,True,True,True,True,True,True,True,True,True,True,False,False,12,False,0.0132544099166544,0.0047703427656111,1.0,2155846.562764549,0.8666666666666667,0.0,3.0,,,,,,0.0529748379689016,0.0431608580127968,0.213500506040426,-0.7864639850538306,0.8294776119402986,-0.7864639850538306,0.808013950910318,-184.0,0.8432835820895522,0.4253731343283582,0.8955223880597015,0.8511194029850746,0.7283582089552239,第一店
180.0,181.5,179.5,180.5,505148.0,0.0140449438202248,179.7,0.011204481792717,179.75,0.0617647058823529,177.3,0.0064984967078685,176.68954226175944,0.0013927576601671,52.631578947368425,173836.95,2.9058724281575348,0.0041724617524339,2707.TW,2026-07-30,-0.1406250241048188,-0.0234986945169712,bull,0.1648148148148148,0.2233549582947173,2026-03-31,2026-05-15,1946379000.0,699803000.0,562483000.0,914767000.0,182055000.0,730305000.0,5.73,4907297000.0,3965941000.0,10835463000.0,7089733000.0,3745730000.0,800345000.0,86714000.0,,,0.1990178919877958,450538819.0610286,6869522000.0,0.0655851774055063,0.1949700058466573,0.0673995195221468,1.892750678772896,0.359540973263686,0.2889894516946596,0.3752121246684227,0.0491755118586034,,,78.92252512482825,78.92252512482825,True,65.52114113018871,65.52114113018871,68.8714871288486,92.0,True,False,True,True,True,True,True,True,True,True,True,True,True,True,True,True,False,13,False,0.01804850535815,0.0215658362654846,1.0,31377569.475,0.5064814814814815,2.0,2.0,,,,,,0.0229341531919135,-0.0359917592301484,0.2246736508485766,0.9876757914047553,0.6123134328358208,0.9876757914047553,0.6556231605568165,-92.0,0.9328358208955224,0.7313432835820896,0.6716417910447762,0.8936567164179104,0.8201492537313434,晶華
24.549999237060547,24.799999237060547,24.200000762939453,24.799999237060547,39289956.0,0.0226803809097133,24.570000076293944,0.0620984510450595,24.062499904632567,0.1866028559671582,22.42749999364217,0.2156862598435316,21.63999999364217,0.0098625554281298,61.90477055487534,24876826.1,1.579379774657025,0.030649323027571,2801.TW,2026-07-30,-0.1406250241048188,-0.0234986945169712,bull,0.0675925925925925,0.0852641334569045,2026-03-31,2026-05-15,,,,,992320000.0,5221136000.0,,,,3481563454000.0,3255586729000.0,225976725000.0,40993679000.0,,,,,,3481563454000.0,,0.0231047511640855,0.0014996526902307,14.406734715710211,,,,,,,11.293260418625334,11.293260418625334,False,87.21759331037758,87.21759331037758,68.23651008743951,1023.0,True,True,True,True,True,True,True,True,True,True,True,True,True,True,False,False,False,14,False,0.1057852745107987,0.146025843084417,1.0,616945268.300488,0.15,0.0,3.0,,,,,,-0.0050833204704976,-0.1496945662069177,0.1572010184499026,-1.4477398966445525,0.2167910447761194,-1.4477398966445525,0.2918926068826881,-1023.0,0.0522388059701492,0.7089552238805971,0.0895522388059701,0.0578358208955223,0.2567164179104477,彰銀
20.5,20.700000762939453,20.350000381469727,20.64999961853028,21216000.0,0.0097798947740517,20.65,0.0248138962514017,20.53000001907349,0.0455696009382418,19.75166667302449,0.0172413987499444,20.107916673024494,0.0083497090752319,51.72411525145496,18276080.55,1.1608615940358171,0.0058450852092206,2812.TW,2026-07-30,-0.1406250241048188,-0.0234986945169712,bull,0.1268518518518518,0.2483781278962001,2026-03-31,2026-05-15,,,,,471473000.0,2426299000.0,,,,1016904606000.0,923319387000.0,93585219000.0,11220605000.0,,,,,,1016904606000.0,,0.0259260920252801,0.0023859651983914,9.86608138406985,,,,,,,13.453610786523946,13.453610786523946,False,66.81259496477297,66.81259496477297,53.47284892021071,988.0,True,False,True,True,True,True,True,True,True,True,True,True,True,True,False,False,False,13,False,0.045481374325371,0.0269586827079406,1.0,377401056.3857287,0.1981481481481481,0.0,3.0,,,,,,0.0193769626745764,-0.0892022573486126,0.1319671131107954,-1.2060508984577407,0.2940298507462686,-1.2060508984577407,0.3590537482916443,-988.0,0.0895522388059701,0.0820895522388059,0.2388059701492537,0.1119402985074626,0.1171641791044776,台中銀
56.900001525878906,57.70000076293945,56.59999847412109,57.400001525878906,297302.0,0.0123456923019478,56.72000045776368,0.0141343299174045,56.645000267028806,0.1677821743066541,53.63503017425537,0.2360597640119497,49.7290568669637,0.0029213907976905,58.20898071753961,208258.3,1.4275637513606902,0.0133286478116509,2832.TW,2026-07-30,-0.1406250241048188,-0.0234986945169712,bull,0.1537037037037037,0.0973123262279888,2026-03-31,2026-05-15,,,514384000.0,513794000.0,96832000.0,,,,,25841065000.0,13610551000.0,12230514000.0,3713301000.0,,,,0.1884646375784847,417440805.8638287,25841065000.0,0.0161541641516643,,,1.112835568480605,,,,,,,55.14019466216183,55.14019466216183,False,79.52870010943208,79.52870010943208,73.43157374761452,306.0,True,True,True,True,True,True,True,True,True,True,True,True,True,True,False,False,False,14,False,0.0701961262889474,0.1542547786385069,1.0,11954026.737776946,0.6518518518518519,1.0,3.0,,,,,,0.0171677127593033,-0.0269555114281306,0.1225601406728761,-1.3818061719951626,0.3097014925373134,-1.3818061719951626,0.3578373215977658,-306.0,0.7611940298507462,0.8805970149253731,0.2313432835820895,0.6817164179104478,0.691044776119403,台產
17.950000762939453,18.100000381469727,17.799999237060547,18.100000381469727,52728815.0,0.011173227217972,18.070000457763676,0.0197183313504072,18.000000190734863,0.1172839215462804,17.173333326975506,0.1677419600948211,16.384166701634726,0.0047446348447062,53.84613879805899,36478592.6,1.4454728442566065,0.0055555660930679,2834.TW,2026-07-30,-0.1406250241048188,-0.0234986945169712,bull,0.1407407407407407,0.1408711770157553,2026-03-31,2026-05-15,,,,,886677000.0,3437983000.0,,,,2555347612000.0,2406237987000.0,149109625000.0,29451426000.0,,,,,,2555347612000.0,,0.0230567476780925,0.0013454071703807,16.137375350518116,,,,,,,11.10187505518378,11.10187505518378,False,73.48250122678793,73.48250122678793,57.887344683886894,1024.0,True,False,True,True,True,True,True,True,True,True,True,True,True,True,False,False,False,13,False,0.0539596499322954,0.104725111205308,1.0,660262539.9754788,0.1462962962962962,0.0,3.0,,,,,,0.0174947668950476,-0.1048363034992516,0.1472358130301355,-1.3651465844183048,0.2843283582089552,-1.3651465844183048,0.3132797025183649,-1024.0,0.044776119402985,0.1865671641791045,0.1417910447761194,0.0593283582089552,0.1067164179104477,臺企銀
13.350000381469728,13.449999809265137,13.25,13.449999809265137,12492910.0,0.0189393942130609,13.360000038146971,0.0346153699434721,13.319999980926514,0.0979591681032765,12.75833338101705,0.0632411237043035,12.617500027020771,0.006422364225501,58.62069645903737,9968582.55,1.2532283238202204,0.0097597468862442,2845.TW,2026-07-30,-0.1406250241048188,-0.0234986945169712,bull,0.1129629629629629,0.1631139944392956,2026-03-31,2026-05-15,,,,,143704000.0,1221472000.0,,,,891493396000.0,820291532000.0,71201864000.0,7041472000.0,,,,,,891493396000.0,,0.0171550565024533,0.0013701413891348,11.520646875199784,,,,,,,8.670319530616531,8.670319530616531,False,77.81313892141465,77.81313892141465,60.52743407371512,1053.0,True,True,True,True,True,True,True,True,True,True,True,True,True,True,False,False,False,14,False,0.0542129138338089,0.0659797725747208,1.0,134077433.39614378,0.3064814814814814,0.0,3.0,,,,,,0.0404101445741455,-0.0850938740465154,0.1541159109185231,-0.9324679351413137,0.4962686567164179,-0.9324679351413137,0.4966408161562444,-1053.0,0.0223880597014925,0.3059701492537313,0.4552238805970149,0.0873134328358209,0.1940298507462686,遠東銀
15.350000381469728,15.449999809265137,15.199999809265137,15.300000190734863,255214.0,0.0515463910768594,15.039999961853027,0.0699300689973354,14.60987048149109,0.0967742222170569,14.181623490651448,0.1375464987140995,13.800395051638285,0.0101988806437204,73.16217403052403,305527.45,0.83532265267818,0.0472372229526663,2849.TW,2026-07-30,-0.1406250241048188,-0.0234986945169712,bull,0.0555555555555555,0.1668211306765523,2026-03-31,2026-05-15,,,,,36199000.0,,,,,398942212000.0,362433426000.0,36508786000.0,2706824000.0,,,,,,398942212000.0,,,,9.92729328222527,,,,,,,0.0,0.0,False,73.09924031247505,73.09924031247505,54.824430234356285,1078.0,True,False,True,True,True,True,True,False,True,True,True,True,True,True,False,False,False,12,False,0.0788609781398195,0.1086639283502652,1.0,4674570.043274737,0.7694444444444445,0.0,3.0,,,,,,0.0837893114369159,-0.0281460783190176,0.2324013212782024,-0.284656705678643,0.7675373134328358,-0.284656705678643,0.8231296775813446,-1078.0,0.0149253731343283,0.0970149253731343,0.9328358208955224,0.1526119402985074,0.2231343283582089,安泰銀
157.5,159.5,154.5,157.0,621816.0,0.0680272108843538,154.6,0.1134751773049644,148.125,0.2603854243093015,139.8862183888753,0.4357434415025167,126.55603109995523,0.0233160621761658,74.54545454545455,348709.3,1.7831930493393782,0.059915611814346,2850.TW,2026-07-30,-0.1406250241048188,-0.0234986945169712,bull,0.025,0.0491195551436515,2026-03-31,2026-05-15,,,1507350000.0,1508204000.0,248433000.0,,,,,58099283000.0,36260125000.0,21839158000.0,14722947000.0,,,,0.1647210854765005,1259057671.8069968,58099283000.0,0.0216707953488341,,,1.6603261444420157,,,,,,,51.89726928896828,51.89726928896828,False,81.48837002810939,81.48837002810939,74.09059484332411,341.0,True,True,True,True,True,True,True,False,True,True,True,True,True,True,False,False,False,13,False,0.122340726686523,0.2405572348898947,1.0,54747360.1,0.4175925925925925,2.0,3.0,,,,,,-0.0104059874034548,-0.0683271349865657,0.170437735933431,-2.0711621140192653,0.1973880597014925,-2.0711621140192653,0.2084538732320631,-341.0,0.6940298507462687,0.8955223880597015,0.0373134328358208,0.5955223880597015,0.623134328358209,新產
26.600000381469727,26.75,26.5,26.600000381469727,437527.0,0.0018832823294165,26.65,-0.0018761440066134,26.7399998664856,0.0858344230430092,26.067082786560057,0.0304548848047212,25.474967368443806,0.0013106174263979,45.23812335093846,312544.15,1.3998886237352386,-0.0052355828614396,2852.TW,2026-07-30,-0.1406250241048188,-0.0234986945169712,bull,0.2129629629629629,0.1844300278035217,2026-03-31,2026-05-15,,,394962000.0,395700000.0,93803000.0,,,,,19910531000.0,10498172000.0,9412359000.0,2155671000.0,,,,0.2370558503917109,301333947.2175891,19910531000.0,0.0151344003440987,,,1.1153603469650912,,,,,,,53.81873474558473,53.81873474558473,False,67.33276561381672,67.33276561381672,63.95425789675872,315.0,True,False,True,True,False,True,True,False,True,True,True,True,True,True,False,False,False,11,False,0.0204440826491116,0.0441622945676276,1.0,8313674.509226132,0.6990740740740741,0.0,3.0,,,,,,0.0084737224932839,-0.0182987418282526,0.0923705117395283,-1.3423774853856083,0.2694029850746269,-1.3423774853856083,0.3209905795426976,-315.0,0.746268656716418,0.5,0.1716417910447761,0.6600746268656716,0.5574626865671641,第一保
9.449999809265137,9.699999809265137,9.300000190734863,9.579999923706056,40423411.0,0.0435729417465,9.378000068664551,0.1270588145536537,9.054999923706054,0.2457737129287793,8.375499931971232,0.1989987732334288,8.110749975840251,0.0283929643615909,75.00001655685057,18110001.25,2.232104263383196,0.0579790176061236,2867.TW,2026-07-30,-0.1406250241048188,-0.0234986945169712,bull,0.0185185185185185,0.0565338276181649,2026-03-31,2026-05-15,,,-260328000.0,-260476000.0,-99972000.0,,,,,1583200325000.0,1505084533000.0,78115792000.0,70736282000.0,,,,0.3838050338610851,-160412803.14501145,1583200325000.0,-0.0001013218609243,,,19.267352918856663,,,,,,,0.0,0.0,False,77.86268355450062,77.86268355450062,58.397012665875465,1079.0,True,True,True,True,True,True,True,False,True,True,True,True,True,True,False,False,False,13,False,0.1438123098941195,0.1811484699001087,1.0,173493810.59331658,0.2731481481481481,0.0,3.0,,,,,,0.0377258397127674,-0.0732532425753307,0.2159107950004708,-0.4834469084020884,0.6093283582089553,-0.4834469084020884,0.677846621022917,-1079.0,0.0074626865671641,0.2014925373134328,0.7313432835820896,0.1160447761194029,0.2104477611940298,三商壽
125.0,125.0,121.0,124.0,22878188.0,-0.0350194552529182,126.0,0.0376569037656904,125.15,0.3815472479691513,115.51440938313802,0.3875279525842896,101.2005771636963,0.0035542885016213,49.15254237288136,22406585.5,1.0210474951660975,-0.0091889732321215,2881.TW,2026-07-30,-0.1406250241048188,-0.0234986945169712,bull,0.1037037037037037,0.0240963855421686,2026-03-31,2026-05-15,66193246000.0,,,38624861000.0,5062760000.0,33551455000.0,,,,13120104726000.0,12085399702000.0,1034705024000.0,358727505000.0,,,,0.131075164257549,,13120104726000.0,,0.0324261062058977,0.0025572551211051,11.68004351160858,,,0.5068712750542556,-0.3925800152621125,,,12.264204123597382,12.264204123597382,False,71.46187504338549,71.46187504338549,56.66245731343847,1007.0,True,False,True,True,False,True,True,False,True,True,True,True,True,True,False,False,False,11,False,0.0734591525176482,0.2252894546186694,1.0,2778416602.0,0.049074074074074,2.0,3.0,,,,,,-0.0423061838284244,-0.1459893200049936,0.2617196749073822,-0.7993428982998667,0.3988805970149254,-0.7993428982998667,0.4192245214052955,-1007.0,0.0671641791044776,0.1417910447761194,0.3208955223880597,0.1052238805970149,0.1402985074626865,富邦金
94.9000015258789,95.1999969482422,92.5,95.1999969482422,27778873.0,-0.0215827958648523,96.03999938964844,0.0181817855426973,95.98500061035156,0.2528589317872571,91.78695284525551,0.2990776567730502,81.7729009628296,-0.0036046248324248,46.58383327172963,24406299.45,1.1381845517756275,-0.0081783993032,2882.TW,2026-07-30,-0.1406250241048188,-0.0234986945169712,bull,0.1472222222222222,0.0528266913809082,2026-03-31,2026-05-15,72538053000.0,,,38391738000.0,6735806000.0,31593811000.0,,,,14450034484000.0,13633007653000.0,817026831000.0,293505959000.0,,,,0.1754493636104726,,14450034484000.0,,0.0386692453677815,0.0021864176888285,16.686119887046893,,,0.4355480977687669,-0.3173702053156907,,,13.906153918122188,13.906153918122188,False,60.4142039802742,60.4142039802742,48.7871914647362,984.0,True,False,True,True,False,True,False,False,True,True,True,True,True,True,False,False,False,10,False,0.0371844145293804,0.1641998244811686,1.0,2323479633.157885,0.0527777777777777,1.0,3.0,,,,,,-0.0406254147147345,-0.1413873467874051,0.2201729836668542,-0.8976633287290232,0.3552238805970149,-0.8976633287290232,0.5203593060339329,-984.0,0.0970149253731343,0.0074626865671641,0.4701492537313433,0.1529850746268656,0.1447761194029851,國泰金
36.79999923706055,37.79999923706055,36.34999847412109,37.70000076293945,69044705.0,0.0575034824492901,36.560000610351565,0.1186943593306644,35.38750019073486,0.2338139793804807,32.99166272481283,0.1695529669443796,32.29771243731181,0.0244716603206996,72.8682202635512,45597752.3,1.514212905621666,0.0653479494098328,2884.TW,2026-07-30,-0.1406250241048188,-0.0234986945169712,bull,0.0212962962962962,0.0583873957367933,2026-03-31,2026-05-15,25169421000.0,,,12706707000.0,2639201000.0,10056957000.0,,,,4679436007000.0,4394289185000.0,285146822000.0,45485669000.0,,,,0.2077014131198586,,4679436007000.0,,0.0352693988642805,0.0021491814365995,15.410619533399537,,,0.3995704549580223,0.174006725249566,,,29.938092003685178,29.938092003685178,False,82.6321962153579,82.6321962153579,69.45867016243972,685.0,True,True,True,True,True,True,True,False,True,True,True,True,True,True,False,False,False,13,False,0.1427129659210997,0.1672653546629101,1.0,1719035296.4983242,0.0694444444444444,1.0,3.0,,,,,,-0.11541216634679,-0.2186656962337293,0.1211088769163409,-2.0225246825485144,0.053731343283582,-2.0225246825485144,0.0585568355206339,-685.0,0.3432835820895522,0.7686567164179104,0.0074626865671641,0.292910447761194,0.4037313432835821,玉山金
34.849998474121094,35.650001525878906,34.45000076293945,35.5,63055957.0,0.0395314323221351,34.83999938964844,0.1059190556853133,33.97749977111816,0.2326389215426689,31.34833313624064,0.2220310131612968,30.10249988238017,0.0156938886440118,74.3589843910474,34530458.65,1.8260967118662927,0.0448090718604317,2892.TW,2026-07-30,-0.1406250241048188,-0.0234986945169712,bull,0.0305555555555555,0.0602409638554216,2026-03-31,2026-05-15,19296673000.0,,,10035758000.0,1792064000.0,8243694000.0,,,,5146398447000.0,4848752228000.0,297646219000.0,66304190000.0,,,,0.1785678769854753,,5146398447000.0,,0.0276962832845526,0.0016018374956578,16.290320247609124,,,0.427208047729264,0.0559316737098873,,,19.735682713005552,19.735682713005552,False,79.42725929309799,79.42725929309799,64.50436514807488,865.0,True,True,True,True,True,True,True,False,True,True,True,True,True,True,False,False,False,13,False,0.1324366066200748,0.1793040491224828,1.0,1225831282.075,0.0916666666666666,1.0,3.0,,,,,,-0.0785149299283304,-0.2286617241573907,0.1452746017822749,-1.5229989688112164,0.1208955223880597,-1.5229989688112164,0.1379841531362715,-865.0,0.1716417910447761,0.5373134328358209,0.0223880597014925,0.1492537313432835,0.2514925373134328,第一金
22.450000762939453,22.600000381469727,22.25,22.549999237060547,2751524.0,0.0249999653209338,22.349999618530276,0.0226757377460415,22.25749988555908,0.0645524657953131,21.78315232594808,0.079003381384588,21.663736708958943,0.0047004300343791,55.55554770637533,2111923.1,1.3028523623800503,0.0131416085816198,2903.TW,2026-07-30,-0.1406250241048188,-0.0234986945169712,bull,0.1333333333333333,0.2205746061167748,2026-03-31,2026-05-15,8445107000.0,4894442000.0,1258959000.0,711710000.0,98348000.0,552249000.0,0.39,23289316000.0,44841575000.0,132760502000.0,96156196000.0,36604306000.0,11187325000.0,13575489000.0,13506440000.0,,0.138185496901828,1084989125.0059714,87918927000.0,0.0123407912497154,0.0150869955026602,0.0041597387150584,2.6269094133351416,0.5795595011407197,0.1490755534536152,0.0653927771430249,-0.0031784571239377,,,39.04410208893306,39.04410208893306,False,73.05514714468862,73.05514714468862,64.55238588074972,533.0,True,False,True,True,True,True,True,True,True,True,True,True,True,True,False,False,False,13,False,0.0352036702327513,0.0409099565789632,1.0,47623864.29373055,0.4425925925925926,0.0,3.0,,,,,,0.0262919253617817,-0.0139237058768987,0.1508078158417259,-1.2720286345335137,0.4899253731343284,-1.2720286345335137,0.4557944440190959,-533.0,0.4850746268656716,0.5522388059701493,0.373134328358209,0.4682835820895522,0.4828358208955224,遠百
16.350000381469727,16.649999618530273,16.100000381469727,16.600000381469727,1449295.0,0.050632922853,16.300000381469726,0.1292517412828164,15.657500076293946,0.2296296578866463,14.655000019073489,0.0641025625350519,14.744999996821086,0.0248731838664699,74.00001525878908,1103309.7,1.3135885599483084,0.0601948140241597,2905.TW,2026-07-30,-0.1406250241048188,-0.0234986945169712,bull,0.0175925925925925,0.0648748841519925,2026-03-31,2026-05-15,29552820000.0,,,,-68929000.0,32878000.0,0.03,133124099000.0,1468399841000.0,1617410517000.0,62246052000.0,86764624000.0,72610211000.0,2757000000.0,7269508000.0,,,,149010676000.0,,0.0003789332389661,2.032755423217024e-05,0.717412801788895,,,0.0011125165043471,-0.4161502905041906,,,21.27042291580655,21.27042291580655,False,80.47982262000495,80.47982262000495,65.67747269395535,839.0,True,True,True,True,True,True,True,False,True,True,True,True,True,True,False,False,False,13,False,0.1327192330170468,0.1258053838622288,1.0,18314941.440879248,0.5851851851851851,0.0,3.0,,,,,,0.015929674835742,-0.0316604527978132,0.1364839935116806,-1.3993784906004485,0.2869402985074626,-1.3993784906004485,0.3839949744980625,-839.0,0.2164179104477611,0.6194029850746269,0.2761194029850746,0.2253731343283581,0.3492537313432836,三商
22.14999961853028,22.200000762939453,21.799999237060547,22.0,302199.0,0.0208817066761453,21.90999984741211,0.0328638867611552,21.7625,0.090703634649323,21.12195723851522,0.1121953966441489,20.43427486419678,0.0067075277344085,54.83869379939873,195421.5,1.5463958673943246,0.0109132682366457,2908.TW,2026-07-30,-0.1406250241048188,-0.0234986945169712,bull,0.1148148148148148,0.1797961075069508,2026-03-31,2026-05-15,9402236000.0,2780908000.0,276866000.0,231204000.0,54293000.0,160854000.0,0.32,20114529000.0,15304252000.0,40538813000.0,31810333000.0,8728480000.0,2421634000.0,4169050000.0,9539478000.0,,0.2348272521236656,211850318.0135292,25234561000.0,0.0083952448395487,0.0184286382050483,0.0039679010828462,3.6444298434549887,0.2957709208745664,0.0294468252020051,0.0171080581257479,0.0988141239298459,,,24.019508975015057,24.019508975015057,False,75.67749500410912,75.67749500410912,62.76299849683561,785.0,True,True,True,True,True,True,True,True,True,True,True,True,True,True,False,False,False,14,False,0.0415701419887215,0.0766224955966776,1.0,4299273.0,0.7824074074074074,0.0,3.0,,,,,,0.068210011467753,0.0303517513156191,0.2128444120549582,-0.1909312439801089,0.8802238805970148,-0.1909312439801089,0.8878770344329793,-785.0,0.2611940298507462,0.4552238805970149,0.9776119402985076,0.3686567164179104,0.4626865671641791,特力
27.14999961853028,28.549999237060547,26.14999961853028,26.64999961853028,276858.0,0.1104166507720949,25.25999984741211,0.1818182048862977,24.277500057220458,0.2004503920116807,22.819166755676275,0.3353705967542113,21.95090845425924,0.0260989018629709,58.84773672241777,176376.25,1.5697011360656552,0.0977242119541961,2910.TW,2026-07-30,-0.1406250241048188,-0.0234986945169712,bull,0.0111111111111111,0.0750695088044485,2026-03-31,2026-05-15,134947000.0,122139000.0,79615000.0,67368000.0,16123000.0,51245000.0,0.29,1046634000.0,924884000.0,6492314000.0,3855433000.0,2636881000.0,179700000.0,437000000.0,2663000000.0,,0.2393272770454815,60560958.83802399,5567430000.0,0.010877722546673,0.0194339448765416,0.0078931795350625,1.4621186925007237,0.9050886644386316,0.5899723595189222,0.3797416763618309,0.0604038975326104,,,53.55098246287692,53.55098246287692,False,93.28971910152757,93.28971910152757,83.35503494186489,319.0,True,True,True,True,True,True,True,True,True,True,False,True,True,True,False,False,False,13,False,0.167877859164208,0.2140727420946102,1.0,4700426.995217801,0.7685185185185185,0.0,3.0,,,,,,0.0070899409019907,-0.0830760589890325,0.1181721482456206,-1.6122437829132763,0.1406716417910447,-1.6122437829132763,0.295939466028111,-319.0,0.7388059701492538,0.9850746268656716,0.0970149253731343,0.6425373134328358,0.6843283582089552,統領
51.0,51.900001525878906,50.59999847412109,51.400001525878906,2091643.0,-0.0038759099642703,51.18000030517578,-0.0115384321946364,50.7208330154419,0.1829689441506381,48.67944444020589,-0.0019417179440989,48.66055564880371,-0.0033404814947671,58.19497610420604,2786029.65,0.7507612131837865,0.0133903264212997,2915.TW,2026-07-30,-0.1406250241048188,-0.0234986945169712,bull,0.2629629629629629,0.0871177015755329,2026-03-31,2026-05-15,418613000.0,187104000.0,-8207000.0,2736586000.0,18591000.0,2708283000.0,2.59,4840429000.0,1001903000.0,130249863000.0,12898049000.0,117351814000.0,3969846000.0,450000000.0,9445000000.0,,0.0067935010995452,-8151245.736476032,129247960000.0,-6.306672644176382e-05,0.0230783224194557,0.0207929815634431,0.1099092426470714,0.4469617522628298,-0.019605220095888,,-0.3549697834454577,,,42.46996725529738,42.46996725529738,False,62.93233588928226,62.93233588928226,57.81674373078604,472.0,True,False,True,True,True,True,False,True,True,True,True,True,False,True,False,False,False,11,False,0.0558871843538546,0.056297052932287,1.0,143201928.26114386,0.3,1.0,3.0,,,,,,0.0684079390517011,0.0273805662327125,0.1567994415234919,-1.4347241860722917,0.6914179104477611,-1.4347241860722917,0.6061090816169769,-472.0,0.5597014925373134,0.1791044776119403,0.6044776119402985,0.5664179104477611,0.4544776119402984,潤泰全
106.0,110.5,105.5,110.0,4153408.0,-0.0308370044052863,110.5,0.0731707317073171,111.525,0.1282051282051282,105.47166659037272,0.0284281574606573,106.63805383046468,0.0219931271477663,46.66666666666666,5229224.9,0.7942683819164098,-0.0136740641111858,3005.TW,2026-07-30,-0.1406250241048188,-0.0234986945169712,bull,0.0504629629629629,0.1288229842446709,2026-03-31,2026-05-15,9308269000.0,2890739000.0,1257624000.0,1391228000.0,215931000.0,1087413000.0,1.74,34157049000.0,19619666000.0,51413542000.0,24716257000.0,26697285000.0,14015961000.0,1317501000.0,1977017000.0,,0.1552089233396682,1062429532.993873,31793876000.0,0.0334161689815319,0.0407312204218518,0.0211503226134468,0.9257966493596632,0.3105560228222884,0.1351082569702272,0.1168222577151562,-0.0255358141879895,,,60.64311592085046,60.64311592085046,False,70.26553650499434,70.26553650499434,67.85993135895838,256.0,True,False,True,True,False,True,True,False,True,True,True,True,False,True,True,False,False,10,False,0.0429341220824193,0.0315267022303333,1.0,575214739.0,0.162037037037037,2.0,3.0,,,,,,0.0337455353415695,-0.0103574149860188,0.2009038566806446,-0.6736382090104089,0.6757462686567164,-0.6736382090104089,0.6561680406639958,-256.0,0.7985074626865671,0.6865671641791045,0.6791044776119403,0.7805970149253731,0.741044776119403,神基
99.3000030517578,103.0,99.0999984741211,101.5,1065677.0,-0.0240384615384615,102.06000061035157,-0.0049019607843137,103.0400001525879,0.0,101.35166676839192,-0.0782491441775912,102.31876055399576,0.0077754420822605,46.41148220561845,1078071.6,0.988502989968384,-0.0149456536326413,3029.TW,2026-07-30,-0.1406250241048188,-0.0234986945169712,bull,0.2379629629629629,0.3734939759036144,2026-03-31,2026-05-15,6876938000.0,811379000.0,385472000.0,424218000.0,78018000.0,295873000.0,1.77,12286821000.0,7803745000.0,15126326000.0,8760650000.0,6365676000.0,2911146000.0,3716000.0,,,0.1839101593991768,314579783.0360805,7322581000.0,0.0429602326059732,0.0464794312497211,0.0195601364138258,1.3762324692617092,0.1179855045952137,0.0560528537555522,0.0430239446683974,0.0168646985516829,,,48.26050505492552,48.26050505492552,False,58.52376171352075,58.52376171352075,55.95794754887194,395.0,True,False,True,True,False,True,True,False,True,True,True,True,True,True,False,False,False,11,False,0.0014635499971307,-0.0080020569987622,0.0,109424267.4,0.3305555555555555,2.0,3.0,,,,,,0.0170347085823616,-0.0105671103512159,0.149910416854455,-0.6767270133155513,0.5078358208955224,-0.6767270133155513,0.530187377285712,-395.0,0.6343283582089553,0.1119402985074626,0.4850746268656716,0.6119402985074627,0.4477611940298507,零壹
170.0,170.5,157.5,160.0,82444779.0,-0.0778097982708934,171.1,0.0464817806605422,154.71429367065429,0.0921501706484642,154.24108327229817,0.1895910780669145,143.47054163614908,0.0312687790691459,60.6896551724138,65954682.0,1.2500216284872694,0.0341643050809357,3231.TW,2026-07-30,-0.1406250241048188,-0.0234986945169712,bull,0.0861111111111111,0.1760889712696941,2026-03-31,2026-05-15,846303026000.0,44093947000.0,29137265000.0,23507511000.0,5486748000.0,9630739000.0,3.06,1303491429000.0,1086171892000.0,1469121920000.0,1193994744000.0,275127176000.0,100033488000.0,354877446000.0,39108580000.0,51333618000.0,0.2334040383943668,22336509681.23316,382950028000.0,0.0583274789086401,0.0350046808898296,0.0065554389114281,4.339792096728387,0.0521018425378996,0.0344288796150422,0.0113797761606963,1.4425382266616515,,,39.08905119727999,39.08905119727999,False,82.60015379285598,82.60015379285598,71.72237814396199,531.0,True,True,True,True,True,True,True,True,True,True,True,True,True,True,False,False,False,14,False,0.0373371128205513,0.115211514331428,1.0,10552749120.0,0.0138888888888888,2.0,3.0,,,,,,0.0811132445395688,-0.0045509443384384,0.2782843398590496,-1.074888581520047,0.8115671641791045,-1.074888581520047,0.7929893027173753,-531.0,0.4925373134328358,0.8283582089552238,0.8805970149253731,0.5507462686567164,0.6708955223880597,緯創
14.0,14.0,13.800000190734863,13.899999618530272,56063.0,0.0258302157098662,13.710000038146973,0.0373134338980556,13.505896091461182,0.018315018826859,13.230298709869384,0.0109090631658379,13.419732666015625,0.0018544761290635,62.45164967687285,60251.45,0.9304838306795936,0.0291801095166319,3266.TW,2026-07-30,-0.1406250241048188,-0.0234986945169712,bull,0.1064814814814814,0.3188137164040778,2026-03-31,2026-05-15,508760000.0,129118000.0,60784000.0,58332000.0,13161000.0,43683000.0,0.12,12792293000.0,7165124000.0,13882400000.0,7442761000.0,6439639000.0,986601000.0,4625000000.0,151500000.0,,0.2256222999382843,47069774.120551325,6717276000.0,0.0070072711201015,0.0067834547868288,0.003146646113064,1.155773017711086,0.2537896061011085,0.1194748014781036,0.0858617029640695,1.0270049523688098,,,43.42781225211624,43.42781225211624,False,74.653944353092,74.653944353092,66.84741132784805,458.0,True,False,True,True,True,True,True,True,True,True,True,True,True,True,False,False,False,13,False,0.0506187292779196,0.0357881162365392,1.0,837495.1320158957,0.950925925925926,0.0,3.0,,,,,,0.0298152041882738,-0.0062856008645385,0.2066732227883928,-1.0471594625144447,0.6417910447761194,-1.0471594625144447,0.6358017383241665,-458.0,0.5746268656716418,0.6417910447761194,0.6567164179104478,0.5869402985074627,0.6111940298507462,昇陽
20.549999237060547,20.75,20.39999961853028,20.600000381469727,2091560.0,0.0,20.65,0.0048780673887671,20.645000076293947,0.0540289306405936,20.181375535329185,-0.0602909197406169,20.60968565940857,0.0025613794138736,50.0,1027444.7,2.035691069310105,-0.0021796897388192,3703.TW,2026-07-30,-0.1406250241048188,-0.0234986945169712,bull,0.1851851851851851,0.2381835032437442,2026-03-31,2026-05-15,6361105000.0,914713000.0,324449000.0,316048000.0,20798000.0,271125000.0,0.33,60631473000.0,49543922000.0,96677563000.0,67868177000.0,28809386000.0,10527237000.0,21243501000.0,17124326000.0,,0.0658064597782615,303098159.93140286,47133641000.0,0.0064306120533188,0.0094109954304475,0.0028044252625606,2.355766172871577,0.1437978150022676,0.0510051319699957,0.042622311689557,-0.1407257525820014,,,12.969657927377604,12.969657927377604,False,64.8590979524333,64.8590979524333,51.886737946169376,995.0,True,False,True,True,False,True,True,True,True,True,True,True,True,True,False,False,False,12,False,0.0207431275141629,-0.0004699381688251,0.0,21165361.211939048,0.562962962962963,0.0,3.0,,,,,,0.0216531037214424,-0.010614156882365,0.1109636198613103,-1.529552655526733,0.3391791044776119,-1.529552655526733,0.4652101623346247,-995.0,0.0746268656716417,0.0597014925373134,0.3955223880597014,0.1227611940298507,0.1343283582089552,欣陸
54.59999847412109,54.79999923706055,53.70000076293945,54.0,296435.0,0.0037174863527076,54.13999938964844,0.0074627152475021,54.499999809265134,0.0251798764347566,53.77763201395671,0.0017574199936565,52.845132319132496,0.0014700463776973,45.5882484937563,189359.1,1.56546477037544,-0.0091743084589906,3705.TW,2026-07-30,-0.1406250241048188,-0.0234986945169712,bull,0.174074074074074,0.29935125115848,2026-03-31,2026-05-15,1840865000.0,814150000.0,297411000.0,335863000.0,82504000.0,237394000.0,0.89,7096418000.0,2695071000.0,12716314000.0,4269427000.0,8446887000.0,1125149000.0,360709000.0,848392000.0,,0.24564777900513,224352648.39830524,10021243000.0,0.0223877066346265,0.0281043181943833,0.0186684600584729,0.5054438398430097,0.4422649135053358,0.1615604620653877,0.1289578540523069,-0.1553673664341042,,,60.307644264833584,60.307644264833584,False,67.00620291861111,67.00620291861111,65.33156325516673,260.0,True,False,True,True,False,True,True,False,True,True,True,True,True,True,True,False,False,11,False,0.0041349530969601,0.0218538137797297,1.0,10225391.4,0.675,1.0,3.0,,,,,,0.0499219814340169,0.0037661665145487,0.1457153682380337,-1.1921588538193804,0.6365671641791044,-1.1921588538193804,0.6928110035226258,-260.0,0.7910447761194029,0.5970149253731343,0.753731343283582,0.7854477611940298,0.7253731343283583,永信
71.4000015258789,71.69999694824219,70.9000015258789,71.0,249215.0,0.0070921985815601,70.94000091552735,0.0289855072463767,70.67000045776368,0.0056657441150729,70.03666648864746,-0.055232498230232,71.5238826751709,0.0071973304110718,58.10806073802807,220263.8,1.1314387566182007,0.0046695845492961,4104.TW,2026-07-30,-0.1406250241048188,-0.0234986945169712,bull,0.1194444444444444,0.3568118628359592,2026-03-31,2026-05-15,2342958000.0,499286000.0,180402000.0,293936000.0,57430000.0,205180000.0,1.12,10813275000.0,6342897000.0,19463903000.0,7408639000.0,12055264000.0,3077674000.0,386784000.0,350000000.0,,0.1953826683359643,145154575.86685538,13121006000.0,0.0110627627078941,0.0170199507866439,0.0105415650704794,0.6145563465055597,0.2131007043233382,0.0769975390083817,0.0875730593548838,0.0900901445802753,,,40.560354710843605,40.560354710843605,False,70.76755926672521,70.76755926672521,63.21575812775481,501.0,True,False,True,True,True,True,True,True,True,True,True,True,True,True,False,False,False,13,False,0.0137547024958519,-0.0073245838393608,0.0,15638729.8,0.6055555555555555,1.0,3.0,,,,,,0.0164978855810718,-0.007880604995399,0.1329267719930812,-1.7390336144671028,0.3141791044776119,-1.7390336144671028,0.3237562189054726,-501.0,0.5223880597014925,0.4776119402985074,0.1865671641791045,0.4720149253731343,0.4417910447761193,佳醫
50.79999923706055,50.79999923706055,48.0,48.0,181940.0,-0.0233977922721608,50.25,0.0643015881151962,47.28499984741211,0.03645978511204,43.750410143534346,-0.0909263512983379,47.09948317209879,0.0337053046997381,58.50339871255304,222712.9,0.8169261861347052,0.0151210776122487,4119.TW,2026-07-30,-0.1406250241048188,-0.0234986945169712,bull,0.062037037037037,0.2715477293790547,2026-03-31,2026-05-15,375798000.0,82325000.0,33151000.0,28590000.0,8480000.0,20110000.0,0.17,1104577000.0,1053320000.0,6954821000.0,1544198000.0,5410623000.0,51949000.0,390000000.0,300399000.0,,0.2966072053165442,23318174.53655124,5901501000.0,0.0039512277531684,0.0037167623765322,0.0028915194222827,0.2854011451176694,0.2190671584202151,0.0882149452631466,0.0535127914464685,0.0430373141784996,,,33.11973270077256,33.11973270077256,False,74.83628402493663,74.83628402493663,64.40714619389561,628.0,True,False,True,True,True,True,True,True,True,True,True,True,True,True,False,False,False,13,False,0.0971325718438704,0.0191194630440161,1.0,10690219.2,0.6666666666666666,1.0,3.0,,,,,,0.0128462075441602,-0.0230567253755787,0.1119224711572505,-1.565966191697413,0.2384328358208955,-1.565966191697413,0.2183656000004756,-628.0,0.3955223880597014,0.5298507462686567,0.044776119402985,0.342910447761194,0.3656716417910447,旭富
24.799999237060547,25.450000762939453,24.799999237060547,25.450000762939453,27363.0,-0.046816478062991,25.88000030517578,0.0039447881642962,25.90500011444092,0.018000030517578,25.08083333969116,-0.1402026880083511,26.44458335240682,0.0109268337342796,47.55246005107956,34177.9,0.8006050693576843,-0.0175641516885314,4190.TW,2026-07-30,-0.1406250241048188,-0.0234986945169712,bull,0.1944444444444444,0.3206672845227062,2026-03-31,2026-05-15,547291000.0,358277000.0,-2980000.0,-1118000.0,14477000.0,-15595000.0,-0.26,1622513000.0,3364541000.0,6747057000.0,5134925000.0,1612132000.0,755987000.0,400000000.0,918267000.0,0.0,0.0,-2980000.0,3382516000.0,-0.0008810010063514,-0.0096735254929497,-0.0023113781312355,3.185176524006719,0.6546371126146785,-0.0054450009227266,-0.0284948957684303,-0.0893812082993626,,,14.664956846451332,14.664956846451332,False,61.14998455359901,61.14998455359901,49.52872762681209,965.0,True,False,True,True,False,True,True,False,True,True,True,True,True,True,False,False,False,11,False,0.0147191051528607,-0.0376100684292628,0.0,869827.5810756683,0.949074074074074,0.0,3.0,,,,,,-0.0048098319927242,-0.0490764353015759,0.1631367403728469,-0.0382676511470918,0.407089552238806,-0.0382676511470918,0.4227120158872333,-965.0,0.126865671641791,0.0223880597014925,0.3358208955223881,0.1582089552238806,0.1373134328358209,佐登-KY
99.5,100.5,99.5,100.0,51131.0,-0.0147783251231526,99.77999877929688,0.0893245825233683,98.20960159301758,0.0060362018602673,94.11986757914224,-0.0196078431372549,94.64410050710042,0.022115922581378,59.42079069284051,44927.0,1.1380906804371536,0.0182303805120995,4439.TW,2026-07-30,-0.1406250241048188,-0.0234986945169712,bull,0.0407407407407407,0.355885078776645,2026-03-31,2026-05-15,1813173000.0,351234000.0,137515000.0,120652000.0,21935000.0,98717000.0,2.59,3706764000.0,2411825000.0,6690736000.0,3165004000.0,3525732000.0,605864000.0,578186000.0,268213000.0,468173000.0,0.1818038656632297,112514241.41332096,4278911000.0,0.0262950646585827,0.0279990084328587,0.01475428114336,0.8976870618640328,0.1937123484631637,0.075842183840152,0.0544443359789716,0.0206853419814041,,,45.1072184501587,45.1072184501587,False,75.79592784672457,75.79592784672457,68.1237504975831,431.0,True,True,True,True,True,True,True,True,True,True,True,True,True,True,False,False,False,14,False,0.0624749329987459,0.0565898927054389,1.0,4492700.0,0.775,1.0,3.0,,,,,,0.0451556420827089,0.0108687611237147,0.186159322235109,-0.631579351792171,0.7671641791044777,-0.631579351792171,0.7992076231435505,-431.0,0.5970149253731343,0.7014925373134329,0.8880597014925373,0.6406716417910447,0.6865671641791045,冠星-KY
47.20000076293945,49.34999847412109,47.150001525878906,47.59999847412109,10730777.0,-0.0432161110729429,48.47000045776368,-0.038383869209675,48.44749984741211,0.1134502567045867,45.22999998728434,-0.0536779483875246,45.29875001907349,0.0064398865619378,50.0,9700201.4,1.1062427013113356,-0.0174931911029521,4763.TW,2026-07-30,-0.1406250241048188,-0.0234986945169712,bull,0.3666666666666666,0.144578313253012,2026-03-31,2026-05-15,2711414000.0,1506899000.0,1344230000.0,1277102000.0,163292000.0,1114887000.0,1.13,18689835000.0,1425022000.0,23180026000.0,1425022000.0,21755004000.0,10088044000.0,,,,0.1278613611128946,1172354922.5512135,21755004000.0,0.0538889775681591,0.0512473819816351,0.0480968830664814,0.0655031826240988,0.5557613112567834,0.4957671532270616,0.4111828735855166,-0.3473205110583516,,,80.5798896395777,80.5798896395777,False,61.270898012935824,61.270898012935824,66.09814591959629,83.0,True,False,True,True,False,True,True,True,True,True,True,True,True,True,True,False,False,12,False,0.0523988168804561,0.0508015884340877,1.0,461729571.8386673,0.1787037037037037,1.0,2.0,,,,,,0.0350114322833401,-0.0275670810977522,0.1261678873626626,-1.2220753707380176,0.4499999999999999,-1.2220753707380176,0.4718792878361612,-83.0,0.9477611940298508,0.6343283582089553,0.4104477611940298,0.8671641791044775,0.746268656716418,材料*-KY
37.25,37.650001525878906,36.59999847412109,37.0,215624.0,-0.0314136319102815,38.04999923706055,-0.0224570279626893,39.02500019073487,0.7330210463187323,34.389166768391924,1.0555555555555554,25.55604991912842,0.0052160463818448,48.38709311003253,331428.85,0.6505891083410512,-0.0518898188555455,4807.TW,2026-07-30,-0.1406250241048188,-0.0234986945169712,bull,0.3111111111111111,0.0027803521779425,2026-03-31,2026-05-15,614904000.0,170422000.0,87748000.0,91603000.0,25539000.0,66606000.0,1.7,1245034000.0,536565000.0,1681170000.0,611401000.0,1069769000.0,166156000.0,411698000.0,8064000.0,,0.2788009126338657,63283777.51820355,1144605000.0,0.0552887480993037,0.0622620397487681,0.0396188368814575,0.5715261892988113,0.2771522058727866,0.1427019502231242,0.1083193474103274,0.1696505337482594,,,79.1380462401501,79.1380462401501,False,65.5971578622181,65.5971578622181,68.9823799567011,91.0,True,False,True,True,False,True,True,False,True,True,True,True,False,True,True,False,False,10,False,0.0759202236329776,0.4477980797926799,1.0,12262867.45,0.6453703703703704,1.0,2.0,,,,,,0.1329925307173585,0.0904883964653057,0.2923726656709536,-0.8610846897115902,0.939179104477612,-0.8610846897115902,0.9121715248792784,-91.0,0.9402985074626866,0.7388059701492538,0.9850746268656716,0.9470149253731344,0.8888059701492538,日成-KY
106.5,106.5,104.0,105.5,15017735.0,0.0292682926829268,106.2,0.0636075675291507,100.85990943908692,0.1093585877260447,100.95929412841797,0.1800894653168498,97.1446471532186,0.0109963424893631,72.34042553191489,15183114.15,0.9891076923767974,0.0460053016775252,4904.TW,2026-07-30,-0.1406250241048188,-0.0234986945169712,bull,0.0648148148148148,0.1482854494902687,2026-03-31,2026-05-15,27804510000.0,9180075000.0,4900562000.0,4717879000.0,943576000.0,3708354000.0,1.03,36726189000.0,39569231000.0,185313352000.0,85176808000.0,100136544000.0,7149542000.0,1907000000.0,7161318000.0,18487164000.0,0.2000000423919307,3920449392.255715,145744121000.0,0.026899537115845,0.0370329736963959,0.0200112617897063,0.850606627686292,0.3301649624467397,0.1762506154577081,0.1333723917450802,0.0676669313513584,,,64.90506799565857,64.90506799565857,False,63.18219445809261,63.18219445809261,63.61291284248409,211.0,True,False,True,True,True,False,True,False,True,True,True,True,True,True,True,False,False,11,False,0.0449756103267358,0.0860094003285962,1.0,1601818542.825,0.074074074074074,2.0,3.0,,,,,,0.0216374741842543,-0.043905772940589,0.257499850799857,-1.2985108737081728,0.5,-1.2985108737081728,0.6176737099439988,-211.0,0.8134328358208955,0.4850746268656716,0.6343283582089553,0.7865671641791045,0.6791044776119404,遠傳
54.0,54.0,52.70000076293945,53.09999847412109,70405.0,0.011428542364211,53.339999389648426,-0.0018797422440646,53.3549997329712,0.001886763662662,53.03833332061768,-0.1263881763866892,54.741743659973146,0.0029135288152479,50.94338264613537,75923.55,0.9273143840086508,-0.004779332023734,5283.TW,2026-07-30,-0.1406250241048188,-0.0234986945169712,bull,0.2138888888888888,0.3688600556070435,2026-03-31,2026-05-15,1223404000.0,353685000.0,-7455000.0,16910000.0,3240000.0,13670000.0,0.16,4507049000.0,2765436000.0,8209751000.0,3417985000.0,4791766000.0,676596000.0,1172000000.0,328000000.0,,0.1916026020106445,-6026602.602010644,5444315000.0,-0.0011069533269126,0.0028528104252169,0.0016650931313263,0.7133038215972983,0.2890991038119869,-0.006093653445632,0.011173741462346,-0.0336491827829927,,,23.489256314333275,23.489256314333275,False,59.36183194315724,59.36183194315724,50.39368803595124,798.0,True,False,True,True,False,True,True,True,True,True,True,True,True,True,False,False,False,12,False,0.0011626525503853,-0.0299907360651446,0.0,4031540.389149856,0.7916666666666666,1.0,3.0,,,,,,0.0266037536800543,-0.0108710499813556,0.1461622199879419,-1.475525484143041,0.4492537313432835,-1.475525484143041,0.5828477656597573,-798.0,0.2462686567164179,0.0298507462686567,0.5522388059701493,0.2921641791044776,0.2425373134328358,禾聯碩
183.0,187.0,180.0,185.5,156427.0,-0.060759493670886,188.5,0.0136612021857922,188.55,0.1891025641025641,174.40833333333333,0.2749140893470789,161.49583333333334,0.0137096774193549,46.21848739495798,173876.4,0.8996448051604473,-0.0161760806152214,5288.TW,2026-07-30,-0.1406250241048188,-0.0234986945169712,bull,0.1574074074074074,0.0843373493975903,2026-03-31,2026-05-15,2061135000.0,478999000.0,298138000.0,346156000.0,100630000.0,249057000.0,3.59,4729511000.0,1996750000.0,8144719000.0,2033096000.0,6111623000.0,1527526000.0,170275000.0,,0.0,0.2907070800448352,211467172.5695929,6147969000.0,0.0343962652657475,0.0407513683353832,0.0305789555170657,0.3326605715044923,0.2323957431221147,0.1446474879132128,0.120834879811366,0.0892520430725782,,,70.01559901846518,70.01559901846518,False,68.16934404283802,68.16934404283802,68.63090778674481,163.0,True,False,True,True,False,True,True,False,True,True,True,True,True,True,True,False,False,11,False,0.0635959673180754,0.1486364457287339,1.0,32254072.2,0.5037037037037037,2.0,3.0,,,,,,0.0229465062928989,-0.0235612713110097,0.2376977433517069,-1.4690239450410274,0.5063432835820896,-1.4690239450410274,0.4961204603743374,-163.0,0.8731343283582089,0.7238805970149254,0.4477611940298507,0.8093283582089551,0.7432835820895523,豐祥-KY
42.650001525878906,43.150001525878906,41.59999847412109,42.900001525878906,429710.0,-0.005793742552942,42.96999969482421,0.0618811857816039,41.98500003814697,0.1708838941304826,39.454500897725424,0.4272947622012619,36.52702527046203,0.0142529234765605,57.798164816539376,485149.45,0.8857270682260899,0.0217935330927849,5515.TW,2026-07-30,-0.1406250241048188,-0.0234986945169712,bull,0.0694444444444444,0.0945319740500463,2026-03-31,2026-05-15,2015280000.0,391103000.0,268702000.0,476647000.0,82479000.0,394168000.0,1.96,9114211000.0,5142167000.0,11530797000.0,5836747000.0,5694050000.0,2270517000.0,100000000.0,,,0.1730400065457246,222205804.1611507,6388630000.0,0.0347814483169553,0.0692245414072584,0.0341839336864572,1.02506072127923,0.1940688142590607,0.1333323409154063,0.1955896947322456,0.3881614203981094,,,76.63848749386133,76.63848749386133,False,78.81190042485801,78.81190042485801,78.26854719210884,104.0,True,True,True,True,True,True,True,True,True,True,True,True,True,True,True,False,False,14,False,0.0873284555565654,0.1744729062448577,1.0,20812912.145279314,0.5657407407407408,1.0,3.0,,,,,,0.0243075720243721,-0.0144698998309887,0.2180391251768125,-0.3864864830412418,0.6514925373134328,-0.3864864830412418,0.758191011388279,-104.0,0.9253731343283582,0.9552238805970148,0.835820895522388,0.9119402985074626,0.9164179104477612,建國
34.79999923706055,34.79999923706055,33.5,33.5,28000.0,-0.0373563007345155,33.82000045776367,0.0621493170939679,33.875,0.0501567523699999,33.34685815175374,0.0229007633587785,32.241345675786334,0.0196029768590632,54.867251857218186,38065.9,0.7355664781339729,-0.0110701107011069,5538.TW,2026-07-30,-0.1406250241048188,-0.0234986945169712,bull,0.0666666666666666,0.2437442075996292,2026-03-31,2026-05-15,3164547000.0,521693000.0,303683000.0,283264000.0,56625000.0,225974000.0,1.12,11275781000.0,4984369000.0,14701660000.0,6800925000.0,7900735000.0,2524953000.0,2256342000.0,1189653000.0,,0.1999018583370989,242976203.9546148,9717291000.0,0.0250045206997109,0.0286016427585534,0.0153706452196554,0.8607964955159235,0.1648555069651359,0.0959641300950815,0.0714080087924116,0.0280798566914675,,,45.92585745794853,45.92585745794853,False,70.09223020691837,70.09223020691837,64.05063701967592,415.0,True,False,True,True,False,True,True,True,True,True,True,True,False,True,False,False,False,11,False,0.0045923921093058,0.039038517091392,1.0,1275207.65,0.9175925925925926,1.0,3.0,,,,,,0.037815177070931,0.0239463017963172,0.1543903327283701,-0.3454781402783667,0.746641791044776,-0.3454781402783667,0.815199914740192,-415.0,0.6119402985074627,0.5074626865671642,0.9253731343283582,0.6589552238805969,0.6432835820895523,東明-KY
44.400001525878906,45.0,43.900001525878906,44.79999923706055,15403922.0,0.050639644780851,44.34205474853516,0.0704898654838341,43.48288440704346,0.1666666004392862,41.7984614054362,0.1327433653925449,40.62798070907592,0.0111153365186262,60.70143238777016,15081008.4,1.021411936883478,0.0302904199658784,5876.TW,2026-07-30,-0.1406250241048188,-0.0234986945169712,bull,0.0537037037037037,0.098239110287303,2026-03-31,2026-05-15,,,,,1276742000.0,5109024000.0,,,,2488960189000.0,2207968500000.0,280991689000.0,30954201000.0,,,,,,2488960189000.0,,0.0181821178348089,0.0020526740534378,7.857771551385635,,,,,,,9.85663137943466,9.85663137943466,False,83.30380381152536,83.30380381152536,64.94201070350267,1041.0,True,True,True,True,True,True,True,True,True,True,True,True,True,True,False,False,False,14,False,0.0718097683670713,0.1026883063142893,1.0,675629164.8141037,0.1435185185185185,1.0,3.0,,,,,,0.0108089689373558,-0.1629227525354343,0.153252113616339,-1.3161044202663323,0.2649253731343284,-1.3161044202663323,0.3148735329668994,-1041.0,0.0298507462686567,0.5746268656716418,0.1492537313432835,0.0477611940298507,0.2171641791044776,上海商銀
47.54999923706055,48.150001525878906,46.79999923706055,47.45000076293945,1499734.0,-0.0216494688053721,47.68000030517578,0.0463065569895604,46.874999809265134,0.0417124381493516,45.89166679382324,-0.0104275285097898,46.34333327611287,0.0118180396922103,66.41221774165365,1135427.5,1.3208540395577877,0.0122666870616321,6177.TW,2026-07-30,-0.1406250241048188,-0.0234986945169712,bull,0.087037037037037,0.2548656163113994,2026-03-31,2026-05-15,4844225000.0,2424809000.0,2089752000.0,2073933000.0,400120000.0,1667275000.0,3.53,41652029000.0,29793350000.0,46628913000.0,33629226000.0,12999687000.0,696289000.0,19529640000.0,800533000.0,2371735000.0,0.1929281225574789,1686580070.0292633,16835563000.0,0.1001796061129208,0.1282550110629586,0.0357562484890008,2.586925823675601,0.5005566421873467,0.4313903668801511,0.3441778612677982,7.245531466543658,,,87.89986336679576,87.89986336679576,False,73.69968079738409,73.69968079738409,77.249726439737,43.0,True,False,True,True,True,True,True,True,True,True,True,True,True,True,True,False,False,13,False,0.0339567960370084,0.023879755912961,1.0,53876035.74126244,0.4231481481481481,1.0,2.0,,,,,,-0.0060204314021664,-0.0361018459968498,0.2192711577719517,0.4957598798868206,0.4757462686567164,0.4957598798868206,0.6271557687641618,-43.0,0.9925373134328358,0.9328358208955224,0.6417910447761194,0.9399253731343284,0.9044776119402984,達麗
93.5,93.5,91.3000030517578,91.3000030517578,25548.0,0.0088398127266056,91.76000213623048,0.0189732656985224,90.83999977111816,-0.0076086624808935,90.75333315531412,-0.0439790256360439,92.30999972025556,0.0066489404424636,56.04398552595824,32584.05,0.7840645960216732,0.0050638846521209,6183.TW,2026-07-30,-0.1406250241048188,-0.0234986945169712,bull,0.1425925925925926,0.3929564411492122,2026-03-31,2026-05-15,663941000.0,299863000.0,193194000.0,199461000.0,39323000.0,160138000.0,1.07,2919021000.0,1409346000.0,4616371000.0,1618254000.0,2998117000.0,876563000.0,,,,0.1971463093035731,155106515.9204055,3207025000.0,0.0483646107905007,0.0534128588043762,0.0346891530165144,0.5397567873435226,0.4516410343690177,0.2909806744876427,0.2411931180632014,0.0640097179642915,,,85.55551742626001,85.55551742626001,False,65.81361883223336,65.81361883223336,70.74909348074002,58.0,True,False,True,True,True,True,True,True,True,True,True,True,False,True,True,False,False,12,False,0.0060236894606187,-0.0109413570746239,0.0,2974923.864438629,0.8287037037037037,1.0,2.0,,,,,,0.0238830127974427,0.0032227825993685,0.1386770397001189,-1.2012393861941597,0.5235074626865671,-1.2012393861941597,0.6746159100192725,-58.0,0.9776119402985076,0.7985074626865671,0.7238805970149254,0.9395522388059702,0.8731343283582089,關貿
144.0,146.0,142.0,143.5,1770639.0,0.0177304964539006,143.1,0.0871212121212121,140.075,0.1942452218970489,132.96436195373536,0.2285063837638978,121.31595776875814,0.0224452554744524,50.0,1594939.4,1.1101606744431796,0.0244511868641799,6214.TW,2026-07-30,-0.1406250241048188,-0.0234986945169712,bull,0.0435185185185185,0.082483781278962,2026-03-31,2026-05-15,11968686000.0,2441124000.0,591731000.0,895921000.0,121622000.0,718327000.0,2.64,28637858000.0,16986250000.0,37839475000.0,17932964000.0,19906511000.0,4485498000.0,2337560000.0,448042000.0,0.0,0.1357508083860072,511403038.4029395,20853225000.0,0.0245239303946003,0.0360850276575337,0.0189835350516887,0.9008592213874144,0.203959231614899,0.0494399301644307,0.0600171982120677,0.2168964026850304,,,53.24611007538207,53.24611007538207,False,74.58795443817856,74.58795443817856,69.25249334747944,322.0,True,False,True,True,True,True,True,True,True,True,True,True,True,True,False,False,False,13,False,0.0792365555059819,0.182861699641585,1.0,228873803.9,0.237037037037037,2.0,3.0,,,,,,-0.0015411635322989,-0.0665861073150009,0.2014347606404273,-1.341706079905784,0.3171641791044776,-1.341706079905784,0.3915231180553826,-322.0,0.7238805970149254,0.746268656716418,0.291044776119403,0.658955223880597,0.6440298507462686,精誠
50.09999847412109,51.09999847412109,46.09999847412109,46.09999847412109,3821001.0,-0.0294737163342929,49.65999984741211,0.1496259408556375,45.09249973297119,0.3598818996786426,38.48499987920125,0.3022597877692188,35.4837498664856,0.0527022270013028,56.960679429619645,4546530.95,0.8404212006958843,0.0223429339051084,6243.TW,2026-07-30,-0.1406250241048188,-0.0234986945169712,bull,0.0129629629629629,0.0296570898980537,2026-03-31,2026-05-15,90026000.0,53797000.0,-16222000.0,-1659000.0,-162000.0,,-0.03,918796000.0,84467000.0,1150484000.0,381040000.0,769444000.0,591361000.0,,,291585000.0,0.0976491862567811,-14637934.900542496,1066017000.0,-0.0137314272666782,,,0.4952147264778203,0.5975718125874747,-0.1801923888654388,,-0.455927768074601,,,38.55396498905318,38.55396498905318,False,81.24346105532953,81.24346105532953,70.57108703876044,548.0,True,True,True,True,True,True,True,True,True,True,True,True,True,True,False,False,False,14,False,0.1978692638384356,0.2991862091120909,1.0,209595069.8575443,0.2453703703703703,1.0,3.0,,,,,,0.0695398503910655,-0.0284977388870932,0.3969253141373183,-1.2810857562105138,0.7026119402985074,-1.2810857562105138,0.7005685288322109,-548.0,0.4552238805970149,0.7835820895522388,0.7761194029850746,0.5033582089552239,0.6179104477611941,迅杰
52.09999847412109,52.09999847412109,51.59999847412109,51.79999923706055,48988.0,0.0058252279040882,51.98000030517578,0.0136986454763587,51.69999980926514,0.0603889632566163,51.28666661580403,-0.1177381422578853,53.27935603459676,0.0042735094985444,47.99999389648904,65571.35,0.7470945771285782,0.001934224916138,6281.TW,2026-07-30,-0.1406250241048188,-0.0234986945169712,bull,0.1564814814814814,0.227062094531974,2026-03-31,2026-05-15,4414198000.0,938230000.0,137648000.0,139886000.0,27977000.0,,1.13,5891624000.0,4637050000.0,10056992000.0,7381843000.0,2675149000.0,1001652000.0,,,,0.1999985702643581,110118596.80025163,5419942000.0,0.0203173016981088,,,2.759413774709371,0.2125482363953769,0.0311830144456592,,-4.372064006108456e-05,,,24.61246995903972,24.61246995903972,False,64.79018860193437,64.79018860193437,54.74575894121071,773.0,True,False,True,True,True,True,True,False,True,True,True,True,False,True,False,False,False,11,False,0.0100090853067515,-0.0277660412519925,0.0,3396595.87997303,0.8166666666666667,1.0,3.0,,,,,,0.0562154136249861,0.0195098949476957,0.2211845849201561,-0.9795697288487456,0.8085820895522388,-0.9795697288487456,0.8105854216275827,-773.0,0.2761194029850746,0.0895522388059701,0.9104477611940298,0.3712686567164179,0.3470149253731343,全國電
428.0,428.0,393.0,403.0,4344089.0,-0.198807157057654,448.9,0.0789825970548863,419.75,0.1997327528077945,377.14285430908205,0.4318729365091327,327.0391530354818,0.0512804458080271,51.77865612648221,3484915.7,1.246540626506403,-0.0399047051816557,6414.TW,2026-07-30,-0.1406250241048188,-0.0234986945169712,bull,0.0472222222222222,0.0769230769230769,2026-03-31,2026-05-15,37112748000.0,7463263000.0,1991965000.0,2414012000.0,571474000.0,751782000.0,5.15,113547832000.0,89321445000.0,170294132000.0,107066225000.0,63227907000.0,26537871000.0,13786805000.0,9111537000.0,0.0,0.236732046071022,1520403049.848137,80972687000.0,0.0187767394930112,0.0118900345697035,0.0044146089543472,1.693338117296845,0.2010970192775808,0.0536733361808724,0.0202567053240034,0.0767958564505,,,30.957982203301764,30.957982203301764,False,73.7147616311431,73.7147616311431,63.02556677418277,664.0,True,False,True,True,False,True,True,True,True,True,True,True,True,True,False,False,False,12,False,0.0685606140895542,0.2322683576552588,1.0,1404421027.1,0.0824074074074074,2.0,3.0,,,,,,0.0984919711505077,0.0152754791667558,0.2731524249536409,-1.455449667461164,0.8003731343283582,-1.455449667461164,0.5483709969376482,-664.0,0.373134328358209,0.4626865671641791,0.5074626865671642,0.3932835820895523,0.426865671641791,樺漢
41.0,41.0,39.34999847412109,39.59999847412109,70597.0,0.0312499192853799,39.89000015258789,0.1061452323475677,37.22750015258789,-0.0075188731900984,37.20666669209798,-0.1121076271538713,39.00624996821086,0.0279580283234556,66.21620042614609,79292.85,0.8903324826891705,0.0637297243115655,6504.TW,2026-07-30,-0.1406250241048188,-0.0234986945169712,bull,0.0296296296296296,0.392029657089898,2026-03-31,2026-05-15,1590980000.0,219208000.0,68162000.0,40419000.0,33038000.0,7373000.0,0.1,4601650000.0,3784299000.0,9394734000.0,5869098000.0,3525636000.0,865116000.0,2605000000.0,1747502000.0,,0.4,40897200.0,5610435000.0,0.0072894882482374,0.0020912538900782,0.000784801357867,1.664691987488215,0.1377817445850984,0.0428427761505487,0.004634250587688,-0.0472431985723439,,,15.65486579192866,15.65486579192866,False,73.82540179188736,73.82540179188736,59.28276779189768,945.0,True,False,True,True,True,True,True,True,True,True,True,True,True,True,False,False,False,13,False,0.0643253479767216,0.015221881272722,1.0,3139996.7390087126,0.8231481481481482,1.0,3.0,,,,,,0.0089288594190409,-0.0645728126011815,0.136705983085801,-1.5240876725435284,0.2041044776119402,-1.5240876725435284,0.3012338588122735,-945.0,0.1492537313432835,0.2462686567164179,0.1044776119402985,0.1425373134328358,0.1694029850746268,南六
77.0,78.0,71.0,71.5999984741211,38876329.0,-0.2317596478690495,76.94000091552735,0.2430555619943293,72.14500007629394,0.3362640783046986,58.69851837158203,0.419133227955341,56.09800004959106,0.0822020630076352,59.968843085337895,57081837.0,0.6810630323617651,-0.0075542532621318,6505.TW,2026-07-30,-0.1406250241048188,-0.0234986945169712,bull,0.0064814814814814,0.0352177942539388,2026-03-31,2026-05-15,161989437000.0,27190906000.0,24513957000.0,25616191000.0,5209581000.0,20407731000.0,2.14,296450387000.0,65693610000.0,463713281000.0,83114597000.0,380598684000.0,63985692000.0,123643000.0,1500200000.0,8100000000.0,0.2033706338307674,19528538027.20982,398019671000.0,0.0490642534780895,0.0536200776774099,0.0440093735421824,0.2183785716925915,0.1678560436011639,0.1513305895371437,0.1259818626321912,-0.0650893152444253,,,66.8716639923295,66.8716639923295,False,82.77938079402696,82.77938079402696,78.8024515936026,193.0,True,True,True,True,False,True,True,True,True,True,True,True,False,True,True,False,False,12,False,0.2197922615502525,0.2763378090275259,1.0,4087059442.100029,0.0342592592592592,1.0,3.0,,,,,,0.0425612066815622,-0.0232682647616327,0.201089514867432,-1.4851308743842018,0.5324626865671642,-1.4851308743842018,0.3308685980102482,-193.0,0.835820895522388,0.9701492537313432,0.1940298507462686,0.7395522388059702,0.7477611940298506,台塑化
93.1999969482422,94.0,93.0999984741211,93.8000030517578,138114.0,0.0129590129309999,92.9,0.0445434283303365,92.53999938964844,-0.0063559159366817,92.94333356221516,0.1327975253902809,89.87538572947184,0.0074573998858128,54.44446139865444,89287.05,1.5468536590692603,0.0136157733998245,6534.TW,2026-07-30,-0.1406250241048188,-0.0234986945169712,bull,0.0925925925925925,0.3873957367933272,2026-03-31,2026-05-15,869503000.0,749396000.0,518169000.0,532246000.0,105548000.0,426698000.0,4.15,1350795000.0,1256074000.0,4067795000.0,1391161000.0,2676634000.0,631834000.0,360000000.0,0.0,,0.1983067979843907,415412564.7952263,2811721000.0,0.1477431668345565,0.1594158932450234,0.1048966331882506,0.5197427066980395,0.8618670665886144,0.5959369892915838,0.4907378122904693,0.0185648769116328,,,88.78608578018773,88.78608578018773,True,60.94515863201208,60.94515863201208,67.90539041905599,41.0,True,False,True,True,True,False,True,True,True,True,True,True,True,True,True,True,False,12,False,0.0092171160287592,0.0436673210404814,1.0,8375125.562482451,0.6972222222222222,1.0,2.0,,,,,,-0.0540317691110575,-0.1126646792134384,0.0611509953329191,-1.083585113009614,0.1503731343283582,-1.083585113009614,0.3774495765274259,-41.0,1.0,0.6940298507462687,0.2537313432835821,0.8880597014925373,0.758955223880597,正瀚-創
60.59999847412109,61.0,59.59999847412109,60.900001525878906,446886.0,0.0099502868393006,60.55999984741211,0.0322034156928627,60.51500053405762,0.0734394214553675,58.950879669189455,0.0647686218474929,58.16791197458904,0.0061234902271611,59.49365988391743,836413.55,0.5342883314121345,0.006362075327168,6592.TW,2026-07-30,-0.1406250241048188,-0.0234986945169712,bull,0.1166666666666666,0.2029657089898053,2026-03-31,2026-05-15,5805627000.0,3589277000.0,1112669000.0,1199688000.0,276772000.0,908070000.0,0.76,301356298000.0,284872301000.0,330129656000.0,287832209000.0,42297447000.0,7386317000.0,102306502000.0,1403494000.0,,0.2307033161955441,855972571.87202,45257355000.0,0.0189134467065523,0.0214686716198261,0.0027506465520322,6.804954658374535,0.6182410616458826,0.1916535457755036,0.1564120464507968,-0.0460268227300109,,,41.73495049073704,41.73495049073704,False,75.2823189790938,75.2823189790938,66.89547685700461,484.0,True,True,True,True,True,True,True,True,True,True,True,True,False,True,False,False,False,13,False,0.0330634906150204,0.0469690153650932,1.0,50937586.47126579,0.4287037037037037,1.0,3.0,,,,,,0.0095395409060955,-0.0184903519700884,0.1814203145337076,-0.6698758618295996,0.498134328358209,-0.6698758618295996,0.5736595374151257,-484.0,0.5522388059701493,0.6492537313432836,0.5298507462686567,0.5488805970149254,0.576865671641791,和潤企業
30.950000762939453,30.950000762939453,28.0,28.75,908011.0,0.0141093337971072,29.30000038146973,0.2637362637362637,26.070000171661377,0.2554585361973545,24.6775000890096,0.1904762092807712,24.141666603088375,0.0670213891437268,65.206184882846,712332.65,1.274700801654957,0.1028001461715308,6598.TW,2026-07-30,-0.1406250241048188,-0.0234986945169712,bull,0.0046296296296296,0.0509731232622798,2026-03-31,2026-05-15,217115000.0,140181000.0,17966000.0,20979000.0,0.0,20979000.0,0.2,947351000.0,157433000.0,1089898000.0,414395000.0,675503000.0,434793000.0,,,,0.0,17966000.0,932465000.0,0.0192672111017571,0.0310568568903468,0.0192485902350495,0.613461376189299,0.6456532252492918,0.0827487736913617,0.0966262119153444,0.8094876945002376,,,67.77168793520316,67.77168793520316,False,89.76909646558855,89.76909646558855,84.2697443329922,181.0,True,True,True,True,True,True,True,True,True,True,True,True,True,True,True,False,False,14,False,0.1650288682525071,0.190887127747928,1.0,20479563.6875,0.5703703703703704,0.0,3.0,,,,,,0.0169179452644952,-0.0400338819494943,0.3030316614570032,-1.178482751003583,0.5108208955223881,-1.178482751003583,0.5977157820199154,-181.0,0.8507462686567164,1.0,0.582089552238806,0.8104477611940298,0.8417910447761194,ABC-KY
25.549999237060547,25.950000762939453,25.5,25.75,110010.0,-0.0019379549821352,25.889999771118163,0.0341365620277824,25.582499980926517,0.1060103666843896,24.9593923886617,0.0295873701129758,24.32585275967916,0.010666665913146,62.962991743290296,132024.4,0.8332550649728384,0.0065474452926168,6606.TW,2026-07-30,-0.1406250241048188,-0.0234986945169712,bull,0.1138888888888888,0.1519925857275255,2026-03-31,2026-05-15,191808000.0,78315000.0,47168000.0,50588000.0,21113000.0,29102000.0,0.26,1052582000.0,392295000.0,2170020000.0,549327000.0,1620693000.0,84940000.0,0.0,,,0.4,28300800.0,1777725000.0,0.0159196726152807,0.0179565161322964,0.0134109363047345,0.3389457472821811,0.4082989239239239,0.2459125792459126,0.1517246413079746,0.1109322058440243,,,63.7605672758917,63.7605672758917,False,76.14803719420738,76.14803719420738,73.05116971462846,226.0,True,True,True,True,True,True,True,True,True,True,True,True,True,True,True,False,False,14,False,0.031675755524299,0.0585445967461173,1.0,3399628.3,0.8157407407407408,0.0,3.0,,,,,,0.025735828057632,4.157800272534594e-05,0.1156915222144294,-1.0912503521460346,0.5108208955223881,-1.0912503521460346,0.5565547634999894,-226.0,0.8059701492537313,0.8656716417910447,0.5223880597014925,0.7634328358208955,0.7671641791044775,建德工業
267.5,269.0,261.0,261.5,226563.0,-0.009469696969697,267.4,0.0275049115913557,262.375,0.0754916699221355,257.72895126342775,0.0200335954633388,254.6426270802816,0.014499758337361,50.0,354631.8,0.6388682571613713,-0.0033349213911386,6670.TW,2026-07-30,-0.1406250241048188,-0.0234986945169712,bull,0.1222222222222222,0.1974050046339203,2026-03-31,2026-05-15,8468855000.0,2032739000.0,1265065000.0,1332547000.0,298511000.0,970370000.0,6.96,20003146000.0,8031634000.0,30684051000.0,10347885000.0,20336166000.0,9145558000.0,1517321000.0,68804000.0,1552151000.0,0.2240153630603648,981671004.7300396,22652417000.0,0.0433362587634705,0.047716467302637,0.0316245726485072,0.5088414895905158,0.2400252454434513,0.149378516930565,0.1145810147888941,-0.0012569118061379,,,69.78295043229787,69.78295043229787,False,66.39820821748532,66.39820821748532,67.24439377118846,168.0,True,False,True,True,False,True,True,True,True,True,True,True,False,True,True,False,False,11,False,0.0146318398382718,0.0269293990497376,1.0,92736215.7,0.3546296296296296,2.0,3.0,,,,,,0.0380728257540577,0.0047530612236817,0.2230925494128761,-0.0098218138167246,0.8067164179104478,-0.0098218138167246,0.6939133356757963,-168.0,0.8656716417910447,0.664179104477612,0.7611940298507462,0.8499999999999999,0.7843283582089552,復盛應用
158.0,177.0,158.0,158.0,36620095.0,-0.3828125,196.8,0.0675675675675675,184.775,0.1832046833235214,156.03584772745768,0.7483559597898097,134.71801261901857,0.0789739105213473,50.90090090090089,25665966.75,1.4267958560337497,-0.1449059667162765,8039.TW,2026-07-30,-0.1406250241048188,-0.0234986945169712,bull,0.0583333333333333,0.0861909175162187,2026-03-31,2026-05-15,2415476000.0,532169000.0,146484000.0,219817000.0,44902000.0,171370000.0,0.65,10090538000.0,4116000000.0,15838059000.0,5212295000.0,10625764000.0,3401205000.0,544660000.0,425464000.0,0.0,0.2042699154296528,116561725.70820272,11722059000.0,0.0099437927848855,0.0161277814941118,0.0108201390081953,0.4905336689201831,0.2203164096848819,0.060643947611154,0.0709466788326607,0.0846351629146733,,,39.59205928302138,39.59205928302138,False,74.65185919570911,74.65185919570911,65.88690921753718,517.0,True,False,True,True,False,True,True,True,True,True,True,True,True,True,False,False,False,12,False,0.0125878270996613,0.1728201517255359,1.0,4055222746.5,0.0361111111111111,2.0,3.0,,,,,,0.0984535067200623,-0.0009066033216628,0.2812590027214764,-1.680579096729112,0.7194029850746269,-1.680579096729112,0.3155221099853857,-517.0,0.5074626865671642,0.6268656716417911,0.1567164179104477,0.4548507462686567,0.4731343283582089,台虹
12.949999809265137,12.949999809265137,12.800000190734863,12.949999809265137,68235.0,-0.0152091114119353,13.029999923706054,0.0571428415726642,12.6602557182312,0.0658436391647918,12.296751896540323,0.0791666507720947,12.270459286371867,0.0191181413678974,67.82348501752642,107348.4,0.6356405870977118,0.0228861167959424,8411.TW,2026-07-30,-0.1406250241048188,-0.0234986945169712,bull,0.0805555555555555,0.2187210379981464,2026-03-31,2026-05-15,2726482000.0,240600000.0,69628000.0,61624000.0,19776000.0,41688000.0,0.19,5684691000.0,4777607000.0,13494274000.0,7266361000.0,6227913000.0,1476105000.0,1130770000.0,1174037000.0,1103389000.0,0.3209139296378034,47283404.90717903,8716667000.0,0.0054244821910919,0.0066937351244309,0.0030893103252535,1.16674092910418,0.0882455853367086,0.025537670888713,0.0152900330902606,0.2387255467647537,,,26.84034715613582,26.84034715613582,False,71.44083376356774,71.44083376356774,60.29071211170975,739.0,True,False,True,True,True,True,True,True,True,True,True,True,False,True,False,False,False,12,False,0.0531236149367706,0.0553802027319383,1.0,1390161.7595249177,0.9074074074074074,0.0,3.0,,,,,,0.0552133089786975,0.0153880950630017,0.2450565534072395,-0.9719032037862608,0.8298507462686567,-0.9719032037862608,0.8465377434568865,-739.0,0.291044776119403,0.2985074626865671,0.9626865671641792,0.3917910447761193,0.4276119402985074,福貞-KY
164.0,173.5,163.0,172.0,574084.0,0.1132686084142395,162.0,0.1903114186851211,158.225,0.2279474867484805,143.3282679239909,0.2363294801428379,139.29000129699708,0.033137446947437,65.85365853658537,248672.1,2.308598351001178,0.0870595670722074,8462.TW,2026-07-30,-0.1406250241048188,-0.0234986945169712,bull,0.0074074074074074,0.0658016682113067,2026-03-31,2026-05-15,1626910000.0,546235000.0,263101000.0,241835000.0,49259000.0,191204000.0,2.42,2261807000.0,3161235000.0,12373315000.0,9648191000.0,2725124000.0,1414659000.0,,386628000.0,,0.2036884652759112,209510361.09744248,9212080000.0,0.0227430027851953,0.0701634127474566,0.0154529323790754,3.5404594433134053,0.3357499800234801,0.161718226576762,0.1175258619100011,0.2017296409310929,,,59.6562061392525,59.6562061392525,False,84.99474606563975,84.99474606563975,78.66011108404294,269.0,True,True,True,True,True,True,True,True,True,True,False,True,True,True,False,False,False,13,False,0.200042409576973,0.2348337884875022,1.0,42771601.2,0.4574074074074074,2.0,3.0,,,,,,0.085287117303285,0.0208238231361917,0.4306452745668916,-0.2612470703969635,0.9600746268656716,-0.2612470703969635,0.9703468640992778,-269.0,0.7835820895522388,0.9626865671641792,1.0,0.8160447761194031,0.8805970149253732,柏文
380.0,385.0,374.5,382.5,778105.0,0.0508241758241758,377.4,0.0052562417871222,366.325,0.125,344.6083333333333,-0.0596566758339517,356.39002227783203,0.0147506925207755,69.23076923076923,480490.65,1.6193967562115932,0.0441547805910051,8464.TW,2026-07-30,-0.1406250241048188,-0.0234986945169712,bull,0.1833333333333333,0.1306765523632993,2026-03-31,2026-05-15,7305395000.0,4316539000.0,2053372000.0,2325863000.0,594429000.0,1647198000.0,5.62,27155869000.0,11007979000.0,42576950000.0,14807659000.0,27769291000.0,19344343000.0,569716000.0,669863000.0,,0.2555735226021481,1528584484.7473822,31568971000.0,0.048420472265231,0.0593172508437467,0.0386875527720985,0.5332386412026148,0.5908700350905051,0.2810761088209467,0.2254769249301372,0.0044846681027981,,,84.51846605538479,84.51846605538479,False,75.6057124597722,75.6057124597722,77.83390085867535,62.0,True,True,True,True,True,True,True,True,True,True,True,True,True,True,True,False,False,14,False,0.1099557468623799,0.0732623701283459,1.0,183787673.625,0.2694444444444444,2.0,2.0,,,,,,0.032088007134028,-0.0081460440172073,0.2974023490474294,-0.7460104520155711,0.7451492537313433,-0.7460104520155711,0.7318163243323055,-62.0,0.9701492537313432,0.9477611940298508,0.8134328358208955,0.946641791044776,0.932089552238806,億豐
51.70000076293945,52.0,51.400001525878906,51.400001525878906,7120.0,0.0394337863064482,49.54000015258789,0.0619834691202629,48.74750003814697,0.0678061817395676,47.61587804158528,0.1018967731035234,47.51848119099935,0.0068652525277339,66.99028622813213,6163.4,1.1552065418437876,0.0544130772994768,8482.TW,2026-07-30,-0.1406250241048188,-0.0234986945169712,bull,0.0685185185185185,0.2159406858202039,2026-03-31,2026-05-15,893999000.0,292668000.0,84423000.0,75275000.0,8455000.0,68874000.0,0.66,2085471000.0,1272891000.0,4600110000.0,1300768000.0,3299342000.0,771291000.0,0.0,11674000.0,,0.1123214878777814,74940483.02889405,3327219000.0,0.022523459690779,0.0208750714536413,0.014972250663571,0.3942507324187671,0.3273694937018945,0.0944329915357847,0.0770403546312691,0.0556944387041158,,,53.436743859307214,53.436743859307214,False,76.71786466911382,76.71786466911382,70.89758446666217,320.0,True,True,True,True,True,True,True,True,True,True,True,True,True,True,False,False,False,14,False,0.0794718829082341,0.0816844359835047,1.0,316798.769404602,0.987037037037037,1.0,3.0,,,,,,0.0179145101386764,-0.023626996982475,0.121735288554319,-1.1749033407460316,0.3630597014925373,-1.1749033407460316,0.4543849259391767,-320.0,0.7313432835820896,0.8059701492537313,0.3656716417910448,0.6764925373134328,0.6805970149253732,商億-KY
79.19999694824219,79.5,75.5,78.4000015258789,4067468.0,0.0038412683433945,78.33999938964844,0.048128319882956,77.64500007629394,0.3900709114326068,71.94166666666666,-0.1131221699930912,70.46249996821085,0.006024873921735,61.6666671964859,4115128.95,0.9884181150629556,0.0097237613348328,9914.TW,2026-07-30,-0.1406250241048188,-0.0234986945169712,bull,0.0851851851851851,0.0222428174235403,2026-03-31,2026-05-15,5323065000.0,883503000.0,277586000.0,414150000.0,86163000.0,325661000.0,1.09,16669153000.0,11726544000.0,36194817000.0,15729956000.0,20464861000.0,3921684000.0,5780249000.0,308878000.0,,0.2080478087649402,219834840.9561753,24468273000.0,0.0089844853764781,0.0159131791806453,0.0089974484468314,0.7686324378162158,0.1659763688777048,0.0521477757645266,0.0611792266297706,-0.2965963236341542,,,27.385384545181456,27.385384545181456,False,81.95794612399656,81.95794612399656,68.31480572929279,724.0,True,True,True,True,True,True,True,True,True,True,True,True,True,True,False,False,False,14,False,0.0897718270711767,0.1126485940925892,1.0,322626115.95918846,0.2148148148148148,1.0,3.0,,,,,,0.0313585997612585,-0.0173137271403916,0.1637355793260474,-1.497046427343166,0.4817164179104477,-1.497046427343166,0.4818776313485221,-724.0,0.3059701492537313,0.7164179104477612,0.4253731343283582,0.3238805970149253,0.4529850746268656,美利達
111.0,111.0,110.0,111.0,436031.0,0.0230414746543778,110.6,0.0571428571428571,108.15,0.0285125554030234,108.56579615275064,0.1012847168105615,107.0597038269043,0.0121665886757137,70.58823529411765,645608.2,0.6753802073765482,0.0263522884882108,9917.TW,2026-07-30,-0.1406250241048188,-0.0234986945169712,bull,0.0796296296296296,0.2845227062094532,2026-03-31,2026-05-15,4682948000.0,1587617000.0,824630000.0,891303000.0,165675000.0,710138000.0,1.6,11309965000.0,10065071000.0,31603201000.0,16702171000.0,14901030000.0,6275618000.0,2869000000.0,3650000000.0,,0.1858795493788307,671348147.1957347,21538130000.0,0.031170215204186,0.0476569740481027,0.0224704453197636,1.1208735906175613,0.339020847551585,0.1760920685004403,0.1516433665289471,0.0096936409292907,,,66.34691588375746,66.34691588375746,False,57.694067496559015,57.694067496559015,59.85727959335863,198.0,True,False,True,True,True,False,True,True,True,True,True,True,False,True,True,False,False,11,False,0.0224214617633757,0.0368046616256891,1.0,71662510.19999999,0.3787037037037037,2.0,3.0,,,,,,0.041751490968706,-0.0153405193968548,0.2264197781874726,-0.4983891807630164,0.7332089552238806,-0.4983891807630164,0.6995751826984178,-198.0,0.8283582089552238,0.2686567164179104,0.7686567164179104,0.8194029850746268,0.6485074626865671,中保科
87.5,87.69999694824219,84.4000015258789,86.0999984741211,2685640.0,0.0070175260131122,86.53999938964844,0.1403973307830608,81.77999916076661,0.2514534106829704,75.57166646321615,-0.0869565674683596,75.4966667175293,0.0299099556086069,69.59064288348243,2847969.65,0.9430016222258548,0.052824643649874,9921.TW,2026-07-30,-0.1406250241048188,-0.0234986945169712,bull,0.0138888888888888,0.0537534754402224,2026-03-31,2026-05-15,12523541000.0,2458803000.0,-191441000.0,-170563000.0,-23472000.0,-199773000.0,-0.51,48200680000.0,28731484000.0,72341005000.0,34909460000.0,37431545000.0,13787267000.0,9060327000.0,1863857000.0,,0.1376148402643011,-165095877.36496192,43609521000.0,-0.0037857759860504,-0.0053370225567766,-0.0027615458203822,0.9326214026164296,0.1963344871869705,-0.0152864912567459,-0.0159517982973026,-0.2568048701835493,,,14.870530982450036,14.870530982450036,False,78.09639132539236,78.09639132539236,62.28992623965679,960.0,True,True,True,True,True,True,True,True,True,True,True,True,True,True,False,False,False,14,False,0.1393158640484595,0.1404476809057564,1.0,245210182.5193432,0.2277777777777777,1.0,3.0,,,,,,0.0214721452041533,-0.0578506802995861,0.2608238735561803,-1.4794738662006028,0.4485074626865671,-1.4794738662006028,0.4198072302708511,-960.0,0.1343283582089552,0.4328358208955223,0.3283582089552239,0.1634328358208955,0.2626865671641791,巨大
69.30000305175781,69.5,68.80000305175781,68.80000305175781,58041.0,-0.0086455109643961,69.62000122070313,0.0029155186892921,69.20000038146972,0.0043796065950045,68.75666669209798,-0.0185448709081385,68.75166657765706,0.0039898440112874,53.16455329463914,99376.5,0.5840515614858643,-0.0057803082009667,9927.TW,2026-07-30,-0.1406250241048188,-0.0234986945169712,bull,0.1972222222222222,0.3595922150139017,2026-03-31,2026-05-15,2174176000.0,196002000.0,139162000.0,169258000.0,34649000.0,134036000.0,1.12,5724771000.0,1225324000.0,6738866000.0,1523365000.0,5215501000.0,1189120000.0,200000000.0,,,0.2047111510238807,110673986.80121472,5513542000.0,0.0200731193851819,0.0256995444924658,0.0198899933609007,0.2920841161759915,0.0901500154541306,0.0640067777401645,0.0616491029245102,0.0476184510475576,,,44.28000422367753,44.28000422367753,False,61.38747606314039,61.38747606314039,57.11060810327468,443.0,True,False,True,True,False,True,True,True,True,True,True,True,False,True,False,False,False,11,False,0.0006302859307287,0.0007030589439771,1.0,6837103.50327301,0.7240740740740741,1.0,3.0,,,,,,0.0116143177264942,-0.0065924005925908,0.0989787808251226,-1.5065811438642551,0.2936567164179104,-1.5065811438642551,0.4162580595899909,-443.0,0.5895522388059702,0.1567164179104477,0.3134328358208955,0.548134328358209,0.4044776119402985,泰銘
34.29999923706055,34.29999923706055,33.599998474121094,33.599998474121094,35336.0,-0.0146627572543575,33.93000030517578,0.0135745679495939,33.64750022888184,0.0310398064163222,33.08053423563639,0.0370779677221471,34.15558780034383,0.0052801513316133,55.1723775060147,51370.15,0.6878702904313108,-0.0014117469184224,9931.TW,2026-07-30,-0.1406250241048188,-0.0234986945169712,bull,0.1583333333333333,0.2808155699721965,2026-03-31,2026-05-15,429478000.0,71692000.0,49459000.0,107962000.0,21897000.0,83366000.0,0.69,2496424000.0,2304625000.0,6941540000.0,3400234000.0,3541306000.0,420417000.0,,,,0.202821363072192,39427658.20381246,4636915000.0,0.0085029935212986,0.0235410326020965,0.0120097269481988,0.9601638491562152,0.1669282244957832,0.1151607300024681,0.1941100591881307,0.0210666711045914,,,38.36025352007109,38.36025352007109,False,66.75447464626697,66.75447464626697,59.655919364718,551.0,True,False,True,True,False,True,True,True,True,True,True,True,False,True,False,False,False,11,False,0.0157030184211808,-0.0162664255544489,0.0,1726036.9616153718,0.8824074074074074,1.0,3.0,,,,,,0.0157959161787296,0.0013901655082242,0.0901654009159415,-0.6866985680075055,0.4514925373134328,-0.6866985680075055,0.5248432549448567,-551.0,0.4477611940298507,0.2611940298507462,0.4776119402985074,0.4522388059701492,0.3977611940298507,欣高
19.200000762939453,19.39999961853028,19.049999237060547,19.350000381469727,237934.0,-0.0051414075859713,19.30000038146973,0.0250927612899691,18.957500076293947,0.0720222271112343,18.78441460927328,-0.0373134321276644,18.936790625254314,0.0141013978471393,69.09094313947028,447977.35,0.531129531437248,0.0207042227928879,9935.TW,2026-07-30,-0.1406250241048188,-0.0234986945169712,bull,0.125,0.2057460611677479,2026-03-31,2026-05-15,1207014000.0,329361000.0,129050000.0,125078000.0,35715000.0,89363000.0,0.51,4101731000.0,3844659000.0,8361229000.0,5772111000.0,2589118000.0,430540000.0,854900000.0,1461115000.0,287107000.0,0.2855418219031324,92200827.88340075,4516570000.0,0.0204139043308087,0.0345148425062125,0.0106877828606297,2.22937347776347,0.2728725598874578,0.1069167383311212,0.0740364237697325,0.0157374361805349,,,40.70851081970746,40.70851081970746,False,68.84176354857998,68.84176354857998,61.808450366361846,498.0,True,False,True,True,True,True,True,True,True,True,True,True,False,True,False,False,False,12,False,0.0301093105087895,0.0218204744611978,1.0,8668361.893389797,0.6944444444444444,0.0,3.0,,,,,,0.0557687871698908,0.0158960332187315,0.2139655253235442,-0.6391229225207957,0.8305970149253731,-0.6391229225207957,0.8356936959423356,-498.0,0.5298507462686567,0.3880597014925373,0.9402985074626866,0.5914179104477612,0.5694029850746268,慶豐富
130.0,130.0,127.0,129.0,2139806.0,-0.0076923076923076,129.1,0.0932203389830508,126.65,0.2215636557624631,122.09281832377116,0.1206079864161404,117.11396573384604,0.0162068533667985,68.57142857142857,1677995.7,1.2752154251646772,0.0185550730359256,9939.TW,2026-07-30,-0.1406250241048188,-0.0234986945169712,bull,0.0379629629629629,0.0667284522706209,2026-03-31,2026-05-15,6859793000.0,1532311000.0,905992000.0,852810000.0,177064000.0,664457000.0,2.25,15830282000.0,15334754000.0,47767359000.0,28356250000.0,19411109000.0,3417062000.0,3186314000.0,8601830000.0,3723183000.0,0.2076242070332196,717886129.4215593,32432605000.0,0.0221347045487576,0.0342307593038604,0.0139102729125133,1.4608258600783706,0.2233756907825061,0.1320727899515335,0.0968625438114532,-0.0577454629967812,,,44.2251041721302,44.2251041721302,False,77.61991935434662,77.61991935434662,69.27121555879252,445.0,True,True,True,True,True,True,True,True,True,True,True,True,True,True,False,False,False,14,False,0.0565732020200571,0.1014911773474245,1.0,216461445.3,0.2416666666666666,2.0,3.0,,,,,,0.0348170991083053,-0.0007134735200319,0.2412821839263738,-0.7441498305938704,0.7694029850746269,-0.7441498305938704,0.7592302710419857,-445.0,0.582089552238806,0.753731343283582,0.8432835820895522,0.6212686567164178,0.6858208955223881,宏全
21.0,21.0,20.549999237060547,20.850000381469727,618904.0,0.0373134321276644,20.50999984741211,0.080310943299563,20.044999980926512,0.0895688931681941,19.22575960159302,-0.0240822508109432,19.572082964579263,0.0168674689119347,67.69233297318615,514515.2,1.202887689226674,0.0401596608285956,9940.TW,2026-07-30,-0.1406250241048188,-0.0234986945169712,bull,0.0462962962962962,0.180722891566265,2026-03-31,2026-05-15,2876811000.0,665012000.0,209493000.0,232453000.0,69452000.0,159582000.0,0.22,16303412000.0,4204969000.0,30767900000.0,17352956000.0,13414944000.0,4695442000.0,404164000.0,8438314000.0,900000000.0,0.2987786778402516,146900958.44321218,26562931000.0,0.0055302992897588,0.0118958379550447,0.0051866393221506,1.2935541139791564,0.2311629092074522,0.0728212593736606,0.0554718401730249,0.2999785808018913,,,39.42870701490352,39.42870701490352,False,76.69448244213068,76.69448244213068,67.37803858532389,523.0,True,True,True,True,True,True,True,True,True,True,True,True,True,True,False,False,False,14,False,0.0844825283128021,0.0652928673561821,1.0,10727642.116271973,0.6657407407407407,0.0,3.0,,,,,,0.0202669931871089,-0.0221304424730583,0.1745251011555734,-1.372253696272303,0.4373134328358209,-1.372253696272303,0.4528954821686557,-523.0,0.5,0.6716417910447762,0.3582089552238806,0.4787313432835821,0.5231343283582089,信義
82.0,82.4000015258789,81.0,81.4000015258789,790737.0,-0.0061050059912637,81.93999938964843,0.0061804695991267,82.09499969482422,0.0738786048636079,79.50333315531412,0.0382653053777013,78.1433334350586,0.005758036077479,51.88679992197864,987019.7,0.8011359854316992,-0.0084657795423457,9941.TW,2026-07-30,-0.1406250241048188,-0.0234986945169712,bull,0.1796296296296296,0.2020389249304912,2026-03-31,2026-05-15,9588907000.0,4187850000.0,1390166000.0,1382030000.0,301331000.0,1104074000.0,1.82,235100426000.0,237208150000.0,286724084000.0,244513555000.0,42210529000.0,7708912000.0,35439009000.0,3468847000.0,,0.2180350643618445,1087061066.716352,49515934000.0,0.0219537627365839,0.0261563649202311,0.0038506496719682,5.792714775026866,0.4367390360548913,0.1449764816782559,0.1151407558755132,-0.0112940820804001,,,41.17633903527033,41.17633903527033,False,64.56013798784883,64.56013798784883,58.71418824970421,492.0,True,False,True,True,False,True,True,True,True,True,True,True,True,True,False,False,False,12,False,0.0238564635631004,0.0416755716407566,1.0,80343405.08607253,0.3675925925925926,1.0,3.0,,,,,,0.0303536985428962,0.0119597647530483,0.1553720227558234,-0.9071805771658882,0.6522388059701493,-0.9071805771658882,0.70124379658932,-492.0,0.5373134328358209,0.2313432835820895,0.7835820895522388,0.5742537313432836,0.494776119402985,裕融
17.700000762939453,17.850000381469727,17.5,17.700000762939453,41989.0,-0.0111731206621803,17.750000381469725,0.0028329260900767,17.907500171661376,0.0943807647258334,17.27032216389974,0.0257872257356925,16.762482436498008,0.0019583233145725,48.27588928438948,53241.6,0.7886502283928357,-0.0115872906174973,9944.TW,2026-07-30,-0.1406250241048188,-0.0234986945169712,bull,0.1981481481481481,0.1705282669138091,2026-03-31,2026-05-15,704581000.0,244021000.0,98268000.0,114815000.0,40853000.0,68907000.0,0.65,2917115000.0,1568744000.0,5865832000.0,2336741000.0,3529091000.0,1702145000.0,1052022000.0,457500000.0,,0.3558158777163263,63302685.32857205,4297088000.0,0.0147315310574444,0.0195254245356665,0.0117471826673522,0.6621367938656159,0.3463349139417611,0.1394701247975747,0.0977985497763919,0.118185526042237,,,54.04006958175547,54.04006958175547,False,64.79234888271033,64.79234888271033,62.104279057471615,313.0,True,False,True,True,False,True,True,False,True,True,True,True,False,True,False,False,False,10,False,0.0248795937309076,0.0559295635352987,1.0,942376.3606201172,0.9453703703703704,0.0,3.0,,,,,,0.0393433495038064,0.0130787687920666,0.1195118775729777,-1.0706647732973018,0.6119402985074627,-1.0706647732973018,0.6602643006337796,-313.0,0.753731343283582,0.4104477611940298,0.6865671641791045,0.7436567164179104,0.6373134328358209,新麗
26.049999237060547,26.850000381469727,25.850000381469727,26.700000762939453,9320837.0,0.0171428862072171,26.24000015258789,0.0452645379499583,26.069999980926514,0.1385927460239713,25.235072294871017,-0.0871794610960871,25.897536166508992,0.0060697232272792,58.947368843733614,7015706.6,1.328567103989212,0.0241657377243522,9945.TW,2026-07-30,-0.1406250241048188,-0.0234986945169712,bull,0.0879629629629629,0.1177015755329008,2026-03-31,2026-05-15,8802139000.0,2177505000.0,1558595000.0,3524918000.0,275592000.0,2706817000.0,0.99,56821154000.0,31229259000.0,206807304000.0,85163985000.0,121643319000.0,4687641000.0,7435539000.0,36077246000.0,,0.0781839464066965,1436737892.0502548,175578045000.0,0.0081829017520399,0.0222520811027854,0.0130885947819328,0.7001123094972441,0.247383618913539,0.1770700280920353,0.3075180930453381,0.2547092191019549,,,56.447152500431685,56.447152500431685,False,81.8897411149876,81.8897411149876,75.52909396134862,296.0,True,True,True,True,True,True,True,True,True,True,True,True,True,True,False,False,False,14,False,0.0580512887361999,0.0309861367224661,1.0,187319371.57255936,0.2657407407407407,0.0,3.0,,,,,,-0.0213149168911548,-0.0687275934877233,0.078047511839932,-1.8135188178981545,0.0667910447761194,-1.8135188178981545,0.1005109999494499,-296.0,0.7686567164179104,0.9104477611940298,0.0149253731343283,0.6555970149253731,0.6604477611940299,潤泰新
21.5,21.600000381469727,21.299999237060547,21.549999237060547,4448462.0,0.0141176111557903,21.519999694824214,0.0237529699820464,21.369999790191653,0.061576356994041,20.893333307902022,-0.0670996155330176,21.258749993642176,0.0050558486485992,55.714283378755454,5377843.15,0.8271832918741782,0.008422997128503,2646.TW,2026-07-30,-0.1406250241048188,-0.0234986945169712,bull,0.1324074074074074,0.2242817423540315,2026-03-31,2026-05-15,13759797000.0,2774967000.0,1358324000.0,909756000.0,0.0,,0.3,22245094000.0,24008566000.0,147095973000.0,115227744000.0,31868229000.0,14210592000.0,,53652207000.0,4992822000.0,0.0,1358324000.0,123087407000.0,0.011035442480318,,,3.6157561187350575,0.2016720886216562,0.098716863337446,,0.2291196863125946,,,36.52985733991709,36.52985733991709,False,70.24963217825275,70.24963217825275,61.81968846866884,582.0,True,False,True,True,True,True,True,True,True,True,True,True,True,True,False,False,False,13,False,0.0314294478282299,0.0137002054921138,1.0,115892515.7795313,0.3222222222222222,0.0,3.0,,,,,,0.0271356124753612,-0.0011481562414748,0.1454968964789644,-0.8431551620293258,0.5925373134328358,-0.8431551620293258,0.5979619740508613,-582.0,0.4104477611940298,0.3955223880597014,0.5895522388059702,0.4373134328358208,0.4417910447761194,星宇航空
146.0,149.0,145.5,147.0,198256.0,0.0137931034482758,145.7,0.0208333333333332,144.625,0.0137931034482758,143.30833333333334,0.0279720279720279,144.9375,0.0043402777777777,68.0,71245.9,2.7827004782029565,0.0164217804667243,6914.TW,2026-07-30,-0.1406250241048188,-0.0234986945169712,bull,0.137037037037037,0.3317886932344763,2026-03-31,2026-05-15,1436180000.0,315694000.0,223320000.0,194333000.0,39123000.0,155210000.0,2.34,2260924000.0,3075526000.0,11067161000.0,7614684000.0,3452477000.0,1511366000.0,0.0,339000.0,,0.2013193847673838,178361354.99374786,7991635000.0,0.0223185061622243,0.0449561285998429,0.01402437354982,2.2055712463833936,0.2198150649640017,0.1554958292136083,0.1080714116614909,0.0924403625899761,,,49.39729316925784,49.39729316925784,False,66.18487548580957,66.18487548580957,61.98797990667163,377.0,True,False,True,True,True,True,True,True,True,True,True,True,True,True,False,False,False,13,False,0.0257603070302958,0.0142302716688227,1.0,10473147.3,0.6703703703703704,2.0,3.0,,,,,,0.0166197305472013,-0.0136214361092175,0.1491141062482964,-0.4034827634346719,0.5007462686567163,-0.4034827634346719,0.5947140872913008,-377.0,0.6567164179104478,0.4029850746268656,0.5671641791044776,0.6432835820895522,0.5626865671641792,阜爾運通
27.549999237060547,28.200000762939453,27.549999237060547,28.100000381469727,44056.0,-0.0140350743343955,28.11000022888184,0.0,28.29499998092652,0.0251872963976713,26.95678981145223,0.191934710182748,26.07348852157593,2.5111953922568392e-16,48.61110596009298,42979.35,1.0250504021117115,-0.0068916628234049,2432.TW,2026-07-30,-0.1406250241048188,-0.0234986945169712,bull,0.2037037037037037,0.2984244670991658,2026-03-31,2026-05-15,950969000.0,103864000.0,18274000.0,20907000.0,4695000.0,16212000.0,0.26,1474029000.0,593217000.0,1716970000.0,616736000.0,1100234000.0,920685000.0,,,,0.224565934854355,14170282.106471518,1123753000.0,0.0126097835613978,0.0147350472717621,0.0094422150649108,0.5605498466689813,0.1092191228105227,0.019216188960944,0.0170478743260821,0.2580852139079173,,,37.70323749345623,37.70323749345623,False,61.63703056234067,61.63703056234067,55.65358229511956,563.0,True,False,True,True,False,True,True,False,True,True,True,True,True,True,False,False,False,11,False,0.0424090026302694,0.0777230809838447,1.0,1207719.7513953208,0.925,0.0,3.0,,,,,,0.0218240141520589,0.0022641085324616,0.1452266881836645,-1.0420153670578185,0.5432835820895523,-1.0420153670578185,0.7167098192465501,-563.0,0.4328358208955223,0.1044776119402985,0.8059701492537313,0.4888059701492536,0.408955223880597,倚天酷碁-創
88.80000305175781,88.80000305175781,86.69999694824219,88.0,81933.0,0.0451306792100441,87.21999969482422,0.0731707317073171,84.54999961853028,0.2054794520547944,83.72666664123535,0.2626571009366094,78.12754866282145,0.0157986396771652,65.05376057399303,111265.5,0.7363738085929601,0.0408042625314644,2762.TW,2026-07-30,-0.1406250241048188,-0.0234986945169712,bull,0.0504629629629629,0.0713623725671918,2026-03-31,2026-05-15,2811384000.0,612346000.0,300545000.0,268722000.0,49567000.0,219155000.0,2.01,1768082000.0,6175503000.0,18389010000.0,15722554000.0,2666456000.0,945155000.0,399900000.0,210000000.0,,0.1844545664292465,245108102.3325221,12213507000.0,0.0200686094774025,0.0821896179798204,0.0119177160706313,5.896423567461829,0.21780944901159,0.1069028635006815,0.0779527094128728,0.0937717990146893,,,45.75420069554944,45.75420069554944,False,80.59822859233887,80.59822859233887,71.88722161814151,420.0,True,True,True,True,True,True,True,True,True,True,True,True,False,True,False,False,False,13,False,0.0510390957886293,0.1263632547820683,1.0,9791364.0,0.6833333333333333,1.0,3.0,,,,,,0.0464088966658771,-0.030502679892985,0.2625019305332416,0.8411111451630929,0.7376865671641791,0.8411111451630929,0.8373302800512386,-420.0,0.6044776119402985,0.8432835820895522,0.9477611940298508,0.6559701492537313,0.744776119402985,世界健身-KY
28.14999961853028,30.5,28.14999961853028,29.25,280124.0,-0.1654778705651967,32.37999992370605,0.2446808510638298,28.30500001907349,0.0086206896551723,27.454999987284346,-0.1521739130434782,28.593579483032222,0.080549720810616,55.31914906900781,443048.8,0.6322644367843904,0.0333863268076213,6969.TW,2026-07-30,-0.1406250241048188,-0.0234986945169712,bull,0.0055555555555555,0.3447636700648749,2026-03-31,2026-05-15,77977000.0,24341000.0,2486000.0,-2183000.0,0.0,-2183000.0,-0.05,309483000.0,182775000.0,1118341000.0,633488000.0,484853000.0,107080000.0,21000000.0,327254000.0,,-0.0,2486000.0,935566000.0,0.0026572149907115,-0.0045023955714412,-0.0019519985406955,1.3065568326894956,0.3121561486079228,0.0318811957372045,-0.0279954345512138,0.0385025171137096,,,24.457927260122307,24.457927260122307,False,72.68437889235526,72.68437889235526,60.62776598429702,776.0,True,False,True,True,True,True,True,True,True,True,True,True,False,True,False,False,False,12,False,0.0653797127498454,0.0229569200091686,1.0,12959177.4,0.6305555555555555,0.0,3.0,,,,,,0.0528466438279806,0.0026948467710484,0.1918109720906262,-1.4336228570189185,0.6541044776119402,-1.4336228570189185,0.7684858740621283,-776.0,0.2686567164179104,0.3208955223880597,0.8582089552238806,0.357089552238806,0.4022388059701492,成信實業*-創
