Open,High,Low,Close,Volume,ret5,ma5,ret20,ma20,ret60,ma60,ret120,ma120,ma20_slope,rsi14,volume_ma20,volume_ratio,ma20_deviation,symbol,date,benchmark_ret20,benchmark_ret60,market_regime,rs20_rank_pct,rs60_rank_pct,period_date,as_of_date,revenue,gross_profit,operating_income,pretax_income,tax_expense,net_income_parent,eps,current_assets,current_liabilities,assets,liabilities,equity,cash,short_borrowings,long_borrowings,bonds_payable,tax_rate,nopat,invested_capital_proxy,roic_proxy,roe,roa,debt_to_equity,gross_margin,operating_margin,net_margin,revenue_growth,pe,pb,eva_like_score,fundamental_score,fundamental_pass,technical_score,score,final_score,fundamental_rank,pass_market,pass_score,pass_rs20,pass_rs60,pass_close_ma20,pass_ma20_ma60,pass_ma20_slope,pass_rsi,pass_ret20_benchmark,pass_ret60_benchmark,pass_ret5_cap,pass_ret20_cap,pass_volume_ratio,pass_ma20_deviation,pass_fundamental_score,pass_fundamental_filter,pass_fundamental_universe,entry_pass_count,entry_all_pass,close_ma60_ratio,close_ma120_ratio,above_ma120,turnover20,liquidity_rank,price_bucket,eva_rank_bucket,forward_60d_return,forward_60d_max_drawdown,reward_60,fwd60_rank_label,top_quantile_60,reg_forward60,reg_reward60,cls_topq60,rank_forward60,ensemble_score,ranker_score,stable_ensemble_score,fundamental_rank_score,fundamental_score_rank,final_score_rank,stable_ml_rank,fund_ml_85_15,fund_final_ml,name
37.59999847412109,37.59999847412109,37.0,37.09999847412109,11392.0,-0.0474968485900165,38.33999938964844,0.0054199712729527,37.4399995803833,0.0095237680032949,36.885000165303545,-0.0535714859170042,38.970416673024495,0.0138785407201051,51.89872989859176,19496.4,0.5843130013746127,-0.0090812262305781,1235.TW,2026-09-14,0.0042273799017158,-0.0382366166590693,bull,0.292910447761194,0.2416044776119403,2026-03-31,2026-05-15,58970000.0,16835000.0,4050000.0,-121854000.0,4040000.0,-59140000.0,-0.54,945470000.0,2176614000.0,5279563000.0,2231482000.0,3048081000.0,89764000.0,415406000.0,0.0,,0.0,4050000.0,3102949000.0,0.001305209979281,-0.0194023715249037,-0.0112016846848877,0.732094061804788,0.2854841444802442,0.0686789893166016,,1.0749472202674175,,,38.1855562832601,38.1855562832601,False,60.17257462686568,60.17257462686568,54.67582004096428,554.0,True,False,True,True,False,True,True,True,True,True,True,True,False,True,False,False,False,11,False,0.0058288818721432,-0.0479958480966953,0.0,723316.4102508544,0.9244402985074628,1.0,3.0,,,,,,0.0290718341137184,-0.0217332362720051,0.1631451624360831,-1.713004767523148,0.4571428571428571,-1.713004767523148,0.5224489795918367,-554.0,0.4880952380952381,0.0952380952380952,0.5714285714285714,0.5005952380952381,0.3869047619047618,興泰
63.70000076293945,63.79999923706055,61.5,62.900001525878906,23826289.0,-0.0555555110062037,64.97999877929688,0.0642978536356777,62.87999954223633,0.2117704943212237,59.61227232615153,0.4094734803173783,53.81831614176432,0.029891078818228,62.31884565422149,33142426.8,0.7189059854844425,0.0003180977065553,1301.TW,2026-09-14,0.0042273799017158,-0.0382366166590693,bull,0.1194029850746268,0.0503731343283582,2026-03-31,2026-05-15,41985122000.0,1555468000.0,-1301844000.0,3378716000.0,110089000.0,3268627000.0,0.51,175217601000.0,95826345000.0,593528010000.0,203311522000.0,390216488000.0,10197694000.0,31910508000.0,18393084000.0,43127284000.0,0.0325830877765399,-1259425902.676638,497701665000.0,-0.0025304836034186,0.008376445128582,0.0055071149885579,0.521022376686451,0.0370480762209051,-0.0310072696704323,0.0778520305359598,-0.110526237291801,,,17.23451320303393,17.23451320303393,False,78.71970617151909,78.71970617151909,63.34840792939781,902.0,True,True,True,True,True,True,True,True,True,True,True,True,False,True,False,False,False,13,False,0.0551518851980594,0.1687471113030045,1.0,2084658696.29133,0.0690298507462686,1.0,3.0,,,,,,0.0040043982601643,-0.0697137525494673,0.2222338178777445,-1.726056072855193,0.3988095238095238,-1.726056072855193,0.378202532278887,-902.0,0.1428571428571428,0.4761904761904761,0.25,0.1589285714285714,0.2642857142857143,台塑
232.0,236.5,220.5,234.0,54843471.0,0.0151843817787418,236.8,0.167082294264339,218.225,0.5344262295081967,193.3668469746908,2.236514386209432,143.11592343648277,0.0500421027306628,67.70428015564202,89553621.0,0.6124093072685469,0.0722877763775919,1303.TW,2026-09-14,0.0042273799017158,-0.0382366166590693,bull,0.042910447761194,0.0121268656716417,2026-03-31,2026-05-15,68596393000.0,8188671000.0,3741833000.0,16080166000.0,1405348000.0,14254717000.0,1.8,193418745000.0,131197270000.0,647743623000.0,247168932000.0,400574691000.0,42831248000.0,24400300000.0,40333444000.0,51357530000.0,0.0873963614554725,3414810410.6259847,516546353000.0,0.0066108499088096,0.0355856655956329,0.0220067268805825,0.6170358176722652,0.1193746586646327,0.054548538725644,0.207805634911445,0.046448302712712,,,40.56631725411971,40.56631725411971,False,81.98429611723688,81.98429611723688,71.62980140145758,497.0,True,True,True,True,True,True,True,True,True,True,True,True,False,True,False,False,False,13,False,0.2101350550057197,0.6350381870949051,1.0,20955547314.0,0.0074626865671641,2.0,3.0,,,,,,-0.2140717466932595,-0.3092083594105064,0.105486966526064,-1.723245106315577,0.0619047619047619,-1.723245106315577,0.0706890056113658,-497.0,0.5595238095238095,0.7142857142857143,0.0357142857142857,0.4809523809523809,0.5011904761904762,南亞
14.350000381469728,14.350000381469728,14.050000190734863,14.149999618530272,1277631.0,0.0143369040859986,14.369999885559082,0.0559701508470833,14.087499952316284,0.0,13.9658904393514,-0.1983002875719862,14.367528541882832,0.0151324044413783,56.94444002928836,1766692.6,0.7231767428017755,0.0044365335528331,1308.TW,2026-09-14,0.0042273799017158,-0.0382366166590693,bull,0.1343283582089552,0.269589552238806,2026-03-31,2026-05-15,1301918000.0,73711000.0,13526000.0,-115776000.0,4459000.0,-120235000.0,-0.2,2732713000.0,1008062000.0,12537553000.0,1505156000.0,11032397000.0,726414000.0,,295229000.0,,0.0,13526000.0,11529491000.0,0.0011731654068683,-0.0108983569028561,-0.009589989370334,0.1364305508585305,0.0566172370302891,0.0103892871901302,-0.0923522065137743,-0.1515061063473556,,,14.704701931024411,14.704701931024411,False,70.0939438319288,70.0939438319288,56.246633356702695,956.0,True,False,True,True,True,True,True,True,True,True,True,True,False,True,False,False,False,12,False,0.0131827741294683,-0.0151403160758262,0.0,24998699.616060257,0.4850746268656716,0.0,3.0,,,,,,0.0037845073922598,-0.0333105953487541,0.13103516780582,-1.8242307959089696,0.3142857142857142,-1.8242307959089696,0.2666753691443132,-956.0,0.1309523809523809,0.1428571428571428,0.1309523809523809,0.1309523809523809,0.1345238095238095,亞聚
21.850000381469727,21.89999961853028,21.450000762939453,21.700000762939453,105750.0,0.0211765064912683,21.420000076293945,0.0093023610669513,21.4125,0.0850000381469726,20.6075000445048,0.1933718590998741,20.1993216196696,-0.0015155038916028,53.125003725280536,33681.35,3.139719755888645,0.01342677234977,1323.TW,2026-09-14,0.0042273799017158,-0.0382366166590693,bull,0.2686567164179104,0.1231343283582089,2026-03-31,2026-05-15,530894000.0,98916000.0,23645000.0,38156000.0,5647000.0,32509000.0,0.36,2570405000.0,691151000.0,4744350000.0,2167294000.0,2577056000.0,950712000.0,,1220000000.0,,0.1479976936785826,20145594.532969914,4053199000.0,0.004970294952942,0.0126147821389989,0.0068521504526436,0.8409960823513343,0.1863196796347293,0.0445380810481941,0.0612344460476102,0.0092658073837497,,,28.08704419011924,28.08704419011924,False,56.23084213352224,56.23084213352224,49.19489264767149,713.0,True,False,True,True,True,True,False,True,True,True,True,True,False,True,False,False,False,11,False,0.0530147138699621,0.0742935417102585,1.0,730885.3206968307,0.9216417910447762,0.0,3.0,,,,,,0.0435442487559765,0.0220444844653357,0.2252995581061748,-1.1006562817688876,0.7446428571428572,-1.1006562817688876,0.7471270955163769,-713.0,0.3095238095238095,0.0238095238095238,0.8571428571428571,0.3916666666666666,0.3333333333333333,永裕
70.5,70.5,66.19999694824219,67.5999984741211,27883790.0,-0.0598053262934926,70.3,0.1399662621221977,65.68000049591065,0.2165937664252097,62.89000002543131,0.5900597075431346,55.56764605840047,0.0432020339606997,64.99998331071538,39446257.35,0.7068804969909268,0.0292326121150072,1326.TW,2026-09-14,0.0042273799017158,-0.0382366166590693,bull,0.0559701492537313,0.0494402985074626,2026-03-31,2026-05-15,81749811000.0,6327773000.0,3120431000.0,7294502000.0,759958000.0,6245039000.0,1.07,214839826000.0,114054227000.0,581165153000.0,170197763000.0,410967390000.0,16802058000.0,33492647000.0,26687136000.0,25800000000.0,0.1041823005874835,2795337319.595498,467110926000.0,0.0059843115714135,0.0151959477855408,0.0107457217070962,0.4141393384034679,0.0774041300230039,0.0381704980333226,0.0763920909859962,0.0359959953561419,,,29.94873186889634,29.94873186889634,False,80.07651316849058,80.07651316849058,67.54456784359202,681.0,True,True,True,True,True,True,True,True,True,True,True,True,False,True,False,False,False,13,False,0.0748926450434912,0.2165352191286791,1.0,2666566936.669788,0.0606343283582089,1.0,3.0,,,,,,-0.0116202756477525,-0.0707200304604333,0.1725449559815942,-1.9891303531345448,0.2535714285714285,-1.9891303531345448,0.2956791457037762,-681.0,0.3571428571428571,0.5952380952380952,0.1666666666666666,0.3285714285714285,0.3904761904761905,台化
66.19999694824219,66.5,65.19999694824219,66.5,88279.0,-0.0263543626841973,67.1,0.0374415223558524,66.33000030517579,0.0045317683623515,66.04469000498453,0.0955518807934143,65.00317840576172,0.0082079307909206,55.263147327702754,92019.4,0.9593520496764814,0.0025629382487872,1419.TW,2026-09-14,0.0042273799017158,-0.0382366166590693,bull,0.1781716417910447,0.251865671641791,2026-03-31,2026-05-15,1453047000.0,375765000.0,152661000.0,2932327000.0,127257000.0,2805070000.0,9.37,6923708000.0,4287205000.0,25723813000.0,5280888000.0,20442925000.0,2263855000.0,3450000000.0,0.0,,0.0433979566398972,146035824.54139665,21436608000.0,0.0068124502039406,0.1372147087562078,0.1090456535351116,0.2583235031190497,0.2586048489828615,0.1050626717511546,1.930474375570784,0.3659537865683988,,,72.80054807279497,72.80054807279497,True,67.19750639562587,67.19750639562587,68.59826681491815,139.0,True,False,True,True,True,True,True,True,True,True,True,True,True,True,True,True,False,13,False,0.0068939682354645,0.0230268985447887,1.0,6119290.1,0.6632462686567164,1.0,3.0,,,,,,-0.0232332079973603,-0.0440005685095551,0.1265149377903411,-0.5708596538440893,0.3779761904761904,-0.5708596538440893,0.3878982115265552,-139.0,0.8571428571428571,0.6309523809523809,0.2738095238095238,0.7696428571428571,0.6726190476190477,新紡
31.850000381469727,32.099998474121094,31.799999237060547,32.04999923706055,109702.0,-0.0046584323703355,31.839999771118165,0.0174602932400174,31.975000190734864,0.0773108987247241,31.069122314453125,0.052545104565923,30.28164448738098,0.0062942564531696,56.818162114173845,105445.2,1.0403697844946949,0.0023455526467022,1437.TW,2026-09-14,0.0042273799017158,-0.0382366166590693,bull,0.2332089552238806,0.1305970149253731,2026-03-31,2026-05-15,173801000.0,106736000.0,81756000.0,164121000.0,25845000.0,138012000.0,0.68,2289494000.0,1297708000.0,13727130000.0,5454839000.0,8272291000.0,555767000.0,882000000.0,3400000000.0,,0.157475277386806,68881451.22196428,12429422000.0,0.0055418064671039,0.0166836490640863,0.0100539588391746,0.6594109177252105,0.6141276517396332,0.4704000552355855,0.7940805864177997,-0.0904852113118288,,,51.0413507613127,51.0413507613127,False,70.62419702169005,70.62419702169005,65.7284854565957,351.0,True,False,True,True,True,True,True,True,True,True,True,True,True,True,False,False,False,13,False,0.0315707960038229,0.0583969193092033,1.0,3379518.579551697,0.7565298507462687,1.0,3.0,,,,,,0.0203075098190678,-0.004030215313069,0.0906468209969575,-1.567870355997809,0.4386904761904762,-1.567870355997809,0.3169772565642282,-351.0,0.6309523809523809,0.5476190476190477,0.1904761904761904,0.5648809523809524,0.5178571428571428,勤益控
108.5,108.5,107.0,107.5,118918.0,0.0093896713615022,107.1,0.078234737116462,104.02999992370606,0.178728109618341,95.66220067342122,0.1571582156546467,93.61193351745604,0.0245728081946467,64.28571428571428,148580.9,0.8003585925243419,0.0333557635185888,1558.TW,2026-09-14,0.0042273799017158,-0.0382366166590693,bull,0.1044776119402985,0.0625,2026-03-31,2026-05-15,1926175000.0,466203000.0,115500000.0,190949000.0,37396000.0,79533000.0,1.23,7337752000.0,2436771000.0,13553818000.0,4826378000.0,8727440000.0,2321376000.0,528924000.0,448585000.0,1225737000.0,0.1958428690383296,92880148.62607291,11117047000.0,0.0083547500182443,0.0091129815845196,0.0058679406791503,0.5530118797723044,0.2420356405830207,0.0599633989642685,0.0412906407777071,-0.0577927547617254,,,30.82891502090822,30.82891502090822,False,79.43202495087979,79.43202495087979,67.2812474683869,664.0,True,True,True,True,True,True,True,True,True,True,True,True,True,True,False,False,False,14,False,0.1237458394563966,0.1483578637968652,1.0,15972446.75,0.5457089552238806,2.0,3.0,,,,,,0.0088893660859028,-0.0240651579032126,0.2608016934068985,-1.416166273997264,0.5678571428571428,-1.416166273997264,0.5602822022697798,-664.0,0.369047619047619,0.5833333333333334,0.6190476190476191,0.406547619047619,0.4833333333333334,伸興
775.0,776.0,740.0,753.0,2024980.0,0.0315068493150685,744.6,0.0148247978436657,710.3,0.0561009817671809,701.8030303955078,0.688340807174888,648.7973485310872,0.0095224559408754,62.17948717948718,1185657.15,1.7078967558201796,0.0601154441785161,1560.TW,2026-09-14,0.0042273799017158,-0.0382366166590693,bull,0.2425373134328358,0.1529850746268656,2026-03-31,2026-05-15,2293229000.0,802560000.0,444439000.0,531951000.0,89799000.0,436359000.0,2.94,5759371000.0,3216860000.0,13961884000.0,5383626000.0,8578258000.0,1772650000.0,642250000.0,940383000.0,555943000.0,0.1688106611323223,369412958.57701176,10745024000.0,0.0343799100473867,0.050868020057219,0.0312535901315323,0.6275896574805747,0.3499694099455396,0.193804892577235,0.1902814764683335,0.2944197621734146,,,86.28355650333096,86.28355650333096,False,81.69919313717682,81.69919313717682,82.84528397871536,53.0,True,True,True,True,True,True,True,True,True,True,True,True,True,True,True,False,False,14,False,0.0729506248721092,0.1606089354477686,1.0,892799833.9499999,0.1119402985074626,3.0,2.0,,,,,,-0.0203072549722795,-0.122710636438933,0.2943714682270469,-0.5577127151548099,0.4946428571428571,-0.5577127151548099,0.5417420674078546,-53.0,0.9523809523809524,0.9523809523809524,0.5952380952380952,0.8988095238095237,0.8809523809523809,中砂
23.39999961853028,23.450000762939453,23.350000381469727,23.39999961853028,115625.0,-0.0105708246948181,23.520000076293947,0.0129869797448662,23.36999988555908,0.0107991362470643,23.332499917348223,-0.0031383859689834,23.337647803624478,0.0038659818678735,56.25001490114007,190311.3,0.6075571970765793,0.0012836856276465,1604.TW,2026-09-14,0.0042273799017158,-0.0382366166590693,bull,0.2546641791044776,0.2360074626865671,2026-03-31,2026-05-15,2372906000.0,478239000.0,152503000.0,224334000.0,32077000.0,187244000.0,0.51,4163362000.0,4170169000.0,19618124000.0,10651689000.0,8966435000.0,915329000.0,1480000000.0,4918850000.0,,0.1429876880009271,130696948.6167946,15447955000.0,0.0084604692735572,0.0208827700195228,0.00954443962124,1.187951398744317,0.2015414854191443,0.064268453954771,0.0789091519006652,-0.0357932753161021,,,30.83420932595463,30.83420932595463,False,66.2891006410499,66.2891006410499,57.42537781227608,663.0,True,False,True,True,True,True,True,True,True,True,True,True,False,True,False,False,False,12,False,0.0028929476661805,0.0026717266208859,1.0,4453284.347402001,0.7089552238805971,0.0,3.0,,,,,,0.0294196271659794,0.0205564764177394,0.1432468682563388,-1.575727622177661,0.5416666666666667,-1.575727622177661,0.4734750415216254,-663.0,0.3809523809523809,0.1785714285714285,0.4523809523809524,0.3916666666666666,0.3345238095238095,聲寶
36.20000076293945,36.70000076293945,35.29999923706055,36.04999923706055,10286641.0,0.0540935214283921,35.349999237060544,0.1339688322964538,34.00188159942627,0.6767441505609557,28.28547712961833,0.9917126230542804,23.69482191403707,0.0438372014270926,57.33483841477008,14165005.4,0.7262009938944323,0.060235420550045,1709.TW,2026-09-14,0.0042273799017158,-0.0382366166590693,bull,0.0606343283582089,0.0074626865671641,2026-03-31,2026-05-15,2424471000.0,492933000.0,320616000.0,344786000.0,79982000.0,264726000.0,0.55,5694389000.0,2189161000.0,12130526000.0,3134319000.0,8996207000.0,600735000.0,285000000.0,20699000.0,,0.2319757762786192,246240854.51265424,9941365000.0,0.0247693203612033,0.0294264015934715,0.021823126218929,0.34840449980753,0.2033156923716555,0.1322416312671919,0.1091891798252072,-0.0753599255550004,,,52.52750676874495,52.52750676874495,False,83.94161960287848,83.94161960287848,76.0880913943451,327.0,True,True,True,True,True,True,True,True,True,True,True,True,False,True,False,False,False,13,False,0.2745056083679005,0.5214294231814476,1.0,510648433.86295855,0.1604477611940298,1.0,3.0,,,,,,0.0156597827387305,-0.0841360667611682,0.2782664274231343,-1.1794663451521246,0.5529761904761905,-1.1794663451521246,0.5814243329669544,-327.0,0.6785714285714286,0.8333333333333334,0.6428571428571429,0.6732142857142858,0.7178571428571429,和益
16.100000381469727,16.100000381469727,15.550000190734863,16.049999237060547,4903203.0,0.0255590816792519,16.010000038146973,0.0559210156882563,15.81500005722046,0.1342755950355016,15.583333269755046,0.0699999491373697,14.569999957084656,0.0154093103564667,52.72726389988024,5058688.35,0.9692637025168788,0.0148592588675202,1710.TW,2026-09-14,0.0042273799017158,-0.0382366166590693,bull,0.1352611940298507,0.0802238805970149,2026-03-31,2026-05-15,5345825000.0,88577000.0,-176669000.0,-219291000.0,-8101000.0,-127331000.0,-0.15,7085020000.0,12457768000.0,36888664000.0,23663579000.0,13225085000.0,2362413000.0,9628981000.0,8250000000.0,,0.0369417805564295,-170142532.57087615,24430896000.0,-0.0069642362920654,-0.0096279910488287,-0.0034517650191939,1.7892950404477552,0.0165693789078392,-0.0330480328106513,-0.0238187744641846,-0.1284074295508901,,,6.405846346837272,6.405846346837272,False,70.98290973633941,70.98290973633941,54.83864388896387,1057.0,True,False,True,True,True,True,True,True,True,True,True,True,True,True,False,False,False,13,False,0.0299464793075581,0.1015785370168269,1.0,81191944.15802707,0.3358208955223881,0.0,3.0,,,,,,0.0450071044947445,0.0136637610766018,0.2414666158575491,-1.5932456939019426,0.6898809523809524,-1.5932456939019426,0.6249890309828198,-1057.0,0.0476190476190476,0.119047619047619,0.7023809523809523,0.1458333333333333,0.2,東聯
40.09999847412109,40.75,39.650001525878906,39.900001525878906,657782.0,-0.0099255017060594,40.529999542236325,0.0243902630123533,40.122500038146974,0.0217670244667165,39.587500127156574,-0.1083798541703038,40.47708336512248,0.0089903103668462,48.684231660355685,1314110.5,0.5005530356845943,-0.0055454797696186,1712.TW,2026-09-14,0.0042273799017158,-0.0382366166590693,bull,0.2042910447761194,0.210820895522388,2026-03-31,2026-05-15,4795226000.0,1470661000.0,366591000.0,381337000.0,95797000.0,283178000.0,0.67,8094195000.0,6021995000.0,15651003000.0,7751244000.0,7899759000.0,1546139000.0,1194417000.0,5199000.0,,0.2512134935765477,274498394.1762798,9629008000.0,0.0285074427372248,0.0358464099980771,0.0180932813059968,0.981200059394217,0.3066927398208134,0.0764491600604434,0.0590541509409566,-0.0210791833061753,,,51.61483462423027,51.61483462423027,False,63.60074626865672,63.60074626865672,60.6042683575501,340.0,True,False,True,True,False,True,True,False,True,True,True,True,False,True,False,False,False,10,False,0.0078939412117098,-0.0142570015244927,0.0,52433010.95517349,0.3833955223880597,1.0,3.0,,,,,,0.021091736398873,-0.0167336625010229,0.1706930731122529,-0.6988061551750304,0.5785714285714285,-0.6988061551750304,0.6156879187650898,-340.0,0.6428571428571429,0.3095238095238095,0.6785714285714286,0.6482142857142857,0.55,興農
40.25,40.45000076293945,40.150001525878906,40.29999923706055,25240.0,0.0049875503877769,40.23000030517578,0.0074999809265137,40.14749965667725,0.0540477170869841,39.11639251708984,0.1002898201140596,38.0586238861084,0.005384089532534,56.5217247081341,45081.6,0.5598736513344691,0.0037984826374595,1817.TW,2026-09-14,0.0042273799017158,-0.0382366166590693,bull,0.2779850746268656,0.1548507462686567,2026-03-31,2026-05-15,611528000.0,237424000.0,117537000.0,116319000.0,27903000.0,87774000.0,1.21,1873263000.0,304617000.0,2963735000.0,558812000.0,2404923000.0,382710000.0,40000000.0,857000.0,,0.2398834240321873,89341821.9895288,2659118000.0,0.0335982916100484,0.0364976342277902,0.0296160081788688,0.2323617013933502,0.3882471448568176,0.1922021559110948,0.143532266715506,-0.0085682370507754,,,75.60284732958029,75.60284732958029,False,68.12985788885935,68.12985788885935,69.99810524903958,114.0,True,False,True,True,True,True,True,True,True,True,True,True,False,True,True,False,False,12,False,0.0302585858206017,0.0588927060962458,1.0,1816788.4456054687,0.8348880597014925,1.0,3.0,,,,,,0.0503544256834046,0.0382738234775565,0.2049453935767543,-0.6628809966944449,0.7833333333333334,-0.6628809966944449,0.7951298435663954,-114.0,0.8809523809523809,0.7023809523809523,0.8928571428571429,0.8827380952380952,0.8297619047619047,凱撒衛
81.69999694824219,82.5999984741211,81.30000305175781,82.0999984741211,784784.0,0.0160890516492993,81.93999938964843,0.0262499809265137,81.65999984741211,0.179597705086844,76.61166674296061,0.1292985133489224,72.30416647593181,-0.0035995419030588,50.52630818120711,1366232.5,0.5744146768577091,0.0053881781475773,2006.TW,2026-09-14,0.0042273799017158,-0.0382366166590693,bull,0.1986940298507462,0.0615671641791044,2026-03-31,2026-05-15,13602390000.0,2004381000.0,1390762000.0,1521134000.0,302993000.0,1211982000.0,1.66,28387625000.0,18568929000.0,51955456000.0,19405487000.0,32549969000.0,1294546000.0,5329132000.0,260000000.0,,0.1991888946010016,1113737654.5669217,33386527000.0,0.0333588951784928,0.0372345055075167,0.0233273287024946,0.596175283607797,0.1473550603974742,0.1022439438951537,0.089100665397772,-0.0619062729029651,,,52.210458028038886,52.210458028038886,False,57.94901484563144,57.94901484563144,56.5143756412333,333.0,True,False,True,True,True,True,False,True,True,True,True,True,False,True,False,False,False,11,False,0.0716383282662986,0.1354808785666599,1.0,112167686.16529465,0.3069029850746269,1.0,3.0,,,,,,0.0141214163693653,-0.0045013837485025,0.2086638894514495,-1.1428048357826814,0.5857142857142857,-1.1428048357826814,0.6241892722340469,-333.0,0.6547619047619048,0.1666666666666666,0.6904761904761905,0.6601190476190476,0.5154761904761904,東和鋼鐵
64.0,64.5999984741211,63.79999923706055,64.5999984741211,112207.0,-0.0015455715430882,64.65999908447266,0.0221518622512832,64.48999938964843,0.0590163684282145,63.618333180745445,-0.010352594828366,63.001666673024495,0.0046736222344019,48.78050822856888,158696.15,0.7070555901954774,0.0017056766244956,2015.TW,2026-09-14,0.0042273799017158,-0.0382366166590693,bull,0.2126865671641791,0.1501865671641791,2026-03-31,2026-05-15,6404574000.0,820478000.0,589291000.0,648609000.0,122645000.0,526749000.0,0.91,12172005000.0,4388066000.0,26283228000.0,5068762000.0,21214466000.0,4570295000.0,40284000.0,,,0.1890892664147429,477862397.1051897,21895162000.0,0.0218250222174738,0.0248297081812005,0.0200412597722014,0.2389295115889318,0.1281081302206829,0.0920109596672628,0.0822457512396609,-0.1410674325019171,,,42.92012472337977,42.92012472337977,False,65.00687852467811,65.00687852467811,59.485190074353525,458.0,True,False,True,True,True,True,True,False,True,True,True,True,False,True,False,False,False,11,False,0.0154305409194963,0.0253696748911718,1.0,10251771.047848891,0.6082089552238806,1.0,3.0,,,,,,0.0252225044609261,-0.0052427470830664,0.1171545660004505,-1.7169205373201593,0.4351190476190475,-1.7169205373201593,0.4633635516661184,-458.0,0.5833333333333334,0.25,0.4404761904761904,0.5619047619047619,0.4547619047619048,豐興
28.14999961853028,29.89999961853028,26.0,26.64999961853028,1949267.0,0.0369649349178526,27.07999992370605,0.2141229472541221,24.71249990463257,0.5769230899454851,19.236666631698608,0.7361562837940854,17.482083280881245,0.0593719834977773,60.90225639388566,1457622.85,1.3372917418247112,0.0784016073393896,2033.TW,2026-09-14,0.0042273799017158,-0.0382366166590693,bull,0.0279850746268656,0.0102611940298507,2026-03-31,2026-05-15,175517000.0,27282000.0,8642000.0,9338000.0,1877000.0,,0.09,382129000.0,130958000.0,1213456000.0,149464000.0,1063992000.0,47710000.0,72000000.0,,,0.2010066395373741,6904900.621118012,1082498000.0,0.0063786728669411,,,0.140474740411582,0.1554379347869437,0.0492373958078134,,-0.0245478897818088,,,33.37842346640696,33.37842346640696,False,93.13954569714244,93.13954569714244,78.19926513945856,617.0,True,True,True,True,True,True,True,True,True,True,True,True,True,True,False,False,False,14,False,0.3853751343081351,0.5244178391299192,1.0,38845648.39646102,0.4263059701492537,0.0,3.0,,,,,,-0.0225775101092299,-0.1050756466281955,0.1794566478601801,-1.7580668307060676,0.2285714285714285,-1.7580668307060676,0.2236820424167821,-617.0,0.4166666666666667,0.9047619047619048,0.0952380952380952,0.368452380952381,0.4988095238095237,佳大
14.699999809265137,14.850000381469728,14.699999809265137,14.75,63187.0,-0.010067088749702,14.80999984741211,0.0068259647831827,14.787500095367433,0.0137456911782374,14.665000009536744,0.0135158415912306,14.517916663487751,0.0018631442667227,50.0,90197.05,0.7005439756621752,-0.0025359320456862,2109.TW,2026-09-14,0.0042273799017158,-0.0382366166590693,bull,0.2845149253731343,0.2276119402985074,2026-03-31,2026-05-15,1087805000.0,247547000.0,119153000.0,187878000.0,44674000.0,113502000.0,0.41,3848121000.0,2285586000.0,8526981000.0,3577294000.0,4949687000.0,2144050000.0,1401000000.0,923772000.0,,0.2377819648921108,90820565.53721032,6241395000.0,0.0145513247498692,0.0229311469593935,0.0133109244643561,0.7227313565484039,0.2275656022908517,0.1095352567785586,0.1043403918900905,-0.1083894446516317,,,39.992057305842906,39.992057305842906,False,60.77425373134328,60.77425373134328,55.57870462496819,507.0,True,False,True,True,False,True,True,True,True,True,True,True,False,True,False,False,False,11,False,0.0057961125406056,0.0159859945398317,1.0,1330406.4875,0.8684701492537313,0.0,3.0,,,,,,0.053626439560273,0.0427786055190192,0.1366019898185508,-1.2777703932208313,0.6476190476190475,-1.2777703932208313,0.6569916087631265,-507.0,0.5357142857142857,0.1309523809523809,0.7142857142857143,0.5625,0.45,華豐
89.19999694824219,89.19999694824219,88.80000305175781,88.80000305175781,17371.0,-0.0133332994249132,89.34000091552734,0.0045249040607968,89.03500061035156,-0.005599103951992,88.66166687011719,0.062543893450506,86.9567787806193,0.0030982424302498,54.3859672605105,29704.4,0.5847955185090424,-0.0026393840285594,2114.TW,2026-09-14,0.0042273799017158,-0.0382366166590693,bull,0.2985074626865671,0.2863805970149253,2026-03-31,2026-05-15,388362000.0,156387000.0,125042000.0,138285000.0,27943000.0,,1.41,2447186000.0,377709000.0,3872503000.0,589495000.0,3283008000.0,582780000.0,,180833000.0,,0.2020681925009943,99774989.07329066,3494794000.0,0.0285496052337535,,,0.1795594162426652,0.4026835787229441,0.3219727985745258,,0.094344301329178,,,81.28822218178964,81.28822218178964,False,61.5363359279304,61.5363359279304,66.47430749139521,80.0,True,False,True,True,False,True,True,True,True,True,True,True,False,True,True,False,False,11,False,0.0015602704813035,0.0211970164601971,1.0,2637750.810650635,0.7882462686567164,1.0,2.0,,,,,,0.1236806436753534,0.1125277592873629,0.2550351524219529,-0.7915345128466538,0.8857142857142858,-0.7915345128466538,0.8985267125678685,-80.0,0.9166666666666666,0.5714285714285714,0.9761904761904762,0.925595238095238,0.825,鑫永銓
30.0,30.450000762939453,29.850000381469727,30.39999961853028,2643284.0,-0.01298700092333,30.31000022888184,0.0781389833466479,29.723318004608156,0.1014492463174179,28.501029205322265,0.1034482925733035,27.96301466623942,0.0179013607401186,63.076918111043575,4484462.5,0.5894316208464225,0.022766018713564,2201.TW,2026-09-14,0.0042273799017158,-0.0382366166590693,bull,0.105410447761194,0.1044776119402985,2026-03-31,2026-05-15,16975232000.0,5600166000.0,1529772000.0,1410701000.0,356383000.0,363664000.0,0.35,258394518000.0,257093889000.0,369722615000.0,273701167000.0,96021448000.0,11770568000.0,38309974000.0,7312596000.0,1700000000.0,0.2526283032336406,1143308295.3056672,112628726000.0,0.0101511251694853,0.0037873205161413,0.0009836130797679,2.850416992253648,0.3299021774783402,0.0901178846922386,0.0214232123602198,-0.0348376488341026,,,22.837441404461494,22.837441404461494,False,78.81522770473865,78.81522770473865,64.82078112966936,810.0,True,True,True,True,True,True,True,True,True,True,True,True,False,True,False,False,False,13,False,0.0666281347079704,0.087150294107348,1.0,136327658.28931335,0.2854477611940298,1.0,3.0,,,,,,0.0311874281313503,-0.0176528092003242,0.2671803483723946,-1.0253374194038294,0.6976190476190476,-1.0253374194038294,0.7076040420991159,-810.0,0.2619047619047619,0.5238095238095238,0.7976190476190477,0.3422619047619047,0.4476190476190476,裕隆
527.0,539.0,525.0,538.0,197021.0,-0.0018552875695733,532.2,0.0446601941747573,523.15,0.1185031185031184,504.5916666666666,0.160119955243488,485.3275385538737,0.0089681774349083,63.38028169014085,224575.35,0.8773046552081517,0.0283857402274683,2207.TW,2026-09-14,0.0042273799017158,-0.0382366166590693,bull,0.1613805970149253,0.0932835820895522,2026-03-31,2026-05-15,71331231000.0,,,,1278339000.0,4429572000.0,7.95,371776395000.0,39724833000.0,525151865000.0,369092964000.0,116334068000.0,33821612000.0,111314642000.0,1403494000.0,,,,485427032000.0,,0.0380763096842792,0.0084348400819256,3.1726988520679944,,,0.0620986339069348,-0.0236719001813244,,,23.69838641660918,23.69838641660918,False,77.54721345611263,77.54721345611263,64.08500669623677,789.0,True,True,True,True,True,True,True,True,True,True,True,True,True,True,False,False,False,14,False,0.0662086505590329,0.1085297191316898,1.0,120821538.3,0.2985074626865671,3.0,3.0,,,,,,0.0188989250207066,-0.0310612010606867,0.25889889319771,-0.7815971508888386,0.6523809523809524,-0.7815971508888386,0.6833857228775841,-789.0,0.2857142857142857,0.5119047619047619,0.7380952380952381,0.3535714285714285,0.444047619047619,和泰車
234.0,257.0,228.5,257.0,13785716.0,0.100642398286938,238.3,0.5117647058823529,220.05,0.1981351981351982,194.15359293619792,1.5073170731707315,178.27929642995198,0.0826568265682657,72.37354085603113,7020580.9,1.9636147202576928,0.1679163826403089,2351.TW,2026-09-14,0.0042273799017158,-0.0382366166590693,bull,0.0046641791044776,0.0550373134328358,2026-03-31,2026-05-15,2805040000.0,536428000.0,271819000.0,291916000.0,59272000.0,221741000.0,1.22,7664285000.0,3511531000.0,13387353000.0,5808485000.0,7578868000.0,1087862000.0,1177901000.0,596426000.0,1147119000.0,0.2030447114923471,216627589.5668617,9875822000.0,0.0219351452027853,0.0292577994497331,0.0165634685213723,0.7664053523560511,0.1912372016085332,0.0969037874682714,0.0790509226249893,0.1104464802119675,,,50.10730286570861,50.10730286570861,False,85.45401912223068,85.45401912223068,76.61734005810017,362.0,True,True,True,True,True,True,True,False,True,True,False,False,True,False,False,False,False,10,False,0.3236942778826372,0.4415583028788667,1.0,1804289291.3,0.0736940298507462,2.0,3.0,,,,,,-0.0327184659739803,-0.1407624202517349,0.3084463570677396,-1.3329892773735978,0.4071428571428571,-1.3329892773735978,0.5074789978827245,-362.0,0.6190476190476191,0.8571428571428571,0.5238095238095238,0.6047619047619048,0.6714285714285715,順德
64.69999694824219,64.9000015258789,63.29999923706055,64.69999694824219,8613259.0,-0.0152207008592069,64.87999877929687,0.0486223038607269,63.40999984741211,0.1467933603467495,59.08348496754965,0.2940469334671272,56.89645544687907,0.0093115742921003,64.18918326790782,11952739.05,0.7206096413524563,0.0203437486821367,2354.TW,2026-09-14,0.0042273799017158,-0.0382366166590693,bull,0.1492537313432835,0.0783582089552238,2026-03-31,2026-05-15,25274831000.0,1224398000.0,373042000.0,939869000.0,285306000.0,663384000.0,0.47,119608118000.0,42954189000.0,150753789000.0,44332160000.0,106421629000.0,18348663000.0,13096824000.0,,,0.3035593258209388,259801621.9771053,107799600000.0,0.0024100425416894,0.0062335448746043,0.0044004466116602,0.4165709585219749,0.0484433704027536,0.0147594260867659,0.0262468223823138,-0.1575198993297046,,,17.738249987351253,17.738249987351253,False,76.71520826165693,76.71520826165693,61.97096869308051,891.0,True,True,True,True,True,True,True,True,True,True,True,True,False,True,False,False,False,13,False,0.0950606076093394,0.1371533857438418,1.0,773342180.0581353,0.126865671641791,1.0,3.0,,,,,,-0.0174351882385828,-0.0524478631170778,0.1660595325014069,-1.7518300365584478,0.2714285714285714,-1.7518300365584478,0.2450783636653201,-891.0,0.1785714285714285,0.3928571428571428,0.1071428571428571,0.1678571428571428,0.2285714285714285,鴻準
94.0,96.3000030517578,92.5,93.3000030517578,29523678.0,-0.0585266953750549,96.7,0.2745902587636417,92.49500007629396,0.0378198161086811,75.60583299001058,1.8349704883228892,68.32848250071207,0.0828260408188508,51.974723443501134,53129912.25,0.5556884389546494,0.008703205306231,2426.TW,2026-09-14,0.0042273799017158,-0.0382366166590693,bull,0.0111940298507462,0.1716417910447761,2026-03-31,2026-05-15,545147000.0,107038000.0,16725000.0,17730000.0,1096000.0,16634000.0,0.06,2649632000.0,798477000.0,4627612000.0,866690000.0,3760922000.0,615916000.0,52733000.0,0.0,,0.0618161308516638,15691125.211505923,3829135000.0,0.0040978250209266,0.004422851630531,0.0035945105164391,0.2304461512363191,0.1963470403395781,0.0306797982929375,0.0305128708403421,-0.0985551006369594,,,23.08242867683808,23.08242867683808,False,71.09840143721078,71.09840143721078,59.094408247117606,801.0,True,False,True,True,True,True,True,True,True,True,True,True,False,True,False,False,False,12,False,0.2340318115942861,0.3654628295130877,1.0,4957020975.064624,0.0401119402985074,1.0,3.0,,,,,,-0.1163918347013395,-0.1945712562263707,0.1460291004944645,-1.723632845067063,0.1142857142857143,-1.723632845067063,0.132357954330004,-801.0,0.2738095238095238,0.238095238095238,0.0833333333333333,0.2452380952380952,0.225,鼎元
59.5,65.5999984741211,59.09999847412109,61.29999923706055,826779.0,-0.0540124020040817,61.12000045776367,0.1879845164686253,58.07500019073486,0.435597146177678,58.13500035603841,1.1029159533193589,44.96375021934509,0.0398388539373561,62.74509699162476,1022300.95,0.8087432570614358,0.055531623516726,2434.TW,2026-09-14,0.0042273799017158,-0.0382366166590693,bull,0.0354477611940298,0.0167910447761194,2026-03-31,2026-05-15,10860000.0,-2848000.0,-16820000.0,-1310000.0,3419000.0,-4729000.0,-0.13,108102000.0,111881000.0,690037000.0,222180000.0,467857000.0,67489000.0,60000000.0,62087000.0,,0.0,-16820000.0,578156000.0,-0.0290924940673451,-0.0101077893458898,-0.0068532556949844,0.4748886946225021,-0.2622467771639042,,-0.435451197053407,0.0598223870401093,,,22.24637294998911,22.24637294998911,False,76.20542968047577,76.20542968047577,62.7156654978541,817.0,True,True,True,True,True,False,True,True,True,True,True,True,True,True,False,False,False,13,False,0.0544422269138833,0.363320428968289,1.0,62667047.45504627,0.3694029850746269,1.0,3.0,,,,,,-0.1192843038082126,-0.2118846019088966,0.0649623276372095,-2.0288729695445444,0.0339285714285714,-2.0288729695445444,0.0372446961534379,-817.0,0.25,0.4404761904761904,0.0238095238095238,0.2160714285714285,0.2619047619047618,統懋
4475.0,4650.0,4435.0,4560.0,6108341.0,-0.042016806722689,4640.0,0.125925925925926,4187.25,0.0212765957446807,3990.04248046875,1.8148148148148149,3545.187906901041,0.0330598902115586,73.2394366197183,7379131.35,0.8277859154790624,0.0890202400143291,2454.TW,2026-09-14,0.0042273799017158,-0.0382366166590693,bull,0.0680970149253731,0.2117537313432835,2026-03-31,2026-05-15,149150510000.0,69055353000.0,22890845000.0,27019390000.0,2643006000.0,24153980000.0,15.17,378185472000.0,309807293000.0,738776057000.0,340329102000.0,398446955000.0,184514674000.0,16440000000.0,120000000.0,,0.0978188626760263,20651688576.4068,428968764000.0,0.0481426395335553,0.0606203151935243,0.0326945896136425,0.8541390459364911,0.4629910618475257,0.1534748020640358,0.1619436634846237,-0.0271454326245333,,,78.23114789730103,78.23114789730103,False,75.08159960318415,75.08159960318415,75.86898667671336,94.0,True,True,True,True,True,True,True,False,True,True,True,True,True,True,True,False,False,13,False,0.1428449752906619,0.286250579588047,1.0,33648838956.0,0.001865671641791,3.0,2.0,,,,,,0.0153779486241123,-0.0232173811464602,0.3202708966374182,1.42141387626411,0.7386904761904762,1.42141387626411,0.6973363455040473,-94.0,0.9047619047619048,0.8214285714285714,0.7619047619047619,0.8833333333333333,0.8511904761904762,聯發科
104.0,107.5,103.0,103.0,1818746.0,0.0248756218905472,102.51999969482422,0.1419069122485956,101.12999954223632,0.8693285454150455,95.06499983469644,0.9397364022561748,73.45791657765706,0.0274828582793349,50.0,1870996.65,0.9720733599389396,0.0184910557325046,2466.TW,2026-09-14,0.0042273799017158,-0.0382366166590693,bull,0.0541044776119402,0.003731343283582,2026-03-31,2026-05-15,158640000.0,11405000.0,-51413000.0,20961000.0,15743000.0,5218000.0,0.03,1081532000.0,970641000.0,4505403000.0,2468383000.0,2037020000.0,165962000.0,307514000.0,701925000.0,,0.4,-30847800.0,3534762000.0,-0.0087269807698509,0.0025615850605295,0.001158164985463,1.211761789280419,0.0718923348461926,-0.3240859808371155,0.0328920827029752,-0.2206720377284339,,,10.470510874095902,10.470510874095902,False,74.8245034005943,74.8245034005943,58.7360052689697,1026.0,True,False,True,True,True,True,True,True,True,True,True,True,True,True,False,False,False,13,False,0.0834692071645852,0.4021633718826223,1.0,192712654.95,0.2416044776119403,2.0,3.0,,,,,,0.037483427775162,-0.1010195875287818,0.3189328356095566,-1.4225522131763433,0.6041666666666666,-1.4225522131763433,0.5796753574371919,-1026.0,0.0714285714285714,0.2142857142857142,0.6309523809523809,0.1553571428571428,0.2261904761904761,冠西電
203.5,206.0,203.0,205.5,1528309.0,-0.0143884892086331,204.9,0.0073529411764705,206.35,-0.0024271844660194,197.56536661783852,0.090185676392573,201.1701833089193,0.0004848484848484,51.66666666666666,2543097.75,0.6009635296165867,-0.0041192149260964,2474.TW,2026-09-14,0.0042273799017158,-0.0382366166590693,bull,0.2789179104477612,0.2761194029850746,2026-03-31,2026-05-15,3773945000.0,1086984000.0,243428000.0,1851491000.0,315957000.0,1484484000.0,2.63,111490974000.0,75734641000.0,225538335000.0,82981411000.0,142556924000.0,16182860000.0,66414098000.0,,,0.1706500328654041,201887003.7996404,149803694000.0,0.0013476770726337,0.0104132718239627,0.0065819586723472,0.5820931644119931,0.2880232753789469,0.0645022648713746,0.3933507245071139,-0.1324838723321306,,,29.474595147303784,29.474595147303784,False,59.7294776119403,59.7294776119403,52.165756995781166,688.0,True,False,True,True,False,True,True,True,True,True,True,True,False,True,False,False,False,11,False,0.0401620664491759,0.0215231532817754,1.0,522606587.625,0.1557835820895522,2.0,3.0,,,,,,0.024195857774459,-0.0174593254808771,0.1572107969295164,-1.3204572687262064,0.5071428571428571,-1.3204572687262064,0.3547081845185907,-688.0,0.3333333333333333,0.0476190476190476,0.2023809523809523,0.3136904761904762,0.2214285714285714,可成
8.390000343322754,8.430000305175781,8.380000114440918,8.399999618530273,379639.0,-0.0140846047870866,8.449999809265137,0.0132689574407016,8.364500045776367,0.0357583198680238,8.337989362080892,0.0370369411027253,8.14974467754364,0.0046240661636006,55.55549668687039,631763.15,0.6009198225632502,0.0042440758634261,2511.TW,2026-09-14,0.0042273799017158,-0.0382366166590693,bull,0.251865671641791,0.1772388059701492,2026-03-31,2026-05-15,2153305000.0,656416000.0,141991000.0,111197000.0,17527000.0,101951000.0,0.06,21371055000.0,5666639000.0,47461368000.0,21286102000.0,26175266000.0,7872086000.0,536900000.0,4267000000.0,4500000000.0,0.1576211588442134,119610214.0345513,41794729000.0,0.0028618492545926,0.0038949365404729,0.0021480838900387,0.8132143528168921,0.3048411627707175,0.0659409605234743,0.0473462886121566,0.2676633850236747,,,39.44861186578996,39.44861186578996,False,67.31728456441182,67.31728456441182,60.35011638975636,518.0,True,False,True,True,True,True,True,True,True,True,True,True,False,True,False,False,False,12,False,0.0074370755054435,0.030707089717326,1.0,5306810.219001484,0.6819029850746269,0.0,3.0,,,,,,0.035600061465044,0.0299941082406189,0.1868224003269408,-1.1692859971502851,0.6821428571428572,-1.1692859971502851,0.5877254064320638,-518.0,0.5238095238095238,0.2976190476190476,0.6547619047619048,0.543452380952381,0.4821428571428572,太子
14.5,14.649999618530272,14.449999809265137,14.600000381469728,79223.0,0.0354609919484187,14.500000190734866,0.0465950237341854,14.235000085830688,0.0855019024916567,14.033333349227906,0.0245614302785774,13.61000003019969,0.0086802506808195,57.89473948386159,129815.85,0.6102721663032673,0.0256410462548823,2516.TW,2026-09-14,0.0042273799017158,-0.0382366166590693,bull,0.1548507462686567,0.1222014925373134,2026-03-31,2026-05-15,1624343000.0,91613000.0,49137000.0,56516000.0,0.0,56516000.0,0.25,5501612000.0,4873771000.0,7116682000.0,5000833000.0,2115849000.0,1859804000.0,596780000.0,,,0.0,49137000.0,2242911000.0,0.0219076904968587,0.0267107907983981,0.0079413412036676,2.363511290266933,0.0564000337367169,0.0302503843092253,0.0347931440588594,-0.2679604746075582,,,20.556737993044667,20.556737993044667,False,75.985904690705,75.985904690705,62.12861301628991,844.0,True,True,True,True,True,True,True,True,True,True,True,True,False,True,False,False,False,13,False,0.0403800735106887,0.0727406575366123,1.0,1895311.459520817,0.8311567164179104,0.0,3.0,,,,,,0.1325502867436139,0.068380747461919,0.3580129550519993,-0.2375898024323122,0.9779761904761906,-0.2375898024323122,0.9727514982771048,-844.0,0.2142857142857142,0.4047619047619047,1.0,0.3321428571428571,0.4285714285714286,新建
36.04999923706055,36.59999847412109,36.04999923706055,36.59999847412109,985673.0,0.0,36.7,0.0194985214064009,36.35249996185303,0.0764705433565025,35.15501384735107,0.1619047134641615,33.2729236125946,0.010774363976394,61.320719408304754,1467912.4,0.6714794425062423,0.0068082941345926,2520.TW,2026-09-14,0.0042273799017158,-0.0382366166590693,bull,0.2248134328358209,0.1315298507462686,2026-03-31,2026-05-15,4862541000.0,1141758000.0,658447000.0,599530000.0,162065000.0,308665000.0,0.52,53619294000.0,30715620000.0,65803063000.0,37306228000.0,28496835000.0,17736193000.0,16539209000.0,220000000.0,3700000000.0,0.2703200840658515,480455551.60709226,35087443000.0,0.0136930910470475,0.0108315537497409,0.0046907390921908,1.3091358391203796,0.2348068633251627,0.1354121230031787,0.063478127999332,0.0287244960456058,,,37.26396887406752,37.26396887406752,False,75.17835369270165,75.17835369270165,65.69975748804312,567.0,True,True,True,True,True,True,True,True,True,True,True,True,False,True,False,False,False,13,False,0.0411032301976719,0.0999934631613528,1.0,53725591.60014342,0.3805970149253731,1.0,3.0,,,,,,0.0292693628256228,0.0141427121369656,0.2090354708226306,-1.331857461854777,0.6625,-1.331857461854777,0.665344015590321,-567.0,0.4761904761904761,0.5357142857142857,0.7261904761904762,0.5136904761904761,0.544047619047619,冠德
19.350000381469727,21.25,19.350000381469727,20.600000381469727,1944111.0,0.0674676050867215,19.61703491210937,0.0456852580545781,19.394104480743408,0.0842105463931435,19.49136813481649,-0.1776446703043093,20.40235075950623,0.0021578122136164,62.03061403566744,1303808.85,1.4911012454011183,0.0621784781000671,2530.TW,2026-09-14,0.0042273799017158,-0.0382366166590693,bull,0.1576492537313432,0.125,2026-03-31,2026-05-15,186713000.0,36736000.0,-3896000.0,-30631000.0,2142000.0,-31083000.0,-0.04,30553317000.0,19001210000.0,30802703000.0,20530688000.0,10272015000.0,3146483000.0,7533980000.0,328411000.0,1187622000.0,0.0,-3896000.0,11801493000.0,-0.0003301277219755,-0.0030259885718624,-0.001009099753356,1.9987011311802017,0.1967511635504758,-0.0208662492702704,-0.1664747500174064,0.155588151559038,,,18.3750529664617,18.3750529664617,False,75.27444590177747,75.27444590177747,61.049597667948525,882.0,True,True,True,True,True,False,True,True,True,True,True,True,True,True,False,False,False,13,False,0.0568781133774258,0.0096875906258695,1.0,26858462.807363607,0.4692164179104477,0.0,3.0,,,,,,-0.033949133812785,-0.0893431749602063,0.1546721345325697,-1.7018708498515984,0.1970238095238095,-1.7018708498515984,0.2745202814784945,-882.0,0.1904761904761904,0.3452380952380952,0.1428571428571428,0.1833333333333333,0.2273809523809523,華建
33.70000076293945,33.849998474121094,32.599998474121094,33.04999923706055,1923213.0,0.0045592007363177,33.18000030517578,0.1357387905089546,31.83250026702881,0.0998336131835941,29.98345845540365,0.0783034143034469,29.85339584350586,0.0341942836272324,58.3333178802912,2950946.45,0.6517275160991145,0.0382470418540383,2617.TW,2026-09-14,0.0042273799017158,-0.0382366166590693,bull,0.0569029850746268,0.1063432835820895,2026-03-31,2026-05-15,1083585000.0,454984000.0,420156000.0,372514000.0,74470000.0,298044000.0,0.71,3272834000.0,1957091000.0,26562212000.0,8269177000.0,18293035000.0,921024000.0,1017237000.0,5281631000.0,,0.1999119496180009,336161794.8962992,24605121000.0,0.013662269529026,0.0162927584187096,0.0112206016577233,0.452039642410349,0.4198876876294891,0.3877462312601226,0.2750536413848475,0.0574449605745959,,,59.57860740402141,59.57860740402141,False,80.85860171303571,80.85860171303571,75.53860313578214,268.0,True,True,True,True,True,True,True,True,True,True,True,True,False,True,False,False,False,13,False,0.1022744186171173,0.1070767094742441,1.0,97528777.92110652,0.3208955223880597,1.0,3.0,,,,,,-0.0064337574857893,-0.046838124770389,0.1869913494557861,-1.745032145292314,0.3619047619047619,-1.745032145292314,0.3690884253772452,-268.0,0.7380952380952381,0.8095238095238095,0.2261904761904762,0.6613095238095238,0.6571428571428573,台航
12.550000190734863,12.75,12.5,12.75,30433.0,0.0039370229516371,12.70999984741211,0.0450819835519318,12.614999914169312,-0.0116278777492988,12.70583330790202,0.0897436075087263,13.312499984105427,0.0071856295586441,66.666613684878,34122.6,0.8918722488907646,0.010701552655506,2702.TW,2026-09-14,0.0042273799017158,-0.0382366166590693,bull,0.1595149253731343,0.3069029850746269,2026-03-31,2026-05-15,363520000.0,324846000.0,34781000.0,32652000.0,2515000.0,30137000.0,0.19,2553620000.0,1865074000.0,6828595000.0,3530413000.0,3298182000.0,1603621000.0,310000000.0,1389843000.0,,0.0770243782922945,32102015.098615702,4963521000.0,0.0064675892574274,0.0091374581511875,0.0044133529664594,1.070411820815225,0.8936124559859155,0.0956783670774647,0.0829032790492957,0.0209343211651773,,,40.8636169718094,40.8636169718094,False,57.13753623892358,57.13753623892358,53.06905642214503,493.0,True,False,True,True,True,False,True,True,True,True,True,True,True,True,False,False,False,12,False,0.0034760956662727,-0.042253519983251,0.0,435063.15,0.9617537313432836,0.0,3.0,,,,,,0.0703829394444464,0.0402777898337747,0.2328411567529644,-0.946862306098898,0.819047619047619,-0.946862306098898,0.7332726328725258,-493.0,0.5714285714285714,0.0714285714285714,0.8214285714285714,0.6089285714285714,0.4714285714285714,華園
17.299999237060547,17.450000762939453,17.200000762939453,17.399999618530273,3219552.0,0.0326409035376278,17.15999984741211,0.0707692072941705,16.727499961853027,0.0326409035376278,16.666751098632812,0.0942911205998502,16.41504681110382,0.0137878706164048,74.41861290362645,2687169.9,1.1981199997811824,0.0402032376751384,2820.TW,2026-09-14,0.0042273799017158,-0.0382366166590693,bull,0.1100746268656716,0.1847014925373134,2026-03-31,2026-05-15,,,,,160963000.0,,,,,264308740000.0,236433646000.0,27875094000.0,326912000.0,,,,,,264308740000.0,,,,8.48189591755278,,,,,,,0.0,0.0,False,72.08149368503507,72.08149368503507,54.0611202637763,1069.0,True,False,True,True,True,True,True,False,True,True,True,True,True,True,False,False,False,12,False,0.0439946883203656,0.060003045910304,1.0,46756755.23492603,0.3973880597014925,0.0,3.0,,,,,,0.056952227810023,-0.0422071105656698,0.1842970668927195,-0.7478107637719046,0.6529761904761905,-0.7478107637719046,0.7058552824916445,-1069.0,0.0357142857142857,0.0833333333333333,0.7738095238095238,0.1464285714285714,0.1976190476190476,華票
12.25,12.399999618530272,12.149999618530272,12.300000190734863,2750782.0,0.0081967527076338,12.280000114440918,0.0165289093355254,12.120000076293945,0.0,12.189121723175049,0.0165289093355254,12.102477542559306,0.0076907103415854,62.49999006590675,1404192.3,1.9589781257168264,0.0148514944973465,2836.TW,2026-09-14,0.0042273799017158,-0.0382366166590693,bull,0.2350746268656716,0.269589552238806,2026-03-31,2026-05-15,,,,,96508000.0,,,,,352880627000.0,325850614000.0,27030013000.0,2536364000.0,,,,,,352880627000.0,,,,12.05514085398331,,,,,,,0.0,0.0,False,62.78750691974642,62.78750691974642,47.090630189809815,1070.0,True,False,True,True,True,False,True,True,True,True,True,True,True,True,False,False,False,12,False,0.0090965099929227,0.0163208440156945,1.0,17271565.557828426,0.5326492537313433,0.0,3.0,,,,,,0.0751736229127045,-0.0132357449621392,0.2202360597372482,-0.6116746487396527,0.7666666666666666,-0.6116746487396527,0.734375928246067,-1070.0,0.0238095238095238,0.0119047619047619,0.8333333333333334,0.1452380952380952,0.1821428571428571,高雄銀
13.600000381469728,13.850000381469728,13.5,13.75,13115910.0,0.0,13.629999923706055,0.0110293834060952,13.313656091690063,0.070038878740277,13.268718719482422,0.1178861615268402,12.836442708969116,0.0073773298136749,76.86871490130625,16391540.3,0.8001633623168409,0.0327741610046761,2845.TW,2026-09-14,0.0042273799017158,-0.0382366166590693,bull,0.2611940298507462,0.1361940298507462,2026-03-31,2026-05-15,,,,,143704000.0,1221472000.0,,,,891493396000.0,820291532000.0,71201864000.0,7041472000.0,,,,,,891493396000.0,,0.0171550565024533,0.0013701413891348,11.520646875199784,,,,,,,8.670319530616531,8.670319530616531,False,66.49050844193196,66.49050844193196,52.0354612141031,1046.0,True,False,True,True,True,True,True,False,True,True,True,True,True,True,False,False,False,12,False,0.0362718730189761,0.0711690389419617,1.0,225383679.125,0.2266791044776119,0.0,3.0,,,,,,0.0421333916054052,-0.0735989024100322,0.1797824644048783,-0.994765013962258,0.5565476190476191,-0.994765013962258,0.5279062764238927,-1046.0,0.0595238095238095,0.0357142857142857,0.5833333333333334,0.1380952380952381,0.1571428571428571,遠東銀
15.649999618530272,16.200000762939453,15.350000381469728,16.0,363214.0,0.0191082926356356,15.9,0.0996563429730033,14.849999952316283,0.1111111405455045,14.68829010327657,0.2307692307692308,14.197478381792704,0.0253754545670625,72.72727047538558,228308.1,1.590894059387293,0.0774410809007672,2849.TW,2026-09-14,0.0042273799017158,-0.0382366166590693,bull,0.0876865671641791,0.1016791044776119,2026-03-31,2026-05-15,,,,,36199000.0,,,,,398942212000.0,362433426000.0,36508786000.0,2706824000.0,,,,,,398942212000.0,,,,9.92729328222527,,,,,,,0.0,0.0,False,81.20496594309238,81.20496594309238,60.903724457319285,1071.0,True,True,True,True,True,True,True,False,True,True,True,True,True,True,False,False,False,13,False,0.089303103867129,0.1269606876471041,1.0,3652929.6,0.7444029850746269,0.0,3.0,,,,,,0.0716207781685945,-0.0141637391152386,0.2925508652616378,-0.1754224262772452,0.8398809523809524,-0.1754224262772452,0.8470232956520171,-1071.0,0.0119047619047619,0.3333333333333333,0.9523809523809524,0.1529761904761904,0.2964285714285714,安泰銀
47.09999847412109,47.59999847412109,46.400001525878906,47.5,4266390.0,0.0567296817303499,46.290000915527344,0.2195121712345584,45.13750019073486,0.2847324323582569,39.3045773824056,0.6526999866343535,35.301390647888184,0.050381061159253,66.66665536386759,4916261.3,0.8678118878669041,0.0523400675554042,2851.TW,2026-09-14,0.0042273799017158,-0.0382366166590693,bull,0.0261194029850746,0.0326492537313432,2026-03-31,2026-05-15,,,2142185000.0,2164691000.0,325242000.0,,,,,59204658000.0,35668047000.0,23536611000.0,16387176000.0,,,,0.1502486960032633,1820324497.152249,59204658000.0,0.0307463054199595,,,1.5154283256837613,,,,,,,65.92494981784269,65.92494981784269,False,81.4655751258172,81.4655751258172,77.58041879882357,199.0,True,True,True,True,True,True,True,True,True,True,True,True,True,True,True,False,False,14,False,0.2085106408309334,0.3455560568076818,1.0,233522411.75,0.2238805970149253,1.0,3.0,,,,,,-0.01133790729987,-0.0469545821603153,0.2110258377585097,-1.5710251580820125,0.4095238095238095,-1.5710251580820125,0.4874550170802045,-199.0,0.7976190476190477,0.8928571428571429,0.5,0.7529761904761905,0.7666666666666667,中再保
146.5,154.5,146.0,154.0,18470310.0,0.0301003344481605,149.4,0.2270916334661354,142.2,0.1496429316319414,131.67075258890787,0.8280775916611407,114.2331356048584,0.0396636812282945,71.9298245614035,20418467.4,0.9045884609341444,0.0829817158931083,2881.TW,2026-09-14,0.0042273799017158,-0.0382366166590693,bull,0.0195895522388059,0.0755597014925373,2026-03-31,2026-05-15,66193246000.0,,,38624861000.0,5062760000.0,33551455000.0,,,,13120104726000.0,12085399702000.0,1034705024000.0,358727505000.0,,,,0.131075164257549,,13120104726000.0,,0.0324261062058977,0.0025572551211051,11.68004351160858,,,0.5068712750542556,-0.3925800152621125,,,12.264204123597382,12.264204123597382,False,79.43846388661476,79.43846388661476,62.64489894586041,1000.0,True,True,True,True,True,True,True,True,True,True,True,True,True,True,False,False,False,14,False,0.1695839582599392,0.348120220849915,1.0,3144443979.6,0.0541044776119402,2.0,3.0,,,,,,-0.0563641066345185,-0.1930644376105982,0.27801442272545,-0.9516581671342624,0.3946428571428572,-0.9516581671342624,0.4307500125823107,-1000.0,0.0833333333333333,0.4285714285714285,0.4166666666666667,0.1333333333333333,0.2535714285714285,富邦金
109.0,114.0,108.5,112.5,18664727.0,-0.0174672489082969,111.5,0.1467890086632126,106.90499992370606,0.0311314915722329,101.10655161539714,0.6457324695886706,90.34143575032552,0.0284271314672426,70.2127659574468,21953264.6,0.8502027985395848,0.0523361870846721,2882.TW,2026-09-14,0.0042273799017158,-0.0382366166590693,bull,0.0503731343283582,0.189365671641791,2026-03-31,2026-05-15,72538053000.0,,,38391738000.0,6735806000.0,31593811000.0,,,,14450034484000.0,13633007653000.0,817026831000.0,293505959000.0,,,,0.1754493636104726,,14450034484000.0,,0.0386692453677815,0.0021864176888285,16.686119887046893,,,0.4355480977687669,-0.3173702053156907,,,13.906153918122188,13.906153918122188,False,73.11601310282717,73.11601310282717,58.31354830665092,977.0,True,False,True,True,True,True,True,True,True,True,True,True,True,True,False,False,False,13,False,0.1126875380731291,0.2452757592973569,1.0,2469742267.5,0.0625,2.0,3.0,,,,,,-0.0392574018736681,-0.1454351779186281,0.2783511975080058,-0.9755424618115844,0.4119047619047619,-0.9755424618115844,0.5093062326288927,-977.0,0.1071428571428571,0.2023809523809523,0.5476190476190477,0.1732142857142857,0.2238095238095238,國泰金
51.400001525878906,52.5,51.09999847412109,52.5,22496845.0,0.0458167171734096,51.0,0.1266094789499925,48.66500015258789,0.1731843575418994,47.955662282307934,0.3513514044272487,44.204914506276445,0.0216497333535492,76.44232321068588,29099939.5,0.7730890643260616,0.0788040652499242,2886.TW,2026-09-14,0.0042273799017158,-0.0382366166590693,bull,0.0671641791044776,0.0652985074626865,2026-03-31,2026-05-15,20768442000.0,,,11219594000.0,1822242000.0,9397352000.0,,,,5003279677000.0,4601326283000.0,401953394000.0,108936088000.0,,,,0.1624160375143699,,5003279677000.0,,0.0233792079884763,0.0018782383969458,11.447412440557724,,,0.4524822805677961,0.1010590363542149,,,21.43739093265881,21.43739093265881,False,77.91961737779218,77.91961737779218,63.79906076650884,828.0,True,True,True,True,True,True,True,False,True,True,True,True,False,True,False,False,False,12,False,0.0947612336357741,0.1876507530072426,1.0,1527746823.75,0.083955223880597,1.0,3.0,,,,,,-0.0879514956516697,-0.2090618779065705,0.1590996982430562,-1.9048585558597868,0.1023809523809523,-1.9048585558597868,0.1140774829035698,-828.0,0.238095238095238,0.5,0.0476190476190476,0.2095238095238095,0.2785714285714286,兆豐金
18.350000381469727,18.5,18.100000381469727,18.5,933557.0,0.0335195750981245,18.32999992370605,0.0399786928985335,17.664698696136476,0.2211221429584906,16.42054672241211,0.316725960772559,15.265690000851947,0.0224614659828014,73.72711980202733,1421942.4,0.6565364391694066,0.0472864733348787,2905.TW,2026-09-14,0.0042273799017158,-0.0382366166590693,bull,0.1744402985074626,0.0475746268656716,2026-03-31,2026-05-15,29552820000.0,,,,-68929000.0,32878000.0,0.03,133124099000.0,1468399841000.0,1617410517000.0,62246052000.0,86764624000.0,72610211000.0,2757000000.0,7269508000.0,,,,149010676000.0,,0.0003789332389661,2.032755423217024e-05,0.717412801788895,,,0.0011125165043471,-0.4161502905041906,,,21.27042291580655,21.27042291580655,False,72.51796481770756,72.51796481770756,59.70607934223232,834.0,True,False,True,True,True,True,True,False,True,True,True,True,False,True,False,False,False,11,False,0.1266372741870818,0.2118679207404021,1.0,26305934.4,0.4738805970149253,0.0,3.0,,,,,,0.0048765993402535,-0.0343967474783685,0.1882978696945439,-1.6303894751393593,0.4404761904761904,-1.6303894751393593,0.4105873612240072,-834.0,0.2261904761904762,0.2857142857142857,0.3452380952380952,0.244047619047619,0.2678571428571428,三商
21.89999961853028,22.0,21.75,22.0,230212.0,-0.0112359550561798,22.13000030517578,0.0045662275439084,22.000000190734863,0.0526315981601472,21.78000008265177,0.1345510401289262,21.01540582974752,0.0030776297369707,50.0,233154.7,0.9873787661153732,-8.66976646030082e-09,2908.TW,2026-09-14,0.0042273799017158,-0.0382366166590693,bull,0.2975746268656716,0.1567164179104477,2026-03-31,2026-05-15,9402236000.0,2780908000.0,276866000.0,231204000.0,54293000.0,160854000.0,0.32,20114529000.0,15304252000.0,40538813000.0,31810333000.0,8728480000.0,2421634000.0,4169050000.0,9539478000.0,,0.2348272521236656,211850318.0135292,25234561000.0,0.0083952448395487,0.0184286382050483,0.0039679010828462,3.6444298434549887,0.2957709208745664,0.0294468252020051,0.0171080581257479,0.0988141239298459,,,24.019508975015057,24.019508975015057,False,62.15485074626866,62.15485074626866,52.62101530345525,782.0,True,False,True,True,False,True,True,True,True,True,True,True,True,True,False,False,False,12,False,0.010101006267831,0.0468510662239403,1.0,5129403.4,0.6856343283582089,0.0,3.0,,,,,,0.0634432694108529,0.044620601066159,0.2307851612086509,-0.2745554796516722,0.8482142857142857,-0.2745554796516722,0.8560610667384067,-782.0,0.2976190476190476,0.0595238095238095,0.9642857142857144,0.3976190476190476,0.3595238095238095,特力
6395.0,6420.0,5995.0,5995.0,2650559.0,-0.0998498498498499,6549.0,0.1824457593688362,6516.75,0.1562198649951784,5020.183874511718,1.6763392857142856,4068.6752705891927,0.0790296468446566,52.60170293282876,2437913.0,1.0872246056360502,-0.0800629147964859,3008.TW,2026-09-14,0.0042273799017158,-0.0382366166590693,bull,0.0373134328358208,0.0736940298507462,2026-03-31,2026-05-15,15544079000.0,7679569000.0,5812218000.0,7287959000.0,1112047000.0,6123204000.0,46.63,159095122000.0,39536493000.0,226385533000.0,39762818000.0,186622715000.0,119023098000.0,146000.0,,,0.1525868902390916,4925349729.988327,186849040000.0,0.026360048357692,0.0328106040039123,0.0270476824152893,0.213065263786351,0.4940510788706104,0.3739184547376528,0.3939251724080918,0.0661796222311039,,,76.94531754874203,76.94531754874203,False,73.43367679654465,73.43367679654465,74.31158698459399,99.0,True,False,True,True,False,True,True,True,True,True,True,True,True,True,True,False,False,12,False,0.1941793667035942,0.4734525616569671,1.0,14615288435.0,0.0102611940298507,3.0,2.0,,,,,,-0.0120888812684287,-0.1044404838838418,0.2343981999735161,-0.4175492312852484,0.475595238095238,-0.4175492312852484,0.404671794971645,-99.0,0.8928571428571429,0.7738095238095238,0.3214285714285714,0.8071428571428572,0.7428571428571429,大立光
3255.0,3360.0,3210.0,3310.0,2213891.0,-0.0321637426900585,3361.0,0.0570273133894316,3243.105078125,0.3677685950413223,2747.0971883138022,0.7017994858611825,2613.3819274902344,0.0259397131676339,62.16216216216216,3264947.05,0.6780786843082187,0.0206268129658244,3017.TW,2026-09-14,0.0042273799017158,-0.0382366166590693,bull,0.1324626865671641,0.023320895522388,2026-03-31,2026-05-15,49037946000.0,14597401000.0,12019030000.0,11979060000.0,3304089000.0,7915619000.0,20.17,135871669000.0,112699102000.0,175993383000.0,124678400000.0,51314983000.0,67880246000.0,16445795000.0,7190026000.0,,0.2758220594938167,8703916392.282032,63294281000.0,0.1375150527783392,0.1542555124689411,0.0449767989288551,2.4296685433959904,0.2976756204266794,0.2450965217833552,0.161418241294201,1.1016606943545204,,,82.5145908535667,82.5145908535667,False,80.87070680411946,80.87070680411946,81.28167781648128,69.0,True,True,True,True,True,True,True,True,True,True,True,True,False,True,True,False,False,13,False,0.2049082260652428,0.2665580813818375,1.0,10806974735.5,0.0139925373134328,3.0,2.0,,,,,,0.1224818937668912,0.0201343506429951,0.3514128606197232,0.0994748391766464,0.9446428571428572,0.0994748391766464,0.9115630315164476,-69.0,0.9285714285714286,0.9404761904761904,0.988095238095238,0.9375,0.944047619047619,奇鋐
14.399999618530272,14.850000381469728,14.300000190734863,14.699999809265137,1227843.0,0.02797200092273,14.279999923706054,0.0575539721359685,14.31749997138977,0.175999984741211,13.255216217041015,0.4411764788380132,13.20985809167226,0.0143464406719105,52.94117482063202,1419581.2,0.8649332634159991,0.0267155466135642,3024.TW,2026-09-14,0.0042273799017158,-0.0382366166590693,bull,0.1305970149253731,0.0634328358208955,2026-03-31,2026-05-15,257621000.0,66335000.0,3797000.0,8577000.0,2582000.0,5995000.0,0.02,2489569000.0,1763960000.0,4904392000.0,1870820000.0,3033572000.0,719789000.0,360000000.0,0.0,,0.3010376588550775,2653960.0093272706,3140432000.0,0.0008450939263538,0.0019762181349247,0.00122237374174,0.6167053229657974,0.2574906548767375,0.0147387053074089,0.0232706184666622,-0.5896336791534654,,,20.275012830277888,20.275012830277888,False,72.76831400854901,72.76831400854901,59.64498871398124,851.0,True,False,True,True,True,True,True,True,True,True,True,True,True,True,False,False,False,13,False,0.1089973613834149,0.1128052782438508,1.0,20867843.36923637,0.503731343283582,0.0,3.0,,,,,,0.051256171592849,-0.0148151446088763,0.2710896439903986,-1.4028450108970016,0.7101190476190475,-1.4028450108970016,0.6850346789166666,-851.0,0.2023809523809523,0.2738095238095238,0.75,0.2845238095238095,0.3333333333333333,憶聲
40.45000076293945,44.5,40.34999847412109,44.0,7757592.0,-0.0178571261313493,41.77000045776367,0.1827956746666268,40.14750003814697,0.0526315981601477,38.70000012715658,0.934038206621666,34.03112195332845,0.0265933684237361,64.01985384125788,5727752.95,1.3543866273073109,0.0959586514276729,3094.TW,2026-09-14,0.0042273799017158,-0.0382366166590693,bull,0.0363805970149253,0.1557835820895522,2026-03-31,2026-05-15,47206000.0,35395000.0,2347000.0,7478000.0,1717000.0,5761000.0,0.07,792305000.0,52199000.0,1133462000.0,121752000.0,1011710000.0,710423000.0,,,,0.229606846750468,1808112.730676652,1081263000.0,0.0016722228825703,0.005694319518439,0.0050826582629148,0.1203427859762184,0.7497987543956277,0.0497182561538787,0.1220395712409439,-0.0850131803380369,,,35.49964257677029,35.49964257677029,False,87.60837556022724,87.60837556022724,74.581192314363,592.0,True,True,True,True,True,True,True,True,True,True,True,True,True,True,False,False,False,14,False,0.1369509006570857,0.292934157749581,1.0,252021129.8,0.2136194029850746,1.0,3.0,,,,,,-0.0159377052891111,-0.0995649581591608,0.1882230702624842,-1.659871865836314,0.3011904761904762,-1.659871865836314,0.2832979972408543,-592.0,0.4404761904761904,0.7857142857142857,0.1547619047619047,0.3976190476190476,0.4869047619047619,聯傑
810.0,832.0,781.0,810.0,3952440.0,-0.0826727066817667,864.8,0.1571428571428572,781.9,0.0062111801242235,739.1534271240234,1.555205047318612,728.4517135620117,0.0659850034083162,62.78195488721804,5543968.2,0.7129261672171929,0.035938099501215,3167.TW,2026-09-14,0.0042273799017158,-0.0382366166590693,bull,0.0457089552238806,0.2481343283582089,2026-03-31,2026-05-15,1946206000.0,824053000.0,409380000.0,425365000.0,143361000.0,282004000.0,3.19,7943560000.0,5595217000.0,10404607000.0,6825735000.0,3578872000.0,1402836000.0,918708000.0,407412000.0,308759000.0,0.337030550233329,271406433.3454797,4809390000.0,0.0564326106523862,0.078796894664017,0.0271037627850816,1.907230825802096,0.4234150958326097,0.2103477226973917,0.144899358033014,1.3065981160430264,,,88.81703425043213,88.81703425043213,False,78.4402648847429,78.4402648847429,81.03445722616522,40.0,True,True,True,True,True,True,True,True,True,True,True,True,False,True,True,False,False,13,False,0.0958482640764231,0.1119474152092117,1.0,4490614242.0,0.044776119402985,3.0,2.0,,,,,,-0.040837563586215,-0.2074240163444997,0.2280492646706658,-0.959564727435234,0.3452380952380952,-0.959564727435234,0.3556614515698625,-40.0,0.9761904761904762,0.9285714285714286,0.2142857142857142,0.8619047619047618,0.8095238095238094,大量
1015.0,1020.0,954.0,954.0,4833372.0,-0.033434650455927,1040.8,0.4112426035502958,889.9,0.2325581395348837,684.8583333333333,1.1526687215970557,615.6907742818197,0.1387076135636596,65.90361445783131,5917262.8,0.816825644451688,0.0720305652320485,3406.TW,2026-09-14,0.0042273799017158,-0.0382366166590693,bull,0.0065298507462686,0.0419776119402985,2026-03-31,2026-05-15,6140741000.0,2060873000.0,1200606000.0,1239328000.0,347909000.0,890873000.0,7.9,22697154000.0,9791281000.0,44791309000.0,18698861000.0,26092448000.0,12605348000.0,216960000.0,2871110000.0,,0.2807239084407033,863567191.1826409,35000028000.0,0.0246733285808411,0.0341429443492615,0.019889416493722,0.7166388144186394,0.3356065660479737,0.1955148409613758,0.1450758141403456,0.1539913322030344,,,69.07874706062229,69.07874706062229,False,84.30875077307374,84.30875077307374,80.50124984496088,171.0,True,True,True,True,True,True,True,True,True,True,True,False,True,True,True,False,False,13,False,0.3929888176386844,0.549479121419036,1.0,5645068711.2,0.0335820895522388,3.0,3.0,,,,,,0.0275384548303525,-0.0645740229982334,0.3374322039297673,-0.0402192681392291,0.7261904761904762,-0.0402192681392291,0.803513568757889,-171.0,0.8333333333333334,0.9166666666666666,0.9166666666666666,0.8458333333333333,0.875,玉晶光
5995.0,6575.0,5850.0,6400.0,2639631.0,0.0783487784330243,6126.0,0.0940170940170941,5861.0,0.3459516298633018,4925.583333333333,1.566529863528761,4509.652319335937,0.0325024222672421,69.5754716981132,1941602.65,1.3595114324756408,0.0919638286981743,3443.TW,2026-09-14,0.0042273799017158,-0.0382366166590693,bull,0.0904850746268656,0.0270522388059701,2026-03-31,2026-05-15,11447812000.0,3113307000.0,1824178000.0,1924721000.0,278481000.0,1646240000.0,12.28,31638843000.0,19973296000.0,35132291000.0,20548418000.0,14583873000.0,7671980000.0,,,,0.144686424681811,1560244207.1967833,15158995000.0,0.1029253065389086,0.1128808513348957,0.0468583161855285,1.4089822367487703,0.2719565101173918,0.1593473058432476,0.1438038989459295,0.6298963899650951,,,83.63888359987813,83.63888359987813,True,82.74042089973052,82.74042089973052,82.96503657476742,62.0,True,True,True,True,True,True,True,True,True,True,True,True,True,True,True,True,False,14,False,0.299338487827161,0.419178142084005,1.0,12426256960.0,0.0121268656716417,3.0,2.0,,,,,,0.0792317025967155,-0.0016297244101099,0.3529276553077614,0.6406525758375002,0.9273809523809524,0.6406525758375002,0.8254688390070699,-62.0,0.9404761904761904,0.9642857142857144,0.9285714285714286,0.9386904761904762,0.9452380952380952,創意
410.0,419.0,400.0,416.0,5374056.0,0.032258064516129,414.2,0.1197846567967697,387.925,0.0990752972258917,379.6193440755208,2.1515151515151514,306.9638387044271,0.0550040794125646,61.04651162790698,8603182.6,0.6246590651231789,0.0723722369014627,3532.TW,2026-09-14,0.0042273799017158,-0.0382366166590693,bull,0.0708955223880597,0.1082089552238805,2026-03-31,2026-05-15,3308768000.0,27622000.0,-105154000.0,-82202000.0,-13987000.0,-68215000.0,-0.18,9109304000.0,3626589000.0,51226148000.0,26972355000.0,24253793000.0,1958029000.0,0.0,20500000000.0,,0.1701540108513174,-87261625.14294055,47599559000.0,-0.0018332444034395,-0.0028125497731426,-0.0013316441439243,1.112088117516299,0.0083481223222661,-0.03178040890144,-0.0206164348784804,0.1086960163893446,,,17.44238091593533,17.44238091593533,False,86.14725060298645,86.14725060298645,68.97103318122367,896.0,True,True,True,True,True,True,True,True,True,True,True,True,False,True,False,False,False,13,False,0.0958345682122081,0.3552084889079163,1.0,3578923961.6,0.0513059701492537,2.0,3.0,,,,,,-0.2185919384691207,-0.3303643668682377,0.0781682789694011,-1.893986693560938,0.0244047619047619,-1.893986693560938,0.0235943059700823,-896.0,0.1547619047619047,0.6666666666666666,0.0119047619047619,0.1333333333333333,0.2797619047619047,台勝科
5580.0,5920.0,5500.0,5820.0,986384.0,0.0291777188328912,5737.0,0.0898876404494382,5629.75,0.515625,4312.9812947591145,0.4734177215189874,4188.740647379557,0.0495921696574225,63.82022471910113,1348319.3,0.731565586875453,0.0337936853323859,3653.TW,2026-09-14,0.0042273799017158,-0.0382366166590693,bull,0.0932835820895522,0.0130597014925373,2026-03-31,2026-05-15,5305216000.0,2216652000.0,1696566000.0,1775586000.0,371056000.0,1398199000.0,9.53,20477674000.0,8468040000.0,30307238000.0,8909881000.0,21397357000.0,10253854000.0,,,,0.2089766420776014,1342023334.256972,21839198000.0,0.0614502114160498,0.0653444722168256,0.0461341610871963,0.4164010069094047,0.4178250235240186,0.3197920687866432,0.2635517573648274,0.116346562150301,,,88.8947474261209,88.8947474261209,False,81.55755742314201,81.55755742314201,83.39185492388674,39.0,True,True,True,True,True,True,True,True,True,True,True,True,False,True,True,False,False,13,False,0.3494146165373191,0.389439091589723,1.0,7847218326.0,0.0251865671641791,3.0,2.0,,,,,,-0.0058626841436376,-0.0849809206543008,0.2395370148284789,-1.307824046156609,0.4529761904761905,-1.307824046156609,0.3963856723462634,-39.0,0.988095238095238,0.9761904761904762,0.2857142857142857,0.8827380952380952,0.844047619047619,健策
55.29999923706055,55.79999923706055,55.09999847412109,55.70000076293945,102859.0,-0.0124113607092415,55.97999954223633,0.0257827172292737,55.78000011444092,0.0296750259914753,54.694999885559085,0.1156440479114846,53.74750045140584,0.0083152538899438,52.0000427245443,177084.1,0.5808483087979102,-0.0014341941795864,3705.TW,2026-09-14,0.0042273799017158,-0.0382366166590693,bull,0.2014925373134328,0.1930970149253731,2026-03-31,2026-05-15,1840865000.0,814150000.0,297411000.0,335863000.0,82504000.0,237394000.0,0.89,7096418000.0,2695071000.0,12716314000.0,4269427000.0,8446887000.0,1125149000.0,360709000.0,848392000.0,,0.24564777900513,224352648.39830524,10021243000.0,0.0223877066346265,0.0281043181943833,0.0186684600584729,0.5054438398430097,0.4422649135053358,0.1615604620653877,0.1289578540523069,-0.1553673664341042,,,60.307644264833584,60.307644264833584,False,64.12784597917857,64.12784597917857,63.172795550592326,257.0,True,False,True,True,False,True,True,True,True,True,True,True,False,True,True,False,False,11,False,0.018374638988631,0.0363272765270061,1.0,9863584.505104449,0.6119402985074627,1.0,3.0,,,,,,0.0653699187358283,0.0317955968250414,0.2340929720000884,-0.9413701945242462,0.8172619047619047,-0.9413701945242462,0.8321314755999986,-257.0,0.75,0.4642857142857143,0.9404761904761904,0.7785714285714285,0.7023809523809523,永信
72.5,72.5,71.69999694824219,72.0999984741211,137568.0,0.0126404714108787,71.91999969482421,0.0041782090475264,71.45499954223632,0.0479650476160693,70.70833333333333,0.0075651418783955,71.0790444691976,0.0017524129912234,56.81818575899708,129977.2,1.0584010118697742,0.009026645245495,4104.TW,2026-09-14,0.0042273799017158,-0.0382366166590693,bull,0.3031716417910448,0.1613805970149253,2026-03-31,2026-05-15,2342958000.0,499286000.0,180402000.0,293936000.0,57430000.0,205180000.0,1.12,10813275000.0,6342897000.0,19463903000.0,7408639000.0,12055264000.0,3077674000.0,386784000.0,350000000.0,,0.1953826683359643,145154575.86685538,13121006000.0,0.0110627627078941,0.0170199507866439,0.0105415650704794,0.6145563465055597,0.2131007043233382,0.0769975390083817,0.0875730593548838,0.0900901445802753,,,40.560354710843605,40.560354710843605,False,68.46277108915388,68.46277108915388,61.48716699457631,498.0,True,False,True,True,True,True,True,True,False,True,True,True,True,True,False,False,False,12,False,0.0196817698166802,0.0143636427944093,1.0,9371355.921670532,0.6156716417910447,1.0,3.0,,,,,,0.0199540423972217,0.0045370653577205,0.1726765398380275,-1.82962644983788,0.4773809523809524,-1.82962644983788,0.4048363793096083,-498.0,0.5476190476190477,0.369047619047619,0.3333333333333333,0.5154761904761905,0.4511904761904762,佳醫
58.70000076293945,58.900001525878906,58.0,58.0,163839.0,0.0622710919578215,57.14000015258789,0.0861422910613931,54.63500003814697,0.3782129911605691,50.060878626505534,0.130029038636154,47.50446027119954,0.0150487698680346,75.40985349365496,198229.65,0.8265110693581914,0.0615905547634947,4119.TW,2026-09-14,0.0042273799017158,-0.0382366166590693,bull,0.0960820895522388,0.021455223880597,2026-03-31,2026-05-15,375798000.0,82325000.0,33151000.0,28590000.0,8480000.0,20110000.0,0.17,1104577000.0,1053320000.0,6954821000.0,1544198000.0,5410623000.0,51949000.0,390000000.0,300399000.0,,0.2966072053165442,23318174.53655124,5901501000.0,0.0039512277531684,0.0037167623765322,0.0028915194222827,0.2854011451176694,0.2190671584202151,0.0882149452631466,0.0535127914464685,0.0430373141784996,,,33.11973270077256,33.11973270077256,False,76.71370294670913,76.71370294670913,65.81521038522499,625.0,True,True,True,True,True,True,True,False,True,True,True,True,True,True,False,False,False,13,False,0.1585893334539072,0.2209379849572477,1.0,11497319.7,0.5932835820895522,1.0,3.0,,,,,,0.0102002160717762,-0.0516819701827437,0.1855429957178359,-1.5129257729266967,0.4434523809523809,-1.5129257729266967,0.4262213261501117,-625.0,0.3928571428571428,0.5595238095238095,0.4047619047619047,0.3946428571428571,0.4452380952380952,旭富
34.150001525878906,35.75,34.0,34.5,165591.0,0.0900474065030041,32.59000015258789,0.0798121807877523,32.1625,0.1256117595232235,31.08386557896932,-0.1736526946107784,33.53359939257304,0.0012452348756078,64.35643321286821,61909.3,2.6747354597774486,0.0726778080062184,4148.TW,2026-09-14,0.0042273799017158,-0.0382366166590693,bull,0.1026119402985074,0.0876865671641791,2026-03-31,2026-05-15,527663000.0,147176000.0,26408000.0,35978000.0,21270000.0,5266000.0,0.08,3084648000.0,652302000.0,4254103000.0,818221000.0,3435882000.0,1136691000.0,131408000.0,121688000.0,,0.4,15844800.0,3601801000.0,0.0043991325450795,0.0015326486765261,0.0012378637752776,0.238140017614109,0.2789204473309669,0.0500470944523303,0.0099798545662667,-0.0369883014253645,,,28.65796249948808,28.65796249948808,False,82.05659137593827,82.05659137593827,68.70693415682572,702.0,True,True,True,True,True,True,True,True,True,True,True,True,True,True,False,False,False,14,False,0.1099005660139633,0.0288188749472864,1.0,2135870.85,0.8134328358208955,1.0,3.0,,,,,,0.0020866877518042,-0.0567382532228351,0.1769696146203233,-1.6952053048106608,0.369047619047619,-1.6952053048106608,0.4200169202915688,-702.0,0.3214285714285714,0.6428571428571429,0.3571428571428571,0.3267857142857143,0.425,全宇生技-KY
25.350000381469727,25.89999961853028,25.100000381469727,25.89999961853028,32424.0,-0.0038461685180662,25.94000015258789,0.0571428415726644,25.70250015258789,0.0571428415726644,25.4401037534078,-0.068345311894734,25.49255188306173,0.0115112167468151,69.69696269109613,9551.35,3.3947033665398085,0.0076840566003264,4190.TW,2026-09-14,0.0042273799017158,-0.0382366166590693,bull,0.1315298507462686,0.1520522388059701,2026-03-31,2026-05-15,547291000.0,358277000.0,-2980000.0,-1118000.0,14477000.0,-15595000.0,-0.26,1622513000.0,3364541000.0,6747057000.0,5134925000.0,1612132000.0,755987000.0,400000000.0,918267000.0,0.0,0.0,-2980000.0,3382516000.0,-0.0008810010063514,-0.0096735254929497,-0.0023113781312355,3.185176524006719,0.6546371126146785,-0.0054450009227266,-0.0284948957684303,-0.0893812082993626,,,14.664956846451332,14.664956846451332,False,68.22984467849419,68.22984467849419,54.83862272048347,958.0,True,False,True,True,True,True,True,True,True,True,True,True,False,True,False,False,False,12,False,0.0180775939272996,0.0159830109334513,1.0,247379.9613564492,0.9888059701492538,0.0,3.0,,,,,,-0.0031269006619876,-0.0477328929047336,0.1888000899672723,0.002781323155594,0.5375,0.002781323155594,0.4631689685460299,-958.0,0.119047619047619,0.1071428571428571,0.4285714285714285,0.1654761904761904,0.1773809523809523,佐登-KY
170.5,178.0,168.0,178.0,1385768.0,0.0755287009063443,175.0,0.0787878787878788,167.475,0.0520395506140034,165.1454933166504,0.3243761033006749,160.13244145711263,0.0096458176337603,64.83516483516483,688833.95,2.01175914746943,0.0628452007762352,4961.TW,2026-09-14,0.0042273799017158,-0.0382366166590693,bull,0.1035447761194029,0.1585820895522388,2026-03-31,2026-05-15,4501219000.0,1251280000.0,294573000.0,378167000.0,58735000.0,224263000.0,1.86,18756288000.0,2898638000.0,26661399000.0,3800040000.0,22861359000.0,2014179000.0,,,,0.155314979889837,248821400.42891103,23762761000.0,0.0104710643863695,0.0098096967901164,0.0084115240914402,0.1662210894811634,0.2779869186547022,0.0654429389016619,0.049822725799389,-0.0343346930509377,,,36.99914354663914,36.99914354663914,False,80.47358405209204,80.47358405209204,69.60497392572881,572.0,True,True,True,True,True,True,True,True,True,True,True,True,True,True,False,False,False,14,False,0.0778374657714839,0.1115798796315281,1.0,122612443.1,0.2966417910447761,2.0,3.0,,,,,,-0.0197654449593779,-0.0875774501902405,0.2040576782793026,-1.6961807807543514,0.3071428571428571,-1.6961807807543514,0.3005283598389188,-572.0,0.4642857142857143,0.6904761904761905,0.1785714285714285,0.4214285714285714,0.475,天鈺
524.0,547.0,518.0,539.0,725698.0,-0.0036968576709797,532.0,0.0445736434108527,530.9,0.0652173913043479,525.5569376627604,0.6949685534591195,471.7493021647135,0.0039712556732224,57.5,710415.5,1.0215120587881317,0.0152571105669618,5434.TW,2026-09-14,0.0042273799017158,-0.0382366166590693,bull,0.1623134328358209,0.1436567164179104,2026-03-31,2026-05-15,18536692000.0,2517460000.0,1430469000.0,1720554000.0,385901000.0,1322921000.0,6.86,26594173000.0,20377745000.0,43809103000.0,24343457000.0,19465646000.0,6619207000.0,553886000.0,2499050000.0,0.0,0.2242888046524549,1109630817.8976076,23431358000.0,0.0473566584530699,0.0679618338893042,0.0301973998417634,1.25058562145844,0.1358095608428947,0.07716959422965,0.0713676960268854,0.1762262681445767,,,65.82773904429318,65.82773904429318,False,74.10098325273664,74.10098325273664,72.03267220062578,201.0,True,False,True,True,True,True,True,True,True,True,True,True,True,True,True,False,False,13,False,0.0255786982796253,0.1425560091487014,1.0,382913954.5,0.1837686567164179,3.0,3.0,,,,,,0.0253885360917919,-0.0121546819281325,0.2456172022897191,0.3948236326204028,0.75,0.3948236326204028,0.7768858770614692,-201.0,0.7857142857142857,0.75,0.8809523809523809,0.7999999999999999,0.7940476190476191,崇越
22.799999237060547,23.64999961853028,22.64999961853028,23.25,1437779.0,-0.0226063401154973,23.00999984741211,0.0379464462475509,22.679898071289063,-0.0042826715133197,22.484132639567058,0.0086768229743749,22.67998298009237,0.0059880484715441,56.065245433900216,1184626.6,1.2136980547288063,0.0251368823139748,6133.TW,2026-09-14,0.0042273799017158,-0.0382366166590693,bull,0.1772388059701492,0.2826492537313433,2026-03-31,2026-05-15,324191000.0,77708000.0,27678000.0,22995000.0,8071000.0,14924000.0,0.13,1167334000.0,805832000.0,2434869000.0,834956000.0,1599913000.0,389506000.0,523000000.0,0.0,,0.3509893455098934,17963316.894977167,1629037000.0,0.0110269545105342,0.009328007210392,0.006129282519922,0.521875877000812,0.2396982026027866,0.0853755964847882,0.0460345907196683,0.0760312529042366,,,38.81172473878017,38.81172473878017,False,71.00910116418346,71.00910116418346,62.95975705783265,537.0,True,False,True,True,True,True,True,True,True,True,True,True,True,True,False,False,False,13,False,0.0340625708231763,0.025133044429882,1.0,27542568.450000003,0.4626865671641791,0.0,3.0,,,,,,0.0072644264688008,-0.0372934377823973,0.1654408769203544,-1.8537243378772308,0.3476190476190476,-1.8537243378772308,0.4763689004121792,-537.0,0.5119047619047619,0.4523809523809524,0.4880952380952381,0.5083333333333333,0.4892857142857142,金橋
15.0,15.25,14.800000190734863,15.199999809265137,1596579.0,0.1259259117974176,14.719999885559082,0.0704225361571853,14.079999971389771,0.0704225361571853,13.36833332379659,-0.1648352103250017,14.467083342870076,-0.0033622428340682,67.46988284049806,1000253.95,1.5961736517011509,0.0795454431925553,6152.TW,2026-09-14,0.0042273799017158,-0.0382366166590693,bull,0.1119402985074626,0.1343283582089552,2026-03-31,2026-05-15,331599000.0,67905000.0,-74688000.0,-37067000.0,0.0,-37057000.0,-0.22,2369207000.0,1662086000.0,2991955000.0,1740955000.0,1251000000.0,751624000.0,571363000.0,46921000.0,,-0.0,-74688000.0,1329869000.0,-0.056161922715696,-0.0296219024780175,-0.012385547242522,1.391650679456435,0.2047804727999783,-0.2252359024001881,-0.1117524479868757,-0.1247891807146872,,,12.786538756616617,12.786538756616617,False,72.69172407477693,72.69172407477693,57.71542774523685,990.0,True,False,True,True,True,True,False,True,True,True,False,True,True,True,False,False,False,11,False,0.1370153212897564,0.0506609693899544,1.0,15203859.8492167,0.5550373134328358,0.0,3.0,,,,,,-0.0347801219066815,-0.1121789734219375,0.1731264889198852,-1.6994169084634585,0.2166666666666666,-1.6994169084634585,0.7152228442044286,-990.0,0.0952380952380952,0.1904761904761904,0.8095238095238095,0.2023809523809523,0.2666666666666666,百一
492.0,521.0,482.0,515.0,10149959.0,0.0038986354775829,515.2,0.0706860706860705,524.375,0.6861238530964273,411.7653254191081,2.9194428918767605,329.19265213012693,0.0224226175968803,46.44549763033175,16270471.9,0.6238269585776427,-0.0178784266984505,6213.TW,2026-09-14,0.0042273799017158,-0.0382366166590693,bull,0.1110074626865671,0.0065298507462686,2026-03-31,2026-05-15,9143071000.0,1044251000.0,424199000.0,483404000.0,168881000.0,314523000.0,0.87,27657471000.0,15422932000.0,39926715000.0,18831086000.0,21095629000.0,3563235000.0,3355253000.0,1984813000.0,,0.3493578869847994,276001733.69893503,24503783000.0,0.0112636376880637,0.0149093918934581,0.0078775075785723,0.8926534496790781,0.11421228162835,0.0463956804010381,0.0344001484840268,0.206199391931416,,,35.19697595463791,35.19697595463791,False,71.50652985074626,71.50652985074626,62.42914137671917,597.0,True,False,True,True,False,True,True,False,True,True,True,True,False,True,False,False,False,10,False,0.2507124039058324,0.5644334606728254,1.0,8379293028.5,0.0223880597014925,3.0,3.0,,,,,,-0.2170776798712159,-0.2824699407943778,0.1266230047435125,-1.4420010617532286,0.1238095238095238,-1.4420010617532286,0.1181591779867642,-597.0,0.4285714285714285,0.4166666666666667,0.0595238095238095,0.3732142857142857,0.3511904761904762,聯茂
189.0,190.0,184.5,187.5,2488402.0,0.0135135135135135,187.2,0.0683760683760683,182.9,0.3888888888888888,155.59166666666667,0.7966360884214565,138.45407835642496,0.0417200626512887,70.0,2414810.35,1.0304751261315406,0.0251503553854564,6214.TW,2026-09-14,0.0042273799017158,-0.0382366166590693,bull,0.1147388059701492,0.0195895522388059,2026-03-31,2026-05-15,11968686000.0,2441124000.0,591731000.0,895921000.0,121622000.0,718327000.0,2.64,28637858000.0,16986250000.0,37839475000.0,17932964000.0,19906511000.0,4485498000.0,2337560000.0,448042000.0,0.0,0.1357508083860072,511403038.4029395,20853225000.0,0.0245239303946003,0.0360850276575337,0.0189835350516887,0.9008592213874144,0.203959231614899,0.0494399301644307,0.0600171982120677,0.2168964026850304,,,53.24611007538207,53.24611007538207,False,73.41791934814292,73.41791934814292,68.37496702995271,319.0,True,False,True,True,True,True,True,True,True,True,True,True,True,True,False,False,False,13,False,0.205077392748112,0.3542396311166449,1.0,452776940.625,0.167910447761194,2.0,3.0,,,,,,0.0014550247647378,-0.0847193095258171,0.2526016455466637,-1.3689319769034722,0.4696428571428571,-1.3689319769034722,0.400951225585857,-319.0,0.7023809523809523,0.6190476190476191,0.3095238095238095,0.6434523809523809,0.5988095238095238,精誠
295.5,327.0,293.0,312.0,4542282.0,0.0540540540540539,312.8,0.302713987473904,271.5068962097168,0.4377880184331797,213.8522987365723,1.1517241379310343,218.49698270161943,0.0902494834680661,69.89602195772842,3482702.15,1.3042407315825155,0.1491420820449644,6426.TW,2026-09-14,0.0042273799017158,-0.0382366166590693,bull,0.0093283582089552,0.0158582089552238,2026-03-31,2026-05-15,154269000.0,60877000.0,19307000.0,27476000.0,-977000.0,28453000.0,0.74,831225000.0,83262000.0,1018747000.0,85873000.0,932874000.0,275168000.0,7500000.0,,,0.0,19307000.0,935485000.0,0.020638492332854,0.0305003676809515,0.0279294073994819,0.0920520884921222,0.3946158982037869,0.1251515210444094,0.1844375733297033,0.5607004835805192,,,75.05902824356723,75.05902824356723,False,86.97456461778458,86.97456461778458,83.99568052423024,119.0,True,True,True,True,True,True,True,True,True,True,True,True,True,True,True,False,False,14,False,0.4589508826572313,0.4279373387323555,1.0,1086603070.8,0.107276119402985,2.0,3.0,,,,,,-0.0376030771504497,-0.1810661010882487,0.2394353710644964,-1.5039569015915522,0.3172619047619047,-1.5039569015915522,0.3866117860982928,-119.0,0.8690476190476191,0.988095238095238,0.2619047619047619,0.7779761904761905,0.7833333333333334,統新
367.5,381.5,363.5,381.5,224459.0,0.005270092226614,372.9,0.0495185694635489,377.6,0.1666666666666667,359.3073237101237,0.3409490333919156,329.0828285217285,0.0007951232441028,54.891304347826086,357771.5,0.627380884167688,0.0103283898305084,6491.TW,2026-09-14,0.0042273799017158,-0.0382366166590693,bull,0.1473880597014925,0.0680970149253731,2026-03-31,2026-05-15,1885667000.0,1005547000.0,542809000.0,566411000.0,88526000.0,472275000.0,6.06,6983966000.0,4705377000.0,16639674000.0,5326767000.0,11312907000.0,1204500000.0,831456000.0,457203000.0,,0.1562928686060122,457971824.2848391,11934297000.0,0.0383744282788369,0.0417465643446021,0.0283824671084301,0.4708574904752598,0.5332579930602805,0.2878604758952667,0.2504551439888379,0.1833499738625503,,,86.74813401220891,86.74813401220891,False,72.94919237483668,72.94919237483668,76.39892778417973,52.0,True,False,True,True,True,True,True,True,True,True,True,True,False,True,True,False,False,12,False,0.0617651654319759,0.1592826089216943,1.0,136489827.25,0.2845149253731343,2.0,2.0,,,,,,0.0193769119890065,-0.0169235797754939,0.3184933255288008,-1.0282380629293075,0.6839285714285713,-1.0282380629293075,0.7356390208366117,-52.0,0.9642857142857144,0.8452380952380952,0.8452380952380952,0.9464285714285714,0.9047619047619048,晶碩
84.5999984741211,84.9000015258789,80.4000015258789,82.80000305175781,26067679.0,0.0388959375434956,83.93999938964843,0.1645570299399552,76.46499938964844,0.5681818986398799,70.74999961853027,0.5368752289237395,61.45070346196493,0.0455322341973458,69.93245402770503,26367276.35,0.9886375313846172,0.0828484105496112,6505.TW,2026-09-14,0.0042273799017158,-0.0382366166590693,bull,0.0438432835820895,0.0111940298507462,2026-03-31,2026-05-15,161989437000.0,27190906000.0,24513957000.0,25616191000.0,5209581000.0,20407731000.0,2.14,296450387000.0,65693610000.0,463713281000.0,83114597000.0,380598684000.0,63985692000.0,123643000.0,1500200000.0,8100000000.0,0.2033706338307674,19528538027.20982,398019671000.0,0.0490642534780895,0.0536200776774099,0.0440093735421824,0.2183785716925915,0.1678560436011639,0.1513305895371437,0.1259818626321912,-0.0650893152444253,,,66.8716639923295,66.8716639923295,False,80.383936039064,80.383936039064,77.00586802738037,191.0,True,True,True,True,True,True,True,True,True,True,True,True,True,True,True,False,False,14,False,0.1703180706459184,0.3474215653691757,1.0,2183210562.246541,0.066231343283582,1.0,3.0,,,,,,-0.0023907991865188,-0.0615825449437034,0.1794768310058418,-1.5171929777916249,0.3910714285714285,-1.5171929777916249,0.4237874858061193,-191.0,0.8214285714285714,0.8690476190476191,0.3809523809523809,0.7553571428571428,0.7476190476190476,台塑化
109.5,110.5,109.5,110.5,10450.0,0.0137614678899082,111.2,0.0184331797235022,109.2,0.0137614678899082,108.125,0.0451764995894619,107.97853139241536,0.0080775444264943,64.70588235294119,20297.4,0.5148442657680293,0.0119047619047618,6581.TW,2026-09-14,0.0042273799017158,-0.0382366166590693,bull,0.228544776119403,0.2266791044776119,2026-03-31,2026-05-15,435086000.0,230832000.0,168083000.0,168115000.0,37893000.0,130222000.0,1.17,1016241000.0,997203000.0,5502480000.0,1475139000.0,4027341000.0,626926000.0,,471956000.0,,0.2253992802545876,130197212.77696814,4505277000.0,0.0288988252613475,0.0323344857065741,0.023666056032916,0.3662811269271711,0.5305433868246737,0.3863213249794293,0.2993017472407754,-0.1170804069150392,,,69.87102388239742,69.87102388239742,False,69.35109553771755,69.35109553771755,69.48107762388753,164.0,True,False,True,True,True,True,True,True,True,True,True,True,False,True,True,False,False,12,False,0.021965317919075,0.0233515734569598,1.0,2242862.7,0.8097014925373134,2.0,3.0,,,,,,0.0366398222625718,4.419771243401637e-05,0.155410324637362,-0.9429935163642456,0.6267857142857143,-0.9429935163642456,0.6075849507979942,-164.0,0.8452380952380952,0.6785714285714286,0.6666666666666666,0.8184523809523809,0.7595238095238095,鋼聯
121.0,122.5,121.0,122.5,12524.0,0.0208333333333332,122.1,0.0515021459227467,117.45,0.0321831453431602,118.17703247070312,-0.0041045136004075,122.26465250651042,0.0105399010539901,74.19354838709677,7905.9,1.584133368749921,0.0429970200085141,6655.TW,2026-09-14,0.0042273799017158,-0.0382366166590693,bull,0.1455223880597015,0.1865671641791045,2026-03-31,2026-05-15,687007000.0,340112000.0,96868000.0,95154000.0,19876000.0,74535000.0,0.95,1653170000.0,1542338000.0,8911558000.0,6212397000.0,2699161000.0,133379000.0,120000000.0,4331345000.0,,0.2088824431973432,76633975.49235976,7369220000.0,0.0103991976752437,0.0276141363927531,0.0083638573636618,2.3016029795925474,0.4950633690777532,0.1410000189226601,0.1084923443283693,0.2628433722537573,,,53.17068876203258,53.17068876203258,False,64.42101232735686,64.42101232735686,61.6084314360258,320.0,True,False,True,True,True,False,True,False,True,True,True,True,True,True,False,False,False,11,False,0.0365804373228662,0.0019249021582672,1.0,968472.75,0.9011194029850746,2.0,3.0,,,,,,-0.0073595357010472,-0.0332200538617476,0.136424940273694,-1.0233236659745328,0.4059523809523809,-1.0233236659745328,0.4762380264759739,-320.0,0.6904761904761905,0.3809523809523809,0.4761904761904761,0.6583333333333333,0.5547619047619048,科定
45.20000076293945,45.20000076293945,43.59999847412109,44.20000076293945,28301.0,-0.0133928233111385,44.58000030517578,0.0614002302938032,43.98704032897949,0.0219653355592936,43.67628370920817,0.0612244692350401,42.40939184824625,0.0221040278828906,50.79363733795133,33076.65,0.8556186917357108,0.0048414358494508,6666.TW,2026-09-14,0.0042273799017158,-0.0382366166590693,bull,0.1240671641791044,0.2098880597014925,2026-03-31,2026-05-15,227573000.0,146827000.0,8613000.0,16135000.0,5516000.0,14938000.0,0.32,887322000.0,386264000.0,2243046000.0,445810000.0,1797236000.0,431040000.0,0.0,43267000.0,,0.3418655097613883,5668512.364425163,1856782000.0,0.0030528690844833,0.0083116518921276,0.0066596940053837,0.2480531215711236,0.6451863797550677,0.0378471962842692,0.0656404758033685,-0.0829105328696296,,,36.34402763196038,36.34402763196038,False,66.4342365695438,66.4342365695438,58.911684335147946,582.0,True,False,True,True,True,True,True,True,True,True,True,True,True,True,False,False,False,13,False,0.0119908794717547,0.0422219899097007,1.0,1461987.9552354813,0.8572761194029851,1.0,3.0,,,,,,0.0224208336126323,0.0124664225236584,0.1711968909951207,-1.1346006328288856,0.5916666666666667,-1.1346006328288856,0.4236700675854327,-582.0,0.4523809523809524,0.2261904761904762,0.369047619047619,0.4398809523809524,0.3678571428571429,羅麗芬-KY
288.5,297.5,285.0,294.5,2543422.0,-0.01669449081803,295.8,0.0406360424028269,283.0,0.152641878669276,264.9166666666667,1.3242025150302714,228.22797196706136,0.0247125916538426,60.909090909090914,4911328.65,0.5178684183555909,0.0406360424028269,6672.TW,2026-09-14,0.0042273799017158,-0.0382366166590693,bull,0.1707089552238806,0.0746268656716417,2026-03-31,2026-05-15,1245827000.0,423777000.0,145352000.0,148482000.0,24894000.0,123588000.0,1.73,4606299000.0,1439948000.0,6456499000.0,2742865000.0,3713634000.0,1563255000.0,30000000.0,69263000.0,896840000.0,0.1676566856588677,120982765.42611226,5016551000.0,0.0241167219123481,0.0332795315855035,0.0191416431722517,0.7385932485538425,0.3401571807321562,0.1166710947828229,0.0992015745364324,0.2185628742514969,,,64.4879602565514,64.4879602565514,False,81.29838646738469,81.29838646738469,77.09577991467637,214.0,True,True,True,True,True,True,True,True,True,True,True,True,False,True,True,False,False,13,False,0.1116703365838314,0.2903764488714961,1.0,1446386287.4250002,0.0867537313432835,2.0,3.0,,,,,,-0.0107702179293599,-0.1102779719515869,0.3055647169655682,-1.4086460815942528,0.4452380952380952,-1.4086460815942528,0.4752452809440387,-214.0,0.7619047619047619,0.8809523809523809,0.4642857142857143,0.7172619047619047,0.738095238095238,騰輝電子-KY
43.150001525878906,43.5,42.70000076293945,43.5,16252.0,0.0081112042119206,43.36000061035156,0.0139859779202839,43.04250030517578,0.0104529795798942,42.95908031463623,-0.1113381139529154,43.47287333806356,0.0039652475453116,61.64378550794914,15905.35,1.0217945534049864,0.0106290222821745,9918.TW,2026-09-14,0.0042273799017158,-0.0382366166590693,bull,0.2481343283582089,0.2388059701492537,2026-03-31,2026-05-15,634691000.0,195086000.0,121756000.0,133774000.0,22499000.0,111275000.0,0.63,2208216000.0,1221690000.0,5912775000.0,2759175000.0,3153600000.0,632004000.0,,,,0.1681866431444077,101278267.0773095,4691085000.0,0.0215895186459655,0.035285071029934,0.0188194206611954,0.8749286529680366,0.307371618630168,0.1918350819532654,0.1753215344159598,-0.0873021465312819,,,56.77218792466849,56.77218792466849,False,71.93787679969056,71.93787679969056,68.14645458093504,287.0,True,False,True,True,True,True,True,True,True,True,True,True,True,True,False,False,False,13,False,0.0125915099066837,0.0006239905452187,1.0,691882.725,0.9319029850746268,1.0,3.0,,,,,,0.0312080558363661,0.0070871435478968,0.1064198445199392,-1.0364695884439277,0.5684523809523809,-1.0364695884439277,0.5577408158298168,-287.0,0.7142857142857143,0.6071428571428571,0.6071428571428571,0.6982142857142857,0.6607142857142857,欣天然
49.25,49.5,48.900001525878906,49.5,8338.0,-0.0010090663537921,49.41000061035156,0.0133060705462102,49.152499771118165,-0.0060240811577622,49.172301355997725,-0.0080160623977427,49.29240074157715,0.0018854526331578,58.90414538096882,14133.75,0.589935438224109,0.0070698383703777,9926.TW,2026-09-14,0.0042273799017158,-0.0382366166590693,bull,0.2509328358208955,0.2882462686567164,2026-03-31,2026-05-15,702290000.0,183851000.0,131106000.0,152958000.0,30670000.0,122288000.0,0.68,3987498000.0,2488202000.0,9276250000.0,4816942000.0,4459308000.0,607415000.0,,,,0.200512559003125,104817600.43933628,6788048000.0,0.0154414937017735,0.0274230889635791,0.0131829133539954,1.0801994390160985,0.2617878654117245,0.1866835637699525,0.1741274971877714,-0.0102513656273429,,,49.88480104597442,49.88480104597442,False,58.52628405200762,58.52628405200762,56.36591330049932,371.0,True,False,True,True,True,False,True,True,True,True,True,True,False,True,False,False,False,11,False,0.0066642934124601,0.0042115874921819,1.0,699620.625,0.9291044776119404,1.0,3.0,,,,,,0.0062043941063723,-0.0035381046871485,0.1144931822597529,-0.8761807654221883,0.4970238095238095,-0.8761807654221883,0.497996256429401,-371.0,0.6071428571428571,0.1547619047619047,0.5119047619047619,0.5928571428571427,0.4523809523809523,新海
69.5,69.9000015258789,69.5,69.5999984741211,37860.0,-0.0014346984002789,69.78000030517578,0.0043289380830073,69.44500045776367,-0.0028653949698026,69.24833386739095,0.0419160972222381,68.94500013987223,0.0013698641062924,58.82346341386793,71726.45,0.5278387540440103,0.0022319535652057,9927.TW,2026-09-14,0.0042273799017158,-0.0382366166590693,bull,0.3013059701492537,0.2789179104477612,2026-03-31,2026-05-15,2174176000.0,196002000.0,139162000.0,169258000.0,34649000.0,134036000.0,1.12,5724771000.0,1225324000.0,6738866000.0,1523365000.0,5215501000.0,1189120000.0,200000000.0,,,0.2047111510238807,110673986.80121472,5513542000.0,0.0200731193851819,0.0256995444924658,0.0198899933609007,0.2920841161759915,0.0901500154541306,0.0640067777401645,0.0616491029245102,0.0476184510475576,,,44.28000422367753,44.28000422367753,False,66.75549528017098,66.75549528017098,61.136622516047616,440.0,True,False,True,True,True,True,True,True,True,True,True,True,False,True,False,False,False,12,False,0.0050783114493926,0.0095003021672352,1.0,4992160.810554123,0.6921641791044776,1.0,3.0,,,,,,0.0219800305308615,0.0220067130519013,0.1267750708007092,-1.2341250687264385,0.5517857142857143,-1.2341250687264385,0.425132401980178,-440.0,0.5952380952380952,0.3571428571428571,0.3928571428571428,0.5648809523809524,0.4833333333333333,泰銘
227.0,229.0,220.5,224.5,281194.0,-0.0606694560669456,235.6,0.0274599542334095,220.4,0.0393518518518518,218.4333333333333,0.0543335912883948,224.00441678365075,0.0174264281592614,59.57446808510638,562007.2,0.5003387856952722,0.0186025408348458,4770.TW,2026-09-14,0.0042273799017158,-0.0382366166590693,bull,0.1940298507462686,0.167910447761194,2026-03-31,2026-05-15,1058605000.0,369927000.0,210485000.0,236117000.0,34491000.0,201626000.0,2.52,8447386000.0,2125986000.0,10526887000.0,2447197000.0,8079690000.0,2937319000.0,150000000.0,208913000.0,,0.1460758861073112,179738217.11270258,8400901000.0,0.0213951119186742,0.024954670290568,0.0191534306390863,0.3028825363349336,0.3494476221064514,0.1988324256923026,0.1904638651810637,0.0960345809390692,,,66.86426683810382,66.86426683810382,False,74.94763066993745,74.94763066993745,72.92678971197904,192.0,True,False,True,True,True,True,True,True,True,True,True,True,False,True,True,False,False,12,False,0.0277735388371738,0.0022123814497279,1.0,126170616.4,0.2901119402985074,2.0,3.0,,,,,,-0.004457792204911,-0.0699746102494006,0.206015037811493,-1.5337050542374466,0.399404761904762,-1.5337050542374466,0.3765615639566164,-192.0,0.8095238095238095,0.7619047619047619,0.238095238095238,0.7238095238095238,0.680952380952381,上品
2095.0,2210.0,2085.0,2165.0,917045.0,-0.0441501103752759,2191.0,0.1325401790500679,2085.694445800781,0.1895604395604395,1730.21528116862,0.1798365122615803,1804.9826405843096,0.0459824409906138,62.03007518796993,1600317.8,0.5730393050680308,0.0380235726085804,6805.TW,2026-09-14,0.0042273799017158,-0.0382366166590693,bull,0.0615671641791044,0.0569029850746268,2026-03-31,2026-05-15,4183854000.0,1351837000.0,1120299000.0,1165338000.0,248078000.0,917260000.0,13.38,14924697000.0,8114461000.0,16208746000.0,8785852000.0,7422894000.0,8031178000.0,410000000.0,,,0.2128807264501801,881808935.0385897,8094285000.0,0.1089421653720606,0.1235717497784556,0.0565904358054595,1.1836154470210676,0.3231080721267998,0.2677672308832956,0.219238051805823,0.858077701800986,,,90.14552363242608,90.14552363242608,True,83.75451351184299,83.75451351184299,85.35226604198876,31.0,True,True,True,True,True,True,True,True,True,True,True,True,False,True,True,True,False,13,False,0.2512893762779151,0.1994575190480199,1.0,3464688037.0,0.0522388059701492,3.0,2.0,,,,,,0.0758270066959581,-0.0029644166267063,0.2822221523685225,0.1532070326022158,0.8773809523809524,0.1532070326022158,0.802159522671945,-31.0,1.0,1.0,0.9047619047619048,0.9857142857142857,0.980952380952381,富世達
284.5,290.0,279.0,283.5,326098.0,-0.0104712041884816,289.3,0.0088967971530249,279.525,-0.0121951219512195,271.9224553426107,0.1317365269461077,282.79872767130536,0.0024206562668099,60.91370558375634,442587.1,0.7367996039649597,0.01422055272337,6937.TW,2026-09-14,0.0042273799017158,-0.0382366166590693,bull,0.271455223880597,0.3087686567164179,2026-03-31,2026-05-15,582447000.0,243295000.0,75551000.0,79509000.0,17753000.0,64817000.0,0.96,2979355000.0,819804000.0,4523134000.0,1044661000.0,3478473000.0,472664000.0,71200000.0,178118000.0,,0.2232828987913317,58681753.71341609,3703330000.0,0.0158456723309605,0.0186337510741063,0.0143301082833274,0.3003217216290021,0.4177118261404042,0.1297130897746919,0.1112839451486573,0.2629110526156022,,,64.73082411847425,64.73082411847425,False,70.22629024123731,70.22629024123731,68.85242371054655,212.0,True,False,True,True,True,True,True,True,True,True,True,True,False,True,True,False,False,12,False,0.0425766406191134,0.002479757721929,1.0,125473442.85,0.2919776119402985,2.0,3.0,,,,,,-0.0277162439529043,-0.0673829157797875,0.172604658782062,-1.6372528532659805,0.2851190476190476,-1.6372528532659805,0.2552677080663416,-212.0,0.7738095238095238,0.6547619047619048,0.119047619047619,0.6755952380952381,0.6071428571428572,天虹
38.34999847412109,39.900001525878906,38.34999847412109,38.54999923706055,18981.0,-0.0178344143424064,38.86000061035156,0.0532787115911563,37.96250019073487,0.0708333121405706,36.64083334604899,-0.0203303498877304,37.09374996821086,0.0044318112364854,60.82472929426561,11500.1,1.650507386892288,0.015475773286109,6952.TW,2026-09-14,0.0042273799017158,-0.0382366166590693,bull,0.1417910447761194,0.1333955223880597,2026-03-31,2026-05-15,561789000.0,116089000.0,26679000.0,24997000.0,5359000.0,21318000.0,0.32,666816000.0,1099448000.0,3770458000.0,1979405000.0,1791053000.0,133118000.0,355000000.0,864179000.0,,0.2143857262871544,20959403.20838501,2671010000.0,0.0078469954093713,0.0119024953477088,0.0056539550367621,1.1051627171278573,0.206641639476743,0.047489359884227,0.0379466312085142,1.5078410627954626,,,38.46602708214458,38.46602708214458,False,83.08538825149452,83.08538825149452,71.93054795915704,546.0,True,True,True,True,True,True,True,True,True,True,True,True,True,True,False,False,False,14,False,0.0521048708958313,0.0392586155375955,1.0,443328.84622612,0.9589552238805972,1.0,3.0,,,,,,0.0472727628963156,0.0150105613155425,0.2117902478920352,-1.1106477605927614,0.7285714285714286,-1.1106477605927614,0.7071542687732619,-546.0,0.5,0.7380952380952381,0.7857142857142857,0.5428571428571428,0.6285714285714286,大武山
304.5,334.5,294.0,305.5,1975210.0,-0.023961661341853,323.4,0.5911458333333333,267.125,0.952076677316294,196.0724833170573,1.4538152610441766,180.157074991862,0.1402198271262405,72.82157676348548,955490.85,2.0672202146153467,0.1436593355170801,6933.TW,2026-09-14,0.0042273799017158,-0.0382366166590693,bull,0.0027985074626865,0.0027985074626865,2026-03-31,2026-05-15,1820470000.0,249043000.0,75692000.0,58930000.0,12357000.0,46573000.0,1.1,5046947000.0,2858081000.0,5403999000.0,3014996000.0,2389003000.0,1147835000.0,1110793000.0,,,0.2096894620736467,59820185.23672154,2545918000.0,0.0234965090143207,0.019494743204592,0.0086182473386838,1.2620310648416937,0.1368014853307113,0.041578273742495,0.0255829538525765,-0.0692122762723702,,,29.486569053500588,29.486569053500588,False,85.95258030109102,85.95258030109102,71.83607748919341,687.0,True,True,True,True,True,True,True,False,True,True,True,False,True,True,False,False,False,12,False,0.5580972650098681,0.6957424514901787,1.0,291902454.675,0.2061567164179104,2.0,3.0,,,,,,-0.0330195118733249,-0.0776749809497236,0.3496655341988933,-1.6200658567396624,0.4255952380952381,-1.6200658567396624,0.5107180915892522,-687.0,0.3452380952380952,0.7261904761904762,0.5595238095238095,0.3773809523809524,0.5023809523809524,AMAX-KY
231.5,242.5,231.0,240.0,193089.0,0.0859728506787329,226.5,0.1009174311926606,220.725,0.263157894736842,216.1290064493815,0.4953271028037382,191.6686698913574,0.0106456043956043,68.42105263157895,84344.45,2.289291115183038,0.0873258579680598,6957.TW,2026-09-14,0.0042273799017158,-0.0382366166590693,bull,0.0848880597014925,0.0373134328358208,2026-03-31,2026-05-15,1008397000.0,304729000.0,100942000.0,102458000.0,25691000.0,82568000.0,1.51,2765058000.0,1395803000.0,5405505000.0,3045045000.0,2360460000.0,1274466000.0,40000000.0,27000000.0,945042000.0,0.2507466474067423,75631131.9174686,4009702000.0,0.0188620331180393,0.0349796226159307,0.0152747985618364,1.2900218601459037,0.3021914979913665,0.1001014481399686,0.0818804498625045,0.2868739487648066,,,57.7309173012778,57.7309173012778,False,80.55206318364364,80.55206318364364,74.84677671305218,283.0,True,True,True,True,True,True,True,True,True,True,True,True,True,True,False,False,False,14,False,0.1104478937962878,0.2521608259505217,1.0,20242668.0,0.5093283582089553,2.0,3.0,,,,,,0.0216561915952254,-0.0625367672865173,0.3203595976536264,-0.7147472422233336,0.6809523809523809,-0.7147472422233336,0.7603447177510146,-283.0,0.7261904761904762,0.7976190476190477,0.8690476190476191,0.7476190476190475,0.7761904761904762,裕慶-KY
275.0,288.0,265.5,282.0,1778835.0,-0.1090047393364929,297.7,0.0071428571428571,293.725,0.0017761989342806,256.5269566853841,1.0142857142857142,221.7468116760254,0.0298913043478262,55.30474040632054,2828057.3,0.6289953884597742,-0.039918290918376,7788.TW,2026-09-14,0.0042273799017158,-0.0382366166590693,bull,0.2826492537313433,0.2639925373134328,2026-03-31,2026-05-15,1857129000.0,500235000.0,178905000.0,229341000.0,52857000.0,177273000.0,2.22,6568822000.0,3373457000.0,11007682000.0,5034895000.0,5972787000.0,2088365000.0,643000000.0,1079805000.0,,0.2304733998718066,137672156.39593443,7634225000.0,0.0180335471375201,0.0296801141577625,0.0161044804891711,0.842972468296626,0.2693593175272153,0.0963341803396533,0.0954554045518647,0.1444346257089825,,,52.52291879760674,52.52291879760674,False,63.59264274002447,63.59264274002447,60.82521175442004,328.0,True,False,True,True,False,True,True,True,True,True,True,True,False,True,False,False,False,11,False,0.0992996745595713,0.2717206523447344,1.0,797512158.5999999,0.1203358208955223,2.0,3.0,,,,,,-0.008260079255964,-0.0977159379821717,0.3099206048875757,-1.4401146606156463,0.4625,-1.4401146606156463,0.5087336527730617,-328.0,0.6666666666666666,0.3214285714285714,0.5357142857142857,0.6470238095238094,0.5369047619047619,松川精密
36.79999923706055,38.20000076293945,36.5,38.20000076293945,31220.0,0.0065876151508312,37.64000015258789,0.0745429418495262,37.5125,0.0914285932268414,36.38567237854004,-0.1085180367973632,37.32116955121358,0.0113912116090999,54.76190822195016,35590.8,0.8771929824561403,0.0183272445968529,6887.TW,2026-09-14,0.0042273799017158,-0.0382366166590693,bull,0.1091417910447761,0.1147388059701492,2026-03-31,2026-05-15,858086000.0,204338000.0,-18684000.0,-26672000.0,19399000.0,-46071000.0,-0.62,3944924000.0,2061922000.0,5123155000.0,2160403000.0,2962752000.0,2103534000.0,392899000.0,,,0.0,-18684000.0,3061233000.0,-0.0061034230324839,-0.0155500696649601,-0.0089927007869174,0.7291879306806645,0.2381323084166389,-0.02177404129656,-0.0536904226382903,-0.397344649195627,,,17.65293207840805,17.65293207840805,False,73.45333341575201,73.45333341575201,59.50323308141602,893.0,True,False,True,True,True,True,True,True,True,True,True,True,True,True,False,False,False,13,False,0.049863813578157,0.0235477939811052,1.0,1359568.5871536257,0.8647388059701493,1.0,3.0,,,,,,0.0149688889991527,-0.0113719623252409,0.1667581471844994,-1.550184398920849,0.4702380952380952,-1.550184398920849,0.3970719313299063,-893.0,0.1666666666666666,0.2619047619047619,0.2976190476190476,0.1863095238095238,0.2214285714285714,寶綠特-KY
414.5,418.5,405.0,418.0,415958.0,0.0582278481012659,405.3,0.1942857142857144,375.75,0.0829015544041451,386.6,0.0636132315521629,370.8833333333333,0.0306521291915244,67.52136752136752,389041.75,1.0691860192382951,0.1124417831004658,7799.TW,2026-09-14,0.0042273799017158,-0.0382366166590693,bull,0.0317164179104477,0.1259328358208955,2026-03-31,2026-05-15,2885000.0,-17000.0,-88494000.0,-57578000.0,0.0,-57578000.0,-0.37,10455995000.0,34213000.0,11666612000.0,290333000.0,11376279000.0,2207595000.0,,,,-0.0,-88494000.0,11632399000.0,-0.0076075450988226,-0.0050612331149754,-0.0049352802681703,0.0255209106598036,-0.0058925476603119,,,11.59825327510917,,,33.33333333333333,33.33333333333333,False,73.60092140655821,73.60092140655821,63.53402438825199,621.0,True,False,True,True,True,False,True,True,True,True,True,True,True,True,False,False,False,12,False,0.0812209001551991,0.1270390509144834,1.0,162619451.5,0.2593283582089552,2.0,3.0,,,,,,-0.0584761823363663,-0.1863593483032144,0.1726022925094785,-2.1905817517962825,0.1345238095238095,-2.1905817517962825,0.1265281066030691,-621.0,0.4047619047619047,0.4880952380952381,0.0714285714285714,0.3547619047619048,0.3630952380952381,禾榮科
