Open,High,Low,Close,Volume,ret5,ma5,ret20,ma20,ret60,ma60,ret120,ma120,ma20_slope,rsi14,volume_ma20,volume_ratio,ma20_deviation,symbol,date,benchmark_ret20,benchmark_ret60,market_regime,rs20_rank_pct,rs60_rank_pct,period_date,as_of_date,revenue,gross_profit,operating_income,pretax_income,tax_expense,net_income_parent,eps,current_assets,current_liabilities,assets,liabilities,equity,cash,short_borrowings,long_borrowings,bonds_payable,tax_rate,nopat,invested_capital_proxy,roic_proxy,roe,roa,debt_to_equity,gross_margin,operating_margin,net_margin,revenue_growth,pe,pb,eva_like_score,fundamental_score,fundamental_pass,technical_score,score,final_score,fundamental_rank,pass_market,pass_score,pass_rs20,pass_rs60,pass_close_ma20,pass_ma20_ma60,pass_ma20_slope,pass_rsi,pass_ret20_benchmark,pass_ret60_benchmark,pass_ret5_cap,pass_ret20_cap,pass_volume_ratio,pass_ma20_deviation,pass_fundamental_score,pass_fundamental_filter,pass_fundamental_universe,entry_pass_count,entry_all_pass,close_ma60_ratio,close_ma120_ratio,above_ma120,turnover20,liquidity_rank,price_bucket,eva_rank_bucket,forward_60d_return,forward_60d_max_drawdown,reward_60,fwd60_rank_label,top_quantile_60,reg_forward60,reg_reward60,cls_topq60,rank_forward60,ensemble_score,ranker_score,stable_ensemble_score,fundamental_rank_score,fundamental_score_rank,final_score_rank,stable_ml_rank,fund_ml_85_15,fund_final_ml,name
16.299999237060547,16.350000381469727,16.049999237060547,16.299999237060547,249095.0,0.0251572093161627,16.039999580383302,0.0349205864800348,16.012499713897704,0.147887285633991,15.448173824946084,0.009287902295562,15.439920258522031,0.005968266787096,60.7142759828992,285642.5,0.872051602965245,0.0179546934145025,1110.TW,2026-08-11,0.0080125571725508,0.1022128218364362,neutral,0.2122335495829471,0.1873840445269016,2026-03-31,2026-05-15,582643000.0,83497000.0,44070000.0,33666000.0,8657000.0,25695000.0,0.05,2827051000.0,1931603000.0,12789768000.0,3130316000.0,9659452000.0,402347000.0,1166000000.0,483161000.0,,0.2571437058159567,32737676.884690788,10858165000.0,0.0030150284955782,0.0026600887917865,0.0020090278416309,0.3240676593247732,0.1433073082487904,0.0756380836979076,0.0441007615297875,-0.2132017328270251,,,22.850230007474945,22.850230007474945,False,75.12714572043559,75.12714572043559,62.05791679219544,812.0,True,True,True,True,True,True,True,True,True,True,True,True,True,True,False,False,False,14,False,0.0551408484761424,0.0557048847492456,1.0,4655972.532072067,0.7553290083410565,0.0,3.0,,,,,,0.0266007233517189,0.0090734357434436,0.1472141159992656,-1.8138386459522116,0.4288321167883211,-1.8138386459522116,0.3566622566909976,-812.0,0.1751824817518248,0.4233576642335766,0.291970802919708,0.1927007299270073,0.272992700729927,東泥
41.0,42.0,41.0,41.900001525878906,3509878.0,0.0448878583603804,40.790000152587886,0.0475000381469725,40.8200002670288,0.0798969677777037,40.83824933369954,-0.0678531520643537,42.17495797475179,0.0041202953159819,62.87878919238838,2771571.75,1.2663854002697206,0.0264576494802828,1229.TW,2026-08-11,0.0080125571725508,0.1022128218364362,neutral,0.1853568118628359,0.3116883116883117,2026-03-31,2026-05-15,2523137000.0,588325000.0,243555000.0,1115194000.0,64821000.0,980784000.0,0.55,15607224000.0,15478027000.0,99442067000.0,20384323000.0,79057744000.0,5148053000.0,6218000000.0,1600000000.0,2498953000.0,0.0581253127258575,229398289.45905373,83964040000.0,0.0027321016170619,0.0124059193998756,0.0098628681964143,0.2578409396554498,0.2331720394096713,0.0965286466806994,0.3887161101438408,0.0399679659446501,,,38.68156300567181,38.68156300567181,False,63.98422676374683,63.98422676374683,57.65856082422808,543.0,True,False,True,True,True,False,True,True,True,False,True,True,True,True,False,False,False,11,False,0.0259989644390365,-0.0065194243711514,0.0,116128860.55408289,0.3215940685820204,1.0,3.0,,,,,,-0.0253076403643343,-0.0675823819763134,0.1146941501252948,-2.14062931499192,0.1343065693430657,-2.14062931499192,0.4024002306575662,-543.0,0.4306569343065693,0.2043795620437956,0.3795620437956204,0.4229927007299269,0.3525547445255474,聯華
156.5,158.5,154.5,154.5,327379.0,0.0198019801980198,155.0,0.0198019801980198,155.925,0.0963698337261556,147.25189412434895,0.100086298431776,144.90301729838055,0.0116788321167883,52.631578947368425,553999.95,0.5909368764383462,-0.0091390091390092,1232.TW,2026-08-11,0.0080125571725508,0.1022128218364362,neutral,0.2933271547729379,0.274582560296846,2026-03-31,2026-05-15,5894059000.0,806895000.0,480031000.0,487266000.0,97456000.0,372297000.0,2.33,7651568000.0,2814803000.0,10506118000.0,3994796000.0,6511322000.0,3420506000.0,220000000.0,,,0.2000057463479906,384022041.5748277,7691315000.0,0.0499293087820259,0.0571768682304453,0.0354362096447041,0.6135153506461515,0.1368997154592446,0.0814431955974651,0.0631647901726128,0.0920647302197261,,,64.65049610002629,64.65049610002629,False,60.03737573535562,60.03737573535562,61.19065582652329,214.0,True,False,True,True,False,True,True,True,True,False,True,True,False,True,True,False,False,10,False,0.0492224967206893,0.066230385540265,1.0,85592992.27499999,0.3595922150139017,2.0,3.0,,,,,,0.0303767025533582,-0.0272846644855816,0.1812077787138064,-1.462493904176556,0.4507299270072992,-1.462493904176556,0.402341616469421,-214.0,0.7153284671532847,0.3795620437956204,0.3722627737226277,0.6638686131386862,0.545985401459854,大統益
32.29999923706055,32.349998474121094,31.75,31.950000762939453,82354.0,0.0126783371014804,31.870000457763677,0.0240384609506445,32.01250019073486,0.0830508733199815,30.97416683832804,-0.0361991163711609,31.704166730244957,0.0039987472694548,50.68494797112732,132668.9,0.6207483441861658,-0.0019523444724101,1321.TW,2026-08-11,0.0080125571725508,0.1022128218364362,neutral,0.2659870250231696,0.2996289424860853,2026-03-31,2026-05-15,880894000.0,105477000.0,20883000.0,93159000.0,58043000.0,35116000.0,0.16,2103160000.0,996940000.0,11565078000.0,5771280000.0,5793798000.0,430438000.0,490000000.0,3742014000.0,,0.4,12529800.0,10568138000.0,0.0011856203997336,0.0060609638099222,0.0030363824610607,0.9961134302576652,0.119738583756956,0.0237065980696882,0.0398640472065878,-0.1112010218886778,,,14.654052606066369,14.654052606066369,False,59.52966568715278,59.52966568715278,48.310762416881175,966.0,True,False,True,True,False,True,True,True,True,False,True,True,False,True,False,False,False,10,False,0.0315047674955988,0.0077539975986808,1.0,4238771.456218338,0.7692307692307693,1.0,3.0,,,,,,0.0057545818472764,-0.0300673769538651,0.1305651467874841,-1.7131048430429123,0.2934306569343065,-1.7131048430429123,0.250677657990195,-966.0,0.0802919708029197,0.0218978102189781,0.1386861313868613,0.0890510948905109,0.0744525547445255,大洋
22.049999237060547,22.100000381469727,21.25,21.549999237060547,195273.0,0.0911392018764833,20.54000015258789,0.0802004217009035,20.095000076293942,0.157703394916473,19.899751377105712,0.2073636061024277,19.497950220108034,0.0036209283560415,77.41929926567177,75398.55,2.589877391541349,0.0724060291237849,1323.TW,2026-08-11,0.0080125571725508,0.1022128218364362,neutral,0.1149212233549582,0.1771799628942486,2026-03-31,2026-05-15,530894000.0,98916000.0,23645000.0,38156000.0,5647000.0,32509000.0,0.36,2570405000.0,691151000.0,4744350000.0,2167294000.0,2577056000.0,950712000.0,,1220000000.0,,0.1479976936785826,20145594.532969914,4053199000.0,0.004970294952942,0.0126147821389989,0.0068521504526436,0.8409960823513343,0.1863196796347293,0.0445380810481941,0.0612344460476102,0.0092658073837497,,,28.08704419011924,28.08704419011924,False,73.15669998731045,73.15669998731045,61.88928603801264,716.0,True,False,True,True,True,True,True,False,True,True,True,True,True,True,False,False,False,12,False,0.0829280642095566,0.105244345881869,1.0,1624838.6949754716,0.8878591288229842,0.0,3.0,,,,,,0.0429062329750563,0.0116089943634617,0.240605075952649,-1.217468165014761,0.7029197080291971,-1.217468165014761,0.6849314614450355,-716.0,0.2481751824817518,0.4160583941605839,0.7737226277372263,0.327007299270073,0.4036496350364963,永裕
45.29999923706055,45.59999847412109,44.79999923706055,45.400001525878906,153092.0,0.022522521748499,44.98000030517578,0.0271493380594152,44.47750034332275,0.1154791320598493,43.90416666666667,0.0835322165283998,42.71291662851969,0.001632699868229,52.43903233279772,94318.05,1.6231463648792568,0.0207408504397808,1339.TW,2026-08-11,0.0080125571725508,0.1022128218364362,neutral,0.23725671918443,0.2421150278293135,2026-03-31,2026-05-15,394676000.0,97156000.0,-1039000.0,239290000.0,15507000.0,206388000.0,2.78,1829193000.0,837135000.0,5225726000.0,1066079000.0,4159647000.0,705809000.0,,152479000.0,,0.0648042124618663,-971668.4232521208,4388591000.0,-0.0002214078330042,0.0496167102641161,0.0394946080219284,0.2562907381323463,0.2461664757928022,-0.0026325390953592,0.5229302009749769,-0.2023637499065291,,,43.397534008094304,43.397534008094304,False,68.8527542611641,68.8527542611641,62.48894919789665,458.0,True,False,True,True,True,True,True,True,True,True,True,True,True,True,False,False,False,13,False,0.0340704532799598,0.0629103584924712,1.0,4282039.613917924,0.768303985171455,1.0,3.0,,,,,,0.0532677236804933,0.0292979799663416,0.1762933635789305,-1.3099891360616944,0.647080291970803,-1.3099891360616944,0.5576568398191627,-458.0,0.5182481751824818,0.4598540145985401,0.6131386861313869,0.5324817518248175,0.5197080291970804,昭輝
27.5,27.5,26.950000762939453,27.299999237060547,20165943.0,0.0055248479056291,27.15,0.0360530869767612,27.282499980926517,0.0520230610570577,27.24280414581299,-0.0250000272478375,27.083902072906497,0.0090660010409319,51.9230487078439,19217039.55,1.0493782326633136,0.0006414095536064,1402.TW,2026-08-11,0.0080125571725508,0.1022128218364362,neutral,0.2075996292863762,0.3877551020408163,2026-03-31,2026-05-15,61298588000.0,13425322000.0,4896381000.0,7132853000.0,1579509000.0,3092903000.0,0.61,166621578000.0,157755773000.0,679737079000.0,356159064000.0,323578015000.0,47148878000.0,35989865000.0,71488233000.0,85137297000.0,0.2214414064049827,3812119505.065365,521981306000.0,0.0073031724723593,0.0095584460520285,0.0045501460719932,1.1006899340797305,0.2190151916712991,0.0798775495448606,0.0504563498265245,-0.0379277396462631,,,28.35795292059996,28.35795292059996,False,59.54306963871645,59.54306963871645,51.74679045918733,711.0,True,False,True,True,True,True,True,True,True,False,True,True,True,True,False,False,False,12,False,0.0020994568305607,0.0079788046630926,1.0,524625165.0535624,0.1640407784986098,0.0,3.0,,,,,,0.0016054276506166,-0.0331875555631359,0.1202191522845999,-1.791244250680316,0.258029197080292,-1.791244250680316,0.258029197080292,-711.0,0.2554744525547445,0.0656934306569343,0.1532846715328467,0.2401459854014598,0.1781021897810219,遠東新
19.700000762939453,19.75,19.25,19.299999237060547,232036.0,-0.025252526225563,19.489999771118164,0.0293332926432292,18.729999828338624,0.2332268183705588,17.68666656812032,-0.0038894425703279,17.73296075661977,0.0026766595535053,63.54166087176975,321378.75,0.7220016880394239,0.0304324300024556,1414.TW,2026-08-11,0.0080125571725508,0.1022128218364362,neutral,0.2298424467099165,0.1187384044526901,2026-03-31,2026-05-15,113452000.0,12596000.0,-7033000.0,11377000.0,382000.0,10995000.0,0.06,876335000.0,611698000.0,4159720000.0,1289474000.0,2870246000.0,113194000.0,505000000.0,,,0.033576514019513,-6796856.376900765,3548022000.0,-0.0019156748117403,0.0038306821087809,0.0026432067543007,0.4492555690348492,0.1110249268413073,-0.0619909741564714,0.0969132320276416,-0.1489036091252128,,,15.88871955373819,15.88871955373819,False,74.8482346856235,74.8482346856235,60.10835590265217,937.0,True,False,True,True,True,True,True,True,True,True,True,True,False,True,False,False,False,12,False,0.0912174525779894,0.0883686882268544,1.0,6202609.629807472,0.7219647822057461,0.0,3.0,,,,,,0.0096611052403224,-0.0183943982437938,0.197349928289034,-1.9498199162037475,0.3642335766423357,-1.9498199162037475,0.4287766532134238,-937.0,0.0948905109489051,0.3138686131386861,0.4087591240875912,0.141970802919708,0.2233576642335766,東和
13.449999809265137,13.850000381469728,13.350000381469728,13.699999809265137,3434974.0,0.1138211054325708,12.929999923706054,0.057550731437159,12.729999923706057,0.2017544094471985,12.997608407338458,0.0223880745727789,12.921720846494038,-0.0041115251615062,68.88886816708528,2159939.8,1.590310063271208,0.076197949047331,1440.TW,2026-08-11,0.0080125571725508,0.1022128218364362,neutral,0.1584800741427247,0.1410018552875695,2026-03-31,2026-05-15,3372657000.0,294268000.0,-129416000.0,-64775000.0,8778000.0,-78150000.0,-0.05,12562200000.0,9846736000.0,45799105000.0,17769583000.0,28029522000.0,4400648000.0,5866840000.0,3989879000.0,,0.0,-129416000.0,35952369000.0,-0.0035996515278311,-0.002788131741954,-0.0017063652226391,0.6339595445116759,0.0872510901642236,-0.0383721202600798,-0.0231716418242353,-0.1955247737019332,,,12.51873256872129,12.51873256872129,False,59.224221933527474,59.224221933527474,47.54784959232593,1001.0,True,False,True,True,True,False,False,True,True,True,False,True,True,True,False,False,False,10,False,0.0540400495163486,0.0602302875922493,1.0,29591174.84802417,0.5013901760889713,0.0,3.0,,,,,,0.0188772944126982,-0.0050163652797697,0.1460718469664162,-1.8437958261625589,0.3686131386861314,-1.8437958261625589,0.3898298017200711,-1001.0,0.0437956204379562,0.0145985401459854,0.3284671532846715,0.0864963503649635,0.091970802919708,南紡
17.549999237060547,17.549999237060547,17.25,17.5,150599.0,-0.0028489595005202,17.579999923706055,0.0263930078050276,17.447499752044678,0.0447761194029849,17.04916648864746,0.0657926314613179,17.060952615737914,0.0054747199578804,57.142857142857146,138393.45,1.088194564121351,0.0030090413355168,1451.TW,2026-08-11,0.0080125571725508,0.1022128218364362,neutral,0.2455977757182576,0.4165120593692022,2026-03-31,2026-05-15,1528005000.0,251389000.0,90072000.0,117186000.0,24897000.0,92289000.0,0.47,5411009000.0,1104512000.0,8789257000.0,1451967000.0,7337290000.0,1101248000.0,128340000.0,,,0.2124571194511289,70935562.33679791,7684745000.0,0.0092306982647827,0.0125780771919877,0.0105002049661308,0.1978887300352037,0.1645210585043897,0.0589474510881836,0.0603983625708031,0.1312304459905859,,,38.81138540584345,38.81138540584345,False,63.91925910414559,63.91925910414559,57.64229067957005,540.0,True,False,True,True,True,True,True,True,True,False,True,True,True,True,False,False,False,12,False,0.0264431408803904,0.0257340486285089,1.0,2421885.375,0.835032437442076,0.0,3.0,,,,,,0.0554111659348543,0.0317644401314152,0.2012388870181937,-1.3032449181724544,0.6937956204379562,-1.3032449181724544,0.6018266104263891,-540.0,0.437956204379562,0.1970802919708029,0.6496350364963503,0.4697080291970802,0.4080291970802919,年興
9.800000190734863,9.8100004196167,9.300000190734863,9.600000381469728,2116480.0,0.0996564587459916,9.24600009918213,0.054945052641772,9.039499998092651,0.1925466029825484,9.262152926127117,0.1214953166906034,8.931076459089915,-0.0035275331656629,59.34960137546309,1102872.85,1.9190607512008293,0.0620056843293703,1455.TW,2026-08-11,0.0080125571725508,0.1022128218364362,neutral,0.1686746987951807,0.150278293135436,2026-03-31,2026-05-15,1265739000.0,26904000.0,-45175000.0,-32149000.0,-5368000.0,-26781000.0,-0.05,3072494000.0,1880065000.0,9399593000.0,3651618000.0,5747975000.0,484215000.0,608371000.0,1509426000.0,,0.1669725341379203,-37632015.77031945,7519528000.0,-0.0050045715329897,-0.004659206068224,-0.0028491659160135,0.6352877317664047,0.0212555669059735,-0.0356906123616322,-0.0211583904738654,-0.319428201806952,,,12.511705122929076,12.511705122929076,False,61.85732622571384,61.85732622571384,49.52092095001764,1002.0,True,False,True,True,True,False,False,True,True,True,True,True,True,True,False,False,False,11,False,0.0364761258032779,0.0748984655370397,1.0,10587579.780712608,0.6468952734012975,0.0,3.0,,,,,,0.0540173378149238,0.0145601300596486,0.1664538413595639,-1.6248849425900374,0.558029197080292,-1.6248849425900374,0.6063778720234826,-1002.0,0.0364963503649635,0.0291970802919708,0.6642335766423357,0.1306569343065693,0.1598540145985401,集盛
13.899999618530272,13.949999809265137,13.100000381469728,13.699999809265137,438411.0,0.0579150587680634,13.289999771118165,0.0522750779382119,14.099135065078736,0.1764008703021629,12.543666060765585,0.1914829752730737,12.07502269744873,0.0187834146924183,52.77777483433884,111208.25,3.9422524857643206,-0.0283092015198997,1459.TW,2026-08-11,0.0080125571725508,0.1022128218364362,neutral,0.1723818350324374,0.1623376623376623,2026-03-31,2026-05-15,231160000.0,43640000.0,24305000.0,20991000.0,11327000.0,10929000.0,0.03,2303265000.0,1144782000.0,4781139000.0,1238615000.0,3542524000.0,1064701000.0,969808000.0,0.0,,0.4,14583000.0,3636357000.0,0.0040103323188564,0.0030850884849333,0.0022858569893073,0.3496419502027368,0.1887869873680567,0.1051436234642671,0.0472789409932514,-0.1821658664987316,,,27.476121095005883,27.476121095005883,False,66.6342976509618,66.6342976509618,56.84475351197282,723.0,True,False,True,True,False,True,True,True,True,True,True,True,False,True,False,False,False,11,False,0.0921846725588753,0.134573420897978,1.0,1523553.0037887096,0.8943466172381835,0.0,3.0,,,,,,0.0416890446744247,0.026733868888764,0.2275193653300313,-1.3213193444388136,0.6832116788321168,-1.3213193444388136,0.721478051797704,-723.0,0.2408759124087591,0.1605839416058394,0.8321167883211679,0.3295620437956204,0.335036496350365,聯發
13.449999809265137,13.449999809265137,13.149999618530272,13.399999618530272,34000.0,-0.0428571701049805,13.560000038146972,0.003745261096018,13.547500038146971,0.1166666348775227,12.545000028610229,0.0551180960455179,12.465416661898296,0.0214891640450121,55.99998931883947,60768.25,0.5595027008347286,-0.0108876485847109,1468.TW,2026-08-11,0.0080125571725508,0.1022128218364362,neutral,0.3818350324374421,0.237012987012987,2026-03-31,2026-05-15,127625000.0,33061000.0,6858000.0,37576000.0,10255000.0,27394000.0,0.17,2026221000.0,1309595000.0,3251907000.0,1720312000.0,1531595000.0,422483000.0,1024218000.0,318861000.0,,0.2729135618479881,4986358.792846498,1942312000.0,0.002567228536325,0.0178859293742797,0.0084239801445736,1.1232159937842576,0.2590479921645445,0.0537355533790401,0.2146444662095984,-0.4821632894854295,,,27.22145617109853,27.22145617109853,False,62.06405692804036,62.06405692804036,53.3534067388049,730.0,True,False,True,True,False,True,True,True,False,True,True,True,False,True,False,False,False,10,False,0.0681546104400259,0.0749740648051191,1.0,814294.5268187522,0.948100092678406,0.0,3.0,,,,,,0.0700640122552253,0.0465640623546422,0.2152186035695423,-0.923992008278008,0.785036496350365,-0.923992008278008,0.8171578459995033,-730.0,0.2262773722627737,0.0802919708029197,0.9124087591240876,0.3291970802919708,0.3197080291970803,昶和
23.350000381469727,23.5,23.350000381469727,23.39999961853028,22000.0,0.0042918620061871,23.1,0.0883720752804779,22.99750003814697,0.0823570876858814,22.022928269704188,0.0586211210995275,21.941987307866416,0.0171384342921814,62.68658585952911,11650.5,1.8883309729196167,0.0175018841054748,1470.TW,2026-08-11,0.0080125571725508,0.1022128218364362,neutral,0.0991658943466172,0.3033395176252319,2026-03-31,2026-05-15,191305000.0,51630000.0,23476000.0,33194000.0,6523000.0,26671000.0,0.31,639175000.0,186883000.0,1180792000.0,196077000.0,984715000.0,246931000.0,25000000.0,,,0.196511417726095,18862697.95746219,993909000.0,0.0189782947507892,0.0270849941353589,0.0225873820283335,0.1991205577248239,0.2698831708528266,0.1227150361987402,0.1394161156268785,-0.1058090510512195,,,51.74217296976339,51.74217296976339,False,76.62328317506443,76.62328317506443,70.40300562373916,341.0,True,True,True,True,True,True,True,True,True,False,True,True,True,True,False,False,False,13,False,0.0625289848816541,0.0664485076126695,1.0,272621.695555687,0.989805375347544,0.0,3.0,,,,,,0.1077506929461731,0.0471564737772331,0.2359149200984009,-1.2042418448199712,0.8288321167883211,-1.2042418448199712,0.7820729754112411,-341.0,0.6204379562043796,0.7445255474452555,0.8759124087591241,0.6587591240875912,0.7087591240875912,大統新創
11.850000381469728,12.800000190734863,11.75,12.300000190734863,3037170.0,0.0933333502875433,11.740000152587893,0.1441860642544059,11.575,0.2300000190734863,10.804999987284342,0.0468085268710523,10.969166692097982,0.0229783550864282,58.97435960136398,1959938.7,1.5496249959246176,0.0626350056790379,1517.TW,2026-08-11,0.0080125571725508,0.1022128218364362,neutral,0.0537534754402224,0.1205936920222634,2026-03-31,2026-05-15,438193000.0,4957000.0,-85854000.0,-50616000.0,-13838000.0,-41849000.0,-0.19,2856330000.0,505082000.0,4156878000.0,660249000.0,3496629000.0,748897000.0,,,,0.2733918128654971,-62382219.298245616,3651796000.0,-0.0170826134039923,-0.0119683844068101,-0.010067411167708,0.1888244363356821,0.0113123669250763,-0.1959273653390172,-0.0955035794729719,-0.2058095362375577,,,14.285714285714285,14.285714285714285,False,87.92163398815504,87.92163398815504,69.51265406254485,973.0,True,True,True,True,True,True,True,True,True,True,True,True,True,True,False,False,False,14,False,0.1383618884969812,0.121324940717292,1.0,24107246.38382864,0.5329008341056534,0.0,3.0,,,,,,0.0026031764387923,-0.0523843318977369,0.2345683293307891,-1.831066703229383,0.3711678832116789,-1.831066703229383,0.4034105668853914,-973.0,0.072992700729927,0.708029197080292,0.3868613138686131,0.1200729927007299,0.3262773722627737,利奇
67.69999694824219,68.0999984741211,67.5,67.5,10009.0,-0.0102638853308663,68.44000091552735,0.0242791872090135,67.72000045776367,0.2134251450218574,65.50847543080648,0.1519607763355452,62.37445074717204,0.0069139806166191,60.37735305845417,15806.8,0.6332084925475112,-0.0032486777359206,1525.TW,2026-08-11,0.0080125571725508,0.1022128218364362,neutral,0.2641334569045412,0.1317254174397031,2026-03-31,2026-05-15,281735000.0,40655000.0,2924000.0,46209000.0,106069000.0,-59860000.0,-0.82,2768107000.0,386523000.0,5758402000.0,665056000.0,5093346000.0,2111569000.0,,,,0.4,1754400.0,5371879000.0,0.0003265896346511,-0.0117525885734053,-0.0103952450697259,0.1305734972648628,0.1443022698635242,0.0103785472163557,-0.2124691642855875,0.0173619762608918,,,20.40210850591844,20.40210850591844,False,73.09103092182026,73.09103092182026,59.918800317844806,852.0,True,False,True,True,False,True,True,True,True,True,True,True,False,True,False,False,False,11,False,0.0304010214876251,0.0821738579086461,1.0,1066959.0,0.9286376274328082,1.0,3.0,,,,,,0.0107203009848973,-0.0203105620520348,0.0990803434170302,-1.6654332009134616,0.316058394160584,-1.6654332009134616,0.2600948248080047,-852.0,0.1313868613138686,0.2992700729927007,0.1751824817518248,0.137956204379562,0.1905109489051094,江申
18.299999237060547,19.200000762939453,17.75,19.0,1277033.0,0.0674157760884048,18.429999923706056,0.3380281869865227,17.462499904632573,0.2925170235733372,15.508333285649618,-0.05,16.374583307902018,0.0623574178922596,63.68159827158075,2080990.55,0.6136659294296171,0.0880458183973733,1526.TW,2026-08-11,0.0080125571725508,0.1022128218364362,neutral,0.0083410565338276,0.0871985157699443,2026-03-31,2026-05-15,161967000.0,20373000.0,-31597000.0,-32188000.0,-5656000.0,-26532000.0,-0.44,1390560000.0,762634000.0,2260417000.0,919977000.0,1340440000.0,321815000.0,47136000.0,137059000.0,0.0,0.1757176587548154,-26044849.136324096,1497783000.0,-0.0173889336014122,-0.0197935006415803,-0.0117376572552763,0.6863246396705559,0.1257848821056141,-0.1950829489957831,-0.1638111467150715,-0.1925147819844253,,,13.294112740747746,13.294112740747746,False,86.92740330776128,86.92740330776128,68.5190806660079,989.0,True,True,True,True,True,True,True,True,True,True,True,True,False,True,False,False,False,13,False,0.2251477737831013,0.1603348703738318,1.0,39538820.45,0.4633920296570899,0.0,3.0,,,,,,-0.0037854196507791,-0.1109955656591814,0.2432080538993855,-2.149599231688182,0.2733576642335766,-2.149599231688182,0.257946846466787,-989.0,0.0583941605839416,0.656934306569343,0.145985401459854,0.0715328467153284,0.2554744525547445,日馳
16.350000381469727,16.700000762939453,16.350000381469727,16.399999618530273,182417.0,0.0186334925436293,16.2,0.0479233238518401,16.152500057220458,0.0684038573919572,15.95,-0.0863510350155191,16.30000006357829,0.006386293410107,60.52632899828843,154573.4,1.1801318985025884,0.0153226782499951,1539.TW,2026-08-11,0.0080125571725508,0.1022128218364362,neutral,0.1825764596848934,0.336734693877551,2026-03-31,2026-05-15,241975000.0,20581000.0,-1673000.0,6693000.0,1339000.0,5354000.0,0.08,1037743000.0,398507000.0,2177403000.0,575122000.0,1602281000.0,518998000.0,130000000.0,159176000.0,,0.2000597639324667,-1338300.0149409832,1778896000.0,-0.0007523205487791,0.0033414862936026,0.0024588925430891,0.358939536822817,0.0850542411406137,-0.0069139373902262,0.022126252712057,-0.3218170454513606,,,15.741460076530684,15.741460076530684,False,73.35602675785606,73.35602675785606,58.95238508752471,943.0,True,False,True,True,True,True,True,True,True,False,True,True,True,True,False,False,False,12,False,0.0282131422276032,0.0061349419976648,1.0,2535003.7010349277,0.830398517145505,0.0,3.0,,,,,,0.0258820667246431,0.0014547395087573,0.1249360291415654,-1.8462863025242504,0.3777372262773723,-1.8462863025242504,0.3814077718937378,-943.0,0.0875912408759124,0.2700729927007299,0.3065693430656934,0.1204379562043795,0.1861313868613138,巨庭
1565.0,1575.0,1510.0,1560.0,765723.0,0.0947368421052632,1549.0,0.2344292347004715,1407.5010925292968,0.0758620689655171,1372.3649169921875,0.3054393305439331,1284.9741251627604,0.0477586572665691,66.9585532501104,1049825.85,0.7293809730442434,0.1083472746700755,1590.TW,2026-08-11,0.0080125571725508,0.1022128218364362,neutral,0.0213160333642261,0.3218923933209647,2026-03-31,2026-05-15,10013502000.0,4803572000.0,3324875000.0,3424107000.0,753181000.0,2670974000.0,13.35,29736697000.0,10608563000.0,61857103000.0,11001347000.0,50855756000.0,6148132000.0,266664000.0,,,0.2199642125669554,2593521488.741444,51248540000.0,0.050606739016203,0.0525205839040127,0.043179746067319,0.2163245198832556,0.4797094962381792,0.3320391806982212,0.2667372513632094,0.2368329227850061,,,92.8369943680382,92.8369943680382,False,78.72153399954384,78.72153399954384,82.25039909166742,23.0,True,True,True,True,True,True,True,True,True,False,True,True,False,True,True,False,False,12,False,0.136723899514316,0.2140322279270827,1.0,1637728326.0000002,0.0852641334569045,3.0,1.0,,,,,,-0.0141390249755252,-0.0808724612709747,0.2178357757813248,-1.120920871178937,0.364963503649635,-1.120920871178937,0.4781721624148071,-23.0,0.978102189781022,0.9708029197080292,0.4817518248175182,0.9036496350364964,0.8766423357664234,亞德客-KY
20.450000762939453,20.64999961853028,20.200000762939453,20.600000381469727,363141.0,0.0073349443977581,20.27999992370605,0.0701298899464792,20.05500001907349,0.0520606895616588,19.783300971984865,0.0546842797416924,19.596315511067708,0.0145440699617114,61.24998986721522,472465.1,0.7686091522950584,0.0271752860572382,1598.TW,2026-08-11,0.0080125571725508,0.1022128218364362,neutral,0.1362372567191844,0.3868274582560297,2026-03-31,2026-05-15,1638270000.0,690078000.0,57360000.0,64104000.0,29471000.0,41640000.0,0.25,4112323000.0,3729262000.0,10177038000.0,5632832000.0,4544206000.0,828820000.0,2257573000.0,1564802000.0,0.0,0.4,34416000.0,6447776000.0,0.0053376544098306,0.009163316979908,0.0040915637732707,1.2395635233085824,0.4212236078302111,0.0350125437198996,0.0254170557966635,-0.1211837067061192,,,29.108093554474383,29.108093554474383,False,73.22903649433223,73.22903649433223,62.19880075936777,695.0,True,False,True,True,True,True,True,True,True,False,True,True,False,True,False,False,False,11,False,0.0412822617742807,0.0512180399338413,1.0,9732781.240231132,0.6607970342910102,0.0,3.0,,,,,,0.0421598304941064,0.0178532179323483,0.2061271803510981,-1.2666405225289634,0.6445255474452555,-1.2666405225289634,0.6658849658668504,-695.0,0.2700729927007299,0.437956204379562,0.7372262773722628,0.3401459854014598,0.4138686131386861,岱宇
37.900001525878906,38.84999847412109,37.04999923706055,38.29999923706055,50159515.0,0.1348147922092013,35.98999938964844,0.1518796763025729,33.31249990463257,0.1198359035354956,35.5874737739563,0.1296018795279894,33.90800167719523,0.0139248118065035,64.9068313415557,26305020.6,1.9068418824959976,0.1497185544977486,1605.TW,2026-08-11,0.0080125571725508,0.1022128218364362,neutral,0.0500463392029657,0.2319109461966604,2026-03-31,2026-05-15,41070352000.0,3192789000.0,547321000.0,4060027000.0,562012000.0,3584927000.0,0.81,90410765000.0,60341422000.0,306209880000.0,131730308000.0,174479572000.0,13913788000.0,12903118000.0,50244505000.0,5300000000.0,0.1384256804203519,471557718.1666526,245868458000.0,0.0019179268540686,0.0205463995521492,0.0117074178011499,0.7549898620796709,0.0777395090258783,0.0133264258363307,0.0872874671247034,-0.0841324099926965,,,22.373994815385178,22.373994815385178,False,75.8028967686882,75.8028967686882,62.44567128036245,819.0,True,True,True,True,True,False,True,True,True,True,False,True,True,True,False,False,False,12,False,0.076221354747842,0.1295268769205926,1.0,1007482268.910862,0.1158480074142724,1.0,3.0,,,,,,-0.0024762980639811,-0.0578493010817705,0.1927581596006503,-1.7748435859921203,0.2908759124087591,-1.7748435859921203,0.3498750459442027,-819.0,0.1678832116788321,0.4525547445255474,0.2846715328467153,0.1854014598540145,0.2766423357664233,華新
35.95000076293945,37.0,35.79999923706055,36.45000076293945,8128426.0,0.0642335989179403,34.99000091552735,0.1894895824807285,31.23962268829346,0.1534810228772583,33.17704407374064,0.1180982352460726,33.255188608169554,0.0175397724995938,70.40816750209419,4973806.2,1.634246625853657,0.1667874841714558,1608.TW,2026-08-11,0.0080125571725508,0.1022128218364362,neutral,0.0352177942539388,0.1818181818181818,2026-03-31,2026-05-15,3453119000.0,483830000.0,419422000.0,270760000.0,67589000.0,157429000.0,0.37,9405391000.0,5028451000.0,16894935000.0,5965058000.0,10929877000.0,686209000.0,3168114000.0,,,0.2496269759196336,314722954.5058354,11866484000.0,0.026522005549903,0.0144035472677322,0.009318118122384,0.5457571022985894,0.1401139086142122,0.1214617857073561,0.0455903778583941,0.2223962317651353,,,50.67079431646654,50.67079431646654,False,74.11262307814681,74.11262307814681,68.25216588772675,358.0,True,False,True,True,True,False,True,True,True,True,True,True,True,False,False,False,False,11,False,0.0986512445751408,0.0960695845816088,1.0,181295239.784713,0.2715477293790547,1.0,3.0,,,,,,-0.0029076016710667,-0.0801649380739117,0.1945317743502394,-1.5390729837205384,0.3058394160583941,-1.5390729837205384,0.1704949650925113,-358.0,0.5912408759124088,0.6423357664233577,0.072992700729927,0.5135036496350366,0.502919708029197,華榮
40.5,40.84999847412109,40.150001525878906,40.79999923706055,879138.0,0.0501930718025227,39.369999694824216,0.0765170869241644,38.40749969482422,0.0666666467205372,40.294166564941406,-0.0609896773152468,40.46374994913737,0.002872246174042,60.0000179515408,713737.1,1.2317392496480848,0.0622925095683524,1618.TW,2026-08-11,0.0080125571725508,0.1022128218364362,neutral,0.1269694161260426,0.3395176252319109,2026-03-31,2026-05-15,1166170000.0,393476000.0,351688000.0,377918000.0,75657000.0,302261000.0,1.57,4189192000.0,1792843000.0,8312081000.0,1873571000.0,6438510000.0,456109000.0,831869000.0,,,0.2001942220270005,281282094.4437682,6519238000.0,0.0431464681062063,0.04694579957164,0.0363640585311909,0.2909945002803443,0.3374087825960195,0.3015752420316077,0.2591911985388065,0.0721134840447537,,,81.36310017392262,81.36310017392262,False,68.71408859822968,68.71408859822968,71.8763414921529,79.0,True,False,True,True,True,False,True,True,True,False,True,True,True,True,True,False,False,11,False,0.0125534963306388,0.008309889428089,1.0,29120473.135461807,0.505097312326228,1.0,2.0,,,,,,0.0217876804634755,-0.0212735948848608,0.1912753828671153,-1.9448206804436312,0.3843065693430657,-1.9448206804436312,0.3977696775696118,-79.0,0.9124087591240876,0.7737226277372263,0.3576642335766423,0.8291970802919708,0.7598540145985402,合機
33.0,33.0,32.04999923706055,32.45000076293945,2158036.0,0.0,32.62000007629395,0.0570032559123767,32.244999980926515,0.1094017354851095,30.99750006993612,0.0301587543790302,30.56250006357829,0.0179149244655319,53.84615836059379,1536699.15,1.4043321361894423,0.0063575990737849,1808.TW,2026-08-11,0.0080125571725508,0.1022128218364362,neutral,0.1603336422613531,0.2532467532467532,2026-03-31,2026-05-15,5392216000.0,1474911000.0,1229561000.0,1153602000.0,211319000.0,942283000.0,1.06,46784978000.0,26633648000.0,51660398000.0,37973630000.0,13686768000.0,5845055000.0,11570200000.0,207356000.0,10980553000.0,0.1831818946222353,1004327686.4663897,25026750000.0,0.0401301681787043,0.068846275468394,0.0182399485191732,2.774477509957062,0.2735259492572256,0.2280251755493474,0.1747487489373571,173.44891620834682,,,72.1127428848662,72.1127428848662,False,69.80934335937776,69.80934335937776,70.38519324074987,148.0,True,False,True,True,True,True,True,True,True,True,True,True,True,True,True,False,False,13,False,0.0468586398814816,0.0617587139610518,1.0,49865888.589908406,0.4318813716404078,1.0,3.0,,,,,,0.0953852733438964,0.0325895026493889,0.1904677892136037,-0.7553510065290454,0.772992700729927,-0.7553510065290454,0.7193040631176374,-148.0,0.8029197080291971,0.7372262773722628,0.8175182481751825,0.8051094890510949,0.7861313868613139,潤隆
86.4000015258789,86.5,84.0999984741211,85.5,3455975.0,0.0363636363636363,84.9,0.217948770895793,76.1650001525879,0.3194443823051742,70.7283332824707,0.2792685468812035,70.39708290100097,0.0517122407283209,74.16108009713398,4251922.65,0.8128028857721576,0.1225628547063677,2006.TW,2026-08-11,0.0080125571725508,0.1022128218364362,neutral,0.025949953660797,0.0732838589981447,2026-03-31,2026-05-15,13602390000.0,2004381000.0,1390762000.0,1521134000.0,302993000.0,1211982000.0,1.66,28387625000.0,18568929000.0,51955456000.0,19405487000.0,32549969000.0,1294546000.0,5329132000.0,260000000.0,,0.1991888946010016,1113737654.5669217,33386527000.0,0.0333588951784928,0.0372345055075167,0.0233273287024946,0.596175283607797,0.1473550603974742,0.1022439438951537,0.089100665397772,-0.0619062729029651,,,52.210458028038886,52.210458028038886,False,82.38940491522247,82.38940491522247,74.84466819342657,335.0,True,True,True,True,True,True,True,False,True,True,True,True,True,True,False,False,False,13,False,0.208850767888663,0.2145389620794113,1.0,363539386.5750001,0.2057460611677479,1.0,3.0,,,,,,0.0591941682895975,0.0062696127871388,0.2835258890198729,-1.2652931026404033,0.7678832116788321,-1.2652931026404033,0.6124221185147962,-335.0,0.6277372262773723,0.8613138686131386,0.6788321167883211,0.6354014598540145,0.708029197080292,東和鋼鐵
30.600000381469727,30.75,30.5,30.75,16381.0,0.0065466699814784,30.95,0.0318792210490392,30.86999988555908,0.1161524810002454,29.90334850947062,0.0585198212594331,28.9966742515564,0.015443744338809,56.66667373092378,32688.85,0.5011188830442185,-0.0038872655006136,2008.TW,2026-08-11,0.0080125571725508,0.1022128218364362,neutral,0.2261353104726598,0.2393320964749536,2026-03-31,2026-05-15,349981000.0,60260000.0,34264000.0,25821000.0,1897000.0,,0.13,2434612000.0,1949854000.0,8362257000.0,4596942000.0,3765315000.0,312935000.0,1633298000.0,2437214000.0,,0.073467332791139,31746715.309244413,6412403000.0,0.0049508297137975,,,1.2208651865780151,0.1721807755278143,0.0979024575619819,,-0.2357091693673075,,,28.43463561506169,28.43463561506169,False,67.41783130830612,67.41783130830612,57.67203238499501,708.0,True,False,True,True,False,True,True,True,True,True,True,True,False,True,False,False,False,11,False,0.0283129325888449,0.0604664429180008,1.0,1005182.1375,0.9323447636700648,1.0,3.0,,,,,,0.019484112820042,0.0059494996548171,0.1859993551989982,-1.2732974769945444,0.5164233576642336,-1.2732974769945444,0.4403332887732115,-708.0,0.2627737226277372,0.2116788321167883,0.4525547445255474,0.2912408759124087,0.2854014598540146,高興昌
40.0,40.5,39.34999847412109,40.04999923706055,2373986.0,0.0665778974912092,39.44000091552734,0.0595238107252134,37.370676803588864,0.0498033456143582,38.79022547403972,-0.0565371374026971,39.97927942276001,0.0092497210925429,62.70633248428116,1912818.7,1.241093052885775,0.0716958498652178,2009.TW,2026-08-11,0.0080125571725508,0.1022128218364362,neutral,0.1556997219647822,0.4016697588126159,2026-03-31,2026-05-15,799069000.0,89698000.0,74091000.0,76674000.0,0.0,,0.21,2492291000.0,1725805000.0,10283213000.0,1994285000.0,8288928000.0,115317000.0,1048111000.0,,,0.0,74091000.0,8557408000.0,0.0086581123629958,,,0.2405962508058943,0.1122531345853737,0.0927216548258035,,0.2957994749140937,,,52.89939291590058,52.89939291590058,False,66.37510231768947,66.37510231768947,63.006174967242245,325.0,True,False,True,True,True,False,True,True,True,False,True,True,True,True,False,False,False,11,False,0.032476577478621,0.0017689116792904,1.0,76608387.47563514,0.3725671918443002,1.0,3.0,,,,,,-0.0118997803553943,-0.0856721411517373,0.1671249228279964,-2.301924813978156,0.1642335766423357,-2.301924813978156,0.1060886030309015,-325.0,0.635036496350365,0.4890510948905109,0.0510948905109489,0.5474452554744526,0.4744525547445256,第一銅
23.350000381469727,23.39999961853028,22.850000381469727,23.0,1982195.0,0.1004784889856087,22.38000030517578,0.0849056213340895,21.400000095367435,0.1214203451467275,21.57150497436524,0.1496482780765466,21.817348766326905,0.0133775295084918,74.99998745165746,1416169.85,1.3996873327023591,0.0747663503505742,2010.TW,2026-08-11,0.0080125571725508,0.1022128218364362,neutral,0.1047265987025023,0.2300556586270872,2026-03-31,2026-05-15,6434872000.0,682639000.0,464114000.0,473003000.0,98964000.0,369123000.0,0.57,15350374000.0,9394504000.0,24093239000.0,11630814000.0,12462425000.0,619531000.0,3537293000.0,1338370000.0,,0.2092248886370699,367009800.0350949,14698735000.0,0.0249688017394078,0.0296188743362547,0.0153206050875932,0.9332705312168378,0.1060843168286797,0.0721248223740891,0.0573629125800792,0.1500844484399826,,,45.75393425343425,45.75393425343425,False,65.66806754164858,65.66806754164858,60.68953421959501,421.0,True,False,True,True,True,False,True,False,True,True,False,True,True,True,False,False,False,10,False,0.0662213891581664,0.0542069179138031,1.0,32571906.55,0.4874884151992585,0.0,3.0,,,,,,0.072146165049155,0.0186698797730694,0.2792925901862308,-0.6865970154922658,0.858029197080292,-0.6865970154922658,0.8133175016883207,-421.0,0.5401459854014599,0.3503649635036496,0.9051094890510948,0.5948905109489051,0.5562043795620438,春源
65.5,65.5999984741211,64.30000305175781,64.5999984741211,303957.0,0.0125391731446264,64.96000061035156,0.0237717913830883,64.50500011444092,0.045307431579731,62.83833351135254,0.0444586738691512,63.05040769577026,0.0108125072945288,58.71557546039666,362563.55,0.8383550966444365,0.0014727286181168,2015.TW,2026-08-11,0.0080125571725508,0.1022128218364362,neutral,0.2715477293790547,0.4146567717996289,2026-03-31,2026-05-15,6404574000.0,820478000.0,589291000.0,648609000.0,122645000.0,526749000.0,0.91,12172005000.0,4388066000.0,26283228000.0,5068762000.0,21214466000.0,4570295000.0,40284000.0,,,0.1890892664147429,477862397.1051897,21895162000.0,0.0218250222174738,0.0248297081812005,0.0200412597722014,0.2389295115889318,0.1281081302206829,0.0920109596672628,0.0822457512396609,-0.1410674325019171,,,42.92012472337977,42.92012472337977,False,64.07162672003255,64.07162672003255,58.78375122086936,460.0,True,False,True,True,True,True,True,True,True,False,True,True,True,True,False,False,False,12,False,0.0280348771892604,0.0245770144077084,1.0,23421604.776771925,0.5393883225208527,1.0,3.0,,,,,,0.0545754361136566,0.0185888261361105,0.1296675696171738,-1.485621402160755,0.5587591240875912,-1.485621402160755,0.5298046160796541,-460.0,0.5109489051094891,0.2627737226277372,0.5547445255474452,0.5175182481751825,0.4452554744525547,豐興
47.5,47.75,46.0,46.45000076293945,14968262.0,0.0497175313658633,46.15999908447266,0.1879796055154088,43.63250007629394,0.1789339838586028,42.09063320159912,0.2554054260253906,39.81906658808391,0.0451872547900444,61.06557620529573,20077818.3,0.745512374718522,0.0645734413961827,2027.TW,2026-08-11,0.0080125571725508,0.1022128218364362,neutral,0.0370713623725671,0.1614100185528757,2026-03-31,2026-05-15,31174326000.0,8517820000.0,5633209000.0,4716863000.0,1204326000.0,2914770000.0,1.17,89517343000.0,24455518000.0,159942793000.0,66551339000.0,93391454000.0,9252095000.0,11925609000.0,29968117000.0,,0.2553235063218923,4194918326.275959,135487275000.0,0.0309617144951506,0.0312102432841446,0.0182238283159154,0.7126063054977172,0.2732318896004359,0.1807002659816927,0.0934990543179666,0.1950875950100803,,,67.77515994414823,67.77515994414823,False,85.16086633102105,85.16086633102105,80.81443973430285,179.0,True,True,True,True,True,True,True,True,True,True,True,True,False,True,True,False,False,13,False,0.1035709665012765,0.1665266100647344,1.0,932614675.3531598,0.1223354958294717,1.0,3.0,,,,,,0.0303487296184349,-0.0532766539887108,0.2941887187433981,-1.24199292402519,0.5857664233576643,-1.24199292402519,0.5241195603313569,-179.0,0.7737226277372263,0.9562043795620438,0.5474452554744526,0.7397810218978103,0.7832116788321168,大成鋼
21.299999237060547,21.350000381469727,21.0,21.299999237060547,402466.0,0.0415647160102559,20.79000015258789,0.0518518141758295,20.65000009536743,0.0649999618530272,20.60031038920085,-0.0046729151052481,20.6397385597229,0.0066716052387978,69.04758012217917,256887.8,1.5666995474288776,0.031476955868825,2029.TW,2026-08-11,0.0080125571725508,0.1022128218364362,neutral,0.1733086190917516,0.3450834879406308,2026-03-31,2026-05-15,3111785000.0,440347000.0,145201000.0,173680000.0,32998000.0,134373000.0,0.42,8418174000.0,1415146000.0,11631228000.0,1524045000.0,10107183000.0,2662689000.0,204353000.0,,,0.1899930907415937,117613813.23122984,10216082000.0,0.011512614447616,0.0132948023202904,0.011552778434057,0.1507883057029837,0.1415094551840824,0.0466616427548818,0.0431819679058803,-0.1807433477529307,,,30.0830240796116,30.0830240796116,False,69.57747442173088,69.57747442173088,59.70386183620106,679.0,True,False,True,True,True,True,True,True,True,False,True,True,True,True,False,False,False,12,False,0.0339649662864542,0.0319897791063159,1.0,5471709.944010162,0.7358665430954587,0.0,3.0,,,,,,0.033789708449057,0.0087064051688954,0.1322045060573159,-1.6095167266527053,0.4686131386861313,-1.6095167266527053,0.4374389682977762,-679.0,0.3211678832116788,0.291970802919708,0.4306569343065693,0.3375912408759124,0.3343065693430657,盛餘
18.0,18.100000381469727,17.299999237060547,17.299999237060547,1655846.0,0.1089742829500275,16.929999923706056,0.0778816236398107,16.10499987602234,0.0646153376652645,16.86249992052714,0.0835404900921348,16.400661611557005,0.0101928807441549,64.04493539235423,557080.8,2.9723623574892546,0.074200519729116,2032.TW,2026-08-11,0.0080125571725508,0.1022128218364362,neutral,0.1223354958294717,0.3469387755102041,2026-03-31,2026-05-15,783716000.0,93297000.0,60930000.0,76557000.0,12528000.0,,0.49,1409931000.0,447134000.0,2340537000.0,586657000.0,1753880000.0,309422000.0,236879000.0,,,0.1636427759708452,50959245.6600964,1893403000.0,0.0269141042134698,,,0.3344909571920542,0.1190443987362769,0.0777449994640915,,0.0203492838041572,,,46.72339013307418,46.72339013307418,False,65.45658083439349,65.45658083439349,60.77328315906367,405.0,True,False,True,True,True,False,True,True,True,False,False,True,True,True,False,False,False,10,False,0.0259451041420513,0.0548354479108212,1.0,9637497.41498108,0.6635773864689527,0.0,3.0,,,,,,0.0556436521945298,0.0138505777611274,0.2858966986157124,-1.3260237049264405,0.7616788321167883,-1.3260237049264405,0.8321399509324102,-405.0,0.5474452554744526,0.364963503649635,0.9343065693430656,0.6054744525547444,0.57007299270073,新鋼
20.0,20.350000381469727,19.950000762939453,20.049999237060547,772539.0,0.0808625370185023,19.5,0.1232492329733876,18.69250001907349,0.0818972069548293,18.59909861882528,0.122180716805381,18.261559295654298,0.0194982210502203,71.87500186264566,381590.2,2.0245252629653487,0.0726226677331491,2069.TW,2026-08-11,0.0080125571725508,0.1022128218364362,neutral,0.0676552363299351,0.3042671614100185,2026-03-31,2026-05-15,2302863000.0,277674000.0,137979000.0,128564000.0,22373000.0,106191000.0,0.64,4252225000.0,3913450000.0,9681868000.0,5325210000.0,4356658000.0,267712000.0,2834868000.0,1356137000.0,,0.174022276842662,113967580.26352634,5768418000.0,0.019757163968271,0.0243744172712202,0.0109680280706161,1.2223153619127325,0.1205777330218949,0.0599162868134144,0.0461125998376803,-0.1384973197554728,,,30.045180578249248,30.045180578249248,False,72.87784232790267,72.87784232790267,62.16967689048931,681.0,True,False,True,True,True,True,True,True,True,False,True,True,True,True,False,False,False,12,False,0.0780091900134734,0.0979346786575801,1.0,7650883.218869782,0.696014828544949,0.0,3.0,,,,,,0.0565679544093237,0.0257992611756114,0.2557644745387441,-1.1499255536468191,0.778102189781022,-1.1499255536468191,0.7520518454283515,-681.0,0.3138686131386861,0.4306569343065693,0.8613138686131386,0.395985401459854,0.4583941605839416,運錩
18.350000381469727,18.89999961853028,18.200000762939453,18.89999961853028,1652148.0,0.0356164174537139,18.289999771118165,0.0799999782017302,18.119999980926515,0.167514580908386,17.384689490000408,0.0110434772316734,17.515173959732056,0.0110196647989497,76.08696193010633,1266210.0,1.3047977823583763,0.0430463376614131,2106.TW,2026-08-11,0.0080125571725508,0.1022128218364362,neutral,0.1177015755329008,0.1725417439703154,2026-03-31,2026-05-15,8698617000.0,1718035000.0,255513000.0,171823000.0,60640000.0,111183000.0,0.12,25478129000.0,9730576000.0,47068938000.0,27476173000.0,19592765000.0,9412275000.0,3037616000.0,14974373000.0,,0.3529213201957829,165337014.71281496,37338362000.0,0.0044280735912522,0.0056746967566854,0.0023621310512678,1.4023632192801785,0.1975066841085198,0.029373979794719,0.0127816870199021,-0.0124089540383796,,,20.024805479941964,20.024805479941964,False,73.28258545952599,73.28258545952599,59.96814046462998,860.0,True,False,True,True,True,True,True,False,True,True,True,True,True,True,False,False,False,12,False,0.087163485399119,0.0790643394111858,1.0,23931368.51697922,0.5338276181649676,0.0,3.0,,,,,,0.0062123050146613,-0.0434622946076648,0.1845855795390611,-1.713641738211202,0.3310218978102189,-1.713641738211202,0.2046779255053477,-860.0,0.1240875912408759,0.3065693430656934,0.0948905109489051,0.1197080291970802,0.172992700729927,建大
30.0,30.049999237060547,29.450000762939453,29.75,1347801.0,0.0837886766169346,28.690000534057617,0.0549645104654592,28.01750011444092,0.0798548393417009,28.365000152587893,0.3040743712524485,27.067572402954102,0.0,62.59541473468785,868524.3,1.5518287743935315,0.0618363479426242,2108.TW,2026-08-11,0.0080125571725508,0.1022128218364362,neutral,0.1677479147358665,0.3126159554730983,2026-03-31,2026-05-15,2595684000.0,706987000.0,322249000.0,400150000.0,120689000.0,166573000.0,0.34,14271694000.0,1850566000.0,18859782000.0,2404041000.0,16455741000.0,9490424000.0,110000000.0,24000000.0,,0.3016093964763214,225055673.59490192,17009216000.0,0.0132313960616939,0.0101224855204028,0.0088321805628506,0.1460913246021555,0.272370211474124,0.1241480087714837,0.0641730657506846,0.1428634327678053,,,48.999527692236406,48.999527692236406,False,60.13108274771928,60.13108274771928,57.34819398384855,386.0,True,False,True,True,True,False,False,True,True,False,True,True,True,True,False,False,False,10,False,0.0488277750735617,0.0991011516331306,1.0,25838597.925,0.5273401297497683,0.0,3.0,,,,,,0.0123311806090933,-0.0499958672308846,0.2003551372141372,-1.7694047719790182,0.3543795620437956,-1.7694047719790182,0.3845498193984556,-386.0,0.5693430656934306,0.1678832116788321,0.3138686131386861,0.5310218978102189,0.3978102189781021,南帝
23.39999961853028,23.39999961853028,22.799999237060547,23.0,98581.0,0.0526315605699279,22.479999923706053,0.06728542061597,22.04000005722046,0.2387294855676172,21.002533690134683,0.0292574639070086,20.765048694610595,0.0113571200151589,71.73910159022896,82248.0,1.198582336348604,0.0435571660747358,2115.TW,2026-08-11,0.0080125571725508,0.1022128218364362,neutral,0.1399443929564411,0.1150278293135436,2026-03-31,2026-05-15,795763000.0,146418000.0,55001000.0,50773000.0,23159000.0,28129000.0,0.27,2550411000.0,942761000.0,4966182000.0,1610225000.0,3355957000.0,883919000.0,179756000.0,658841000.0,,0.4,33000600.0,4023421000.0,0.0082021245104601,0.0083818118050976,0.0056641097728597,0.4798109749320388,0.1839969940798956,0.0691173125666812,0.0353484643040704,-0.0114512019538349,,,30.9467161073479,30.9467161073479,False,73.21058912093453,73.21058912093453,62.644620867537874,664.0,True,False,True,True,True,True,True,True,True,True,True,True,True,True,False,False,False,13,False,0.0951059686100428,0.1076304389293085,1.0,1891704.0,0.865616311399444,0.0,3.0,,,,,,0.0472314886138686,0.0276592370779707,0.223305715635533,-1.3514648738973174,0.6886861313868613,-1.3514648738973174,0.5634728079000506,-664.0,0.3284671532846715,0.4744525547445255,0.6204379562043796,0.3722627737226277,0.4306569343065693,六暉-KY
514.0,519.0,508.0,511.0,345183.0,-0.011605415860735,513.2,0.0645833333333334,507.475,0.1556785927380684,479.3052927652995,0.0167325262273418,480.86086654663086,0.017799839550742,57.480314960629926,544949.6,0.6334218797481456,0.0069461549830041,2207.TW,2026-08-11,0.0080125571725508,0.1022128218364362,neutral,0.144578313253012,0.1808905380333951,2026-03-31,2026-05-15,71331231000.0,,,,1278339000.0,4429572000.0,7.95,371776395000.0,39724833000.0,525151865000.0,369092964000.0,116334068000.0,33821612000.0,111314642000.0,1403494000.0,,,,485427032000.0,,0.0380763096842792,0.0084348400819256,3.1726988520679944,,,0.0620986339069348,-0.0236719001813244,,,23.69838641660918,23.69838641660918,False,72.8084722453028,72.8084722453028,60.53095078812939,793.0,True,False,True,True,True,True,True,True,True,True,True,True,False,True,False,False,False,12,False,0.0661263451772906,0.0626774511093355,1.0,278469245.6,0.2344763670064875,3.0,3.0,,,,,,0.0455411459993961,-0.0389730847219593,0.1885992265594962,-0.4681949239111677,0.5675182481751825,-0.4681949239111677,0.5715964465360857,-793.0,0.1897810218978102,0.3357664233576642,0.6277372262773723,0.2554744525547445,0.3211678832116788,和泰車
274.0,277.5,258.5,268.5,48726741.0,0.0654761904761904,257.7,0.2635294117647058,222.075,0.2939759036144578,220.71666666666667,0.6615401176062339,194.94943517049157,0.0503724725079814,68.10035842293907,28399930.0,1.7157345458245847,0.2090509962850388,2301.TW,2026-08-11,0.0080125571725508,0.1022128218364362,neutral,0.015755329008341,0.0844155844155844,2026-03-31,2026-05-15,43407292000.0,9402933000.0,4099305000.0,4969901000.0,1195242000.0,3775414000.0,1.66,165353065000.0,116511425000.0,210691221000.0,122427807000.0,88263414000.0,71133162000.0,13521025000.0,3000000000.0,,0.2404961386554782,3113437976.3289046,94179796000.0,0.0330584489302663,0.0427743934763275,0.0179191804104642,1.3870730969006029,0.2166210460675593,0.0944381649055647,0.0869764923368175,0.1919657430575541,,,57.60700281241379,57.60700281241379,False,88.56320883422299,88.56320883422299,80.82415732877068,287.0,True,True,True,True,True,True,True,True,True,True,True,True,True,False,False,False,False,13,False,0.2164917314807823,0.3772802150731309,1.0,7625381205.0,0.0268767377201112,2.0,3.0,,,,,,-0.0192513362305435,-0.123224831394433,0.2799784896360319,-1.3524231635597546,0.3886861313868613,-1.3524231635597546,0.3903474668193961,-287.0,0.6642335766423357,0.9635036496350364,0.3357664233576642,0.6149635036496349,0.6883211678832116,光寶科
178.0,181.0,172.5,178.0,194329494.0,0.1337579617834394,172.2,0.0820668693009119,157.2,0.3639846743295019,167.475,0.8295698810476129,135.88857256571453,0.0025510204081631,52.4822695035461,127848879.5,1.5199937203986211,0.1323155216284988,2344.TW,2026-08-11,0.0080125571725508,0.1022128218364362,neutral,0.1121408711770157,0.0565862708719851,2026-03-31,2026-05-15,38253064000.0,20415002000.0,12550494000.0,12688424000.0,2570746000.0,10114310000.0,2.25,110641935000.0,75046248000.0,229813688000.0,106920169000.0,122893519000.0,25520648000.0,5251103000.0,22148521000.0,4892959000.0,0.202605619106045,10007693393.043297,154767440000.0,0.0646627830313875,0.082301410866101,0.0440109120045103,0.870022844736019,0.5336827920503309,0.3280912085891995,0.2644052251605257,0.913359516665577,,,96.98400611250784,96.98400611250784,True,75.09025310015186,75.09025310015186,80.56369135324084,11.0,True,True,True,True,True,False,True,True,True,True,False,True,True,True,True,True,True,13,False,0.0628452007762352,0.3098967531940242,1.0,22757100551.0,0.0074142724745134,2.0,0.0,,,,,,-0.0572777421616361,-0.1724297026150795,0.1670610689795167,-1.4494748084495128,0.1850364963503649,-1.4494748084495128,0.2581036968119251,-11.0,0.9927007299270072,0.948905109489051,0.1605839416058394,0.8678832116788321,0.813138686131387,華邦電
91.4000015258789,91.5,89.4000015258789,91.0,5285927.0,-0.029850777832201,93.61999969482422,0.095066205426455,89.35499992370606,0.112469396149301,88.57111307779948,0.3829786592626758,83.19805666605632,0.0282085473347861,55.34352100880467,5476194.55,0.9652555167164396,0.0184097149314363,2347.TW,2026-08-11,0.0080125571725508,0.1022128218364362,neutral,0.0908248378127896,0.24860853432282,2026-03-31,2026-05-15,126357648000.0,5428837000.0,3373256000.0,3875913000.0,784782000.0,2954386000.0,1.77,208416617000.0,157729943000.0,249263901000.0,167490035000.0,81773866000.0,15304988000.0,56810338000.0,2500000000.0,,0.2024766809781334,2690250321.030425,91533958000.0,0.0293907351961162,0.036128730907745,0.0118524422836502,2.048209815590717,0.042964055487959,0.0266960967807821,0.0233811411241209,0.3825024363831348,,,42.4453478070041,42.4453478070041,False,71.30920776161514,71.30920776161514,64.09324277296238,473.0,True,False,True,True,True,True,True,True,True,True,True,True,True,True,False,False,False,13,False,0.0274230145450133,0.0937755477301522,1.0,498333704.05,0.1705282669138091,1.0,3.0,,,,,,0.0561816541330149,-0.0048487119431633,0.3050491386546713,0.0312331668109287,0.8175182481751825,0.0312331668109287,0.7430084150309308,-473.0,0.4963503649635036,0.5182481751824818,0.8540145985401459,0.55,0.5744525547445256,聯強
63.09999847412109,63.900001525878906,61.70000076293945,62.70000076293945,17044760.0,0.119642870766776,60.81999969482422,0.125673247829783,56.775,0.0999648992132271,56.84027353922526,0.1449013272804769,55.05584227244059,0.0178379326553906,68.75001219186291,12165235.25,1.401104018929679,0.1043593265158864,2354.TW,2026-08-11,0.0080125571725508,0.1022128218364362,neutral,0.0658016682113067,0.2699443413729128,2026-03-31,2026-05-15,25274831000.0,1224398000.0,373042000.0,939869000.0,285306000.0,663384000.0,0.47,119608118000.0,42954189000.0,150753789000.0,44332160000.0,106421629000.0,18348663000.0,13096824000.0,,,0.3035593258209388,259801621.9771053,107799600000.0,0.0024100425416894,0.0062335448746043,0.0044004466116602,0.4165709585219749,0.0484433704027536,0.0147594260867659,0.0262468223823138,-0.1575198993297046,,,17.738249987351253,17.738249987351253,False,69.70536079578372,69.70536079578372,56.7135830936756,897.0,True,False,True,True,True,False,True,True,True,False,False,True,True,True,False,False,False,10,False,0.1030911158383223,0.1388437298383738,1.0,762760259.4563379,0.1362372567191844,1.0,3.0,,,,,,-0.026192119416769,-0.0829958322521856,0.1586234765484566,-1.8825337599849137,0.164963503649635,-1.8825337599849137,0.1390802870625124,-897.0,0.1094890510948905,0.1532846715328467,0.0656934306569343,0.102919708029197,0.1138686131386861,鴻準
818.0,839.0,812.0,839.0,3049509.0,0.0409429280397022,826.0,0.193456614509246,769.3,0.4055955196577367,731.6079986572265,0.7569945118590178,637.2211639404297,0.045386601440413,65.41353383458647,4320508.2,0.7058218290153921,0.0906018458338751,2357.TW,2026-08-11,0.0080125571725508,0.1022128218364362,neutral,0.0333642261353104,0.0426716141001855,2026-03-31,2026-05-15,208369726000.0,30970538000.0,11895859000.0,13859608000.0,2702804000.0,9797017000.0,13.19,485857648000.0,327627459000.0,671441698000.0,354711686000.0,316730012000.0,57955263000.0,41417377000.0,275376000.0,,0.1950130191272365,9576011621.29809,343814239000.0,0.0278522833991703,0.0309317608967223,0.0145910166574134,1.1199181402487366,0.1486326185407567,0.0570901504184921,0.0470174683629425,0.4108280576281871,,,51.58078089609261,51.58078089609261,False,85.57851020005178,85.57851020005178,77.079077874062,343.0,True,True,True,True,True,True,True,True,True,True,True,True,False,True,False,False,False,13,False,0.1467889929304735,0.3166543226716076,1.0,3624906379.8,0.0435588507877664,3.0,3.0,,,,,,0.0672313725736148,-0.0199590156452731,0.3199247234524021,-1.0918739002215845,0.77007299270073,-1.0918739002215845,0.7710218077288069,-343.0,0.6131386861313869,0.8832116788321168,0.8686131386861314,0.6514598540145986,0.7452554744525548,華碩
46.79999923706055,47.34999847412109,45.59999847412109,47.29999923706055,1969776.0,0.0581655129696718,48.56999969482422,0.1383874874989477,44.29750003814697,0.2678237130083358,43.51758130391439,0.332752662676101,40.22945213317871,0.0340822793971611,61.04972468842773,2098861.65,0.9384973040028628,0.0677803306355429,2362.TW,2026-08-11,0.0080125571725508,0.1022128218364362,neutral,0.0583873957367933,0.0955473098330241,2026-03-31,2026-05-15,4941226000.0,1031961000.0,338299000.0,460047000.0,109186000.0,350861000.0,0.61,21268600000.0,19086193000.0,104921126000.0,60685209000.0,44235917000.0,8972993000.0,7767445000.0,28201977000.0,,0.2373366199540481,258008258.80616543,85834933000.0,0.0030058654418261,0.0079315864527008,0.0033440453164789,1.3718537585645618,0.2088471565558831,0.0684645875335392,0.0710068715739778,0.1924432336345798,,,31.430349126543067,31.430349126543067,False,86.45280661455725,86.45280661455725,72.69719224255371,655.0,True,True,True,True,True,True,True,True,True,True,True,True,True,True,False,False,False,14,False,0.0869170073293097,0.1757554907900547,1.0,99276154.44369563,0.340129749768304,1.0,3.0,,,,,,0.012130234130653,-0.0332240244242975,0.2298376905639784,-1.5460871083308376,0.458029197080292,-1.5460871083308376,0.4320107980218469,-655.0,0.3357664233576642,0.7883211678832117,0.4233576642335766,0.348905109489051,0.4890510948905109,藍天
76.0,76.0,74.0999984741211,76.0,233040.0,0.0719322759430345,73.3,0.1014492753623188,70.675,0.1463046229525779,69.54999987284343,0.2159999999999999,66.58083318074544,0.0171259950665372,67.16417145638863,217035.4,1.07374188726816,0.0753448885744605,2364.TW,2026-08-11,0.0080125571725508,0.1022128218364362,neutral,0.0852641334569045,0.1892393320964749,2026-03-31,2026-05-15,338915000.0,130350000.0,30596000.0,44068000.0,-15000.0,43646000.0,0.83,1165011000.0,950493000.0,1755551000.0,1003694000.0,751857000.0,599063000.0,350000000.0,,,0.0,30596000.0,805058000.0,0.0380047151882224,0.0580509325576539,0.0248617100841843,1.3349533222407983,0.3846097103993626,0.0902763229718365,0.128781552896744,-0.1059821890200796,,,61.7822396932274,61.7822396932274,False,77.75526973966667,77.75526973966667,73.76201222805685,244.0,True,True,True,True,True,True,True,True,True,True,True,True,True,True,True,False,False,14,False,0.0927390386620985,0.1414696447802712,1.0,16494690.4,0.5801668211306765,1.0,3.0,,,,,,0.0668915775726425,0.0229763713399479,0.3287262880277275,0.1138973326399294,0.9102189781021898,0.1138973326399294,0.8658063491228912,-244.0,0.6934306569343066,0.8175182481751825,0.9562043795620438,0.7328467153284671,0.7832116788321168,倫飛
349.5,353.0,346.5,350.5,4089559.0,0.055722891566265,346.0,0.0494011976047903,333.2848815917969,0.0605143721633887,339.169960530599,0.5406593406593407,298.42664693196616,0.0079386709611194,58.83901996357102,7173800.0,0.5700687222950179,0.0516528632381469,2376.TW,2026-08-11,0.0080125571725508,0.1022128218364362,neutral,0.1779425393883225,0.3617810760667903,2026-03-31,2026-05-15,105057330000.0,12614630000.0,7413710000.0,7054503000.0,1410189000.0,5268403000.0,7.86,234087870000.0,170374747000.0,247826770000.0,180781022000.0,67045748000.0,63311111000.0,69227536000.0,,9540960000.0,0.199899128258929,5931715833.835495,77452023000.0,0.0765856798063944,0.0785792262322138,0.0212584096544533,2.6963831024750444,0.1200737730532462,0.0705682316502808,0.0501478859209538,0.5978925716183887,,,59.16561347732097,59.16561347732097,False,62.520513257160616,62.520513257160616,61.6817883122007,274.0,True,False,True,True,True,False,True,True,True,False,True,True,False,True,False,False,False,10,False,0.0334051973579152,0.1744929737454217,1.0,2514416900.0,0.0593141797961075,2.0,3.0,,,,,,0.0893041971399922,0.0648558334358444,0.4244654042759843,0.4488180184273238,0.9810218978102192,0.4488180184273238,0.9725064335342748,-274.0,0.6715328467153284,0.4014598540145985,0.9854014598540146,0.7186131386861313,0.6532846715328466,技嘉
5300.0,5535.0,5240.0,5535.0,2812568.0,0.0768482490272373,5323.0,0.1136820925553319,4894.25,0.2178217821782178,5094.916666666667,1.8753246753246755,4222.833333333333,0.0063226071759021,57.56457564575646,2303680.15,1.220902129143232,0.1309189354855187,2383.TW,2026-08-11,0.0080125571725508,0.1022128218364362,neutral,0.0759962928637627,0.1270871985157699,2026-03-31,2026-05-15,33067261000.0,9729153000.0,7128470000.0,7194158000.0,1855381000.0,5339793000.0,14.9,90741002000.0,68350963000.0,130976723000.0,83055788000.0,47920935000.0,22134504000.0,12291308000.0,10978888000.0,0.0,0.2579010636130038,5290030005.06661,62625760000.0,0.0844705118958494,0.1114292323386428,0.0407690227522336,1.733183795349569,0.2942231290338803,0.2155748551414645,0.1614827729457241,0.5252381635035763,,,86.0587773245522,86.0587773245522,True,77.56664415600476,77.56664415600476,79.68967744814161,54.0,True,True,True,True,True,False,True,True,True,True,True,True,True,True,True,True,False,13,False,0.0863769443399466,0.3107313415163595,1.0,12750869630.25,0.015755329008341,3.0,2.0,,,,,,0.0025743295677943,-0.1168323914759336,0.2918532339753041,0.2137979048451772,0.5208029197080292,0.2137979048451772,0.5201352133600492,-54.0,0.9343065693430656,0.927007299270073,0.5255474452554745,0.872992700729927,0.8503649635036497,台光電
80.30000305175781,82.30000305175781,78.80000305175781,79.19999694824219,4174305.0,-0.0136987056252863,80.03999938964844,0.0969529126852744,74.2700008392334,0.0454969183684896,74.04751714070638,0.5692806297378086,66.86500148773193,0.0258287300633728,55.41561282023047,7528276.65,0.5544834753117103,0.066379373277245,2388.TW,2026-08-11,0.0080125571725508,0.1022128218364362,neutral,0.0898980537534754,0.4128014842300556,2026-03-31,2026-05-15,2141087000.0,512751000.0,-514368000.0,24523000.0,19876000.0,46146000.0,0.08,27029658000.0,13828653000.0,38880512000.0,15114556000.0,23765956000.0,13710804000.0,,613508000.0,,0.4,-308620800.0,25051859000.0,-0.0123192773837662,0.0019416849883926,0.0011868670865239,0.6359750897460216,0.2394816277899963,-0.2402368516552573,0.0215526038876514,0.0431839154495057,,,24.22681150449332,24.22681150449332,False,71.30976107722641,71.30976107722641,59.53902368404314,780.0,True,False,True,True,True,True,True,True,True,False,True,True,False,True,False,False,False,11,False,0.0695834243536481,0.184476111359594,1.0,596239487.7055229,0.1575532900834105,1.0,3.0,,,,,,0.0138025091366719,-0.0964089132417057,0.3795314339130322,-1.8428279680812625,0.4467153284671533,-1.8428279680812625,0.4778290982430374,-780.0,0.1970802919708029,0.2773722627737226,0.4744525547445255,0.2386861313868613,0.2766423357664234,威盛
38.5,40.0,38.04999923706055,39.59999847412109,4052700.0,0.136298427775463,37.78000030517578,0.1413490783307536,35.58975715637207,0.1820895066901817,37.55081672668457,0.0259067367754026,37.23707497914632,0.013446409044261,66.36362942782316,1800585.5,2.2507678752272526,0.1126796482518568,2392.TW,2026-08-11,0.0080125571725508,0.1022128218364362,neutral,0.0556070435588507,0.1595547309833024,2026-03-31,2026-05-15,20284345000.0,3918165000.0,2024943000.0,2036754000.0,252111000.0,-210762000.0,-0.46,65961303000.0,65464823000.0,123191294000.0,95674753000.0,27516541000.0,21416412000.0,16445470000.0,26655579000.0,0.0,0.1237807805950055,1774293974.7996078,57726471000.0,0.0307362280088039,-0.0076594656283287,-0.0017108514177958,3.476990549066469,0.1931620173094078,0.0998278721841893,-0.0103903774068129,-0.0513983335778374,,,22.851074819845003,22.851074819845003,False,72.77330285316981,72.77330285316981,60.292745844838606,811.0,True,False,True,True,True,False,True,True,True,True,False,True,True,True,False,False,False,11,False,0.0545708968822591,0.0634562058458689,1.0,71303183.05252455,0.3772011121408711,1.0,3.0,,,,,,0.05262782654334,-0.0079401290166794,0.2404111273798448,-0.2262184933607776,0.7317518248175183,-0.2262184933607776,0.6720085861132794,-811.0,0.1824817518248175,0.3284671532846715,0.7445255474452555,0.2667883211678832,0.3386861313868613,正崴
660.0,672.0,644.0,661.0,4154499.0,0.1475694444444444,643.4,0.2764006190466817,578.7809875488281,0.444808743169399,522.1694636027019,1.2991304347826085,441.2722318013509,0.053002625597487,65.85365853658536,4825858.5,0.8608828874696596,0.1420554825053503,2395.TW,2026-08-11,0.0080125571725508,0.1022128218364362,neutral,0.0139017608897126,0.036178107606679,2026-03-31,2026-05-15,20385264000.0,7979823000.0,3728486000.0,4068287000.0,750007000.0,3334165000.0,3.85,49300373000.0,29811036000.0,83769137000.0,34044129000.0,49725008000.0,10001958000.0,,43915000.0,,0.184354496130681,3041122842.1397014,53958101000.0,0.0563608204473263,0.0670520756879516,0.0398018305954375,0.6846480346468723,0.3914505595806853,0.182901040673302,0.1635576071028562,0.1748587968840969,,,87.43653384699755,87.43653384699755,False,88.28554055360235,88.28554055360235,88.07328887695115,49.0,True,True,True,True,True,True,True,True,True,True,False,True,True,True,True,False,False,13,False,0.2658725683410106,0.497941525352007,1.0,3189892468.5,0.0491195551436515,3.0,2.0,,,,,,-0.0397888818558612,-0.1507241676743927,0.3059284826195396,-1.0430338735033509,0.4116788321167883,-1.0430338735033509,0.3955087707383523,-49.0,0.948905109489051,0.9854014598540146,0.3503649635036496,0.8591240875912408,0.8401459854014599,研華
491.5,500.0,474.0,489.0,113445685.0,0.121559633027523,470.4,0.0915178571428572,421.45,0.6032786885245902,400.2058151245117,0.8522727272727273,323.50707422892253,0.0260499087035909,55.74636723910172,85455661.0,1.3275385582705868,0.1602799857634358,2408.TW,2026-08-11,0.0080125571725508,0.1022128218364362,neutral,0.0973123262279888,0.0185528756957328,2026-03-31,2026-05-15,49086932000.0,33325482000.0,30111283000.0,31718134000.0,5659880000.0,26059487000.0,8.41,141606845000.0,25207062000.0,240968098000.0,47930660000.0,193037438000.0,86281008000.0,0.0,13800000000.0,3996400000.0,0.1784430319892084,24738134364.394894,215761036000.0,0.1146552446308929,0.1349970620724877,0.1081449669740099,0.2482972240856201,0.6789074126694249,0.6134276837672398,0.5308844113541258,5.829068133568171,,,100.0,100.0,True,88.50892657202381,88.50892657202381,91.38169492901784,2.0,True,True,True,True,True,True,True,True,True,True,False,True,True,False,True,True,True,13,False,0.2218713010151107,0.5115589084582741,1.0,41787818229.0,0.0018535681186283,2.0,0.0,,,,,,-0.0755571164151444,-0.1728136161644854,0.2060597142115766,-1.419250085756809,0.2332116788321168,-1.419250085756809,0.2654826704006636,-2.0,1.0,1.0,0.1824817518248175,0.8773722627737226,0.8364963503649635,南亞科
148.5,151.5,147.0,151.5,2315621.0,0.118081180811808,149.5,0.1348314606741574,135.2,0.1148046063945364,143.642711130778,0.0655105137654454,140.47747624715169,0.0178806700545831,66.11570247933884,2670660.1,0.8670594210023207,0.1205621301775148,2421.TW,2026-08-11,0.0080125571725508,0.1022128218364362,neutral,0.0611677479147358,0.2448979591836734,2026-03-31,2026-05-15,5019470000.0,1589335000.0,788361000.0,804772000.0,155735000.0,649037000.0,2.36,14963066000.0,7265103000.0,19420226000.0,8096459000.0,11323767000.0,6013084000.0,462398000.0,0.0,,0.1935144363869518,635801765.4155462,12155123000.0,0.0523073082366625,0.0573163506455051,0.0334206718294627,0.7149969617001127,0.3166340270984785,0.157060606000235,0.1293038906498096,0.2059937007805909,,,81.54483186948244,81.54483186948244,False,71.35840471703405,71.35840471703405,73.90501150514615,78.0,True,False,True,True,True,False,True,True,True,True,False,True,True,True,True,False,False,11,False,0.0547002267457095,0.0784647051421654,1.0,404605005.15,0.1964782205746061,2.0,2.0,,,,,,0.007259720272401,-0.0894455636054827,0.2260443516664014,-1.5571714571221478,0.3708029197080291,-1.5571714571221478,0.3084779130953606,-78.0,0.9197080291970804,0.8321167883211679,0.2262773722627737,0.8156934306569343,0.7547445255474452,建準
48.25,48.84999847412109,44.79999923706055,45.95000076293945,9291956.0,-0.0846613532949903,49.13000030517578,0.0384180963376148,45.85499992370605,0.3377002271938285,40.69282995859782,0.6410714558192663,35.088914982477824,0.0427515661761258,51.38888760113419,6920043.05,1.3427598546514825,0.0020717662063343,2425.TW,2026-08-11,0.0080125571725508,0.1022128218364362,neutral,0.201112140871177,0.0667903525046382,2026-03-31,2026-05-15,742329000.0,57186000.0,84000.0,19626000.0,14929000.0,59718000.0,0.62,6477498000.0,3530704000.0,6656471000.0,3632354000.0,3024117000.0,955233000.0,0.0,,,0.4,50400.0,3125767000.0,1.6124042515005117e-05,0.0197472518424386,0.0089714204418527,1.2011287923053242,0.0770359234247887,0.0001131573736173,0.0804468099723976,-0.0094210083147737,,,20.556959597295062,20.556959597295062,False,70.3258562672056,70.3258562672056,57.88363209972796,848.0,True,False,True,True,True,True,True,True,True,True,True,True,True,True,False,False,False,13,False,0.1291915752649901,0.3095303968756309,1.0,317975983.42707384,0.2215013901760889,1.0,3.0,,,,,,-0.0039977503928253,-0.0868581341832964,0.2220035375902457,-1.7308026410153632,0.2908759124087591,-1.7308026410153632,0.2446442685032572,-848.0,0.1386861313868613,0.2262773722627737,0.1313868613138686,0.1375912408759124,0.1635036496350365,承啟
19.64999961853028,19.700000762939453,19.39999961853028,19.5,770378.0,0.02094238798646,19.3,0.02094238798646,19.26500015258789,0.0512129812405313,19.252500089009605,-0.0714285714285714,19.4200000445048,0.0010392299687254,52.38096535613417,1306663.2,0.5895765641827213,0.0121982790319643,2442.TW,2026-08-11,0.0080125571725508,0.1022128218364362,neutral,0.2882298424467099,0.3905380333951762,2026-03-31,2026-05-15,3189806000.0,920101000.0,721594000.0,757715000.0,168597000.0,363574000.0,1.14,21904867000.0,14179726000.0,24109252000.0,15483592000.0,8625660000.0,4783089000.0,9054196000.0,,1260461000.0,0.2225071431870822,561034180.5190606,9929526000.0,0.0565016074804638,0.042150281833506,0.0150802687698481,1.795061711219779,0.2884504574886372,0.2262187731793093,0.1139799724497351,6.055204248420224,,,71.63224953440525,71.63224953440525,False,58.02947198453207,58.02947198453207,61.430166372000365,150.0,True,False,True,True,True,True,True,True,True,False,True,True,False,True,True,False,False,11,False,0.0128554686324444,0.004119462168479,1.0,25479932.4,0.5282669138090825,0.0,3.0,,,,,,0.0159256724796946,-0.0212427084606459,0.2002332367346379,-0.9853644757952496,0.5018248175182483,-0.9853644757952496,0.5399887213746821,-150.0,0.7956204379562044,0.3941605839416058,0.5766423357664233,0.7627737226277372,0.6313868613138687,新美齊
3900.0,4050.0,3810.0,4020.0,7639731.0,0.0401034928848642,3960.0,0.098360655737705,3690.25,0.1823529411764706,4008.125813802084,1.3508771929824563,3062.937906901041,0.0064089452512442,54.45026178010472,8826807.55,0.8655146219881048,0.0893570896280739,2454.TW,2026-08-11,0.0080125571725508,0.1022128218364362,neutral,0.0871177015755329,0.1586270871985157,2026-03-31,2026-05-15,149150510000.0,69055353000.0,22890845000.0,27019390000.0,2643006000.0,24153980000.0,15.17,378185472000.0,309807293000.0,738776057000.0,340329102000.0,398446955000.0,184514674000.0,16440000000.0,120000000.0,,0.0978188626760263,20651688576.4068,428968764000.0,0.0481426395335553,0.0606203151935243,0.0326945896136425,0.8541390459364911,0.4629910618475257,0.1534748020640358,0.1619436634846237,-0.0271454326245333,,,78.23114789730103,78.23114789730103,False,68.5897289974492,68.5897289974492,71.00008372241216,94.0,True,False,True,True,True,False,True,True,True,True,True,True,True,True,True,False,False,12,False,0.0029625283111192,0.3124653917869577,1.0,35483766351.0,0.0027803521779425,3.0,2.0,,,,,,0.0149843711064754,-0.0406289086381131,0.339091291831837,1.0359419693410312,0.6605839416058394,1.0359419693410312,0.7080164284599345,-94.0,0.8905109489051095,0.7518248175182481,0.8029197080291971,0.8773722627737226,0.8313868613138686,聯發科
17.5,17.649999618530273,17.25,17.25,745541.0,0.0237388492269805,17.129999923706055,0.0391566026260972,16.364999866485597,0.0648147646673336,17.15583322842916,0.0648147646673336,16.99166660308838,0.0003056246405943,66.21622318242599,687810.15,1.083934280411535,0.0540788353641739,2461.TW,2026-08-11,0.0080125571725508,0.1022128218364362,neutral,0.1992585727525486,0.3460111317254174,2026-03-31,2026-05-15,1366993000.0,363766000.0,98193000.0,54528000.0,12381000.0,50019000.0,0.3,4713779000.0,2915219000.0,8380552000.0,4207146000.0,4173406000.0,1186217000.0,874467000.0,975276000.0,,0.2270576584507042,75897527.34375,5465333000.0,0.0138870819662315,0.0119851746990347,0.0059684612660359,1.0080845237678768,0.2661067028141329,0.0718313846522988,0.0365905311877968,0.0206116832638239,,,35.682269128941115,35.682269128941115,False,59.78218293870317,59.78218293870317,53.757204486262665,592.0,True,False,True,True,True,False,True,True,True,False,True,True,True,True,False,False,False,11,False,0.0054889069109622,0.0152035349413379,1.0,11864725.0875,0.6367006487488415,0.0,3.0,,,,,,0.0623059975377026,0.0282014147147786,0.2153285315667842,-1.074510679892186,0.75,-1.074510679892186,0.7084419814551394,-592.0,0.3795620437956204,0.0948905109489051,0.8102189781021898,0.4441605839416058,0.3802919708029197,光群雷
94.5999984741211,95.8000030517578,86.80000305175781,86.9000015258789,5909803.0,0.1141025836651141,87.38000030517578,0.0235571256072399,79.7900001525879,0.1434210727089329,80.09000015258789,0.6520913316876471,71.3270835240682,0.0035846782758084,54.45344270239942,2034107.65,2.9053540996220137,0.0891089279319974,2465.TW,2026-08-11,0.0080125571725508,0.1022128218364362,neutral,0.2724745134383688,0.1948051948051948,2026-03-31,2026-05-15,1569188000.0,167121000.0,92107000.0,130068000.0,22277000.0,107791000.0,1.15,1574817000.0,638916000.0,1902288000.0,697716000.0,1204572000.0,319532000.0,112731000.0,0.0,,0.1712719500568933,76331654.49610972,1263372000.0,0.0604189854580517,0.0894848958800304,0.0566638700344006,0.5792231597613094,0.1065015791606869,0.0586972370423429,0.0686922153368493,0.9128577645528606,,,73.28778007996519,73.28778007996519,True,62.107426168162654,62.107426168162654,64.90251464611329,132.0,True,False,True,True,True,False,True,True,True,True,False,True,True,True,True,True,False,11,False,0.0850293589751101,0.2183310634950588,1.0,176763957.88880196,0.2780352177942539,1.0,3.0,,,,,,-0.032959436921084,-0.1678373995635566,0.1785143306285262,-2.16039132875005,0.125912408759124,-2.16039132875005,0.1358885988152455,-132.0,0.8248175182481752,0.5474452554744526,0.0583941605839416,0.7098540145985401,0.5883211678832116,麗臺
200.0,208.5,200.0,206.0,6749879.0,0.1381215469613259,192.7,0.0870712401055409,188.2,0.1195652173913044,198.59036661783853,0.03,197.59934997558597,-0.0011941090619611,64.13043478260869,3536433.35,1.908668517674736,0.0945802337938364,2474.TW,2026-08-11,0.0080125571725508,0.1022128218364362,neutral,0.1010194624652456,0.2337662337662337,2026-03-31,2026-05-15,3773945000.0,1086984000.0,243428000.0,1851491000.0,315957000.0,1484484000.0,2.63,111490974000.0,75734641000.0,225538335000.0,82981411000.0,142556924000.0,16182860000.0,66414098000.0,,,0.1706500328654041,201887003.7996404,149803694000.0,0.0013476770726337,0.0104132718239627,0.0065819586723472,0.5820931644119931,0.2880232753789469,0.0645022648713746,0.3933507245071139,-0.1324838723321306,,,29.474595147303784,29.474595147303784,False,62.956447914518485,62.956447914518485,54.585984722714805,690.0,True,False,True,True,True,False,False,True,True,True,False,True,True,True,False,False,False,10,False,0.0373111420677334,0.0425135509071865,1.0,728505270.1,0.1427247451343836,2.0,3.0,,,,,,-0.0001380574519386,-0.0657088419203617,0.1451896458088431,-1.697822760320687,0.2478102189781021,-1.697822760320687,0.326806799961613,-690.0,0.291970802919708,0.1167883211678832,0.2700729927007299,0.2886861313868613,0.2350364963503649,可成
22.049999237060547,22.299999237060547,21.950000762939453,21.950000762939453,151659.0,0.0138568660367275,21.920000076293945,0.0402843775404007,21.507500076293947,0.0578313620693713,21.669166596730555,-0.0051151994014847,21.947464275360108,0.0079671974830202,62.12122525721736,145471.3,1.042535537937724,0.0205742501488233,2477.TW,2026-08-11,0.0080125571725508,0.1022128218364362,neutral,0.1955514365152919,0.3710575139146567,2026-03-31,2026-05-15,506123000.0,134705000.0,7862000.0,32092000.0,13938000.0,17501000.0,0.11,5644395000.0,2493981000.0,8543804000.0,4123384000.0,4420420000.0,2586925000.0,1388416000.0,683016000.0,,0.4,4717200.0,6049823000.0,0.0007797252911366,0.0039591260558951,0.0020483850050867,0.9328036702394796,0.2661507183036534,0.0155337734108112,0.0345785510636742,-0.0327116289114535,,,22.08324634514487,22.08324634514487,False,60.68019687720518,60.68019687720518,51.0309592441901,825.0,True,False,True,True,True,False,True,True,True,False,True,True,True,True,False,False,False,11,False,0.012960081549757,0.0001155708717655,1.0,3193095.145985794,0.8053753475440223,0.0,3.0,,,,,,0.0219773172117229,-0.0093389540330277,0.1754415107024723,-1.5775910511677274,0.4478102189781022,-1.5775910511677274,0.5546140396913242,-825.0,0.1605839416058394,0.0583941605839416,0.5985401459854015,0.2262773722627737,0.2175182481751825,美隆電
13.850000381469728,13.899999618530272,13.5,13.5,113238.0,0.0188679245283018,13.239999961853028,0.0227272875052839,13.205000019073486,0.0629921419487922,13.175000031789144,-0.0784982695204767,13.5925000111262,0.0015168737860181,55.81395451992914,117915.05,0.9603354279203544,0.022340021241985,2509.TW,2026-08-11,0.0080125571725508,0.1022128218364362,neutral,0.2780352177942539,0.3552875695732838,2026-03-31,2026-05-15,64339000.0,17741000.0,-24855000.0,-103715000.0,440000.0,-100923000.0,-0.45,11515918000.0,9505024000.0,14164161000.0,9994241000.0,4169920000.0,916570000.0,4613123000.0,0.0,486938000.0,0.0,-24855000.0,4659137000.0,-0.0053346789330298,-0.0242026225922799,-0.0071252367153974,2.396746460363748,0.2757425511742489,-0.3863131226783133,,-0.0720024231584717,,,11.364896482710066,11.364896482710066,False,63.87614990803809,63.87614990803809,50.74833655170608,1021.0,True,False,True,True,True,True,True,True,True,False,True,True,True,True,False,False,False,12,False,0.0246679292164464,-0.0068052242818086,0.0,1591853.175,0.8906394810009268,0.0,3.0,,,,,,0.0203100893276865,-0.0081766557713475,0.1899830957350775,-1.4852167776766632,0.4726277372262774,-1.4852167776766632,0.7822309094242589,-1021.0,0.0218978102189781,0.0510948905109489,0.8832116788321168,0.1510948905109489,0.2029197080291971,全坤建
90.5,90.5,88.5,88.5,384774.0,0.0022649710229902,90.0,0.0091220419566258,88.22000083923339,0.2106703399088418,87.29166704813639,0.3721344105653623,78.62707163492838,0.00501253302741,50.56817344397116,371060.45,1.036957724812763,0.0031738739299818,2535.TW,2026-08-11,0.0080125571725508,0.1022128218364362,neutral,0.355885078776645,0.1335807050092764,2026-03-31,2026-05-15,7158996000.0,1023899000.0,759460000.0,917121000.0,168741000.0,748785000.0,2.88,29176307000.0,17358125000.0,31406521000.0,21164629000.0,10241892000.0,7958413000.0,1895000000.0,3752518000.0,0.0,0.1839898988246916,619727031.4385997,14048396000.0,0.0441137216973809,0.0731100269364293,0.023841704721131,2.0664764869615886,0.1430227087708946,0.10608470796743,0.1045935770881838,0.5557714720596632,,,66.50740970485359,66.50740970485359,False,61.556400545740246,61.556400545740246,62.79415283551858,195.0,True,False,True,True,True,True,True,True,True,True,True,True,True,True,True,False,False,13,False,0.0138424776696872,0.1255665276574509,1.0,32838849.825,0.484708063021316,1.0,3.0,,,,,,0.0774395606862221,0.0313271451348267,0.3199830553408843,-0.2586436298256269,0.9222627737226275,-0.2586436298256269,0.9005697142427334,-195.0,0.7518248175182481,0.4817518248175182,0.978102189781022,0.7857664233576642,0.7160583941605839,達欣工
42.5,42.5,41.09999847412109,41.54999923706055,2083727.0,0.0097204786476152,42.82999877929687,0.0246609129177504,41.61000022888184,0.1006622314453125,39.35666681925456,-0.132567893247094,42.61000003814697,0.0182307521127603,58.03108603468648,1364356.55,1.527259864732573,-0.0014419848952474,2539.TW,2026-08-11,0.0080125571725508,0.1022128218364362,neutral,0.2557924003707136,0.2671614100185528,2026-03-31,2026-05-15,2476909000.0,1123612000.0,1002985000.0,1009807000.0,195023000.0,814784000.0,0.68,31998835000.0,10750825000.0,32104295000.0,13379256000.0,18725039000.0,5711725000.0,397000000.0,2628180000.0,,0.1931289840533884,809279525.9292122,21353470000.0,0.0378992044819512,0.0435130735909281,0.0253792833637991,0.7145115158371633,0.4536347520235907,0.4049341336318774,0.3289519316212262,-0.5500200926952697,,,74.05495514883755,74.05495514883755,False,71.74223164972675,71.74223164972675,72.32041252450445,128.0,True,False,True,True,False,True,True,True,True,False,True,True,True,True,True,False,False,11,False,0.0557296284230284,-0.0248768082641973,0.0,56689013.61157856,0.4105653382761816,1.0,3.0,,,,,,0.0186689867150843,-0.0386892451516032,0.1637422186189315,-1.852553043856711,0.3178832116788321,-1.852553043856711,0.2920069331471056,-128.0,0.8321167883211679,0.781021897810219,0.2043795620437956,0.737956204379562,0.6912408759124088,櫻花建
215.0,220.0,213.5,218.0,12457997.0,0.0582524271844659,209.7,0.1208226221079691,204.2,0.1901580785327752,199.8595438639323,0.2536332233975884,194.6636646270752,0.0184538653366583,66.21621621621622,9230102.05,1.3497138961751782,0.0675808031341822,2603.TW,2026-08-11,0.0080125571725508,0.1022128218364362,neutral,0.0685820203892493,0.1530612244897959,2026-03-31,2026-05-15,86511471000.0,13386693000.0,8948352000.0,10639378000.0,1948722000.0,8303529000.0,3.84,244500947000.0,151671937000.0,935103407000.0,330097608000.0,605005799000.0,183466379000.0,21757000.0,72484631000.0,,0.1831612712698054,7309360471.910295,783431470000.0,0.0093299296132567,0.0137247097692695,0.0088797976115169,0.5456106512460056,0.1547389362966675,0.1034354392147603,0.0959818265025224,-0.2133215452088127,,,31.8537233857576,31.8537233857576,False,81.8662290429235,81.8662290429235,69.36310262863202,650.0,True,True,True,True,True,True,True,True,True,True,True,True,True,True,False,False,False,14,False,0.0907660239053584,0.1198802838610437,1.0,2012162246.9,0.0741427247451343,2.0,3.0,,,,,,0.056855560168502,-0.0177224684316664,0.2372766588387377,-1.6160614115308407,0.6222627737226277,-1.6160614115308407,0.6346020741319482,-650.0,0.3430656934306569,0.6934306569343066,0.6861313868613139,0.3945255474452555,0.5167883211678832,長榮
32.79999923706055,33.0,32.5,32.75,3426864.0,0.048,32.47999954223633,0.0862355029640449,31.539999961853027,0.1313261332199531,30.667979272206622,0.2166326001576268,32.66955939928691,0.0156992128450085,59.15493109093439,5611301.95,0.6107074669186177,0.0383639835006481,2605.TW,2026-08-11,0.0080125571725508,0.1022128218364362,neutral,0.1019462465245597,0.212430426716141,2026-03-31,2026-05-15,1366845000.0,582927000.0,482738000.0,537338000.0,149979000.0,387359000.0,0.66,9807913000.0,5258125000.0,22934806000.0,5269539000.0,17665267000.0,4877423000.0,4114000000.0,,,0.2791148215834353,347998669.2584556,17676681000.0,0.0196868783941089,0.0219277183865944,0.0168895695040978,0.2982994256469489,0.4264763012631278,0.3531768415584795,0.2833964348554518,0.4444113329930603,,,75.1720503143159,75.1720503143159,False,77.77777399578524,77.77777399578524,77.1263430754179,117.0,True,True,True,True,True,True,True,True,True,True,True,True,False,True,True,False,False,13,False,0.0678890744418965,0.0024622493291062,1.0,183770138.8625,0.2706209453197405,1.0,3.0,,,,,,0.0061725197462709,-0.0744094497058237,0.1440447159447361,-1.8668698578121732,0.2237226277372263,-1.8668698578121732,0.22051216842322,-117.0,0.8467153284671532,0.8905109489051095,0.1094890510948905,0.7361313868613137,0.7124087591240875,新興
66.5999984741211,66.9000015258789,65.5999984741211,66.4000015258789,2747933.0,0.0473186108485415,65.92000122070313,0.0624000244140625,63.499999809265134,0.0928541969066829,63.65284659067789,0.1433492038760873,61.54034617741903,0.011146502991207,58.77864373731103,3794422.4,0.7242032410519188,0.0456693185090473,2606.TW,2026-08-11,0.0080125571725508,0.1022128218364362,neutral,0.1510658016682113,0.2820037105751391,2026-03-31,2026-05-15,3891765000.0,1243986000.0,987897000.0,987799000.0,68000.0,987731000.0,1.17,29154469000.0,15158773000.0,89632874000.0,49048791000.0,40584083000.0,18437340000.0,5972000000.0,33795287000.0,,6.883991581283237e-05,987828993.2536882,74474101000.0,0.0132640606598754,0.0243378912860985,0.0110197403689186,1.2085721143434485,0.3196457134487822,0.2538429221702749,0.2538002680017935,0.1329549990000165,,,55.37983321173965,55.37983321173965,False,64.75553610278583,64.75553610278583,62.411610380024285,302.0,True,False,True,True,True,False,True,True,True,False,True,True,False,True,False,False,False,10,False,0.0431583987573518,0.0789669810184303,1.0,251949653.1498291,0.2409638554216867,1.0,3.0,,,,,,0.0204126254349467,-0.035803882824672,0.1665633870899386,-1.659018455146195,0.3715328467153285,-1.659018455146195,0.2787773049246883,-302.0,0.6496350364963503,0.4452554744525547,0.1897810218978102,0.5806569343065693,0.4963503649635036,裕民
48.79999923706055,48.79999923706055,48.5,48.70000076293945,511843.0,0.0372736948149612,47.87000045776367,0.0563991838368045,47.32750015258789,0.0947259770687793,46.52194779713948,-0.0792573252605435,47.59526853561401,0.0078794711799082,69.44447387884948,422631.35,1.211086210239728,0.0290000656262534,2607.TW,2026-08-11,0.0080125571725508,0.1022128218364362,neutral,0.1621872103799814,0.2792207792207792,2026-03-31,2026-05-15,3991930000.0,868803000.0,467559000.0,709936000.0,149297000.0,553268000.0,1.04,14530568000.0,4295956000.0,44350782000.0,12631508000.0,31719274000.0,4170571000.0,346407000.0,4274711000.0,,0.2102964210858443,369233015.6535237,40054826000.0,0.0092181904785586,0.0174426438637908,0.012474819496982,0.3982281561677609,0.2176398383739193,0.1171260518095257,0.1385966186781832,-0.1369527758740344,,,38.62339041274056,38.62339041274056,False,67.94683934132273,67.94683934132273,60.61597710917718,545.0,True,False,True,True,True,True,True,True,True,False,True,True,True,True,False,False,False,12,False,0.0468177509526783,0.0232109674199822,1.0,20582147.06744213,0.5551436515291936,1.0,3.0,,,,,,0.0198738848647145,-0.0164365552327892,0.1346176848892406,-1.976393796901168,0.3310218978102189,-1.976393796901168,0.2993498463264622,-545.0,0.4233576642335766,0.3430656934306569,0.2116788321167883,0.3916058394160583,0.3569343065693431,榮運
51.79999923706055,52.20000076293945,51.29999923706055,52.0,22709498.0,0.0196078431372548,51.01999969482422,0.0833333333333332,50.625,0.071060778932122,51.12741495768229,-0.0038314321842203,52.35995737711588,0.0096805560966852,54.54544403664422,16570190.3,1.3705031498642477,0.0271604938271605,2609.TW,2026-08-11,0.0080125571725508,0.1022128218364362,neutral,0.108433734939759,0.3293135435992579,2026-03-31,2026-05-15,38660500000.0,2823780000.0,748244000.0,1901061000.0,403937000.0,1435563000.0,0.41,211388001000.0,47890391000.0,460181224000.0,130409310000.0,329771914000.0,136009607000.0,1836000000.0,0.0,1398091000.0,0.2124797678769908,589257288.564649,412290833000.0,0.0014292272381536,0.0043531997088144,0.0031195601322491,0.3954530524391473,0.0730404417945965,0.019354224596164,0.0371325513120627,-0.1505117671934875,,,16.553971895296993,16.553971895296993,False,61.69332124811813,61.69332124811813,50.408483909912846,925.0,True,False,True,True,True,False,True,True,True,False,True,True,True,True,False,False,False,11,False,0.0170668719128463,-0.0068746690247155,0.0,861649895.6,0.1269694161260426,1.0,3.0,,,,,,-0.0171106103194155,-0.0716459947327664,0.1313381603349953,-2.1362792729481965,0.1496350364963503,-2.1362792729481965,0.3191281731444461,-925.0,0.1021897810218978,0.0364963503649635,0.2408759124087591,0.122992700729927,0.1102189781021897,陽明
87.69999694824219,88.80000305175781,86.4000015258789,87.0999984741211,13500113.0,0.0116144020641366,85.84000091552734,0.0969772896759015,84.36499938964843,0.1326397496209361,81.88964970906575,0.1786197114437095,79.46315822601318,0.0183475175193696,56.41026017228747,10830287.95,1.2465146875434647,0.0324186464085749,2615.TW,2026-08-11,0.0080125571725508,0.1022128218364362,neutral,0.0889712696941612,0.2105751391465677,2026-03-31,2026-05-15,33640864000.0,7656632000.0,5825197000.0,9789626000.0,2113020000.0,7671518000.0,2.73,141008376000.0,35567443000.0,420232464000.0,133190864000.0,287041600000.0,99479800000.0,1000000000.0,42718782000.0,0.0,0.2158427707044171,4567870339.620942,384665021000.0,0.0118749303686256,0.0267261539790748,0.0182554149362434,0.4640124079575922,0.2275991484642011,0.1731583647792161,0.2280416460171772,-0.0929984351119866,,,48.73816272918027,48.73816272918027,False,76.72261544107384,76.72261544107384,69.72650226310044,388.0,True,True,True,True,True,True,True,True,True,True,True,True,True,True,False,False,False,14,False,0.0636264629726279,0.0961054206577949,1.0,943318063.919292,0.1214087117701575,1.0,3.0,,,,,,0.0556462760995886,0.0059598992732456,0.2615844365888528,-1.3627555679239791,0.7156934306569344,-1.3627555679239791,0.6844881113260203,-388.0,0.5620437956204379,0.7153284671532847,0.7664233576642335,0.5927007299270073,0.6489051094890511,萬海
42.0,42.150001525878906,41.20000076293945,41.75,36603033.0,-0.0468036363645865,43.17000045776367,0.023284332860392,42.34750022888184,0.2243402307388542,40.2141196568807,0.0816062603730618,37.636226431528726,0.0183359476798742,48.47162197639355,42726345.6,0.8566853187650104,-0.0141094568900747,2618.TW,2026-08-11,0.0080125571725508,0.1022128218364362,neutral,0.2743280815569972,0.1224489795918367,2026-03-31,2026-05-15,60515845000.0,15865568000.0,11279920000.0,11043489000.0,2178622000.0,8268012000.0,1.53,119872996000.0,106923312000.0,391276107000.0,247236537000.0,144039570000.0,95057424000.0,110000000.0,46720454000.0,,0.1972766034357439,9054655695.373083,284352795000.0,0.0318430339162767,0.057400976689947,0.0211308890373927,1.7164487300260616,0.2621721302908354,0.1863961413742136,0.1366255730214128,0.1014063587979636,,,65.4946890287355,65.4946890287355,False,63.708933063494165,63.708933063494165,64.1553720548045,204.0,True,False,True,True,False,True,True,False,True,True,True,True,True,True,True,False,False,11,False,0.0381925641099172,0.1093035609177086,1.0,1783824928.8,0.0797034291010194,1.0,3.0,,,,,,0.0460808505399749,-0.0097336943694206,0.2747998512644849,-0.6954263063657491,0.7248175182481752,-0.6954263063657491,0.6648618011406744,-204.0,0.7445255474452555,0.5255474452554745,0.7299270072992701,0.7423357664233576,0.6759124087591242,長榮航
66.19999694824219,68.5999984741211,66.19999694824219,68.0999984741211,854925.0,0.0381097569840072,65.68000030517578,0.0707547186786656,65.25,0.0541795678432115,67.38839162190756,0.0444785530922804,67.39836241404215,0.0029338617707983,64.93499673522206,345536.35,2.474196998376582,0.0436781375344228,2636.TW,2026-08-11,0.0080125571725508,0.1022128218364362,neutral,0.1353104726598702,0.3821892393320965,2026-03-31,2026-05-15,4846226000.0,759312000.0,125834000.0,208671000.0,59894000.0,150669000.0,1.1,19482735000.0,12012131000.0,22351859000.0,12714957000.0,9636902000.0,8063564000.0,8125459000.0,270000000.0,,0.2870259882781987,89716371.79100114,10339728000.0,0.008676859951345,0.0156345887921242,0.0067407816056821,1.3194029575064683,0.1566810957640027,0.0259653594363944,0.031089965676384,-0.1300862495595437,,,20.77966859430228,20.77966859430228,False,60.65358103674554,60.65358103674554,50.685102926134725,846.0,True,False,True,True,True,False,True,True,True,False,True,True,True,True,False,False,False,11,False,0.0105597838898738,0.0104102834987094,1.0,23531024.90775337,0.5375347544022243,1.0,3.0,,,,,,0.0355022732275922,0.0097916005074742,0.2105521300610912,-1.4875400831559549,0.5839416058394161,-1.4875400831559549,0.5209022060131171,-846.0,0.145985401459854,0.0437956204379562,0.5328467153284672,0.2040145985401459,0.1927007299270073,台驊控股
87.4000015258789,87.9000015258789,86.5999984741211,87.30000305175781,1567169.0,0.040524451299684,86.84000091552734,0.0417661082642,82.84000091552734,0.2534020971337973,77.92935078938802,0.3379426577930291,73.16003904342651,0.0120334765209101,58.68545862162959,2438452.2,0.6426900638035882,0.0538387504459152,2637.TW,2026-08-11,0.0080125571725508,0.1022128218364362,neutral,0.1927710843373494,0.1038961038961039,2026-03-31,2026-05-15,4338022000.0,1244039000.0,1197473000.0,1201283000.0,6082000.0,1195201000.0,1.6,8930959000.0,8128467000.0,84286573000.0,33874386000.0,50412187000.0,5975075000.0,2132536000.0,18694305000.0,992902000.0,0.0050629202277897,1191410289.726068,76158106000.0,0.0156439065032167,0.0237085726909645,0.0141802063775923,0.6719483524886551,0.2867756318432686,0.276041246448266,0.2755175054437253,0.2360516073148353,,,62.80204855376821,62.80204855376821,False,78.53431476700274,78.53431476700274,74.6012482136941,237.0,True,True,True,True,True,True,True,True,True,True,True,True,False,True,True,False,False,13,False,0.1202454809060955,0.1932744185652781,1.0,212876884.5015656,0.2548656163113994,1.0,3.0,,,,,,0.0230710333299317,-0.0469407343018195,0.2249226953088412,-1.724934276810141,0.4343065693430657,-1.724934276810141,0.3309761110338135,-237.0,0.7007299270072993,0.8467153284671532,0.2773722627737226,0.6372262773722628,0.6598540145985401,慧洋-KY
9.65999984741211,9.65999984741211,9.4399995803833,9.479999542236328,13132935.0,-0.0286885942704108,9.706000137329102,0.0736126414661917,9.442000007629394,0.2327697622492426,8.642333277066548,0.1924528012174402,8.234333316485086,0.0232457432083751,57.46268391157584,20894039.4,0.6285493555640562,0.00402452177253,2867.TW,2026-08-11,0.0080125571725508,0.1022128218364362,neutral,0.1325301204819277,0.1196660482374768,2026-03-31,2026-05-15,,,-260328000.0,-260476000.0,-99972000.0,,,,,1583200325000.0,1505084533000.0,78115792000.0,70736282000.0,,,,0.3838050338610851,-160412803.14501145,1583200325000.0,-0.0001013218609243,,,19.267352918856663,,,,,,,0.0,0.0,False,74.43747078462258,74.43747078462258,55.82810308846693,1078.0,True,False,True,True,True,True,True,True,True,True,True,True,False,True,False,False,False,12,False,0.0969259386689733,0.1512771195765692,1.0,198075483.9474678,0.267840593141798,0.0,3.0,,,,,,0.0534684242190278,-0.0497299656350642,0.233781271237074,-0.3381199911546533,0.6514598540145986,-0.3381199911546533,0.653176684879166,-1078.0,0.0072992700729927,0.1386861313868613,0.7153284671532847,0.1135036496350365,0.1883211678832116,三商壽
43.59999847412109,44.20000076293945,43.400001525878906,43.650001525878906,24773604.0,0.009248590193732,43.98000030517578,0.1121019497039212,41.9725004196167,0.3704866876948107,37.78250007629394,0.2895126585973138,35.99958338737488,0.0297473057881807,69.04762193098671,28245746.75,0.8770737845689989,0.0399666707842403,2880.TW,2026-08-11,0.0080125571725508,0.1022128218364362,neutral,0.0797034291010194,0.0547309833024118,2026-03-31,2026-05-15,18727437000.0,,,9327986000.0,1664716000.0,7663213000.0,,,,4445991154000.0,4202483247000.0,243507907000.0,45717871000.0,,,,0.1784646760833474,,4445991154000.0,,0.0314700787108321,0.0017236230875325,17.25809768879497,,,0.4091971047613189,0.1221769088861191,,,25.15680897546131,25.15680897546131,False,75.62937629755503,75.62937629755503,63.01123446703159,764.0,True,True,True,True,True,True,True,True,True,True,True,True,True,True,False,False,False,14,False,0.1552968024280223,0.2125140742930666,1.0,1232926888.7370892,0.1010194624652456,1.0,3.0,,,,,,-0.1036726786840962,-0.1815848589843056,0.1584282084782888,-2.003769124943971,0.0748175182481751,-2.003769124943971,0.0978062181913846,-764.0,0.2043795620437956,0.4963503649635036,0.0364963503649635,0.1791970802919708,0.2583941605839416,華南金
129.5,129.5,127.5,128.0,11094643.0,-0.0038910505836575,127.8,0.024,126.875,0.3901609655913696,120.36399167378744,0.4322869187966862,103.8220282872518,0.0047515343496336,51.78571428571429,21539984.8,0.5150719976366929,0.0088669950738915,2881.TW,2026-08-11,0.0080125571725508,0.1022128218364362,neutral,0.2669138090824838,0.0445269016697588,2026-03-31,2026-05-15,66193246000.0,,,38624861000.0,5062760000.0,33551455000.0,,,,13120104726000.0,12085399702000.0,1034705024000.0,358727505000.0,,,,0.131075164257549,,13120104726000.0,,0.0324261062058977,0.0025572551211051,11.68004351160858,,,0.5068712750542556,-0.3925800152621125,,,12.264204123597382,12.264204123597382,False,66.61832944193915,66.61832944193915,53.02979811235371,1006.0,True,False,True,True,True,True,True,True,True,True,True,True,False,True,False,False,False,12,False,0.0634409695127742,0.2328790152880975,1.0,2757118054.4,0.0537534754402224,2.0,3.0,,,,,,-0.0289901175081919,-0.1487224490076513,0.2897450649160911,-0.8111736899813394,0.4208029197080292,-0.8111736899813394,0.4013410536876096,-1006.0,0.0291970802919708,0.072992700729927,0.364963503649635,0.0795620437956204,0.1094890510948905,富邦金
101.5,101.5,99.0999984741211,99.5999984741211,15315549.0,0.0040322735704074,99.6,0.0364203959997202,97.57500038146972,0.3431919141617918,95.08971150716144,0.362709964616936,83.5691078821818,0.00753781733962,55.468738125643576,21470205.05,0.7133396706893584,0.0207532470892608,2882.TW,2026-08-11,0.0080125571725508,0.1022128218364362,neutral,0.206672845227062,0.0649350649350649,2026-03-31,2026-05-15,72538053000.0,,,38391738000.0,6735806000.0,31593811000.0,,,,14450034484000.0,13633007653000.0,817026831000.0,293505959000.0,,,,0.1754493636104726,,14450034484000.0,,0.0386692453677815,0.0021864176888285,16.686119887046893,,,0.4355480977687669,-0.3173702053156907,,,13.906153918122188,13.906153918122188,False,72.76002875018723,72.76002875018723,58.04656004217097,983.0,True,False,True,True,True,True,True,True,True,True,True,True,False,True,False,False,False,12,False,0.0474319134580607,0.1918279493247687,1.0,2138432390.219067,0.0685820203892493,1.0,3.0,,,,,,0.0033591507937822,-0.1243532921486038,0.2721356324473374,-0.8795958570663442,0.462043795620438,-0.8795958570663442,0.4059098588308325,-983.0,0.0656934306569343,0.2335766423357664,0.3941605839416058,0.114963503649635,0.1817518248175182,國泰金
37.20000076293945,37.5,36.650001525878906,36.900001525878906,37251310.0,-0.0289473282663446,37.78000030517578,0.0695652616196784,36.78750038146973,0.2133466051876509,33.96345535914103,0.1312673319386696,32.68087708155314,0.0215912287599569,57.024813190152926,43934112.05,0.8478903581254922,0.0030581350524661,2884.TW,2026-08-11,0.0080125571725508,0.1022128218364362,neutral,0.1371640407784986,0.1326530612244898,2026-03-31,2026-05-15,25169421000.0,,,12706707000.0,2639201000.0,10056957000.0,,,,4679436007000.0,4394289185000.0,285146822000.0,45485669000.0,,,,0.2077014131198586,,4679436007000.0,,0.0352693988642805,0.0021491814365995,15.410619533399537,,,0.3995704549580223,0.174006725249566,,,29.938092003685178,29.938092003685178,False,73.4067226005749,73.4067226005749,62.53956495135247,684.0,True,False,True,True,True,True,True,True,True,True,True,True,True,True,False,False,False,13,False,0.0864619378589677,0.1291007102960302,1.0,1621168801.6831348,0.0861909175162187,1.0,3.0,,,,,,-0.0722654582455141,-0.1718010907181736,0.140193897560563,-1.9116325163484995,0.0901459854014598,-1.9116325163484995,0.067790601446535,-684.0,0.3065693430656934,0.4671532846715328,0.0218978102189781,0.2638686131386861,0.2978102189781022,玉山金
50.70000076293945,50.900001525878906,49.34999847412109,49.400001525878906,32153531.0,-0.0256410102070613,50.560000610351565,0.0510638622527426,49.512500190734855,0.2490518957984797,45.61500027974446,0.2412060922825125,42.54625002543131,0.0191426977405535,55.40541144279138,33964912.0,0.946669050695612,-0.0022721265220414,2886.TW,2026-08-11,0.0080125571725508,0.1022128218364362,neutral,0.17516218721038,0.1076066790352504,2026-03-31,2026-05-15,20768442000.0,,,11219594000.0,1822242000.0,9397352000.0,,,,5003279677000.0,4601326283000.0,401953394000.0,108936088000.0,,,,0.1624160375143699,,5003279677000.0,,0.0233792079884763,0.0018782383969458,11.447412440557724,,,0.4524822805677961,0.1010590363542149,,,21.43739093265881,21.43739093265881,False,70.83875789979777,70.83875789979777,58.48841615801303,833.0,True,False,True,True,False,True,True,True,True,True,True,True,True,True,False,False,False,12,False,0.0829771176788789,0.1610894378787997,1.0,1677866704.6263428,0.0834105653382761,1.0,3.0,,,,,,-0.0853349759007508,-0.1780587434186208,0.1600309229980033,-1.9161221017276011,0.0934306569343065,-1.9161221017276011,0.0675969940457078,-833.0,0.1532846715328467,0.2408759124087591,0.0145985401459854,0.1324817518248175,0.1518248175182482,兆豐金
35.599998474121094,36.0,35.20000076293945,35.54999923706055,45822802.0,0.0,35.36000061035156,0.0428131952437467,34.685794067382815,0.5159913893582475,31.462868531545,0.5224838824958902,27.840600903828943,0.0002794018525362,54.337899702453846,63883865.65,0.7172828621713189,0.0249152482425187,2887.TW,2026-08-11,0.0080125571725508,0.1022128218364362,neutral,0.190917516218721,0.0259740259740259,2026-03-31,2026-05-15,47867456000.0,,,25588754000.0,4532177000.0,21040510000.0,,,,9064708955000.0,8465511408000.0,599197547000.0,97795796000.0,,,,0.1771159705548773,,9064708955000.0,,0.035114479532407,0.0023211456765409,14.12808088147931,,,0.439557723727787,0.933005034802805,,,37.907562917661295,37.907562917661295,False,73.29706088702412,73.29706088702412,64.44968639468341,559.0,True,False,True,True,True,True,True,True,True,True,True,True,False,True,False,False,False,12,False,0.1299033081302725,0.276912066656267,1.0,2271071375.1179786,0.0658016682113067,1.0,3.0,,,,,,-0.1212519044218062,-0.2304842104022171,0.1215227950739974,-2.106683043862201,0.0317518248175182,-2.106683043862201,0.0245305816306448,-559.0,0.4087591240875912,0.5401459854014599,0.0072992700729927,0.3485401459854014,0.3678832116788321,台新新光金
39.0,39.25,38.400001525878906,39.04999923706055,23650165.0,-0.0138888701579109,39.03000030517578,0.0332610660187606,38.83523807525635,0.3016666412353515,36.57358233133952,0.3237287876969676,34.12554114659627,-0.0048178638495128,53.84084039935833,37247364.95,0.6349486744028049,0.0055300591022005,2890.TW,2026-08-11,0.0080125571725508,0.1022128218364362,neutral,0.2196478220574606,0.0788497217068645,2026-03-31,2026-05-15,26199317000.0,,,13172491000.0,2157069000.0,10973530000.0,,,,3820349236000.0,3552231164000.0,268118072000.0,41779009000.0,,,,0.163755587306911,,3820349236000.0,,0.0409279759403909,0.0028723892299148,13.24875692825361,,,0.4188479417230609,0.4040584778805451,,,40.18365017296791,40.18365017296791,False,58.94553877563053,58.94553877563053,54.25506662496488,505.0,True,False,True,True,True,True,False,True,True,True,True,True,False,True,False,False,False,11,False,0.0677105371654833,0.144304175846174,1.0,1454509572.880016,0.0917516218721038,1.0,3.0,,,,,,-0.0884686793526436,-0.1970187605690102,0.1330801051732216,-1.9699614972205293,0.0613138686131386,-1.9699614972205293,0.0682454191260048,-505.0,0.4671532846715328,0.1021897810218978,0.0291970802919708,0.4014598540145985,0.2700729927007299,永豐金
67.0,67.30000305175781,66.30000305175781,66.80000305175781,28814619.0,0.0308641960773139,65.9,0.0276923546424279,63.92000026702881,0.2189781748497146,65.31132373809814,0.2945737408356703,59.2423285484314,-0.0043219911867203,64.00001525878909,41728021.3,0.6905340368966885,0.0450563637781233,2891.TW,2026-08-11,0.0080125571725508,0.1022128218364362,neutral,0.2363299351251158,0.1252319109461966,2026-03-31,2026-05-15,59859484000.0,,,28299359000.0,4691107000.0,23103564000.0,,,,9627795130000.0,9033405624000.0,594389506000.0,137297531000.0,,,,0.165767252890781,,9627795130000.0,,0.0388694009008967,0.0023996734130756,15.197787869424465,,,0.3859633003184591,-0.0259120213272754,,,18.776914292805223,18.776914292805223,False,55.20065086655846,55.20065086655846,46.09471672312015,882.0,True,False,True,True,True,False,False,True,True,True,True,True,False,True,False,False,False,10,False,0.0227935866011437,0.1275722053556338,1.0,2787431950.183815,0.0528266913809082,1.0,3.0,,,,,,-0.0639224649375989,-0.1868922491904295,0.1604069024082249,-1.5452429932465297,0.1565693430656934,-1.5452429932465297,0.1928699603492384,-882.0,0.1167883211678832,0.0072992700729927,0.0802919708029197,0.1113138686131386,0.0766423357664233,中信金
53.09999847412109,53.59999847412109,52.59999847412109,53.59999847412109,2193637.0,0.0347490205322769,52.38000030517578,0.0880779920518963,51.631079483032224,0.204494347733058,49.86027774810791,0.0448342937868693,48.75805565516154,0.0137955269221006,64.78874071845348,2897953.9,0.7569606265993396,0.0381343758604915,2915.TW,2026-08-11,0.0080125571725508,0.1022128218364362,neutral,0.1000926784059314,0.1391465677179963,2026-03-31,2026-05-15,418613000.0,187104000.0,-8207000.0,2736586000.0,18591000.0,2708283000.0,2.59,4840429000.0,1001903000.0,130249863000.0,12898049000.0,117351814000.0,3969846000.0,450000000.0,9445000000.0,,0.0067935010995452,-8151245.736476032,129247960000.0,-6.306672644176382e-05,0.0230783224194557,0.0207929815634431,0.1099092426470714,0.4469617522628298,-0.019605220095888,,-0.3549697834454577,,,42.46996725529738,42.46996725529738,False,77.48670820052035,77.48670820052035,68.73252296421461,471.0,True,True,True,True,True,True,True,True,True,True,True,True,False,True,False,False,False,13,False,0.0750040091013148,0.0993054943208544,1.0,155330324.61807325,0.2965708989805375,1.0,3.0,,,,,,0.0714136662648379,0.015680003706435,0.224904333167156,-1.5596368914502332,0.7014598540145984,-1.5596368914502332,0.6744637571758882,-471.0,0.5036496350364964,0.6715328467153284,0.7518248175182481,0.5408759124087592,0.6036496350364964,潤泰全
4355.0,4420.0,4230.0,4355.0,1541660.0,0.0,4468.0,0.0211019929660023,4123.75,0.3237082066869301,4125.083333333333,0.9097993745376214,3290.413533528646,0.0233265090886531,57.836644591611474,2194247.0,0.7025918230718784,0.0560775992725068,3008.TW,2026-08-11,0.0080125571725508,0.1022128218364362,neutral,0.2854494902687673,0.0714285714285714,2026-03-31,2026-05-15,15544079000.0,7679569000.0,5812218000.0,7287959000.0,1112047000.0,6123204000.0,46.63,159095122000.0,39536493000.0,226385533000.0,39762818000.0,186622715000.0,119023098000.0,146000.0,,,0.1525868902390916,4925349729.988327,186849040000.0,0.026360048357692,0.0328106040039123,0.0270476824152893,0.213065263786351,0.4940510788706104,0.3739184547376528,0.3939251724080918,0.0661796222311039,,,76.94531754874203,76.94531754874203,False,65.80909493627769,65.80909493627769,68.59315058939377,99.0,True,False,True,True,True,False,True,True,True,True,True,True,False,True,True,False,False,11,False,0.0557362477525706,0.3235418453101515,1.0,9555945685.0,0.0203892493049119,3.0,2.0,,,,,,-0.0217944471247128,-0.127776170233851,0.2359901305741955,-0.7436678696423538,0.3905109489051095,-0.7436678696423538,0.4374977853145206,-99.0,0.8759124087591241,0.6642335766423357,0.437956204379562,0.8102189781021898,0.7248175182481752,大立光
122.5,125.0,121.5,125.0,712245.0,0.0683760683760683,121.5,0.0822510822510822,116.975,0.0419968485700781,123.59695828755696,0.1326052326029927,123.69885915120445,0.0068861631159887,60.0,854205.65,0.8338097506145037,0.0686044026501389,3010.TW,2026-08-11,0.0080125571725508,0.1022128218364362,neutral,0.1112140871177015,0.4230055658627087,2026-03-31,2026-05-15,21842510000.0,1777714000.0,835852000.0,967830000.0,224352000.0,642021000.0,2.47,38704302000.0,24301868000.0,58301011000.0,32315671000.0,25985340000.0,7164556000.0,7834348000.0,5476101000.0,,0.2318093053532128,642093728.5019063,33999143000.0,0.0188855856896718,0.024707046357677,0.0110121761010285,1.24361162871065,0.0813878075367711,0.0382672137954841,0.0293931878708078,0.1743730071489269,,,36.94259298515282,36.94259298515282,False,65.69436068296837,65.69436068296837,58.506418758514485,575.0,True,False,True,True,True,False,True,True,True,False,True,True,True,True,False,False,False,11,False,0.0113517495242783,0.0105186164021537,1.0,106775706.25,0.3336422613531047,2.0,3.0,,,,,,0.0427918636338562,-0.0171731886016319,0.21235466201719,-1.7522516502156575,0.5145985401459854,-1.7522516502156575,0.7308361102108136,-575.0,0.3941605839416058,0.2481751824817518,0.8467153284671532,0.4620437956204379,0.4408759124087591,華立
2705.0,2800.0,2625.0,2760.0,3136898.0,0.0615384615384615,2796.0,0.3018867924528301,2421.25,0.1452282157676347,2473.6666666666665,0.7304075235109717,2326.7916666666665,0.0569682418421914,65.61514195583597,4249783.65,0.7381312222799858,0.1399070727929787,3017.TW,2026-08-11,0.0080125571725508,0.1022128218364362,neutral,0.0101946246524559,0.1901669758812616,2026-03-31,2026-05-15,49037946000.0,14597401000.0,12019030000.0,11979060000.0,3304089000.0,7915619000.0,20.17,135871669000.0,112699102000.0,175993383000.0,124678400000.0,51314983000.0,67880246000.0,16445795000.0,7190026000.0,,0.2758220594938167,8703916392.282032,63294281000.0,0.1375150527783392,0.1542555124689411,0.0449767989288551,2.4296685433959904,0.2976756204266794,0.2450965217833552,0.161418241294201,1.1016606943545204,,,82.5145908535667,82.5145908535667,False,74.81205135691037,74.81205135691037,76.73768623107445,69.0,True,False,True,True,True,False,True,True,True,True,True,True,False,True,True,False,False,11,False,0.1157525939900283,0.1861826907580182,1.0,11729402874.000002,0.0166821130676552,3.0,2.0,,,,,,0.0504282869950032,-0.0795970332398881,0.3037191873865598,-0.3669087358999419,0.6656934306569343,-0.3669087358999419,0.6792598910649732,-69.0,0.927007299270073,0.8759124087591241,0.7591240875912408,0.9018248175182482,0.878102189781022,奇鋐
13.800000190734863,13.800000190734863,12.949999809265137,12.949999809265137,77948.0,-0.0944056198226072,13.95,0.1068376085792868,13.642500019073486,0.3475546588877536,11.999666706720989,0.0571428415726642,11.813333328564962,0.037452469171399,54.9295789782574,137081.85,0.568623782068888,-0.0507605064203898,3018.TW,2026-08-11,0.0080125571725508,0.1022128218364362,neutral,0.0843373493975903,0.0630797773654916,2026-03-31,2026-05-15,81164000.0,-2098000.0,-46204000.0,-50483000.0,209000.0,-50692000.0,-0.67,945217000.0,679342000.0,1197882000.0,686677000.0,511205000.0,41701000.0,76378000.0,0.0,0.0,0.0,-46204000.0,518540000.0,-0.0891040228333397,-0.0991617844113418,-0.042318024646835,1.3432517287585215,-0.0258488985264402,-0.5692671627815288,-0.6245626139667833,-0.5865792596893894,,,8.765863869002532,8.765863869002532,False,74.14797283755433,74.14797283755433,57.80244559541639,1050.0,True,False,True,True,False,True,True,True,True,True,True,True,False,True,False,False,False,11,False,0.0791966248539111,0.0962189459220357,1.0,1775209.9313537122,0.8748841519925857,0.0,3.0,,,,,,0.0147428649493792,-0.0718317027860103,0.326540969536701,-0.4688658793157744,0.5802919708029197,-0.4688658793157744,0.5230487787455503,-1050.0,0.0145985401459854,0.218978102189781,0.5401459854014599,0.0934306569343065,0.181021897810219,隆銘綠能
109.5,109.5,107.5,108.0,970161.0,0.0140845070422535,108.7,0.0640394088669951,105.1150001525879,0.1332633425136911,102.71166674296062,0.0488888796680313,102.43567441304523,0.0147214981924286,57.04225503459555,1409733.5,0.6881875191303888,0.0274461289371084,3029.TW,2026-08-11,0.0080125571725508,0.1022128218364362,neutral,0.1468952734012975,0.2087198515769944,2026-03-31,2026-05-15,6876938000.0,811379000.0,385472000.0,424218000.0,78018000.0,295873000.0,1.77,12286821000.0,7803745000.0,15126326000.0,8760650000.0,6365676000.0,2911146000.0,3716000.0,,,0.1839101593991768,314579783.0360805,7322581000.0,0.0429602326059732,0.0464794312497211,0.0195601364138258,1.3762324692617092,0.1179855045952137,0.0560528537555522,0.0430239446683974,0.0168646985516829,,,48.26050505492552,48.26050505492552,False,73.26482851395697,73.26482851395697,67.0137476491991,394.0,True,False,True,True,True,True,True,True,True,True,True,True,False,True,False,False,False,12,False,0.0514871720490488,0.0543201928316305,1.0,152251218.0,0.29935125115848,2.0,3.0,,,,,,0.0345499524412286,-0.012827774696458,0.2332453596268463,-0.3601090244283142,0.6543795620437957,-0.3601090244283142,0.5835432511184366,-394.0,0.5547445255474452,0.583941605839416,0.6423357664233577,0.5678832116788322,0.581021897810219,零壹
543.0,546.0,533.0,538.0,2418245.0,0.0267175572519084,543.4,0.1495726495726494,506.725,0.1314405888538381,503.15894877115886,0.4739726027397259,454.0711410522461,0.0224562897531649,62.84722222222222,4412866.3,0.5479987009803583,0.0617198677783807,3034.TW,2026-08-11,0.0080125571725508,0.1022128218364362,neutral,0.051899907321594,0.2115027829313543,2026-03-31,2026-05-15,23145303000.0,9039901000.0,4027546000.0,4389348000.0,622236000.0,3767112000.0,6.19,79261926000.0,21790635000.0,103666583000.0,31738768000.0,71927815000.0,48919537000.0,,,,0.1417604619182621,3456599218.642951,81875948000.0,0.0422175169030464,0.0523735080788982,0.036338730292673,0.4412586146263444,0.390571728527382,0.1740113750077067,0.1627592432036858,-0.1465659805926223,,,75.54535048945058,75.54535048945058,False,81.2462863861309,81.2462863861309,79.82105241196082,115.0,True,True,True,True,True,True,True,True,True,True,True,True,False,True,True,False,False,13,False,0.0692446220303379,0.184836364524864,1.0,2374122069.4,0.0630213160333642,3.0,3.0,,,,,,0.0779656590630074,-0.0090366873340786,0.3049023128394665,0.1447229910808215,0.8521897810218978,0.1447229910808215,0.8175000285406455,-115.0,0.8540145985401459,0.9343065693430656,0.9197080291970804,0.863868613138686,0.8912408759124087,聯詠
60.400001525878906,61.59999847412109,59.29999923706055,60.29999923706055,1551205.0,0.1334586160206814,57.47999954223633,0.1313320844314902,54.43000049591065,0.2492785776545865,53.7384532292684,0.2419728716244804,49.74913781483968,0.0126511648300443,66.21621447466332,481428.5,3.2220880151465896,0.1078449143426136,3046.TW,2026-08-11,0.0080125571725508,0.1022128218364362,neutral,0.06209453197405,0.1066790352504638,2026-03-31,2026-05-15,1818011000.0,164863000.0,94671000.0,110981000.0,17198000.0,94001000.0,1.2,3347000000.0,2193135000.0,3800793000.0,2266693000.0,1534100000.0,1823720000.0,113083000.0,,,0.1549634622142529,80000454.06871447,1607658000.0,0.0497621098944641,0.0612743628185907,0.0247319440969292,1.4775392738413402,0.0906831696837918,0.0520739423468834,0.0517054077230555,0.0112825744495272,,,51.57995742194333,51.57995742194333,False,83.6614704939977,83.6614704939977,75.64109222598411,344.0,True,True,True,True,True,True,True,True,True,True,False,True,False,True,False,False,False,12,False,0.1221015048534823,0.2120812919711274,1.0,29030138.182699203,0.5060240963855421,1.0,3.0,,,,,,0.0626086661215022,0.0074370281289437,0.3448217970947138,0.0830837607050304,0.8824817518248176,0.0830837607050304,0.871458092201786,-344.0,0.6058394160583942,0.8686131386861314,0.9635036496350364,0.6594890510948905,0.7562043795620439,建碁
51.900001525878906,51.900001525878906,48.45000076293945,51.0,1494841.0,0.0680628272251309,47.74000015258789,0.3991769254461652,42.76250038146973,0.3839892024911788,43.07583351135254,1.3234623338195406,35.20708336830139,0.0605121194484749,65.20145998069177,756722.3,1.975415552045975,0.1926337221875789,3229.TW,2026-08-11,0.0080125571725508,0.1022128218364362,neutral,0.0018535681186283,0.046382189239332,2026-03-31,2026-05-15,342922000.0,37599000.0,21175000.0,35503000.0,188000.0,35315000.0,0.55,692865000.0,303681000.0,941103000.0,306548000.0,634555000.0,107034000.0,151140000.0,,,0.0052953271554516,21062871.447483312,637422000.0,0.0330438413601716,0.0556531742717337,0.0375251168044305,0.4830913002025041,0.1096430091974268,0.0617487358641323,0.1029826024577017,0.4578839294444752,,,67.33482851500801,67.33482851500801,False,80.98808642430609,80.98808642430609,77.57477194698157,185.0,True,True,True,True,True,False,True,True,True,True,True,True,True,False,True,False,False,12,False,0.1839585178673108,0.4485721372170728,1.0,38592837.3,0.4661723818350324,1.0,3.0,,,,,,-0.0140836535286582,-0.055363571426335,0.2843718997147128,-1.832641627103371,0.3784671532846715,-1.832641627103371,0.4841094379606471,-185.0,0.7591240875912408,0.8978102189781022,0.4963503649635036,0.7197080291970802,0.7481751824817517,晟鈦
198.0,198.0,186.0,186.0,791638.0,0.0449438202247192,188.9,0.0247933884297519,175.65,0.1387091648382876,174.6494041442871,0.3141952692749763,161.56410522460936,0.0080344332855093,54.2483660130719,709596.4,1.1156172720154724,0.0589239965841161,3416.TW,2026-08-11,0.0080125571725508,0.1022128218364362,neutral,0.2548656163113994,0.1985157699443413,2026-03-31,2026-05-15,946676000.0,345733000.0,142827000.0,161912000.0,16386000.0,144945000.0,1.8,2786217000.0,1757760000.0,5068550000.0,1824098000.0,3244452000.0,394852000.0,,12996000.0,,0.101203122683927,128372461.59642276,3310790000.0,0.0387739668165068,0.044674724730093,0.0285969360073393,0.5622206770203412,0.3652073148574591,0.1508721040778471,0.1531094059636031,0.1820639382069682,,,79.62654194597235,79.62654194597235,False,70.76313203649022,70.76313203649022,72.97898451386075,87.0,True,False,True,True,True,True,True,True,True,True,True,True,True,True,True,False,False,13,False,0.0649907505343423,0.1512458150368203,1.0,131984930.4,0.3104726598702502,2.0,2.0,,,,,,-0.0019512440966856,-0.0698509169685035,0.2519762423383344,-1.4378508997084016,0.4160583941605839,-1.4378508997084016,0.4263081497609798,-87.0,0.8978102189781022,0.7956204379562044,0.4014598540145985,0.8233576642335766,0.7678832116788321,融程電
234.0,234.0,226.0,229.0,316643.0,0.0361990950226245,231.0,0.0632290607676095,214.162198638916,0.1958224543080939,214.1215965270996,0.2180851063829787,199.4607982635498,-0.0004788044857173,64.74820143884892,493456.0,0.6416843649687105,0.069283008184376,3617.TW,2026-08-11,0.0080125571725508,0.1022128218364362,neutral,0.1492122335495829,0.147495361781076,2026-03-31,2026-05-15,2931932000.0,1579254000.0,476843000.0,521769000.0,118652000.0,388950000.0,4.13,10475363000.0,3752308000.0,14792411000.0,5524979000.0,9267432000.0,4373481000.0,0.0,,1434491000.0,0.2274033144935785,368407321.3069385,11040103000.0,0.033369917047598,0.0419695553201793,0.026293888129528,0.5961715176329322,0.5386393681708853,0.1626378101538507,0.1326599661929403,0.0219561852265348,,,74.61371274804436,74.61371274804436,False,68.44516469896259,68.44516469896259,69.98730171123303,122.0,True,False,True,True,True,True,False,True,True,True,True,True,False,True,True,False,False,11,False,0.0694857674994842,0.1480952748289903,1.0,113001424.0,0.3262279888785913,2.0,3.0,,,,,,0.0289090900242237,-0.0211485457221121,0.2570839865171311,-1.1233489169269428,0.5981751824817518,-1.1233489169269428,0.6086869495423626,-122.0,0.8394160583941606,0.7226277372262774,0.6715328467153284,0.8142335766423356,0.7708029197080292,碩天
4165.0,4170.0,3895.0,4065.0,1060802.0,-0.0193003618817853,4274.0,0.3323255282854633,3660.626831054688,0.2431192660550458,3591.897961425781,0.3686868686868687,3764.4489807128903,0.0817634559671282,60.5607476635514,1598449.8,0.663644238311394,0.1104655534715637,3653.TW,2026-08-11,0.0080125571725508,0.1022128218364362,neutral,0.0092678405931417,0.1103896103896103,2026-03-31,2026-05-15,5305216000.0,2216652000.0,1696566000.0,1775586000.0,371056000.0,1398199000.0,9.53,20477674000.0,8468040000.0,30307238000.0,8909881000.0,21397357000.0,10253854000.0,,,,0.2089766420776014,1342023334.256972,21839198000.0,0.0614502114160498,0.0653444722168256,0.0461341610871963,0.4164010069094047,0.4178250235240186,0.3197920687866432,0.2635517573648274,0.116346562150301,,,88.8947474261209,88.8947474261209,False,90.67962916015291,90.67962916015291,90.23340872664492,39.0,True,True,True,True,True,True,True,True,True,True,True,True,False,True,True,False,False,13,False,0.1317136632652069,0.0798393126927683,1.0,6497698437.0,0.0305838739573679,3.0,2.0,,,,,,-0.0494222002689595,-0.1056190122494025,0.2204312370227933,-1.408392534852818,0.2948905109489051,-1.408392534852818,0.3213961902491656,-39.0,0.9635036496350364,0.9927007299270072,0.2627737226277372,0.8583941605839417,0.8321167883211679,健策
2145.0,2205.0,2070.0,2200.0,3554893.0,-0.0434782608695651,2263.0,0.2501313607657387,2111.5,0.0864197530864196,2077.451973470052,0.7120622568093384,2064.1843200683597,0.0529676307232405,53.18352059925094,3683543.65,0.965074215965922,0.0419133317546767,3665.TW,2026-08-11,0.0080125571725508,0.1022128218364362,neutral,0.0176088971269694,0.2940630797773655,2026-03-31,2026-05-15,20863649000.0,6001841000.0,3108361000.0,3043227000.0,769751000.0,2273834000.0,11.66,52902105000.0,23706185000.0,85600663000.0,38964135000.0,46636528000.0,12968524000.0,2321009000.0,3082678000.0,8542272000.0,0.2529390676410271,2322135066.768269,61894478000.0,0.0375176452214084,0.0487565026281544,0.026563275567153,0.8354853302973154,0.2876697647664605,0.1489845328590411,0.1089854416166606,0.2942080053793907,,,78.1830301662937,78.1830301662937,False,71.92795662603643,71.92795662603643,73.49172501110075,95.0,True,False,True,True,True,True,True,True,True,False,True,True,True,True,True,False,False,12,False,0.0589895834392026,0.0657962947452013,1.0,8103796030.0,0.0240963855421686,3.0,2.0,,,,,,-0.0062195573880524,-0.0535476618110463,0.3009345125763782,-0.3563246683940099,0.5321167883211679,-0.3563246683940099,0.6444566847701414,-95.0,0.8832116788321168,0.8029197080291971,0.708029197080292,0.856934306569343,0.8240875912408759,貿聯-KY
126.0,128.0,121.0,125.5,12177765.0,0.0680851063829788,126.5,0.0502092050209204,116.525,0.1357466063348416,113.68333333333334,0.992063492063492,101.72499993642172,0.034398579671549,56.09756097560975,11767582.75,1.0348569675450126,0.0770220982621754,3702.TW,2026-08-11,0.0080125571725508,0.1022128218364362,neutral,0.1770157553290083,0.2068645640074211,2026-03-31,2026-05-15,316500457000.0,14203178000.0,8470625000.0,7205961000.0,1455173000.0,5548632000.0,3.3,434755950000.0,351739547000.0,479508376000.0,386867313000.0,92641063000.0,25004254000.0,131686606000.0,25757252000.0,5309644000.0,0.2019401714774754,6760065534.97861,127768829000.0,0.0529085661024459,0.0598938723317542,0.011571501724925,4.17598093622911,0.0448756950768004,0.0267633894759273,0.0175311974352062,0.2719338016357759,,,44.311414548255854,44.311414548255854,False,75.77974168645589,75.77974168645589,67.91265990190588,442.0,True,True,True,True,True,True,True,True,True,True,True,True,True,True,False,False,False,14,False,0.1039437032693153,0.2337183590900733,1.0,1476831635.125,0.0898980537534754,2.0,3.0,,,,,,0.0613500309405624,0.0092377271655555,0.3500698575449312,0.0036377297661579,0.8846715328467154,0.0036377297661579,0.8526692475861507,-442.0,0.5328467153284672,0.6131386861313869,0.948905109489051,0.5952554744525547,0.6401459854014598,大聯大
91.9000015258789,91.9000015258789,89.5999984741211,90.0,12577318.0,-0.0142388062245828,91.88000030517578,0.0033445157409639,89.98500061035156,0.1235955270221063,88.68833376566569,0.1904762145042664,84.9225004196167,0.0074451470386205,47.36842985848151,12347143.65,1.0186419107548004,0.0001666876651298,3706.TW,2026-08-11,0.0080125571725508,0.1022128218364362,neutral,0.386468952734013,0.2244897959183673,2026-03-31,2026-05-15,31863922000.0,2934046000.0,1186173000.0,1645175000.0,108264000.0,1460985000.0,1.1,82662619000.0,48216898000.0,135913012000.0,68280278000.0,67632734000.0,9782105000.0,1879510000.0,7968750000.0,,0.0658069810202562,1108114535.9022596,87696114000.0,0.0126358453682709,0.0216017439129401,0.0107494122784947,1.009574417027116,0.0920805040886052,0.0372262083744744,0.0458507587358517,0.3464486758783238,,,39.67324991044731,39.67324991044731,False,57.96292641507125,57.96292641507125,53.39050728891527,514.0,True,False,True,True,True,True,True,False,False,True,True,True,True,True,False,False,False,11,False,0.0147896141312118,0.0597898031180723,1.0,1111242928.5,0.1056533827618165,1.0,3.0,,,,,,0.0311535127950975,-0.0262011093803059,0.1918805136409247,-1.768202250950086,0.4281021897810219,-1.768202250950086,0.385098443821307,-514.0,0.4598540145985401,0.0875912408759124,0.3211678832116788,0.439051094890511,0.3204379562043795,神達
52.5,52.900001525878906,51.5,52.900001525878906,172428.0,0.1020833651224772,50.85,0.1860987295004921,49.15,0.2932857392662711,44.73747692108154,0.0366219954136446,46.99158980051676,0.029750682559475,60.33333833482402,255608.85,0.6745775821142342,0.076297080892755,4119.TW,2026-08-11,0.0080125571725508,0.1022128218364362,neutral,0.0379981464318813,0.0862708719851577,2026-03-31,2026-05-15,375798000.0,82325000.0,33151000.0,28590000.0,8480000.0,20110000.0,0.17,1104577000.0,1053320000.0,6954821000.0,1544198000.0,5410623000.0,51949000.0,390000000.0,300399000.0,,0.2966072053165442,23318174.53655124,5901501000.0,0.0039512277531684,0.0037167623765322,0.0028915194222827,0.2854011451176694,0.2190671584202151,0.0882149452631466,0.0535127914464685,0.0430373141784996,,,33.11973270077256,33.11973270077256,False,87.32063869828201,87.32063869828201,73.77041219890465,627.0,True,True,True,True,True,True,True,True,True,True,False,True,False,True,False,False,False,12,False,0.1824538433223745,0.1257333865579744,1.0,13521708.555028154,0.6172381835032438,1.0,3.0,,,,,,0.0021023290613816,-0.0449290746493435,0.17243349776261,-1.7066447045087898,0.3021897810218978,-1.7066447045087898,0.2336249273836498,-627.0,0.364963503649635,0.8248175182481752,0.1240875912408759,0.3288321167883212,0.4547445255474452,旭富
168.0,171.5,166.0,171.5,298710.0,0.0331325301204818,169.3,0.0677577353939833,166.075,0.0993589743589744,164.2441520690918,0.0854430379746835,159.85124270121256,0.0092820473088532,70.0,379686.9,0.7867271691491068,0.0326659641728135,4536.TW,2026-08-11,0.0080125571725508,0.1022128218364362,neutral,0.1390176088971269,0.2708719851576994,2026-03-31,2026-05-15,2316961000.0,794900000.0,396418000.0,448947000.0,83458000.0,327949000.0,3.61,9168173000.0,3277337000.0,14414904000.0,4782570000.0,9632334000.0,5697733000.0,352903000.0,784549000.0,,0.1858972217210494,322724995.159785,11137567000.0,0.0289762562290116,0.0340466806902667,0.022750689147843,0.4965120603168453,0.3430787138842647,0.1710939459058655,0.1415427363688901,-0.0352736858453488,,,64.73287402560862,64.73287402560862,False,66.7798357852115,66.7798357852115,66.26809534531078,212.0,True,False,True,True,True,True,True,True,True,False,True,True,False,True,True,False,False,11,False,0.0441772071608121,0.0728724850801494,1.0,65116303.35,0.3948100092678406,2.0,3.0,,,,,,0.0602797746104208,0.0185277906082287,0.2645900044283004,-1.0531112577865334,0.795985401459854,-1.0531112577865334,0.7291270045343949,-212.0,0.7226277372262774,0.5766423357664233,0.8394160583941606,0.7401459854014598,0.7021897810218978,拓凱
74.5999984741211,74.5999984741211,70.0,70.4000015258789,3979085.0,0.0414201644224847,72.26000213623047,0.0554723350363546,68.85500049591064,0.1373182518654114,65.85499986012776,0.2653131689753081,63.83961540857951,0.0322314784730708,52.71739051562874,3892793.6,1.022166959995002,0.0224384724252528,4566.TW,2026-08-11,0.0080125571725508,0.1022128218364362,neutral,0.164967562557924,0.2050092764378478,2026-03-31,2026-05-15,1354549000.0,296455000.0,38413000.0,65488000.0,22696000.0,40409000.0,0.37,5180146000.0,3777583000.0,10646601000.0,5592503000.0,5054098000.0,2044806000.0,832690000.0,976708000.0,0.0,0.3465673100415343,25100309.919374544,6869018000.0,0.0036541336650121,0.0079952941157848,0.0037954836477858,1.10652840526638,0.2188588231212012,0.0283585163770376,0.0298320695670662,0.0816066447931047,,,26.559226672275766,26.559226672275766,False,67.77743915396634,67.77743915396634,57.4728860335437,746.0,True,False,True,True,True,True,True,True,True,True,True,True,True,True,False,False,False,13,False,0.0690152862410518,0.1027635595125739,1.0,274052675.3799316,0.2363299351251158,1.0,3.0,,,,,,8.238272578603072e-05,-0.0597297003705398,0.2054437808591774,-1.6169507378527863,0.3313868613138686,-1.6169507378527863,0.3199459648991278,-746.0,0.2116788321167883,0.1751824817518248,0.2481751824817518,0.2171532846715328,0.2080291970802919,時碩工業
130.0,133.0,130.0,131.5,292148.0,0.02734375,130.2,0.0354330708661416,129.4,0.0778688524590163,126.075,0.02734375,125.55416666666666,0.0075919797547206,53.846153846153854,196759.15,1.4848000715595693,0.0162287480680061,4736.TW,2026-08-11,0.0080125571725508,0.1022128218364362,neutral,0.2103799814643188,0.3181818181818182,2026-03-31,2026-05-15,1074466000.0,531890000.0,272939000.0,362978000.0,69184000.0,284846000.0,2.99,7743817000.0,2835366000.0,13071771000.0,3115964000.0,9955807000.0,2352593000.0,940000000.0,169444000.0,,0.1906010832612444,220916530.9357592,10236405000.0,0.0215814566672341,0.0286110407724858,0.0217909264169331,0.3129795505276468,0.4950272972806957,0.2540229285989505,0.2651047124804321,0.0999991809891194,,,73.12470502530472,73.12470502530472,False,68.17773342147063,68.17773342147063,69.41447632242915,135.0,True,False,True,True,True,True,True,True,True,False,True,True,True,True,True,False,False,12,False,0.0430299424945468,0.0473567185477716,1.0,25873828.225,0.5264133456904542,2.0,3.0,,,,,,0.0517850740426413,0.0070447088383122,0.1837287062369534,-1.4292397303442226,0.5883211678832116,-1.4292397303442226,0.5042552648571897,-135.0,0.8175182481751825,0.7007299270072993,0.5182481751824818,0.7726277372262773,0.7226277372262774,泰博
50.0,52.29999923706055,49.59999847412109,51.59999847412109,15167516.0,0.0650154316115334,49.92000045776366,0.1278688191064718,48.875,0.2403846242018708,46.256666628519696,-0.0076923370361329,45.204166666666666,0.0129533718799072,55.41666520966376,9694382.25,1.564567561795905,0.0557544444832958,4763.TW,2026-08-11,0.0080125571725508,0.1022128218364362,neutral,0.0648748841519925,0.1131725417439703,2026-03-31,2026-05-15,2711414000.0,1506899000.0,1344230000.0,1277102000.0,163292000.0,1114887000.0,1.13,18689835000.0,1425022000.0,23180026000.0,1425022000.0,21755004000.0,10088044000.0,,,,0.1278613611128946,1172354922.5512135,21755004000.0,0.0538889775681591,0.0512473819816351,0.0480968830664814,0.0655031826240988,0.5557613112567834,0.4957671532270616,0.4111828735855166,-0.3473205110583516,,,80.5798896395777,80.5798896395777,False,83.371667997819,83.371667997819,82.67372340825868,82.0,True,True,True,True,True,True,True,True,True,True,True,True,True,True,True,False,False,14,False,0.1155148486706334,0.1414876609631359,1.0,500230109.30754656,0.1696014828544949,1.0,2.0,,,,,,0.0334313996571193,-0.0336978345948451,0.1773534121101947,-1.4438432632503162,0.452919708029197,-1.4438432632503162,0.4388303720659134,-82.0,0.9051094890510948,0.978102189781022,0.4452554744525547,0.8361313868613139,0.835036496350365,材料*-KY
87.5,89.0,84.69999694824219,89.0,12158478.0,0.006787312938512,88.61999969482422,0.084043869112298,85.32499961853027,0.215756317803532,84.30576515197754,0.3229780606534456,79.33455670674643,0.0174089338759602,58.778621508424216,12323326.7,0.9866230358073684,0.0430706170278332,4938.TW,2026-08-11,0.0080125571725508,0.1022128218364362,neutral,0.1065801668211306,0.1280148423005566,2026-03-31,2026-05-15,244105400000.0,10801479000.0,2829288000.0,3464858000.0,605203000.0,1561454000.0,0.58,455223337000.0,347425362000.0,623242706000.0,374551574000.0,248691132000.0,112291906000.0,50872952000.0,7687427000.0,2697039000.0,0.174668918610806,2335099324.60147,275817344000.0,0.0084661076447805,0.0062786878946692,0.0025053706765723,1.5060913953296895,0.0442492423354829,0.0115904359346413,0.0063966385012375,-0.1039816497152077,,,13.24211612714073,13.24211612714073,False,79.72324369953182,79.72324369953182,63.102961806434045,991.0,True,True,True,True,True,True,True,True,True,True,True,True,True,True,False,False,False,14,False,0.0556810656965178,0.1218314400996918,1.0,1096776076.3,0.1065801668211306,1.0,3.0,,,,,,-0.0036109208261037,-0.0517659588046582,0.2173892284608217,-1.6837837567668683,0.3405109489051095,-1.6837837567668683,0.2600671620847039,-991.0,0.0510948905109489,0.5036496350364964,0.1678832116788321,0.0686131386861313,0.2102189781021897,和碩
200.0,200.0,191.0,193.5,214214.0,0.0351514498485379,191.3994171142578,0.0661157024793388,187.8929794311524,0.311864406779661,178.6393264770508,0.4072727272727272,164.4321632385254,0.0064268798199387,49.56614512636183,208992.85,1.0249824336095708,0.0298415650538033,5288.TW,2026-08-11,0.0080125571725508,0.1022128218364362,neutral,0.1417979610750695,0.0760667903525046,2026-03-31,2026-05-15,2061135000.0,478999000.0,298138000.0,346156000.0,100630000.0,249057000.0,3.59,4729511000.0,1996750000.0,8144719000.0,2033096000.0,6111623000.0,1527526000.0,170275000.0,,0.0,0.2907070800448352,211467172.5695929,6147969000.0,0.0343962652657475,0.0407513683353832,0.0305789555170657,0.3326605715044923,0.2323957431221147,0.1446474879132128,0.120834879811366,0.0892520430725782,,,70.01559901846518,70.01559901846518,False,71.53937544349867,71.53937544349867,71.1584313372403,162.0,True,False,True,True,True,True,True,False,True,True,True,True,True,True,True,False,False,12,False,0.0831881412453618,0.1767770744419921,1.0,40440116.475,0.4596848934198331,2.0,3.0,,,,,,0.0270352401122827,-0.0153586247620876,0.2637221470417755,-1.611439218189573,0.5565693430656935,-1.611439218189573,0.4898730898578438,-162.0,0.7883211678832117,0.7664233576642335,0.5036496350364964,0.7456204379562044,0.7248175182481752,豐祥-KY
98.0,99.5999984741211,97.1999969482422,99.5999984741211,432579.0,0.1103679137424198,94.87999877929688,0.1153414901497087,92.45499992370604,0.2046886325875145,87.26046307881673,0.1220656030106093,86.26331882476806,0.020530928379536,70.80743605053405,337633.15,1.2812100944471831,0.0772808237121962,5306.TW,2026-08-11,0.0080125571725508,0.1022128218364362,neutral,0.0741427247451343,0.1382189239332096,2026-03-31,2026-05-15,1341388000.0,561120000.0,294671000.0,324498000.0,98836000.0,225673000.0,1.79,6076821000.0,3279027000.0,14278795000.0,5015002000.0,9263793000.0,2533303000.0,1157914000.0,920000000.0,0.0,0.304581230084623,204919744.34973404,10999768000.0,0.0186294605804171,0.0243607559020371,0.0158047650379461,0.5413551447015278,0.4183129713401342,0.219676186159411,0.1682384216945432,0.052471848048508,,,64.26179889626455,64.26179889626455,False,78.1037312557253,78.1037312557253,74.64324816586011,218.0,True,True,True,True,True,True,True,True,True,True,False,True,True,True,True,False,False,13,False,0.141410381745956,0.1546042956733979,1.0,33628261.2248127,0.4828544949026876,1.0,3.0,,,,,,0.0369302505861642,-0.013119915470674,0.2267226792108022,-1.6585200996562497,0.5492700729927007,-1.6585200996562497,0.498466380189938,-218.0,0.708029197080292,0.8540145985401459,0.5109489051094891,0.6784671532846716,0.7124087591240876,桂盟
93.5999984741211,94.0999984741211,91.0,91.0999984741211,3686094.0,0.0213004662655018,91.9,0.0630105217989702,87.42999992370605,0.1739690755857699,85.18999989827473,0.1419108354567655,82.00364640553792,0.0210802956288149,55.82089647415015,5223490.95,0.7056763446675446,0.0419764217501725,5388.TW,2026-08-11,0.0080125571725508,0.1022128218364362,neutral,0.1501390176088971,0.1651205936920222,2026-03-31,2026-05-15,16646403000.0,2274636000.0,490201000.0,382940000.0,80658000.0,301579000.0,1.01,42315171000.0,32167536000.0,51409565000.0,35731734000.0,15677831000.0,4910695000.0,4793230000.0,,2861036000.0,0.210628296861127,386950798.25037867,19242029000.0,0.020109667138033,0.019236015492194,0.0058662040808942,2.2791248355719613,0.1366442948665847,0.0294478633011588,0.0181167667273224,0.466090584343525,,,33.75584177938652,33.75584177938652,False,74.11129030211374,74.11129030211374,64.02242817143194,614.0,True,False,True,True,True,True,True,True,True,True,True,True,False,True,False,False,False,12,False,0.069374323076693,0.1109261900818214,1.0,475860017.5745854,0.1779425393883225,1.0,3.0,,,,,,0.0388432261286256,-0.0375337519576702,0.2052983892009514,-1.4710957292461262,0.495985401459854,-1.4710957292461262,0.3944942047624823,-614.0,0.3722627737226277,0.5109489051094891,0.3430656934306569,0.3678832116788321,0.4080291970802919,中磊
44.0,44.20000076293945,43.29999923706055,43.650001525878906,315662.0,0.0331361307900333,43.14000091552735,0.0620438721758942,42.797500419616696,0.1913538915515344,40.3281894048055,0.4863913242422855,37.419171778361004,0.0116416571053894,61.29032258064516,552742.05,0.5710837451212549,0.0199194134681626,5515.TW,2026-08-11,0.0080125571725508,0.1022128218364362,neutral,0.1519925857275255,0.1512059369202226,2026-03-31,2026-05-15,2015280000.0,391103000.0,268702000.0,476647000.0,82479000.0,394168000.0,1.96,9114211000.0,5142167000.0,11530797000.0,5836747000.0,5694050000.0,2270517000.0,100000000.0,,,0.1730400065457246,222205804.1611507,6388630000.0,0.0347814483169553,0.0692245414072584,0.0341839336864572,1.02506072127923,0.1940688142590607,0.1333323409154063,0.1955896947322456,0.3881614203981094,,,76.63848749386133,76.63848749386133,False,77.99744448235427,77.99744448235427,77.65770523523103,103.0,True,True,True,True,True,True,True,True,True,True,True,True,False,True,True,False,False,13,False,0.0823694832349102,0.1665143682073986,1.0,24127191.32591744,0.5319740500463392,1.0,3.0,,,,,,0.0582594191964198,0.0203771473055251,0.2659892850777834,-0.8002080975535985,0.8127737226277372,-0.8002080975535985,0.7943447005372777,-103.0,0.8686131386861314,0.9051094890510948,0.8905109489051095,0.871897810218978,0.8839416058394161,建國
46.650001525878906,46.650001525878906,45.79999923706055,46.400001525878906,462420.0,0.1167268923676032,45.36000061035156,0.1072986597419622,41.78250026702881,0.1100479036549819,43.7160483678182,0.0790698029274163,44.66010754903157,0.0166936142757292,67.30769230769232,581316.55,0.7954702132598839,0.1105128039092919,6112.TW,2026-08-11,0.0080125571725508,0.1022128218364362,neutral,0.0834105653382761,0.2523191094619666,2026-03-31,2026-05-15,6018223000.0,834764000.0,167785000.0,90440000.0,48570000.0,32807000.0,0.17,11930415000.0,9613507000.0,15361762000.0,10271180000.0,5090582000.0,1349634000.0,3751754000.0,180432000.0,,0.4,100671000.0,5748255000.0,0.017513314910351,0.0064446462113762,0.0021356274104494,2.017682850408853,0.1387060599117048,0.0278794920028719,0.0054512768968514,0.2736882851262932,,,29.171201546523523,29.171201546523523,False,68.39055862052986,68.39055862052986,58.58571935202827,694.0,True,False,True,True,True,False,True,True,True,True,False,True,False,True,False,False,False,10,False,0.0613951456791899,0.0389585711350366,1.0,26973088.807018664,0.5162187210379982,1.0,3.0,,,,,,0.0324907125942809,-0.0254602394331355,0.2382152928610296,-1.461227312872298,0.5518248175182482,-1.461227312872298,0.3042452365309523,-694.0,0.2773722627737226,0.2554744525547445,0.218978102189781,0.2686131386861314,0.2591240875912409,邁達特
25.25,25.950000762939453,24.950000762939453,25.049999237060547,268887.0,0.0245398141267363,24.869999694824223,0.0329896592602287,24.4524998664856,0.0545675959491362,24.334261035919194,0.1009951146296537,23.907300329208372,0.0072083165444359,61.2903027331072,158349.8,1.698057086273554,0.0244351037250745,6136.TW,2026-08-11,0.0080125571725508,0.1022128218364362,neutral,0.2205746061167748,0.3812615955473098,2026-03-31,2026-05-15,171722000.0,51677000.0,-8398000.0,-7084000.0,312000.0,-3345000.0,-0.03,770246000.0,319306000.0,4455250000.0,426683000.0,4028567000.0,310276000.0,57595000.0,27169000.0,,0.0,-8398000.0,4135944000.0,-0.0020304917087852,-0.0008303200616993,-0.0007507996184276,0.1059143362888093,0.3009340678538568,-0.048904624917017,-0.0194791581742583,0.2854886401916383,,,36.25455624577715,36.25455624577715,False,74.74777959361593,74.74777959361593,65.12447375665624,586.0,True,False,True,True,True,True,True,True,True,False,True,True,True,True,False,False,False,12,False,0.0294127773218537,0.047797070021164,1.0,3966662.36918869,0.7775718257645968,0.0,3.0,,,,,,0.0335956607610701,-0.0010424040888125,0.1878291325851851,-1.6064238655560052,0.504014598540146,-1.6064238655560052,0.4823702597753693,-586.0,0.3868613138686131,0.5547445255474452,0.4890510948905109,0.4021897810218978,0.4576642335766424,富爾特
140.5,141.0,133.0,136.0,2849969.0,0.075098814229249,140.8,0.0264150943396226,135.95,0.198237885462555,134.71690508524577,1.2857142857142856,102.6326192220052,0.012549427323423,46.37096774193548,5266535.8,0.5411468009008882,0.0003677822728944,6166.TW,2026-08-11,0.0080125571725508,0.1022128218364362,neutral,0.2446709916589434,0.1447124304267161,2026-03-31,2026-05-15,3443841000.0,1293055000.0,417400000.0,440128000.0,100613000.0,342530000.0,1.57,9685113000.0,6814747000.0,14840413000.0,9041778000.0,5798635000.0,2371557000.0,1276966000.0,2103192000.0,,0.2285994074451068,321982607.3324124,8025666000.0,0.0401191137697995,0.0590707985586263,0.023080894042504,1.5592942132070735,0.3754688442352594,0.1212018789485345,0.0994616185822748,0.2873272036683791,,,76.55639090357866,76.55639090357866,False,64.07270801230499,64.07270801230499,67.19362873512341,105.0,True,False,True,True,True,True,True,False,True,True,True,True,False,True,True,False,False,11,False,0.0095243793935313,0.3251147737525592,1.0,716248868.8,0.1455050973123262,2.0,3.0,,,,,,-0.0069718651998132,-0.1074611109928483,0.2443587941483724,-0.9853989701848792,0.4124087591240876,-0.9853989701848792,0.5459628244417679,-105.0,0.8613138686131386,0.5912408759124088,0.583941605839416,0.8197080291970802,0.7248175182481752,凌華
48.45000076293945,48.70000076293945,47.95000076293945,48.25,1308712.0,0.0200845830499529,48.21999969482422,0.0489130434782609,47.777499771118165,0.0627752946769515,46.10416673024496,0.0115303821438901,46.36958325703939,0.0140075352445989,49.42529642812983,1397517.2,0.936455021805814,0.0098895972193058,6177.TW,2026-08-11,0.0080125571725508,0.1022128218364362,neutral,0.1797961075069508,0.3562152133580705,2026-03-31,2026-05-15,4844225000.0,2424809000.0,2089752000.0,2073933000.0,400120000.0,1667275000.0,3.53,41652029000.0,29793350000.0,46628913000.0,33629226000.0,12999687000.0,696289000.0,19529640000.0,800533000.0,2371735000.0,0.1929281225574789,1686580070.0292633,16835563000.0,0.1001796061129208,0.1282550110629586,0.0357562484890008,2.586925823675601,0.5005566421873467,0.4313903668801511,0.3441778612677982,7.245531466543658,,,87.89986336679576,87.89986336679576,False,61.52486954244853,61.52486954244853,68.11861799853534,43.0,True,False,True,True,True,True,True,False,True,False,True,True,True,True,True,False,False,11,False,0.0465431526462736,0.0405528066218956,1.0,67430204.89999999,0.3873957367933272,1.0,2.0,,,,,,0.0410666405218597,0.002690858886523,0.3339668578583251,0.5810680187185561,0.802919708029197,0.5810680187185561,0.6865219153410764,-43.0,0.9562043795620438,0.635036496350365,0.781021897810219,0.92992700729927,0.8248175182481752,達麗
154.0,156.0,142.5,143.0,6397342.0,0.0214285714285713,147.5,0.2035271399014153,129.78858947753906,0.1,132.10373458862304,0.5783664724988533,118.5502005259196,0.0394629041131896,59.42857142857142,3328099.15,1.9222209771003969,0.1017917721091135,6206.TW,2026-08-11,0.0080125571725508,0.1022128218364362,neutral,0.0315106580166821,0.2680890538033395,2026-03-31,2026-05-15,1510237000.0,689057000.0,424206000.0,442845000.0,88742000.0,359024000.0,2.51,5482164000.0,1306580000.0,6928875000.0,1318597000.0,5610278000.0,2258494000.0,,,,0.2003906558728223,339199081.4348135,5622295000.0,0.0603310714636662,0.0639939767690656,0.0518156266349154,0.2350323816395551,0.4562575277919956,0.2808870395838534,0.2377269263036198,0.1096002833077651,,,90.34179168403904,90.34179168403904,False,76.40389503497377,76.40389503497377,79.88836919724008,29.0,True,True,True,True,True,False,True,True,True,False,True,True,True,True,True,False,False,12,False,0.0824826447587452,0.20624005160358,1.0,475918178.45,0.1770157553290083,2.0,1.0,,,,,,-0.0256372452651692,-0.1036578475535111,0.1515381316168854,-1.8366661187842837,0.1631386861313868,-1.8366661187842837,0.2209613383980782,-29.0,0.9708029197080292,0.9416058394160584,0.1167883211678832,0.8427007299270073,0.7912408759124088,飛捷
142.0,143.0,140.5,143.0,1285539.0,-0.0466666666666666,146.5,0.0177935943060498,144.0,0.2093567102042401,136.900532023112,0.3516339599682385,123.87047894795737,0.0101718695194667,51.68539325842697,2183799.4,0.5886708275494535,-0.0069444444444444,6214.TW,2026-08-11,0.0080125571725508,0.1022128218364362,neutral,0.3012048192771084,0.1354359925788497,2026-03-31,2026-05-15,11968686000.0,2441124000.0,591731000.0,895921000.0,121622000.0,718327000.0,2.64,28637858000.0,16986250000.0,37839475000.0,17932964000.0,19906511000.0,4485498000.0,2337560000.0,448042000.0,0.0,0.1357508083860072,511403038.4029395,20853225000.0,0.0245239303946003,0.0360850276575337,0.0189835350516887,0.9008592213874144,0.203959231614899,0.0494399301644307,0.0600171982120677,0.2168964026850304,,,53.24611007538207,53.24611007538207,False,62.5779556072155,62.5779556072155,60.24499422425714,321.0,True,False,True,True,False,True,True,True,True,True,True,True,False,True,False,False,False,11,False,0.0445540122215031,0.1544316387125595,1.0,312283314.2,0.2252085264133456,2.0,3.0,,,,,,0.0062407474038178,-0.0772429551908131,0.2237068583634739,-1.3696180844525256,0.4021897810218978,-1.3696180844525256,0.3680014337214861,-321.0,0.6423357664233577,0.3211678832116788,0.2992700729927007,0.590875912408759,0.4773722627737226,精誠
103.0,103.5,98.0,99.6999969482422,886023.0,0.0539111898137742,101.75999908447264,0.0183860612288906,96.71545104980468,0.1291052491787818,90.31515057881673,0.1715628523608137,85.92007528940836,0.0105532112823564,45.58139340633642,1002542.5,0.8837759995212173,0.0308590392335614,6416.TW,2026-08-11,0.0080125571725508,0.1022128218364362,neutral,0.29935125115848,0.2161410018552875,2026-03-31,2026-05-15,1057732000.0,271486000.0,132488000.0,135818000.0,38070000.0,99022000.0,1.35,4240170000.0,1810116000.0,6158927000.0,2539091000.0,3619836000.0,356630000.0,274239000.0,208323000.0,,0.2803015800556627,95351404.26158535,4348811000.0,0.0219258561159786,0.0273553829510508,0.016077800564936,0.7014381314512591,0.2566680406757099,0.1252566812765426,0.0936172867985463,-0.046140444062884,,,49.20522556408967,49.20522556408967,False,63.1875240216602,63.1875240216602,59.69194940726757,382.0,True,False,True,True,True,True,True,False,True,True,True,True,True,True,False,False,False,12,False,0.103912204201392,0.1603806981362425,1.0,99953484.19048312,0.3392029657089898,1.0,3.0,,,,,,0.0461676970646257,-0.0136122759630241,0.2551746121247524,-1.294656931174067,0.6587591240875913,-1.294656931174067,0.637727440934749,-382.0,0.5766423357664233,0.2846715328467153,0.7007299270072993,0.5952554744525547,0.5138686131386861,瑞祺電通
424.0,426.5,418.0,423.5,765281.0,0.0803571428571428,423.0,0.0254237288135592,399.03150634765626,0.0914948453608246,398.3688354492188,-0.2410394265232974,421.6135843912761,0.0007523859921378,53.97190329769529,839350.4,0.911753899205862,0.0613197034898431,6472.TW,2026-08-11,0.0080125571725508,0.1022128218364362,neutral,0.2511584800741427,0.2838589981447124,2026-03-31,2026-05-15,4001231000.0,1442628000.0,407236000.0,221152000.0,174254000.0,25838000.0,0.21,19812444000.0,14337765000.0,45331756000.0,28703088000.0,16628668000.0,4832012000.0,3410000000.0,3908546000.0,8410772000.0,0.4,244341600.0,30993991000.0,0.0078835152271935,0.0015538225912021,0.0005699757141549,1.7261206970997316,0.3605460419555881,0.1017776779196202,0.0064575127004664,-0.1067853383739788,,,27.229352834015025,27.229352834015025,False,67.66974959908406,67.66974959908406,57.5596504078168,729.0,True,False,True,True,True,True,True,True,True,False,True,True,True,True,False,False,False,12,False,0.0630851670975773,0.0044742761584581,1.0,355464894.40000004,0.2103799814643188,2.0,3.0,,,,,,-0.0326676520959008,-0.1094885740538491,0.1729959575983219,-2.010167655263765,0.1489051094890511,-2.010167655263765,0.5396286706541643,-729.0,0.2335766423357664,0.1897810218978102,0.5693430656934306,0.2839416058394161,0.2875912408759123,保瑞
379.5,380.5,373.5,378.0,345595.0,0.0622415748712708,373.59794921875,0.0573426573426574,344.5969711303711,0.2901023890784984,336.26565704345705,0.3102253032928943,310.6578285217285,0.0029088900580965,71.7451750570207,551528.55,0.6266130737928254,0.0969336113432974,6491.TW,2026-08-11,0.0080125571725508,0.1022128218364362,neutral,0.1594068582020389,0.0881261595547309,2026-03-31,2026-05-15,1885667000.0,1005547000.0,542809000.0,566411000.0,88526000.0,472275000.0,6.06,6983966000.0,4705377000.0,16639674000.0,5326767000.0,11312907000.0,1204500000.0,831456000.0,457203000.0,,0.1562928686060122,457971824.2848391,11934297000.0,0.0383744282788369,0.0417465643446021,0.0283824671084301,0.4708574904752598,0.5332579930602805,0.2878604758952667,0.2504551439888379,0.1833499738625503,,,86.74813401220891,86.74813401220891,False,76.09244121034534,76.09244121034534,78.75636441081124,52.0,True,True,True,True,True,True,True,True,True,True,True,True,False,True,True,False,False,13,False,0.1241112259975731,0.2167728133513344,1.0,208477791.9,0.2594995366079703,2.0,2.0,,,,,,0.0347795012237228,-0.0260233903118027,0.3146880219568621,-1.3182445326552483,0.647080291970803,-1.3182445326552483,0.6583909758465217,-52.0,0.9416058394160584,0.9197080291970804,0.7226277372262774,0.9087591240875912,0.8912408759124087,晶碩
235.0,254.0,228.0,250.0,4569736.0,0.1086474501108647,243.5,0.1111111111111111,225.525,0.1185682326621924,215.375,0.1363636363636364,212.54166666666663,0.047978624535316,56.54008438818566,1954123.3,2.338509550548832,0.108524553818867,6533.TW,2026-08-11,0.0080125571725508,0.1022128218364362,neutral,0.0806302131603336,0.235621521335807,2026-03-31,2026-05-15,326356000.0,325982000.0,-202956000.0,-191919000.0,-25688000.0,-166231000.0,-3.28,1735463000.0,291379000.0,6111740000.0,1760341000.0,4351399000.0,1046856000.0,,,1419903000.0,0.1338481338481338,-175790718.14671814,5820361000.0,-0.0302027173480679,-0.0382017369586195,-0.0271986373765899,0.4045459862448835,0.9988540121830148,-0.621885303165868,-0.5093548149873145,0.2031025355560307,,,38.84336576062605,38.84336576062605,False,80.77880659912893,80.77880659912893,70.29494638950321,538.0,True,True,True,True,True,True,True,True,True,True,False,True,True,True,False,False,False,13,False,0.1607661056297156,0.1762399529504019,1.0,488530825.0,0.1723818350324374,2.0,3.0,,,,,,-0.1127865465528893,-0.1684847190947528,0.1101589511929041,-2.170184525409319,0.0343065693430656,-2.170184525409319,0.1964111779829933,-538.0,0.4452554744525547,0.7299270072992701,0.0875912408759124,0.3916058394160583,0.4591240875912408,晶心科
50.70000076293945,52.900001525878906,50.70000076293945,52.59999847412109,1429658.0,0.1097045734355757,49.63000030517578,0.1287553690228562,46.84999961853028,0.1846846096044105,46.12749996185303,-0.1291391201110456,49.748333263397214,0.0054187489775593,71.89780290217614,671617.2,2.128679849175989,0.1227321003715984,6589.TW,2026-08-11,0.0080125571725508,0.1022128218364362,neutral,0.0630213160333642,0.1567717996289425,2026-03-31,2026-05-15,308435000.0,64956000.0,-207240000.0,-141836000.0,406000.0,-142242000.0,-0.47,4188368000.0,910711000.0,10619357000.0,2413133000.0,8206224000.0,3257763000.0,0.0,1001914000.0,,0.0,-207240000.0,9708646000.0,-0.0213459219751137,-0.0173334288705743,-0.0133945963018288,0.2940613124867174,0.2105986674664029,-0.6719081816265988,-0.461173342843711,0.6954150931987708,,,33.08565989658788,33.08565989658788,False,79.7844001184756,79.7844001184756,68.10971506300366,628.0,True,True,True,True,True,True,True,True,True,True,False,True,True,True,False,False,False,13,False,0.1403175658256084,0.0573218241428403,1.0,35327063.69519348,0.4772937905468026,1.0,3.0,,,,,,-0.0540551337781729,-0.1687365759428362,0.1172366749323157,-2.267847024952575,0.0521897810218978,-2.267847024952575,0.2821626876818502,-628.0,0.3576642335766423,0.6277372262773723,0.1970802919708029,0.3335766423357664,0.4065693430656934,台康生技
60.400001525878906,61.29999923706055,60.20000076293945,61.0,452149.0,0.0183639139582634,60.4,0.0252100840336133,60.590000534057616,0.0876014211716709,59.564209683736166,0.0966346283091503,58.45455691019694,0.0030626578149018,53.8461493317245,513356.35,0.8807702485807374,0.0067667843262673,6592.TW,2026-08-11,0.0080125571725508,0.1022128218364362,neutral,0.253012048192771,0.2912801484230056,2026-03-31,2026-05-15,5805627000.0,3589277000.0,1112669000.0,1199688000.0,276772000.0,908070000.0,0.76,301356298000.0,284872301000.0,330129656000.0,287832209000.0,42297447000.0,7386317000.0,102306502000.0,1403494000.0,,0.2307033161955441,855972571.87202,45257355000.0,0.0189134467065523,0.0214686716198261,0.0027506465520322,6.804954658374535,0.6182410616458826,0.1916535457755036,0.1564120464507968,-0.0460268227300109,,,41.73495049073704,41.73495049073704,False,62.742810572746784,62.742810572746784,57.49084555224435,483.0,True,False,True,True,True,True,True,True,True,False,True,True,True,True,False,False,False,12,False,0.0241049167593652,0.0435456741843685,1.0,31314737.35,0.4930491195551436,1.0,3.0,,,,,,0.0216001298926301,-0.0018478396370404,0.2329602607501474,-0.6748499873395206,0.6244525547445255,-0.6748499873395206,0.5550419226064642,-483.0,0.4890510948905109,0.1824817518248175,0.6058394160583942,0.5065693430656935,0.4204379562043796,和潤企業
27.600000381469727,28.0,27.25,27.64999961853028,561907.0,-0.1222222343323721,29.41999969482422,0.1617647270960682,28.75500011444092,0.1285714130012358,25.5466667175293,0.1841541399062665,24.536249939600623,0.0550357693298698,49.382713723702444,852001.75,0.6595139035805971,-0.0384281165540911,6598.TW,2026-08-11,0.0080125571725508,0.1022128218364362,neutral,0.0463392029657089,0.2189239332096475,2026-03-31,2026-05-15,217115000.0,140181000.0,17966000.0,20979000.0,0.0,20979000.0,0.2,947351000.0,157433000.0,1089898000.0,414395000.0,675503000.0,434793000.0,,,,0.0,17966000.0,932465000.0,0.0192672111017571,0.0310568568903468,0.0192485902350495,0.613461376189299,0.6456532252492918,0.0827487736913617,0.0966262119153444,0.8094876945002376,,,67.77168793520316,67.77168793520316,False,68.13672558078754,68.13672558078754,68.04546616939145,180.0,True,False,True,True,False,True,True,False,True,True,True,True,False,True,True,False,False,10,False,0.0823329682990594,0.1269040577347628,1.0,23557848.06248713,0.5366079703429101,0.0,3.0,,,,,,0.034984039833909,-0.0174168629540922,0.337399720555133,-1.3887359144048588,0.67007299270073,-1.3887359144048588,0.5819438914694389,-180.0,0.7664233576642335,0.6204379562043796,0.635036496350365,0.7467153284671533,0.6963503649635037,ABC-KY
133.0,139.0,132.0,138.5,820181.0,0.0335820895522387,137.4,0.0778210116731517,133.225,0.0653846153846153,135.07953999837238,-0.0481099656357388,134.34810333251954,0.0197091465748181,55.0,506825.05,1.6182724196446092,0.0395946706699192,6605.TW,2026-08-11,0.0080125571725508,0.1022128218364362,neutral,0.1241890639481,0.3423005565862709,2026-03-31,2026-05-15,4732845000.0,1585730000.0,866034000.0,951380000.0,217734000.0,732007000.0,4.41,15540524000.0,11970379000.0,33504289000.0,12358666000.0,21145623000.0,3981949000.0,1597489000.0,0.0,,0.228861233156047,667832390.8049359,21533910000.0,0.0310130575824332,0.0346174241354818,0.0218481580074718,0.5844550430129205,0.3350479468480375,0.1829838078365127,0.1546653228660562,-0.0451555541567658,,,64.93006759035887,64.93006759035887,False,64.19743322568843,64.19743322568843,64.38059181685604,209.0,True,False,True,True,True,False,True,True,True,False,True,True,True,True,True,False,False,11,False,0.0253218215110062,0.0309040214524225,1.0,70195269.425,0.3818350324374421,2.0,3.0,,,,,,0.0594058408817014,0.0184676592236669,0.2154439848902542,-1.0274588621684575,0.7328467153284672,-1.0274588621684575,0.6364175514266756,-209.0,0.7299270072992701,0.5328467153284672,0.6934306569343066,0.7244525547445255,0.6635036496350365,帝寶
6040.0,6050.0,5855.0,5930.0,1677502.0,-0.0443190975020144,6096.0,0.2089704383282364,5515.5,0.1987706536193385,5164.599096679687,0.6740034852558927,4598.571604410808,0.0523253040782256,57.38831615120274,1840403.6,0.9114859371064042,0.0751518448010153,6669.TW,2026-08-11,0.0080125571725508,0.1022128218364362,neutral,0.0296570898980537,0.1437847866419295,2026-03-31,2026-05-15,276507734000.0,20881168000.0,17458392000.0,17934386000.0,3819977000.0,14114409000.0,75.95,395619318000.0,257883938000.0,432576398000.0,292412129000.0,140164269000.0,70996229000.0,72191879000.0,9594000000.0,18686968000.0,0.2129973671805658,13739800468.793749,174692460000.0,0.0786513651979813,0.1006990519102982,0.0326287080507799,2.086210209536355,0.0755174826321494,0.0631388921656708,0.0510452593705751,0.6202705683581411,,,65.40144535951697,65.40144535951697,False,82.76533931620892,82.76533931620892,78.42436582703593,207.0,True,True,True,True,True,True,True,True,True,True,True,True,True,True,True,False,False,14,False,0.1482014167977505,0.2895308609117073,1.0,10913593348.0,0.0176088971269694,3.0,3.0,,,,,,0.0701206635991984,-0.0588609949924473,0.3449992374238162,0.0267365509620999,0.7828467153284671,0.0267365509620999,0.8107633351316711,-207.0,0.7372262773722628,0.9124087591240876,0.8978102189781022,0.7613138686131387,0.8218978102189781,緯穎
268.5,269.0,265.5,269.0,190801.0,0.0426356589147287,265.1,0.0346153846153847,263.325,0.0873355259505899,259.5908264160156,0.0378211787250821,255.0109488169352,0.0046737886302936,56.43564356435643,375508.65,0.5081134615673967,0.021551314915029,6670.TW,2026-08-11,0.0080125571725508,0.1022128218364362,neutral,0.2131603336422613,0.2922077922077922,2026-03-31,2026-05-15,8468855000.0,2032739000.0,1265065000.0,1332547000.0,298511000.0,970370000.0,6.96,20003146000.0,8031634000.0,30684051000.0,10347885000.0,20336166000.0,9145558000.0,1517321000.0,68804000.0,1552151000.0,0.2240153630603648,981671004.7300396,22652417000.0,0.0433362587634705,0.047716467302637,0.0316245726485072,0.5088414895905158,0.2400252454434513,0.149378516930565,0.1145810147888941,-0.0012569118061379,,,69.78295043229787,69.78295043229787,False,68.02443094440804,68.02443094440804,68.4640608163805,167.0,True,False,True,True,True,True,True,True,True,False,True,True,False,True,True,False,False,11,False,0.0362461713839818,0.0548566688919192,1.0,101011826.85,0.3382761816496756,2.0,3.0,,,,,,0.0424815865223209,-0.0036440254596258,0.2140642006242021,-0.3287512191150901,0.6649635036496351,-0.3287512191150901,0.6956760128419754,-167.0,0.781021897810219,0.6496350364963503,0.7883211678832117,0.7821167883211679,0.743065693430657,復盛應用
741.0,742.0,728.0,728.0,339612.0,0.0721649484536082,723.0,0.0326241134751772,698.85,0.1685393258426966,694.8666666666667,0.2338983050847458,660.5083333333333,0.0038784744667098,50.38167938931298,670398.2,0.506582505740618,0.0417113829863347,6691.TW,2026-08-11,0.0080125571725508,0.1022128218364362,neutral,0.2233549582947173,0.1716141001855287,2026-03-31,2026-05-15,6977227000.0,1283352000.0,1098330000.0,1100675000.0,233735000.0,866940000.0,7.19,21151608000.0,15975842000.0,22175970000.0,16220137000.0,5955833000.0,7596288000.0,0.0,,,0.2123560542394439,865092974.9471915,6200128000.0,0.1395282444083721,0.1455615024800057,0.0390936676050698,2.723403594425834,0.1839343911270193,0.1574164062599654,0.1242528012919746,0.7680019541905503,,,72.9382876924978,72.9382876924978,False,67.48494732871482,67.48494732871482,68.84828241966056,137.0,True,False,True,True,True,True,True,True,True,True,True,True,False,True,True,False,False,12,False,0.0476830087306916,0.1021814006888632,1.0,488049889.6,0.1733086190917516,3.0,3.0,,,,,,0.1033247269689339,0.0647840766822447,0.4242517759710849,0.88574706824181,0.9868613138686132,0.88574706824181,0.9771317821684896,-137.0,0.8102189781021898,0.6788321167883211,0.9927007299270072,0.8375912408759124,0.8072992700729927,洋基工程
221.5,221.5,210.5,211.5,1347897.0,-0.0558035714285714,223.2,0.0681818181818181,211.175,0.0458362354234342,209.8306933085124,0.2752647458475745,190.7806250254313,0.0242512428761974,45.6221198156682,1553202.2,0.8678181115118173,0.00153900793181,8114.TW,2026-08-11,0.0080125571725508,0.1022128218364362,neutral,0.1380908248378128,0.4100185528756957,2026-03-31,2026-05-15,3538762000.0,1663146000.0,629447000.0,679338000.0,161223000.0,295445000.0,2.75,12455497000.0,5771803000.0,21980129000.0,6506472000.0,15473657000.0,5218965000.0,1013946000.0,40862000.0,,0.2373236886498326,480064316.1504288,16208326000.0,0.0296183773790352,0.0190934179295818,0.0134414588740584,0.4204870251421496,0.4699796143397041,0.177872091991493,0.0834882368466712,-0.402118188183074,,,60.8516877333533,60.8516877333533,False,60.7350620939574,60.7350620939574,60.764218503806376,252.0,True,False,True,True,True,True,True,False,True,False,True,True,True,True,True,False,False,11,False,0.0079554933797663,0.10860314023925,1.0,328502265.3,0.2187210379981464,2.0,3.0,,,,,,0.0473444359137383,0.007880941007712,0.3298491423417699,-0.8518456954728887,0.7970802919708029,-0.8518456954728887,0.8438906625630022,-252.0,0.6861313868613139,0.3576642335766423,0.9416058394160584,0.7244525547445255,0.6386861313868613,振樺電
13.100000381469728,13.100000381469728,12.850000381469728,13.0,159118.0,0.0156249848660083,12.980000114440918,0.0358241285114535,12.897637748718262,0.0833333333333332,12.399251921971638,0.0878661261501252,12.334625967343648,0.0109644670278435,51.11111582061591,135507.45,1.1742380215995505,0.007936511574913,8411.TW,2026-08-11,0.0080125571725508,0.1022128218364362,neutral,0.2085264133456904,0.2982374768089054,2026-03-31,2026-05-15,2726482000.0,240600000.0,69628000.0,61624000.0,19776000.0,41688000.0,0.19,5684691000.0,4777607000.0,13494274000.0,7266361000.0,6227913000.0,1476105000.0,1130770000.0,1174037000.0,1103389000.0,0.3209139296378034,47283404.90717903,8716667000.0,0.0054244821910919,0.0066937351244309,0.0030893103252535,1.16674092910418,0.0882455853367086,0.025537670888713,0.0152900330902606,0.2387255467647537,,,26.84034715613582,26.84034715613582,False,63.401630157312326,63.401630157312326,54.2613094070182,739.0,True,False,True,True,True,True,True,True,True,False,True,True,True,True,False,False,False,12,False,0.0484503486023886,0.0539435921622555,1.0,1761596.85,0.8776645041705282,0.0,3.0,,,,,,0.0661782287716841,0.0394898986309736,0.2729695282065886,-1.0620078223198004,0.8379562043795621,-1.0620078223198004,0.8208984256266456,-739.0,0.218978102189781,0.1094890510948905,0.927007299270073,0.3251824817518248,0.3277372262773722,福貞-KY
170.0,171.0,166.5,169.5,124860.0,0.0335365853658535,168.1,0.0149700598802395,162.425,0.2794957739275865,147.25283457438152,0.2481795056273605,141.49760716756185,0.0123091305702712,66.66666666666666,208082.1,0.6000516142426475,0.0435585654917654,8462.TW,2026-08-11,0.0080125571725508,0.1022128218364362,neutral,0.3132530120481928,0.0918367346938775,2026-03-31,2026-05-15,1626910000.0,546235000.0,263101000.0,241835000.0,49259000.0,191204000.0,2.42,2261807000.0,3161235000.0,12373315000.0,9648191000.0,2725124000.0,1414659000.0,,386628000.0,,0.2036884652759112,209510361.09744248,9212080000.0,0.0227430027851953,0.0701634127474566,0.0154529323790754,3.5404594433134053,0.3357499800234801,0.161718226576762,0.1175258619100011,0.2017296409310929,,,59.6562061392525,59.6562061392525,False,70.6400754325581,70.6400754325581,67.89410810923171,268.0,True,False,True,True,True,True,True,True,True,True,True,True,False,True,False,False,False,12,False,0.1510814069550614,0.1979001157191133,1.0,35269915.95,0.4782205746061168,2.0,3.0,,,,,,0.1053755807587289,0.0771813122389425,0.4574536202780959,0.1483141833348188,0.9905109489051096,0.1483141833348188,0.986061785740618,-268.0,0.6788321167883211,0.6058394160583942,1.0,0.7270072992700729,0.7211678832116788,柏文
69.5999984741211,71.30000305175781,69.5999984741211,71.30000305175781,1811828.0,0.0578635228128512,69.61999969482422,0.0657698269883724,68.69500045776367,0.0600781755750501,70.6785945892334,-0.1975322062726453,73.87480316162109,0.0079231129877161,63.15788416982216,1610412.75,1.1250705758508184,0.0379212835961155,9910.TW,2026-08-11,0.0080125571725508,0.1022128218364362,neutral,0.1427247451343836,0.362708719851577,2026-03-31,2026-05-15,19234899000.0,3344905000.0,769321000.0,958444000.0,289836000.0,673975000.0,0.68,24566433000.0,14631896000.0,52201908000.0,23618799000.0,28583109000.0,4598062000.0,4354111000.0,1333384000.0,,0.3024026442859468,536676295.2952911,37570012000.0,0.0142846985328429,0.0235794853526955,0.0129109265508073,0.8263201529266813,0.1738977158133245,0.0399961029168908,0.0350391754071596,-0.0718012212911339,,,32.57163709905625,32.57163709905625,False,63.45525233719867,63.45525233719867,55.73434852766307,639.0,True,False,True,True,True,False,True,True,True,False,True,True,True,True,False,False,False,11,False,0.0087920319601131,-0.0348535630508578,0.0,114822433.98958968,0.3234476367006487,1.0,3.0,,,,,,0.0119787284355276,-0.037765958678203,0.1357902844158149,-2.071018436713988,0.2653284671532847,-2.071018436713988,0.440422650192677,-639.0,0.3503649635036496,0.1313868613138686,0.4598540145985401,0.3667883211678832,0.3065693430656934,豐泰
20.700000762939453,20.700000762939453,19.950000762939453,20.100000381469727,623335.0,0.0177215383022646,20.070000076293944,0.0748662867065148,19.44750022888184,0.0953678454288857,18.99024791717529,0.0387596891583643,18.94762395222982,0.0203305400132745,61.538475081781286,387293.25,1.6094651791633343,0.0335518778716275,9935.TW,2026-08-11,0.0080125571725508,0.1022128218364362,neutral,0.1306765523632993,0.2782931354359926,2026-03-31,2026-05-15,1207014000.0,329361000.0,129050000.0,125078000.0,35715000.0,89363000.0,0.51,4101731000.0,3844659000.0,8361229000.0,5772111000.0,2589118000.0,430540000.0,854900000.0,1461115000.0,287107000.0,0.2855418219031324,92200827.88340075,4516570000.0,0.0204139043308087,0.0345148425062125,0.0106877828606297,2.22937347776347,0.2728725598874578,0.1069167383311212,0.0740364237697325,0.0157374361805349,,,40.70851081970746,40.70851081970746,False,81.24118272638538,81.24118272638538,71.10801474971589,497.0,True,True,True,True,True,True,True,True,True,False,True,True,True,True,False,False,False,13,False,0.0584380187733486,0.0608190468707445,1.0,7784594.47274065,0.6950880444856349,0.0,3.0,,,,,,0.0969840798477815,0.0606434902568402,0.2976381000649827,-0.1755564402251939,0.9302919708029196,-0.1755564402251939,0.8800362982009879,-497.0,0.4744525547445255,0.7591240875912408,0.9708029197080292,0.5489051094890511,0.6591240875912409,慶豐富
140.0,140.0,133.0,135.5,4160363.0,0.0343511450381679,140.2,0.084,131.65,0.1626596293604509,125.13937365214028,0.1968554962033408,118.58967475891112,0.0325490196078431,55.223880597014926,2130487.3,1.952775311075546,0.0292442081276109,9939.TW,2026-08-11,0.0080125571725508,0.1022128218364362,neutral,0.1075069508804448,0.1743970315398886,2026-03-31,2026-05-15,6859793000.0,1532311000.0,905992000.0,852810000.0,177064000.0,664457000.0,2.25,15830282000.0,15334754000.0,47767359000.0,28356250000.0,19411109000.0,3417062000.0,3186314000.0,8601830000.0,3723183000.0,0.2076242070332196,717886129.4215593,32432605000.0,0.0221347045487576,0.0342307593038604,0.0139102729125133,1.4608258600783706,0.2233756907825061,0.1320727899515335,0.0968625438114532,-0.0577454629967812,,,44.2251041721302,44.2251041721302,False,75.49417832233294,75.49417832233294,67.67690978478225,444.0,True,True,True,True,True,True,True,True,True,True,True,True,True,True,False,False,False,14,False,0.0827926978175546,0.1425952577698437,1.0,288681029.15,0.2289156626506024,2.0,3.0,,,,,,0.0399571301707502,-0.0009167754433459,0.2734195995609999,-0.6433332946919473,0.7259124087591241,-0.6433332946919473,0.7025556489072501,-444.0,0.5255474452554745,0.5985401459854015,0.7956204379562044,0.5660583941605839,0.6014598540145986,宏全
21.25,21.350000381469727,20.89999961853028,21.049999237060547,418589.0,0.0318627269943596,20.769999694824214,0.0794871403620793,20.459999847412117,0.1871804338032459,19.53266808191935,0.0081392799593684,19.542655102411903,0.0137495288863049,66.07143708638574,578061.95,0.7241248104982521,0.0288367250268117,9940.TW,2026-08-11,0.0080125571725508,0.1022128218364362,neutral,0.118628359592215,0.1549165120593692,2026-03-31,2026-05-15,2876811000.0,665012000.0,209493000.0,232453000.0,69452000.0,159582000.0,0.22,16303412000.0,4204969000.0,30767900000.0,17352956000.0,13414944000.0,4695442000.0,404164000.0,8438314000.0,900000000.0,0.2987786778402516,146900958.44321218,26562931000.0,0.0055302992897588,0.0118958379550447,0.0051866393221506,1.2935541139791564,0.2311629092074522,0.0728212593736606,0.0554718401730249,0.2999785808018913,,,39.42870701490352,39.42870701490352,False,74.33636673366614,74.33636673366614,65.60945180397549,522.0,True,False,True,True,True,True,True,True,True,True,True,True,False,True,False,False,False,12,False,0.0776817150006112,0.0771309797337931,1.0,12168203.60647373,0.6348470806302131,0.0,3.0,,,,,,0.0290269707693483,0.0059309980063376,0.2098871499319328,-1.6086417906973616,0.5237226277372263,-1.6086417906973616,0.4623833329765753,-522.0,0.4525547445255474,0.5620437956204379,0.4671532846715328,0.4547445255474452,0.4883211678832116,信義
84.80000305175781,86.0,84.80000305175781,85.4000015258789,1103529.0,0.0530210004027305,83.82000122070312,0.054321006492332,82.65,0.1493943205680459,80.64166666666667,0.0851334795100824,78.46000016530355,0.0082342224411202,69.76741916625045,1073019.85,1.0284329781970016,0.0332728557275123,9941.TW,2026-08-11,0.0080125571725508,0.1022128218364362,neutral,0.1696014828544949,0.186456400742115,2026-03-31,2026-05-15,9588907000.0,4187850000.0,1390166000.0,1382030000.0,301331000.0,1104074000.0,1.82,235100426000.0,237208150000.0,286724084000.0,244513555000.0,42210529000.0,7708912000.0,35439009000.0,3468847000.0,,0.2180350643618445,1087061066.716352,49515934000.0,0.0219537627365839,0.0261563649202311,0.0038506496719682,5.792714775026866,0.4367390360548913,0.1449764816782559,0.1151407558755132,-0.0112940820804001,,,41.17633903527033,41.17633903527033,False,68.51864810669062,68.51864810669062,61.68307083883555,491.0,True,False,True,True,True,True,True,True,True,True,True,True,True,True,False,False,False,13,False,0.0590059091769628,0.0884527319137624,1.0,91635896.82729836,0.35032437442076,1.0,3.0,,,,,,0.0555602131375081,0.0290529635522132,0.2589586156823455,-0.9326592340412216,0.7978102189781022,-0.9326592340412216,0.7209187942392994,-491.0,0.4817518248175182,0.4087591240875912,0.8248175182481752,0.5332116788321168,0.5284671532846715,裕融
27.0,27.14999961853028,26.75,27.049999237060547,4876279.0,0.0131085567086164,26.75999984741211,0.0464216184867458,26.544999980926512,0.1413501420371095,25.69007228215536,-0.0607638904985822,25.763369512557983,0.0101798087003543,58.66666598849781,6265412.8,0.7782853509668191,0.019024270352115,9945.TW,2026-08-11,0.0080125571725508,0.1022128218364362,neutral,0.1872103799814643,0.1975881261595547,2026-03-31,2026-05-15,8802139000.0,2177505000.0,1558595000.0,3524918000.0,275592000.0,2706817000.0,0.99,56821154000.0,31229259000.0,206807304000.0,85163985000.0,121643319000.0,4687641000.0,7435539000.0,36077246000.0,,0.0781839464066965,1436737892.0502548,175578045000.0,0.0081829017520399,0.0222520811027854,0.0130885947819328,0.7001123094972441,0.247383618913539,0.1770700280920353,0.3075180930453381,0.2547092191019549,,,56.447152500431685,56.447152500431685,False,73.43674796312992,73.43674796312992,69.18934909745536,295.0,True,False,True,True,True,True,True,True,True,True,True,True,False,True,False,False,False,12,False,0.0529358944563893,0.0499402736849081,1.0,169479411.45986938,0.283595922150139,0.0,3.0,,,,,,-0.0262456950045421,-0.0712609979834365,0.096189100406561,-2.158457254063112,0.1156934306569343,-2.158457254063112,0.0997780230489495,-295.0,0.656934306569343,0.6861313868613139,0.0437956204379562,0.564963503649635,0.543065693430657,潤泰新
51.70000076293945,52.29999923706055,51.0,51.5,74410.0,0.0038986504076781,51.2,0.0198019801980198,50.925,0.0456852791878172,50.29583346048991,0.0198019801980198,50.12958354949952,0.0029542097488921,59.09091171811015,17882.95,4.160946599973718,0.0112911143838978,4581.TW,2026-08-11,0.0080125571725508,0.1022128218364362,neutral,0.2933271547729379,0.4109461966604824,2026-03-31,2026-05-15,279274000.0,92816000.0,46646000.0,39323000.0,9452000.0,29877000.0,0.88,1609024000.0,546142000.0,2558647000.0,1268711000.0,1289936000.0,880294000.0,103145000.0,232170000.0,469774000.0,0.2403682323322228,35433783.43463113,2012505000.0,0.0176068051680026,0.0231616142196201,0.0116768745356432,0.983545695290309,0.3323474437290976,0.1670259315224475,0.1069809577690726,-0.0133125119240253,,,50.90190965571252,50.90190965571252,False,64.74624743685811,64.74624743685811,61.28516299157172,355.0,True,False,True,True,True,True,True,True,True,False,True,True,False,True,False,False,False,11,False,0.0239416758140815,0.0273374792580771,1.0,920971.925,0.9406858202038924,1.0,3.0,,,,,,0.0304475133979522,0.0146651590659468,0.0886202646755403,-1.0099855537104878,0.5200729927007299,-1.0099855537104878,0.5364335425402754,-355.0,0.5985401459854015,0.3868613138686131,0.5620437956204379,0.593065693430657,0.5277372262773723,光隆精密-KY
215.0,215.0,210.0,212.0,219571.0,0.1157894736842104,209.8,0.1162168902051823,191.40232543945316,0.1128608923884515,194.5291641235352,0.2434017595307918,198.0854153951009,0.0113061655378475,69.10569105691056,335904.75,0.6536704229398363,0.1076145470712297,6782.TW,2026-08-11,0.0080125571725508,0.1022128218364362,neutral,0.0732159406858202,0.2476808905380333,2026-03-31,2026-05-15,1228595000.0,562960000.0,345415000.0,320529000.0,79940000.0,240471000.0,3.82,2257209000.0,1785112000.0,6287420000.0,2055065000.0,4232355000.0,548061000.0,34008000.0,243227000.0,,0.2494002102773852,259268426.36703697,4502308000.0,0.0575856708086245,0.0568173038414783,0.0382463713255993,0.4855606394076111,0.4582144644899255,0.2811463500990969,0.1957284540471026,0.2971931691721623,,,94.77818654579036,94.77818654579036,False,66.57305504200976,66.57305504200976,73.6243379179549,18.0,True,False,True,True,True,False,True,True,True,True,False,True,False,True,True,False,False,10,False,0.0898108823691343,0.0702453766075865,1.0,71211807.0,0.3790546802594995,2.0,1.0,,,,,,0.0049576164834548,-0.0718031432540955,0.1723995850379607,-1.9896035221409212,0.2368613138686131,-1.9896035221409212,0.2168620009961889,-18.0,0.9854014598540146,0.8102189781021898,0.1021897810218978,0.852919708029197,0.7562043795620438,視陽
110.0,112.5,108.0,108.0,3468656.0,0.0,108.0,0.0046511627906977,105.56500015258788,0.1380400238513037,102.218333307902,-0.368421052631579,108.6058333714803,0.0026118339785493,55.64971848822444,5637436.3,0.615289613117225,0.0230663557418886,6919.TW,2026-08-11,0.0080125571725508,0.1022128218364362,neutral,0.3781278962001853,0.2031539888682745,2026-03-31,2026-05-15,2000.0,1000.0,-245831000.0,-107754000.0,0.0,-107754000.0,-0.07,5029205000.0,111245000.0,9536630000.0,173792000.0,9362838000.0,2539089000.0,,,,-0.0,-245831000.0,9425385000.0,-0.0260817993111156,-0.0115086899933545,-0.0112989599051237,0.0185618933062817,0.5,,,inf,,,50.0,50.0,False,64.55475246880545,64.55475246880545,60.916064351604085,366.0,True,False,True,True,True,True,True,True,False,True,True,True,False,True,False,False,False,11,False,0.0565619346842845,-0.0055782765315015,0.0,608843120.4,0.154772937905468,2.0,3.0,,,,,,-0.0330188648250361,-0.1321105033645249,0.3409782880091952,-2.0103305690961712,0.3072992700729927,-2.0103305690961712,0.3171993927625541,-366.0,0.583941605839416,0.3722627737226277,0.2335766423357664,0.5313868613138686,0.4503649635036496,康霈*
134.5,134.5,121.0,122.0,661012.0,-0.0895522388059701,130.2,0.1780423090206357,119.1217803955078,0.1090909090909091,106.38166694641112,0.1674641148325359,102.89166692097982,0.0762719595014533,66.03819797213907,448586.4,1.4735444498540302,0.0241619928357008,6863.TW,2026-08-11,0.0080125571725508,0.1022128218364362,neutral,0.0407784986098239,0.2551020408163265,2026-03-31,2026-05-15,1157370000.0,223613000.0,68416000.0,80896000.0,34956000.0,45907000.0,0.61,5096074000.0,2474763000.0,9764137000.0,3582789000.0,6181348000.0,2521706000.0,1475885000.0,,964996000.0,0.4,41049600.0,7289374000.0,0.0056314300789066,0.0074266972187943,0.0047015931873958,0.5796128934983114,0.1932078764785678,0.0591133345429724,0.0396649299705366,0.010705512391375,,,29.24496016715193,29.24496016715193,False,77.76079942623458,77.76079942623458,65.63183961146392,693.0,True,True,True,True,True,True,True,True,True,True,True,True,True,True,False,False,False,14,False,0.1468141410254124,0.1857131257645508,1.0,54727540.8,0.4161260426320667,2.0,3.0,,,,,,0.0072747849030389,-0.0397001451130356,0.2316097806639216,-1.745303797572468,0.4062043795620438,-1.745303797572468,0.3202414127689521,-693.0,0.2846715328467153,0.5693430656934306,0.2554744525547445,0.2802919708029197,0.3642335766423357,永道-KY
28.39999961853028,28.5,28.100000381469727,28.39999961853028,25776.0,0.0017636414951596,28.339999771118165,0.0106761292878267,28.324999809265144,0.1559164197142803,27.35915403366089,0.2268314913285047,26.40761601130168,0.001502689944923,48.387088835168655,47603.6,0.5414716534043644,0.0026478308833244,2432.TW,2026-08-11,0.0080125571725508,0.1022128218364362,neutral,0.3456904541241891,0.1799628942486085,2026-03-31,2026-05-15,950969000.0,103864000.0,18274000.0,20907000.0,4695000.0,16212000.0,0.26,1474029000.0,593217000.0,1716970000.0,616736000.0,1100234000.0,920685000.0,,,,0.224565934854355,14170282.106471518,1123753000.0,0.0126097835613978,0.0147350472717621,0.0094422150649108,0.5605498466689813,0.1092191228105227,0.019216188960944,0.0170478743260821,0.2580852139079173,,,37.70323749345623,37.70323749345623,False,60.35086659366948,60.35086659366948,54.68895931861617,562.0,True,False,True,True,True,True,True,False,True,True,True,True,False,True,False,False,False,11,False,0.0380437780930213,0.0754473105931226,1.0,1351942.2218406678,0.9082483781278962,0.0,3.0,,,,,,0.0411944894730343,0.0216257232664513,0.2229130184283023,-1.278695706203204,0.6700729927007298,-1.278695706203204,0.6043148795763141,-562.0,0.4014598540145985,0.1240875912408759,0.656934306569343,0.4397810218978102,0.3693430656934306,倚天酷碁-創
40.0,40.0,39.29999923706055,39.29999923706055,35599.0,0.1293103476625277,38.12999954223633,0.1164772268538643,35.96999950408936,0.0650405856893654,35.99999993642171,-0.1006865320151298,37.79291661580404,0.0213672116653319,69.90289931720643,34141.15,1.0427006705983837,0.0925771414757068,6952.TW,2026-08-11,0.0080125571725508,0.1022128218364362,neutral,0.072289156626506,0.3441558441558441,2026-03-31,2026-05-15,561789000.0,116089000.0,26679000.0,24997000.0,5359000.0,21318000.0,0.32,666816000.0,1099448000.0,3770458000.0,1979405000.0,1791053000.0,133118000.0,355000000.0,864179000.0,,0.2143857262871544,20959403.20838501,2671010000.0,0.0078469954093713,0.0119024953477088,0.0056539550367621,1.1051627171278573,0.206641639476743,0.047489359884227,0.0379466312085142,1.5078410627954626,,,38.46602708214458,38.46602708214458,False,62.40591955615256,62.40591955615256,56.42094643765057,548.0,True,False,True,True,True,False,True,True,True,False,False,True,True,True,False,False,False,10,False,0.0916666474018568,0.0398773832826198,1.0,1341747.1689523698,0.9101019462465244,1.0,3.0,,,,,,0.0347792058771061,-0.0179186892641048,0.268824641242497,-1.4437647068935582,0.6054744525547445,-1.4437647068935582,0.5543058724843835,-548.0,0.4160583941605839,0.145985401459854,0.5912408759124088,0.4423357664233576,0.3700729927007299,大武山
186.0,194.5,182.0,188.0,1570419.0,0.1124260355029584,173.5,0.1713251986446557,163.3,0.1713395638629282,159.16414998372397,0.46875,155.82374165852863,0.0267779653120568,61.61616161616161,587937.8,2.6710631634843005,0.1512553582363747,6933.TW,2026-08-11,0.0080125571725508,0.1022128218364362,neutral,0.041705282669138,0.1697588126159554,2026-03-31,2026-05-15,1820470000.0,249043000.0,75692000.0,58930000.0,12357000.0,46573000.0,1.1,5046947000.0,2858081000.0,5403999000.0,3014996000.0,2389003000.0,1147835000.0,1110793000.0,,,0.2096894620736467,59820185.23672154,2545918000.0,0.0234965090143207,0.019494743204592,0.0086182473386838,1.2620310648416937,0.1368014853307113,0.041578273742495,0.0255829538525765,-0.0692122762723702,,,29.486569053500588,29.486569053500588,False,88.82024718656963,88.82024718656963,73.98682765330237,689.0,True,True,True,True,True,True,True,True,True,True,False,True,True,False,False,False,False,12,False,0.1811705086806594,0.2064913728742456,1.0,110532306.4,0.3290083410565338,2.0,3.0,,,,,,-0.0031718736012419,-0.0625989029269679,0.2787490663981177,-1.6795458361013578,0.4025547445255474,-1.6795458361013578,0.430543057929661,-689.0,0.2992700729927007,0.8394160583941606,0.4160583941605839,0.3167883211678832,0.4846715328467152,AMAX-KY
