Open,High,Low,Close,Volume,ret5,ma5,ret20,ma20,ret60,ma60,ret120,ma120,ma20_slope,rsi14,volume_ma20,volume_ratio,ma20_deviation,symbol,date,benchmark_ret20,benchmark_ret60,market_regime,rs20_rank_pct,rs60_rank_pct,period_date,as_of_date,revenue,gross_profit,operating_income,pretax_income,tax_expense,net_income_parent,eps,current_assets,current_liabilities,assets,liabilities,equity,cash,short_borrowings,long_borrowings,bonds_payable,tax_rate,nopat,invested_capital_proxy,roic_proxy,roe,roa,debt_to_equity,gross_margin,operating_margin,net_margin,revenue_growth,pe,pb,eva_like_score,fundamental_score,fundamental_pass,technical_score,score,final_score,fundamental_rank,pass_market,pass_score,pass_rs20,pass_rs60,pass_close_ma20,pass_ma20_ma60,pass_ma20_slope,pass_rsi,pass_ret20_benchmark,pass_ret60_benchmark,pass_ret5_cap,pass_ret20_cap,pass_volume_ratio,pass_ma20_deviation,pass_fundamental_score,pass_fundamental_filter,pass_fundamental_universe,entry_pass_count,entry_all_pass,close_ma60_ratio,close_ma120_ratio,above_ma120,turnover20,liquidity_rank,price_bucket,eva_rank_bucket,forward_60d_return,forward_60d_max_drawdown,reward_60,fwd60_rank_label,top_quantile_60,reg_forward60,reg_reward60,cls_topq60,rank_forward60,ensemble_score,ranker_score,stable_ensemble_score,fundamental_rank_score,fundamental_score_rank,final_score_rank,stable_ml_rank,fund_ml_85_15,fund_final_ml,name
177.0,189.5,174.0,188.5,60869986.0,-0.0574999999999999,186.8,0.2006369426751593,181.0,0.7534883720930232,165.95684700012208,1.377049088850213,125.60759010314942,0.0056952354493679,56.64739884393064,91374898.8,0.6661565353219302,0.0414364640883977,1303.TW,2026-08-25,0.0746268644995207,-0.0104265258210529,neutral,0.0975836431226765,0.0074349442379182,2026-03-31,2026-05-15,68596393000.0,8188671000.0,3741833000.0,16080166000.0,1405348000.0,14254717000.0,1.8,193418745000.0,131197270000.0,647743623000.0,247168932000.0,400574691000.0,42831248000.0,24400300000.0,40333444000.0,51357530000.0,0.0873963614554725,3414810410.6259847,516546353000.0,0.0066108499088096,0.0355856655956329,0.0220067268805825,0.6170358176722652,0.1193746586646327,0.054548538725644,0.207805634911445,0.046448302712712,,,40.56631725411971,40.56631725411971,False,80.50343226766115,80.50343226766115,70.5191535142758,500.0,True,True,True,True,True,True,True,True,True,True,True,True,False,True,False,False,False,13,False,0.1358374385111169,0.500705489574341,1.0,17224168423.8,0.0083643122676579,2.0,3.0,,,,,,-0.1049135445361625,-0.1962086793258758,0.1591606286561249,-1.6821022460390649,0.1263440860215053,-1.6821022460390649,0.1634535951249707,-500.0,0.4516129032258064,0.6559139784946236,0.086021505376344,0.396774193548387,0.4397849462365591,南亞
11.100000381469728,11.199999809265137,10.800000190734863,11.050000190734863,4373692.0,0.0574163054948342,10.960000038146973,0.1061061505407878,10.292000102996829,0.0676328293203147,10.418000062306724,-0.1299212317567545,11.061916677157084,0.0188585920919757,68.85812566451928,2938599.25,1.4883594624207437,0.0736494442433324,1316.TW,2026-08-25,0.0746268644995207,-0.0104265258210529,neutral,0.2109665427509293,0.2118959107806691,2026-03-31,2026-05-15,1897267000.0,610043000.0,55716000.0,79483000.0,38515000.0,-63701000.0,-0.19,17988375000.0,10662365000.0,26109463000.0,12103585000.0,14005878000.0,2458006000.0,6168829000.0,315546000.0,409198000.0,0.4,33429600.0,15447098000.0,0.0021641346484627,-0.0045481618503316,-0.002439766761959,0.8641789540077387,0.3215377698552707,0.0293664518488963,-0.0335751372895854,1.492291666119324,,,36.14498711992685,36.14498711992685,False,64.84947108338453,64.84947108338453,57.67335009252011,589.0,True,False,True,True,True,False,True,True,True,True,True,True,True,True,False,False,False,12,False,0.060664246942633,-0.0010772533160395,0.0,32471522.272993326,0.4897769516728624,0.0,3.0,,,,,,-0.0408340589687572,-0.0974999035670476,0.2477807016702287,-1.7009893898867967,0.3924731182795699,-1.7009893898867967,0.3263530267240575,-589.0,0.3763440860215054,0.1612903225806451,0.2473118279569892,0.3569892473118279,0.2860215053763441,上曜
29.350000381469727,29.75,28.850000381469727,29.0,12717449.0,0.0431654962543925,29.200000381469728,0.0583941753191725,27.714999961853028,0.1576846659977366,27.635304164886477,0.0247350099579777,27.06723540623983,0.0172508710315855,67.16418122894798,19232206.3,0.6612579337816276,0.0463647858529912,1402.TW,2026-08-25,0.0746268644995207,-0.0104265258210529,neutral,0.3466542750929368,0.1078066914498141,2026-03-31,2026-05-15,61298588000.0,13425322000.0,4896381000.0,7132853000.0,1579509000.0,3092903000.0,0.61,166621578000.0,157755773000.0,679737079000.0,356159064000.0,323578015000.0,47148878000.0,35989865000.0,71488233000.0,85137297000.0,0.2214414064049827,3812119505.065365,521981306000.0,0.0073031724723593,0.0095584460520285,0.0045501460719932,1.1006899340797305,0.2190151916712991,0.0798775495448606,0.0504563498265245,-0.0379277396462631,,,28.35795292059996,28.35795292059996,False,68.91984636099582,68.91984636099582,58.77937300089685,711.0,True,False,True,True,True,True,True,True,False,True,True,True,False,True,False,False,False,11,False,0.0493823345301736,0.0714060584596905,1.0,557733982.7,0.1579925650557621,0.0,3.0,,,,,,-0.0179109822035521,-0.0720620214472666,0.1598823768507094,-1.4835526686270406,0.4021505376344085,-1.4835526686270406,0.3077776280580377,-711.0,0.2473118279569892,0.2043010752688172,0.1935483870967742,0.2392473118279569,0.2236559139784946,遠東新
19.39999961853028,19.600000381469727,19.299999237060547,19.600000381469727,335453.0,-0.03921564960883,19.94000015258789,0.0537634397575739,19.497499847412108,0.3066666920979817,18.491666571299238,-0.011109856880046,17.744060349464416,0.0244318960907118,51.02041213525359,353683.0,0.9484566688249082,0.0052571116737936,1414.TW,2026-08-25,0.0746268644995207,-0.0104265258210529,neutral,0.3680297397769517,0.0408921933085501,2026-03-31,2026-05-15,113452000.0,12596000.0,-7033000.0,11377000.0,382000.0,10995000.0,0.06,876335000.0,611698000.0,4159720000.0,1289474000.0,2870246000.0,113194000.0,505000000.0,,,0.033576514019513,-6796856.376900765,3548022000.0,-0.0019156748117403,0.0038306821087809,0.0026432067543007,0.4492555690348492,0.1110249268413073,-0.0619909741564714,0.0969132320276416,-0.1489036091252128,,,15.88871955373819,15.88871955373819,False,63.374895613460495,63.374895613460495,51.50335159852992,935.0,True,False,True,True,True,True,True,True,False,True,True,True,True,True,False,False,False,12,False,0.0599369346130611,0.1045950022403598,1.0,6932186.934919357,0.6812267657992565,0.0,3.0,,,,,,-0.0265820668625425,-0.0580815714149217,0.2120870651729231,-1.7571266002558583,0.4112903225806451,-1.7571266002558583,0.4197879835500114,-935.0,0.1290322580645161,0.064516129032258,0.3548387096774194,0.1629032258064516,0.1548387096774193,東和
11.949999809265137,11.949999809265137,11.75,11.899999618530272,396941.0,0.0170940010705604,11.889999961853029,0.1018517970711778,11.31749997138977,0.1121941245422066,11.124085092544556,0.0833059353674241,10.994254048665365,0.0214350181058898,75.60972319269504,690562.1,0.5748085508891959,0.0514689329457069,1416.TW,2026-08-25,0.0746268644995207,-0.0104265258210529,neutral,0.2193308550185873,0.1552044609665427,2026-03-31,2026-05-15,106290000.0,37155000.0,-1172000.0,46263000.0,10052000.0,32464000.0,0.18,1356031000.0,642549000.0,6390787000.0,1821021000.0,4569766000.0,186939000.0,269000000.0,825653000.0,,0.217279467392949,-917348.4642154636,5748238000.0,-0.0001595877665843,0.0071040836664284,0.0050798125489082,0.3984932707714136,0.3495625176404177,-0.0110264371060306,0.3054285445479349,0.2931758178920345,,,41.68034930051946,41.68034930051946,False,68.82904057075439,68.82904057075439,62.04186775319565,486.0,True,False,True,True,True,True,True,False,True,True,True,True,False,True,False,False,False,11,False,0.0697508621635534,0.0823835401524908,1.0,8217688.726571463,0.6589219330855018,0.0,3.0,,,,,,0.0291484608831384,-0.0214941583726417,0.2775928532875719,-1.3247619563340385,0.7548387096774194,-1.3247619563340385,0.6571520604692346,-486.0,0.4838709677419355,0.3010752688172043,0.7204301075268817,0.5193548387096775,0.4763440860215054,廣豐
29.700000762939453,29.75,29.64999961853028,29.64999961853028,173090.0,0.0171526588865598,29.499999618530275,0.1235886602186964,28.55321283340454,0.158203092840268,26.163221645355225,0.0458553516602511,26.53411080042521,0.0280308676254204,59.29202613708332,59155.55,2.926014549775972,0.0384120270991921,1439.TW,2026-08-25,0.0746268644995207,-0.0104265258210529,neutral,0.1710037174721189,0.1059479553903345,2026-03-31,2026-05-15,75912000.0,22864000.0,4904000.0,59736000.0,1630000.0,54161000.0,0.59,3556714000.0,2128037000.0,6084300000.0,2619482000.0,3464818000.0,685342000.0,1313697000.0,338000000.0,,0.0272867282710593,4770185.884558725,3956263000.0,0.0012057302268728,0.0156317012899378,0.0089017635553802,0.7560229714807531,0.3011908525661292,0.0646011170829381,0.7134708609969438,-0.4434481696811513,,,31.08546525604612,31.08546525604612,False,78.52444311276999,78.52444311276999,66.66469864858902,659.0,True,True,True,True,True,True,True,True,True,True,True,True,True,True,False,False,False,14,False,0.1332702073329743,0.1174295547923593,1.0,1753962.034933949,0.8605947955390335,0.0,3.0,,,,,,0.012037055302561,-0.0161691245477814,0.1806337260543653,-1.048731883138358,0.6295698924731183,-1.048731883138358,0.4836305721675689,-659.0,0.2903225806451613,0.5483870967741935,0.4408602150537634,0.3129032258064516,0.3978494623655914,雋揚
10.0,10.050000190734863,9.850000381469728,9.9399995803833,853960.0,-0.0060000419616699,10.00599994659424,0.1143497192113411,9.447500038146972,0.1019954629633936,9.536486260096233,0.2121950989745324,9.06107646226883,0.0265116483853444,72.427973041229,1341803.85,0.6364268518084815,0.0521301445088879,1455.TW,2026-08-25,0.0746268644995207,-0.0104265258210529,neutral,0.1895910780669145,0.1654275092936803,2026-03-31,2026-05-15,1265739000.0,26904000.0,-45175000.0,-32149000.0,-5368000.0,-26781000.0,-0.05,3072494000.0,1880065000.0,9399593000.0,3651618000.0,5747975000.0,484215000.0,608371000.0,1509426000.0,,0.1669725341379203,-37632015.77031945,7519528000.0,-0.0050045715329897,-0.004659206068224,-0.0028491659160135,0.6352877317664047,0.0212555669059735,-0.0356906123616322,-0.0211583904738654,-0.319428201806952,,,12.511705122929076,12.511705122929076,False,59.52075863472456,59.52075863472456,47.76849525677569,1000.0,True,False,True,True,True,False,True,False,True,True,True,True,False,True,False,False,False,10,False,0.0423125781636679,0.0969998566698326,1.0,13337529.705956696,0.5938661710037175,0.0,3.0,,,,,,0.0320505802200017,0.0040860236050539,0.1676708534325548,-1.563269331995864,0.6118279569892473,-1.563269331995864,0.6185308213980176,-1000.0,0.064516129032258,0.032258064516129,0.6559139784946236,0.1532258064516128,0.1731182795698924,集盛
33.25,33.599998474121094,32.54999923706055,33.25,1295577.0,0.0406885510490655,33.20999946594238,0.1101836111184348,31.2649998664856,0.543351316665714,32.061996905008954,0.3670566084047835,27.38994789123535,-0.0049331702556326,57.75577507895351,2282567.55,0.5675963456152701,0.0634895295695241,1515.TW,2026-08-25,0.0746268644995207,-0.0104265258210529,neutral,0.2007434944237918,0.0139405204460966,2026-03-31,2026-05-15,1050350000.0,154824000.0,-4490000.0,14779000.0,3226000.0,12904000.0,0.07,3269060000.0,3141849000.0,7565435000.0,3655094000.0,3910341000.0,1971793000.0,512612000.0,499226000.0,,0.2182826984234386,-3509910.68407876,4423586000.0,-0.0007934537011552,0.0032999679567587,0.0017056520874212,0.934725130110136,0.1474022944732708,-0.004274765554339,0.0122854286666349,0.0353447485591325,,,19.09740408546057,19.09740408546057,False,60.31528193020918,60.31528193020918,50.01081246902203,870.0,True,False,True,True,True,False,False,True,True,True,True,True,False,True,False,False,False,10,False,0.0370533095150242,0.2139490053809061,1.0,75895371.0375,0.3643122676579926,1.0,3.0,,,,,,-0.0273395620964378,-0.1059553120280769,0.2254283662836154,-1.5740761090196,0.4064516129032258,-1.5740761090196,0.4109231834861367,-870.0,0.1505376344086021,0.053763440860215,0.3333333333333333,0.1779569892473118,0.1580645161290322,力山
34.400001525878906,35.0,32.849998474121094,33.75,8290774.0,0.0321100676624621,32.90999984741211,0.3747454602381894,28.657499980926517,0.7307692307692308,25.0891666730245,1.0579268771363903,21.737500000000004,0.0605051324071219,73.81702885426967,8262860.95,1.003378133816956,0.1777021729900685,1709.TW,2026-08-25,0.0746268644995207,-0.0104265258210529,neutral,0.0306691449814126,0.0083643122676579,2026-03-31,2026-05-15,2424471000.0,492933000.0,320616000.0,344786000.0,79982000.0,264726000.0,0.55,5694389000.0,2189161000.0,12130526000.0,3134319000.0,8996207000.0,600735000.0,285000000.0,20699000.0,,0.2319757762786192,246240854.51265424,9941365000.0,0.0247693203612033,0.0294264015934715,0.021823126218929,0.34840449980753,0.2033156923716555,0.1322416312671919,0.1091891798252072,-0.0753599255550004,,,52.52750676874495,52.52750676874495,False,83.89896895900748,83.89896895900748,76.05610341144184,330.0,True,True,True,True,True,True,True,False,True,True,True,True,True,False,False,False,False,12,False,0.3452021121246524,0.5526164462334673,1.0,278871557.0625,0.224907063197026,1.0,3.0,,,,,,-0.0352344235589626,-0.1194540289882296,0.2876869410788332,-1.1336595046638511,0.5059139784946237,-1.1336595046638511,0.5347486036358235,-330.0,0.5913978494623656,0.7741935483870968,0.5161290322580645,0.5801075268817204,0.6311827956989248,和益
15.399999618530272,16.299999237060547,15.199999809265137,15.899999618530272,8941989.0,0.0599999745686847,15.429999923706054,0.1521738694761265,14.472499895095826,0.1648351694417309,15.195833206176758,0.2719999694824218,14.34166661898295,-0.0048134732039941,71.27660092534839,5523264.8,1.618968006024263,0.098635324496922,1710.TW,2026-08-25,0.0746268644995207,-0.0104265258210529,neutral,0.137546468401487,0.0994423791821561,2026-03-31,2026-05-15,5345825000.0,88577000.0,-176669000.0,-219291000.0,-8101000.0,-127331000.0,-0.15,7085020000.0,12457768000.0,36888664000.0,23663579000.0,13225085000.0,2362413000.0,9628981000.0,8250000000.0,,0.0369417805564295,-170142532.57087615,24430896000.0,-0.0069642362920654,-0.0096279910488287,-0.0034517650191939,1.7892950404477552,0.0165693789078392,-0.0330480328106513,-0.0238187744641846,-0.1284074295508901,,,6.405846346837272,6.405846346837272,False,61.449090126276126,61.449090126276126,47.68827918141641,1061.0,True,False,True,True,True,False,False,True,True,True,True,True,True,True,False,False,False,11,False,0.0463394407400632,0.1086577342053591,1.0,87819908.21304168,0.3475836431226766,0.0,3.0,,,,,,0.0136544908974844,-0.0381705771869297,0.2581166443858517,-1.6777218498033502,0.6075268817204301,-1.6777218498033502,0.6110832723340227,-1061.0,0.010752688172043,0.021505376344086,0.6451612903225806,0.1059139784946236,0.1408602150537634,東聯
16.549999237060547,16.600000381469727,15.949999809265137,16.5,10031429.0,-0.013062719260717,16.743999862670897,0.2087912425726936,15.737677717208864,0.6819571145996643,16.245059219996133,0.7151767355807068,12.954529627164204,0.0313581794713666,63.62946554307874,19516105.0,0.5140077387368023,0.0484393121075006,1714.TW,2026-08-25,0.0746268644995207,-0.0104265258210529,neutral,0.0882899628252788,0.0102230483271375,2026-03-31,2026-05-15,7139550000.0,802314000.0,490214000.0,535557000.0,131252000.0,223134000.0,0.23,17219321000.0,4978429000.0,25588223000.0,7499378000.0,18088845000.0,5982998000.0,888587000.0,1280870000.0,,0.2450756875551995,370074466.90081537,20609794000.0,0.01795624288631,0.0123354476197899,0.0087201835000421,0.414585784775092,0.1123759900834086,0.0686617503904307,0.0312532302456037,0.3342708703208805,,,45.10051143692903,45.10051143692903,False,73.21070586815632,73.21070586815632,66.1831572603495,432.0,True,False,True,True,True,False,True,True,True,True,True,True,False,True,False,False,False,11,False,0.0156934349423645,0.2736857666681576,1.0,322015732.5,0.2146840148698884,0.0,3.0,,,,,,-0.0462846004248015,-0.1419168384793003,0.2508925500846699,-1.870465588481622,0.3123655913978494,-1.870465588481622,0.3137708774841315,-432.0,0.5268817204301075,0.5268817204301075,0.2258064516129032,0.4817204301075268,0.4666666666666667,和桐
88.4000015258789,88.4000015258789,86.69999694824219,87.4000015258789,303995.0,0.0115740738696685,87.34000244140626,0.0429594074345989,84.95000114440919,0.0417163282043615,85.16539789835612,0.2648336245421396,81.96186542510986,0.0019461052411371,61.783462085528,565919.25,0.537170276501462,0.0288404985104695,1723.TW,2026-08-25,0.0746268644995207,-0.0104265258210529,neutral,0.4172862453531598,0.2657992565055762,2026-03-31,2026-05-15,1277807000.0,319750000.0,181223000.0,217086000.0,38207000.0,178879000.0,0.77,3402849000.0,1696462000.0,11518279000.0,3468337000.0,8049942000.0,782501000.0,937470000.0,1000000000.0,,0.1759993735201717,149327865.5325539,9821817000.0,0.0152036904711779,0.0222211538915435,0.0155300110372391,0.4308524210484994,0.2502334077055455,0.1418234522114842,0.139989059380642,-0.2447011744956525,,,46.187073211591255,46.187073211591255,False,57.369292674273815,57.369292674273815,54.57373780860317,413.0,True,False,False,True,True,False,True,True,False,True,True,True,False,True,False,False,False,9,False,0.0262383982540628,0.066349589196917,1.0,49461343.313524246,0.4191449814126394,1.0,3.0,,,,,,0.0056830311576403,-0.0295742748105148,0.2197989555331878,-1.3408967555243605,0.5978494623655914,-1.3408967555243605,0.6216768818118963,-413.0,0.5591397849462365,0.1075268817204301,0.6774193548387096,0.5768817204301074,0.4473118279569892,中碳
35.599998474121094,36.54999923706055,35.0,36.34999847412109,2126965.0,0.1065449060144481,35.369999694824216,0.1503163935224749,33.33499984741211,0.2491408246601951,31.86166661580404,0.2448629289166453,30.840833361943567,0.0259290552541066,68.5446038818252,2069459.55,1.0277876656250662,0.0904454369434486,1808.TW,2026-08-25,0.0746268644995207,-0.0104265258210529,neutral,0.1394052044609665,0.0594795539033457,2026-03-31,2026-05-15,5392216000.0,1474911000.0,1229561000.0,1153602000.0,211319000.0,942283000.0,1.06,46784978000.0,26633648000.0,51660398000.0,37973630000.0,13686768000.0,5845055000.0,11570200000.0,207356000.0,10980553000.0,0.1831818946222353,1004327686.4663897,25026750000.0,0.0401301681787043,0.068846275468394,0.0182399485191732,2.774477509957062,0.2735259492572256,0.2280251755493474,0.1747487489373571,173.44891620834682,,,72.1127428848662,72.1127428848662,False,78.71664544205562,78.71664544205562,77.06566980275826,149.0,True,True,True,True,True,True,True,True,True,True,False,True,True,True,True,False,False,13,False,0.140869337201926,0.1786321740247014,1.0,75224851.4847553,0.3652416356877323,1.0,3.0,,,,,,0.0145953080580828,-0.0687595377400658,0.2131948525033294,-0.8941957606932162,0.6209677419354839,-0.8941957606932162,0.6838144538702344,-149.0,0.7956989247311828,0.8172043010752689,0.7526881720430108,0.7892473118279569,0.7935483870967742,潤隆
11.5,11.699999809265137,11.449999809265137,11.600000381469728,126294.0,0.0175439271606958,11.500000190734864,0.0642202557282147,11.282500076293946,0.1262136084137408,11.225,0.0,11.255416663487752,0.0116565895436522,61.11111503569569,118514.9,1.0656381602650806,0.0281409530714644,1906.TW,2026-08-25,0.0746268644995207,-0.0104265258210529,neutral,0.3327137546468401,0.1347583643122676,2026-03-31,2026-05-15,824072000.0,66019000.0,17339000.0,-4285000.0,-126000.0,,-0.03,476045000.0,2439937000.0,5842498000.0,2763272000.0,3079226000.0,170426000.0,1450000000.0,,,0.0294049008168028,16829148.424737457,3402561000.0,0.0049460240168324,,,0.897391747146848,0.0801131454533099,0.0210406372258734,,0.0185447947514918,,,24.0907540514816,24.0907540514816,False,74.41823119351282,74.41823119351282,61.83636190800502,783.0,True,False,True,True,True,True,True,True,False,True,True,True,True,True,False,False,False,12,False,0.0334076063670136,0.0306149233106398,1.0,1374772.8852098463,0.8949814126394052,0.0,3.0,,,,,,0.0124139928330221,-0.0208337730032291,0.1754903069624455,-1.193031954349038,0.603763440860215,-1.193031954349038,0.5804701354917796,-783.0,0.2258064516129032,0.2903225806451613,0.6021505376344086,0.282258064516129,0.3204301075268817,寶隆
10.850000381469728,11.100000381469728,10.850000381469728,11.0,2670063.0,-0.0090090430660406,11.099999809265135,0.0945273424114903,10.45600004196167,0.2168141644267451,10.129833380381266,0.1879049382408355,9.738749996821086,0.0252487994911118,70.11953992592497,4665928.0,0.5722469356578156,0.0520275397719174,1909.TW,2026-08-25,0.0746268644995207,-0.0104265258210529,neutral,0.241635687732342,0.0697026022304832,2026-03-31,2026-05-15,10760215000.0,1109471000.0,15988000.0,29258000.0,59036000.0,-27240000.0,-0.02,14658431000.0,22767425000.0,70430999000.0,49630869000.0,20800130000.0,2240646000.0,8614561000.0,26455684000.0,0.0,0.4,9592800.0,47663574000.0,0.0002012606104611,-0.0013096071995703,-0.0003867615167576,2.386084558125358,0.1031086274763097,0.0014858439166875,-0.0025315479291073,0.0525224624933875,,,8.894222198109352,8.894222198109352,False,70.34399262659412,70.34399262659412,54.98155001947293,1044.0,True,False,True,True,True,True,True,True,True,True,True,True,False,True,False,False,False,12,False,0.0859013753675366,0.1295084075051324,1.0,51325208.0,0.4144981412639405,0.0,3.0,,,,,,0.0084491671057492,-0.0783438984935086,0.2960791006527715,-1.4958012388414137,0.5876344086021505,-1.4958012388414137,0.6029317710956388,-1044.0,0.021505376344086,0.1182795698924731,0.6129032258064516,0.1102150537634408,0.1688172043010752,榮成
42.09999847412109,42.150001525878906,41.0,41.25,4186523.0,0.064516129032258,40.21000061035157,0.1348005978423192,38.75000019073487,0.0299625664369307,38.91439221700033,-0.0201899882405834,39.54844614664714,0.0203972928444325,63.20754071918546,2659023.15,1.574459026428559,0.0645161237925073,2009.TW,2026-08-25,0.0746268644995207,-0.0104265258210529,neutral,0.1570631970260223,0.303903345724907,2026-03-31,2026-05-15,799069000.0,89698000.0,74091000.0,76674000.0,0.0,,0.21,2492291000.0,1725805000.0,10283213000.0,1994285000.0,8288928000.0,115317000.0,1048111000.0,,,0.0,74091000.0,8557408000.0,0.0086581123629958,,,0.2405962508058943,0.1122531345853737,0.0927216548258035,,0.2957994749140937,,,52.89939291590058,52.89939291590058,False,70.40119962772641,70.40119962772641,66.02574794976995,326.0,True,False,True,True,True,False,True,True,True,True,True,True,True,True,False,False,False,12,False,0.0600191253142412,0.0430245437973324,1.0,109684704.9375,0.3243494423791822,1.0,3.0,,,,,,-0.0682726739127666,-0.1575412850031272,0.1689638426689264,-2.030963382884224,0.1672043010752688,-2.030963382884224,0.1427801774285619,-326.0,0.6129032258064516,0.4946236559139785,0.075268817204301,0.532258064516129,0.4698924731182796,第一銅
12.850000381469728,13.0,12.800000190734863,12.949999809265137,358055.0,0.0196850396657184,12.779999923706054,0.1021276433417137,12.472499895095826,0.0882353129742827,12.776666657129924,0.1614350002078413,12.16333331267039,0.0202453981508391,76.92308444713535,572486.85,0.6254379467406107,0.0382842187360581,2025.TW,2026-08-25,0.0746268644995207,-0.0104265258210529,neutral,0.2174721189591078,0.1802973977695167,2026-03-31,2026-05-15,378787000.0,84115000.0,71616000.0,81289000.0,,,0.47,1385153000.0,642110000.0,2300356000.0,643754000.0,1656602000.0,85331000.0,603413000.0,,,,57292800.0,1658246000.0,0.0345502416408663,,,0.3885990720764553,0.2220641151887472,0.1890666786346944,,0.965417224453369,,,82.3791102091105,82.3791102091105,False,57.15875304832703,57.15875304832703,63.463842338522895,72.0,True,False,True,True,True,False,True,False,True,True,True,True,False,True,True,False,False,10,False,0.0135663829061771,0.0646752396216328,1.0,7413704.598306798,0.6737918215613383,0.0,2.0,,,,,,0.1494569179924235,0.1205436260489217,0.4537267852010307,-0.7044726607387596,0.9634408602150538,-0.7044726607387596,0.9645957183324364,-72.0,0.8709677419354839,0.4408602150537634,1.0,0.8903225806451613,0.767741935483871,千興
46.09999847412109,46.79999923706055,45.70000076293945,46.34999847412109,1306853.0,0.0450958301873907,46.11999893188476,0.1645728483070265,43.2274995803833,0.2387495437667834,40.51321824391683,0.3306944412197239,38.87528886795044,0.0353272168104401,74.91748044748016,2254984.7,0.5795396305793117,0.0722340853403138,2031.TW,2026-08-25,0.0746268644995207,-0.0104265258210529,neutral,0.1254646840148698,0.0641263940520446,2026-03-31,2026-05-15,4589073000.0,567832000.0,427931000.0,146733000.0,66925000.0,70724000.0,0.22,15811293000.0,10640609000.0,28813736000.0,17538865000.0,11274871000.0,1366991000.0,6979961000.0,6673974000.0,,0.4,256758600.0,18173127000.0,0.0141284766237533,0.0062727103485263,0.0024545237729671,1.5555712344735475,0.1237356651332415,0.0932499875247136,0.0154113913637895,-0.0896215532289155,,,22.130264986727884,22.130264986727884,False,75.6524067399456,75.6524067399456,62.27187130164118,823.0,True,True,True,True,True,True,True,False,True,True,True,True,False,True,False,False,False,12,False,0.1440710089991594,0.1922740595333028,1.0,104518537.4041664,0.3299256505576208,1.0,3.0,,,,,,0.0131024328842348,-0.0351839426685238,0.2773679392072857,-1.418024971542095,0.6720430107526882,-1.418024971542095,0.6888765306096932,-823.0,0.1827956989247312,0.3225806451612903,0.7634408602150538,0.2698924731182796,0.3408602150537634,新光鋼
63.400001525878906,63.70000076293945,61.0,63.59999847412109,110833.0,0.0599999745686847,64.16000061035156,0.0671140956779863,59.94500045776367,0.1542649770488144,58.35882129669189,0.3531914568961933,55.58524392445882,0.0094299945562596,62.02531156584168,102951.2,1.07655860252236,0.0609725246216767,2248.TW,2026-08-25,0.0746268644995207,-0.0104265258210529,neutral,0.3197026022304832,0.1105947955390334,2026-03-31,2026-05-15,593726000.0,189022000.0,97021000.0,105639000.0,16593000.0,89046000.0,1.87,2515725000.0,1373717000.0,3197393000.0,1407252000.0,1790141000.0,637484000.0,196733000.0,,,0.1570726720245364,81781652.28750746,1823676000.0,0.0448443979563845,0.04974245045502,0.0278495636914198,0.7861123788573079,0.3183657107824147,0.1634103946938487,0.1499782728059744,0.3030050981106484,,,82.72406063393525,82.72406063393525,False,77.22384904427831,77.22384904427831,78.59890194169255,69.0,True,True,True,True,True,True,True,True,False,True,True,True,True,True,True,False,False,13,False,0.0898095105585399,0.1441885288936473,1.0,6547696.162908935,0.6914498141263941,1.0,2.0,,,,,,0.0165996650879956,-0.0341676945993986,0.3827322859802508,-0.5594995016185006,0.8489247311827957,-0.5594995016185006,0.8807916400241356,-69.0,0.8924731182795699,0.8817204301075269,0.935483870967742,0.8989247311827957,0.8978494623655914,華勝-KY
286.0,296.0,277.5,296.0,73754102.0,0.0922509225092251,276.9,0.5257731958762886,252.71896514892575,0.2622601279317698,228.4813217163086,0.9377323504553836,203.0201946258545,0.0693977311116985,69.80265441893121,37420773.35,1.9709400794625749,0.1712615229552281,2301.TW,2026-08-25,0.0746268644995207,-0.0104265258210529,neutral,0.0092936802973977,0.0557620817843866,2026-03-31,2026-05-15,43407292000.0,9402933000.0,4099305000.0,4969901000.0,1195242000.0,3775414000.0,1.66,165353065000.0,116511425000.0,210691221000.0,122427807000.0,88263414000.0,71133162000.0,13521025000.0,3000000000.0,,0.2404961386554782,3113437976.3289046,94179796000.0,0.0330584489302663,0.0427743934763275,0.0179191804104642,1.3870730969006029,0.2166210460675593,0.0944381649055647,0.0869764923368175,0.1919657430575541,,,57.60700281241379,57.60700281241379,False,85.45524308546783,85.45524308546783,78.49318301720432,288.0,True,True,True,True,True,True,True,True,True,True,True,False,True,False,False,False,False,12,False,0.2955107129830299,0.4579830373303395,1.0,11076548911.6,0.020446096654275,2.0,3.0,,,,,,-0.0455518409410987,-0.125664073903046,0.2974109752406674,-1.1861142951313814,0.4870967741935483,-1.1861142951313814,0.5196647342294581,-288.0,0.6774193548387096,0.8709677419354839,0.4946236559139785,0.65,0.6989247311827957,光寶科
41.59999847412109,41.84999847412109,39.650001525878906,40.79999923706055,96561107.0,0.0049261273511362,39.82999954223633,0.1757924593660544,38.25749969482422,0.0111524356866599,37.45166651407877,0.4379699159668613,33.910215584437054,0.0229277993268508,60.66481391466071,104313222.0,0.9256842531429046,0.0664575459064904,2324.TW,2026-08-25,0.0746268644995207,-0.0104265258210529,neutral,0.1171003717472119,0.370817843866171,2026-03-31,2026-05-15,201303536000.0,10597495000.0,2644084000.0,3090596000.0,699988000.0,1967195000.0,0.45,372539532000.0,285043722000.0,452433934000.0,306525209000.0,145908725000.0,84569615000.0,55846516000.0,11898445000.0,,0.2264896479513983,2045226345.6860747,167390212000.0,0.0122183150451238,0.013482367144254,0.0043480270867569,2.100801093286231,0.0526443559342146,0.0131348115017711,0.009772282390509,0.0110778585236814,,,17.5664711440274,17.5664711440274,False,77.3822425927599,77.3822425927599,62.42829973057677,898.0,True,True,True,True,True,True,True,True,True,True,True,True,True,True,False,False,False,14,False,0.0894041049341041,0.2031772294536968,1.0,4255979378.015328,0.0399628252788104,1.0,3.0,,,,,,-0.0777717513357342,-0.1146312517183071,0.2515186808770475,-1.4668692137710506,0.3639784946236559,-1.4668692137710506,0.359309130311403,-898.0,0.1397849462365591,0.3440860215053763,0.2903225806451613,0.1623655913978494,0.2311827956989247,仁寶
172.0,179.0,168.5,179.0,92761189.0,0.0141643059490084,176.3,0.2430555555555555,165.825,0.0654761904761904,174.31666666666666,0.7301650803057205,141.28783448537192,0.0282126802046193,57.2463768115942,148495676.6,0.6246726579782458,0.07945122870496,2344.TW,2026-08-25,0.0746268644995207,-0.0104265258210529,neutral,0.0734200743494423,0.2146840148698884,2026-03-31,2026-05-15,38253064000.0,20415002000.0,12550494000.0,12688424000.0,2570746000.0,10114310000.0,2.25,110641935000.0,75046248000.0,229813688000.0,106920169000.0,122893519000.0,25520648000.0,5251103000.0,22148521000.0,4892959000.0,0.202605619106045,10007693393.043297,154767440000.0,0.0646627830313875,0.082301410866101,0.0440109120045103,0.870022844736019,0.5336827920503309,0.3280912085891995,0.2644052251605257,0.913359516665577,,,96.98400611250784,96.98400611250784,True,69.88054069162084,69.88054069162084,76.65640704684259,11.0,True,False,True,True,True,False,True,True,True,True,True,True,False,True,True,True,True,12,False,0.0268668132708671,0.2669172873375207,1.0,26580726111.4,0.0037174721189591,2.0,0.0,,,,,,-0.1155184937233457,-0.2167942853387788,0.1485379400842821,-1.3359817866967116,0.1618279569892473,-1.3359817866967116,0.1952148154569162,-11.0,0.967741935483871,0.7956989247311828,0.1182795698924731,0.8403225806451613,0.7462365591397849,華邦電
74.80000305175781,75.0999984741211,72.19999694824219,75.0999984741211,608684.0,-0.1143868423178747,79.03999938964844,0.0979531695727706,76.14500007629394,0.0488826826059924,71.68166656494141,0.2331690737677243,68.12499990463257,0.0287779493253379,56.96594361429186,572964.05,1.0623423930349556,-0.0137238374302423,2364.TW,2026-08-25,0.0746268644995207,-0.0104265258210529,neutral,0.2276951672862453,0.2490706319702602,2026-03-31,2026-05-15,338915000.0,130350000.0,30596000.0,44068000.0,-15000.0,43646000.0,0.83,1165011000.0,950493000.0,1755551000.0,1003694000.0,751857000.0,599063000.0,350000000.0,,,0.0,30596000.0,805058000.0,0.0380047151882224,0.0580509325576539,0.0248617100841843,1.3349533222407983,0.3846097103993626,0.0902763229718365,0.128781552896744,-0.1059821890200796,,,61.7822396932274,61.7822396932274,False,67.97961425110505,67.97961425110505,66.43027061163563,245.0,True,False,True,True,False,True,True,True,True,True,True,True,True,True,True,False,False,12,False,0.0476876734734226,0.1023853002459118,1.0,43029599.28072625,0.4377323420074349,1.0,3.0,,,,,,0.01958694562601,-0.0289617227634309,0.3245969656580776,0.0969093995745445,0.8650537634408602,0.0969093995745445,0.9006009452156706,-245.0,0.7204301075268817,0.5376344086021505,0.956989247311828,0.7559139784946237,0.7129032258064516,倫飛
5410.0,5605.0,5255.0,5595.0,1866530.0,-0.0983078162771957,5714.0,0.2687074829931972,5430.25,0.1035502958579881,5240.583333333333,1.5547945205479454,4523.625,0.0419244975296205,56.70498084291188,2312764.35,0.8070558507182108,0.0303393029786842,2383.TW,2026-08-25,0.0746268644995207,-0.0104265258210529,neutral,0.0576208178438661,0.1626394052044609,2026-03-31,2026-05-15,33067261000.0,9729153000.0,7128470000.0,7194158000.0,1855381000.0,5339793000.0,14.9,90741002000.0,68350963000.0,130976723000.0,83055788000.0,47920935000.0,22134504000.0,12291308000.0,10978888000.0,0.0,0.2579010636130038,5290030005.06661,62625760000.0,0.0844705118958494,0.1114292323386428,0.0407690227522336,1.733183795349569,0.2942231290338803,0.2155748551414645,0.1614827729457241,0.5252381635035763,,,86.0587773245522,86.0587773245522,True,76.96142207492048,76.96142207492048,79.23576088732841,55.0,True,True,True,True,True,True,True,True,True,True,True,True,True,True,True,True,False,14,False,0.0676292397474835,0.2368399237337313,1.0,12939916538.25,0.0139405204460966,3.0,2.0,,,,,,0.0179662724147935,-0.0812140002525844,0.3478401642395011,0.6001227952922356,0.8021505376344087,0.6001227952922356,0.6928755855330622,-55.0,0.913978494623656,0.9032258064516128,0.7741935483870968,0.893010752688172,0.8827956989247312,台光電
43.70000076293945,45.95000076293945,43.20000076293945,45.09999847412109,5570186.0,0.1191066830752289,42.51999893188476,0.2978416827085204,38.82249946594239,0.0776583062962288,38.2124833424886,0.2527777353922524,37.48290828069051,0.0462875554596766,73.54651137001768,4581268.05,1.2158611849834895,0.1616974459278628,2392.TW,2026-08-25,0.0746268644995207,-0.0104265258210529,neutral,0.0473977695167286,0.1960966542750929,2026-03-31,2026-05-15,20284345000.0,3918165000.0,2024943000.0,2036754000.0,252111000.0,-210762000.0,-0.46,65961303000.0,65464823000.0,123191294000.0,95674753000.0,27516541000.0,21416412000.0,16445470000.0,26655579000.0,0.0,0.1237807805950055,1774293974.7996078,57726471000.0,0.0307362280088039,-0.0076594656283287,-0.0017108514177958,3.476990549066469,0.1931620173094078,0.0998278721841893,-0.0103903774068129,-0.0513983335778374,,,22.851074819845003,22.851074819845003,False,80.47449376581656,80.47449376581656,66.06863902932368,810.0,True,True,True,True,True,True,True,False,True,True,False,True,True,False,False,False,False,11,False,0.1802425419437272,0.2032150263365384,1.0,206615182.06453967,0.258364312267658,1.0,3.0,,,,,,0.0147336793420475,-0.0346061433983441,0.296728659744749,-0.1794922830649929,0.8043010752688172,-0.1794922830649929,0.7913987444689238,-810.0,0.1935483870967742,0.5053763440860215,0.8494623655913979,0.2919354838709677,0.4182795698924731,正崴
491.0,510.0,480.0,510.0,66761386.0,-0.0097087378640776,507.4,0.2993630573248407,465.55,0.3368283093053734,432.9974817911784,1.174840085287847,342.87790756225587,0.0491267605633803,62.8968253968254,84992600.15,0.785496453599202,0.0954784663301471,2408.TW,2026-08-25,0.0746268644995207,-0.0104265258210529,neutral,0.0464684014869888,0.0334572490706319,2026-03-31,2026-05-15,49086932000.0,33325482000.0,30111283000.0,31718134000.0,5659880000.0,26059487000.0,8.41,141606845000.0,25207062000.0,240968098000.0,47930660000.0,193037438000.0,86281008000.0,0.0,13800000000.0,3996400000.0,0.1784430319892084,24738134364.394894,215761036000.0,0.1146552446308929,0.1349970620724877,0.1081449669740099,0.2482972240856201,0.6789074126694249,0.6134276837672398,0.5308844113541258,5.829068133568171,,,100.0,100.0,True,88.61847181521968,88.61847181521968,91.46385386141476,2.0,True,True,True,True,True,True,True,True,True,True,True,True,False,True,True,True,True,14,False,0.1778359492768542,0.4874099169174379,1.0,43346226076.5,0.0018587360594795,3.0,0.0,,,,,,-0.1424900555121667,-0.2620799035581225,0.1761044234390502,-1.4290479348017415,0.1666666666666666,-1.4290479348017415,0.1865462910930202,-2.0,1.0,0.978494623655914,0.1075268817204301,0.8661290322580645,0.8150537634408601,南亞科
90.6999969482422,90.6999969482422,88.0,89.4000015258789,2843416.0,0.037123024256696,87.78000030517578,0.1983914658777368,85.80499992370605,0.0101695087669932,81.41166687011719,0.815228457378252,74.5725001970927,0.023620641982539,52.93159550432235,4176684.05,0.6807831202841402,0.0418973440402001,2465.TW,2026-08-25,0.0746268644995207,-0.0104265258210529,neutral,0.1003717472118959,0.3745353159851301,2026-03-31,2026-05-15,1569188000.0,167121000.0,92107000.0,130068000.0,22277000.0,107791000.0,1.15,1574817000.0,638916000.0,1902288000.0,697716000.0,1204572000.0,319532000.0,112731000.0,0.0,,0.1712719500568933,76331654.49610972,1263372000.0,0.0604189854580517,0.0894848958800304,0.0566638700344006,0.5792231597613094,0.1065015791606869,0.0586972370423429,0.0686922153368493,0.9128577645528606,,,73.28778007996519,73.28778007996519,True,67.15201613661193,67.15201613661193,68.68595712245025,133.0,True,False,True,True,True,True,True,True,True,True,True,True,False,True,True,True,False,12,False,0.0981227256838528,0.1988333673887505,1.0,373395560.4431141,0.1960966542750929,1.0,3.0,,,,,,-0.0866024155566262,-0.228411761133778,0.1617866633158518,-2.049835059011328,0.0999999999999999,-2.049835059011328,0.1196902453877978,-133.0,0.8172043010752689,0.6236559139784946,0.053763440860215,0.7026881720430108,0.6064516129032258,麗臺
100.0,104.0,99.1999969482422,103.0,1973063.0,0.0618556701030927,100.61999969482422,0.0887949435662709,95.24999961853028,1.1914893617021276,82.31416651407878,1.1413722093030083,67.23833332061767,5.249539316575325e-05,57.11252237793458,1887220.8,1.0454860395773509,0.0813648337271175,2466.TW,2026-08-25,0.0746268644995207,-0.0104265258210529,neutral,0.258364312267658,0.0027881040892193,2026-03-31,2026-05-15,158640000.0,11405000.0,-51413000.0,20961000.0,15743000.0,5218000.0,0.03,1081532000.0,970641000.0,4505403000.0,2468383000.0,2037020000.0,165962000.0,307514000.0,701925000.0,,0.4,-30847800.0,3534762000.0,-0.0087269807698509,0.0025615850605295,0.001158164985463,1.211761789280419,0.0718923348461926,-0.3240859808371155,0.0328920827029752,-0.2206720377284339,,,10.470510874095902,10.470510874095902,False,80.01940159007147,80.01940159007147,62.63217891107757,1030.0,True,True,True,True,True,True,True,True,True,True,True,True,True,True,False,False,False,14,False,0.2513034434040364,0.5318642642264384,1.0,194383742.4,0.2704460966542751,2.0,3.0,,,,,,0.0020201069434389,-0.1498681693508267,0.2975136950467775,-1.46141434743521,0.5349462365591398,-1.46141434743521,0.7066735619812776,-1030.0,0.032258064516129,0.3655913978494624,0.8064516129032258,0.1483870967741935,0.2870967741935484,冠西電
72.5,79.30000305175781,70.0999984741211,79.30000305175781,18126039.0,0.1131059803526381,73.9962875366211,0.2051671637367706,70.39648418426513,0.4906015397465995,72.08716138203938,1.9589554219873748,54.65149733225505,0.0127181851467027,62.3619158754302,18765819.6,0.9659071325613724,0.126476754779222,2484.TW,2026-08-25,0.0746268644995207,-0.0104265258210529,neutral,0.0920074349442379,0.0185873605947955,2026-03-31,2026-05-15,558493000.0,124006000.0,38190000.0,65062000.0,13230000.0,51853000.0,0.33,2364630000.0,488834000.0,4989053000.0,883613000.0,4105440000.0,608103000.0,70000000.0,152941000.0,,0.2033445021671636,30424273.46223602,4500219000.0,0.0067606206414034,0.0126303148992556,0.0103933552119009,0.2152297926653416,0.2220368026098805,0.0683804452338704,0.0928444940223064,-0.0665818752496527,,,33.91916811523335,33.91916811523335,False,80.26185307521386,80.26185307521386,68.67618183521873,613.0,True,True,True,True,True,False,True,True,True,True,False,True,True,True,False,False,False,12,False,0.1000572297679003,0.4510124502106796,1.0,1488129551.5487366,0.0947955390334572,1.0,3.0,,,,,,-0.0890271361466102,-0.2310818684064499,0.1722381128980632,-1.7085160489047813,0.1349462365591398,-1.7085160489047813,0.1226727815227651,-613.0,0.3225806451612903,0.6129032258064516,0.064516129032258,0.2838709677419355,0.3580645161290322,希華
36.5,36.84999847412109,35.29999923706055,35.400001525878906,1756251.0,-0.0139275760096992,36.38000030517578,0.0608301315649588,34.594037246704104,0.1456311314855176,34.50668064753214,0.1800000508626302,32.793340317408244,0.010929133317392,67.11776072712166,1559215.85,1.126368103556669,0.023297780291648,2520.TW,2026-08-25,0.0746268644995207,-0.0104265258210529,neutral,0.3392193308550186,0.1133828996282527,2026-03-31,2026-05-15,4862541000.0,1141758000.0,658447000.0,599530000.0,162065000.0,308665000.0,0.52,53619294000.0,30715620000.0,65803063000.0,37306228000.0,28496835000.0,17736193000.0,16539209000.0,220000000.0,3700000000.0,0.2703200840658515,480455551.60709226,35087443000.0,0.0136930910470475,0.0108315537497409,0.0046907390921908,1.3091358391203796,0.2348068633251627,0.1354121230031787,0.063478127999332,0.0287244960456058,,,37.26396887406752,37.26396887406752,False,68.18588488522863,68.18588488522863,60.45540588243836,570.0,True,False,True,True,True,True,True,True,False,True,True,True,True,True,False,False,False,12,False,0.0258883457227188,0.0794875173812934,1.0,55196243.46917458,0.4042750929368029,1.0,3.0,,,,,,0.0003472819225184,-0.0272532365350785,0.2065084714936605,-1.3188263931843989,0.5827956989247312,-1.3188263931843989,0.6032557917633564,-570.0,0.3870967741935484,0.2580645161290322,0.6236559139784946,0.4225806451612903,0.3956989247311828,冠德
90.0999984741211,90.9000015258789,89.5999984741211,90.1999969482422,202490.0,0.0,90.83999938964844,0.0439814277228352,89.4900001525879,0.0946601368680022,89.41500027974446,0.3667528842665715,80.50402297973633,0.0094754583465227,54.81170559732572,388462.55,0.5212600287981428,0.0079338115369729,2535.TW,2026-08-25,0.0746268644995207,-0.0104265258210529,neutral,0.4107806691449814,0.1719330855018587,2026-03-31,2026-05-15,7158996000.0,1023899000.0,759460000.0,917121000.0,168741000.0,748785000.0,2.88,29176307000.0,17358125000.0,31406521000.0,21164629000.0,10241892000.0,7958413000.0,1895000000.0,3752518000.0,0.0,0.1839898988246916,619727031.4385997,14048396000.0,0.0441137216973809,0.0731100269364293,0.023841704721131,2.0664764869615886,0.1430227087708946,0.10608470796743,0.1045935770881838,0.5557714720596632,,,66.50740970485359,66.50740970485359,False,62.16352107988041,62.16352107988041,63.249493236123705,196.0,True,False,False,True,True,True,True,True,False,True,True,True,False,True,True,False,False,10,False,0.0087792503052261,0.1204408625758546,1.0,35039320.82450638,0.474907063197026,1.0,3.0,,,,,,0.0133827229516107,-0.0410070426165769,0.30693197403348,-0.3254598710653324,0.7903225806451613,-0.3254598710653324,0.8507741520789048,-196.0,0.7634408602150538,0.4193548387096774,0.8924731182795699,0.7827956989247311,0.6860215053763441,達欣工
48.0,48.20000076293945,47.09999847412109,47.5,7115039.0,-0.0052356020942407,48.20999984741211,0.1059371165596494,45.69749965667724,0.1150235141171565,44.3541664759318,0.2890095513398234,41.355000019073486,0.02311653175529,76.7441887973296,8442120.8,0.8428023204785223,0.0394441787157906,2542.TW,2026-08-25,0.0746268644995207,-0.0104265258210529,neutral,0.2118959107806691,0.1486988847583643,2026-03-31,2026-05-15,16191907000.0,4874634000.0,3912933000.0,3918335000.0,698387000.0,2421313000.0,1.15,244126134000.0,168451704000.0,269504119000.0,203260373000.0,66243746000.0,18030010000.0,104829064000.0,11468836000.0,23019028000.0,0.1782356536641201,3215508829.0010934,101052415000.0,0.0318202076516537,0.0365515712230404,0.0089843265067128,3.068370756086167,0.3010537301134449,0.2416597995529495,0.1495384700517363,13.610654325020349,,,58.947380152838136,58.947380152838136,False,68.21266545060337,68.21266545060337,65.89634412616206,278.0,True,False,True,True,True,True,True,False,True,True,True,True,True,True,False,False,False,12,False,0.0709253216555259,0.1485914636221099,1.0,401000738.00000006,0.1905204460966542,1.0,3.0,,,,,,0.0226369770872575,0.0360661316316599,0.2113171350437961,-0.5868128730086809,0.7586021505376345,-0.5868128730086809,0.7937217994870052,-278.0,0.6881720430107527,0.4838709677419355,0.8602150537634409,0.7139784946236559,0.6612903225806452,興富發
107.0,107.5,103.5,107.5,284221.0,0.0046728971962617,111.3,0.3151459861849488,96.82029342651369,0.2313859821547332,94.39409739176432,0.2485482218946968,89.40538215637207,0.0492889141896672,72.53741352094406,462526.45,0.6144967493210388,0.1103044227147709,2546.TW,2026-08-25,0.0746268644995207,-0.0104265258210529,neutral,0.0418215613382899,0.0650557620817843,2026-03-31,2026-05-15,4271987000.0,331333000.0,227648000.0,236497000.0,50162000.0,186338000.0,1.43,15279304000.0,9683343000.0,16184746000.0,9989889000.0,6194857000.0,7854449000.0,0.0,,,0.2121041704545935,179362909.8043527,6501403000.0,0.0275883389791945,0.0300794675325031,0.0115131865523252,1.6126101054471476,0.0775594588653944,0.0532885516739634,0.0436185784273219,0.0858039345262302,,,37.32527210445105,37.32527210445105,False,81.3109943340376,81.3109943340376,70.31456377664097,569.0,True,True,True,True,True,True,True,False,True,True,True,True,False,True,False,False,False,12,False,0.1388423955561775,0.2023884626093317,1.0,49721593.375,0.4182156133828996,2.0,3.0,,,,,,0.0308740545866838,-0.0424376209254157,0.3385291381647244,-0.492501524876289,0.8532258064516128,-0.492501524876289,0.89634583030769,-569.0,0.3978494623655914,0.6451612903225806,0.946236559139785,0.4801075268817204,0.5817204301075269,根基
7.099999904632568,7.429999828338623,7.019999980926514,7.170000076293945,7564884.0,0.0513196328186171,7.083999919891357,0.1490385159115368,6.474999952316284,0.244791630448568,6.3426666259765625,0.091324184011527,5.972416643301646,0.0216962487850762,64.37767862661127,4538254.35,1.6669149449501437,0.1073359272734884,2601.TW,2026-08-25,0.0746268644995207,-0.0104265258210529,neutral,0.1431226765799256,0.062267657992565,2026-03-31,2026-05-15,568015000.0,153080000.0,126103000.0,18234000.0,7038000.0,-13770000.0,-0.02,2878754000.0,2929955000.0,11571433000.0,3945476000.0,7625957000.0,145794000.0,1181816000.0,973681000.0,,0.3859822309970385,77429482.72458047,8641478000.0,0.0089602129085534,-0.0018056750123296,-0.001189999544568,0.5173745406642077,0.2694999251780323,0.222006461096978,-0.024242317544431,-0.5099694429155358,,,37.53973905839439,37.53973905839439,False,88.78368806587063,88.78368806587063,75.97270081400157,567.0,True,True,True,True,True,True,True,True,True,True,True,True,True,True,False,False,False,14,False,0.1304393718139018,0.2005190703390473,1.0,32539284.035741325,0.4888475836431227,0.0,3.0,,,,,,0.0189800518992982,-0.025194219642245,0.3135201461090521,-1.233782220445347,0.7881720430107527,-1.233782220445347,0.8652246496471573,-567.0,0.4086021505376344,0.7634408602150538,0.913978494623656,0.4844086021505376,0.6161290322580646,益航
36.75,39.20000076293945,36.59999847412109,36.70000076293945,47319037.0,0.0426136354400106,36.85,0.1800643187389272,33.28999996185303,0.143671530490882,31.488667678833007,0.0848542576144693,32.97116618156433,0.0395003891289002,75.00001014547388,15524293.6,3.0480637779228807,0.1024331872932995,2605.TW,2026-08-25,0.0746268644995207,-0.0104265258210529,neutral,0.1115241635687732,0.1161710037174721,2026-03-31,2026-05-15,1366845000.0,582927000.0,482738000.0,537338000.0,149979000.0,387359000.0,0.66,9807913000.0,5258125000.0,22934806000.0,5269539000.0,17665267000.0,4877423000.0,4114000000.0,,,0.2791148215834353,347998669.2584556,17676681000.0,0.0196868783941089,0.0219277183865944,0.0168895695040978,0.2982994256469489,0.4264763012631278,0.3531768415584795,0.2833964348554518,0.4444113329930603,,,75.1720503143159,75.1720503143159,False,77.28609894110829,77.28609894110829,76.7575867844102,118.0,True,True,True,True,True,True,True,False,True,True,True,True,False,True,True,False,False,12,False,0.16549868470966,0.1130938032595305,1.0,569741586.9640961,0.1552044609665427,1.0,3.0,,,,,,-0.045291474649977,-0.1343716034503199,0.1556113990488385,-1.63944205940622,0.2290322580645161,-1.63944205940622,0.2047553928991119,-118.0,0.8387096774193549,0.8064516129032258,0.1397849462365591,0.7338709677419355,0.689247311827957,新興
16.549999237060547,17.0,15.899999618530272,16.200000762939453,3835255.0,0.0519481275471311,16.29000015258789,0.1868132758734646,14.557499980926512,0.1868132758734646,14.1899999777476,0.1319266565630019,14.006105359395344,0.039821434292258,75.45454703086608,1503550.85,2.55079833182895,0.1128284928157288,2611.TW,2026-08-25,0.0746268644995207,-0.0104265258210529,neutral,0.1078066914498141,0.0845724907063197,2026-03-31,2026-05-15,353426000.0,93706000.0,35228000.0,64426000.0,5952000.0,53112000.0,0.28,2531460000.0,477345000.0,3873907000.0,1025452000.0,2848455000.0,534450000.0,60000000.0,9174000.0,,0.0923850619315183,31973459.038276475,3396562000.0,0.0094134772273482,0.0186458975128622,0.0137101897386798,0.3600028787535699,0.2651361246767357,0.0996757454177112,0.1502775687131111,1.1037011464149238,,,54.537917356638296,54.537917356638296,False,79.05386139015832,79.05386139015832,72.9248753817783,309.0,True,True,True,True,True,True,True,False,True,True,True,True,True,True,False,False,False,13,False,0.1416491041820922,0.1566385049411638,1.0,24357524.917118262,0.5278810408921933,0.0,3.0,,,,,,-0.0387128778823013,-0.1046237974991365,0.1975500224737607,-1.840567063321708,0.3182795698924731,-1.840567063321708,0.506077843136118,-309.0,0.6344086021505376,0.6989247311827957,0.4838709677419355,0.6118279569892473,0.6236559139784946,志信
60.70000076293945,61.0,60.5,60.5,104160.0,0.0236886897127746,60.6,0.0746003698020429,59.08500003814697,0.2055905144301011,56.457550048828125,0.3107433983945498,51.73639450073242,0.017829458021481,64.61539635291473,196000.0,0.5314285714285715,0.0239485480399332,2832.TW,2026-08-25,0.0746268644995207,-0.0104265258210529,neutral,0.303903345724907,0.0762081784386617,2026-03-31,2026-05-15,,,514384000.0,513794000.0,96832000.0,,,,,25841065000.0,13610551000.0,12230514000.0,3713301000.0,,,,0.1884646375784847,417440805.8638287,25841065000.0,0.0161541641516643,,,1.112835568480605,,,,,,,55.14019466216183,55.14019466216183,False,71.95630044515322,71.95630044515322,67.75227399940538,306.0,True,False,True,True,True,True,True,True,False,True,True,True,False,True,False,False,False,11,False,0.0716015829180631,0.1693895677083472,1.0,11858000.0,0.6152416356877324,1.0,3.0,,,,,,-0.0074553026075071,-0.0524450597368614,0.1690368968674943,-1.3484733772109403,0.478494623655914,-1.3484733772109403,0.4559072048953079,-306.0,0.6451612903225806,0.6021505376344086,0.4193548387096774,0.6112903225806451,0.5870967741935483,台產
41.54999923706055,43.79999923706055,41.54999923706055,43.75,3967161.0,0.1132315737742566,43.619999694824216,0.2718022691681321,37.95249996185303,0.3230137461322024,36.77979056040446,0.7384647916466136,33.10880037943522,0.058425709575446,75.07163762249661,3872132.75,1.0245415785396303,0.1527567365515889,2851.TW,2026-08-25,0.0746268644995207,-0.0104265258210529,neutral,0.0557620817843866,0.0362453531598513,2026-03-31,2026-05-15,,,2142185000.0,2164691000.0,325242000.0,,,,,59204658000.0,35668047000.0,23536611000.0,16387176000.0,,,,0.1502486960032633,1820324497.152249,59204658000.0,0.0307463054199595,,,1.5154283256837613,,,,,,,65.92494981784269,65.92494981784269,False,82.62551687196904,82.62551687196904,78.45037510843746,201.0,True,True,True,True,True,True,True,False,True,True,False,True,True,False,True,False,False,11,False,0.1895119393936781,0.3214009417017209,1.0,169405807.8125,0.2843866171003718,1.0,3.0,,,,,,-0.0536902455853135,-0.1090186890067214,0.2133557519732326,-1.4725817399094,0.3456989247311828,-1.4725817399094,0.4932990499244072,-201.0,0.7526881720430108,0.8602150537634409,0.4731182795698925,0.710752688172043,0.7290322580645161,中再保
134.0,142.5,132.5,141.5,46202682.0,0.0926640926640927,132.8,0.1274900398406375,128.9,0.3239945660127368,125.560134379069,0.62919147015592,107.1422618230184,0.0099902056807052,66.21621621621622,20431251.35,2.261373090101992,0.0977501939487974,2881.TW,2026-08-25,0.0746268644995207,-0.0104265258210529,neutral,0.1626394052044609,0.0353159851301115,2026-03-31,2026-05-15,66193246000.0,,,38624861000.0,5062760000.0,33551455000.0,,,,13120104726000.0,12085399702000.0,1034705024000.0,358727505000.0,,,,0.131075164257549,,13120104726000.0,,0.0324261062058977,0.0025572551211051,11.68004351160858,,,0.5068712750542556,-0.3925800152621125,,,12.264204123597382,12.264204123597382,False,81.5879719155507,81.5879719155507,64.25702996756237,1004.0,True,True,True,True,True,True,True,True,True,True,True,True,True,True,False,False,False,14,False,0.1269500522578939,0.3206740047520653,1.0,2891022066.025,0.0566914498141263,2.0,3.0,,,,,,-0.0737121299793324,-0.2165695369798699,0.272513050144741,-0.9507595158766592,0.3881720430107527,-0.9507595158766592,0.4296682675649095,-1004.0,0.053763440860215,0.4623655913978494,0.3978494623655914,0.1053763440860215,0.2451612903225806,富邦金
99.0,104.0,99.0,103.0,28003195.0,0.0383064835550392,99.68000030517578,0.0796645529618724,99.2449993133545,0.2095076917839331,98.45591875712076,0.4573576264844889,85.62071723937989,0.0067968521168351,55.060729370207305,20484831.35,1.367021017724903,0.0378356664076295,2882.TW,2026-08-25,0.0746268644995207,-0.0104265258210529,neutral,0.2853159851301115,0.0743494423791821,2026-03-31,2026-05-15,72538053000.0,,,38391738000.0,6735806000.0,31593811000.0,,,,14450034484000.0,13633007653000.0,817026831000.0,293505959000.0,,,,0.1754493636104726,,14450034484000.0,,0.0386692453677815,0.0021864176888285,16.686119887046893,,,0.4355480977687669,-0.3173702053156907,,,13.906153918122188,13.906153918122188,False,74.19407547963522,74.19407547963522,59.12209508925696,981.0,True,False,True,True,True,True,True,True,True,True,True,True,True,True,False,False,False,13,False,0.0461534593373604,0.2029798782464156,1.0,2109937629.05,0.070631970260223,2.0,3.0,,,,,,-0.0264563349669523,-0.159266509763546,0.2719070983043248,-1.000597850193737,0.5021505376344086,-1.000597850193737,0.4843481393577479,-981.0,0.075268817204301,0.2258064516129032,0.4623655913978494,0.1333333333333333,0.1978494623655914,國泰金
31.0,31.700000762939453,30.89999961853028,31.700000762939453,37101969.0,0.0242326326821313,31.00999984741211,0.0709459579191214,30.839999961853028,0.4484087611495044,29.438077608744305,0.6485657615850422,24.854036585489908,0.0045602562231497,50.877196504799656,44445690.5,0.8347708986543926,0.0278858885262707,2883.TW,2026-08-25,0.0746268644995207,-0.0104265258210529,neutral,0.3104089219330855,0.0223048327137546,2026-03-31,2026-05-15,23565513000.0,,,13099615000.0,1407592000.0,11689699000.0,,,,4235032868000.0,3864021319000.0,371011549000.0,75116245000.0,,,,0.1074529289601259,,4235032868000.0,,0.0315076418281523,0.0027602380818169,10.414827596108069,,,0.4960511150340754,-0.1317078255463794,,,12.146336472811727,12.146336472811727,False,67.45393556801946,67.45393556801946,53.62703579421753,1009.0,True,False,True,True,True,True,True,True,False,True,True,True,True,True,False,False,False,12,False,0.0768366462055682,0.2754467731590249,1.0,1408928422.7593708,0.0985130111524163,1.0,3.0,,,,,,-0.0700449073407847,-0.197708078289478,0.2198081483865278,-1.1631309009266853,0.3204301075268817,-1.1631309009266853,0.3701813868436605,-1009.0,0.043010752688172,0.0967741935483871,0.3118279569892473,0.0833333333333333,0.1129032258064516,凱基金
38.150001525878906,39.09999847412109,38.09999847412109,39.0,34860048.0,0.0236220882394582,38.05999984741211,0.0758620689655171,37.80250015258789,0.2925927946497493,35.25868527094523,0.2080844017612886,33.07386147181193,0.0134039221141548,58.18183205344467,42737205.25,0.815683847272629,0.0316777949230464,2884.TW,2026-08-25,0.0746268644995207,-0.0104265258210529,neutral,0.2992565055762082,0.045539033457249,2026-03-31,2026-05-15,25169421000.0,,,12706707000.0,2639201000.0,10056957000.0,,,,4679436007000.0,4394289185000.0,285146822000.0,45485669000.0,,,,0.2077014131198586,,4679436007000.0,,0.0352693988642805,0.0021491814365995,15.410619533399537,,,0.3995704549580223,0.174006725249566,,,29.938092003685178,29.938092003685178,False,74.39234752147493,74.39234752147493,63.27878364202749,684.0,True,False,True,True,True,True,True,True,True,True,True,True,True,True,False,False,False,13,False,0.1061104434355579,0.1791789124242047,1.0,1666751004.75,0.0855018587360594,1.0,3.0,,,,,,-0.1497494070267146,-0.2463282232117004,0.1339855111379546,-1.9559412261581024,0.05,-1.9559412261581024,0.057779157278372,-684.0,0.2795698924731182,0.4301075268817204,0.021505376344086,0.2408602150537634,0.2731182795698924,玉山金
36.5,37.150001525878906,36.45000076293945,37.150001525878906,29891519.0,0.0067750674705167,36.650000762939456,0.0942562795589871,35.81250057220459,0.5101626402356738,33.639535363515215,0.5383023649148935,28.83851766586304,0.0157413346730514,57.51295316305431,55802473.4,0.5356665606152146,0.0373473209718395,2887.TW,2026-08-25,0.0746268644995207,-0.0104265258210529,neutral,0.2425650557620818,0.0148698884758364,2026-03-31,2026-05-15,47867456000.0,,,25588754000.0,4532177000.0,21040510000.0,,,,9064708955000.0,8465511408000.0,599197547000.0,97795796000.0,,,,0.1771159705548773,,9064708955000.0,,0.035114479532407,0.0023211456765409,14.12808088147931,,,0.439557723727787,0.933005034802805,,,37.907562917661295,37.907562917661295,False,76.58908137739972,76.58908137739972,66.9187017624651,560.0,True,True,True,True,True,True,True,True,True,True,True,True,False,True,False,False,False,13,False,0.104355370085494,0.2882077350963985,1.0,2073061971.957817,0.0715613382899628,1.0,3.0,,,,,,-0.177407923495109,-0.2959187293364885,0.120929520699372,-2.0391824967322947,0.0182795698924731,-2.0391824967322947,0.0240203796711551,-560.0,0.4193548387096774,0.5591397849462365,0.010752688172043,0.3580645161290322,0.3795698924731183,台新新光金
17.299999237060547,17.549999237060547,17.25,17.450000762939453,848154.0,-0.0169013654681998,17.45,0.0771604901932849,16.910000133514405,0.2737227011593268,15.708333365122478,0.1294499015122929,14.94666666984558,0.0214436706682707,63.414637550294685,1555710.2,0.5451876577012865,0.0319338039716987,2905.TW,2026-08-25,0.0746268644995207,-0.0104265258210529,neutral,0.2936802973977695,0.0520446096654275,2026-03-31,2026-05-15,29552820000.0,,,,-68929000.0,32878000.0,0.03,133124099000.0,1468399841000.0,1617410517000.0,62246052000.0,86764624000.0,72610211000.0,2757000000.0,7269508000.0,,,,149010676000.0,,0.0003789332389661,2.032755423217024e-05,0.717412801788895,,,0.0011125165043471,-0.4161502905041906,,,21.27042291580655,21.27042291580655,False,74.8666955559676,74.8666955559676,61.46762739592734,838.0,True,False,True,True,True,True,True,True,True,True,True,True,False,True,False,False,False,12,False,0.1108753778859845,0.1674844397342632,1.0,27147144.176912688,0.5157992565055762,0.0,3.0,,,,,,-0.0148258413293704,-0.0551151281234159,0.1597515087474676,-1.610412600492399,0.3994623655913978,-1.610412600492399,0.3275841122115099,-838.0,0.1612903225806451,0.2795698924731182,0.2580645161290322,0.1758064516129032,0.2161290322580644,三商
59.79999923706055,59.79999923706055,58.70000076293945,59.0,3396003.0,-0.0296052509810453,60.63999938964844,0.1683168316831682,55.67999973297119,0.3038674033149171,52.4111110051473,0.1545988603087682,49.30222225189209,0.0437716721796115,74.32432815574067,4116970.05,0.8248792094078994,0.0596264418633403,2915.TW,2026-08-25,0.0746268644995207,-0.0104265258210529,neutral,0.1226765799256505,0.0418215613382899,2026-03-31,2026-05-15,418613000.0,187104000.0,-8207000.0,2736586000.0,18591000.0,2708283000.0,2.59,4840429000.0,1001903000.0,130249863000.0,12898049000.0,117351814000.0,3969846000.0,450000000.0,9445000000.0,,0.0067935010995452,-8151245.736476032,129247960000.0,-6.306672644176382e-05,0.0230783224194557,0.0207929815634431,0.1099092426470714,0.4469617522628298,-0.019605220095888,,-0.3549697834454577,,,42.46996725529738,42.46996725529738,False,75.2430337240516,75.2430337240516,67.04976710686304,472.0,True,True,True,True,True,True,True,False,True,True,True,True,True,True,False,False,False,13,False,0.1257154994139622,0.1967006212937132,1.0,242901232.95,0.2369888475836431,1.0,3.0,,,,,,0.042524590179654,-0.0138296279824594,0.2260558136764905,-1.3293431971382283,0.7279569892473118,-1.3293431971382283,0.6806624731098823,-472.0,0.5053763440860215,0.5698924731182796,0.7419354838709677,0.5408602150537635,0.5720430107526883,潤泰全
115.5,116.0,113.5,115.0,2139942.0,-0.0212765957446808,116.6,0.0454545454545454,115.075,0.0747663551401869,109.81999994913735,0.0040889569119746,107.84666786193849,0.0085451358457494,50.0,3834736.15,0.5580415226220975,-0.0006517488594395,3005.TW,2026-08-25,0.0746268644995207,-0.0104265258210529,neutral,0.4052044609665427,0.2007434944237918,2026-03-31,2026-05-15,9308269000.0,2890739000.0,1257624000.0,1391228000.0,215931000.0,1087413000.0,1.74,34157049000.0,19619666000.0,51413542000.0,24716257000.0,26697285000.0,14015961000.0,1317501000.0,1977017000.0,,0.1552089233396682,1062429532.993873,31793876000.0,0.0334161689815319,0.0407312204218518,0.0211503226134468,0.9257966493596632,0.3105560228222884,0.1351082569702272,0.1168222577151562,-0.0255358141879895,,,60.64311592085046,60.64311592085046,False,57.825278810408925,57.825278810408925,58.52973808801932,256.0,True,False,False,True,False,True,True,True,False,True,True,True,False,True,True,False,False,9,False,0.0471680937284804,0.0663287265140075,1.0,440994657.25,0.1802973977695167,2.0,3.0,,,,,,-0.0184069927046488,-0.0541712373457203,0.232265950851145,-0.7893219605868702,0.589247311827957,-0.7893219605868702,0.6425356131930074,-256.0,0.6989247311827957,0.1935483870967742,0.7096774193548387,0.7005376344086022,0.5494623655913978,神基
275.5,280.5,260.0,270.0,19235964.0,0.0887096774193547,260.9,0.4136125654450262,243.925,0.0850943271266222,229.43920338948567,0.8516967807174358,207.18759956359864,0.0575547366139172,61.231884057971016,11344360.5,1.6956411073149518,0.1068976119708926,3006.TW,2026-08-25,0.0746268644995207,-0.0104265258210529,neutral,0.0232342007434944,0.1849442379182156,2026-03-31,2026-05-15,7266900000.0,3453448000.0,2254754000.0,2352467000.0,288641000.0,2063883000.0,7.22,17585827000.0,5859607000.0,20073767000.0,7169155000.0,12904612000.0,7031281000.0,1000000000.0,693679000.0,0.0,0.1226971515434647,1978102106.7687664,14214160000.0,0.1391641930841334,0.1599337508171497,0.1028149325435529,0.5555498297817866,0.4752298779396992,0.3102772846743453,0.2840114766957024,1.503294079957009,,,98.64788449850906,98.64788449850906,True,92.53284417972178,92.53284417972178,94.0616042594186,7.0,True,True,True,True,True,True,True,True,True,True,True,False,True,True,True,True,True,14,False,0.1767823284395742,0.3031667945799061,1.0,3062977335.0,0.0529739776951672,2.0,0.0,,,,,,-0.0520945347987325,-0.1619970513993858,0.251482841213369,-1.211143126898215,0.3913978494623656,-1.211143126898215,0.3802153243160628,-7.0,0.989247311827957,0.989247311827957,0.3225806451612903,0.8892473118279569,0.8559139784946237,晶豪科
5350.0,5740.0,5295.0,5720.0,2169249.0,0.0812854442344046,5556.0,0.4666666666666665,4696.551623535156,0.4915254237288136,4397.100541178385,1.535599015289165,3526.5327880859377,0.0896740999317748,75.01654029871584,2457947.4,0.8825449234593059,0.2179148572191103,3008.TW,2026-08-25,0.0746268644995207,-0.0104265258210529,neutral,0.0185873605947955,0.0176579925650557,2026-03-31,2026-05-15,15544079000.0,7679569000.0,5812218000.0,7287959000.0,1112047000.0,6123204000.0,46.63,159095122000.0,39536493000.0,226385533000.0,39762818000.0,186622715000.0,119023098000.0,146000.0,,,0.1525868902390916,4925349729.988327,186849040000.0,0.026360048357692,0.0328106040039123,0.0270476824152893,0.213065263786351,0.4940510788706104,0.3739184547376528,0.3939251724080918,0.0661796222311039,,,76.94531754874203,76.94531754874203,False,84.00092936802974,84.00092936802974,82.23702641320781,100.0,True,True,True,True,True,True,True,False,True,True,True,False,True,False,True,False,False,11,False,0.3008572231707689,0.6219897399861096,1.0,14059459128.0,0.0120817843866171,3.0,2.0,,,,,,-0.0250020099551546,-0.1523446676701269,0.2752414791805511,-0.7875462245189949,0.5387096774193548,-0.7875462245189949,0.4254809878791402,-100.0,0.8602150537634409,0.935483870967742,0.3763440860215054,0.7876344086021505,0.7860215053763441,大立光
2835.0,2950.0,2740.0,2950.0,2899489.0,-0.0222404056045096,2950.0,0.3169642857142858,2790.5415649414062,0.0592459605026929,2546.2638549804688,0.6857142857142857,2439.3819274902344,0.0573070448180505,57.38158757869641,4320302.95,0.6711309446482219,0.0571424690683444,3017.TW,2026-08-25,0.0746268644995207,-0.0104265258210529,neutral,0.0399628252788104,0.2267657992565055,2026-03-31,2026-05-15,49037946000.0,14597401000.0,12019030000.0,11979060000.0,3304089000.0,7915619000.0,20.17,135871669000.0,112699102000.0,175993383000.0,124678400000.0,51314983000.0,67880246000.0,16445795000.0,7190026000.0,,0.2758220594938167,8703916392.282032,63294281000.0,0.1375150527783392,0.1542555124689411,0.0449767989288551,2.4296685433959904,0.2976756204266794,0.2450965217833552,0.161418241294201,1.1016606943545204,,,82.5145908535667,82.5145908535667,False,78.87338443669219,78.87338443669219,79.78368604091082,70.0,True,True,True,True,True,True,True,True,True,True,True,True,False,True,True,False,False,13,False,0.1585602152855554,0.2093227250540126,1.0,12744893702.5,0.0148698884758364,3.0,2.0,,,,,,0.031056763948415,-0.0766159033132407,0.3238930335764096,-0.1321254480273158,0.8129032258064516,-0.1321254480273158,0.7837654390208434,-70.0,0.8817204301075269,0.913978494623656,0.8279569892473119,0.8736559139784945,0.8806451612903227,奇鋐
112.0,113.0,109.5,110.5,875480.0,0.0279069767441859,111.3,0.0886699507389161,108.46500015258788,0.04739336492891,104.98500010172526,-0.0177777777777777,102.47160320281982,0.018307280638469,57.77777777777777,1400713.35,0.6250243848964528,0.0187618111330778,3029.TW,2026-08-25,0.0746268644995207,-0.0104265258210529,neutral,0.2602230483271375,0.2537174721189591,2026-03-31,2026-05-15,6876938000.0,811379000.0,385472000.0,424218000.0,78018000.0,295873000.0,1.77,12286821000.0,7803745000.0,15126326000.0,8760650000.0,6365676000.0,2911146000.0,3716000.0,,,0.1839101593991768,314579783.0360805,7322581000.0,0.0429602326059732,0.0464794312497211,0.0195601364138258,1.3762324692617092,0.1179855045952137,0.0560528537555522,0.0430239446683974,0.0168646985516829,,,48.26050505492552,48.26050505492552,False,68.83360909472145,68.83360909472145,63.69033308477247,394.0,True,False,True,True,True,True,True,True,True,True,True,True,False,True,False,False,False,12,False,0.052531312977387,0.0783475279613781,1.0,154778825.175,0.2936802973977695,2.0,3.0,,,,,,-0.0311336268450292,-0.0652671341140232,0.2265062907584837,-0.6491363942406886,0.5430107526881721,-0.6491363942406886,0.6035064499840699,-394.0,0.5698924731182796,0.4516129032258064,0.6344086021505376,0.5795698924731183,0.5473118279569893,零壹
552.0,562.0,536.0,555.0,6024104.0,0.0990099009900991,537.6,0.1269035532994924,528.2,0.1178247734138973,510.8756154378255,0.4959568733153638,466.4461410522461,0.0160134647751864,52.17391304347826,4000206.35,1.5059483118914605,0.0507383566830745,3034.TW,2026-08-25,0.0746268644995207,-0.0104265258210529,neutral,0.1654275092936803,0.1431226765799256,2026-03-31,2026-05-15,23145303000.0,9039901000.0,4027546000.0,4389348000.0,622236000.0,3767112000.0,6.19,79261926000.0,21790635000.0,103666583000.0,31738768000.0,71927815000.0,48919537000.0,,,,0.1417604619182621,3456599218.642951,81875948000.0,0.0422175169030464,0.0523735080788982,0.036338730292673,0.4412586146263444,0.390571728527382,0.1740113750077067,0.1627592432036858,-0.1465659805926223,,,75.54535048945058,75.54535048945058,False,75.09677684435233,75.09677684435233,75.2089202556269,116.0,True,True,True,True,True,True,True,True,True,True,True,True,True,True,True,False,False,14,False,0.0863701128588012,0.1898479827659998,1.0,2220114524.25,0.0678438661710037,3.0,3.0,,,,,,0.0341267113629546,-0.0712290436131451,0.3144685928154764,0.2819772945548061,0.8344086021505377,0.2819772945548061,0.8603706770544992,-116.0,0.8494623655913979,0.7419354838709677,0.9032258064516128,0.8575268817204301,0.8279569892473119,聯詠
1070.0,1095.0,1030.0,1095.0,15123208.0,-0.0436681222707423,1105.0,0.4332460732984293,983.55,0.0428571428571429,941.262392171224,1.6258992805755397,822.7520294189453,0.0690760869565216,69.56521739130434,22541600.05,0.6709021527511309,0.1133140155558944,3037.TW,2026-08-25,0.0746268644995207,-0.0104265258210529,neutral,0.020446096654275,0.2639405204460966,2026-03-31,2026-05-15,37446455000.0,6726042000.0,2756634000.0,6298845000.0,918107000.0,5042976000.0,3.28,114144042000.0,86190209000.0,266881071000.0,149928398000.0,116952673000.0,60179250000.0,14320916000.0,18542136000.0,5803563000.0,0.1457579921398288,2354832563.095615,180690862000.0,0.0130323832485541,0.0431198011181839,0.018895967335203,1.2819578565767369,0.1796175899694644,0.073615352908573,0.1346716531644984,0.2445010776505265,,,50.25113103325184,50.25113103325184,False,77.71403050631683,77.71403050631683,70.84830563805059,363.0,True,True,True,True,True,True,True,True,True,True,True,False,False,True,False,False,False,12,False,0.163331297529212,0.3308991784235708,1.0,24683052054.75,0.0055762081784386,3.0,3.0,,,,,,-0.1466246735249933,-0.2534798950679371,0.1514455710679411,-0.7338625643164595,0.2091397849462365,-0.7338625643164595,0.2157069070678712,-363.0,0.5806451612903226,0.6774193548387096,0.1505376344086021,0.5161290322580645,0.5236559139784946,欣興
11.199999809265137,11.25,11.050000190734863,11.199999809265137,479222.0,0.0044843221924213,11.219999885559082,0.0516432122474355,10.894999980926514,0.0516432122474355,10.8274999777476,-0.0175438435050508,10.852916661898297,0.0125464720134654,74.07401912996781,393788.65,1.2169522915401447,0.0279944771796765,3052.TW,2026-08-25,0.0746268644995207,-0.0104265258210529,neutral,0.3801115241635687,0.2444237918215613,2026-03-31,2026-05-15,871124000.0,84606000.0,43642000.0,49244000.0,10109000.0,39093000.0,0.19,11542706000.0,8128121000.0,11782392000.0,8138924000.0,3643468000.0,859342000.0,750076000.0,9917000.0,0.0,0.205283892453903,34683000.365526766,3654271000.0,0.0094910860101855,0.0107296125559494,0.0033179171088519,2.233839847090739,0.0971227976728915,0.0500984934406582,0.0448765043782515,0.1339674489624569,,,21.68414340880005,21.68414340880005,False,61.62686834069482,61.62686834069482,51.64118710772113,828.0,True,False,True,True,True,True,True,False,False,True,True,True,True,True,False,False,False,11,False,0.034403124662488,0.0319806332416943,1.0,4410432.804890776,0.7481412639405205,0.0,3.0,,,,,,0.0196472898572759,-0.0080477817226156,0.2487981587676716,-1.0490685027476516,0.7580645161290323,-1.0490685027476516,0.6619742619707144,-828.0,0.1720430107526881,0.075268817204301,0.7311827956989247,0.2559139784946236,0.2548387096774194,夆典
38.0,38.34999847412109,37.20000076293945,38.34999847412109,1686988.0,0.0564738093704306,36.85,0.169207297748642,35.99499988555908,0.1353617684373911,36.81065368652344,0.6710952288816323,31.88870361646017,0.0065715894616811,59.12698496796711,1924633.85,0.8765241243159055,0.0654257145728403,3094.TW,2026-08-25,0.0746268644995207,-0.0104265258210529,neutral,0.1217472118959107,0.1245353159851301,2026-03-31,2026-05-15,47206000.0,35395000.0,2347000.0,7478000.0,1717000.0,5761000.0,0.07,792305000.0,52199000.0,1133462000.0,121752000.0,1011710000.0,710423000.0,,,,0.229606846750468,1808112.730676652,1081263000.0,0.0016722228825703,0.005694319518439,0.0050826582629148,0.1203427859762184,0.7497987543956277,0.0497182561538787,0.1220395712409439,-0.0850131803380369,,,35.49964257677029,35.49964257677029,False,71.60521581119457,71.60521581119457,62.5788225025885,595.0,True,False,True,True,True,False,True,True,True,True,True,True,True,True,False,False,False,12,False,0.0418179150173909,0.2026201797154827,1.0,73809705.2107418,0.3680297397769517,1.0,3.0,,,,,,-0.0228659374571216,-0.116581728946307,0.177233566658207,-1.687806453935443,0.3333333333333333,-1.687806453935443,0.4335910796291665,-595.0,0.3548387096774194,0.3548387096774194,0.4086021505376344,0.3629032258064516,0.3655913978494624,聯傑
783.0,837.0,766.0,835.0,11413705.0,-0.0346820809248554,828.0,0.3067292644757433,795.85,0.0806581974832585,762.095292154948,1.939998048689076,603.1382802327474,0.0323647684524582,51.14006514657981,14211673.45,0.8031218167343973,0.0491926870641452,3189.TW,2026-08-25,0.0746268644995207,-0.0104265258210529,neutral,0.0436802973977695,0.1886617100371747,2026-03-31,2026-05-15,11104965000.0,2349499000.0,890638000.0,964461000.0,88658000.0,549232000.0,1.17,33407134000.0,17816161000.0,83654067000.0,32183791000.0,51470276000.0,11635037000.0,1278540000.0,7562530000.0,,0.0919249197220001,808766173.3486372,65837906000.0,0.0122842025587605,0.0106708578753298,0.0065655146210643,0.6252888754666869,0.2115719410191747,0.0802017836166075,0.0494582378242524,0.2883172632505095,,,45.18411999125517,45.18411999125517,False,73.07243891581632,73.07243891581632,66.10035918467604,429.0,True,False,True,True,True,True,True,True,True,True,True,True,True,True,False,False,False,13,False,0.0956635063823871,0.3844254748310429,1.0,11866747330.75,0.0185873605947955,3.0,3.0,,,,,,-0.157026498781461,-0.2768100213313193,0.1608080448097694,-1.4265407291091468,0.1349462365591398,-1.4265407291091468,0.1643990686568632,-429.0,0.5376344086021505,0.5161290322580645,0.0967741935483871,0.471505376344086,0.4430107526881719,景碩
59.09999847412109,59.09999847412109,55.400001525878906,57.400001525878906,2346979.0,0.123287734635616,57.52000045776367,0.4568527741852282,50.50750026702881,0.0551470572766961,45.05000019073486,1.8989900877592327,38.05541674296061,0.0901683560184725,69.36671539440817,1598121.35,1.4685862246943888,0.1364649056557942,3229.TW,2026-08-25,0.0746268644995207,-0.0104265258210529,neutral,0.0195167286245353,0.2360594795539033,2026-03-31,2026-05-15,342922000.0,37599000.0,21175000.0,35503000.0,188000.0,35315000.0,0.55,692865000.0,303681000.0,941103000.0,306548000.0,634555000.0,107034000.0,151140000.0,,,0.0052953271554516,21062871.447483312,637422000.0,0.0330438413601716,0.0556531742717337,0.0375251168044305,0.4830913002025041,0.1096430091974268,0.0617487358641323,0.1029826024577017,0.4578839294444752,,,67.33482851500801,67.33482851500801,False,83.12154591997162,83.12154591997162,79.17486656873072,186.0,True,True,True,True,True,True,True,True,True,True,False,False,True,True,True,False,False,12,False,0.2741398730933633,0.5083267097974065,1.0,91732167.92853966,0.3447955390334573,1.0,3.0,,,,,,-0.1037752431743706,-0.1840979002096855,0.2340486571426544,-1.7842824057573408,0.2161290322580645,-1.7842824057573408,0.295780146517307,-186.0,0.7741935483870968,0.8924731182795699,0.1827956989247312,0.685483870967742,0.6913978494623656,晟鈦
5260.0,5570.0,5205.0,5570.0,1643511.0,0.006323396567299,5492.0,0.5218579234972678,4838.5,0.2020140766189981,4577.976570638021,1.4541121646825743,4086.009747314453,0.0771371326803205,69.66666666666666,2256764.8,0.7282597637113093,0.1511832179394441,3443.TW,2026-08-25,0.0746268644995207,-0.0104265258210529,neutral,0.0102230483271375,0.078996282527881,2026-03-31,2026-05-15,11447812000.0,3113307000.0,1824178000.0,1924721000.0,278481000.0,1646240000.0,12.28,31638843000.0,19973296000.0,35132291000.0,20548418000.0,14583873000.0,7671980000.0,,,,0.144686424681811,1560244207.1967833,15158995000.0,0.1029253065389086,0.1128808513348957,0.0468583161855285,1.4089822367487703,0.2719565101173918,0.1593473058432476,0.1438038989459295,0.6298963899650951,,,83.63888359987813,83.63888359987813,True,83.08877185735923,83.08877185735923,83.22629979298895,63.0,True,True,True,True,True,True,True,True,True,True,True,False,False,False,True,True,False,11,False,0.2166947370863723,0.3631881332786602,1.0,12570179935.999998,0.0167286245353159,3.0,2.0,,,,,,0.037281251485072,-0.0819683986184396,0.3389299932879122,0.2305961363340183,0.8301075268817204,0.2305961363340183,0.7971034492528906,-63.0,0.9032258064516128,0.946236559139785,0.8817204301075269,0.8999999999999999,0.9118279569892472,創意
77.5,81.69999694824219,77.4000015258789,80.69999694824219,1728055.0,0.0359434578628743,78.97999877929688,0.2932691502383024,75.27999935150146,0.029336675734682,76.21333300272623,0.3677965584447829,70.25249993006388,0.0533090789680794,59.545447609641336,3279552.6,0.5269179094733837,0.0719978432974393,3504.TW,2026-08-25,0.0746268644995207,-0.0104265258210529,neutral,0.0501858736059479,0.3057620817843866,2026-03-31,2026-05-15,684957000.0,124843000.0,-9502000.0,7393000.0,1414000.0,5979000.0,0.05,2230493000.0,1016643000.0,4251347000.0,1422483000.0,2828864000.0,1174939000.0,85127000.0,112000000.0,,0.1912620045989449,-7684628.432300826,3234704000.0,-0.002375682112583,0.0021135692631388,0.0014063777903803,0.5028460187552318,0.1822639961340638,-0.0138724036691354,0.0087290151060577,0.0537005671880119,,,23.10660181855068,23.10660181855068,False,70.23402269937776,70.23402269937776,58.45216747917099,804.0,True,False,True,True,True,False,True,True,True,True,True,True,False,True,False,False,False,11,False,0.058869803599266,0.1487135266158323,1.0,264659884.81159973,0.2295539033457249,1.0,3.0,,,,,,-0.0265062581824087,-0.1152949998931978,0.2579319019237307,-1.6730145958467026,0.4295698924731183,-1.6730145958467026,0.4253249716043406,-804.0,0.2043010752688172,0.1827956989247312,0.3655913978494624,0.228494623655914,0.2301075268817204,揚明光
41.20000076293945,41.20000076293945,38.70000076293945,41.0,2826989.0,-0.0375586509725596,42.64000015258789,0.5185185185185186,37.78499956130982,0.1609318948796376,33.07806936899821,-0.1274833115892244,37.6716822942098,0.1083895578295273,71.99999738420814,2860471.45,0.988294779170056,0.0850866872043636,3543.TW,2026-08-25,0.0746268644995207,-0.0104265258210529,neutral,0.0120817843866171,0.1022304832713754,2026-03-31,2026-05-15,836726000.0,78715000.0,-50443000.0,-19959000.0,3504000.0,-16915000.0,-0.16,3789651000.0,1258588000.0,5554278000.0,1844510000.0,3709768000.0,1331306000.0,149106000.0,65113000.0,380511000.0,0.0,-50443000.0,4295690000.0,-0.0117427002414047,-0.0045595843190194,-0.0030454003202576,0.497203598715607,0.0940750018524582,-0.060286162973303,-0.0202156978509093,-0.0602944925557016,,,14.660362838801094,14.660362838801094,False,79.17234165364741,79.17234165364741,63.04434694993583,963.0,True,True,True,True,True,True,True,True,True,True,True,False,True,True,False,False,False,13,False,0.2394919287044747,0.0883506523493318,1.0,117279329.45,0.3178438661710037,1.0,3.0,,,,,,-0.0759533788666319,-0.1785068011493419,0.1950556583976445,-1.9522587412476289,0.1709677419354838,-1.9522587412476289,0.2865676118090211,-963.0,0.0967741935483871,0.3978494623655914,0.1720430107526881,0.1080645161290322,0.2021505376344086,州巧
118.0,121.0,111.5,116.5,14806044.0,-0.037190082644628,113.9,0.3738207052763198,107.4495407104492,0.470959652639048,90.21651369730633,0.9416666666666668,80.44266188939413,0.0567469093309295,62.75740621108598,11469458.6,1.2909104532623712,0.0842298555183183,3605.TW,2026-08-25,0.0746268644995207,-0.0104265258210529,neutral,0.0315985130111524,0.0195167286245353,2026-03-31,2026-05-15,2821542000.0,693877000.0,147463000.0,143021000.0,35356000.0,107659000.0,0.67,7733924000.0,4283420000.0,15202980000.0,7237415000.0,7965565000.0,2596697000.0,794000000.0,2115835000.0,130740000.0,0.2472084519056642,111008900.05663504,10919560000.0,0.010166059809794,0.0135155509998349,0.007081440612301,0.9085877775148404,0.2459212019526911,0.0522632659730034,0.0381560862818983,0.0947751117457165,,,35.95481269053683,35.95481269053683,False,91.05486122989169,91.05486122989169,77.27984909505297,591.0,True,True,True,True,True,True,True,True,True,True,True,True,True,True,False,False,False,14,False,0.2913378629424743,0.448236511121219,1.0,1336191926.9,0.1013011152416356,2.0,3.0,,,,,,0.0054068887563341,-0.1093051812406484,0.2987911992009349,-1.4780648213787486,0.5682795698924731,-1.4780648213787486,0.5454646057611239,-591.0,0.3655913978494624,0.8387096774193549,0.5376344086021505,0.3913978494623655,0.5419354838709677,宏致
254.5,255.5,245.0,247.5,764796.0,-0.0313111545988258,255.1,0.1899038461538462,236.475,0.1674528301886793,222.08826319376627,0.3983050847457627,204.51496493021648,0.0480886426592797,61.26760563380282,772291.85,0.9902940190292052,0.0466222645099905,3617.TW,2026-08-25,0.0746268644995207,-0.0104265258210529,neutral,0.104089219330855,0.0975836431226765,2026-03-31,2026-05-15,2931932000.0,1579254000.0,476843000.0,521769000.0,118652000.0,388950000.0,4.13,10475363000.0,3752308000.0,14792411000.0,5524979000.0,9267432000.0,4373481000.0,0.0,,1434491000.0,0.2274033144935785,368407321.3069385,11040103000.0,0.033369917047598,0.0419695553201793,0.026293888129528,0.5961715176329322,0.5386393681708853,0.1626378101538507,0.1326599661929403,0.0219561852265348,,,74.61371274804436,74.61371274804436,False,83.02558145805907,83.02558145805907,80.9226142805554,123.0,True,True,True,True,True,True,True,True,True,True,True,True,True,True,True,False,False,14,False,0.114421790871779,0.2101803899017886,1.0,191142232.875,0.2732342007434944,2.0,3.0,,,,,,-0.0095296368558208,-0.0644420457469307,0.2986221421262942,-0.9959838850081416,0.6645161290322581,-0.9959838850081416,0.6412093736231285,-123.0,0.8279569892473119,0.9247311827956988,0.6989247311827957,0.8086021505376344,0.8311827956989247,碩天
5070.0,5205.0,4910.0,5205.0,1223897.0,0.0106796116504854,5363.0,0.5445103857566767,4522.0,0.35546875,3861.2312947591145,0.8072916666666667,3933.865647379557,0.114342040413997,64.8881239242685,1670189.95,0.7327891058139825,0.1510393631136666,3653.TW,2026-08-25,0.0746268644995207,-0.0104265258210529,neutral,0.0083643122676579,0.0306691449814126,2026-03-31,2026-05-15,5305216000.0,2216652000.0,1696566000.0,1775586000.0,371056000.0,1398199000.0,9.53,20477674000.0,8468040000.0,30307238000.0,8909881000.0,21397357000.0,10253854000.0,,,,0.2089766420776014,1342023334.256972,21839198000.0,0.0614502114160498,0.0653444722168256,0.0461341610871963,0.4164010069094047,0.4178250235240186,0.3197920687866432,0.2635517573648274,0.116346562150301,,,88.8947474261209,88.8947474261209,False,89.66220431380327,89.66220431380327,89.47034009188268,39.0,True,True,True,True,True,True,True,True,True,True,True,False,False,False,True,False,False,11,False,0.3480155946795509,0.3231260207036242,1.0,8693338689.75,0.0260223048327137,3.0,2.0,,,,,,-0.0421398058720703,-0.1336770604522094,0.2385505153945245,-1.5224237381127323,0.3612903225806452,-1.5224237381127323,0.3206065361937379,-39.0,0.935483870967742,0.967741935483871,0.2365591397849462,0.8306451612903225,0.8053763440860215,健策
20.64999961853028,21.100000381469727,20.549999237060547,20.799999237060547,5899378.0,0.0196078248044146,20.629999923706052,0.2235293668859146,20.29749994277954,0.0452261123508874,18.671666685740156,-0.1242105584395559,19.36874999205272,0.0320325420880832,54.46428693070738,1319739.65,4.470107418535164,0.0247567087423374,3712.TW,2026-08-25,0.0746268644995207,-0.0104265258210529,neutral,0.0836431226765799,0.2592936802973977,2026-03-31,2026-05-15,5952868000.0,2246677000.0,1881231000.0,1749422000.0,95514000.0,-477314000.0,-1.94,29571984000.0,46915609000.0,61775289000.0,55872481000.0,5902808000.0,6100937000.0,11857517000.0,7405579000.0,0.0,0.0545974613329431,1778520563.2191665,14859680000.0,0.1196876758597201,-0.0808621930443951,-0.0077266170296669,9.465407141821316,0.3774108547342222,0.3160209499017952,-0.0801821911723895,-0.1923537691038415,,,39.89432060139683,39.89432060139683,False,70.809519963804,70.809519963804,63.0807201232022,512.0,True,False,True,True,True,True,True,True,True,True,True,True,False,True,False,False,False,12,False,0.1139872828249357,0.0738947658261421,1.0,27450583.71311855,0.5148698884758365,0.0,3.0,,,,,,0.1284747494611389,0.0946497214323377,0.3879667909930425,-1.2364470164573746,0.9048387096774192,-1.2364470164573746,0.9058585572538972,-512.0,0.4408602150537634,0.4086021505376344,0.967741935483871,0.5198924731182796,0.5365591397849463,永崴投控
24.64999961853028,24.64999961853028,24.39999961853028,24.549999237060547,122985.0,-0.0100806454714081,24.520000076293947,0.0576313597266435,24.357499885559086,0.0061475254457115,23.977874088287354,0.0984339515902124,23.28560365041097,0.008172541425585,57.14285714285714,194083.9,0.6336692533486806,0.0079030833380231,4106.TW,2026-08-25,0.0746268644995207,-0.0104265258210529,neutral,0.3494423791821561,0.3931226765799256,2026-03-31,2026-05-15,583212000.0,288466000.0,58188000.0,61725000.0,15302000.0,46423000.0,0.46,1721731000.0,619160000.0,3208895000.0,728668000.0,2480227000.0,807797000.0,106264000.0,91028000.0,,0.2479060348319157,43762843.64520048,2589735000.0,0.0168985798335352,0.0187172383818094,0.0144669738336717,0.2937908505955302,0.4946160229899247,0.0997716096376617,0.0795988422734786,0.0484257757867525,,,56.47003550426275,56.47003550426275,False,61.06153770249148,61.06153770249148,59.91366215293429,294.0,True,False,True,True,True,True,True,True,False,True,True,True,False,True,False,False,False,11,False,0.0238605452120821,0.0542994549607591,1.0,4764759.596925736,0.7369888475836431,0.0,3.0,,,,,,0.0224987420427184,-0.0067942390847843,0.1934959204687125,-1.2429566123186382,0.6623655913978495,-1.2429566123186382,0.5779809668019882,-294.0,0.6666666666666666,0.2473118279569892,0.5913978494623656,0.6553763440860215,0.5258064516129032,雃博
52.09999847412109,53.5,51.59999847412109,51.79999923706055,108411.0,-0.0095602295849689,52.08000030517578,0.0339321519903357,51.25999984741211,0.2573257494731689,46.72221660614014,0.055750522702697,47.10230420430501,0.0076170819433343,64.03508449048556,213494.95,0.5077918704868662,0.0105345179722176,4119.TW,2026-08-25,0.0746268644995207,-0.0104265258210529,neutral,0.4535315985130111,0.0566914498141263,2026-03-31,2026-05-15,375798000.0,82325000.0,33151000.0,28590000.0,8480000.0,20110000.0,0.17,1104577000.0,1053320000.0,6954821000.0,1544198000.0,5410623000.0,51949000.0,390000000.0,300399000.0,,0.2966072053165442,23318174.53655124,5901501000.0,0.0039512277531684,0.0037167623765322,0.0028915194222827,0.2854011451176694,0.2190671584202151,0.0882149452631466,0.0535127914464685,0.0430373141784996,,,33.11973270077256,33.11973270077256,False,67.4823261964018,67.4823261964018,58.891677822494486,628.0,True,False,False,True,True,True,True,True,False,True,True,True,False,True,False,False,False,10,False,0.1086802596230653,0.0997338689075464,1.0,11059038.24711628,0.6273234200743495,1.0,3.0,,,,,,-0.0145174341078692,-0.0526813794974967,0.1514259763315774,-1.491974084373442,0.414516129032258,-1.491974084373442,0.3471653563956239,-628.0,0.3118279569892473,0.2150537634408602,0.2688172043010752,0.3053763440860215,0.2741935483870967,旭富
140.0,140.0,137.0,137.0,486818.0,-0.0249110320284697,141.7,0.057915057915058,134.925,0.1048387096774192,129.1,0.113821138211382,126.87916666666666,0.0219655368301458,60.869565217391305,346930.95,1.4032129448237465,0.0153789142115989,4736.TW,2026-08-25,0.0746268644995207,-0.0104265258210529,neutral,0.3485130111524163,0.1617100371747211,2026-03-31,2026-05-15,1074466000.0,531890000.0,272939000.0,362978000.0,69184000.0,284846000.0,2.99,7743817000.0,2835366000.0,13071771000.0,3115964000.0,9955807000.0,2352593000.0,940000000.0,169444000.0,,0.1906010832612444,220916530.9357592,10236405000.0,0.0215814566672341,0.0286110407724858,0.0217909264169331,0.3129795505276468,0.4950272972806957,0.2540229285989505,0.2651047124804321,0.0999991809891194,,,73.12470502530472,73.12470502530472,False,74.99861525765873,74.99861525765873,74.53013769957022,136.0,True,False,True,True,True,True,True,True,False,True,True,True,True,True,True,False,False,12,False,0.0611928737412859,0.0797674953203506,1.0,47529540.15,0.4237918215613382,2.0,3.0,,,,,,-0.0009657709045539,-0.0464159148181815,0.2344081664743865,-1.2606795063029983,0.5946236559139786,-1.2606795063029983,0.6305100073525681,-136.0,0.8064516129032258,0.7096774193548387,0.6881720430107527,0.7887096774193548,0.7537634408602151,泰博
10.949999809265137,10.949999809265137,10.699999809265137,10.850000381469728,1915524.0,0.0382775674167903,10.839999961853028,0.0959596767217341,10.400999975204469,0.0792922977649728,10.342532857259114,-0.5413008082617582,11.3693133354187,0.016864646742775,62.50000000000001,2640168.75,0.7255308964625841,0.0431689652279261,5521.TW,2026-08-25,0.0746268644995207,-0.0104265258210529,neutral,0.2323420074349442,0.1923791821561338,2026-03-31,2026-05-15,2612835000.0,137924000.0,51483000.0,62397000.0,-996000.0,63393000.0,0.13,12921452000.0,8050714000.0,13909364000.0,8217996000.0,5691368000.0,1805939000.0,1207000000.0,45836000.0,,0.0,51483000.0,5858650000.0,0.0087875193090558,0.0111384468549564,0.0045575771832558,1.44394036723684,0.0527871067250706,0.0197038848606972,0.0242621520302659,0.2132778029044353,,,26.7192956803025,26.7192956803025,False,75.1510073253755,75.1510073253755,63.04307941410725,744.0,True,True,True,True,True,True,True,True,True,True,True,True,False,True,False,False,False,13,False,0.0490660780308218,-0.045676721067328,0.0,28645831.94464445,0.5111524163568774,0.0,3.0,,,,,,-0.0286924725469964,-0.1156900862840566,0.2828066219265415,-1.2389171200377955,0.5118279569892473,-1.2389171200377955,0.4840266196219367,-744.0,0.2365591397849462,0.3870967741935484,0.4516129032258064,0.2688172043010752,0.3247311827956989,工信
37.79999923706055,37.79999923706055,36.70000076293945,36.900001525878906,143156.0,0.0468085539256426,37.20999984741211,0.0949555101036838,34.97000007629394,0.0250000423855252,33.74602486292521,0.1353846623347356,32.74384571711222,0.0219170075490317,67.27274913105782,205693.75,0.695966698064477,0.0551902043286898,5538.TW,2026-08-25,0.0746268644995207,-0.0104265258210529,neutral,0.2351301115241635,0.3234200743494423,2026-03-31,2026-05-15,3164547000.0,521693000.0,303683000.0,283264000.0,56625000.0,225974000.0,1.12,11275781000.0,4984369000.0,14701660000.0,6800925000.0,7900735000.0,2524953000.0,2256342000.0,1189653000.0,,0.1999018583370989,242976203.9546148,9717291000.0,0.0250045206997109,0.0286016427585534,0.0153706452196554,0.8607964955159235,0.1648555069651359,0.0959641300950815,0.0714080087924116,0.0280798566914675,,,45.92585745794853,45.92585745794853,False,67.49005723286561,67.49005723286561,62.09900728913634,415.0,True,False,True,True,True,True,True,True,True,True,True,True,False,True,False,False,False,12,False,0.0934621685299232,0.1269293730697809,1.0,7590099.688863754,0.671003717472119,1.0,3.0,,,,,,0.0140232249444434,-0.0196234424178118,0.2673878865156461,-0.1866175193212159,0.7876344086021505,-0.1866175193212159,0.7937988779612312,-415.0,0.5483870967741935,0.3118279569892473,0.8709677419354839,0.596774193548387,0.5419354838709678,東明-KY
55.59999847412109,56.09999847412109,53.79999923706055,53.900001525878906,1572972.0,0.0169811608656398,54.92000045776367,0.1453667909694309,50.97250003814697,0.0405405853233276,50.88996410369873,0.034549003924672,49.620398712158206,0.0358244827029738,74.89178475719032,1004006.65,1.566694802270483,0.0574329586647908,5607.TW,2026-08-25,0.0746268644995207,-0.0104265258210529,neutral,0.1486988847583643,0.2695167286245353,2026-03-31,2026-05-15,1214027000.0,623213000.0,537027000.0,447750000.0,84390000.0,363360000.0,0.98,1402675000.0,2902177000.0,27156231000.0,15739732000.0,11416499000.0,684986000.0,1050000000.0,8303128000.0,,0.1884757118927973,435810453.86934674,24254054000.0,0.017968561209163,0.031827620709291,0.0133803545860248,1.378682904452582,0.5133436076792361,0.4423517763608223,0.2993014158663687,0.3566927382792288,,,69.90798459707267,69.90798459707267,False,73.30965181595562,73.30965181595562,72.45923501123488,165.0,True,False,True,True,True,True,True,False,True,True,True,True,True,True,True,False,False,12,False,0.0591479572680893,0.0862468445396045,1.0,54115959.96699257,0.4070631970260223,1.0,3.0,,,,,,0.0155139141958727,-0.0485733263683511,0.3578524664600339,-0.9191299395290606,0.7897849462365591,-0.9191299395290606,0.7570068085219157,-165.0,0.7849462365591398,0.6881720430107527,0.8172043010752689,0.789784946236559,0.7623655913978494,遠雄港
4.920000076293945,5.21999979019165,4.920000076293945,5.199999809265137,622896.0,0.065573706418013,4.985999965667725,0.1063829830406264,4.917499971389771,0.0256409532943191,4.96733333269755,-0.0780141963894464,5.250416680177053,0.0082009246231847,69.23080873215342,301132.6,2.068510682669362,0.057447857553424,5907.TW,2026-08-25,0.0746268644995207,-0.0104265258210529,neutral,0.2091078066914498,0.3215613382899628,2026-03-31,2026-05-15,725245000.0,613848000.0,-5974000.0,-185455000.0,11780000.0,-197235000.0,-1.01,1583656000.0,6495362000.0,20447643000.0,16665738000.0,3781905000.0,297368000.0,3429003000.0,0.0,,0.0,-5974000.0,13952281000.0,-0.0004281737158246,-0.0521522883308808,-0.0096458550259313,4.406704557623737,0.8464008714296548,-0.0082372163889444,-0.271956373363484,-0.089264612992871,,,14.66912096454032,14.66912096454032,False,57.42545508015541,57.42545508015541,46.73637155125164,961.0,True,False,True,True,True,False,True,True,True,True,True,True,True,True,False,False,False,12,False,0.0468393121589114,-0.0096024513830045,0.0,1565889.4625635145,0.8736059479553904,0.0,3.0,,,,,,-0.0328944252641151,-0.0433713587037462,0.2373390845783572,0.5181721824480887,0.6198924731182796,0.5181721824480887,0.6198924731182796,-961.0,0.1075268817204301,0.010752688172043,0.6666666666666666,0.1913978494623656,0.1903225806451612,大洋-KY
22.450000762939453,23.600000381469727,21.89999961853028,22.850000381469727,5015432.0,-0.0317796605032636,24.59000015258789,0.3890577095260059,20.44000005722046,0.1453633838409429,19.00583340326945,0.4934640586022263,18.5166667620341,0.1066594462798615,72.42799090375058,2819665.7,1.7787328476563729,0.1179060820696,6108.TW,2026-08-25,0.0746268644995207,-0.0104265258210529,neutral,0.0269516728624535,0.1143122676579925,2026-03-31,2026-05-15,1005533000.0,-58176000.0,-188023000.0,-163927000.0,2837000.0,-166764000.0,-1.08,5952056000.0,4035658000.0,7430512000.0,4257488000.0,3173024000.0,3009763000.0,2815370000.0,,,0.0,-188023000.0,3394854000.0,-0.055384708738579,-0.0525568038565103,-0.0224431371620152,1.3417761731395663,-0.0578558833971634,-0.186988393220312,-0.1658463720235934,0.0519018870845751,,,14.198738437467275,14.198738437467275,False,84.6697095646735,84.6697095646735,67.05196678287194,978.0,True,True,True,True,True,True,True,False,True,True,True,True,True,True,False,False,False,13,False,0.2022624789260223,0.2340234165859991,1.0,64429362.32061711,0.3866171003717472,0.0,3.0,,,,,,-0.0993869660196146,-0.1682388412418063,0.195731511758421,-1.911034160190748,0.1709677419354838,-1.911034160190748,0.3089284255829679,-978.0,0.086021505376344,0.5806451612903226,0.2043010752688172,0.103763440860215,0.2580645161290322,競國
1485.0,1510.0,1445.0,1490.0,5299663.0,0.0642857142857142,1428.0,0.336322869955157,1326.75,0.5488565488565489,1195.696103922526,1.2238805970149254,945.0147186279296,0.0542312276519666,62.20472440944882,3760495.4,1.4092991577652243,0.1230450348596192,6446.TW,2026-08-25,0.0746268644995207,-0.0104265258210529,neutral,0.037174721189591,0.0120817843866171,2026-03-31,2026-05-15,5121378000.0,4500097000.0,2087077000.0,2335581000.0,185954000.0,2149627000.0,5.79,30923112000.0,4737365000.0,40089669000.0,5635458000.0,34454211000.0,24175410000.0,,43340000.0,,0.0796178766653779,1920908360.822853,35352304000.0,0.0543361575761187,0.0623908351870254,0.0536204726459577,0.1635636932739513,0.8786887044853944,0.4075225456898514,0.4197360554132111,0.572274143110902,,,96.8555062833974,96.8555062833974,False,95.65495739219168,95.65495739219168,95.95509461499311,13.0,True,True,True,True,True,True,True,True,True,True,True,True,True,True,True,False,True,15,True,0.2461360333215096,0.5766950192726483,1.0,5603138146.0,0.0343866171003717,3.0,0.0,,,,,,-0.0536283344994219,-0.1571295641153203,0.1954702173822761,-1.2006899631544776,0.3311827956989247,-1.2006899631544776,0.3112635769922175,-13.0,0.956989247311828,1.0,0.2150537634408602,0.8456989247311828,0.821505376344086,藥華藥
50.5,50.5,49.29999923706055,49.70000076293945,432131.0,0.0205338805818047,50.529999542236325,0.0816104447820711,49.0424997329712,0.1295454718849875,47.40583318074544,-0.1547618808196434,48.88624989191691,0.0227841527243459,53.42019414454951,754938.35,0.5724056805433185,0.0134067601274048,6589.TW,2026-08-25,0.0746268644995207,-0.0104265258210529,neutral,0.2806691449814126,0.1338289962825278,2026-03-31,2026-05-15,308435000.0,64956000.0,-207240000.0,-141836000.0,406000.0,-142242000.0,-0.47,4188368000.0,910711000.0,10619357000.0,2413133000.0,8206224000.0,3257763000.0,0.0,1001914000.0,,0.0,-207240000.0,9708646000.0,-0.0213459219751137,-0.0173334288705743,-0.0133945963018288,0.2940613124867174,0.2105986674664029,-0.6719081816265988,-0.461173342843711,0.6954150931987708,,,33.08565989658788,33.08565989658788,False,65.9294242480554,65.9294242480554,57.71848316018852,629.0,True,False,True,True,True,True,True,True,True,True,True,True,False,True,False,False,False,12,False,0.048394204431488,0.0166458027118396,1.0,37520436.57097225,0.4618959107806691,1.0,3.0,,,,,,-0.068448115749415,-0.1575883297915047,0.0978898500400866,-2.029645943199872,0.1231182795698924,-2.029645943199872,0.080849422804225,-629.0,0.3010752688172043,0.1720430107526881,0.032258064516129,0.260752688172043,0.2086021505376344,台康生技
6225.0,6440.0,6125.0,6440.0,1160267.0,0.00625,6339.0,0.2116650987770461,6064.0,0.2015436538820512,5367.581730143229,0.6947603610864255,4809.963354492187,0.033533597511611,57.95795795795796,1600723.0,0.72483933822404,0.0620052770448549,6669.TW,2026-08-25,0.0746268644995207,-0.0104265258210529,neutral,0.0855018587360594,0.0799256505576208,2026-03-31,2026-05-15,276507734000.0,20881168000.0,17458392000.0,17934386000.0,3819977000.0,14114409000.0,75.95,395619318000.0,257883938000.0,432576398000.0,292412129000.0,140164269000.0,70996229000.0,72191879000.0,9594000000.0,18686968000.0,0.2129973671805658,13739800468.793749,174692460000.0,0.0786513651979813,0.1006990519102982,0.0326287080507799,2.086210209536355,0.0755174826321494,0.0631388921656708,0.0510452593705751,0.6202705683581411,,,65.40144535951697,65.40144535951697,False,82.22386268100223,82.22386268100223,78.01825835063092,208.0,True,True,True,True,True,True,True,True,True,True,True,True,False,True,True,False,False,13,False,0.1997954244151125,0.338887539337585,1.0,10308656120.0,0.0223048327137546,3.0,3.0,,,,,,0.0397724380640262,-0.0487749435297007,0.367403489320632,0.4301406706506731,0.8919354838709678,0.4301406706506731,0.8701303971037128,-208.0,0.7419354838709677,0.8494623655913979,0.9247311827956988,0.7693548387096774,0.8107526881720429,緯穎
257.0,272.0,255.0,270.5,2555010.0,-0.0607638888888888,273.7,0.355889724310777,246.4,0.2295454545454545,250.83333333333331,1.982263197375236,206.71376616160077,0.055133283374371,69.140625,4405324.75,0.5799822135700665,0.0978084415584414,6672.TW,2026-08-25,0.0746268644995207,-0.0104265258210529,neutral,0.0325278810408921,0.0659851301115241,2026-03-31,2026-05-15,1245827000.0,423777000.0,145352000.0,148482000.0,24894000.0,123588000.0,1.73,4606299000.0,1439948000.0,6456499000.0,2742865000.0,3713634000.0,1563255000.0,30000000.0,69263000.0,896840000.0,0.1676566856588677,120982765.42611226,5016551000.0,0.0241167219123481,0.0332795315855035,0.0191416431722517,0.7385932485538425,0.3401571807321562,0.1166710947828229,0.0992015745364324,0.2185628742514969,,,64.4879602565514,64.4879602565514,False,71.4800998902997,71.4800998902997,69.73206498186262,216.0,True,False,True,True,True,False,True,True,True,True,True,True,False,True,True,False,False,11,False,0.0784053156146178,0.3085727429905838,1.0,1191640344.875,0.1050185873605948,2.0,3.0,,,,,,-0.0623654181296067,-0.1885761842642174,0.3115322751673286,-1.4632515922588225,0.3994623655913978,-1.4632515922588225,0.4168627569821955,-216.0,0.7311827956989247,0.6344086021505376,0.3440860215053763,0.6731182795698925,0.624731182795699,騰輝電子-KY
98.0999984741211,102.0,98.0,102.0,170911.0,0.0493827489965223,98.16000061035156,0.1371237845064257,97.10500030517578,0.0355329949238578,97.57166659037271,0.4500774153732017,90.82280712127684,0.0088307100649844,55.21234747844184,152356.45,1.121783816832172,0.0504093474016837,6756.TW,2026-08-25,0.0746268644995207,-0.0104265258210529,neutral,0.1552044609665427,0.2890334572490706,2026-03-31,2026-05-15,414892000.0,185087000.0,-50699000.0,46990000.0,8682000.0,44595000.0,0.64,1744541000.0,848091000.0,3944534000.0,980235000.0,2964299000.0,833541000.0,,113508000.0,,0.1847627154713768,-41331715.08831666,3096443000.0,-0.0133481272183329,0.0150440289592918,0.0113055179648597,0.3306802046622152,0.4461088668858401,-0.1221980660027187,0.1074858035344137,0.0636156451162206,,,42.16370730947515,42.16370730947515,False,61.90294880623186,61.90294880623186,56.968138432042686,477.0,True,False,True,True,True,False,True,True,True,True,True,True,True,True,False,False,False,12,False,0.0453854439959338,0.1230659262028546,1.0,15540357.9,0.5799256505576208,2.0,3.0,,,,,,-0.0337502979163021,-0.0986686317102591,0.2437480236520958,-1.3082665691581177,0.4645161290322581,-1.3082665691581177,0.549932627370158,-477.0,0.4946236559139785,0.1397849462365591,0.5483870967741935,0.5026881720430108,0.3989247311827957,威鋒電子
265.0,291.5,259.0,291.5,60275679.0,0.0504504504504503,278.6,0.4987146529562982,234.575,0.9332554448171332,185.98869285583496,1.914168250776203,157.6811148325602,0.0571203244704821,68.10126582278481,33076657.55,1.8223025984074983,0.2426729191090271,8039.TW,2026-08-25,0.0746268644995207,-0.0104265258210529,neutral,0.0148698884758364,0.0046468401486988,2026-03-31,2026-05-15,2415476000.0,532169000.0,146484000.0,219817000.0,44902000.0,171370000.0,0.65,10090538000.0,4116000000.0,15838059000.0,5212295000.0,10625764000.0,3401205000.0,544660000.0,425464000.0,0.0,0.2042699154296528,116561725.70820272,11722059000.0,0.0099437927848855,0.0161277814941118,0.0108201390081953,0.4905336689201831,0.2203164096848819,0.060643947611154,0.0709466788326607,0.0846351629146733,,,39.59205928302138,39.59205928302138,False,89.69491532996182,89.69491532996182,77.16920131822671,517.0,True,True,True,True,True,True,True,True,True,True,True,False,True,False,False,False,False,12,False,0.5672995789370368,0.8486678021622345,1.0,9641845675.825,0.0241635687732342,2.0,3.0,,,,,,-0.070354440384849,-0.2147464043154676,0.1937079400425591,-1.898223824178097,0.1629032258064516,-1.898223824178097,0.2209974193304844,-517.0,0.4301075268817204,0.8279569892473119,0.1612903225806451,0.3897849462365591,0.4956989247311828,台虹
1110.0,1170.0,1070.0,1160.0,8463175.0,-0.0682730923694778,1161.0,0.1885245901639345,1114.45,0.2844579722983871,1069.7795399983725,1.5831876232227065,895.4539009094239,0.0049143372407574,58.064516129032256,10911913.05,0.7755903993388217,0.0408721791017989,8046.TW,2026-08-25,0.0746268644995207,-0.0104265258210529,neutral,0.1059479553903345,0.0483271375464684,2026-03-31,2026-05-15,11177241000.0,1771445000.0,1352237000.0,1598197000.0,289571000.0,1308626000.0,2.03,25923065000.0,8163676000.0,62161816000.0,15455246000.0,46706570000.0,9657576000.0,,,,0.1811860490289995,1107230520.6191726,53998140000.0,0.0205049751828335,0.0280180282988025,0.0210519267969906,0.3309008989527597,0.1584867857819295,0.1209812868846614,0.1170795189975773,0.3214942908705003,,,61.16068715346135,61.16068715346135,False,80.75774907925845,80.75774907925845,75.85848359780917,249.0,True,True,True,True,True,True,True,True,True,True,True,True,False,True,True,False,False,13,False,0.0843355631962869,0.2954324045290359,1.0,12657819138.0,0.0157992565055762,3.0,3.0,,,,,,-0.1414843300974056,-0.2657091202726879,0.2287476230461724,-1.6315380414587817,0.1876344086021505,-1.6315380414587817,0.2021420518391413,-249.0,0.7096774193548387,0.7526881720430108,0.1290322580645161,0.6225806451612904,0.6064516129032258,南電
95.0,95.0,92.8000030517578,94.0,10732519.0,0.0409744941660905,93.51999969482422,0.2020460827155181,89.99500007629395,0.0284463723273016,89.75968259175619,0.4506172156337589,86.63317476908365,0.0231355143487586,62.11180712888796,18713376.95,0.5735212318266266,0.0445024714740907,8112.TW,2026-08-25,0.0746268644995207,-0.0104265258210529,neutral,0.095724907063197,0.3094795539033457,2026-03-31,2026-05-15,110164542000.0,4238620000.0,3418168000.0,2892239000.0,712333000.0,2102790000.0,3.91,110827396000.0,76135974000.0,112891822000.0,92125380000.0,20766442000.0,14855353000.0,53437429000.0,11508327000.0,2798432000.0,0.2462911951605659,2576303318.0203986,36755848000.0,0.0700923379055327,0.101259040908404,0.0186265928102391,4.4362621194328815,0.0384753562539206,0.0310278419711489,0.0190877206206693,1.3784680054727554,,,52.60217451052254,52.60217451052254,False,76.86446197570805,76.86446197570805,70.79889010941167,328.0,True,True,True,True,True,True,True,True,True,True,True,True,False,True,False,False,False,13,False,0.0472407798892244,0.0850346908162174,1.0,1759057433.3,0.0827137546468401,1.0,3.0,,,,,,-0.0303828308626084,-0.1118050771180494,0.2120076828611185,-0.4828184785763978,0.4903225806451613,-0.4828184785763978,0.5502458898139173,-328.0,0.6021505376344086,0.6666666666666666,0.5591397849462365,0.5956989247311828,0.6129032258064516,至上
27.200000762939453,27.299999237060547,26.850000381469727,27.200000762939453,3530436.0,0.0036900509248001,27.01000061035156,0.0901803579638416,26.36000003814697,0.0254402132015458,26.785500335693364,-0.0939491071093878,27.146509647369385,0.0118030928603472,65.78948689299875,6061756.15,0.5824114188427061,0.0318664917897144,8422.TW,2026-08-25,0.0746268644995207,-0.0104265258210529,neutral,0.2574349442379182,0.3224907063197026,2026-03-31,2026-05-15,1113595000.0,536910000.0,382897000.0,344678000.0,88520000.0,280916000.0,0.21,6590198000.0,4146746000.0,24070396000.0,11611890000.0,12458506000.0,3053433000.0,465000000.0,6112052000.0,105411000.0,0.2568194082593029,284561619.0357377,19923650000.0,0.014282604795594,0.0225481289650621,0.0116706015139925,0.932045142491403,0.482141173406849,0.3438386487008293,0.25226047171548,-0.2378514926159688,,,54.19779984148874,54.19779984148874,False,56.54857289401414,56.54857289401414,55.96087963088279,311.0,True,False,True,True,True,False,True,True,True,True,True,True,False,True,False,False,False,11,False,0.0154748062216982,0.0019704601536223,1.0,164879771.90475294,0.2862453531598513,0.0,3.0,,,,,,-0.0442666632726257,-0.0978454078888694,0.1284285184475325,-1.716468641488312,0.2494623655913978,-1.716468641488312,0.3657858672252984,-311.0,0.6236559139784946,0.1290322580645161,0.3010752688172043,0.5752688172043011,0.410752688172043,可寧衛*
1120.0,1215.0,1120.0,1215.0,5247010.0,0.0340425531914894,1144.0,0.3410596026490067,1083.1,0.1626794258373205,1196.5333333333333,0.6309549256754947,1107.1229639689127,0.031376470028091,61.68831168831169,3213212.6,1.6329482835962985,0.1217800757086142,8996.TW,2026-08-25,0.0746268644995207,-0.0104265258210529,neutral,0.0353159851301115,0.1003717472118959,2026-03-31,2026-05-15,3422971000.0,993397000.0,708890000.0,760217000.0,154549000.0,605668000.0,6.54,6117858000.0,3808253000.0,8901358000.0,4255580000.0,4645778000.0,1874428000.0,690000000.0,245167000.0,0.0,0.2032959010387823,564775568.7126175,5093105000.0,0.1108902268287454,0.1303695527422963,0.0680422020999492,0.91601019248014,0.2902148455245458,0.2070978690733868,0.1769421943685763,2.3761538742261066,,,90.21884377245992,90.21884377245992,True,85.39186697103933,85.39186697103933,86.59861117139448,30.0,True,True,True,True,True,False,True,True,True,True,True,True,True,True,True,True,False,13,False,0.0154334744818365,0.0974390736547998,1.0,3904053309.0,0.045539033457249,3.0,1.0,,,,,,-0.0227380990499267,-0.1263930664489851,0.3096213765889147,-1.0189382753219518,0.582258064516129,-1.0189382753219518,0.5758420907235322,-30.0,0.946236559139785,0.956989247311828,0.5806451612903226,0.8913978494623656,0.8763440860215055,高力
21.5,21.549999237060547,21.39999961853028,21.39999961853028,123756.0,0.002341884597995,21.439999771118163,0.0338163685889363,21.16750001907349,0.0263788598080485,20.81341937383016,0.0464547100317209,20.946292988459277,0.0092978845782658,65.62497764829011,165788.6,0.746468695676301,0.0109838006022102,9905.TW,2026-08-25,0.0746268644995207,-0.0104265258210529,neutral,0.4544609665427509,0.3159851301115242,2026-03-31,2026-05-15,2262403000.0,227921000.0,110504000.0,146083000.0,37653000.0,108152000.0,0.35,9976288000.0,2845823000.0,12068826000.0,3342134000.0,8726692000.0,759126000.0,0.0,,,0.2577507307489577,82021513.24931718,9223003000.0,0.0088931461097125,0.0123932413336004,0.0089612693065588,0.3829783381835866,0.1007428826782849,0.0488436410312397,0.0478040384493832,0.1512060067798128,,,34.794291678762654,34.794291678762654,False,59.242995414124536,59.242995414124536,53.13081948028406,603.0,True,False,False,True,True,True,True,True,False,True,True,True,False,True,False,False,False,10,False,0.0281827908314602,0.0216604737802998,1.0,3547875.9767566686,0.7797397769516728,0.0,3.0,,,,,,-0.0042101996222337,-0.0178875156517421,0.1949580442382989,-1.186829053009941,0.5951612903225807,-1.186829053009941,0.5751948254135619,-603.0,0.3333333333333333,0.086021505376344,0.5698924731182796,0.3688172043010753,0.3064516129032258,大華
101.5,107.0,101.5,104.5,2561566.0,0.0919899247224267,103.7259216308594,0.2294117647058824,96.49786071777343,0.4971346050301972,83.72261975606283,0.3589076453377307,77.14547691345214,0.0485321488459371,66.75768249175988,4493632.4,0.570043513127598,0.0829255614860762,9921.TW,2026-08-25,0.0746268644995207,-0.0104265258210529,neutral,0.0817843866171003,0.0167286245353159,2026-03-31,2026-05-15,12523541000.0,2458803000.0,-191441000.0,-170563000.0,-23472000.0,-199773000.0,-0.51,48200680000.0,28731484000.0,72341005000.0,34909460000.0,37431545000.0,13787267000.0,9060327000.0,1863857000.0,,0.1376148402643011,-165095877.36496192,43609521000.0,-0.0037857759860504,-0.0053370225567766,-0.0027615458203822,0.9326214026164296,0.1963344871869705,-0.0152864912567459,-0.0159517982973026,-0.2568048701835493,,,14.870530982450036,14.870530982450036,False,82.64129125443279,82.64129125443279,65.6986011864371,958.0,True,True,True,True,True,True,True,True,True,True,True,True,False,True,False,False,False,13,False,0.2481692558650801,0.3545836279842602,1.0,469584585.8,0.1719330855018587,2.0,3.0,,,,,,0.0055342277711308,-0.0509648498459842,0.3979665391582923,-1.3794145670381703,0.7032258064516128,-1.3794145670381703,0.694162765642319,-958.0,0.1182795698924731,0.4731182795698925,0.7849462365591398,0.2182795698924731,0.3580645161290322,巨大
41.5,42.29999923706055,41.34999847412109,42.20000076293945,1656281.0,0.009569414669373,41.92000045776367,0.0792839490996437,39.4475004196167,0.0643127147270399,40.68000005086263,0.397350983339247,38.496249993642174,0.0129678449943309,75.57602795522074,2801661.35,0.5911781593446331,0.0697762928967222,9933.TW,2026-08-25,0.0746268644995207,-0.0104265258210529,neutral,0.2890334572490706,0.2193308550185873,2026-03-31,2026-05-15,17199079000.0,2244665000.0,1663896000.0,1662544000.0,521286000.0,892046000.0,1.0,85054850000.0,82656832000.0,140062416000.0,114248656000.0,25813760000.0,42421531000.0,1206000000.0,17821605000.0,10618678000.0,0.3135471903300003,1142186084.198674,57405584000.0,0.0198967766654664,0.0345569959587444,0.0063689176973785,4.425882010214707,0.1305107674660951,0.0967433198021824,0.0518659167737993,-0.2275882612996864,,,23.64577886729635,23.64577886729635,False,56.66041598179005,56.66041598179005,48.40675670316663,795.0,True,False,True,True,True,False,True,False,True,True,True,True,False,True,False,False,False,10,False,0.0373648158843744,0.0962106898700254,1.0,118230111.10749798,0.3159851301115242,1.0,3.0,,,,,,0.0334643834617296,0.0288926031449795,0.2881694555017663,-0.6090286631395073,0.8698924731182796,-0.6090286631395073,0.9229341352678536,-795.0,0.2150537634408602,0.043010752688172,0.978494623655914,0.3295698924731183,0.3161290322580645,中鼎
20.450000762939453,20.450000762939453,20.100000381469727,20.14999961853028,265423.0,-0.0170731893399864,20.339999771118165,0.0494791050958991,20.08749990463257,0.0661375674724591,19.28108116785685,0.1163435163563872,19.06137393315633,0.0124747906601964,55.81395967771976,407409.9,0.6514888322546899,0.003111373450874,9935.TW,2026-08-25,0.0746268644995207,-0.0104265258210529,neutral,0.3894052044609665,0.2137546468401487,2026-03-31,2026-05-15,1207014000.0,329361000.0,129050000.0,125078000.0,35715000.0,89363000.0,0.51,4101731000.0,3844659000.0,8361229000.0,5772111000.0,2589118000.0,430540000.0,854900000.0,1461115000.0,287107000.0,0.2855418219031324,92200827.88340075,4516570000.0,0.0204139043308087,0.0345148425062125,0.0106877828606297,2.22937347776347,0.2728725598874578,0.1069167383311212,0.0740364237697325,0.0157374361805349,,,40.70851081970746,40.70851081970746,False,62.47099179131764,62.47099179131764,57.0303715484151,498.0,True,False,True,True,True,True,True,True,False,True,True,True,False,True,False,False,False,11,False,0.0450658572052475,0.0571116063926711,1.0,8209309.329585459,0.6598513011152416,0.0,3.0,,,,,,0.0380965660551735,-0.0017526001563143,0.3095947861875601,-0.3078561360575782,0.9112903225806452,-0.3078561360575782,0.9328885665956596,-498.0,0.4623655913978494,0.1505376344086021,0.989247311827957,0.5413978494623656,0.4741935483870967,慶豐富
85.9000015258789,86.80000305175781,85.5,86.80000305175781,1724677.0,0.0308789334649721,85.74000091552735,0.0559611468892395,84.02500038146972,0.1793478920013571,82.66333338419597,0.2072322838618572,79.3300001780192,0.0111311718588415,73.19588358641433,1052856.65,1.6380928970719804,0.0330259167829776,9941.TW,2026-08-25,0.0746268644995207,-0.0104265258210529,neutral,0.3578066914498141,0.0892193308550185,2026-03-31,2026-05-15,9588907000.0,4187850000.0,1390166000.0,1382030000.0,301331000.0,1104074000.0,1.82,235100426000.0,237208150000.0,286724084000.0,244513555000.0,42210529000.0,7708912000.0,35439009000.0,3468847000.0,,0.2180350643618445,1087061066.716352,49515934000.0,0.0219537627365839,0.0261563649202311,0.0038506496719682,5.792714775026866,0.4367390360548913,0.1449764816782559,0.1151407558755132,-0.0112940820804001,,,41.17633903527033,41.17633903527033,False,69.47003490811174,69.47003490811174,62.396610939901386,492.0,True,False,True,True,True,True,True,False,False,True,True,True,True,True,False,False,False,11,False,0.0500423766887765,0.0941636563339931,1.0,91387960.43306348,0.345724907063197,1.0,3.0,,,,,,0.0112575840592572,-0.0114886705538728,0.2665913976588296,-0.9055109477417834,0.7440860215053763,-0.9055109477417834,0.7884510935092293,-492.0,0.4731182795698925,0.3333333333333333,0.8387096774193549,0.5279569892473118,0.5043010752688172,裕融
28.850000381469727,29.100000381469727,28.549999237060547,28.75,7633347.0,-0.031986556853052,29.35999984741211,0.1057692307692308,27.902500057220458,0.2130801297254561,26.634238974253336,0.0249554645981804,25.750036176045736,0.0289480940155505,68.79999731445386,9305467.8,0.8203077119884289,0.0303736203222488,9945.TW,2026-08-25,0.0746268644995207,-0.0104265258210529,neutral,0.2128252788104089,0.070631970260223,2026-03-31,2026-05-15,8802139000.0,2177505000.0,1558595000.0,3524918000.0,275592000.0,2706817000.0,0.99,56821154000.0,31229259000.0,206807304000.0,85163985000.0,121643319000.0,4687641000.0,7435539000.0,36077246000.0,,0.0781839464066965,1436737892.0502548,175578045000.0,0.0081829017520399,0.0222520811027854,0.0130885947819328,0.7001123094972441,0.247383618913539,0.1770700280920353,0.3075180930453381,0.2547092191019549,,,56.447152500431685,56.447152500431685,False,70.71391372330972,70.71391372330972,67.14722341759021,296.0,True,False,True,True,True,True,True,True,True,True,True,True,True,True,False,False,False,13,False,0.0794376376885375,0.1165032857990706,1.0,267532199.25000003,0.2267657992565055,0.0,3.0,,,,,,-0.0647303528651387,-0.121067938435255,0.1116274622002546,-1.8206007308409544,0.1768817204301075,-1.8206007308409544,0.1169575333358096,-296.0,0.6559139784946236,0.5913978494623656,0.043010752688172,0.5639784946236559,0.5139784946236559,潤泰新
61.70000076293945,63.70000076293945,60.59999847412109,61.79999923706055,96218.0,0.0369127654238905,62.70000076293945,0.0861159504354855,59.07999973297119,-0.0016155458215384,58.881729380289705,-0.2294264141064276,64.7500314394633,0.0177411331495434,65.4761864214544,64990.0,1.4805046930296968,0.0460392606022879,6796.TW,2026-08-25,0.0746268644995207,-0.0104265258210529,neutral,0.2657992565055762,0.4154275092936803,2026-03-31,2026-05-15,147416000.0,53869000.0,-19412000.0,-13466000.0,-767000.0,-12699000.0,-0.32,1134874000.0,439289000.0,1677327000.0,806242000.0,871085000.0,494297000.0,88000000.0,139353000.0,186074000.0,0.0569582652606564,-18306326.154760137,1238038000.0,-0.0147865624114608,-0.0145783706526917,-0.0075709745326939,0.9255606513715654,0.36542166386281,-0.1316817713138329,-0.0861439735171216,0.1029508589214101,,,29.05765183146441,29.05765183146441,False,69.50760492964618,69.50760492964618,59.395116655100736,696.0,True,False,True,True,True,True,True,True,True,True,True,True,True,True,False,False,False,13,False,0.0495615513926754,-0.0455603207723663,0.0,4016381.950416565,0.7630111524163569,1.0,3.0,,,,,,0.0266114297110487,-0.0481875814667377,0.3871583768346668,-1.4704977182109942,0.753225806451613,-1.4704977182109942,0.7026458670777799,-696.0,0.2580645161290322,0.2365591397849462,0.7956989247311828,0.3387096774193548,0.3591397849462365,晉弘
202.5,205.0,199.0,204.0,192537.0,0.0303030303030302,200.8,0.1208791208791209,196.325,0.0225563909774435,195.59869384765625,0.1791907514450867,192.1618469238281,0.0193448824524028,62.921348314606746,216451.95,0.8895138158838486,0.039093340124793,4771.TW,2026-08-25,0.0746268644995207,-0.0104265258210529,neutral,0.1756505576208178,0.3299256505576208,2026-03-31,2026-05-15,1030727000.0,422528000.0,298124000.0,310643000.0,69136000.0,214777000.0,3.66,2662213000.0,1036935000.0,7439213000.0,2725761000.0,4713452000.0,939697000.0,0.0,1180020000.0,,0.2225577270371455,231774200.18477803,6402278000.0,0.0362018331888709,0.0455668159981262,0.0288709302986754,0.5782939976900158,0.4099320188565934,0.2892366261871475,0.208374283394148,0.2716625438753415,,,87.83714193650803,87.83714193650803,False,72.60528889049353,72.60528889049353,76.41325215199716,44.0,True,False,True,True,True,True,True,True,True,True,True,True,True,True,True,False,False,13,False,0.0429517497641736,0.0616051170702185,1.0,44156197.8,0.4349442379182156,2.0,2.0,,,,,,-0.0308014003606448,-0.0849518500160563,0.2337085834880349,-1.4639870503182322,0.4440860215053763,-1.4639870503182322,0.5323168294884815,-44.0,0.9247311827956988,0.7849462365591398,0.5053763440860215,0.8618279569892473,0.7989247311827956,望隼
194.5,195.5,186.5,195.5,406239.0,0.0208877284595301,191.8,0.2452229299363058,177.425,0.0316622691292876,163.68914998372395,0.52734375,160.42374165852866,0.042143906020558,70.0,572605.1,0.7094575301547262,0.1018740312808228,6933.TW,2026-08-25,0.0746268644995207,-0.0104265258210529,neutral,0.0724907063197026,0.2992565055762082,2026-03-31,2026-05-15,1820470000.0,249043000.0,75692000.0,58930000.0,12357000.0,46573000.0,1.1,5046947000.0,2858081000.0,5403999000.0,3014996000.0,2389003000.0,1147835000.0,1110793000.0,,,0.2096894620736467,59820185.23672154,2545918000.0,0.0234965090143207,0.019494743204592,0.0086182473386838,1.2620310648416937,0.1368014853307113,0.041578273742495,0.0255829538525765,-0.0692122762723702,,,29.486569053500588,29.486569053500588,False,73.83336877773895,73.83336877773895,62.74666884667937,689.0,True,False,True,True,True,True,True,True,True,True,True,True,False,True,False,False,False,12,False,0.1943369491468376,0.2186475516581156,1.0,111944297.05,0.320631970260223,2.0,3.0,,,,,,-0.0280103096294552,-0.0760968595978439,0.2603338339010365,-1.6038885870270243,0.4790322580645161,-1.6038885870270243,0.4774257478832379,-689.0,0.2688172043010752,0.3763440860215054,0.4301075268817204,0.293010752688172,0.3333333333333333,AMAX-KY
2245.0,2350.0,2180.0,2350.0,375512.0,-0.0562248995983936,2336.0,0.2271540469973889,2300.75,0.0444444444444445,2176.4166666666665,0.9194388449068448,2048.5717051188158,0.033464345873105,45.52845528455285,385979.6,0.9728804320228324,0.0214060632402477,7750.TW,2026-08-25,0.0746268644995207,-0.0104265258210529,neutral,0.0827137546468401,0.2611524163568773,2026-03-31,2026-05-15,4864503000.0,2372306000.0,1254204000.0,1394597000.0,320524000.0,1074073000.0,15.38,17645635000.0,7514111000.0,20380748000.0,8960257000.0,11420491000.0,7911716000.0,36567000.0,117369000.0,,0.22983270435832,965946902.8629776,12866637000.0,0.0750737665843046,0.0940478828799917,0.0527003719392438,0.7845772130112444,0.487676952815118,0.2578277780895602,0.2207980959205904,0.4944778547366577,,,97.43609940205693,97.43609940205693,True,67.77361555502685,67.77361555502685,75.18923651678438,9.0,True,False,True,True,True,True,True,False,True,True,True,True,True,True,True,True,True,13,False,0.0797564804533446,0.1471407098555537,1.0,907052060.0,0.1198884758364312,3.0,0.0,,,,,,-0.0321076988133017,-0.1061930730867742,0.1952625045317879,-0.8205787799870362,0.4510752688172043,-0.8205787799870362,0.4272094274995447,-9.0,0.978494623655914,0.7311827956989247,0.3870967741935484,0.8897849462365591,0.7860215053763441,新代
85.30000305175781,85.30000305175781,84.19999694824219,84.69999694824219,248922.0,-0.0208092838353504,86.31999969482422,0.0574281967758998,84.78499984741211,0.1602739307978382,83.07596219380697,0.120370352616292,78.85798098246256,0.0042641379616477,58.79998779296874,464714.75,0.5356447153872349,-0.00100257002209,4590.TW,2026-08-25,0.0746268644995207,-0.0104265258210529,neutral,0.3513011152416357,0.1031598513011152,2026-03-31,2026-05-15,267545000.0,80743000.0,-23964000.0,81129000.0,16211000.0,,1.21,3151635000.0,1382797000.0,6125098000.0,2598258000.0,3526840000.0,2037662000.0,565000.0,505331000.0,,0.1998175744801489,-19175571.64515771,4742301000.0,-0.0040435163531706,,,0.7367099159587619,0.3017922218692183,-0.0895699788820572,,,,,35.37011980056409,35.37011980056409,False,69.43751225241054,69.43751225241054,60.92066413944893,596.0,True,False,True,True,False,True,True,True,False,True,True,True,False,True,False,False,False,10,False,0.0195487925935364,0.0740827484167878,1.0,39361337.90680313,0.4535315985130111,1.0,3.0,,,,,,-0.0056007278913685,-0.0455362878048853,0.2444971213065291,-1.6069150192737254,0.5435483870967742,-1.6069150192737254,0.5366151209324099,-596.0,0.3440860215053763,0.2688172043010752,0.5268817204301075,0.371505376344086,0.3580645161290322,富田-創
554.0,568.0,520.0,551.0,1600380.0,-0.0367132867132866,556.0,0.4891891891891893,476.25,0.3439024390243903,469.6666666666667,0.5362783371794533,427.59487330118816,0.0879497430039977,73.58490566037736,1380002.2,1.1596938033866904,0.1569553805774277,7795.TW,2026-08-25,0.0746268644995207,-0.0104265258210529,neutral,0.0157992565055762,0.0325278810408921,2026-03-31,2026-05-15,417748000.0,164583000.0,45923000.0,46458000.0,30360000.0,16098000.0,0.21,3862664000.0,1062319000.0,4174097000.0,1361173000.0,2812924000.0,2813974000.0,298396000.0,,,0.4,27553800.0,3111778000.0,0.008854680507414,0.0057228705787998,0.0038566425265153,0.4838996716583882,0.3939767515344178,0.1099299098978331,0.0385351934659172,,,,44.88151404428712,44.88151404428712,False,85.0436069736995,85.0436069736995,75.0030837413464,434.0,True,True,True,True,True,True,True,False,True,True,True,False,True,False,False,False,False,11,False,0.1731724627395314,0.288602914590812,1.0,760381212.1999999,0.129182156133829,3.0,3.0,,,,,,-0.0426857387497802,-0.1423830203603596,0.2890845111533949,-1.5081469247842645,0.4086021505376344,-1.5081469247842645,0.3515697648791917,-434.0,0.5161290322580645,0.7204301075268817,0.2795698924731182,0.4806451612903225,0.5301075268817204,長廣
