Open,High,Low,Close,Volume,ret5,ma5,ret20,ma20,ret60,ma60,ret120,ma120,ma20_slope,rsi14,volume_ma20,volume_ratio,ma20_deviation,symbol,date,benchmark_ret20,benchmark_ret60,market_regime,rs20_rank_pct,rs60_rank_pct,period_date,as_of_date,revenue,gross_profit,operating_income,pretax_income,tax_expense,net_income_parent,eps,current_assets,current_liabilities,assets,liabilities,equity,cash,short_borrowings,long_borrowings,bonds_payable,tax_rate,nopat,invested_capital_proxy,roic_proxy,roe,roa,debt_to_equity,gross_margin,operating_margin,net_margin,revenue_growth,pe,pb,eva_like_score,fundamental_score,fundamental_pass,technical_score,score,final_score,fundamental_rank,pass_market,pass_score,pass_rs20,pass_rs60,pass_close_ma20,pass_ma20_ma60,pass_ma20_slope,pass_rsi,pass_ret20_benchmark,pass_ret60_benchmark,pass_ret5_cap,pass_ret20_cap,pass_volume_ratio,pass_ma20_deviation,pass_fundamental_score,pass_fundamental_filter,pass_fundamental_universe,entry_pass_count,entry_all_pass,close_ma60_ratio,close_ma120_ratio,above_ma120,turnover20,liquidity_rank,price_bucket,eva_rank_bucket,forward_60d_return,forward_60d_max_drawdown,reward_60,fwd60_rank_label,top_quantile_60,reg_forward60,reg_reward60,cls_topq60,rank_forward60,ensemble_score,ranker_score,stable_ensemble_score,fundamental_rank_score,fundamental_score_rank,final_score_rank,stable_ml_rank,fund_ml_85_15,fund_final_ml,name
43.45000076293945,46.84999847412109,42.5,45.95000076293945,25742.0,0.0514874132887464,43.48000030517578,0.022246940668007475,44.059363555908206,0.0811764885397519,45.05812136332194,0.16476552279578915,43.829477373758955,-0.0040124897594006935,62.994654233061794,17873.0,1.4402730375426622,0.04291113294526294,1203.TW,2026-09-18,0.04968941110771308,0.0654704180397665,bull,0.30790697674418605,0.18976744186046512,2026-03-31,2026-05-15,1323768000.0,456272000.0,208493000.0,249342000.0,68578000.0,116595000.0,0.49,5022031000.0,1735171000.0,10736920000.0,3144376000.0,7592544000.0,2426460000.0,788000000.0,42900000.0,0.0,0.2750358944742562,151149941.2533789,9001749000.0,0.0167911748320664,0.015356512915829,0.0108592594524314,0.4141399773251232,0.3446767107227248,0.1574996525070858,0.0880781224504596,-0.1421895108456875,,,48.49143294825629,48.49143294825629,False,56.04719189494378,56.04719189494378,54.15825215827191,389.0,True,False,True,True,True,False,False,True,False,True,True,True,True,True,False,False,False,10,False,0.019793976593607487,0.048381215479655015,1.0,821264.3636360168,0.9116279069767442,1.0,3.0,,,,,,0.04567480954662355,0.01883295466585488,0.13960627859645494,-1.5743475616556906,0.5358407079646017,-1.5743475616556906,0.6737950241803313,-389.0,0.6106194690265486,0.07964601769911504,0.7256637168141593,0.6278761061946903,0.47433628318584065,味王
39.29999923706055,39.400001525878906,37.59999847412109,39.09999847412109,18989.0,0.039893618640234774,37.38999938964843,0.03713521705171652,37.70499954223633,0.08160433813897217,36.915833409627275,0.03166218733323256,38.89750000635783,0.007347042779241562,63.47305635428174,15673.7,1.211519934667628,0.036997717778039174,1235.TW,2026-09-18,0.04968941110771308,0.0654704180397665,bull,0.25116279069767444,0.18790697674418605,2026-03-31,2026-05-15,58970000.0,16835000.0,4050000.0,-121854000.0,4040000.0,-59140000.0,-0.54,945470000.0,2176614000.0,5279563000.0,2231482000.0,3048081000.0,89764000.0,415406000.0,0.0,,0.0,4050000.0,3102949000.0,0.001305209979281,-0.0194023715249037,-0.0112016846848877,0.732094061804788,0.2854841444802442,0.0686789893166016,,1.0749472202674175,,,38.1855562832601,38.1855562832601,False,74.86541073721891,74.86541073721891,65.69544712372921,557.0,True,False,True,True,True,True,True,True,False,True,True,True,True,True,False,False,False,12,False,0.05916607760842818,0.005205950709689766,1.0,612841.6460838317,0.933953488372093,1.0,3.0,,,,,,0.048391702622807974,-0.003868154686783547,0.18346735132838987,-1.5713848043107537,0.5499999999999999,-1.5713848043107537,0.5147485493230174,-557.0,0.46017699115044247,0.49557522123893805,0.504424778761062,0.4668141592920354,0.479646017699115,興泰
65.4000015258789,65.5999984741211,64.19999694824219,65.0,28879980.0,0.0061919742310698744,63.380000305175784,0.09427606616611506,63.93499946594238,0.2570249233731907,60.30833288828532,0.35993163692515884,54.38097674051921,0.019859628145083796,46.10390832842047,33721739.85,0.8564202241184183,0.016657551309200214,1301.TW,2026-09-18,0.04968941110771308,0.0654704180397665,bull,0.12744186046511627,0.06604651162790698,2026-03-31,2026-05-15,41985122000.0,1555468000.0,-1301844000.0,3378716000.0,110089000.0,3268627000.0,0.51,175217601000.0,95826345000.0,593528010000.0,203311522000.0,390216488000.0,10197694000.0,31910508000.0,18393084000.0,43127284000.0,0.0325830877765399,-1259425902.676638,497701665000.0,-0.0025304836034186,0.008376445128582,0.0055071149885579,0.521022376686451,0.0370480762209051,-0.0310072696704323,0.0778520305359598,-0.110526237291801,,,17.23451320303393,17.23451320303393,False,70.91371067111552,70.91371067111552,57.49391130409513,906.0,True,False,True,True,True,True,True,False,True,True,True,True,True,True,False,False,False,12,False,0.0777946742518234,0.19527091817695452,1.0,2191913090.25,0.06790697674418604,1.0,3.0,,,,,,0.005530561522737009,-0.07960090774983844,0.21826076262682706,-1.8198745088375583,0.3004424778761062,-1.8198745088375583,0.37199416837308397,-906.0,0.1504424778761062,0.1504424778761062,0.26548672566371684,0.1676991150442478,0.17345132743362832,台塑
240.5,245.0,234.0,238.0,81128882.0,0.014925373134328401,230.7,0.23958333333333326,225.925,0.6081081081081081,198.46684697469075,1.923832869024387,148.22509009043375,0.04329254213807435,47.486033519553075,90118493.75,0.9002467598389038,0.05344694035631292,1303.TW,2026-09-18,0.04968941110771308,0.0654704180397665,bull,0.037209302325581395,0.01674418604651163,2026-03-31,2026-05-15,68596393000.0,8188671000.0,3741833000.0,16080166000.0,1405348000.0,14254717000.0,1.8,193418745000.0,131197270000.0,647743623000.0,247168932000.0,400574691000.0,42831248000.0,24400300000.0,40333444000.0,51357530000.0,0.0873963614554725,3414810410.6259847,516546353000.0,0.0066108499088096,0.0355856655956329,0.0220067268805825,0.6170358176722652,0.1193746586646327,0.054548538725644,0.207805634911445,0.046448302712712,,,40.56631725411971,40.56631725411971,False,77.91902797542917,77.91902797542917,68.58085029510181,500.0,True,True,True,True,True,True,True,False,True,True,True,True,True,True,False,False,False,13,False,0.19919272980817126,0.6056660842964818,1.0,21448201512.5,0.005581395348837209,2.0,3.0,,,,,,-0.1330421499034366,-0.241164041935351,0.11432436081079393,-1.7385071912544874,0.07035398230088495,-1.7385071912544874,0.07169643392518049,-500.0,0.5398230088495575,0.6371681415929203,0.02654867256637168,0.46283185840707963,0.46637168141592916,南亞
67.30000305175781,68.4000015258789,66.5999984741211,68.19999694824219,88662.0,0.028657523514759475,66.68000030517578,0.06065309037925082,65.86015090942382,0.09999995077809976,64.4909553527832,0.12357812052417261,63.131883176167804,0.010468046430915682,77.49996185302734,46019.25,1.9266285304519304,0.035527492823943074,1315.TW,2026-09-18,0.04968941110771308,0.0654704180397665,bull,0.19441860465116279,0.17209302325581396,2026-03-31,2026-05-15,400564000.0,44047000.0,-40608000.0,22670000.0,8119000.0,13937000.0,0.15,7354156000.0,780905000.0,11315299000.0,994940000.0,10320359000.0,2244943000.0,109175000.0,,,0.3581385090427878,-26064711.42479048,10534394000.0,-0.0024742487726195,0.0013504375186948,0.001231695247293,0.0964055610856172,0.1099624529413526,-0.1013770583477297,0.0347934412478405,-0.2598363215400335,,,15.52001612125422,15.52001612125422,False,70.10383626063226,70.10383626063226,56.45788122578776,949.0,True,False,True,True,True,True,True,False,True,True,True,True,True,True,False,False,False,12,False,0.05751258568227913,0.08027819727683316,1.0,3138512.7095603943,0.7609302325581395,1.0,3.0,,,,,,0.014005206484280055,-0.006239656749993313,0.2574484719206206,-1.6227751473816212,0.5252212389380532,-1.6227751473816212,0.5540923539803366,-949.0,0.12389380530973451,0.10619469026548672,0.5752212389380531,0.1915929203539823,0.20884955752212392,達新
69.0999984741211,69.19999694824219,67.0999984741211,68.0999984741211,24334026.0,-0.029914509478816687,67.18000030517578,0.13311148424479224,67.36500053405761,0.2564575187365328,63.63000005086263,0.4157920077568753,56.31342528661092,0.03217651088356521,49.59348685775498,38980406.0,0.624263020759712,0.01091067964427439,1326.TW,2026-09-18,0.04968941110771308,0.0654704180397665,bull,0.09209302325581395,0.06697674418604652,2026-03-31,2026-05-15,81749811000.0,6327773000.0,3120431000.0,7294502000.0,759958000.0,6245039000.0,1.07,214839826000.0,114054227000.0,581165153000.0,170197763000.0,410967390000.0,16802058000.0,33492647000.0,26687136000.0,25800000000.0,0.1041823005874835,2795337319.595498,467110926000.0,0.0059843115714135,0.0151959477855408,0.0107457217070962,0.4141393384034679,0.0774041300230039,0.0381704980333226,0.0763920909859962,0.0359959953561419,,,29.94873186889634,29.94873186889634,False,71.47201400136395,71.47201400136395,61.09119346824704,683.0,True,False,True,True,True,True,True,False,True,True,True,True,False,True,False,False,False,11,False,0.07024985729507116,0.2093030769753681,1.0,2654565589.1206207,0.06046511627906977,1.0,3.0,,,,,,-0.003413760569859822,-0.05892286467704651,0.17940950154061053,-2.0493424762087065,0.22831858407079647,-2.0493424762087065,0.25047521036203063,-683.0,0.37168141592920356,0.2920353982300885,0.17699115044247787,0.3424778761061947,0.3088495575221239,台化
32.5,33.099998474121094,32.45000076293945,33.099998474121094,326811.0,0.03924640746248187,32.41999969482422,0.02318392690497273,32.06000013351441,0.09966770945618442,31.229955641428628,0.08169928305508378,30.341644477844238,0.003521399290291474,71.15382922470634,95060.8,3.4379155235386194,0.03243912464989385,1437.TW,2026-09-18,0.04968941110771308,0.0654704180397665,bull,0.3041860465116279,0.17302325581395347,2026-03-31,2026-05-15,173801000.0,106736000.0,81756000.0,164121000.0,25845000.0,138012000.0,0.68,2289494000.0,1297708000.0,13727130000.0,5454839000.0,8272291000.0,555767000.0,882000000.0,3400000000.0,,0.157475277386806,68881451.22196428,12429422000.0,0.0055418064671039,0.0166836490640863,0.0100539588391746,0.6594109177252105,0.6141276517396332,0.4704000552355855,0.7940805864177997,-0.0904852113118288,,,51.0413507613127,51.0413507613127,False,64.25209759679348,64.25209759679348,60.94941088792328,353.0,True,False,True,True,True,True,True,True,False,True,True,True,False,True,False,False,False,11,False,0.05987977870233441,0.09090983840019073,1.0,3146512.3349487307,0.76,1.0,3.0,,,,,,0.029377288078195906,-0.015776996687006915,0.11397172379296112,-1.7221862199547935,0.37964601769911505,-1.7221862199547935,0.4155647034789395,-353.0,0.6548672566371682,0.2831858407079646,0.37168141592920356,0.6123893805309735,0.4867256637168142,勤益控
15.850000381469728,15.899999618530272,15.600000381469728,15.600000381469728,169666.0,0.006451637514176101,15.500000190734863,0.06122452951579893,15.440000104904176,0.35652177230171556,14.141395950317383,0.3625480631831419,12.871940803527831,0.02167080603388688,52.083341611757575,151419.15,1.1205055635301084,0.010362712142387265,1459.TW,2026-09-18,0.04968941110771308,0.0654704180397665,bull,0.1925581395348837,0.03906976744186046,2026-03-31,2026-05-15,231160000.0,43640000.0,24305000.0,20991000.0,11327000.0,10929000.0,0.03,2303265000.0,1144782000.0,4781139000.0,1238615000.0,3542524000.0,1064701000.0,969808000.0,0.0,,0.4,14583000.0,3636357000.0,0.0040103323188564,0.0030850884849333,0.0022858569893073,0.3496419502027368,0.1887869873680567,0.1051436234642671,0.0472789409932514,-0.1821658664987316,,,27.476121095005883,27.476121095005883,False,70.20688579336525,70.20688579336525,59.524194618775404,722.0,True,False,True,True,True,True,True,True,True,True,True,True,True,True,False,False,False,13,False,0.10314430317041001,0.21193848072966692,1.0,2362138.797761822,0.8018604651162791,0.0,3.0,,,,,,0.038894724507312586,0.015417324936859158,0.2673153792182427,-1.3363901706642995,0.6964601769911505,-1.3363901706642995,0.750976525896293,-722.0,0.3274336283185841,0.22123893805309736,0.831858407079646,0.40309734513274337,0.39646017699115044,聯發
24.100000381469727,24.5,24.100000381469727,24.5,10034.0,0.022964476807517453,24.039999771118165,0.03375524098343208,24.112499809265138,0.15657603123903185,23.11479654312134,0.1645707657474984,22.38006633122762,0.004373626092764365,54.945051720466374,14451.9,0.694303171209322,0.016070510888546163,1470.TW,2026-09-18,0.04968941110771308,0.0654704180397665,bull,0.2567441860465116,0.11813953488372093,2026-03-31,2026-05-15,191305000.0,51630000.0,23476000.0,33194000.0,6523000.0,26671000.0,0.31,639175000.0,186883000.0,1180792000.0,196077000.0,984715000.0,246931000.0,25000000.0,,,0.196511417726095,18862697.95746219,993909000.0,0.0189782947507892,0.0270849941353589,0.0225873820283335,0.1991205577248239,0.2698831708528266,0.1227150361987402,0.1394161156268785,-0.1058090510512195,,,51.74217296976339,51.74217296976339,False,68.95567497663089,68.95567497663089,64.65229947491402,341.0,True,False,True,True,True,True,True,True,False,True,True,True,False,True,False,False,False,11,False,0.05992713170953157,0.09472419059877257,1.0,354071.55,0.9730232558139534,0.0,3.0,,,,,,0.10824878951542716,0.044569680974765956,0.21939144656075837,-1.1506083147190422,0.7756637168141594,-1.1506083147190422,0.7998629746989846,-341.0,0.6637168141592921,0.46017699115044247,0.8849557522123894,0.6969026548672567,0.6469026548672567,大統新創
109.0,111.0,109.0,111.0,139272.0,0.02304147465437789,109.3,0.1100000000000001,105.9,0.2333333333333334,96.93553415934245,0.19999999999999996,94.16860014597574,0.021806254668785136,75.86206896551724,139028.2,1.0017536010679846,0.048158640226628746,1558.TW,2026-09-18,0.04968941110771308,0.0654704180397665,bull,0.10976744186046512,0.07627906976744186,2026-03-31,2026-05-15,1926175000.0,466203000.0,115500000.0,190949000.0,37396000.0,79533000.0,1.23,7337752000.0,2436771000.0,13553818000.0,4826378000.0,8727440000.0,2321376000.0,528924000.0,448585000.0,1225737000.0,0.1958428690383296,92880148.62607291,11117047000.0,0.0083547500182443,0.0091129815845196,0.0058679406791503,0.5530118797723044,0.2420356405830207,0.0599633989642685,0.0412906407777071,-0.0577927547617254,,,30.82891502090822,30.82891502090822,False,73.82783336111893,73.82783336111893,63.07810377606626,666.0,True,False,True,True,True,True,True,False,True,True,True,True,True,True,False,False,False,12,False,0.14509092009064917,0.17873685950447404,1.0,15432130.200000001,0.5488372093023256,2.0,3.0,,,,,,0.02669072993053513,-0.00877563352186388,0.27652596773039784,-1.5442168305586021,0.5880530973451328,-1.5442168305586021,0.5983497241029807,-666.0,0.3893805309734513,0.37168141592920356,0.6194690265486725,0.4238938053097345,0.4300884955752212,伸興
855.0,896.0,813.0,896.0,6130894.0,0.13417721518987347,788.0,0.31958762886597936,730.05,0.27453769559032715,706.8030303955078,0.9955456570155903,660.1140151977539,0.02860162028883403,73.10195227765726,1459629.25,4.2003090853379375,0.2273131977261833,1560.TW,2026-09-18,0.04968941110771308,0.0654704180397665,bull,0.020465116279069766,0.06046511627906977,2026-03-31,2026-05-15,2293229000.0,802560000.0,444439000.0,531951000.0,89799000.0,436359000.0,2.94,5759371000.0,3216860000.0,13961884000.0,5383626000.0,8578258000.0,1772650000.0,642250000.0,940383000.0,555943000.0,0.1688106611323223,369412958.57701176,10745024000.0,0.0343799100473867,0.050868020057219,0.0312535901315323,0.6275896574805747,0.3499694099455396,0.193804892577235,0.1902814764683335,0.2944197621734146,,,86.28355650333096,86.28355650333096,False,82.87441860465117,82.87441860465117,83.72670307932111,54.0,True,True,True,True,True,True,True,False,True,True,False,True,False,False,True,False,False,10,False,0.2676799072276512,0.3573412764635522,1.0,1307827808.0,0.09674418604651162,3.0,2.0,,,,,,0.005309301586735378,-0.12866523695549184,0.3148491729625118,-0.896219918047293,0.5128318584070797,-0.896219918047293,0.4936338388115131,-54.0,0.9026548672566371,0.9646017699115044,0.49557522123893805,0.8415929203539823,0.8398230088495574,中砂
37.95000076293945,38.0,37.5,38.0,3184691.0,0.003963052362643271,37.49000015258789,0.025641046761188058,37.55999946594238,0.07648727539078215,37.45916639963786,0.19079759456177592,36.082856527964275,0.0030711700728016057,54.54548607197676,2982005.25,1.0679696154123135,0.011714604374704285,1609.TW,2026-09-18,0.04968941110771308,0.0654704180397665,bull,0.28930232558139535,0.19813953488372094,2026-03-31,2026-05-15,8341066000.0,1571949000.0,1174452000.0,812240000.0,208683000.0,518017000.0,0.66,27273354000.0,21118265000.0,64366592000.0,44130594000.0,20235998000.0,7223949000.0,12688199000.0,17013046000.0,3856138000.0,0.2569228306904363,872708467.6499557,43248327000.0,0.0201790110320326,0.0255987868747565,0.0080479171555331,2.180796519153639,0.188459005119969,0.1408035855369085,0.0621044120739483,0.1677023450738217,,,42.70370888004448,42.70370888004448,False,65.73839021121171,65.73839021121171,59.9797198784199,467.0,True,False,True,True,True,True,True,True,False,True,True,True,True,True,False,False,False,12,False,0.014437950769971453,0.05313169899810832,1.0,113316199.5,0.30604651162790697,1.0,3.0,,,,,,0.03708678853837866,-0.0030345572107525194,0.1765781719362597,-1.2642306533933503,0.5491150442477877,-1.2642306533933503,0.5372304564621724,-467.0,0.5752212389380531,0.25663716814159293,0.5486725663716814,0.5712389380530973,0.47433628318584076,大亞
41.84999847412109,42.0,38.70000076293945,39.20000076293945,48043169.0,0.08287292643019262,38.55,0.2126878265368355,35.583034706115725,0.8622328828365982,29.48214384714763,1.1479452472843534,24.397321923573816,0.05309736541439017,62.86353116273989,17772024.9,2.7033030434252883,0.1016486111062942,1709.TW,2026-09-18,0.04968941110771308,0.0654704180397665,bull,0.05023255813953489,0.0074418604651162795,2026-03-31,2026-05-15,2424471000.0,492933000.0,320616000.0,344786000.0,79982000.0,264726000.0,0.55,5694389000.0,2189161000.0,12130526000.0,3134319000.0,8996207000.0,600735000.0,285000000.0,20699000.0,,0.2319757762786192,246240854.51265424,9941365000.0,0.0247693203612033,0.0294264015934715,0.021823126218929,0.34840449980753,0.2033156923716555,0.1322416312671919,0.1091891798252072,-0.0753599255550004,,,52.52750676874495,52.52750676874495,False,89.70710415555514,89.70710415555514,80.4122048088526,329.0,True,True,True,True,True,True,True,True,True,True,True,True,True,True,False,False,False,14,False,0.32961839431266515,0.6067337589648563,1.0,696663389.638979,0.1413953488372093,1.0,3.0,,,,,,0.01943310276715542,-0.04879287548721945,0.2894038544856627,-1.2008117111466219,0.5628318584070796,-1.2008117111466219,0.546227347534006,-329.0,0.6814159292035398,0.911504424778761,0.5575221238938053,0.6628318584070796,0.7256637168141593,和益
16.649999618530273,16.700000762939453,16.049999237060547,16.350000381469727,5815576.0,0.02187502384185791,16.089999771118165,0.03154574056569426,15.987500047683715,0.15957446376788442,15.734166590372721,0.05144695697248447,14.612499952316284,0.013631317843274109,50.0,5313106.15,1.094571769472364,0.022673984844711947,1710.TW,2026-09-18,0.04968941110771308,0.0654704180397665,bull,0.26325581395348835,0.1144186046511628,2026-03-31,2026-05-15,5345825000.0,88577000.0,-176669000.0,-219291000.0,-8101000.0,-127331000.0,-0.15,7085020000.0,12457768000.0,36888664000.0,23663579000.0,13225085000.0,2362413000.0,9628981000.0,8250000000.0,,0.0369417805564295,-170142532.57087615,24430896000.0,-0.0069642362920654,-0.0096279910488287,-0.0034517650191939,1.7892950404477552,0.0165693789078392,-0.0330480328106513,-0.0238187744641846,-0.1284074295508901,,,6.405846346837272,6.405846346837272,False,66.91945728111197,66.91945728111197,51.7910545475433,1061.0,True,False,True,True,True,True,True,True,False,True,True,True,True,True,False,False,False,12,False,0.03913990534928091,0.11890507680569917,1.0,86869287.57928915,0.3330232558139535,0.0,3.0,,,,,,0.05142211553308936,0.0069636416697217264,0.23489418173923987,-1.6898754792446256,0.6331858407079646,-1.6898754792446256,0.6650851354611007,-1061.0,0.035398230088495575,0.017699115044247787,0.7079646017699115,0.13628318584070798,0.16460176991150444,東聯
83.0,89.0,82.9000015258789,87.5999984741211,4898777.0,0.061818163322679975,82.83999938964844,0.07352941313966888,81.97999954223633,0.2550142499157815,77.49166666666666,0.2714077871423335,72.70916639963785,0.005211202488233245,72.07792690339939,1644151.0,2.9795176963673047,0.06855329303813096,2006.TW,2026-09-18,0.04968941110771308,0.0654704180397665,bull,0.15813953488372093,0.06790697674418604,2026-03-31,2026-05-15,13602390000.0,2004381000.0,1390762000.0,1521134000.0,302993000.0,1211982000.0,1.66,28387625000.0,18568929000.0,51955456000.0,19405487000.0,32549969000.0,1294546000.0,5329132000.0,260000000.0,,0.1991888946010016,1113737654.5669217,33386527000.0,0.0333588951784928,0.0372345055075167,0.0233273287024946,0.596175283607797,0.1473550603974742,0.1022439438951537,0.089100665397772,-0.0619062729029651,,,52.210458028038886,52.210458028038886,False,74.27091395472797,74.27091395472797,68.7557999730557,335.0,True,False,True,True,True,True,True,False,True,True,True,True,True,True,False,False,False,12,False,0.13044411408694834,0.20479992842494488,1.0,144027625.09122467,0.2744186046511628,1.0,3.0,,,,,,0.051062443869079606,0.013914826318562798,0.2717191295778173,-1.3002470080032777,0.7464601769911503,-1.3002470080032777,0.6493343980909654,-335.0,0.672566371681416,0.6460176991150443,0.6814159292035398,0.6738938053097345,0.6663716814159292,東和鋼鐵
23.75,24.950000762939453,23.450000762939453,24.950000762939453,6036323.0,0.061702160125083116,23.310000610351562,0.11883415320816915,23.24250011444092,0.33066670735677084,20.1549999554952,0.5776817316477616,18.56305197874705,0.020863080809337464,66.4285840793566,2903568.5,2.0789325273366206,0.07346458599940542,2030.TW,2026-09-18,0.04968941110771308,0.0654704180397665,bull,0.10511627906976745,0.04372093023255814,2026-03-31,2026-05-15,2637279000.0,397354000.0,208556000.0,212139000.0,43592000.0,168547000.0,0.61,6688220000.0,4584464000.0,12076498000.0,7059382000.0,5017116000.0,1408221000.0,3147626000.0,2063078000.0,,0.2054879112280156,165700263.18592998,7492034000.0,0.0221168594784713,0.0335943996511143,0.0139566122563014,1.4070597530533475,0.1506681697309992,0.0790799911575529,0.0639094308944939,-0.0137930957114074,,,38.807934191914576,38.807934191914576,False,81.85267272273097,81.85267272273097,71.09148809002687,542.0,True,True,True,True,True,True,True,True,True,True,True,True,True,True,False,False,False,14,False,0.23790626732980513,0.34406781770071304,1.0,72444036.29024696,0.3516279069767442,0.0,3.0,,,,,,0.08091076927255539,0.03880832753101245,0.3026119659938752,-0.5835789511648949,0.8920353982300885,-0.5835789511648949,0.8682601151371795,-542.0,0.4778761061946903,0.7079646017699115,0.9557522123893806,0.5495575221238937,0.6424778761061948,彰源
21.0,21.450000762939453,20.899999618530277,21.450000762939453,2178455.0,0.05925929693528165,20.79000015258789,0.048899753676892255,20.632500171661377,0.07788950623726931,19.947992102305093,0.05925929693528165,20.22024601300558,0.008677582988628564,65.51723911136136,1164389.9,1.8708982274751784,0.03962198398044414,2034.TW,2026-09-18,0.04968941110771308,0.0654704180397665,bull,0.2213953488372093,0.19534883720930232,2026-03-31,2026-05-15,2833548000.0,238436000.0,35902000.0,-13678000.0,-15456000.0,1778000.0,0.0,10115642000.0,9094633000.0,22657796000.0,13057364000.0,9600432000.0,611722000.0,7049733000.0,1733334000.0,1869816000.0,0.4,21541200.0,13563163000.0,0.0015882136047469,0.0001851999993333,7.847188667423786e-05,1.3600808796937471,0.084147506941827,0.0126703341535064,0.0006274818707853,-0.2200071185015801,,,9.314478880448952,9.314478880448952,False,74.4996108058824,74.4996108058824,58.20332782452403,1040.0,True,False,True,True,True,True,True,True,False,True,True,True,True,True,False,False,False,12,False,0.07529623297077581,0.06081799148946554,1.0,24976164.243358992,0.48372093023255813,0.0,3.0,,,,,,0.06264333700993506,0.01083209160649603,0.3193221089243276,-1.4322508503555946,0.7946902654867257,-1.4322508503555946,0.7321860198314145,-1040.0,0.05309734513274336,0.17699115044247787,0.8141592920353983,0.1672566371681416,0.2424778761061947,允強
24.149999618530277,24.799999237060547,24.100000381469727,24.5,984154.0,-0.006085177316494383,23.809999847412108,0.20393118136298294,22.219999885559083,0.34246575342465757,19.951666736602782,0.3639880479276445,19.139076900482177,0.04490947215702869,67.1874919285396,1244587.0,0.7907474527694729,0.10261026670493822,2069.TW,2026-09-18,0.04968941110771308,0.0654704180397665,bull,0.053023255813953486,0.04186046511627907,2026-03-31,2026-05-15,2302863000.0,277674000.0,137979000.0,128564000.0,22373000.0,106191000.0,0.64,4252225000.0,3913450000.0,9681868000.0,5325210000.0,4356658000.0,267712000.0,2834868000.0,1356137000.0,,0.174022276842662,113967580.26352634,5768418000.0,0.019757163968271,0.0243744172712202,0.0109680280706161,1.2223153619127325,0.1205777330218949,0.0599162868134144,0.0461125998376803,-0.1384973197554728,,,30.045180578249248,30.045180578249248,False,84.0386552247086,84.0386552247086,70.54028656309377,681.0,True,True,True,True,True,True,True,True,True,True,True,True,False,True,False,False,False,13,False,0.22796758403411843,0.28010353515966924,1.0,30492381.5,0.4567441860465116,0.0,3.0,,,,,,0.08525249969728226,0.04922447072200677,0.3423874167016462,-1.1956266755558869,0.8960176991150441,-1.1956266755558869,0.8758176634394029,-681.0,0.3805309734513274,0.6991150442477876,0.9646017699115044,0.46814159292035395,0.5929203539823009,運錩
27.049999237060547,27.299999237060547,26.799999237060547,27.299999237060547,398264.0,0.02056071914245039,26.810000228881837,0.02056071914245039,26.829999923706055,0.0748031357112362,26.10166660944621,0.13487196768170118,25.300623830159505,0.006659786590641678,57.69231051383295,242613.45,1.6415577949202733,0.017517678519977098,2107.TW,2026-09-18,0.04968941110771308,0.0654704180397665,bull,0.3172093023255814,0.20372093023255813,2026-03-31,2026-05-15,327504000.0,108944000.0,61789000.0,88780000.0,18672000.0,70108000.0,0.23,11124237000.0,2061631000.0,15861263000.0,2536045000.0,13325218000.0,807947000.0,1085000000.0,220797000.0,,0.2103176391079071,48793683.39716153,13799632000.0,0.0035358684490399,0.0052613022916398,0.0044200767618568,0.1903192127888639,0.332649372221408,0.1886663979676584,0.2140676144413503,-0.1658159366690099,,,41.47495597513323,41.47495597513323,False,72.82897871989547,72.82897871989547,64.99047303370492,490.0,True,False,True,True,True,True,True,True,False,True,True,True,True,True,False,False,False,12,False,0.045910195909891094,0.07902474738657217,1.0,6623346.999900628,0.6623255813953488,0.0,3.0,,,,,,0.04114327340973218,0.013519043408713398,0.19101743349626285,-1.4961524865497955,0.5924778761061947,-1.4961524865497955,0.580413715801013,-490.0,0.5575221238938053,0.4690265486725664,0.5929203539823009,0.5628318584070796,0.5380530973451327,厚生
30.75,30.75,29.600000381469727,29.600000381469727,12531334.0,-0.013333320617675781,30.020000076293947,0.030061424985591723,30.042000102996827,0.10447765761639194,28.690195910135905,0.06666668041332358,28.027181339263915,0.014481581351665345,48.979594484726555,4857546.45,2.579766169811922,-0.014712726183733982,2201.TW,2026-09-18,0.04968941110771308,0.0654704180397665,bull,0.26790697674418606,0.1655813953488372,2026-03-31,2026-05-15,16975232000.0,5600166000.0,1529772000.0,1410701000.0,356383000.0,363664000.0,0.35,258394518000.0,257093889000.0,369722615000.0,273701167000.0,96021448000.0,11770568000.0,38309974000.0,7312596000.0,1700000000.0,0.2526283032336406,1143308295.3056672,112628726000.0,0.0101511251694853,0.0037873205161413,0.0009836130797679,2.850416992253648,0.3299021774783402,0.0901178846922386,0.0214232123602198,-0.0348376488341026,,,22.837441404461494,22.837441404461494,False,62.82325581395349,62.82325581395349,52.826802211580485,814.0,True,False,True,True,False,True,True,False,False,True,True,True,True,True,False,False,False,10,False,0.03171133700806816,0.0561176317792047,1.0,143783376.77300692,0.2762790697674419,0.0,3.0,,,,,,0.045156916542834824,-0.012163093854274283,0.21705766637502344,-1.1100526165094367,0.620353982300885,-1.1100526165094367,0.681549278012132,-814.0,0.2743362831858407,0.05309734513274336,0.7433628318584071,0.34469026548672566,0.3017699115044248,裕隆
527.0,541.0,527.0,537.0,650265.0,0.013207547169811429,531.4,0.03667953667953672,526.9,0.11642411642411643,507.85,0.12199479275627811,486.9801902770996,0.009386973180076585,64.28571428571428,263483.7,2.467951527931329,0.01916872271778325,2207.TW,2026-09-18,0.04968941110771308,0.0654704180397665,bull,0.25209302325581395,0.14976744186046512,2026-03-31,2026-05-15,71331231000.0,,,,1278339000.0,4429572000.0,7.95,371776395000.0,39724833000.0,525151865000.0,369092964000.0,116334068000.0,33821612000.0,111314642000.0,1403494000.0,,,,485427032000.0,,0.0380763096842792,0.0084348400819256,3.1726988520679944,,,0.0620986339069348,-0.0236719001813244,,,23.69838641660918,23.69838641660918,False,71.63962316483558,71.63962316483558,59.654313977778976,792.0,True,False,True,True,True,True,True,True,False,True,True,True,True,True,False,False,False,12,False,0.05739883823963754,0.10271425967951253,1.0,141490746.9,0.27813953488372095,3.0,3.0,,,,,,0.04635754231747614,-0.02654655328789851,0.2513126873378631,-0.709016113050078,0.677433628318584,-0.709016113050078,0.6771982559320928,-792.0,0.3008849557522124,0.23893805309734514,0.7345132743362832,0.36592920353982306,0.3690265486725664,和泰車
252.5,253.0,249.0,250.5,44422531.0,0.010080645161290258,248.8,0.020366598778004175,250.05,0.03806765562603687,247.99068756103514,0.3296897090346391,242.11526883443196,0.0006002400960384381,50.649350649350644,30002374.7,1.4806338312946943,0.00179964007198552,2317.TW,2026-09-18,0.04968941110771308,0.0654704180397665,bull,0.31813953488372093,0.28930232558139535,2026-03-31,2026-05-15,2119533391000.0,130980560000.0,75648689000.0,74031230000.0,17074953000.0,49919449000.0,3.56,4052387707000.0,2792211149000.0,5230479067000.0,3241680598000.0,1988798469000.0,986317310000.0,778365706000.0,25597034000.0,289268494000.0,0.2306452695706933,58200676732.92546,2438267918000.0,0.0238696807283855,0.0251003054246619,0.0095439535003496,1.6299693752429172,0.0617968844256816,0.0356911994504171,0.0235520936881527,0.289006464874042,,,39.93908373911616,39.93908373911616,False,62.378507747408065,62.378507747408065,56.76865174533509,511.0,True,False,True,True,True,True,True,True,False,False,True,True,True,True,False,False,False,11,False,0.010118575272497932,0.03463115401987249,1.0,7515594862.349999,0.02883720930232558,2.0,3.0,,,,,,0.03979721138248399,0.001969344399483586,0.24471173251369546,-1.594004525147646,0.6017699115044248,-1.594004525147646,0.4659757895349298,-511.0,0.5221238938053098,0.12389380530973451,0.45132743362831856,0.511504424778761,0.38849557522123895,鴻海
2460.0,2460.0,2435.0,2460.0,37087655.0,0.023751552976777557,2403.2029296875,0.020746887966804906,2414.2523193359375,0.05128205128205132,2397.417439778646,0.3857094586371057,2303.8024241129556,0.0020964341254418014,57.98323973249343,18176257.85,2.040445030328396,0.018949005577281852,2330.TW,2026-09-18,0.04968941110771308,0.0654704180397665,bull,0.31534883720930235,0.2558139534883721,2026-03-31,2026-05-15,1134103440000.0,751295421000.0,658966142000.0,687799687000.0,114998383000.0,572479752000.0,22.08,4265512176000.0,1714253448000.0,8660949685000.0,2728560764000.0,5932388921000.0,3035637228000.0,,40991672000.0,860026070000.0,0.167197492487373,548788655423.5218,6946696237000.0,0.0789999500050863,0.096500711538565,0.0660989582922395,0.4599430010971123,0.6624575805889452,0.5810458894296273,0.5047861877572649,0.351323787607557,,,99.15374073493592,99.15374073493592,True,68.70093873909674,68.70093873909674,76.31413923805654,5.0,True,False,True,True,True,True,True,True,False,False,True,True,True,True,True,True,True,12,False,0.026104156574055848,0.06779990083011822,1.0,44713594311.0,0.0009302325581395349,3.0,0.0,,,,,,-0.0031207923194130805,-0.13644199753975805,0.13449800174737897,-1.4103775227072832,0.23584070796460177,-1.4103775227072832,0.2580933511351512,-5.0,1.0,0.8407079646017699,0.18584070796460178,0.8778761061946903,0.7893805309734514,台積電
49.09999847412109,50.400001525878906,48.400001525878906,50.0,23134512.0,0.04712041884816753,48.71999969482422,0.30718954248366015,42.23249988555908,0.05263157894736836,42.65000025431315,0.098901098901099,46.21833353042602,0.06533391596496903,74.17218141516983,14409375.4,1.605518029601755,0.18392233790301704,2338.TW,2026-09-18,0.04968941110771308,0.0654704180397665,bull,0.022325581395348838,0.25116279069767444,2026-03-31,2026-05-15,1538711000.0,270082000.0,14240000.0,168706000.0,10354000.0,149507000.0,0.52,6285382000.0,8085052000.0,18260890000.0,12071970000.0,6188920000.0,1362483000.0,4518603000.0,1504697000.0,1997138000.0,0.0613730394888148,13366047.917679276,10175838000.0,0.0013135083240986,0.024157203518546,0.0081872789332831,1.9505778067901995,0.1755248386474133,0.009254499382925,0.0971637948906584,-0.0548208582904831,,,18.930286339807303,18.930286339807303,False,73.00517921068305,73.00517921068305,59.48645599296412,876.0,True,False,True,True,True,False,True,False,True,False,True,True,True,False,False,False,False,9,False,0.1723329355653065,0.08182178327750544,1.0,720468770.0,0.1386046511627907,1.0,3.0,,,,,,0.023817057361092825,-0.019670475362624857,0.2731786721229678,-1.4378941801304561,0.5831858407079645,-1.4378941801304561,0.5871359477873137,-876.0,0.21238938053097345,0.21238938053097345,0.6017699115044248,0.27079646017699116,0.2902654867256637,光罩
241.0,243.0,235.5,241.5,4351134.0,0.03205128205128216,244.8,0.319672131147541,232.025,0.2290076335877862,196.58692626953126,1.4871267126164178,182.99346313476562,0.07568382012053787,54.205607476635514,7466784.75,0.582731944964665,0.04083611679775889,2351.TW,2026-09-18,0.04968941110771308,0.0654704180397665,bull,0.01953488372093023,0.07906976744186046,2026-03-31,2026-05-15,2805040000.0,536428000.0,271819000.0,291916000.0,59272000.0,221741000.0,1.22,7664285000.0,3511531000.0,13387353000.0,5808485000.0,7578868000.0,1087862000.0,1177901000.0,596426000.0,1147119000.0,0.2030447114923471,216627589.5668617,9875822000.0,0.0219351452027853,0.0292577994497331,0.0165634685213723,0.7664053523560511,0.1912372016085332,0.0969037874682714,0.0790509226249893,0.1104464802119675,,,50.10730286570861,50.10730286570861,False,78.29089400951162,78.29089400951162,71.24499622356086,364.0,True,True,True,True,True,True,True,True,True,True,True,True,False,True,False,False,False,13,False,0.2284641943528356,0.3197192722788531,1.0,1803228517.125,0.07534883720930233,2.0,3.0,,,,,,0.005719351506270597,-0.0999976904563226,0.3126760769298747,-1.280257271176105,0.4907079646017699,-1.280257271176105,0.4780594191967255,-364.0,0.6371681415929203,0.7168141592920354,0.46017699115044247,0.6106194690265487,0.6256637168141592,順德
67.5,67.5,64.80000305175781,65.69999694824219,14119938.0,0.0,65.2999984741211,0.09136206172091388,64.44499950408935,0.23027414771053079,59.76828784942627,0.31404765981186444,57.38638712565104,0.018732207796835376,54.16666401757303,13296675.0,1.0619149524223161,0.0194739305424807,2354.TW,2026-09-18,0.04968941110771308,0.0654704180397665,bull,0.13116279069767442,0.07720930232558139,2026-03-31,2026-05-15,25274831000.0,1224398000.0,373042000.0,939869000.0,285306000.0,663384000.0,0.47,119608118000.0,42954189000.0,150753789000.0,44332160000.0,106421629000.0,18348663000.0,13096824000.0,,,0.3035593258209388,259801621.9771053,107799600000.0,0.0024100425416894,0.0062335448746043,0.0044004466116602,0.4165709585219749,0.0484433704027536,0.0147594260867659,0.0262468223823138,-0.1575198993297046,,,17.738249987351253,17.738249987351253,False,73.68107366695962,73.68107366695962,59.69536774705753,895.0,True,False,True,True,True,True,True,True,True,True,True,True,True,True,False,False,False,13,False,0.09924508986704828,0.14487076533303944,1.0,873591506.9217682,0.12,1.0,3.0,,,,,,-0.022833560879145138,-0.05739938883451586,0.1767446177595175,-1.8444999913107123,0.23097345132743363,-1.8444999913107123,0.26344251759896103,-895.0,0.17699115044247787,0.24778761061946902,0.19469026548672566,0.17964601769911503,0.20176991150442478,鴻準
29.850000381469727,29.850000381469727,28.899999618530277,29.200000762939453,22909354.0,0.06375227509511383,28.58000030517578,0.057971027512881745,28.16750011444092,0.11450381345956195,27.045833396911625,-0.07740912749194517,28.522916634877525,0.011763651456441822,59.34960938105734,10315631.45,2.2208387446800457,0.03665574311897113,2371.TW,2026-09-18,0.04968941110771308,0.0654704180397665,bull,0.20093023255813955,0.1516279069767442,2026-03-31,2026-05-15,11487899000.0,1888219000.0,433191000.0,12977000.0,90847000.0,-98534000.0,-0.05,70419825000.0,36312240000.0,142850022000.0,88657309000.0,54192713000.0,20529203000.0,3847451000.0,30592004000.0,,0.4,259914600.0,106537782000.0,0.0024396471854463,-0.0018182149323286,-0.0006897723823941,1.635963658065984,0.1643659123395844,0.0377084617474439,-0.0085771993643049,0.0894207195266061,,,18.886065333418628,18.886065333418628,False,76.40227325437073,76.40227325437073,62.0232212741327,877.0,True,True,True,True,True,True,True,True,True,True,True,True,True,True,False,False,False,14,False,0.07964877008647897,0.023738250079025747,1.0,301216446.2102022,0.20372093023255813,0.0,3.0,,,,,,-0.036336817161096165,-0.09243834528724866,0.15761994420251663,-1.968830396905155,0.15176991150442476,-1.968830396905155,0.22614442177887217,-877.0,0.20353982300884957,0.336283185840708,0.1415929203539823,0.19424778761061948,0.23097345132743363,大同
360.0,367.5,356.0,356.0,6584947.0,0.02005730659025784,349.6,0.048600883652430094,352.175,0.11424100156494532,343.96996053059894,0.5614035087719298,327.30164693196616,0.001421767256700078,48.507462686567166,4757478.8,1.3841253480730171,0.010861077589266577,2376.TW,2026-09-18,0.04968941110771308,0.0654704180397665,bull,0.22325581395348837,0.15348837209302327,2026-03-31,2026-05-15,105057330000.0,12614630000.0,7413710000.0,7054503000.0,1410189000.0,5268403000.0,7.86,234087870000.0,170374747000.0,247826770000.0,180781022000.0,67045748000.0,63311111000.0,69227536000.0,,9540960000.0,0.199899128258929,5931715833.835495,77452023000.0,0.0765856798063944,0.0785792262322138,0.0212584096544533,2.6963831024750444,0.1200737730532462,0.0705682316502808,0.0501478859209538,0.5978925716183887,,,59.16561347732097,59.16561347732097,False,68.57125064545046,68.57125064545046,66.21984135341809,274.0,True,False,True,True,True,True,True,False,False,True,True,True,True,True,False,False,False,11,False,0.03497409904877702,0.08768166410723599,1.0,1693662452.8,0.07720930232558139,2.0,3.0,,,,,,0.09722365581153548,0.07102664950472669,0.42739264998680737,0.4206022786479991,0.9849557522123894,0.4206022786479991,0.9819101776958465,-274.0,0.6991150442477876,0.5309734513274337,1.0,0.7442477876106195,0.7088495575221239,技嘉
155.5,155.5,153.0,155.0,7099902.0,0.04026845637583887,152.0,0.09540636042402828,151.275,0.17870722433460084,147.8698750813802,0.7553793277803784,130.64660409291585,0.015857859801272203,50.0,9448275.4,0.7514495185015457,0.024624029086101507,2377.TW,2026-09-18,0.04968941110771308,0.0654704180397665,bull,0.12558139534883722,0.1013953488372093,2026-03-31,2026-05-15,56256838000.0,8440506000.0,3876357000.0,4133431000.0,716617000.0,3416814000.0,4.04,106512512000.0,56814984000.0,119099762000.0,64185562000.0,54914200000.0,25875075000.0,0.0,6305082000.0,,0.1733709840565864,3204309172.355363,62284778000.0,0.0514461040923251,0.0622209555998266,0.0286886719387398,1.1688335985956273,0.1500352010541367,0.0689046369794192,0.0607359766647389,0.0507372103469625,,,60.05362798212559,60.05362798212559,False,70.74967684244643,70.74967684244643,68.07566462736622,262.0,True,False,True,True,True,True,True,True,True,True,True,True,False,True,True,False,False,12,False,0.048218914871577034,0.18640665079793428,1.0,1464482687.0,0.08651162790697674,2.0,3.0,,,,,,0.03463407815565626,-0.026382494827504085,0.2547567608013142,-0.9783177606331761,0.622566371681416,-0.9783177606331761,0.6492796847722644,-262.0,0.7079646017699115,0.6106194690265486,0.672566371681416,0.7026548672566371,0.6716814159292036,微星
695.0,697.0,682.0,690.0,3361559.0,0.023738872403560762,685.2,0.06317411402157158,678.7,0.5148188803512623,611.8111302693685,1.1461897356143078,521.9138984680176,0.004216912036694566,52.83842794759825,2864656.25,1.1734598173864665,0.016649476941211105,2395.TW,2026-09-18,0.04968941110771308,0.0654704180397665,bull,0.18790697674418605,0.023255813953488372,2026-03-31,2026-05-15,20385264000.0,7979823000.0,3728486000.0,4068287000.0,750007000.0,3334165000.0,3.85,49300373000.0,29811036000.0,83769137000.0,34044129000.0,49725008000.0,10001958000.0,,43915000.0,,0.184354496130681,3041122842.1397014,53958101000.0,0.0563608204473263,0.0670520756879516,0.0398018305954375,0.6846480346468723,0.3914505595806853,0.182901040673302,0.1635576071028562,0.1748587968840969,,,87.43653384699755,87.43653384699755,False,72.54593684726787,72.54593684726787,76.26858609720028,49.0,True,False,True,True,True,True,True,True,True,True,True,True,True,True,True,False,False,13,False,0.12779903120789338,0.3220571477888754,1.0,1976612812.5,0.07069767441860465,3.0,2.0,,,,,,-0.0048025415482758245,-0.10622513868761864,0.3174284223515654,-0.8578082054810962,0.5088495575221239,-0.8578082054810962,0.5288363314859235,-49.0,0.9203539823008849,0.831858407079646,0.5221238938053098,0.8606194690265487,0.8141592920353982,研華
30.75,30.799999237060547,29.5,30.350000381469727,347503953.0,0.004966874660293108,29.270000076293947,0.1855468722351361,27.84250001907349,0.08586760475915889,27.171955649058027,1.122377620745337,24.2547278324763,0.028062403348369788,67.12962832143478,283707505.2,1.2248669726062644,0.0900601727818433,2409.TW,2026-09-18,0.04968941110771308,0.0654704180397665,bull,0.06511627906976744,0.1841860465116279,2026-03-31,2026-05-15,69031355000.0,8183487000.0,-635608000.0,-501422000.0,538028000.0,-1143537000.0,-0.15,139726713000.0,124948160000.0,376390658000.0,214627241000.0,161763417000.0,53064131000.0,12198589000.0,72270609000.0,,0.0,-635608000.0,251442498000.0,-0.0025278463468017,-0.0070691941429501,-0.0030381652033457,1.3267971521645094,0.118547390529999,-0.0092075260582672,-0.0165654723132698,-0.0425858019689946,,,11.660468541521832,11.660468541521832,False,81.01006816706123,81.01006816706123,63.67266826067638,1016.0,True,True,True,True,True,True,True,True,True,True,True,True,True,True,False,False,False,14,False,0.11696047106281338,0.2513024508496877,1.0,8610522891.045824,0.021395348837209303,1.0,3.0,,,,,,-0.12674385677194844,-0.2286179009521959,0.17808010330582258,-1.8736902004987117,0.10309734513274336,-1.8736902004987117,0.1846458489785185,-1016.0,0.08849557522123894,0.4336283185840708,0.09734513274336283,0.08982300884955752,0.19380530973451326,友達
53.70000076293945,55.0,52.400001525878906,53.09999847412109,9381678.0,0.05776887783082629,51.599999237060544,0.2263279309407633,46.89999980926514,0.11671922872997365,44.35992946624755,0.015296352748197517,47.372464656829834,0.045772193522906054,70.97458294910207,4890405.5,1.9183844775244099,0.13219613411663866,2413.TW,2026-09-18,0.04968941110771308,0.0654704180397665,bull,0.045581395348837206,0.14883720930232558,2026-03-31,2026-05-15,831399000.0,129516000.0,16288000.0,80206000.0,15195000.0,65063000.0,0.51,2884546000.0,1228472000.0,4310571000.0,2236173000.0,2074398000.0,830840000.0,100000000.0,989591000.0,,0.1894496671071989,13202243.822157942,3082099000.0,0.0042835236058796,0.0313647622105304,0.0150938239968672,1.0779864808971085,0.155780798389221,0.0195910748028323,0.0782572507303954,0.0187764374886652,,,31.00638209532873,31.00638209532873,False,82.25842392760667,82.25842392760667,69.44541346953719,662.0,True,True,True,True,True,True,True,True,True,True,True,True,True,True,False,False,False,14,False,0.1970262151684361,0.12090428181818269,1.0,259680524.58783337,0.2186046511627907,1.0,3.0,,,,,,0.013487739304036262,-0.041718973336199526,0.2237919643724923,-1.0272486551068414,0.48938053097345136,-1.0272486551068414,0.46144465612760194,-662.0,0.39823008849557523,0.6637168141592921,0.4336283185840708,0.4035398230088495,0.4849557522123894,環科
28.25,28.25,27.350000381469727,27.899999618530277,1337099.0,0.031423305192007644,27.3,0.1318458438253629,26.435000133514404,0.037174721716766834,25.96166671117147,-0.1959654465388878,28.706666707992554,0.02710053562165964,70.588243543901,1606362.7,0.8323767726927425,0.05541893238572526,2419.TW,2026-09-18,0.04968941110771308,0.0654704180397665,bull,0.09395348837209302,0.29023255813953486,2026-03-31,2026-05-15,2075187000.0,397627000.0,27589000.0,60834000.0,19669000.0,22312000.0,0.07,8947701000.0,4731856000.0,11091746000.0,5114260000.0,5977486000.0,3560478000.0,1442576000.0,240000000.0,,0.3233224841371601,18668855.985139888,6359890000.0,0.0029354054842363,0.0037326728996103,0.0020115859126236,0.8555871147167889,0.1916102018757827,0.013294705489192,0.010751802126748,0.0946360808069299,,,24.70938632289472,24.70938632289472,False,69.54382576082594,69.54382576082594,58.33521590134313,771.0,True,False,True,True,True,True,True,True,True,False,True,True,True,True,False,False,False,12,False,0.07466134316117423,-0.028100339815408937,0.0,44817518.71722127,0.4,0.0,3.0,,,,,,-0.009102988961665205,-0.0717086378010517,0.17109421870276895,-2.0738300076516394,0.19955752212389383,-2.0738300076516394,0.39852927226971235,-771.0,0.30973451327433627,0.18584070796460178,0.3008849557522124,0.30840707964601766,0.27079646017699116,仲琦
98.1999969482422,102.0,96.5,102.0,51110688.0,0.05046345626035054,96.38000183105468,0.2408759584775293,97.32000045776367,0.31443301553692793,76.23749980926513,1.9177927746057075,70.39489285151164,0.06372281890075965,52.99145094788168,58103834.35,0.8796439782635447,0.04808877435494274,2426.TW,2026-09-18,0.04968941110771308,0.0654704180397665,bull,0.03627906976744186,0.04930232558139535,2026-03-31,2026-05-15,545147000.0,107038000.0,16725000.0,17730000.0,1096000.0,16634000.0,0.06,2649632000.0,798477000.0,4627612000.0,866690000.0,3760922000.0,615916000.0,52733000.0,0.0,,0.0618161308516638,15691125.211505923,3829135000.0,0.0040978250209266,0.004422851630531,0.0035945105164391,0.2304461512363191,0.1963470403395781,0.0306797982929375,0.0305128708403421,-0.0985551006369594,,,23.08242867683808,23.08242867683808,False,77.78807979466673,77.78807979466673,64.11166701520958,805.0,True,True,True,True,True,True,True,True,True,True,True,True,True,True,False,False,False,14,False,0.3379242532243163,0.44896875140011927,1.0,5926591103.7,0.035348837209302326,2.0,3.0,,,,,,-0.10433331509113812,-0.18717824662226917,0.15516913022749426,-1.8786742510020418,0.09601769911504425,-1.8786742510020418,0.10327019865182166,-805.0,0.2831858407079646,0.45132743362831856,0.061946902654867256,0.25,0.2893805309734513,鼎元
23.5,24.0,23.350000381469727,23.799999237060547,1481637.0,0.06249998403446977,23.57999954223633,0.06726457629232274,22.624999904632567,0.09425283848554233,23.03149309158325,0.032537962031431444,22.488663228352866,0.014573982415930649,63.30272596542354,969288.55,1.528581968702715,0.05193367237042046,2427.TW,2026-09-18,0.04968941110771308,0.0654704180397665,bull,0.17302325581395347,0.1786046511627907,2026-03-31,2026-05-15,1890793000.0,357573000.0,67436000.0,69774000.0,14029000.0,55745000.0,0.28,4940961000.0,2339035000.0,7300949000.0,3856451000.0,3444498000.0,346523000.0,200000000.0,804109000.0,439525000.0,0.2010634333705964,53877086.30722045,4961914000.0,0.0108581257771135,0.0161837806263786,0.0076353087797216,1.1195973985178682,0.1891127161989705,0.0356654588841824,0.0294823388916713,0.7052790975371306,,,39.51920272248769,39.51920272248769,False,71.51825741054313,71.51825741054313,63.51849373852927,519.0,True,False,True,True,True,False,True,True,True,True,True,True,True,True,False,False,False,12,False,0.03336762156154527,0.05831098075471197,1.0,23069066.750491526,0.4930232558139535,0.0,3.0,,,,,,0.03557383118905336,-0.0367386949319278,0.20236940106931237,-1.5692512995283145,0.4508849557522123,-1.5692512995283145,0.3740442708394858,-519.0,0.504424778761062,0.415929203539823,0.2743362831858407,0.46991150442477875,0.431858407079646,三商電
4600.0,4735.0,4545.0,4710.0,9902031.0,0.0272628135223556,4546.0,0.24274406332453835,4334.75,0.2211705619059725,4009.7598958333333,2.119205298013245,3644.0629069010415,0.041569051480747285,72.11267605633803,7157787.9,1.3833926260933214,0.08656785281734813,2454.TW,2026-09-18,0.04968941110771308,0.0654704180397665,bull,0.035348837209302326,0.08186046511627906,2026-03-31,2026-05-15,149150510000.0,69055353000.0,22890845000.0,27019390000.0,2643006000.0,24153980000.0,15.17,378185472000.0,309807293000.0,738776057000.0,340329102000.0,398446955000.0,184514674000.0,16440000000.0,120000000.0,,0.0978188626760263,20651688576.4068,428968764000.0,0.0481426395335553,0.0606203151935243,0.0326945896136425,0.8541390459364911,0.4629910618475257,0.1534748020640358,0.1619436634846237,-0.0271454326245333,,,78.23114789730103,78.23114789730103,False,82.30194954137063,82.30194954137063,81.28424913035323,95.0,True,True,True,True,True,True,True,False,True,True,True,True,True,True,True,False,False,13,False,0.17463392381531584,0.2925133622365057,1.0,33713181009.0,0.0027906976744186047,3.0,2.0,,,,,,0.005605421358272802,-0.05185011329708738,0.3080352683496681,0.4330568365381117,0.6000000000000001,0.4330568365381117,0.7016315308387775,-95.0,0.8761061946902655,0.9380530973451328,0.7522123893805309,0.8575221238938053,0.8699115044247787,聯發科
545.0,563.0,520.0,556.0,19997532.0,0.07961165048543695,532.0,0.36945812807881784,497.35,0.5977011494252873,394.69166666666666,1.046712522114012,374.90552673339846,0.06544558697514997,66.12244897959184,11947159.0,1.6738315778671733,0.1179250025133205,2455.TW,2026-09-18,0.04968941110771308,0.0654704180397665,bull,0.013023255813953489,0.017674418604651163,2026-03-31,2026-05-15,959310000.0,365431000.0,226651000.0,243595000.0,48510000.0,,1.06,2782788000.0,774487000.0,5394173000.0,1726948000.0,3667225000.0,1457261000.0,,0.0,948373000.0,0.1991420185143373,181515262.3617069,4619686000.0,0.0392916883012626,,,0.4709141108058545,0.3809310858846462,0.2362646068528421,,0.208712010009286,,,89.86861910837597,89.86861910837597,False,92.68765227702445,92.68765227702445,91.98289398486234,35.0,True,True,True,True,True,True,True,True,True,True,True,True,True,True,True,False,False,14,False,0.4086945505985684,0.48304028709446256,1.0,6642620404.0,0.030697674418604652,3.0,2.0,,,,,,0.03933775556817894,-0.022353834724101743,0.29042478149161893,-1.6774824960290202,0.5920353982300885,-1.6774824960290202,0.6126227650128329,-35.0,0.9557522123893806,1.0,0.6460176991150443,0.9092920353982301,0.9070796460176991,全新
183.5,197.0,179.0,197.0,23660393.0,0.04509283819628651,182.2,0.1005586592178771,192.87906875610352,0.26688102893890675,173.26802291870118,1.7746478873239435,149.7931781133016,0.0015578016964032252,57.071081345503465,15945906.6,1.4837910188185852,0.021365362610223926,2464.TW,2026-09-18,0.04968941110771308,0.0654704180397665,bull,0.11906976744186047,0.062325581395348835,2026-03-31,2026-05-15,1864911000.0,348125000.0,41838000.0,53528000.0,4046000.0,49169000.0,0.24,7398797000.0,5883475000.0,11317462000.0,6229196000.0,5088266000.0,1831434000.0,460111000.0,103169000.0,0.0,0.0755866088775967,38675607.45777911,5433987000.0,0.0071173536958736,0.00966321336188,0.0043445253008139,1.2242276641983734,0.1866711065568276,0.0224343145597832,0.0263653332518281,0.0786759589539871,,,25.84400824761181,25.84400824761181,False,81.31634097787118,81.31634097787118,67.44825779530635,754.0,True,True,True,True,True,True,True,True,True,True,True,True,True,True,False,False,False,14,False,0.13696686025230442,0.31514667410949637,1.0,3141343600.2,0.05488372093023256,2.0,3.0,,,,,,-0.13266192803621477,-0.27290781570761374,0.1474454540086854,-1.8005275384653903,0.0761061946902655,-1.8005275384653903,0.10488619191610953,-754.0,0.3185840707964602,0.5752212389380531,0.07079646017699115,0.28141592920353986,0.3460176991150442,盟立
52.79999923706055,53.70000076293945,52.29999923706055,53.09999847412109,862207.0,0.0662650459360794,51.98000030517578,0.08588950546390994,50.320000076293944,0.02707925900429009,50.06066265106201,0.0391389444172463,51.17283124923706,0.01466955998804426,74.99999999999997,301418.2,2.8605007925865125,0.055246390970035364,2471.TW,2026-09-18,0.04968941110771308,0.0654704180397665,bull,0.1413953488372093,0.32372093023255816,2026-03-31,2026-05-15,232263000.0,72323000.0,5770000.0,27570000.0,4332000.0,23354000.0,0.49,1320575000.0,534350000.0,1571687000.0,599142000.0,972545000.0,747922000.0,,,,0.1571273122959738,4863375.408052231,1037337000.0,0.0046883273305128,0.024013284732326,0.0148591927018547,0.6160558123274501,0.3113840775327969,0.0248425276518429,0.1005498077610295,0.1412854405188934,,,43.281342821079335,43.281342821079335,False,67.26898219323938,67.26898219323938,61.27207235019937,460.0,True,False,True,True,True,True,True,False,True,False,True,True,True,True,False,False,False,11,False,0.06071305616236389,0.037659968734146565,1.0,16005305.960072326,0.5423255813953488,1.0,3.0,,,,,,0.028680872248415847,-0.008502643649340315,0.1902341230225536,-1.5066154293128886,0.502212389380531,-1.5066154293128886,0.4092079780789918,-460.0,0.584070796460177,0.3008849557522124,0.34513274336283184,0.5482300884955752,0.45132743362831856,資通
209.0,210.0,207.5,209.5,4937724.0,0.026960784313725394,206.8,0.029484029484029506,207.0,0.08478004467496869,198.0720982869466,0.10554089709762526,201.74934997558594,0.0035147254878196304,51.5625,2683013.4,1.8403650164400969,0.012077294685990392,2474.TW,2026-09-18,0.04968941110771308,0.0654704180397665,bull,0.27162790697674416,0.18511627906976744,2026-03-31,2026-05-15,3773945000.0,1086984000.0,243428000.0,1851491000.0,315957000.0,1484484000.0,2.63,111490974000.0,75734641000.0,225538335000.0,82981411000.0,142556924000.0,16182860000.0,66414098000.0,,,0.1706500328654041,201887003.7996404,149803694000.0,0.0013476770726337,0.0104132718239627,0.0065819586723472,0.5820931644119931,0.2880232753789469,0.0645022648713746,0.3933507245071139,-0.1324838723321306,,,29.474595147303784,29.474595147303784,False,66.22665523411854,66.22665523411854,57.03864021241485,690.0,True,False,True,True,True,True,True,True,False,True,True,True,True,True,False,False,False,12,False,0.05769566643605617,0.038417224270373085,1.0,562091307.3,0.15534883720930232,2.0,3.0,,,,,,0.020689844235605513,-0.033483415244214935,0.16315705761720325,-1.526779482491905,0.3827433628318584,-1.526779482491905,0.41501738411380185,-690.0,0.35398230088495575,0.1415929203539823,0.36283185840707965,0.3553097345132743,0.2920353982300885,可成
22.0,22.350000381469727,22.0,22.350000381469727,190328.0,0.015909108248624015,21.95,0.07194244472691302,21.54749994277954,0.04683840665726313,21.489999993642172,0.00019179571835459264,21.646154642105103,0.012094879351239898,62.85716465541258,153615.45,1.2389899583668178,0.037243320144854986,2477.TW,2026-09-18,0.04968941110771308,0.0654704180397665,bull,0.16186046511627908,0.2669767441860465,2026-03-31,2026-05-15,506123000.0,134705000.0,7862000.0,32092000.0,13938000.0,17501000.0,0.11,5644395000.0,2493981000.0,8543804000.0,4123384000.0,4420420000.0,2586925000.0,1388416000.0,683016000.0,,0.4,4717200.0,6049823000.0,0.0007797252911366,0.0039591260558951,0.0020483850050867,0.9328036702394796,0.2661507183036534,0.0155337734108112,0.0345785510636742,-0.0327116289114535,,,22.08324634514487,22.08324634514487,False,76.50144415653011,76.50144415653011,62.8968947036838,824.0,True,True,True,True,True,True,True,True,True,False,True,True,True,True,False,False,False,13,False,0.04001863136723993,0.03251597112752469,1.0,3433305.366099644,0.7497674418604651,0.0,3.0,,,,,,0.03148569075874117,-0.010837128665307756,0.2049644919788527,-1.516725404230358,0.5230088495575221,-1.516725404230358,0.43249394861687074,-824.0,0.26548672566371684,0.36283185840707965,0.40707964601769914,0.2867256637168142,0.3230088495575222,美隆電
163.0,165.0,162.0,165.0,651590.0,0.04761904761904767,161.0,0.03125,157.85,0.07843137254901955,157.9,0.24483875717353332,149.53350791931152,0.0033370411568409706,71.05263157894737,204495.6,3.1863277253887126,0.04529616724738683,2480.TW,2026-09-18,0.04968941110771308,0.0654704180397665,bull,0.26465116279069767,0.19441860465116279,2026-03-31,2026-05-15,2420984000.0,568028000.0,300400000.0,336304000.0,56799000.0,279505000.0,2.63,7208003000.0,5342627000.0,8394801000.0,5408397000.0,2986404000.0,1289115000.0,0.0,,,0.1688918359579428,249664892.478234,3052174000.0,0.0817990365156881,0.0935924945184911,0.0332950119961152,1.811006481373585,0.2346269120324628,0.1240817783182375,0.1154509901758954,0.1706727375064554,,,72.57043193555015,72.57043193555015,True,55.974680603948904,55.974680603948904,60.12361843684921,141.0,True,False,True,True,True,False,True,True,False,True,True,True,False,True,True,True,False,10,False,0.04496516782773896,0.10343161406361334,1.0,33741774.0,0.44465116279069766,2.0,3.0,,,,,,0.06150395872338871,0.004054569985569707,0.3213952182037281,-0.6501676921091818,0.8446902654867255,-0.6501676921091818,0.8320914191017676,-141.0,0.8495575221238938,0.26548672566371684,0.911504424778761,0.8588495575221239,0.6867256637168142,敦陽科
39.59999847412109,39.59999847412109,37.59999847412109,38.0,5221571.0,0.04252398366577026,36.96999969482422,0.0326087170602698,36.46749992370606,0.11436955133117288,35.347513834635414,0.1930926073742949,33.445006942749025,0.004130234977420573,65.34652941811888,1576728.75,3.311648246408902,0.042023721930488644,2520.TW,2026-09-18,0.04968941110771308,0.0654704180397665,bull,0.26139534883720933,0.15255813953488373,2026-03-31,2026-05-15,4862541000.0,1141758000.0,658447000.0,599530000.0,162065000.0,308665000.0,0.52,53619294000.0,30715620000.0,65803063000.0,37306228000.0,28496835000.0,17736193000.0,16539209000.0,220000000.0,3700000000.0,0.2703200840658515,480455551.60709226,35087443000.0,0.0136930910470475,0.0108315537497409,0.0046907390921908,1.3091358391203796,0.2348068633251627,0.1354121230031787,0.063478127999332,0.0287244960456058,,,37.26396887406752,37.26396887406752,False,72.01668574280914,72.01668574280914,63.32850652562374,569.0,True,False,True,True,True,True,True,True,False,True,True,True,False,True,False,False,False,11,False,0.07504024689752109,0.13619351507530508,1.0,59915692.5,0.3730232558139535,1.0,3.0,,,,,,0.04982678269105548,0.01530353175216044,0.22500235420861509,-1.4405413888263414,0.6747787610619469,-1.4405413888263414,0.6550714414268504,-569.0,0.4424778761061947,0.39823008849557523,0.6902654867256637,0.4796460176991151,0.4787610619469026,冠德
37.5,37.5,37.5,37.5,240152.0,0.09329448495969372,34.42999954223633,0.05932198823737078,34.85749988555908,0.06534088600026733,35.336666615804035,0.012145769830119946,35.96083326339722,-0.002361192798626763,64.55025750203248,67783.35,3.542934953790274,0.07580865303353757,2524.TW,2026-09-18,0.04968941110771308,0.0654704180397665,bull,0.19813953488372094,0.2186046511627907,2026-03-31,2026-05-15,656590000.0,318728000.0,233648000.0,150091000.0,18274000.0,131817000.0,0.36,38991825000.0,14275657000.0,39842583000.0,18684321000.0,21158262000.0,885525000.0,2660325000.0,4312300000.0,,0.1217528032993317,205200701.01471776,25566926000.0,0.0080260216271098,0.0062300485739329,0.003308445137706,0.8830744699162909,0.4854292633150063,0.3558506830746737,0.2007599872066282,-0.6531973567383786,,,45.32648778665296,45.32648778665296,False,55.96335486939954,55.96335486939954,53.30413809871289,427.0,True,False,True,True,True,False,False,True,True,False,True,True,False,True,False,False,False,9,False,0.06122064108979752,0.04280119777339597,1.0,2541875.625,0.7916279069767442,1.0,3.0,,,,,,0.006698392694177482,-0.007387195200077694,0.17925036183451848,-1.6558577370918184,0.3920353982300885,-1.6558577370918184,0.4085160512835844,-427.0,0.5929203539823009,0.07079646017699115,0.336283185840708,0.554424778761062,0.3849557522123894,京城
44.75,45.95000076293945,44.75,45.79999923706055,1084866.0,0.05408511928325477,43.75999984741211,0.06759901184227823,43.40250015258789,0.13506817767130475,43.94284903208415,0.5578231235143842,39.6430912176768,0.005428171557074489,65.30611768259548,558212.15,1.9434654011024302,0.05523873223993769,2527.TW,2026-09-18,0.04968941110771308,0.0654704180397665,bull,0.16930232558139535,0.1330232558139535,2026-03-31,2026-05-15,4588717000.0,1261812000.0,1127130000.0,1064163000.0,166487000.0,902888000.0,3.45,13282023000.0,8513905000.0,33780839000.0,11901818000.0,21879021000.0,1538877000.0,2676000000.0,3358749000.0,,0.1564487771140323,950791889.8514608,25266934000.0,0.0376298877359421,0.0412672943638565,0.0267278145459915,0.5439831151494393,0.2749814381667032,0.2456307503818605,0.1967626244983074,24.973085718167,,,82.24426248497689,82.24426248497689,False,68.55178964513331,68.55178964513331,71.9749078550942,75.0,True,False,True,True,True,False,True,True,True,True,True,True,True,True,True,False,False,12,False,0.042262853817703894,0.1553084744470783,1.0,25566116.044117928,0.48093023255813955,1.0,2.0,,,,,,0.047747796285900035,0.005888147299051445,0.33721119767347496,-1.0725973352265816,0.8088495575221238,-1.0725973352265816,0.7175662446810168,-75.0,0.8849557522123894,0.7256637168141593,0.8053097345132744,0.8730088495575222,0.8212389380530973,宏璟
20.700000762939453,21.049999237060547,20.25,20.799999237060547,1530506.0,0.05906302767102356,20.299999618530272,0.04522611235088747,19.549104404449462,0.12737118574225414,19.585534763336184,-0.16800003051757817,20.23901740709941,0.010336390742758089,66.82063206984814,1291104.2,1.1854240734403931,0.06398732170699217,2530.TW,2026-09-18,0.04968941110771308,0.0654704180397665,bull,0.23255813953488372,0.14046511627906977,2026-03-31,2026-05-15,186713000.0,36736000.0,-3896000.0,-30631000.0,2142000.0,-31083000.0,-0.04,30553317000.0,19001210000.0,30802703000.0,20530688000.0,10272015000.0,3146483000.0,7533980000.0,328411000.0,1187622000.0,0.0,-3896000.0,11801493000.0,-0.0003301277219755,-0.0030259885718624,-0.001009099753356,1.9987011311802017,0.1967511635504758,-0.0208662492702704,-0.1664747500174064,0.155588151559038,,,18.3750529664617,18.3750529664617,False,64.92173636139809,64.92173636139809,53.285065512664,886.0,True,False,True,True,True,False,True,True,False,True,True,True,True,True,False,False,False,11,False,0.06200823660928689,0.027717839195313676,1.0,26854966.374965668,0.4753488372093023,0.0,3.0,,,,,,-0.026655824570203438,-0.07964721019854083,0.1519740350521378,-1.879054435634718,0.17256637168141592,-1.879054435634718,0.1948513534256351,-886.0,0.19469026548672566,0.061946902654867256,0.11504424778761062,0.1827433628318584,0.13893805309734514,華建
12.75,12.800000190734863,12.649999618530272,12.800000190734863,41755.0,0.00787404590327423,12.719999885559082,0.019920318422350647,12.697499895095826,0.036437230393962405,12.704166618982951,0.04065040587370339,13.3274999777476,0.0087388275111544,57.142857142857075,32852.25,1.2709936153535908,0.008072478557658913,2702.TW,2026-09-18,0.04968941110771308,0.0654704180397665,bull,0.31906976744186044,0.29209302325581393,2026-03-31,2026-05-15,363520000.0,324846000.0,34781000.0,32652000.0,2515000.0,30137000.0,0.19,2553620000.0,1865074000.0,6828595000.0,3530413000.0,3298182000.0,1603621000.0,310000000.0,1389843000.0,,0.0770243782922945,32102015.098615702,4963521000.0,0.0064675892574274,0.0091374581511875,0.0044133529664594,1.070411820815225,0.8936124559859155,0.0956783670774647,0.0829032790492957,0.0209343211651773,,,40.8636169718094,40.8636169718094,False,56.77085378405264,56.77085378405264,52.79404458099183,496.0,True,False,True,True,True,False,True,True,False,False,True,True,True,True,False,False,False,10,False,0.007543475666378141,-0.0395798002546226,0.0,420508.8062660694,0.9655813953488372,0.0,3.0,,,,,,0.05886537425836086,0.025816235384089614,0.1987819359221735,-1.1177180074287092,0.7017699115044247,-1.1177180074287092,0.717565820485165,-496.0,0.5486725663716814,0.04424778761061947,0.7964601769911505,0.5858407079646017,0.44690265486725667,華園
29.700000762939453,29.700000762939453,28.799999237060547,28.950000762939453,45354877.0,0.037634450134967024,28.8,0.20124482592119985,26.49000015258789,0.2371795399523926,24.639424133300782,0.4226044334279573,22.949712069829307,0.04848604759950976,76.3889010305777,30886962.9,1.4684149149542962,0.09286525466898654,2801.TW,2026-09-18,0.04968941110771308,0.0654704180397665,bull,0.05581395348837209,0.07255813953488371,2026-03-31,2026-05-15,,,,,992320000.0,5221136000.0,,,,3481563454000.0,3255586729000.0,225976725000.0,40993679000.0,,,,,,3481563454000.0,,0.0231047511640855,0.0014996526902307,14.406734715710211,,,,,,,11.293260418625334,11.293260418625334,False,83.15385675401143,83.15385675401143,65.1887076701649,1020.0,True,True,True,True,True,True,True,False,True,True,True,True,True,True,False,False,False,13,False,0.17494632205355898,0.26145376791015984,1.0,894177599.5198826,0.11813953488372093,0.0,3.0,,,,,,0.010229232180747014,-0.1348223654183454,0.18732300738732205,-1.6144860910177046,0.28185840707964605,-1.6144860910177046,0.3268003061892142,-1020.0,0.07964601769911504,0.4778761061946903,0.22123893805309736,0.1008849557522124,0.2274336283185841,彰銀
41.400001525878906,41.400001525878906,40.150001525878906,40.45000076293945,533921.0,0.021464705090174396,39.86000061035156,0.06728229906057792,39.13000011444091,0.2239032283420126,35.80416685740153,0.3632362143758685,33.17104541460673,0.02926283939373002,59.4594678189112,725671.75,0.7357610379624121,0.033733724626578754,2816.TW,2026-09-18,0.04968941110771308,0.0654704180397665,bull,0.17209302325581396,0.08093023255813954,2026-03-31,2026-05-15,,,460640000.0,461658000.0,63688000.0,,,,,25125030000.0,16643189000.0,8481841000.0,3180641000.0,,,,0.1379549363381551,397092438.1251922,25125030000.0,0.0158046552830063,,,1.962214217408697,,,,,,,38.97407433693017,38.97407433693017,False,78.91339478382164,78.91339478382164,68.92856467209877,536.0,True,True,True,True,True,True,True,True,True,True,True,True,False,True,False,False,False,13,False,0.12975679406369212,0.21943701976686758,1.0,29353422.841143608,0.46232558139534885,1.0,3.0,,,,,,0.04497711764098883,-0.02507284042715243,0.2173010377265872,-1.554036665785047,0.5265486725663717,-1.554036665785047,0.5880546358033045,-536.0,0.48672566371681414,0.6548672566371682,0.6106194690265486,0.5053097345132743,0.5619469026548672,旺旺保
17.450000762939453,17.5,17.200000762939453,17.450000762939453,3762543.0,0.0028736290520334773,17.39000015258789,0.0640244615141814,16.945000076293944,0.032699460455346774,16.701793384552,0.0974357073553882,16.46381561756134,0.016496706399644952,77.14287894112724,3130511.95,1.2018938308157552,0.029802341951712608,2820.TW,2026-09-18,0.04968941110771308,0.0654704180397665,bull,0.18511627906976744,0.30790697674418605,2026-03-31,2026-05-15,,,,,160963000.0,,,,,264308740000.0,236433646000.0,27875094000.0,326912000.0,,,,,,264308740000.0,,,,8.48189591755278,,,,,,,0.0,0.0,False,65.91481429540966,65.91481429540966,49.43611072155724,1072.0,True,False,True,True,True,True,True,False,True,False,True,True,True,True,False,False,False,11,False,0.04479802624546236,0.05990015730777398,1.0,54627435.91589108,0.38232558139534883,0.0,3.0,,,,,,0.0774048113334651,-0.021477937394592656,0.18918841004779566,-0.7296175564172892,0.6522123893805309,-0.7296175564172892,0.6604641749104524,-1072.0,0.017699115044247787,0.008849557522123894,0.6991150442477876,0.11991150442477874,0.1513274336283186,華票
18.75,18.75,18.200000762939453,18.350000381469727,79664813.0,0.01944446563720703,18.33000030517578,0.1087614034675255,17.387500381469728,0.03380283839266074,17.263644313812257,0.22333335876464844,16.81098880767822,0.02763003576036286,69.99998365130634,83641788.35,0.9524522917496898,0.05535585787970754,2834.TW,2026-09-18,0.04968941110771308,0.0654704180397665,bull,0.11348837209302326,0.30046511627906974,2026-03-31,2026-05-15,,,,,886677000.0,3437983000.0,,,,2555347612000.0,2406237987000.0,149109625000.0,29451426000.0,,,,,,2555347612000.0,,0.0230567476780925,0.0013454071703807,16.137375350518116,,,,,,,11.10187505518378,11.10187505518378,False,68.69672725209003,68.69672725209003,54.29801420286346,1021.0,True,False,True,True,True,True,True,True,True,False,True,True,True,True,False,False,False,12,False,0.06292738936866882,0.09154795065288357,1.0,1534826848.1293101,0.08372093023255814,0.0,3.0,,,,,,0.0013476402904939555,-0.11177293198555169,0.18254151114561953,-1.46861389039742,0.2991150442477877,-1.46861389039742,0.3625718770494152,-1021.0,0.07079646017699115,0.08849557522123894,0.24778761061946902,0.09734513274336283,0.11150442477876106,臺企銀
15.899999618530272,16.25,15.850000381469728,16.25,380334.0,0.03833868345653513,15.989999961853027,0.1206896551724137,15.19249997138977,0.12847225211652802,14.779123449325562,0.26459140214760013,14.297061705589295,0.028083235365118083,76.62336986771678,243246.3,1.5635756843988995,0.06960671585332845,2849.TW,2026-09-18,0.04968941110771308,0.0654704180397665,bull,0.10232558139534884,0.13953488372093023,2026-03-31,2026-05-15,,,,,36199000.0,,,,,398942212000.0,362433426000.0,36508786000.0,2706824000.0,,,,,,398942212000.0,,,,9.92729328222527,,,,,,,0.0,0.0,False,78.9388841562178,78.9388841562178,59.20416311716335,1074.0,True,True,True,True,True,True,True,False,True,True,True,True,True,True,False,False,False,13,False,0.09952393697215922,0.13659717882082179,1.0,3952752.375,0.7209302325581395,0.0,3.0,,,,,,0.08251329270857725,0.009247617864966943,0.2684714237716966,-0.13022353636620598,0.84070796460177,-0.13022353636620598,0.8611176335259139,-1074.0,0.008849557522123894,0.19469026548672566,0.9469026548672567,0.14955752212389378,0.252212389380531,安泰銀
52.900001525878906,53.29999923706055,52.29999923706055,53.29999923706055,4495314.0,0.026974906936824583,52.35999984741211,0.13163483999571723,50.41499996185303,0.06599998474121094,47.86333338419596,0.7469880459581848,44.05328640937805,0.029350215863459702,72.4550734065998,4363301.95,1.0302550801005188,0.057225017899245945,2855.TW,2026-09-18,0.04968941110771308,0.0654704180397665,bull,0.09488372093023256,0.2158139534883721,2026-03-31,2026-05-15,,,2098581000.0,2515780000.0,218397000.0,2291390000.0,,256323628000.0,220745648000.0,267670154000.0,225790103000.0,41880051000.0,8784022000.0,11858164000.0,4700000000.0,,0.0868108499153344,1916401399.773828,46924506000.0,0.0408400974913583,0.0547131616434755,0.0085604986800284,5.391352149977085,,,,,,,49.23161191360978,49.23161191360978,False,71.77901669399188,71.77901669399188,66.14216549889636,381.0,True,False,True,True,True,True,True,False,True,True,True,True,True,True,False,False,False,12,False,0.11358728004221552,0.20989836585072696,1.0,232563990.6060648,0.22790697674418606,1.0,3.0,,,,,,0.006827176815942892,-0.07735689089473297,0.2392331326975114,-1.5277668027421107,0.40530973451327434,-1.5277668027421107,0.41170479445915686,-381.0,0.6283185840707964,0.5221238938053098,0.35398230088495575,0.5871681415929203,0.5415929203539823,統一證
152.5,152.5,148.0,150.5,27828323.0,0.013468013468013407,152.0,0.12313432835820892,146.5,0.16124473236784742,133.03388023376465,0.8010045318330756,116.45010000864664,0.04066773219676785,61.81818181818181,19766312.6,1.4078661793500118,0.027303754266211566,2881.TW,2026-09-18,0.04968941110771308,0.0654704180397665,bull,0.1013953488372093,0.11162790697674418,2026-03-31,2026-05-15,66193246000.0,,,38624861000.0,5062760000.0,33551455000.0,,,,13120104726000.0,12085399702000.0,1034705024000.0,358727505000.0,,,,0.131075164257549,,13120104726000.0,,0.0324261062058977,0.0025572551211051,11.68004351160858,,,0.5068712750542556,-0.3925800152621125,,,12.264204123597382,12.264204123597382,False,83.9325486348086,83.9325486348086,66.0154625070058,1004.0,True,True,True,True,True,True,True,True,True,True,True,True,True,True,False,False,False,14,False,0.13129076394332184,0.29239906181982733,1.0,2974830046.3,0.05767441860465116,2.0,3.0,,,,,,-0.0331240821890269,-0.1566937517221022,0.27139240361343225,-0.9051419255108452,0.40884955752212393,-0.9051419255108452,0.4037454123469037,-1004.0,0.09734513274336283,0.5132743362831859,0.3185840707964602,0.13053097345132741,0.2663716814159292,富邦金
113.0,113.0,109.0,110.5,43401804.0,0.0,111.5,0.09950248756218905,109.37000007629395,0.07968330783736843,101.42666676839193,0.6256595370220714,91.77114842732747,0.029994822559294435,50.0,24058248.7,1.8040300664112763,0.010331900182113829,2882.TW,2026-09-18,0.04968941110771308,0.0654704180397665,bull,0.12093023255813953,0.19162790697674417,2026-03-31,2026-05-15,72538053000.0,,,38391738000.0,6735806000.0,31593811000.0,,,,14450034484000.0,13633007653000.0,817026831000.0,293505959000.0,,,,0.1754493636104726,,14450034484000.0,,0.0386692453677815,0.0021864176888285,16.686119887046893,,,0.4355480977687669,-0.3173702053156907,,,13.906153918122188,13.906153918122188,False,70.74213647725274,70.74213647725274,56.5331408374701,981.0,True,False,True,True,True,True,True,True,True,True,True,True,True,True,False,False,False,13,False,0.0894570779135142,0.20408213140651377,1.0,2658436481.35,0.059534883720930236,2.0,3.0,,,,,,0.009569394794389839,-0.120422374904797,0.29576187281464816,-0.8928279854895907,0.5221238938053097,-0.8928279854895907,0.4807104439670048,-981.0,0.11504424778761062,0.11504424778761062,0.4690265486725664,0.16814159292035397,0.18584070796460178,國泰金
47.29999923706055,47.29999923706055,45.0,46.400001525878906,89721513.0,0.002159876683935469,46.43000030517578,0.2210526717336554,42.84000015258789,0.3998700427022279,38.36663297017415,0.5114221672969808,34.888062175114946,0.053032637450941125,76.70685634971461,49480196.1,1.8132812735558257,0.08309993838961183,2884.TW,2026-09-18,0.04968941110771308,0.0654704180397665,bull,0.04837209302325581,0.030697674418604652,2026-03-31,2026-05-15,25169421000.0,,,12706707000.0,2639201000.0,10056957000.0,,,,4679436007000.0,4394289185000.0,285146822000.0,45485669000.0,,,,0.2077014131198586,,4679436007000.0,,0.0352693988642805,0.0021491814365995,15.410619533399537,,,0.3995704549580223,0.174006725249566,,,29.938092003685178,29.938092003685178,False,82.92904626833965,82.92904626833965,69.68130770217603,684.0,True,True,True,True,True,True,True,False,True,True,True,True,True,True,False,False,False,13,False,0.20938424703439096,0.32996786387795507,1.0,2295881174.5407877,0.06511627906976744,1.0,3.0,,,,,,-0.08142025538672609,-0.19605927994985795,0.15095770999015223,-1.9094867994193458,0.07964601769911504,-1.9094867994193458,0.07393009089270923,-684.0,0.36283185840707965,0.672566371681416,0.035398230088495575,0.31371681415929203,0.3902654867256637,玉山金
69.19999694824219,70.0,68.5999984741211,70.0,48692725.0,0.0,69.5000015258789,0.09375,67.47999992370606,0.05580688956158486,66.17019011179606,0.5748031225763908,61.275095049540205,0.022135362480888463,68.85244568904976,21256867.9,2.290682015293514,0.03734439951308666,2885.TW,2026-09-18,0.04968941110771308,0.0654704180397665,bull,0.1283720930232558,0.24465116279069768,2026-03-31,2026-05-15,39984934000.0,,,18723853000.0,3129395000.0,14409154000.0,,,,4640879682000.0,4254342700000.0,386536982000.0,77947312000.0,,,,0.167134136334012,,4640879682000.0,,0.0372775560192064,0.0031048324859373,11.00630184979299,,,0.360364581319554,0.2805185364050884,,,38.0190051862678,38.0190051862678,False,69.41965177779237,69.41965177779237,61.56949012991123,559.0,True,False,True,True,True,True,True,True,True,False,True,True,True,True,False,False,False,12,False,0.05787817568203124,0.14238908880362922,1.0,1487980753.0,0.08465116279069768,1.0,3.0,,,,,,-0.057317501501039106,-0.17435520326270051,0.13568230228730835,-1.8682737267068175,0.10442477876106195,-1.8682737267068175,0.07641380190605855,-559.0,0.45132743362831856,0.3185840707964602,0.04424778761061947,0.3902654867256637,0.33008849557522124,元大金
51.900001525878906,51.900001525878906,50.09999847412109,51.09999847412109,46941184.0,-0.0116054599606209,51.64000015258789,0.0883918560967838,49.58500003814697,0.10725886857157385,48.34149557749429,0.3221215124637453,44.61908117930094,0.02511887450768258,62.08530531501263,28556823.05,1.6437817301249131,0.030553563271323858,2886.TW,2026-09-18,0.04968941110771308,0.0654704180397665,bull,0.13767441860465116,0.16186046511627908,2026-03-31,2026-05-15,20768442000.0,,,11219594000.0,1822242000.0,9397352000.0,,,,5003279677000.0,4601326283000.0,401953394000.0,108936088000.0,,,,0.1624160375143699,,5003279677000.0,,0.0233792079884763,0.0018782383969458,11.447412440557724,,,0.4524822805677961,0.1010590363542149,,,21.43739093265881,21.43739093265881,False,82.7986435410644,82.7986435410644,67.45833038896299,832.0,True,True,True,True,True,True,True,True,True,True,True,True,True,True,False,False,False,14,False,0.057062837292750856,0.1452499048283109,1.0,1459253614.280746,0.08744186046511628,1.0,3.0,,,,,,-0.07400263510767278,-0.17217699537449868,0.15866198712377,-1.7775026011720405,0.1349557522123894,-1.7775026011720405,0.11002047062929676,-832.0,0.25663716814159293,0.584070796460177,0.07964601769911504,0.23008849557522124,0.3194690265486726,兆豐金
46.04999923706055,46.04999923706055,44.79999923706055,45.25,51002605.0,0.035469089473679105,45.16999969482422,0.14267681170672852,42.422499847412105,0.15581093834923299,40.377748807271324,0.4715447154471544,36.44012441635132,0.034505887047936466,77.12418756937514,27743016.75,1.8383943411633488,0.06665095557211442,2890.TW,2026-09-18,0.04968941110771308,0.0654704180397665,bull,0.08651162790697674,0.11906976744186047,2026-03-31,2026-05-15,26199317000.0,,,13172491000.0,2157069000.0,10973530000.0,,,,3820349236000.0,3552231164000.0,268118072000.0,41779009000.0,,,,0.163755587306911,,3820349236000.0,,0.0409279759403909,0.0028723892299148,13.24875692825361,,,0.4188479417230609,0.4040584778805451,,,40.18365017296791,40.18365017296791,False,77.9955337647258,77.9955337647258,68.54256286678634,506.0,True,True,True,True,True,True,True,False,True,True,True,True,True,True,False,False,False,13,False,0.12066673691950025,0.2417630489674052,1.0,1255371507.9375,0.09953488372093024,1.0,3.0,,,,,,-0.08511162168293249,-0.18974433652375594,0.13362118273377815,-2.077724294406321,0.05088495575221239,-2.077724294406321,0.07146230508688084,-506.0,0.5309734513274337,0.6283185840707964,0.017699115044247787,0.4539823008849558,0.4575221238938053,永豐金
11.300000190734863,11.300000190734863,10.949999809265137,11.100000381469728,7025562.0,0.009090943769975324,11.189999961853028,0.08292686648485148,10.757500076293946,0.057142893473307366,10.397580893834432,0.11000003814697279,10.300540455182393,0.023549004495589825,70.27028698919104,6183834.6,1.1361173858045945,0.03183828052490956,2897.TW,2026-09-18,0.04968941110771308,0.0654704180397665,bull,0.14976744186046512,0.24093023255813953,2026-03-31,2026-05-15,,,,,308566000.0,766449000.0,,,,714942709000.0,649644985000.0,65297724000.0,6137312000.0,,,,,,714942709000.0,,0.0117377598030828,0.0010720425432018,9.948968282569847,,,,,,,6.081891632619952,6.081891632619952,False,68.27122252234665,68.27122252234665,52.72388979991497,1064.0,True,False,True,True,True,True,True,True,True,False,True,True,True,True,False,False,False,12,False,0.06755604931641535,0.07761339608982487,1.0,68640566.4189457,0.35627906976744184,0.0,3.0,,,,,,0.07429795090569709,-0.028747906555554068,0.23524935717566406,-0.687250288945971,0.7017699115044248,-0.687250288945971,0.7102572590173051,-1064.0,0.02654867256637168,0.035398230088495575,0.7787610619469026,0.13938053097345132,0.17964601769911503,王道銀行
18.75,18.75,18.149999618530277,18.450000762939453,2528517.0,-0.0027026614627322365,18.6,0.06361141574874041,17.937585639953614,0.24662165710575956,16.664713382720947,0.268041272926445,15.402773332595824,0.017496352315319045,65.07935162366559,1517581.3,1.666149286367722,0.028566560364985838,2905.TW,2026-09-18,0.04968941110771308,0.0654704180397665,bull,0.18604651162790697,0.06976744186046512,2026-03-31,2026-05-15,29552820000.0,,,,-68929000.0,32878000.0,0.03,133124099000.0,1468399841000.0,1617410517000.0,62246052000.0,86764624000.0,72610211000.0,2757000000.0,7269508000.0,,,,149010676000.0,,0.0003789332389661,2.032755423217024e-05,0.717412801788895,,,0.0011125165043471,-0.4161502905041906,,,21.27042291580655,21.27042291580655,False,79.97110833348498,79.97110833348498,65.29593697906537,838.0,True,True,True,True,True,True,True,True,True,True,True,True,True,True,False,False,False,14,False,0.1071297981079955,0.19783628341105253,1.0,27999376.14282265,0.467906976744186,0.0,3.0,,,,,,0.011948584348140378,-0.030346446919085644,0.18179601582690494,-1.691787671326137,0.3513274336283186,-1.691787671326137,0.4180270884285601,-838.0,0.24778761061946902,0.48672566371681414,0.3893805309734513,0.26902654867256637,0.347787610619469,三商
290.0,296.5,285.0,291.0,14214881.0,0.001721170395869276,277.0,0.13450292397660824,283.325,0.28798515873993,245.64816131591797,0.7559918659474252,224.26641375223795,0.02007200720072003,49.450549450549445,17624509.9,0.8065404984679887,0.027089032030353843,3006.TW,2026-09-18,0.04968941110771308,0.0654704180397665,bull,0.09023255813953489,0.05581395348837209,2026-03-31,2026-05-15,7266900000.0,3453448000.0,2254754000.0,2352467000.0,288641000.0,2063883000.0,7.22,17585827000.0,5859607000.0,20073767000.0,7169155000.0,12904612000.0,7031281000.0,1000000000.0,693679000.0,0.0,0.1226971515434647,1978102106.7687664,14214160000.0,0.1391641930841334,0.1599337508171497,0.1028149325435529,0.5555498297817866,0.4752298779396992,0.3102772846743453,0.2840114766957024,1.503294079957009,,,98.64788449850906,98.64788449850906,True,73.15509375446747,73.15509375446747,79.52829144047786,7.0,True,False,True,True,True,True,True,False,True,True,True,True,True,True,True,True,True,13,False,0.18462112006511977,0.29756388899805164,1.0,5128732380.9,0.04186046511627907,2.0,0.0,,,,,,0.018150893368872618,-0.09360452994246063,0.25087535181585263,-1.1113980224993634,0.4876106194690265,-1.1113980224993634,0.4160281635621292,-7.0,0.9911504424778761,0.8849557522123894,0.3805309734513274,0.8995575221238937,0.8371681415929204,晶豪科
3345.0,3450.0,3290.0,3430.0,3710579.0,0.017804154302670572,3243.0,0.19720767888307145,3290.25,0.5210643015521064,2800.2638549804688,0.6065573770491803,2648.3819274902344,0.017337878530111036,50.16501650165016,3248131.7,1.1423733218699228,0.04247397614163062,3017.TW,2026-09-18,0.04968941110771308,0.0654704180397665,bull,0.05767441860465116,0.01953488372093023,2026-03-31,2026-05-15,49037946000.0,14597401000.0,12019030000.0,11979060000.0,3304089000.0,7915619000.0,20.17,135871669000.0,112699102000.0,175993383000.0,124678400000.0,51314983000.0,67880246000.0,16445795000.0,7190026000.0,,0.2758220594938167,8703916392.282032,63294281000.0,0.1375150527783392,0.1542555124689411,0.0449767989288551,2.4296685433959904,0.2976756204266794,0.2450965217833552,0.161418241294201,1.1016606943545204,,,82.5145908535667,82.5145908535667,False,77.50733770955578,77.50733770955578,78.75915099555851,70.0,True,True,True,True,True,True,True,True,True,True,True,True,True,True,True,False,False,14,False,0.2248845743230592,0.2951304207284309,1.0,11141091731.0,0.013953488372093023,3.0,2.0,,,,,,0.11314071060146424,-0.007825470489140967,0.33168471402607086,-0.17806763081234264,0.8871681415929203,-0.17806763081234264,0.9194007825424915,-70.0,0.8938053097345132,0.8672566371681416,0.9823008849557522,0.907079646017699,0.9035398230088496,奇鋐
318.0,329.0,318.0,327.5,654700.0,0.017080745341614856,320.8,0.028257456828885363,323.15,0.068515497553018,314.66698150634767,0.28180039138943247,306.1876574198405,0.004195152268489639,58.62068965517241,856588.35,0.764311118637091,0.013461240909794281,3023.TW,2026-09-18,0.04968941110771308,0.0654704180397665,bull,0.2744186046511628,0.21488372093023256,2026-03-31,2026-05-15,8292838000.0,2032426000.0,955920000.0,1115731000.0,253177000.0,865006000.0,3.6,26277086000.0,13869565000.0,32645613000.0,14861895000.0,17783718000.0,6352840000.0,3453676000.0,0.0,,0.2269158067670433,739006641.995248,18776048000.0,0.0393590089882198,0.0486403349400839,0.0264968527317897,0.8357023542546053,0.2450820816709551,0.1152705503230619,0.1043075965067688,0.0164281431445099,,,64.45244261187088,64.45244261187088,False,69.87344075210595,69.87344075210595,68.51819121704719,217.0,True,False,True,True,True,True,True,True,False,True,True,True,False,True,True,False,False,11,False,0.040782856949970414,0.06960549213430989,1.0,280532684.625,0.2111627906976744,2.0,3.0,,,,,,0.02331984624862897,-0.03205940428188623,0.24284397797862173,-1.5015807576888933,0.5035398230088496,-1.5015807576888933,0.5525816399592131,-217.0,0.7345132743362832,0.6194690265486725,0.5663716814159292,0.70929203539823,0.6663716814159292,信邦
15.5,15.600000381469728,14.899999618530272,15.100000381469728,3420374.0,0.048611165380773924,14.680000114440919,0.09025270509540251,14.530000019073487,0.2583333651224773,13.412716229756674,0.4950494862528323,13.360691436131795,0.017685173027147245,51.85185882889272,1500503.85,2.2794836547736947,0.039229205894563135,3024.TW,2026-09-18,0.04968941110771308,0.0654704180397665,bull,0.13395348837209303,0.06511627906976744,2026-03-31,2026-05-15,257621000.0,66335000.0,3797000.0,8577000.0,2582000.0,5995000.0,0.02,2489569000.0,1763960000.0,4904392000.0,1870820000.0,3033572000.0,719789000.0,360000000.0,0.0,,0.3010376588550775,2653960.0093272706,3140432000.0,0.0008450939263538,0.0019762181349247,0.00122237374174,0.6167053229657974,0.2574906548767375,0.0147387053074089,0.0232706184666622,-0.5896336791534654,,,20.275012830277888,20.275012830277888,False,72.62258886330662,72.62258886330662,59.535694855049435,855.0,True,False,True,True,True,True,True,True,True,True,True,True,True,True,False,False,False,13,False,0.12579734953086863,0.13018105789302625,1.0,22657608.707396798,0.4967441860465116,0.0,3.0,,,,,,0.0452989274315581,-0.011008518690255322,0.2773082435682128,-1.4622211585261524,0.6685840707964602,-1.4622211585261524,0.7092194722095895,-855.0,0.23008849557522124,0.23008849557522124,0.7699115044247787,0.3110619469026549,0.3380530973451328,憶聲
791.0,811.0,766.0,797.0,10334819.0,0.071236559139785,757.2,0.24726134585289516,720.45,0.09327846364883396,711.0416666666666,4.456857272552993,574.1591367085774,0.02781938797346458,55.623721881390594,10016644.6,1.0317645691452406,0.10625303629675886,3026.TW,2026-09-18,0.04968941110771308,0.0654704180397665,bull,0.03348837209302326,0.17953488372093024,2026-03-31,2026-05-15,3618451000.0,877039000.0,483360000.0,568645000.0,113236000.0,474578000.0,2.86,11840787000.0,5803981000.0,16266013000.0,6345747000.0,9920266000.0,4380883000.0,2093681000.0,400780000.0,,0.199133026756588,387107060.1869356,10462032000.0,0.0370011351701978,0.047839241407438,0.029176049471988,0.639675085325333,0.2423796812503471,0.1335820216993404,0.1311550163315739,0.0636271337498735,,,68.80894924877691,68.80894924877691,False,82.65245882444917,82.65245882444917,79.1915814305311,175.0,True,True,True,True,True,True,True,True,True,True,True,True,True,True,True,False,False,14,False,0.12089071198359225,0.3881168983374179,1.0,7983265746.2,0.025116279069767444,3.0,3.0,,,,,,-0.10901693360829393,-0.19024390076180075,0.2624251540058095,-1.3422294754597246,0.30929203539823014,-1.3422294754597246,0.4056462564093401,-175.0,0.8141592920353983,0.8761061946902655,0.3274336283185841,0.7411504424778761,0.7353982300884956,禾伸堂
116.0,125.0,116.0,125.0,6848755.0,0.07296137339055786,119.1,0.12612612612612617,113.65,0.30480162858101734,107.94833335876464,0.31302525217473787,103.59250011444092,0.020655590480467098,68.75,3386442.05,2.0224043107425977,0.09986801583809934,3029.TW,2026-09-18,0.04968941110771308,0.0654704180397665,bull,0.09953488372093024,0.05116279069767442,2026-03-31,2026-05-15,6876938000.0,811379000.0,385472000.0,424218000.0,78018000.0,295873000.0,1.77,12286821000.0,7803745000.0,15126326000.0,8760650000.0,6365676000.0,2911146000.0,3716000.0,,,0.1839101593991768,314579783.0360805,7322581000.0,0.0429602326059732,0.0464794312497211,0.0195601364138258,1.3762324692617092,0.1179855045952137,0.0560528537555522,0.0430239446683974,0.0168646985516829,,,48.26050505492552,48.26050505492552,False,81.92607134013907,81.92607134013907,73.5096797688357,394.0,True,True,True,True,True,True,True,True,True,True,True,True,True,True,False,False,False,14,False,0.15796137013588152,0.20665105931326821,1.0,423305256.25,0.1758139534883721,2.0,3.0,,,,,,0.042242054831779216,-0.00925621700475015,0.31089894904892534,-0.6018796181086035,0.7641592920353983,-0.6018796181086035,0.7080256751637533,-394.0,0.6017699115044248,0.7345132743362832,0.7610619469026548,0.6256637168141593,0.6734513274336283,零壹
550.0,558.0,544.0,558.0,4722362.0,0.02010968921389389,549.6,0.05283018867924527,544.5,0.09626719056974453,521.6006154378255,0.42710997442455234,490.71280771891276,0.013306038894575187,57.377049180327866,3364956.95,1.4033944773052742,0.024793388429751984,3034.TW,2026-09-18,0.04968941110771308,0.0654704180397665,bull,0.2111627906976744,0.17488372093023255,2026-03-31,2026-05-15,23145303000.0,9039901000.0,4027546000.0,4389348000.0,622236000.0,3767112000.0,6.19,79261926000.0,21790635000.0,103666583000.0,31738768000.0,71927815000.0,48919537000.0,,,,0.1417604619182621,3456599218.642951,81875948000.0,0.0422175169030464,0.0523735080788982,0.036338730292673,0.4412586146263444,0.390571728527382,0.1740113750077067,0.1627592432036858,-0.1465659805926223,,,75.54535048945058,75.54535048945058,False,75.69525869175708,75.69525869175708,75.65778164118045,116.0,True,True,True,True,True,True,True,True,True,True,True,True,True,True,True,False,False,14,False,0.06978401383138966,0.13712132885602268,1.0,1877645978.1000001,0.07348837209302325,3.0,3.0,,,,,,0.08704834658740333,0.006387929927131507,0.3051154033709091,0.39571157360136533,0.8871681415929205,0.39571157360136533,0.9046505704853542,-116.0,0.8672566371681416,0.8141592920353983,0.9734513274336283,0.8831858407079646,0.8725663716814159,聯詠
833.0,855.0,810.0,834.0,7029494.0,0.007246376811594235,815.4,0.15034482758620693,797.75,0.09019607843137245,741.5534271240234,1.0391198044009782,743.3517135620117,0.027498712004121618,54.115226337448554,4931383.05,1.4254609566377126,0.04544030084612971,3167.TW,2026-09-18,0.04968941110771308,0.0654704180397665,bull,0.0827906976744186,0.1813953488372093,2026-03-31,2026-05-15,1946206000.0,824053000.0,409380000.0,425365000.0,143361000.0,282004000.0,3.19,7943560000.0,5595217000.0,10404607000.0,6825735000.0,3578872000.0,1402836000.0,918708000.0,407412000.0,308759000.0,0.337030550233329,271406433.3454797,4809390000.0,0.0564326106523862,0.078796894664017,0.0271037627850816,1.907230825802096,0.4234150958326097,0.2103477226973917,0.144899358033014,1.3065981160430264,,,88.81703425043213,88.81703425043213,False,77.66384654404958,77.66384654404958,80.45214347064521,40.0,True,True,True,True,True,True,True,True,True,True,True,True,True,True,True,False,False,14,False,0.12466609888718794,0.12194535209129675,1.0,4112773463.7,0.046511627906976744,3.0,2.0,,,,,,0.002513547117836606,-0.1632346447782175,0.233359510117558,-0.9850207349696782,0.3995575221238938,-0.9850207349696782,0.35211693392883736,-40.0,0.9469026548672567,0.9203539823008849,0.23893805309734514,0.84070796460177,0.7973451327433628,大量
59.5,64.4000015258789,59.29999923706055,64.4000015258789,3939506.0,-0.045925903320312544,62.25999984741211,0.04207123496628107,57.31500015258789,0.5135135765122945,48.690000216166176,2.252525454917116,43.66833341916402,0.031958948417779076,63.54679599302756,4110822.25,0.958325551536557,0.12361513311399874,3229.TW,2026-09-18,0.04968941110771308,0.0654704180397665,bull,0.23813953488372094,0.024186046511627906,2026-03-31,2026-05-15,342922000.0,37599000.0,21175000.0,35503000.0,188000.0,35315000.0,0.55,692865000.0,303681000.0,941103000.0,306548000.0,634555000.0,107034000.0,151140000.0,,,0.0052953271554516,21062871.447483312,637422000.0,0.0330438413601716,0.0556531742717337,0.0375251168044305,0.4830913002025041,0.1096430091974268,0.0617487358641323,0.1029826024577017,0.4578839294444752,,,67.33482851500801,67.33482851500801,False,84.4213894651115,84.4213894651115,80.14974922758563,186.0,True,True,True,True,True,True,True,True,False,True,True,True,True,True,True,False,False,13,False,0.3226535477503789,0.474752904071597,1.0,264736959.17261696,0.21674418604651163,1.0,3.0,,,,,,-0.08345483435682029,-0.1314635584630054,0.21897053648645984,-1.882321349201855,0.1911504424778761,-1.882321349201855,0.21383491333976176,-186.0,0.8053097345132744,0.8938053097345132,0.13274336283185842,0.7044247787610619,0.6973451327433628,晟鈦
189.5,190.5,186.5,186.5,39960432.0,0.005390835579514919,183.9,0.06267806267806275,184.4,0.21895424836601318,173.12441660563152,0.4860557768924303,160.07887496948243,0.0038105606967883347,58.76288659793814,52088913.2,0.7671581061130682,0.011388286334056419,3231.TW,2026-09-18,0.04968941110771308,0.0654704180397665,bull,0.1888372093023256,0.08558139534883721,2026-03-31,2026-05-15,846303026000.0,44093947000.0,29137265000.0,23507511000.0,5486748000.0,9630739000.0,3.06,1303491429000.0,1086171892000.0,1469121920000.0,1193994744000.0,275127176000.0,100033488000.0,354877446000.0,39108580000.0,51333618000.0,0.2334040383943668,22336509681.23316,382950028000.0,0.0583274789086401,0.0350046808898296,0.0065554389114281,4.339792096728387,0.0521018425378996,0.0344288796150422,0.0113797761606963,1.4425382266616515,,,39.08905119727999,39.08905119727999,False,75.65869114053416,75.65869114053416,66.51628115472062,531.0,True,True,True,True,True,True,True,True,True,True,True,True,False,True,False,False,False,13,False,0.07725994782606183,0.16505066665139,1.0,9714582311.800001,0.01674418604651163,2.0,3.0,,,,,,0.11506924715666288,0.028812337069653478,0.34061990800513736,-0.9469205519414887,0.9274336283185841,-0.9469205519414887,0.8596348027775329,-531.0,0.49557522123893805,0.5575221238938053,0.9380530973451328,0.5619469026548672,0.6026548672566372,緯創
37.0,38.79999923706055,36.75,38.70000076293945,1403775.0,0.10571430751255573,37.119999694824216,0.21126760058890803,33.53249998092652,0.06414141234021287,33.94467916488647,0.22875083549526032,33.897427002588906,0.042029206391415184,76.24999682108565,672496.5,2.087408633353482,0.15410425065092803,3311.TW,2026-09-18,0.04968941110771308,0.0654704180397665,bull,0.05116279069767442,0.22325581395348837,2026-03-31,2026-05-15,527357000.0,58301000.0,-4421000.0,51922000.0,2067000.0,49855000.0,0.5,1652997000.0,1378722000.0,5168704000.0,1449390000.0,3719314000.0,669406000.0,700000000.0,,,0.0398097145718577,-4245001.251877816,3789982000.0,-0.0011200584202979,0.0134043535985399,0.0096455513799977,0.3896928304520672,0.1105531926190417,-0.008383315287367,0.0945374765102198,-0.131939780613387,,,21.228645877035103,21.228645877035103,False,68.82198231895354,68.82198231895354,56.923648208473935,839.0,True,False,True,True,True,False,True,False,True,False,False,True,True,False,False,False,False,8,False,0.14009033860517506,0.14167959591693347,1.0,26025615.063074112,0.4781395348837209,1.0,3.0,,,,,,0.016712983972184632,-0.0323700087423283,0.21715188159979557,-1.7466814091221783,0.3920353982300885,-1.7466814091221783,0.4849992331202467,-839.0,0.23893805309734514,0.13274336283185842,0.4778761061946903,0.2747787610619469,0.25486725663716814,閎暉
996.0,999.0,955.0,972.0,7957546.0,-0.08301886792452828,962.2,0.49079754601227,950.55,0.38857142857142857,700.2583333333333,1.2629922686446164,633.177901204427,0.08510273972602735,47.61215629522432,6747875.15,1.1792669281973895,0.022565882909894253,3406.TW,2026-09-18,0.04968941110771308,0.0654704180397665,bull,0.008372093023255815,0.03441860465116279,2026-03-31,2026-05-15,6140741000.0,2060873000.0,1200606000.0,1239328000.0,347909000.0,890873000.0,7.9,22697154000.0,9791281000.0,44791309000.0,18698861000.0,26092448000.0,12605348000.0,216960000.0,2871110000.0,,0.2807239084407033,863567191.1826409,35000028000.0,0.0246733285808411,0.0341429443492615,0.019889416493722,0.7166388144186394,0.3356065660479737,0.1955148409613758,0.1450758141403456,0.1539913322030344,,,69.07874706062229,69.07874706062229,False,77.26275340382603,77.26275340382603,75.21675181802509,173.0,True,True,True,True,True,True,True,False,True,True,True,False,True,True,True,False,False,12,False,0.38805916864014467,0.5351135883786653,1.0,6558934645.8,0.03255813953488372,3.0,3.0,,,,,,0.07832740330759998,-0.020656414833018902,0.35510556782213326,-0.20950519739994364,0.845575221238938,-0.20950519739994364,0.7980754293214966,-173.0,0.8230088495575221,0.7876106194690266,0.8761061946902655,0.8309734513274336,0.8230088495575221,玉晶光
457.0,461.0,438.5,447.5,6718667.0,0.0579196217494089,430.4,0.3065693430656935,404.325,0.33184523809523814,384.4526774088542,2.185053380782918,316.75550537109376,0.048288825512056,68.97506925207756,8170625.4,0.8222953165861697,0.10678290978791827,3532.TW,2026-09-18,0.04968941110771308,0.0654704180397665,bull,0.023255813953488372,0.04279069767441861,2026-03-31,2026-05-15,3308768000.0,27622000.0,-105154000.0,-82202000.0,-13987000.0,-68215000.0,-0.18,9109304000.0,3626589000.0,51226148000.0,26972355000.0,24253793000.0,1958029000.0,0.0,20500000000.0,,0.1701540108513174,-87261625.14294055,47599559000.0,-0.0018332444034395,-0.0028125497731426,-0.0013316441439243,1.112088117516299,0.0083481223222661,-0.03178040890144,-0.0206164348784804,0.1086960163893446,,,17.44238091593533,17.44238091593533,False,83.26994589733079,83.26994589733079,66.81305465198193,900.0,True,True,True,True,True,True,True,True,True,True,True,True,True,True,False,False,False,14,False,0.16399241388062125,0.4127615539806735,1.0,3656354866.5,0.05023255813953489,2.0,3.0,,,,,,-0.23316738185498082,-0.3463172302713424,0.07832486488915033,-1.9930988493946031,0.01991150442477876,-1.9930988493946031,0.02221352850160544,-900.0,0.1592920353982301,0.5663716814159292,0.008849557522123894,0.13672566371681416,0.2513274336283186,台勝科
56.79999923706055,57.400001525878906,56.20000076293945,57.400001525878906,419048.0,0.028673876535749043,56.34000015258789,0.03052065959881567,56.054999923706056,0.06890131676670253,54.863333257039386,0.1076578817790379,53.92241268157959,0.006192782001846124,72.2222398828464,169651.1,2.470057665408594,0.023994319935839226,3705.TW,2026-09-18,0.04968941110771308,0.0654704180397665,bull,0.266046511627907,0.21395348837209302,2026-03-31,2026-05-15,1840865000.0,814150000.0,297411000.0,335863000.0,82504000.0,237394000.0,0.89,7096418000.0,2695071000.0,12716314000.0,4269427000.0,8446887000.0,1125149000.0,360709000.0,848392000.0,,0.24564777900513,224352648.39830524,10021243000.0,0.0223877066346265,0.0281043181943833,0.0186684600584729,0.5054438398430097,0.4422649135053358,0.1615604620653877,0.1289578540523069,-0.1553673664341042,,,60.307644264833584,60.307644264833584,False,63.669294103180405,63.669294103180405,62.828881643593704,259.0,True,False,True,True,True,True,True,False,False,True,True,True,True,True,True,False,False,11,False,0.04623613109606395,0.06449245631561462,1.0,9737973.398867035,0.6120930232558139,1.0,3.0,,,,,,0.08508311456245904,0.046543016317782224,0.2811340012342692,-1.084026405439512,0.8601769911504424,-1.084026405439512,0.8221413097455528,-259.0,0.7168141592920354,0.35398230088495575,0.9026548672566371,0.7446902654867256,0.6451327433628319,永信
60.70000076293945,60.70000076293945,58.09999847412109,58.20000076293945,183175.0,-0.001715239715775585,58.94000015258789,0.11281073827813892,56.02000007629395,0.3301331041464619,51.111819966634116,0.1560726548710254,47.76690915425618,0.029684770856646957,61.86441198501148,221395.75,0.8273645722648244,0.038914685535104354,4119.TW,2026-09-18,0.04968941110771308,0.0654704180397665,bull,0.10790697674418605,0.044651162790697675,2026-03-31,2026-05-15,375798000.0,82325000.0,33151000.0,28590000.0,8480000.0,20110000.0,0.17,1104577000.0,1053320000.0,6954821000.0,1544198000.0,5410623000.0,51949000.0,390000000.0,300399000.0,,0.2966072053165442,23318174.53655124,5901501000.0,0.0039512277531684,0.0037167623765322,0.0028915194222827,0.2854011451176694,0.2190671584202151,0.0882149452631466,0.0535127914464685,0.0430373141784996,,,33.11973270077256,33.11973270077256,False,82.92894432804181,82.92894432804181,70.4766414212245,627.0,True,True,True,True,True,True,True,True,True,True,True,True,True,True,False,False,False,14,False,0.13867987484954591,0.2184167197209923,1.0,12885232.818911552,0.5776744186046512,1.0,3.0,,,,,,0.019027325103348477,-0.03224836922891665,0.1812409539884525,-1.586775582291921,0.3805309734513274,-1.586775582291921,0.4365613751345049,-627.0,0.40707964601769914,0.6902654867256637,0.415929203539823,0.4084070796460177,0.49380530973451325,旭富
14.850000381469728,15.149999618530272,14.850000381469728,15.149999618530272,351392.0,0.0,14.85,0.027118618205442147,14.569999980926514,0.04844289401417878,14.950833304723103,0.14339619762492606,14.510416626930237,0.0017188037148699851,61.11110914881675,230366.0,1.525363986004879,0.03980779947584279,4155.TW,2026-09-18,0.04968941110771308,0.0654704180397665,bull,0.28186046511627905,0.26046511627906976,2026-03-31,2026-05-15,383779000.0,122643000.0,60100000.0,74753000.0,11183000.0,55352000.0,0.39,1271738000.0,511347000.0,3888106000.0,1297683000.0,2590423000.0,305794000.0,215000000.0,678514000.0,,0.1495993471833906,51109079.234278224,3376759000.0,0.0151355424637287,0.0213679387497717,0.0142362373865321,0.5009540912816169,0.3195667298106462,0.1566005435419864,0.1442288400355413,-0.0693423930703681,,,50.12101486575806,50.12101486575806,False,67.60445336943272,67.60445336943272,63.23359374351406,363.0,True,False,True,True,True,False,True,True,False,False,True,True,True,True,False,False,False,10,False,0.013321418930157591,0.04407750707950164,1.0,3490044.8121223445,0.7469767441860465,0.0,3.0,,,,,,0.0723268830776143,0.04968092761290519,0.21581213509804467,-1.2708011226955522,0.7300884955752213,-1.2708011226955522,0.7745274532979558,-363.0,0.6460176991150443,0.3805309734513274,0.8584070796460177,0.6778761061946902,0.6088495575221239,訊映
236.0,240.0,229.0,240.0,2048518.0,-0.008264462809917328,232.6,0.18518518518518512,227.85,0.19700748129675816,214.47408091227214,0.7391304347826086,214.9578737894694,0.024390243902438945,60.53811659192825,3093522.25,0.6621959806495654,0.053324555628703196,4576.TW,2026-09-18,0.04968941110771308,0.0654704180397665,bull,0.06604651162790698,0.09116279069767441,2026-03-31,2026-05-15,855045000.0,333579000.0,142385000.0,156336000.0,25448000.0,115509000.0,0.96,2993873000.0,1467204000.0,7172640000.0,2677573000.0,4495067000.0,739838000.0,80000000.0,1087969000.0,,0.1627776072049943,119207910.39811689,5705436000.0,0.0208937424586161,0.0256968361094506,0.0161041122933815,0.5956692080451749,0.3901303440169815,0.1665233993532504,0.135091135554269,0.454690065244945,,,70.19733381714003,70.19733381714003,False,84.67004406603314,84.67004406603314,81.05186650380986,161.0,True,True,True,True,True,True,True,True,True,True,True,True,False,True,True,False,False,13,False,0.1190163351168243,0.11649783173356543,1.0,742445340.0,0.1330232558139535,2.0,3.0,,,,,,-0.010750349235943394,-0.09133429064671152,0.2332867531769914,-1.7844591258337166,0.2982300884955752,-1.7844591258337166,0.26924358029038337,-161.0,0.831858407079646,0.9292035398230089,0.20353982300884957,0.7376106194690264,0.7353982300884956,大銀微系統
134.0,134.0,131.0,133.0,256047.0,0.04313725490196085,130.6,0.07102592746938985,126.49770851135254,0.08130081300813008,127.65161730448405,0.08571428571428563,126.07580865224203,0.012144810340721941,68.9655172413793,329974.35,0.7759603132788958,0.05140244487562318,4736.TW,2026-09-18,0.04968941110771308,0.0654704180397665,bull,0.16279069767441862,0.1888372093023256,2026-03-31,2026-05-15,1074466000.0,531890000.0,272939000.0,362978000.0,69184000.0,284846000.0,2.99,7743817000.0,2835366000.0,13071771000.0,3115964000.0,9955807000.0,2352593000.0,940000000.0,169444000.0,,0.1906010832612444,220916530.9357592,10236405000.0,0.0215814566672341,0.0286110407724858,0.0217909264169331,0.3129795505276468,0.4950272972806957,0.2540229285989505,0.2651047124804321,0.0999991809891194,,,73.12470502530472,73.12470502530472,False,60.82831119753423,60.82831119753423,63.902409654476855,136.0,True,False,True,True,True,False,True,True,True,True,True,True,False,True,True,False,False,11,False,0.0418982760144635,0.054920856124406336,1.0,43886588.55,0.40651162790697676,2.0,3.0,,,,,,0.051116875243779634,0.008894200313044835,0.21461853359298014,-1.3122936729681667,0.656637168141593,-1.3122936729681667,0.6145449486025976,-136.0,0.8584070796460177,0.4424778761061947,0.6548672566371682,0.8278761061946903,0.6929203539823009,泰博
60.70000076293945,60.79999923706055,59.29999923706055,60.29999923706055,61578.0,0.0325342065331915,58.15999984741211,0.05789472345720248,57.93499984741211,0.05789472345720248,57.160000038146975,-0.08774583012027315,58.69083340962728,0.004246834559214524,60.00000565140499,100392.15,0.6133746513049079,0.040821599997882485,4737.TW,2026-09-18,0.04968941110771308,0.0654704180397665,bull,0.20186046511627906,0.23627906976744187,2026-03-31,2026-05-15,405264000.0,122255000.0,-88509000.0,-100891000.0,-21625000.0,-79924000.0,-1.09,1492041000.0,1758421000.0,5654786000.0,3442043000.0,2212743000.0,387476000.0,517663000.0,1666248000.0,,0.2143402285634992,-69537960.71007325,3896365000.0,-0.0178468805438076,-0.0361198747437004,-0.0141338681958963,1.555554802342613,0.3016675549765091,-0.2183983773540211,-0.1972146551383789,-0.1582270724761705,,,15.873895957923814,15.873895957923814,False,75.32790447037688,75.32790447037688,60.46440234226361,936.0,True,True,True,True,True,True,True,True,True,False,True,True,False,True,False,False,False,12,False,0.05493350589254775,0.027417668721829935,1.0,6053646.568406868,0.6734883720930233,1.0,3.0,,,,,,-0.03218813281897363,-0.07937650611082193,0.1514658029817268,-1.785695209223226,0.18982300884955752,-1.785695209223226,0.22840809547593097,-936.0,0.1415929203539823,0.2743362831858407,0.1504424778761062,0.14292035398230088,0.18318584070796462,華廣
93.0999984741211,98.6999969482422,92.1999969482422,98.6999969482422,587265.0,0.0966666327582466,91.65999908447266,0.08342479255123214,95.06512260437013,0.1792114760682202,89.74837443033854,0.059333298668587275,91.21831671396892,0.000842232337626236,51.78638167689509,799641.5,0.7344103576415181,0.03823562463595853,4912.TW,2026-09-18,0.04968941110771308,0.0654704180397665,bull,0.14883720930232558,0.10046511627906977,2026-03-31,2026-05-15,1740520000.0,347686000.0,96486000.0,119505000.0,29737000.0,88059000.0,1.35,5718665000.0,3540355000.0,8497344000.0,4357124000.0,4140220000.0,1833571000.0,1475118000.0,85900000.0,,0.2488347767875821,72476927.72687335,4956989000.0,0.0146211596852188,0.0212691596098758,0.010363120523307,1.052389486549024,0.1997598418863328,0.0554351573093098,0.0505935007928665,0.1385875004742698,,,39.66467030210741,39.66467030210741,False,71.20955786695004,71.20955786695004,63.32333597573938,516.0,True,False,True,True,True,True,True,True,True,True,True,True,False,True,False,False,False,12,False,0.09974133319653355,0.08201949459047153,1.0,78924613.60968782,0.34325581395348836,1.0,3.0,,,,,,0.03947178066466666,-0.003368245527027199,0.22606247784029102,-1.4892431884005692,0.6039823008849557,-1.4892431884005692,0.645159051608548,-516.0,0.5132743362831859,0.3893805309734513,0.6637168141592921,0.5358407079646018,0.5061946902654867,聯德控股-KY
184.0,184.0,179.5,183.5,1181516.0,0.07941176470588229,180.4,0.10542168674698793,170.825,0.16670906297180443,166.23433329264324,0.28337988211247334,161.57049789428712,0.02397722163944253,73.86363636363637,892097.45,1.3244248148002218,0.07419874140201976,4961.TW,2026-09-18,0.04968941110771308,0.0654704180397665,bull,0.11627906976744186,0.10511627906976745,2026-03-31,2026-05-15,4501219000.0,1251280000.0,294573000.0,378167000.0,58735000.0,224263000.0,1.86,18756288000.0,2898638000.0,26661399000.0,3800040000.0,22861359000.0,2014179000.0,,,,0.155314979889837,248821400.42891103,23762761000.0,0.0104710643863695,0.0098096967901164,0.0084115240914402,0.1662210894811634,0.2779869186547022,0.0654429389016619,0.049822725799389,-0.0343346930509377,,,36.99914354663914,36.99914354663914,False,77.77048950373606,77.77048950373606,67.57765301446183,574.0,True,True,True,True,True,True,True,False,True,True,True,True,True,True,False,False,False,13,False,0.10386342198612986,0.13572714320693002,1.0,163699882.075,0.2567441860465116,2.0,3.0,,,,,,-0.002375825007437067,-0.06389209064835753,0.19774860912242173,-1.798588795608908,0.28584070796460176,-1.798588795608908,0.33369110715059014,-574.0,0.4336283185840708,0.6017699115044248,0.23008849557522124,0.40309734513274337,0.4433628318584071,天鈺
175.0,178.0,172.0,175.0,3416339.0,0.0,170.4,0.16279069767441867,169.75472717285157,0.06382978723404253,151.9097994486491,-0.07894736842105265,179.6007330576579,0.027541584783100096,53.16483234173611,4691108.75,0.7282583248576363,0.030899126725392856,4977.TW,2026-09-18,0.04968941110771308,0.0654704180397665,bull,0.07813953488372093,0.2241860465116279,2026-03-31,2026-05-15,208300000.0,41099000.0,-8317000.0,-88315000.0,5740000.0,-94055000.0,-1.18,3005487000.0,951803000.0,4955037000.0,1064787000.0,3890250000.0,446368000.0,200822000.0,,,0.0,-8317000.0,4003234000.0,-0.002077570284425,-0.0241771094402673,-0.0189816947885555,0.2737065741276268,0.1973067690830532,-0.0399279884781565,-0.4515362457993279,-0.2369655920201913,,,18.25741914624708,18.25741914624708,False,70.9203481752983,70.9203481752983,57.7546159180355,888.0,True,False,True,True,True,True,True,True,True,False,True,True,False,True,False,False,False,11,False,0.15199941435744058,-0.025616449216724013,0.0,820944031.25,0.12465116279069767,2.0,3.0,,,,,,-0.06560694217142755,-0.15269738451302287,0.0763835303590165,-2.2666596307114895,0.06415929203539823,-2.2666596307114895,0.11776136940131562,-888.0,0.18584070796460178,0.168141592920354,0.08849557522123894,0.17123893805309734,0.16106194690265488,眾達-KY
1490.0,1505.0,1480.0,1495.0,725589.0,0.1368821292775666,1437.0,0.05653710247349819,1425.25,0.09523809523809534,1428.37373046875,0.34684684684684686,1392.3951985677083,0.004935660144544333,58.74999999999999,469321.9,1.5460369524626913,0.04893878266970697,5269.TW,2026-09-18,0.04968941110771308,0.0654704180397665,bull,0.2055813953488372,0.17674418604651163,2026-03-31,2026-05-15,3497963000.0,1778068000.0,807599000.0,1936464000.0,82474000.0,1853990000.0,24.85,10669746000.0,3568387000.0,41500017000.0,4404988000.0,37095029000.0,5726443000.0,,,,0.0425899990911269,773203359.324005,37931630000.0,0.020384132169485,0.0499794729908419,0.0446744395309524,0.1187487412396954,0.508315268057438,0.2308769418087041,0.5300199001533178,0.3940900795771613,,,87.63352452318074,87.63352452318074,False,70.5424933147034,70.5424933147034,74.81525111682274,47.0,True,False,True,True,True,False,True,True,True,True,False,True,True,True,True,False,False,11,False,0.046644843789857005,0.07368942491171793,1.0,701636240.5,0.14046511627906977,3.0,2.0,,,,,,0.04256354281320814,-0.06424253046936947,0.33562692058907284,-0.5228647422607661,0.7061946902654866,-0.5228647422607661,0.7424754250157278,-47.0,0.9292035398230089,0.7699115044247787,0.8230088495575221,0.9132743362831858,0.8601769911504424,祥碩
53.29999923706055,56.29999923706055,52.70000076293945,56.29999923706055,99168.0,0.060263669583700885,53.8,0.13224394660557137,53.083371925354,0.07238093784877231,53.104010327657065,0.0368324130405322,53.24283857345581,0.02226856744022126,70.96773135012812,118326.25,0.8380896039551663,0.06059576087649021,5283.TW,2026-09-18,0.04968941110771308,0.0654704180397665,bull,0.09302325581395349,0.20744186046511628,2026-03-31,2026-05-15,1223404000.0,353685000.0,-7455000.0,16910000.0,3240000.0,13670000.0,0.16,4507049000.0,2765436000.0,8209751000.0,3417985000.0,4791766000.0,676596000.0,1172000000.0,328000000.0,,0.1916026020106445,-6026602.602010644,5444315000.0,-0.0011069533269126,0.0028528104252169,0.0016650931313263,0.7133038215972983,0.2890991038119869,-0.006093653445632,0.011173741462346,-0.0336491827829927,,,23.489256314333275,23.489256314333275,False,62.07290255366101,62.07290255366101,52.42699099382908,797.0,True,False,True,True,True,False,True,True,True,True,True,True,True,True,False,False,False,12,False,0.06018356974706629,0.05741918998903417,1.0,6661767.784724236,0.6604651162790698,1.0,3.0,,,,,,0.02901871538301975,-0.0181643685341646,0.22667941202569586,-1.5531817821318419,0.518141592920354,-1.5531817821318419,0.3873739544344123,-797.0,0.2920353982300885,0.02654867256637168,0.2920353982300885,0.2920353982300885,0.21238938053097348,禾聯碩
535.0,545.0,532.0,540.0,814951.0,0.024667931688804545,536.6,0.05263157894736836,532.0,0.1020408163265305,528.3652709960937,0.7363344051446945,478.99513549804686,0.004247286455875413,62.13592233009709,544607.4,1.496400893561123,0.015037593984962516,5434.TW,2026-09-18,0.04968941110771308,0.0654704180397665,bull,0.21209302325581394,0.1702325581395349,2026-03-31,2026-05-15,18536692000.0,2517460000.0,1430469000.0,1720554000.0,385901000.0,1322921000.0,6.86,26594173000.0,20377745000.0,43809103000.0,24343457000.0,19465646000.0,6619207000.0,553886000.0,2499050000.0,0.0,0.2242888046524549,1109630817.8976076,23431358000.0,0.0473566584530699,0.0679618338893042,0.0301973998417634,1.25058562145844,0.1358095608428947,0.07716959422965,0.0713676960268854,0.1762262681445767,,,65.82773904429318,65.82773904429318,False,78.50906637159669,78.50906637159669,75.33873453977081,203.0,True,True,True,True,True,True,True,True,True,True,True,True,True,True,True,False,False,14,False,0.022020237972817602,0.127360091952754,1.0,294087996.0,0.2055813953488372,3.0,3.0,,,,,,0.053808360589124506,0.0035169953638979827,0.24902779497226077,0.18227899926382674,0.7769911504424779,0.18227899926382674,0.774737859855452,-203.0,0.7699115044247787,0.7964601769911505,0.8672566371681416,0.784513274336283,0.7973451327433628,崇越
27.5,27.5,27.049999237060547,27.299999237060547,30628342.0,0.0036764143866254706,27.329999923706055,0.08982036201706589,26.352499961853027,0.10526309286687163,25.540991973876956,0.17672406634876436,24.497995996475222,0.023497427727663653,74.64786613540336,20216071.7,1.5150491378599533,0.035954815542323715,5880.TW,2026-09-18,0.04968941110771308,0.0654704180397665,bull,0.13488372093023257,0.16465116279069766,2026-03-31,2026-05-15,16133084000.0,,,7244382000.0,1432147000.0,5589587000.0,,,,5429875285000.0,5139559219000.0,290316066000.0,54560035000.0,,,,0.1976907070886101,,5429875285000.0,,0.0192534539235593,0.001029413514421,17.70332344955377,,,0.3464673586277738,-0.0732164392268276,,,8.548521494786451,8.548521494786451,False,74.1255200796855,74.1255200796855,57.73127043346074,1052.0,True,False,True,True,True,True,True,False,True,True,True,True,True,True,False,False,False,12,False,0.06886996656130995,0.11437683478226046,1.0,551898741.9863613,0.15627906976744185,0.0,3.0,,,,,,-0.013069859283149828,-0.16459506232667825,0.1414713646602039,-1.1417837687847916,0.2442477876106195,-1.1417837687847916,0.21178439725422554,-1052.0,0.04424778761061947,0.1592920353982301,0.12389380530973451,0.05619469026548672,0.09469026548672566,合庫金
48.79999923706055,53.09999847412109,48.5,52.09999847412109,8922289.0,0.13137892154820197,49.859999847412105,0.17342334873016108,46.310000038146974,0.23459709791938987,44.07438163757324,0.1963260479183795,44.70802424748739,0.02951147578728354,67.35750916416998,2871786.3,3.1068777645467565,0.1250269581344141,6112.TW,2026-09-18,0.04968941110771308,0.0654704180397665,bull,0.07255813953488371,0.07348837209302325,2026-03-31,2026-05-15,6018223000.0,834764000.0,167785000.0,90440000.0,48570000.0,32807000.0,0.17,11930415000.0,9613507000.0,15361762000.0,10271180000.0,5090582000.0,1349634000.0,3751754000.0,180432000.0,,0.4,100671000.0,5748255000.0,0.017513314910351,0.0064446462113762,0.0021356274104494,2.017682850408853,0.1387060599117048,0.0278794920028719,0.0054512768968514,0.2736882851262932,,,29.171201546523523,29.171201546523523,False,83.92214744032792,83.92214744032792,70.23441096687682,694.0,True,True,True,True,True,True,True,True,True,True,False,True,False,True,False,False,False,12,False,0.1820925566816356,0.16533887039414696,1.0,149620061.84800184,0.2688372093023256,1.0,3.0,,,,,,0.03127127176772335,-0.023084590376922974,0.2700850565320951,-1.5445452072057941,0.5628318584070796,-1.5445452072057941,0.5691586591702883,-694.0,0.34513274336283184,0.6814159292035398,0.584070796460177,0.3809734513274336,0.4938053097345133,邁達特
14.75,15.149999618530272,14.699999809265137,15.050000190734863,1231001.0,0.003333346048990826,15.039999961853027,0.06737587117470079,14.29249997138977,0.1532567027408891,13.460833311080933,-0.08510641381602124,14.369583336512248,0.01870990737956479,59.78262018842544,1133170.55,1.0863333855614232,0.05299984053604545,6152.TW,2026-09-18,0.04968941110771308,0.0654704180397665,bull,0.17116279069767443,0.12093023255813953,2026-03-31,2026-05-15,331599000.0,67905000.0,-74688000.0,-37067000.0,0.0,-37057000.0,-0.22,2369207000.0,1662086000.0,2991955000.0,1740955000.0,1251000000.0,751624000.0,571363000.0,46921000.0,,-0.0,-74688000.0,1329869000.0,-0.056161922715696,-0.0296219024780175,-0.012385547242522,1.391650679456435,0.2047804727999783,-0.2252359024001881,-0.1117524479868757,-0.1247891807146872,,,12.786538756616617,12.786538756616617,False,80.62531448771574,80.62531448771574,63.66562055494096,994.0,True,True,True,True,True,True,True,True,True,True,True,True,True,True,False,False,False,14,False,0.11805858099035604,0.04735118884718936,1.0,17054216.99363513,0.5348837209302325,0.0,3.0,,,,,,-0.025191354805396998,-0.0836003735977982,0.16700399755994608,-1.879984032269307,0.1823008849557522,-1.879984032269307,0.24470721470088924,-994.0,0.10619469026548672,0.4247787610619469,0.168141592920354,0.11548672566371682,0.21415929203539824,百一
48.45000076293945,50.29999923706055,48.45000076293945,50.29999923706055,517834.0,0.06230202445627886,48.26999969482422,0.04573806305052397,48.44999961853027,0.07708776049909627,48.98499978383382,0.09466808273982763,48.72916657129924,0.004353238630573068,46.83544670536086,291728.85,1.775052415967773,0.038183686957609764,6165.TW,2026-09-18,0.04968941110771308,0.0654704180397665,bull,0.23162790697674418,0.19627906976744186,2026-03-31,2026-05-15,846893000.0,253272000.0,99050000.0,102509000.0,21506000.0,80227000.0,1.09,1574926000.0,1494405000.0,3353487000.0,2068820000.0,1284667000.0,826678000.0,320000000.0,500000000.0,0.0,0.2097962130154425,78269685.10082042,1859082000.0,0.0421012548670905,0.062449646484264,0.0239234563903184,1.6103939775832958,0.2990602118567517,0.1169569237199976,0.0947309754597097,0.0646836157552854,,,65.88343003781296,65.88343003781296,False,59.867389826581004,59.867389826581004,61.37139987938899,202.0,True,False,True,True,True,False,True,False,False,True,True,True,True,True,True,False,False,10,False,0.026844941492899732,0.03223598465331645,1.0,14673960.93242855,0.5562790697674419,1.0,3.0,,,,,,0.07337615559189815,0.039932158398157405,0.23194938541291557,-0.4560924606696162,0.8075221238938053,-0.4560924606696162,0.8409786492658226,-202.0,0.7787610619469026,0.30973451327433627,0.9292035398230089,0.8013274336283185,0.668141592920354,浪凡
88.80000305175781,90.0,87.0,89.19999694824219,1291460.0,0.01942853655133936,87.0,0.18302380826380782,83.05000038146973,0.1925132795318245,70.47666676839192,1.2736957355644485,70.60864661534627,0.05701921722800986,62.27271994283504,2234215.1,0.5780374503779873,0.0740517343591085,6224.TW,2026-09-18,0.04968941110771308,0.0654704180397665,bull,0.06790697674418604,0.09302325581395349,2026-03-31,2026-05-15,713234000.0,230515000.0,42553000.0,67484000.0,17642000.0,53918000.0,0.64,2519578000.0,1589974000.0,4008179000.0,1826099000.0,2182080000.0,635781000.0,633794000.0,35000000.0,,0.2614249303538616,31428584.938652128,2418205000.0,0.0129966586532788,0.0247094515324827,0.0134519940351965,0.836861618272474,0.3231968750788661,0.0596620463971151,0.0755965082988191,-0.005489625207935,,,42.538182454550814,42.538182454550814,False,85.39405389576791,85.39405389576791,74.68008603546363,470.0,True,True,True,True,True,True,True,True,True,True,True,True,False,True,False,False,False,13,False,0.26566707874225814,0.2633013267365929,1.0,199291980.1017166,0.2372093023255814,1.0,3.0,,,,,,0.022056908720184957,-0.033241546539361774,0.2499681596249084,-1.6285444533570466,0.4676991150442477,-1.6285444533570466,0.4865582135719779,-470.0,0.5663716814159292,0.7610619469026548,0.48672566371681414,0.5544247787610619,0.6088495575221239,聚鼎
187.0,196.0,186.0,196.0,3899723.0,0.05093833780160861,185.8,0.048128342245989275,192.1,0.028871391076115582,179.28089141845703,1.0696938364963495,180.3821123758952,0.010653689333157995,47.2,4849595.25,0.8041337057974065,0.020301926080166677,6278.TW,2026-09-18,0.04968941110771308,0.0654704180397665,bull,0.22604651162790698,0.31906976744186044,2026-03-31,2026-05-15,12555084000.0,1419454000.0,723987000.0,799040000.0,170919000.0,627376000.0,2.17,37797116000.0,26839243000.0,53112334000.0,30850052000.0,22262282000.0,9566156000.0,4162457000.0,1773538000.0,,0.2139054365238286,569122244.7274228,26273091000.0,0.0216617924677162,0.0281811181800679,0.0118122468502325,1.3857542546626622,0.113058104589344,0.0576648471647023,0.0499698767447513,0.0113360711318526,,,34.433104916963885,34.433104916963885,False,61.933687638463496,61.933687638463496,55.0585419580886,608.0,True,False,True,True,True,True,True,False,False,False,True,True,True,True,False,False,False,10,False,0.09325650073057212,0.08658224154487648,1.0,950520669.0,0.11534883720930232,2.0,3.0,,,,,,0.01505282166217989,-0.05332464670701259,0.23316786341757414,-0.9636493943508537,0.504424778761062,-0.9636493943508537,0.5287494348030096,-608.0,0.415929203539823,0.09734513274336283,0.5132743362831859,0.4305309734513274,0.3398230088495575,台表科
119.5,121.0,117.5,120.0,907226.0,0.03896103896103886,118.8,0.18811881188118806,106.51500015258789,0.5209125181149767,98.47181714375814,0.5056462308013507,91.30674203236897,0.05236377999318202,76.16279533968108,1037873.0,0.8741204367008295,0.12660188544424922,6416.TW,2026-09-18,0.04968941110771308,0.0654704180397665,bull,0.06279069767441861,0.020465116279069766,2026-03-31,2026-05-15,1057732000.0,271486000.0,132488000.0,135818000.0,38070000.0,99022000.0,1.35,4240170000.0,1810116000.0,6158927000.0,2539091000.0,3619836000.0,356630000.0,274239000.0,208323000.0,,0.2803015800556627,95351404.26158535,4348811000.0,0.0219258561159786,0.0273553829510508,0.016077800564936,0.7014381314512591,0.2566680406757099,0.1252566812765426,0.0936172867985463,-0.046140444062884,,,49.20522556408967,49.20522556408967,False,82.6046511627907,82.6046511627907,74.25479476311544,382.0,True,True,True,True,True,True,True,False,True,True,True,True,True,True,False,False,False,13,False,0.21862278447459804,0.31425125164863554,1.0,124544760.0,0.2958139534883721,2.0,3.0,,,,,,0.06513136708239792,0.0011366524707936883,0.3536862124314069,-1.3283298008100077,0.8066371681415929,-1.3283298008100077,0.7623089442498764,-382.0,0.6194690265486725,0.7433628318584071,0.8407079646017699,0.6526548672566371,0.7008849557522124,瑞祺電通
401.0,401.0,391.0,396.0,296221.0,0.07755102040816331,392.3,0.06451612903225801,382.45,0.2298136645962734,363.99899037679035,0.41428571428571437,332.9453285217285,0.01526413591717547,47.852760736196316,354791.15,0.8349165417457566,0.03542946790430124,6491.TW,2026-09-18,0.04968941110771308,0.0654704180397665,bull,0.18232558139534882,0.07813953488372093,2026-03-31,2026-05-15,1885667000.0,1005547000.0,542809000.0,566411000.0,88526000.0,472275000.0,6.06,6983966000.0,4705377000.0,16639674000.0,5326767000.0,11312907000.0,1204500000.0,831456000.0,457203000.0,,0.1562928686060122,457971824.2848391,11934297000.0,0.0383744282788369,0.0417465643446021,0.0283824671084301,0.4708574904752598,0.5332579930602805,0.2878604758952667,0.2504551439888379,0.1833499738625503,,,86.74813401220891,86.74813401220891,False,70.52919984473829,70.52919984473829,74.58393338660593,52.0,True,False,True,True,True,True,True,False,True,True,True,True,True,True,True,False,False,12,False,0.08791510545148506,0.1893844606807764,1.0,140497295.4,0.28,2.0,2.0,,,,,,0.040529536368455875,-0.016512250407908713,0.3249364925671005,-1.1446913455664283,0.718141592920354,-1.1446913455664283,0.7104074513753987,-52.0,0.911504424778761,0.7522123893805309,0.7876106194690266,0.8929203539823009,0.8389380530973451,晶碩
85.19999694824219,86.5,84.0999984741211,86.5,22183128.0,0.03468901410059977,83.78000030517578,0.1411609039241859,78.71999931335449,0.6168224299065421,72.7399995803833,0.5685444642803781,62.43531452814738,0.03742751955717337,70.44025941870709,26298324.1,0.8435186940296321,0.0988313103977081,6505.TW,2026-09-18,0.04968941110771308,0.0654704180397665,bull,0.08930232558139535,0.01581395348837209,2026-03-31,2026-05-15,161989437000.0,27190906000.0,24513957000.0,25616191000.0,5209581000.0,20407731000.0,2.14,296450387000.0,65693610000.0,463713281000.0,83114597000.0,380598684000.0,63985692000.0,123643000.0,1500200000.0,8100000000.0,0.2033706338307674,19528538027.20982,398019671000.0,0.0490642534780895,0.0536200776774099,0.0440093735421824,0.2183785716925915,0.1678560436011639,0.1513305895371437,0.1259818626321912,-0.0650893152444253,,,66.8716639923295,66.8716639923295,False,80.16152392849118,80.16152392849118,76.83905894445076,193.0,True,True,True,True,True,True,True,True,True,True,True,True,True,True,True,False,False,14,False,0.18916690265320724,0.3854338791070504,1.0,2274805034.65,0.06697674418604652,1.0,3.0,,,,,,0.026076017017491838,-0.02378699477268111,0.1910469139688486,-1.5157059373975639,0.4588495575221239,-1.5157059373975639,0.4232962213508566,-193.0,0.7964601769911505,0.8584070796460177,0.39823008849557523,0.7367256637168141,0.7353982300884956,台塑化
126.0,128.5,121.0,123.0,37040.0,0.004081632653061273,123.2,0.06034482758620685,119.0,0.05780931652126298,118.48199183146158,-0.003930499899508555,122.27298596700032,0.015791720017072082,71.875,10081.8,3.673947112618779,0.03361344537815136,6655.TW,2026-09-18,0.04968941110771308,0.0654704180397665,bull,0.19534883720930232,0.2372093023255814,2026-03-31,2026-05-15,687007000.0,340112000.0,96868000.0,95154000.0,19876000.0,74535000.0,0.95,1653170000.0,1542338000.0,8911558000.0,6212397000.0,2699161000.0,133379000.0,120000000.0,4331345000.0,,0.2088824431973432,76633975.49235976,7369220000.0,0.0103991976752437,0.0276141363927531,0.0083638573636618,2.3016029795925474,0.4950633690777532,0.1410000189226601,0.1084923443283693,0.2628433722537573,,,53.17068876203258,53.17068876203258,False,66.01042277376067,66.01042277376067,62.80048927082865,322.0,True,False,True,True,True,True,True,True,True,False,True,True,False,True,False,False,False,11,False,0.03813244611016664,0.0059458270954133585,1.0,1240061.4,0.8716279069767442,2.0,3.0,,,,,,0.015354611845479248,-0.016171134576289957,0.12560835131416964,-1.142342056764821,0.42610619469026545,-1.142342056764821,0.4019444747119052,-322.0,0.6902654867256637,0.34513274336283184,0.30973451327433627,0.6331858407079646,0.5106194690265486,科定
299.5,309.5,297.0,302.0,5883062.0,0.03424657534246567,297.0,0.12897196261682242,286.175,0.03424657534246567,266.525,1.4019404969762563,233.9210573832194,0.013277861379127202,62.05357142857144,4763616.6,1.2349990551296677,0.05529833144055196,6672.TW,2026-09-18,0.04968941110771308,0.0654704180397665,bull,0.09581395348837209,0.2986046511627907,2026-03-31,2026-05-15,1245827000.0,423777000.0,145352000.0,148482000.0,24894000.0,123588000.0,1.73,4606299000.0,1439948000.0,6456499000.0,2742865000.0,3713634000.0,1563255000.0,30000000.0,69263000.0,896840000.0,0.1676566856588677,120982765.42611226,5016551000.0,0.0241167219123481,0.0332795315855035,0.0191416431722517,0.7385932485538425,0.3401571807321562,0.1166710947828229,0.0992015745364324,0.2185628742514969,,,64.4879602565514,64.4879602565514,False,80.0563499417707,80.0563499417707,76.16425252046588,216.0,True,True,True,True,True,True,True,True,True,False,True,True,True,True,True,False,False,13,False,0.13310196041647138,0.2910338358519422,1.0,1438612213.1999998,0.09023255813953489,2.0,3.0,,,,,,0.007607964024448586,-0.09663110037762847,0.29094682616512774,-1.536903705294752,0.4442477876106195,-1.536903705294752,0.46011649519150055,-216.0,0.7433628318584071,0.8230088495575221,0.4247787610619469,0.6955752212389381,0.7035398230088495,騰輝電子-KY
66.19999694824219,68.4000015258789,65.5,66.80000305175781,1046438.0,0.04212175728407841,67.82000122070312,0.09328976628454355,63.24500026702881,0.05529232001393303,62.009277979532875,-0.10933329264322922,65.76297229131063,0.028123226956816943,60.96491734406802,850029.15,1.231061311250326,0.056210020866777066,6689.TW,2026-09-18,0.04968941110771308,0.0654704180397665,bull,0.12930232558139534,0.2483720930232558,2026-03-31,2026-05-15,2999372000.0,296415000.0,27090000.0,40085000.0,5887000.0,35920000.0,0.53,5211395000.0,2968224000.0,6443388000.0,3197443000.0,3245945000.0,1354554000.0,111870000.0,108816000.0,,0.1468629163028564,23111483.59735562,3475164000.0,0.0066504727826818,0.0110661147986179,0.0055747069709289,0.9850576642549396,0.0988256875105855,0.0090318906757814,0.0119758402758977,-0.0624809135848389,,,19.00692107785916,19.00692107785916,False,81.48232651081423,81.48232651081423,65.86347515257546,872.0,True,True,True,True,True,True,True,True,True,False,True,True,True,True,False,False,False,13,False,0.07725819793944688,0.015769219734373285,1.0,56781949.8140831,0.3776744186046512,1.0,3.0,,,,,,-0.0005979456967968556,-0.062427586356076425,0.15475132362853194,-1.909291921848471,0.21858407079646017,-1.909291921848471,0.3182052619774437,-872.0,0.22123893805309736,0.504424778761062,0.21238938053097345,0.21991150442477878,0.30442477876106194,伊雲谷
146.0,150.0,142.5,149.5,6089807.0,0.08727272727272717,147.2,0.28326180257510725,130.05,0.04181184668989557,123.98166669209799,0.2204081632653061,142.803333346049,0.05903908794788285,69.92481203007519,5102797.85,1.193425093255458,0.1495578623606304,6706.TW,2026-09-18,0.04968941110771308,0.0654704180397665,bull,0.025116279069767444,0.2772093023255814,2026-03-31,2026-05-15,159976000.0,-3214000.0,-123330000.0,-80238000.0,-4889000.0,-75349000.0,-0.96,3540957000.0,1611622000.0,7728619000.0,3966106000.0,3762513000.0,918596000.0,169260000.0,1768588000.0,483649000.0,0.0609312295919639,-115815351.45442308,6116997000.0,-0.0189333673785393,-0.0200262430986949,-0.0097493484929196,1.0541109093842334,-0.0200905135770365,-0.7709281392208831,-0.4710019002850427,-0.6193748245292625,,,10.295709474157496,10.295709474157496,False,79.01169703570162,79.01169703570162,61.832700145315584,1033.0,True,True,True,True,True,True,True,True,True,False,True,True,True,True,False,False,False,13,False,0.205823441390536,0.04689433010448907,1.0,762868278.5749999,0.12930232558139534,2.0,3.0,,,,,,0.03622900271376387,0.015390814492999408,0.19313053324846818,-1.3889901918117593,0.5964601769911505,-1.3889901918117593,0.4643420812375062,-1033.0,0.061946902654867256,0.3274336283185841,0.4424778761061947,0.11902654867256637,0.21769911504424783,惠特
127.0,130.5,122.5,129.5,19932875.0,0.14601769911504414,121.7,0.37765957446808507,116.7599998474121,0.3602941612530286,94.77516644795736,0.5948276461456616,98.47174975077311,0.08131135330533068,59.81308411214953,6799421.7,2.9315544585210827,0.10911271128157907,8103.TW,2026-09-18,0.04968941110771308,0.0654704180397665,bull,0.012093023255813953,0.037209302325581395,2026-03-31,2026-05-15,910083000.0,345551000.0,129570000.0,118832000.0,28319000.0,90670000.0,1.17,4806255000.0,2292724000.0,6664637000.0,2807482000.0,3857155000.0,2444140000.0,830000000.0,60524000.0,,0.2383112292985054,98692014.01979265,4371913000.0,0.0225741029201158,0.0235069630336348,0.0136046419332365,0.7278634122818503,0.3796917424015172,0.1423716298403552,0.0996282756627692,0.2327956035203264,,,63.77372008138453,63.77372008138453,False,91.48090725337268,91.48090725337268,84.55411046037564,225.0,True,True,True,True,True,True,True,True,True,True,False,True,True,True,True,False,False,13,False,0.3663916915525611,0.31509798828352076,1.0,880525110.15,0.11906976744186047,2.0,3.0,,,,,,0.053264548769085214,-0.03987706855974156,0.31022796284293364,-1.5306811586452331,0.6460176991150443,-1.5306811586452331,0.6115695385196527,-225.0,0.7256637168141593,0.9823008849557522,0.6371681415929203,0.7123893805309734,0.7849557522123894,瀚荃
1350.0,1430.0,1330.0,1430.0,2470296.0,0.07518796992481214,1297.0,0.31192660550458706,1257.75,0.04379562043795615,1185.45,0.5977653631284916,1169.8,0.030098280098280097,64.57142857142857,4084328.55,0.6048230375590132,0.1369509043927648,8996.TW,2026-09-18,0.04968941110771308,0.0654704180397665,bull,0.021395348837209303,0.2725581395348837,2026-03-31,2026-05-15,3422971000.0,993397000.0,708890000.0,760217000.0,154549000.0,605668000.0,6.54,6117858000.0,3808253000.0,8901358000.0,4255580000.0,4645778000.0,1874428000.0,690000000.0,245167000.0,0.0,0.2032959010387823,564775568.7126175,5093105000.0,0.1108902268287454,0.1303695527422963,0.0680422020999492,0.91601019248014,0.2902148455245458,0.2070978690733868,0.1769421943685763,2.3761538742261066,,,90.21884377245992,90.21884377245992,True,83.57593207825767,83.57593207825767,85.23666000180823,30.0,True,True,True,True,True,True,True,True,True,False,True,True,False,True,True,True,False,12,False,0.20629296891475812,0.22243118481791768,1.0,5840589826.5,0.03627906976744186,3.0,1.0,,,,,,0.027056628891680902,-0.07637721475874307,0.22327346677836116,-1.0911476177070791,0.502212389380531,-1.0911476177070791,0.5355307410127648,-30.0,0.9734513274336283,0.9911504424778761,0.5398230088495575,0.9084070796460176,0.8920353982300885,高力
242.0,255.5,242.0,251.0,2098972.0,0.08658008658008653,231.6,0.1839622641509433,224.675,0.1952380952380952,219.85,0.16024451449838706,224.48333333333332,0.020786006360745193,66.24472573839662,685190.45,3.063341002490622,0.11716924446422605,4770.TW,2026-09-18,0.04968941110771308,0.0654704180397665,bull,0.06697674418604652,0.09209302325581395,2026-03-31,2026-05-15,1058605000.0,369927000.0,210485000.0,236117000.0,34491000.0,201626000.0,2.52,8447386000.0,2125986000.0,10526887000.0,2447197000.0,8079690000.0,2937319000.0,150000000.0,208913000.0,,0.1460758861073112,179738217.11270258,8400901000.0,0.0213951119186742,0.024954670290568,0.0191534306390863,0.3028825363349336,0.3494476221064514,0.1988324256923026,0.1904638651810637,0.0960345809390692,,,66.86426683810382,66.86426683810382,False,84.62500275571252,84.62500275571252,80.18481877631035,194.0,True,True,True,True,True,True,True,True,True,True,True,True,False,True,True,False,False,13,False,0.1416875142142371,0.11812309748310934,1.0,171982802.95,0.25488372093023254,2.0,3.0,,,,,,0.012108322750506896,-0.08268710304718033,0.2496178598167727,-1.7009061014804157,0.38318584070796463,-1.7009061014804157,0.38532020160432745,-194.0,0.7876106194690266,0.9026548672566371,0.2831858407079646,0.7119469026548673,0.7212389380530972,上品
2195.0,2295.0,2155.0,2295.0,1513886.0,0.06744186046511635,2124.0,0.30028328611898014,2141.0,0.39939024390243905,1755.1319478352864,0.25409836065573765,1812.5659739176433,0.03278972616160071,49.583333333333336,1535634.95,0.9858371613644246,0.0719290051377861,6805.TW,2026-09-18,0.04968941110771308,0.0654704180397665,bull,0.024186046511627906,0.03255813953488372,2026-03-31,2026-05-15,4183854000.0,1351837000.0,1120299000.0,1165338000.0,248078000.0,917260000.0,13.38,14924697000.0,8114461000.0,16208746000.0,8785852000.0,7422894000.0,8031178000.0,410000000.0,,,0.2128807264501801,881808935.0385897,8094285000.0,0.1089421653720606,0.1235717497784556,0.0565904358054595,1.1836154470210676,0.3231080721267998,0.2677672308832956,0.219238051805823,0.858077701800986,,,90.14552363242608,90.14552363242608,True,79.45454887776124,79.45454887776124,82.12729256642746,31.0,True,True,True,True,True,True,True,False,True,True,True,True,True,True,True,True,False,13,False,0.30759399760830886,0.2661608090543781,1.0,3524282210.25,0.05116279069767442,3.0,2.0,,,,,,0.12864960586289884,0.013099035646672046,0.2890139838507777,-0.14800194839121456,0.8942477876106194,-0.14800194839121456,0.8347215428184469,-31.0,0.9646017699115044,0.9469026548672567,0.9203539823008849,0.9579646017699114,0.9504424778761061,富世達
66.9000015258789,68.80000305175781,65.0,67.4000015258789,18676694.0,0.0923825071711053,63.76000061035156,0.176265312797524,62.91500015258789,0.11016794359342175,58.9150000890096,0.4321747138265668,62.953153165181476,0.02743529212695924,63.18182511763139,14534573.7,1.2849839551881732,0.07128667825500323,3714.TW,2026-09-18,0.04968941110771308,0.0654704180397665,bull,0.07069767441860465,0.16,2026-03-31,2026-05-15,5245484000.0,584329000.0,-306588000.0,-119121000.0,18834000.0,-149358000.0,-0.2,29431729000.0,8058738000.0,52475692000.0,9694529000.0,42781163000.0,12182867000.0,0.0,129498000.0,,0.0,-306588000.0,44416954000.0,-0.0069024994374895,-0.0034912094372001,-0.002846232118292,0.226607420653805,0.1113965841855584,-0.0584479906906588,-0.0284736356073147,-0.0685880333927878,,,15.872736937423232,15.872736937423232,False,84.77024245122536,84.77024245122536,67.54586607277483,937.0,True,True,True,True,True,True,True,True,True,True,True,True,True,True,False,False,False,14,False,0.14402107144275722,0.07063742063927192,1.0,979630289.5579994,0.11348837209302326,1.0,3.0,,,,,,-0.04142666166013536,-0.12612294574711194,0.21088772303274025,-2.05794003370794,0.1836283185840708,-2.05794003370794,0.09589916963284617,-937.0,0.13274336283185842,0.5929203539823009,0.05309734513274336,0.12079646017699117,0.25486725663716814,富采
523.0,563.0,516.0,563.0,2576258.0,0.026469771962423838,537.4055297851562,0.2186147186147187,547.2691864013672,0.13508064516129026,452.3063954671224,0.24745957454318535,572.3678192138672,0.05058645000461806,57.99799832073278,2577145.25,0.9996557237121191,0.02874419753480484,6830.TW,2026-09-18,0.04968941110771308,0.0654704180397665,bull,0.04930232558139535,0.13209302325581396,2026-03-31,2026-05-15,578726000.0,124911000.0,-8825000.0,-21082000.0,10771000.0,-31853000.0,-0.61,1597883000.0,1337928000.0,6462425000.0,3231054000.0,3231371000.0,678445000.0,205000000.0,1336980000.0,0.0,0.0,-8825000.0,5124497000.0,-0.0017221202393132,-0.0098574258418485,-0.0049289546880621,0.9999018992248182,0.2158378921976894,-0.0152490124860469,-0.0550398634241419,0.2453942710563748,,,27.646116546874687,27.646116546874687,False,79.27839702432185,79.27839702432185,66.37032690496005,719.0,True,True,True,True,True,True,True,True,True,True,True,True,True,True,False,False,False,14,False,0.24473146000634816,-0.016366781813019537,0.0,1450932775.75,0.08837209302325581,3.0,3.0,,,,,,-0.058549459197213244,-0.13936717052532085,0.22266894774228763,-1.8078780294447223,0.2154867256637168,-1.8078780294447223,0.1936180253379445,-719.0,0.336283185840708,0.5486725663716814,0.10619469026548672,0.3017699115044248,0.35398230088495575,汎銓
219.0,219.5,211.5,215.0,458619.0,0.06699751861042191,209.7,0.08040201005025116,208.725,0.14666666666666672,200.84036051432292,0.1436170212765957,195.8743469238281,0.012490904681057426,50.0,246248.85,1.862420880341167,0.030063480656365993,4771.TW,2026-09-18,0.04968941110771308,0.0654704180397665,bull,0.15348837209302327,0.12372093023255815,2026-03-31,2026-05-15,1030727000.0,422528000.0,298124000.0,310643000.0,69136000.0,214777000.0,3.66,2662213000.0,1036935000.0,7439213000.0,2725761000.0,4713452000.0,939697000.0,0.0,1180020000.0,,0.2225577270371455,231774200.18477803,6402278000.0,0.0362018331888709,0.0455668159981262,0.0288709302986754,0.5782939976900158,0.4099320188565934,0.2892366261871475,0.208374283394148,0.2716625438753415,,,87.83714193650803,87.83714193650803,False,72.6207749665828,72.6207749665828,76.4248667090641,44.0,True,False,True,True,True,True,True,True,True,True,True,True,True,True,True,False,False,13,False,0.07050196210271831,0.09764245995729848,1.0,52943502.75,0.3841860465116279,2.0,2.0,,,,,,0.0380251394911339,-0.022831941250215208,0.27946504736229855,-1.545763645683509,0.5969026548672566,-1.545763645683509,0.5323791082388146,-44.0,0.9380530973451328,0.8495575221238938,0.5309734513274337,0.8769911504424779,0.8300884955752214,望隼
299.0,305.0,293.0,303.5,733950.0,0.051993067590987874,289.1,0.16730769230769238,284.525,0.21399999999999997,273.43912200927736,0.2541322314049588,283.84456100463865,0.0183428775948461,62.011173184357546,490421.1,1.496571008058177,0.06669009753097277,6937.TW,2026-09-18,0.04968941110771308,0.0654704180397665,bull,0.07534883720930233,0.08837209302325581,2026-03-31,2026-05-15,582447000.0,243295000.0,75551000.0,79509000.0,17753000.0,64817000.0,0.96,2979355000.0,819804000.0,4523134000.0,1044661000.0,3478473000.0,472664000.0,71200000.0,178118000.0,,0.2232828987913317,58681753.71341609,3703330000.0,0.0158456723309605,0.0186337510741063,0.0143301082833274,0.3003217216290021,0.4177118261404042,0.1297130897746919,0.1112839451486573,0.2629110526156022,,,64.73082411847425,64.73082411847425,False,89.10230665914148,89.10230665914148,83.00943602397466,214.0,True,True,True,True,True,True,True,True,True,True,True,True,True,True,True,False,False,14,False,0.10993627309007636,0.0692471926387912,1.0,148842803.85,0.26976744186046514,2.0,3.0,,,,,,-0.011632536264976954,-0.07709834873227733,0.19695446885505155,-1.9263534011705725,0.23407079646017698,-1.9263534011705725,0.24394090591411155,-214.0,0.7522123893805309,0.9557522123893806,0.1592920353982301,0.6632743362831858,0.6946902654867256,天虹
39.25,39.34999847412109,38.29999923706055,39.34999847412109,10495.0,0.01417523834730372,38.97999954223632,0.04654255508027405,38.36000003814697,0.11158182988649212,36.8658332824707,0.0167958061593656,37.090833282470705,0.01307275540906742,61.61613670639854,11025.8,0.9518583685537558,0.025808092674390437,6952.TW,2026-09-18,0.04968941110771308,0.0654704180397665,bull,0.2297674418604651,0.15906976744186047,2026-03-31,2026-05-15,561789000.0,116089000.0,26679000.0,24997000.0,5359000.0,21318000.0,0.32,666816000.0,1099448000.0,3770458000.0,1979405000.0,1791053000.0,133118000.0,355000000.0,864179000.0,,0.2143857262871544,20959403.20838501,2671010000.0,0.0078469954093713,0.0119024953477088,0.0056539550367621,1.1051627171278573,0.206641639476743,0.047489359884227,0.0379466312085142,1.5078410627954626,,,38.46602708214458,38.46602708214458,False,75.59631060722926,75.59631060722926,66.31373972595809,549.0,True,True,True,True,True,True,True,True,False,True,True,True,True,True,False,False,False,13,False,0.06738394254149616,0.06090898995030325,1.0,433865.21317596425,0.9646511627906976,1.0,3.0,,,,,,0.0644537064908426,0.03040580696020331,0.2934965705709976,-1.140510361697052,0.8296460176991151,-1.140510361697052,0.7706082439147421,-549.0,0.4690265486725664,0.5398230088495575,0.8495575221238938,0.5261061946902654,0.5663716814159292,大武山
231.0,245.0,230.5,243.0,418192.0,0.11212814645308922,237.8,0.0848214285714286,225.8,0.11212814645308922,224.64166666666668,0.08954109517391773,227.10661722819006,0.015858733550781715,65.11627906976744,230640.75,1.813174818413485,0.07617360496014158,7765.TW,2026-09-18,0.04968941110771308,0.0654704180397665,bull,0.14325581395348838,0.1572093023255814,2026-03-31,2026-05-15,597577000.0,292990000.0,164586000.0,171875000.0,34375000.0,,3.38,2567338000.0,682012000.0,2932327000.0,735621000.0,2196706000.0,1288943000.0,,,,0.2,131668800.0,2250315000.0,0.0585112750881543,,,0.3348745803944633,0.4902966479633587,0.2754222468401561,,0.1576036527132864,,,92.62185241052016,92.62185241052016,False,81.76979320563585,81.76979320563585,84.48280800685693,25.0,True,True,True,True,True,True,True,True,True,True,False,True,True,True,True,False,False,13,False,0.08172274362874199,0.06998203295785399,1.0,56045702.25,0.3786046511627907,2.0,1.0,,,,,,0.11126330683998842,0.025891429129283102,0.2563173543266341,-1.8748653112086133,0.7079646017699115,-1.8748653112086133,0.8086192060347279,-25.0,0.9823008849557522,0.9734513274336283,0.8938053097345132,0.9690265486725663,0.9619469026548673,中華資安
90.6999969482422,91.0,89.5999984741211,91.0,175302.0,0.01223580039433525,88.72000122070312,0.041189913172428705,89.00000038146973,0.2431694507356843,87.16929550170899,0.23809523809523814,81.12631435394287,0.00406137441631462,56.476682913716694,305272.65,0.5742473162925011,0.022471905729864128,4590.TW,2026-09-18,0.04968941110771308,0.0654704180397665,bull,0.24093023255813953,0.07069767441860465,2026-03-31,2026-05-15,267545000.0,80743000.0,-23964000.0,81129000.0,16211000.0,,1.21,3151635000.0,1382797000.0,6125098000.0,2598258000.0,3526840000.0,2037662000.0,565000.0,505331000.0,,0.1998175744801489,-19175571.64515771,4742301000.0,-0.0040435163531706,,,0.7367099159587619,0.3017922218692183,-0.0895699788820572,,,,,35.37011980056409,35.37011980056409,False,72.85140209996459,72.85140209996459,63.48108152511446,595.0,True,False,True,True,True,True,True,True,False,True,True,True,False,True,False,False,False,11,False,0.04394557138775901,0.12170755844989589,1.0,27779811.150000002,0.4697674418604651,1.0,3.0,,,,,,0.03100828371533293,-0.007524360642415986,0.2782783987955755,-1.7121756902733443,0.5831858407079645,-1.7121756902733443,0.6034165065731052,-595.0,0.4247787610619469,0.40707964601769914,0.6283185840707964,0.45530973451327433,0.4601769911504425,富田-創
132.5,136.0,132.5,134.5,26110.0,-0.025535792184866457,133.7,0.14957264957264949,122.05500030517578,0.07600000000000007,116.04269879659017,0.6812499999999999,117.29468282063802,0.03783852717531228,71.42857142857143,51047.65,0.5114828988210035,0.10196222738689786,6924.TW,2026-09-18,0.04968941110771308,0.0654704180397665,bull,0.08372093023255814,0.2,2026-03-31,2026-05-15,472287000.0,125017000.0,59395000.0,58845000.0,12219000.0,46626000.0,2.26,1163404000.0,693313000.0,1234297000.0,714916000.0,519381000.0,449993000.0,42370000.0,,,0.2076472087687993,47061794.03517717,540984000.0,0.0869929499489396,0.0897722481184332,0.0377753490448409,1.3764769985810033,0.2647055709769695,0.1257603956916027,0.0987238691727699,0.0634867021096932,,,72.40238100150462,72.40238100150462,True,75.98522437526475,75.98522437526475,75.08951353182472,143.0,True,True,True,True,True,True,True,True,True,True,True,True,False,True,True,True,False,13,False,0.15905611809118136,0.14668454499059957,1.0,6865908.925,0.6548837209302325,2.0,3.0,,,,,,0.02694976914454414,-0.03051576016570858,0.27621667800626665,-0.28155044743957003,0.6389380530973452,-0.28155044743957003,0.6661000625033402,-143.0,0.8407079646017699,0.7787610619469026,0.7168141592920354,0.8221238938053097,0.7973451327433627,榮惠-KY創
38.29999923706055,38.900001525878906,37.59999847412109,38.900001525878906,16000.0,0.04149941405839086,37.92000045776367,0.048517604468728104,37.73500022888184,0.10198306987606998,36.50817241668701,-0.19461693291226867,37.0924195766449,0.009497065433396311,64.07187899315687,30029.8,0.5328040812792626,0.03087322883081356,6887.TW,2026-09-18,0.04968941110771308,0.0654704180397665,bull,0.22511627906976744,0.17116279069767443,2026-03-31,2026-05-15,858086000.0,204338000.0,-18684000.0,-26672000.0,19399000.0,-46071000.0,-0.62,3944924000.0,2061922000.0,5123155000.0,2160403000.0,2962752000.0,2103534000.0,392899000.0,,,0.0,-18684000.0,3061233000.0,-0.0061034230324839,-0.0155500696649601,-0.0089927007869174,0.7291879306806645,0.2381323084166389,-0.02177404129656,-0.0536904226382903,-0.397344649195627,,,17.65293207840805,17.65293207840805,False,73.12701204841417,73.12701204841417,59.25849205591264,897.0,True,False,True,True,True,True,True,True,False,True,True,True,False,True,False,False,False,11,False,0.06551489573054181,0.04873184251296836,1.0,1168159.2658218383,0.8772093023255814,1.0,3.0,,,,,,0.015926430868082774,-0.030057289326038572,0.1345115918569071,-1.7556446098148353,0.3123893805309734,-1.7556446098148353,0.368900461072469,-897.0,0.168141592920354,0.20353982300884957,0.25663716814159293,0.18141592920353983,0.19646017699115045,寶綠特-KY
566.0,584.0,561.0,570.0,1808521.0,0.07344632768361592,519.0,0.2351029252437704,549.625,0.829209674898314,415.2085484822591,1.1673260320807364,384.35341962178546,0.020659238625812443,53.35892514395393,1670174.95,1.0828332684549005,0.037070730043211375,7711.TW,2026-09-18,0.04968941110771308,0.0654704180397665,bull,0.04093023255813953,0.008372093023255815,2026-03-31,2026-05-15,8891334000.0,1101342000.0,694694000.0,674736000.0,134950000.0,539786000.0,7.68,12044114000.0,7539833000.0,12300864000.0,7550202000.0,4750662000.0,3138201000.0,0.0,,,0.2000041497711697,555752317.178867,4761031000.0,0.116729405286138,0.1136233223917003,0.0438819582104151,1.589294713031573,0.1238669023118465,0.0781315829548187,0.0607092254098203,,,,65.22713046197059,65.22713046197059,True,78.852212265015,78.852212265015,75.4459418142539,209.0,True,True,True,True,True,True,True,True,True,True,True,True,True,True,True,True,False,14,False,0.3728041055117022,0.48301009149572804,1.0,951999721.5,0.1144186046511628,3.0,3.0,,,,,,0.08812897769072546,0.05189198750782184,0.36731770377170064,-0.07419287598355166,0.9725663716814158,-0.07419287598355166,0.962576239149248,-209.0,0.7610619469026548,0.8053097345132744,0.9911504424778761,0.795575221238938,0.820353982300885,永擎
