Open,High,Low,Close,Volume,ret5,ma5,ret20,ma20,ret60,ma60,ret120,ma120,ma20_slope,rsi14,volume_ma20,volume_ratio,ma20_deviation,symbol,date,benchmark_ret20,benchmark_ret60,market_regime,rs20_rank_pct,rs60_rank_pct,period_date,as_of_date,revenue,gross_profit,operating_income,pretax_income,tax_expense,net_income_parent,eps,current_assets,current_liabilities,assets,liabilities,equity,cash,short_borrowings,long_borrowings,bonds_payable,tax_rate,nopat,invested_capital_proxy,roic_proxy,roe,roa,debt_to_equity,gross_margin,operating_margin,net_margin,revenue_growth,pe,pb,eva_like_score,fundamental_score,fundamental_pass,technical_score,score,final_score,fundamental_rank,pass_market,pass_score,pass_rs20,pass_rs60,pass_close_ma20,pass_ma20_ma60,pass_ma20_slope,pass_rsi,pass_ret20_benchmark,pass_ret60_benchmark,pass_ret5_cap,pass_ret20_cap,pass_volume_ratio,pass_ma20_deviation,pass_fundamental_score,pass_fundamental_filter,pass_fundamental_universe,entry_pass_count,entry_all_pass,close_ma60_ratio,close_ma120_ratio,above_ma120,turnover20,liquidity_rank,price_bucket,eva_rank_bucket,forward_60d_return,forward_60d_max_drawdown,reward_60,fwd60_rank_label,top_quantile_60,reg_forward60,reg_reward60,cls_topq60,rank_forward60,ensemble_score,ranker_score,stable_ensemble_score,fundamental_rank_score,fundamental_score_rank,final_score_rank,stable_ml_rank,fund_ml_85_15,fund_final_ml,name
24.75,24.950000762939453,24.549999237060547,24.850000381469727,35298815.0,0.024742283771947537,24.4,0.04411769655749209,24.29749975204468,0.05073999079472369,23.97277889251709,-0.05692599538081422,24.172222757339476,0.005171169599454473,66.66666666666663,28105290.55,1.2559491223619461,0.022738991051067137,1101.TW,2026-08-21,0.02900692887078482,0.04129354752118308,neutral,0.2646784715750233,0.3429636533084809,2026-03-31,2026-05-15,33168148000.0,6208390000.0,2792191000.0,2132735000.0,927996000.0,718189000.0,0.1,184722314000.0,82516661000.0,597615286000.0,292869670000.0,304745616000.0,97044326000.0,5704442000.0,70674580000.0,98473452000.0,0.4,1675314600.0,515098625000.0,0.0032524152049522,0.0023566836150975,0.0012017580822054,0.961029969336786,0.1871792781435972,0.0841829034289162,0.021652972604922,-0.0511527050022949,,,23.33964555046912,23.33964555046912,False,66.21708349767951,66.21708349767951,55.497724010876915,798.0,True,False,True,True,True,True,True,True,True,True,True,True,True,True,False,False,False,13,False,0.036592398940719084,0.028039524165168306,1.0,698416480.8888175,0.13886300093196646,0.0,3.0,,,,,,-0.0003652049668410279,-0.05529334062419129,0.12988719835031767,-1.8085060902606143,0.21622807017543857,-1.8085060902606143,0.2609048785954496,-798.0,0.21052631578947367,0.18421052631578946,0.16666666666666666,0.2039473684210526,0.193859649122807,台泥
34.70000076293945,35.04999923706055,34.599998474121094,34.95000076293945,16315440.0,0.0448430483045581,34.08000030517578,0.06717559581494514,33.09500007629394,0.07870367644963783,33.90638656616211,-0.021008402912377044,34.36277669270833,0.009686520394417088,70.27025912433845,12266814.65,1.3300469979792187,0.056050783573626584,1102.TW,2026-08-21,0.02900692887078482,0.04129354752118308,neutral,0.19384902143522834,0.2684063373718546,2026-03-31,2026-05-15,14829491000.0,1928135000.0,1184173000.0,2141327000.0,350025000.0,1887022000.0,0.56,94593171000.0,73132379000.0,329731256000.0,128784897000.0,200946359000.0,15235953000.0,28787827000.0,4255757000.0,36700000000.0,0.1634617225673612,990606041.60224,256598877000.0,0.0038605236826591,0.0093906752498063,0.0057229090832687,0.6408919158371016,0.1300203088561839,0.0798525721482955,0.1272479277946896,-0.1063722306154607,,,24.23843577719405,24.23843577719405,False,59.89566120360916,59.89566120360916,50.98135484700538,775.0,True,False,True,True,True,False,True,True,True,True,True,True,True,True,False,False,False,12,False,0.030779280910424367,0.01708895865670046,1.0,428725181.3763369,0.18173345759552656,1.0,3.0,,,,,,0.009359253328694264,-0.018285231132008438,0.12937963948498593,-1.9935595034891143,0.24210526315789468,-1.9935595034891143,0.30301183535707554,-775.0,0.24561403508771928,0.07894736842105263,0.21929824561403508,0.24166666666666664,0.19035087719298244,亞泥
156.5,158.5,156.0,158.0,255195.0,0.0360655737704918,155.7,0.025974025974025983,154.725,0.125007347263564,149.13761367797852,0.0845659055204131,145.69511884053549,-0.0011297611362169875,62.85714285714286,244534.6,1.0435946487736296,0.021166585878170885,1232.TW,2026-08-21,0.02900692887078482,0.04129354752118308,neutral,0.33271202236719477,0.19478098788443615,2026-03-31,2026-05-15,5894059000.0,806895000.0,480031000.0,487266000.0,97456000.0,372297000.0,2.33,7651568000.0,2814803000.0,10506118000.0,3994796000.0,6511322000.0,3420506000.0,220000000.0,,,0.2000057463479906,384022041.5748277,7691315000.0,0.0499293087820259,0.0571768682304453,0.0354362096447041,0.6135153506461515,0.1368997154592446,0.0814431955974651,0.0631647901726128,0.0920647302197261,,,64.65049610002629,64.65049610002629,False,60.21279346467567,60.21279346467567,61.32221912351333,214.0,True,False,True,True,True,True,False,True,False,True,True,True,True,True,True,False,False,11,False,0.05942421970863343,0.08445637202803136,1.0,38636466.800000004,0.46225535880708296,2.0,3.0,,,,,,0.040578980117647385,-0.0004850244618732126,0.19416506006486395,-1.5130994694113165,0.4763157894736842,-1.5130994694113165,0.42320847310584153,-214.0,0.7631578947368421,0.4473684210526316,0.32456140350877194,0.6973684210526315,0.5807017543859649,大統益
25.399999618530277,25.649999618530277,25.399999618530277,25.549999237060547,54363.0,0.005905496881221994,25.479999542236328,0.08492569277253348,24.882499980926514,0.051440330833162795,24.731058216094976,-0.06921681140512459,25.378862460454304,0.019356818600620173,66.66666666666671,107288.3,0.5067001714073203,0.02682605271358174,1236.TW,2026-08-21,0.02900692887078482,0.04129354752118308,neutral,0.1602982292637465,0.3383038210624418,2026-03-31,2026-05-15,545487000.0,153231000.0,25153000.0,27178000.0,7201000.0,19977000.0,0.23,655326000.0,634194000.0,3381286000.0,926736000.0,2454550000.0,37670000.0,70000000.0,268492000.0,,0.2649569504746486,18488537.824711163,2747092000.0,0.0067302215669191,0.0081387627059949,0.0059081071521308,0.3775584119288668,0.2809067860462302,0.0461110897234947,0.0366223209719021,0.0572006674767866,,,35.61630643064442,35.61630643064442,False,67.67266569202869,67.67266569202869,59.65857587668262,592.0,True,False,True,True,True,True,True,True,True,True,True,True,False,True,False,False,False,12,False,0.03311386895820756,0.006743280037586841,1.0,2741215.9831455234,0.8145386766076421,0.0,3.0,,,,,,0.036286138720645254,0.01188960672752796,0.14861788282385519,-1.8738013268251739,0.3710526315789473,-1.8738013268251739,0.5774272783851627,-592.0,0.38596491228070173,0.34210526315789475,0.6052631578947368,0.418859649122807,0.41666666666666663,宏亞
188.5,193.5,185.0,192.0,54196688.0,-0.07469879518072287,193.2,0.08169014084507031,179.125,1.1215469613259668,163.24184697469076,1.1452513966480447,123.90592346191406,0.0004188774085450356,67.30769230769232,90404642.15,0.5994901004096281,0.07187718073970695,1303.TW,2026-08-21,0.02900692887078482,0.04129354752118308,neutral,0.16589002795899346,0.003727865796831314,2026-03-31,2026-05-15,68596393000.0,8188671000.0,3741833000.0,16080166000.0,1405348000.0,14254717000.0,1.8,193418745000.0,131197270000.0,647743623000.0,247168932000.0,400574691000.0,42831248000.0,24400300000.0,40333444000.0,51357530000.0,0.0873963614554725,3414810410.6259847,516546353000.0,0.0066108499088096,0.0355856655956329,0.0220067268805825,0.6170358176722652,0.1193746586646327,0.054548538725644,0.207805634911445,0.046448302712712,,,40.56631725411971,40.56631725411971,False,78.91132056940464,78.91132056940464,69.3250697405834,498.0,True,True,True,True,True,True,True,True,True,True,True,True,False,True,False,False,False,13,False,0.17616900052452822,0.5495627217452324,1.0,17357691292.800003,0.008387698042870456,2.0,3.0,,,,,,-0.04965011378791445,-0.1113893068488231,0.1474490410596394,-1.709217701989916,0.15175438596491228,-1.709217701989916,0.142371589885992,-498.0,0.5087719298245614,0.7543859649122807,0.07017543859649122,0.44298245614035087,0.49473684210526314,南亞
20.299999237060547,20.549999237060547,20.100000381469727,20.5,432333.0,0.05128205128205132,20.25999984741211,0.15492957746478875,19.39499979019165,0.4385964912280702,18.33416655858358,0.036884094945395685,17.749813675880432,0.02782193470145929,67.0212847984682,366843.1,1.1785229162004138,0.05697345819860056,1414.TW,2026-08-21,0.02900692887078482,0.04129354752118308,neutral,0.07455731593662628,0.02982292637465051,2026-03-31,2026-05-15,113452000.0,12596000.0,-7033000.0,11377000.0,382000.0,10995000.0,0.06,876335000.0,611698000.0,4159720000.0,1289474000.0,2870246000.0,113194000.0,505000000.0,,,0.033576514019513,-6796856.376900765,3548022000.0,-0.0019156748117403,0.0038306821087809,0.0026432067543007,0.4492555690348492,0.1110249268413073,-0.0619909741564714,0.0969132320276416,-0.1489036091252128,,,15.88871955373819,15.88871955373819,False,81.562870071346,81.562870071346,65.14433244194404,933.0,True,True,True,True,True,True,True,True,True,True,True,True,True,True,False,False,False,14,False,0.11813100063730109,0.15494170104200555,1.0,7520283.55,0.6784715750232991,0.0,3.0,,,,,,0.0157255174218069,-0.009171951834661423,0.25228250925145573,-1.6639181248307406,0.45614035087719296,-1.6639181248307406,0.43487337060029374,-933.0,0.09649122807017543,0.631578947368421,0.3508771929824561,0.13464912280701752,0.3078947368421052,東和
29.350000381469727,29.649999618530277,29.299999237060547,29.649999618530277,44245.0,0.03852891106357115,29.249999618530275,0.12737644405514237,28.227164840698244,0.16274508307961866,26.029888343811034,0.008503401470877137,26.519944143295287,0.027108486059056535,66.05963840779847,52064.0,0.8498194529809465,0.050406577701370026,1439.TW,2026-08-21,0.02900692887078482,0.04129354752118308,neutral,0.097856477166822,0.14911463187325255,2026-03-31,2026-05-15,75912000.0,22864000.0,4904000.0,59736000.0,1630000.0,54161000.0,0.59,3556714000.0,2128037000.0,6084300000.0,2619482000.0,3464818000.0,685342000.0,1313697000.0,338000000.0,,0.0272867282710593,4770185.884558725,3956263000.0,0.0012057302268728,0.0156317012899378,0.0089017635553802,0.7560229714807531,0.3011908525661292,0.0646011170829381,0.7134708609969438,-0.4434481696811513,,,31.08546525604612,31.08546525604612,False,76.91516757683544,76.91516757683544,65.4577419966381,657.0,True,True,True,True,True,True,True,True,True,True,True,True,True,True,False,False,False,14,False,0.13907517492597976,0.11802647314497916,1.0,1543697.5801391604,0.8872320596458527,0.0,3.0,,,,,,0.0392082979400257,0.012041962687406003,0.14392469523006027,-1.4730087858316274,0.4464912280701755,-1.4730087858316274,0.44471857994151,-657.0,0.3508771929824561,0.6491228070175439,0.37719298245614036,0.35482456140350876,0.4456140350877193,雋揚
30.25,30.549999237060547,30.149999618530277,30.549999237060547,293475.0,0.025167785879244953,30.06999969482422,0.02003333752376868,29.77249984741211,0.19569472208623195,28.595833269755044,0.0626086691151495,27.7691666285197,0.0029476134344360067,70.58820889485516,349677.3,0.8392738104532379,0.026114682798999755,1442.TW,2026-08-21,0.02900692887078482,0.04129354752118308,neutral,0.3681267474370923,0.12488350419384903,2026-03-31,2026-05-15,302076000.0,150633000.0,104031000.0,105298000.0,19596000.0,85702000.0,0.23,13238665000.0,2535144000.0,14537328000.0,6447947000.0,8089381000.0,457751000.0,970000000.0,3173770000.0,,0.186100400767346,84670789.20777223,12002184000.0,0.0070546151606884,0.01059438293239,0.0058953062075781,0.7970878117868351,0.4986592777976403,0.3443868430461208,0.2837100597200704,-0.7804954613231485,,,47.44569679476102,47.44569679476102,False,63.010333538624316,63.010333538624316,59.11917435265849,396.0,True,False,True,True,True,True,True,True,False,True,True,True,True,True,False,False,False,12,False,0.06833743744660747,0.10014101776049911,1.0,10682641.24821739,0.6374650512581547,1.0,3.0,,,,,,0.07787300407304103,0.06120859411798908,0.2959610799951053,-1.4479179985699697,0.8039473684210526,-1.4479179985699697,0.7419084831208564,-396.0,0.5964912280701754,0.3157894736842105,0.8157894736842105,0.6293859649122806,0.5561403508771929,名軒
73.0999984741211,73.30000305175781,72.0,72.0999984741211,7694628.0,0.021246459382712857,71.98000030517578,0.08912389422754452,67.52500038146972,0.04606345236578502,69.31679649353028,-0.07868445651076084,67.16692225138347,0.018707100374234994,77.868858097515,9308235.15,0.826647358602667,0.06775265556172938,1504.TW,2026-08-21,0.02900692887078482,0.04129354752118308,neutral,0.14911463187325255,0.35787511649580617,2026-03-31,2026-05-15,14235194000.0,3341581000.0,1178530000.0,1581890000.0,343200000.0,1188154000.0,0.51,62376471000.0,29514331000.0,143191254000.0,52445953000.0,90745301000.0,27625447000.0,3014665000.0,7416112000.0,6000000000.0,0.2169556669553508,922841237.8231103,113676923000.0,0.0081181053591951,0.0130932840258031,0.0082976715882382,0.5779467633260702,0.2347408121027363,0.0827898797866752,0.0834659506572232,0.0453859488824619,,,37.679082544571614,37.679082544571614,False,57.22573776155138,57.22573776155138,52.33907395730644,562.0,True,False,True,True,True,False,True,False,True,True,True,True,True,True,False,False,False,11,False,0.040151912976108095,0.07344502408901166,1.0,671123740.1117604,0.1407269338303821,1.0,3.0,,,,,,-0.0071900962947571015,-0.060143828998041764,0.163687185586561,-2.0400912873010304,0.20394736842105265,-2.0400912873010304,0.5153975557392175,-562.0,0.4298245614035088,0.11403508771929824,0.49122807017543857,0.4390350877192982,0.34736842105263155,東元
104.5,104.5,98.1999969482422,100.0,184730.0,0.03519670372241013,100.25999908447265,0.10741967464477709,94.65999946594238,0.09649126476124747,91.94886728922526,0.029866133588578814,92.18526681264241,0.029246514040935118,73.6559338260447,128871.8,1.4334400543796237,0.05641242937022084,1558.TW,2026-08-21,0.02900692887078482,0.04129354752118308,neutral,0.1239515377446412,0.23392357875116496,2026-03-31,2026-05-15,1926175000.0,466203000.0,115500000.0,190949000.0,37396000.0,79533000.0,1.23,7337752000.0,2436771000.0,13553818000.0,4826378000.0,8727440000.0,2321376000.0,528924000.0,448585000.0,1225737000.0,0.1958428690383296,92880148.62607291,11117047000.0,0.0083547500182443,0.0091129815845196,0.0058679406791503,0.5530118797723044,0.2420356405830207,0.0599633989642685,0.0412906407777071,-0.0577927547617254,,,30.82891502090822,30.82891502090822,False,73.74640063289691,73.74640063289691,63.01702922989974,664.0,True,False,True,True,True,True,True,False,True,True,True,True,True,True,False,False,False,12,False,0.08756097761867898,0.08477204066936506,1.0,12887180.0,0.6113699906803355,1.0,3.0,,,,,,0.04103113303188844,0.011561504274083147,0.23555456667388153,-1.5174584304571135,0.5478070175438597,-1.5174584304571135,0.5963298898052645,-664.0,0.34210526315789475,0.5350877192982456,0.6228070175438597,0.3842105263157895,0.456140350877193,伸興
17.0,17.350000381469727,16.850000381469727,17.0,12774764.0,0.04784583636602391,16.85081787109375,0.14093962652576697,15.485177707672118,0.8143009826713201,16.014392566680907,0.7293998099636554,12.839529625574748,0.02653001171150175,70.96547259582519,19874868.65,0.642759669256984,0.0978240173231828,1714.TW,2026-08-21,0.02900692887078482,0.04129354752118308,neutral,0.08760484622553588,0.0065237651444548,2026-03-31,2026-05-15,7139550000.0,802314000.0,490214000.0,535557000.0,131252000.0,223134000.0,0.23,17219321000.0,4978429000.0,25588223000.0,7499378000.0,18088845000.0,5982998000.0,888587000.0,1280870000.0,,0.2450756875551995,370074466.90081537,20609794000.0,0.01795624288631,0.0123354476197899,0.0087201835000421,0.414585784775092,0.1123759900834086,0.0686617503904307,0.0312532302456037,0.3342708703208805,,,45.10051143692903,45.10051143692903,False,70.36076192822112,70.36076192822112,64.0456993053981,430.0,True,False,True,True,True,False,True,True,True,True,True,True,False,True,False,False,False,11,False,0.06154510258289281,0.3240360430446074,1.0,337872767.04999995,0.21062441752096925,0.0,3.0,,,,,,-0.008357684818900568,-0.08033247657724159,0.2759718729834187,-1.8816282228925199,0.34868421052631576,-1.8816282228925199,0.3353691237724639,-430.0,0.5701754385964912,0.5877192982456141,0.2543859649122807,0.5228070175438596,0.512280701754386,和桐
20.850000381469727,21.299999237060547,20.850000381469727,21.200000762939453,213202.0,0.011933173789771434,20.84000015258789,0.03163024574262141,20.775000095367435,0.05430779199332081,20.61612478892009,0.013848937875937883,20.56974156697591,0.0027754350786053997,69.44451508716598,171697.95,1.2417271143889603,0.020457312424599694,1731.TW,2026-08-21,0.02900692887078482,0.04129354752118308,neutral,0.31127679403541475,0.3299161230195713,2026-03-31,2026-05-15,452346000.0,281778000.0,74754000.0,73741000.0,15989000.0,57752000.0,0.43,1235092000.0,449159000.0,3311758000.0,1089875000.0,2221883000.0,84880000.0,,634464000.0,,0.2168264601781912,58545354.79583949,2862599000.0,0.0204518183636057,0.0259923677349347,0.017438472255521,0.4905186276685136,0.6229258134260057,0.165258452600443,0.127672180145287,0.0710571677526898,,,65.45077617599534,65.45077617599534,False,61.750167217444044,61.750167217444044,62.67531945708187,205.0,True,False,True,True,True,True,True,True,True,True,True,True,True,True,True,False,False,13,False,0.028321325176163148,0.030640112512419826,1.0,3639996.6709951404,0.7837837837837838,0.0,3.0,,,,,,0.046065640393842255,0.04379100805046604,0.1907124657509029,-1.4875278861266727,0.5859649122807018,-1.4875278861266727,0.6089660626977279,-205.0,0.7807017543859649,0.5263157894736842,0.6666666666666666,0.7635964912280702,0.6815789473684211,美吾華
32.5,32.5,32.29999923706055,32.5,179575.0,0.023622047244094446,32.05999984741211,0.035031859708067214,31.822500133514403,0.05863189551556869,31.636634318033853,0.06035890389868892,31.38873381614685,0.01570621290865553,69.99998092651367,269958.65,0.6651944658932025,0.02128996350516399,1734.TW,2026-08-21,0.02900692887078482,0.04129354752118308,neutral,0.29636533084808947,0.31593662628145386,2026-03-31,2026-05-15,826628000.0,362449000.0,91276000.0,88530000.0,20284000.0,73805000.0,0.39,2756927000.0,1162480000.0,6421008000.0,2612435000.0,3808573000.0,1091742000.0,348000000.0,1304453000.0,,0.2291200722918784,70362836.2814865,5258528000.0,0.0133807096361351,0.0193786491685993,0.0114943012062903,0.685935388398752,0.438466879902447,0.1104196809205591,0.0892844181421389,0.0261188425334568,,,51.45188702299607,51.45188702299607,False,59.9848092357139,59.9848092357139,57.85157868253444,347.0,True,False,True,True,True,True,True,True,True,True,True,True,False,True,False,False,False,12,False,0.02729006105033127,0.035403345364682925,1.0,8773656.125,0.6579683131407269,1.0,3.0,,,,,,0.03818615556642756,0.016341527421507684,0.18499480007646402,-1.5161187505490337,0.48859649122807014,-1.5161187505490337,0.5544271529165735,-347.0,0.6578947368421053,0.2543859649122807,0.5526315789473685,0.6421052631578947,0.5157894736842106,杏輝
195.0,197.0,190.5,196.5,1715635.0,0.08864265927977844,189.1,0.06216216216216219,185.425,0.039682539682539764,192.075,-0.29569892473118276,207.40833333333333,0.0,61.44578313253012,1367135.3,1.2549123704142524,0.059727652689766764,1795.TW,2026-08-21,0.02900692887078482,0.04129354752118308,neutral,0.20503261882572227,0.3783783783783784,2026-03-31,2026-05-15,8644409000.0,4385622000.0,1959197000.0,725899000.0,158698000.0,567201000.0,2.18,25895685000.0,16238147000.0,107533585000.0,83501410000.0,24032175000.0,6195264000.0,1566554000.0,43708074000.0,,0.2186227009542649,1530872060.1585069,91295438000.0,0.0167683303097632,0.0236017339254561,0.0052746404762753,3.474567324846794,0.5073362447334456,0.2266432557737608,0.0656147806055914,0.8276540746892458,,,55.57216115744945,55.57216115744945,False,55.995821528334744,55.995821528334744,55.88990643561342,301.0,True,False,True,True,True,False,False,True,True,False,True,True,True,True,False,False,False,10,False,0.02303787582975403,-0.052593515207521424,0.0,268642086.45,0.22926374650512582,2.0,3.0,,,,,,0.04196003860291283,0.013404117932527056,0.25074907687194803,-1.0741890526254156,0.6451754385964912,-1.0741890526254156,0.7650580582547458,-301.0,0.7017543859649122,0.19298245614035087,0.8596491228070176,0.725438596491228,0.5807017543859649,美時
34.650001525878906,37.79999923706055,34.29999923706055,37.0,7407297.0,0.13323118746788465,34.12999954223633,0.1472868217054264,32.91999998092651,0.3143872291793579,31.637499968210857,0.2151067019030266,30.73458337783814,0.016206204670754974,70.74471085578766,1850597.85,4.002650819031266,0.1239368171761055,1808.TW,2026-08-21,0.02900692887078482,0.04129354752118308,neutral,0.08201304753028892,0.05684995340167754,2026-03-31,2026-05-15,5392216000.0,1474911000.0,1229561000.0,1153602000.0,211319000.0,942283000.0,1.06,46784978000.0,26633648000.0,51660398000.0,37973630000.0,13686768000.0,5845055000.0,11570200000.0,207356000.0,10980553000.0,0.1831818946222353,1004327686.4663897,25026750000.0,0.0401301681787043,0.068846275468394,0.0182399485191732,2.774477509957062,0.2735259492572256,0.2280251755493474,0.1747487489373571,173.44891620834682,,,72.1127428848662,72.1127428848662,False,81.1183597390494,81.1183597390494,78.8669555255036,148.0,True,True,True,True,True,True,True,True,True,True,False,True,False,True,True,False,False,12,False,0.1694982232217257,0.20385558981351548,1.0,68472120.45,0.3765144454799627,1.0,3.0,,,,,,0.09753383596161706,0.01748624186608765,0.23190969350860166,-1.0176194105781746,0.7359649122807017,-1.0176194105781746,0.7495000609270636,-148.0,0.8508771929824561,0.9298245614035088,0.8333333333333334,0.8482456140350877,0.8710526315789473,潤隆
30.450000762939453,31.200000762939453,30.399999618530277,31.200000762939453,2330810.0,0.07772020520567158,30.060000228881837,0.11032029677529787,29.635000038146973,0.28659796960575057,27.746666812896727,0.21637431684013353,26.264583412806193,0.017423399775421764,66.94215501350429,2005267.2,1.1623438512333917,0.05280920272576228,1907.TW,2026-08-21,0.02900692887078482,0.04129354752118308,neutral,0.11929170549860205,0.06803355079217148,2026-03-31,2026-05-15,17964361000.0,2424583000.0,-77218000.0,452137000.0,195557000.0,208827000.0,0.13,69038373000.0,57579369000.0,178076390000.0,82625870000.0,95450520000.0,10428232000.0,15812770000.0,19190444000.0,964996000.0,0.4,-46330800.0,120497021000.0,-0.0003844974723482,0.0021878036913785,0.0011726821281585,0.8656408576925511,0.1349662812943917,-0.0042983994810614,0.0116245158956669,-0.0057560278150267,,,17.0350561108219,17.0350561108219,False,78.8716479265469,78.8716479265469,63.41249997261565,911.0,True,True,True,True,True,True,True,True,True,True,True,True,True,True,False,False,False,14,False,0.12445941609237221,0.18791150320422867,1.0,62564338.16989746,0.3895619757688723,1.0,3.0,,,,,,0.002035743528993664,-0.07466394480547586,0.2205329079406635,-1.7560286129013727,0.30701754385964913,-1.7560286129013727,0.2801246627068508,-911.0,0.11403508771929824,0.5526315789473685,0.18421052631578946,0.12456140350877193,0.2596491228070176,永豐餘
11.100000381469728,11.199999809265137,11.0,11.199999809265137,3908771.0,0.056603717566302336,11.219999885559082,0.11442782056765166,10.363500070571899,0.25701459046805186,10.063500054677327,0.13590265712437777,9.714499998092652,0.02878840112405667,74.26160626190085,4560126.05,0.8571629286431677,0.0807159485692055,1909.TW,2026-08-21,0.02900692887078482,0.04129354752118308,neutral,0.11276794035414725,0.0782851817334576,2026-03-31,2026-05-15,10760215000.0,1109471000.0,15988000.0,29258000.0,59036000.0,-27240000.0,-0.02,14658431000.0,22767425000.0,70430999000.0,49630869000.0,20800130000.0,2240646000.0,8614561000.0,26455684000.0,0.0,0.4,9592800.0,47663574000.0,0.0002012606104611,-0.0013096071995703,-0.0003867615167576,2.386084558125358,0.1031086274763097,0.0014858439166875,-0.0025315479291073,0.0525224624933875,,,8.894222198109352,8.894222198109352,False,76.38616129347294,76.38616129347294,59.51317651963205,1041.0,True,True,True,True,True,True,True,False,True,True,True,True,True,True,False,False,False,13,False,0.11293285123594599,0.15291572509796159,1.0,51073410.89022498,0.4147250698974837,0.0,3.0,,,,,,0.05043839376827716,-0.0008005969323870867,0.31020831719561454,-1.5764020645878927,0.619298245614035,-1.5764020645878927,0.6084512686783766,-1041.0,0.02631578947368421,0.3333333333333333,0.6578947368421053,0.12105263157894737,0.24473684210526317,榮成
19.149999618530277,19.5,19.149999618530277,19.450000762939453,31340272.0,0.023684250681023755,19.110000610351562,0.015665856416982926,19.13250026702881,0.0318302583197585,18.94130458831787,-0.03950613516348378,19.066902319590252,0.004439758299374298,62.500009934109045,42054574.8,0.7452286023350783,0.01659482511325483,2002.TW,2026-08-21,0.02900692887078482,0.04129354752118308,neutral,0.3951537744641193,0.40540540540540543,2026-03-31,2026-05-15,79161889000.0,2637098000.0,-620543000.0,-966928000.0,893225000.0,-2451833000.0,-0.16,182155729000.0,154652832000.0,675792615000.0,344185931000.0,331606684000.0,19561433000.0,27960343000.0,93161390000.0,62603546000.0,0.0,-620543000.0,521139783000.0,-0.0011907419472521,-0.0073937984917095,-0.0036280849266161,1.0379342383822396,0.0333127219841861,-0.007838910968888,-0.0309723912727752,-0.0481943399382251,,,12.23150247108328,12.23150247108328,False,62.726476019146915,62.726476019146915,50.10273263213101,1002.0,True,False,True,True,True,True,True,True,False,False,True,True,False,True,False,False,False,10,False,0.0268564486806957,0.02009232737063882,1.0,817961511.9450942,0.1267474370922647,0.0,3.0,,,,,,-0.043316780931383025,-0.10177229381773727,0.1101086131431857,-1.9992190765074254,0.10789473684210525,-1.9992190765074254,0.08501096975177541,-1002.0,0.043859649122807015,0.05263157894736842,0.03508771929824561,0.04254385964912281,0.04473684210526315,中鋼
22.700000762939453,23.0,22.700000762939453,22.950000762939453,1048915.0,0.026845654193687896,22.789999771118165,0.08767774161247965,22.057500076293948,0.09694565016429935,21.840383338928227,0.09694565016429935,21.954839992523194,0.020235888120205662,69.892478852014,1504889.45,0.6970046869555767,0.0404624587355078,2010.TW,2026-08-21,0.02900692887078482,0.04129354752118308,neutral,0.15284249767008387,0.23112767940354148,2026-03-31,2026-05-15,6434872000.0,682639000.0,464114000.0,473003000.0,98964000.0,369123000.0,0.57,15350374000.0,9394504000.0,24093239000.0,11630814000.0,12462425000.0,619531000.0,3537293000.0,1338370000.0,,0.2092248886370699,367009800.0350949,14698735000.0,0.0249688017394078,0.0296188743362547,0.0153206050875932,0.9332705312168378,0.1060843168286797,0.0721248223740891,0.0573629125800792,0.1500844484399826,,,45.75393425343425,45.75393425343425,False,68.12787258830794,68.12787258830794,62.534388004589516,419.0,True,False,True,True,True,True,True,True,True,True,True,True,False,True,False,False,False,12,False,0.05080576685819649,0.04532762574244065,1.0,34537214.025639534,0.48555452003727867,0.0,3.0,,,,,,0.07938474182469217,0.039686967826174174,0.2545890935447878,-0.5432861299709165,0.8280701754385964,-0.5432861299709165,0.8205754923816544,-419.0,0.5877192982456141,0.5175438596491229,0.9122807017543859,0.6364035087719299,0.6315789473684211,春源
21.75,21.799999237060547,21.600000381469727,21.799999237060547,335139.0,0.028301813798515152,21.660000228881835,0.025882317038143476,21.32750015258789,0.035629454973069796,21.420833524068197,-0.04356360877002685,21.879043277104696,0.005776936645484153,59.67739950728854,311892.8,1.074532659939569,0.022154452284241177,2020.TW,2026-08-21,0.02900692887078482,0.04129354752118308,neutral,0.33457595526561046,0.3951537744641193,2026-03-31,2026-05-15,1019550000.0,227468000.0,150605000.0,144594000.0,37472000.0,107154000.0,0.4,6020459000.0,4176897000.0,9016087000.0,4910199000.0,4105888000.0,726730000.0,3049213000.0,8147000.0,,0.2591532152094831,111575230.0233758,4839190000.0,0.0230565921204531,0.0260976431894878,0.0118847566577385,1.1958920944750564,0.2231062723750674,0.1477171301064195,0.105099308518464,-0.0651621971782945,,,44.504976240539534,44.504976240539534,False,56.08163073393247,56.08163073393247,53.18746711058424,436.0,True,False,True,True,True,False,True,True,False,False,True,True,True,True,False,False,False,10,False,0.017700791734659882,-0.003612774061600099,0.0,6799262.802044678,0.6952469711090401,0.0,3.0,,,,,,0.0310937453326625,0.012533810793395028,0.1323056874373094,-1.1121658962666978,0.45789473684210524,-1.1121658962666978,0.6768567163473064,-436.0,0.5614035087719298,0.14912280701754385,0.7543859649122807,0.5903508771929824,0.4763157894736842,美亞
12.449999809265137,12.899999618530272,12.449999809265137,12.899999618530272,653163.0,0.023809462537932813,12.679999923706054,0.10256408793398997,12.35249991416931,0.07499996821085597,12.741666650772094,0.07499996821085597,12.138749980926514,0.021712158963074345,72.72726484566947,547598.85,1.1927764274888453,0.04432298791056333,2025.TW,2026-08-21,0.02900692887078482,0.04129354752118308,neutral,0.12954333643988816,0.2739981360671016,2026-03-31,2026-05-15,378787000.0,84115000.0,71616000.0,81289000.0,,,0.47,1385153000.0,642110000.0,2300356000.0,643754000.0,1656602000.0,85331000.0,603413000.0,,,,57292800.0,1658246000.0,0.0345502416408663,,,0.3885990720764553,0.2220641151887472,0.1890666786346944,,0.965417224453369,,,82.3791102091105,82.3791102091105,False,59.5637990600798,59.5637990600798,65.26762684733747,72.0,True,False,True,True,True,False,True,False,True,True,True,True,True,True,True,False,False,11,False,0.012426393822552395,0.06271235825763788,1.0,7064024.9561076155,0.6887232059645852,0.0,2.0,,,,,,0.17763365920812452,0.16881035330896396,0.4876882338266802,-0.7808124753297069,0.9631578947368422,-0.7808124753297069,0.9661529849735924,-72.0,0.9035087719298246,0.6403508771929824,0.9912280701754386,0.9166666666666666,0.8421052631578947,千興
46.0,46.45000076293945,45.5,46.34999847412109,1190741.0,0.06429389864782764,45.32999954223633,0.15442083966661713,42.64249973297119,0.27395942475005697,40.21255950927734,0.2641597399261273,38.69753936131795,0.03388289129081575,75.71883862617317,2194332.6,0.5426438088738234,0.08694374777197367,2031.TW,2026-08-21,0.02900692887078482,0.04129354752118308,neutral,0.0754892823858341,0.07082945013979497,2026-03-31,2026-05-15,4589073000.0,567832000.0,427931000.0,146733000.0,66925000.0,70724000.0,0.22,15811293000.0,10640609000.0,28813736000.0,17538865000.0,11274871000.0,1366991000.0,6979961000.0,6673974000.0,,0.4,256758600.0,18173127000.0,0.0141284766237533,0.0062727103485263,0.0024545237729671,1.5555712344735475,0.1237356651332415,0.0932499875247136,0.0154113913637895,-0.0896215532289155,,,22.130264986727884,22.130264986727884,False,78.20989758926123,78.20989758926123,64.18998943862789,820.0,True,True,True,True,True,True,True,False,True,True,True,True,False,True,False,False,False,12,False,0.1526249271307336,0.19775053502374718,1.0,101707312.66171417,0.3336439888164026,1.0,3.0,,,,,,0.05762117204953663,0.028092755168496773,0.27337977735616215,-1.5220436853891026,0.6912280701754386,-1.5220436853891026,0.6696473418810914,-820.0,0.17543859649122806,0.5964912280701754,0.7368421052631579,0.2596491228070175,0.4140350877192982,新光鋼
20.049999237060547,20.350000381469727,20.049999237060547,20.350000381469727,463617.0,0.030379766150365972,19.99000015258789,0.10000002061998514,19.232500076293945,0.12698231117302372,18.818391386667887,0.13595030261810503,18.39852890968323,0.017996562491845988,77.77776432206208,456767.05,1.0149965939968744,0.058104786207863635,2069.TW,2026-08-21,0.02900692887078482,0.04129354752118308,neutral,0.13233923578751164,0.1929170549860205,2026-03-31,2026-05-15,2302863000.0,277674000.0,137979000.0,128564000.0,22373000.0,106191000.0,0.64,4252225000.0,3913450000.0,9681868000.0,5325210000.0,4356658000.0,267712000.0,2834868000.0,1356137000.0,,0.174022276842662,113967580.26352634,5768418000.0,0.019757163968271,0.0243744172712202,0.0109680280706161,1.2223153619127325,0.1205777330218949,0.0599162868134144,0.0461125998376803,-0.1384973197554728,,,30.045180578249248,30.045180578249248,False,71.17393368568673,71.17393368568673,60.89174540882736,679.0,True,False,True,True,True,True,True,False,True,True,True,True,True,True,False,False,False,12,False,0.0813889435781916,0.10606671225542552,1.0,9295209.641742801,0.6533084808946877,0.0,3.0,,,,,,0.07440958226403556,0.057893705360589506,0.25874413987411815,-1.1288825521306873,0.7969298245614035,-1.1288825521306873,0.7848259647185891,-679.0,0.32456140350877194,0.41228070175438597,0.8947368421052632,0.4100877192982456,0.4649122807017544,運錩
27.899999618530277,28.75,27.600000381469727,28.399999618530277,7640773.0,0.05772808994558787,27.770000076293947,0.21888414371094767,24.812500095367433,0.5180601370760343,23.03727305730184,0.5220762081850887,21.3469629128774,0.043857808804267435,76.66666619571632,8918358.55,0.8567465590402843,0.14458436309820466,2103.TW,2026-08-21,0.02900692887078482,0.04129354752118308,neutral,0.03727865796831314,0.022367194780987885,2026-03-31,2026-05-15,10330865000.0,1265731000.0,651038000.0,844918000.0,343164000.0,435719000.0,0.53,20606457000.0,11013075000.0,44846222000.0,22698723000.0,22147499000.0,6501177000.0,5243271000.0,6369581000.0,,0.4,390622800.0,33833147000.0,0.0115455650637524,0.0196735080561466,0.0097158462980449,1.0248887696078008,0.1225193630930227,0.0630187307645584,0.0421764295632553,-0.0044362000632366,,,30.459795491848286,30.459795491848286,False,83.3224603914259,83.3224603914259,70.1067941665315,671.0,True,True,True,True,True,True,True,False,True,True,True,True,True,True,False,False,False,13,False,0.23278478090221189,0.3304000074595239,1.0,253281379.41791627,0.23578751164958062,0.0,3.0,,,,,,0.05467289553458837,0.010057454552545605,0.25428690164554385,-1.5681097338678178,0.6127192982456141,-1.5681097338678178,0.570537002620443,-671.0,0.3333333333333333,0.7807017543859649,0.5877192982456141,0.3714912280701754,0.5184210526315789,台橡
29.450000762939453,31.5,29.450000762939453,31.399999618530277,2579744.0,0.08462862836007967,29.79000015258789,0.109540652475004,28.66750020980835,0.16512054655338937,28.691666825612387,0.24531534779492792,27.405104462305705,0.014060843145853165,72.15909546564572,1174013.6,2.1973714784905387,0.09531697527596172,2108.TW,2026-08-21,0.02900692887078482,0.04129354752118308,neutral,0.1211556383970177,0.14818266542404473,2026-03-31,2026-05-15,2595684000.0,706987000.0,322249000.0,400150000.0,120689000.0,166573000.0,0.34,14271694000.0,1850566000.0,18859782000.0,2404041000.0,16455741000.0,9490424000.0,110000000.0,24000000.0,,0.3016093964763214,225055673.59490192,17009216000.0,0.0132313960616939,0.0101224855204028,0.0088321805628506,0.1460913246021555,0.272370211474124,0.1241480087714837,0.0641730657506846,0.1428634327678053,,,48.999527692236406,48.999527692236406,False,65.62574983139733,65.62574983139733,61.46919429660709,385.0,True,False,True,True,True,False,True,False,True,True,True,True,True,True,False,False,False,11,False,0.09439440410970557,0.14577193681999434,1.0,36864026.59214936,0.47157502329916123,1.0,3.0,,,,,,0.018388624797620157,-0.03621374456665296,0.21962963582132586,-1.730310602109275,0.3732456140350877,-1.730310602109275,0.3520982978688848,-385.0,0.6052631578947368,0.45614035087719296,0.2719298245614035,0.5552631578947368,0.493859649122807,南帝
29.200000762939453,29.899999618530277,29.200000762939453,29.299999237060547,4610534.0,0.022687596062300308,28.85999984741211,0.050179198482871445,27.9625,0.07129794619352148,28.009166590372725,-0.03300330116104033,27.741250038146973,0.006297795771479879,72.28913004711842,2852564.5,1.6162768624513135,0.04783189046260339,2201.TW,2026-08-21,0.02900692887078482,0.04129354752118308,neutral,0.24324324324324326,0.2814538676607642,2026-03-31,2026-05-15,16975232000.0,5600166000.0,1529772000.0,1410701000.0,356383000.0,363664000.0,0.35,258394518000.0,257093889000.0,369722615000.0,273701167000.0,96021448000.0,11770568000.0,38309974000.0,7312596000.0,1700000000.0,0.2526283032336406,1143308295.3056672,112628726000.0,0.0101511251694853,0.0037873205161413,0.0009836130797679,2.850416992253648,0.3299021774783402,0.0901178846922386,0.0214232123602198,-0.0348376488341026,,,22.837441404461494,22.837441404461494,False,59.5167063626396,59.5167063626396,50.34689012309507,811.0,True,False,True,True,True,False,True,False,True,True,True,True,True,True,False,False,False,11,False,0.04608607837448142,0.056188859433880634,1.0,83580137.673666,0.35414725069897485,0.0,3.0,,,,,,0.03756311805521133,-0.00935498852104689,0.19470569050783487,-1.2693907926892636,0.4728070175438596,-1.2693907926892636,0.5374946512708426,-811.0,0.18421052631578946,0.06140350877192982,0.5175438596491229,0.23421052631578948,0.21403508771929824,裕隆
63.400001525878906,64.30000305175781,63.400001525878906,64.30000305175781,796010.0,0.05582925189967525,62.960000610351564,0.047231294035988025,62.45500011444092,0.07166671752929688,62.03963082631429,0.05756585293777183,60.277315330505374,0.008200216935239141,51.26051605441357,1103738.3,0.721194507792291,0.02954131669099591,2206.TW,2026-08-21,0.02900692887078482,0.04129354752118308,neutral,0.2534948741845294,0.2786579683131407,2026-03-31,2026-05-15,14947523000.0,3169197000.0,1407602000.0,1401468000.0,300076000.0,1061801000.0,1.37,35643431000.0,24328027000.0,96546885000.0,53175170000.0,43371715000.0,7860863000.0,8468755000.0,18068499000.0,,0.2141154846204123,1106212615.6173384,72218858000.0,0.0153175035752758,0.0244814160565243,0.0109977758474548,1.226033372210437,0.212021550326432,0.0941695824786488,0.0710352477798495,-0.00921030321598,,,38.16659350871173,38.16659350871173,False,62.89048095755193,62.89048095755193,56.709509095341886,556.0,True,False,True,True,True,True,True,True,True,True,True,True,False,True,False,False,False,12,False,0.03643432746677111,0.06673634516062488,1.0,70970376.05834198,0.3727865796831314,1.0,3.0,,,,,,0.05893792217820308,0.030272137022688283,0.188467740926577,-1.4201232977522151,0.6144736842105263,-1.4201232977522151,0.5451277438981824,-556.0,0.4473684210526316,0.21929824561403508,0.5350877192982456,0.4605263157894737,0.39649122807017545,三陽工業
266.0,269.5,251.0,261.0,25852404.0,-0.013454133499471665,266.71828002929686,0.21678321678321688,243.86896514892578,0.13232104121475063,226.5813217163086,0.5721221029303689,200.78556213378906,0.061502599493723546,64.42691360053942,33300552.75,0.7763355819972088,0.07024688377470523,2301.TW,2026-08-21,0.02900692887078482,0.04129354752118308,neutral,0.04007455731593663,0.1863932898415657,2026-03-31,2026-05-15,43407292000.0,9402933000.0,4099305000.0,4969901000.0,1195242000.0,3775414000.0,1.66,165353065000.0,116511425000.0,210691221000.0,122427807000.0,88263414000.0,71133162000.0,13521025000.0,3000000000.0,,0.2404961386554782,3113437976.3289046,94179796000.0,0.0330584489302663,0.0427743934763275,0.0179191804104642,1.3870730969006029,0.2166210460675593,0.0944381649055647,0.0869764923368175,0.1919657430575541,,,57.60700281241379,57.60700281241379,False,81.18415623733107,81.18415623733107,75.28986788110174,287.0,True,True,True,True,True,True,True,True,True,True,True,True,False,True,False,False,False,13,False,0.1519043053636404,0.29989426145137066,1.0,8691444267.75,0.02516309412861137,2.0,3.0,,,,,,0.027589203014708973,-0.031119702632369482,0.27413329354125393,-1.1571540989287268,0.5614035087719298,-1.1571540989287268,0.4863498348980949,-287.0,0.7192982456140351,0.9122807017543859,0.4649122807017544,0.6811403508771929,0.7263157894736842,光寶科
13.949999809265137,15.699999809265137,13.949999809265137,15.399999618530272,10402.0,-0.01597444128394665,15.139999961853027,0.02666664123535134,15.112500047683715,0.03010032207400104,14.569999996821085,-0.0434783072269439,14.253749990463257,-0.004938268465269764,62.06895984735949,7570.0,1.374108322324967,0.01902395830864667,2321.TW,2026-08-21,0.02900692887078482,0.04129354752118308,neutral,0.33084808946877914,0.41006523765144454,2026-03-31,2026-05-15,167589000.0,54806000.0,3123000.0,2338000.0,316000.0,-3670000.0,-0.12,594557000.0,366319000.0,1167997000.0,735200000.0,432797000.0,91273000.0,191000000.0,200000000.0,,0.1351582549187339,2700900.7698887936,801678000.0,0.0033690593603526,-0.0084797260609477,-0.0031421313582141,1.698717874661793,0.3270262368055183,0.0186348746039417,-0.0218988119745329,-0.0149414274882296,,,20.392509269700085,20.392509269700085,False,58.3380924226797,58.3380924226797,48.8516966344348,849.0,True,False,True,True,True,True,False,True,False,False,True,True,True,True,False,False,False,10,False,0.05696634330063666,0.08041740796870545,1.0,116577.99711227416,0.9990680335507922,0.0,3.0,,,,,,0.021584922676495494,0.0039614084780294715,0.1437999320734475,-1.4941880827779306,0.375,-1.4941880827779306,0.40918808225112524,-849.0,0.13157894736842105,0.03508771929824561,0.3157894736842105,0.15921052631578947,0.1394736842105263,東訊
176.0,182.0,174.5,181.0,113869515.0,-0.013623978201634857,176.7,0.17152103559870557,163.225,0.2569444444444444,173.81666666666666,0.46142685926953897,140.11593780517578,0.028512917454316358,71.34831460674158,147813683.8,0.7703584138669575,0.10889875938122229,2344.TW,2026-08-21,0.02900692887078482,0.04129354752118308,neutral,0.06523765144454799,0.07921714818266543,2026-03-31,2026-05-15,38253064000.0,20415002000.0,12550494000.0,12688424000.0,2570746000.0,10114310000.0,2.25,110641935000.0,75046248000.0,229813688000.0,106920169000.0,122893519000.0,25520648000.0,5251103000.0,22148521000.0,4892959000.0,0.202605619106045,10007693393.043297,154767440000.0,0.0646627830313875,0.082301410866101,0.0440109120045103,0.870022844736019,0.5336827920503309,0.3280912085891995,0.2644052251605257,0.913359516665577,,,96.98400611250784,96.98400611250784,True,70.13733836719878,70.13733836719878,76.84900530352604,11.0,True,False,True,True,True,False,True,True,True,True,True,True,False,True,True,True,True,12,False,0.04132706875059933,0.2917873786183516,1.0,26754276767.800003,0.004659832246039142,2.0,0.0,,,,,,-0.043381333062715556,-0.11861564626897816,0.1646095833358801,-1.344344641733511,0.22192982456140353,-1.344344641733511,0.2239426259221934,-11.0,0.9824561403508771,0.9210526315789473,0.13157894736842105,0.8548245614035087,0.7938596491228069,華邦電
159.0,159.5,149.0,150.0,10405180.0,-0.059561128526645746,164.3,0.034482758620689724,146.625,0.0948905109489051,141.14388529459634,0.14068441064638781,130.45944264729818,0.04359430604982206,58.53658536585366,12275478.15,0.8476394868577889,0.023017902813299296,2359.TW,2026-08-21,0.02900692887078482,0.04129354752118308,neutral,0.3000931966449208,0.2385834109972041,2026-03-31,2026-05-15,890066000.0,190817000.0,-35808000.0,156778000.0,13846000.0,134073000.0,0.78,8393550000.0,3998667000.0,10520171000.0,4283921000.0,6236250000.0,2450934000.0,650000000.0,,,0.088315962698848,-32645582.00767965,6521504000.0,-0.005005836384932,0.0214989777510523,0.0127443745923901,0.6869386249749448,0.21438522536531,-0.0402307244631297,0.1506326497136167,-0.2680432463904461,,,26.81505765819656,26.81505765819656,False,69.2136500222235,69.2136500222235,58.61400193121677,738.0,True,False,True,True,True,True,True,True,True,True,True,True,True,True,False,False,False,13,False,0.06274529489477443,0.14978262175724932,1.0,1841321722.5,0.0782851817334576,2.0,3.0,,,,,,-0.0015196084325270849,-0.07839364726788586,0.1854222385870181,-1.6486201776069602,0.26754385964912286,-1.6486201776069602,0.2606790171948381,-738.0,0.2982456140350877,0.30701754385964913,0.15789473684210525,0.2771929824561403,0.2728070175438596,所羅門
83.0999984741211,83.0999984741211,80.0,80.80000305175781,469790.0,-0.0024690981264468004,83.68000030517578,0.13483155217680998,75.6150001525879,0.20059434454434832,71.51999994913737,0.2805072108661928,67.91083326339722,0.04556139481219423,69.3486661716818,495286.4,0.9485219057095046,0.06857108892027775,2364.TW,2026-08-21,0.02900692887078482,0.04129354752118308,neutral,0.09319664492078285,0.12208760484622554,2026-03-31,2026-05-15,338915000.0,130350000.0,30596000.0,44068000.0,-15000.0,43646000.0,0.83,1165011000.0,950493000.0,1755551000.0,1003694000.0,751857000.0,599063000.0,350000000.0,,,0.0,30596000.0,805058000.0,0.0380047151882224,0.0580509325576539,0.0248617100841843,1.3349533222407983,0.3846097103993626,0.0902763229718365,0.128781552896744,-0.1059821890200796,,,61.7822396932274,61.7822396932274,False,75.5898721949309,75.5898721949309,72.13796406950503,244.0,True,True,True,True,True,True,True,True,True,True,True,True,True,True,True,False,False,14,False,0.12975395846224935,0.18979548871634355,1.0,40019142.63149414,0.45852749301025164,1.0,3.0,,,,,,0.08443283223801812,0.03901440845129515,0.36477987339224127,0.11051511433508063,0.9219298245614036,0.11051511433508063,0.9088648468383926,-244.0,0.7368421052631579,0.8508771929824561,0.9649122807017544,0.7710526315789473,0.8166666666666667,倫飛
6005.0,6015.0,5650.0,5680.0,2333695.0,-0.07866991078669916,6020.0,0.19453207150368024,5340.25,0.12363996043521275,5226.666666666667,1.3865546218487395,4469.333333333333,0.058470838907883654,64.22764227642277,2326148.8,1.0032440744977278,0.06362061701231214,2383.TW,2026-08-21,0.02900692887078482,0.04129354752118308,neutral,0.049394221808014914,0.195712954333644,2026-03-31,2026-05-15,33067261000.0,9729153000.0,7128470000.0,7194158000.0,1855381000.0,5339793000.0,14.9,90741002000.0,68350963000.0,130976723000.0,83055788000.0,47920935000.0,22134504000.0,12291308000.0,10978888000.0,0.0,0.2579010636130038,5290030005.06661,62625760000.0,0.0844705118958494,0.1114292323386428,0.0407690227522336,1.733183795349569,0.2942231290338803,0.2155748551414645,0.1614827729457241,0.5252381635035763,,,86.0587773245522,86.0587773245522,True,80.36783232990022,80.36783232990022,81.79056857856321,55.0,True,True,True,True,True,True,True,True,True,True,True,True,True,True,True,True,False,14,False,0.08673469387755106,0.27088305489260156,1.0,13212525183.999998,0.013979496738117428,3.0,2.0,,,,,,0.055917876429934746,-0.039719519744621776,0.3321674409410322,0.0319573687521292,0.7478070175438597,0.0319573687521292,0.5731107240217763,-55.0,0.9385964912280702,0.9649122807017544,0.5964912280701754,0.8872807017543859,0.8780701754385966,台光電
40.400001525878906,41.900001525878906,40.09999847412109,41.59999847412109,2537269.0,-0.03368178370816777,41.369998931884766,0.1652660387981415,37.8774995803833,0.10491359331093597,38.07498334248861,0.06803588342167832,37.35124162038167,0.04023343024489072,71.99999812199472,4072334.6,0.6230502277489673,0.09827731331203449,2392.TW,2026-08-21,0.02900692887078482,0.04129354752118308,neutral,0.06896551724137931,0.21621621621621623,2026-03-31,2026-05-15,20284345000.0,3918165000.0,2024943000.0,2036754000.0,252111000.0,-210762000.0,-0.46,65961303000.0,65464823000.0,123191294000.0,95674753000.0,27516541000.0,21416412000.0,16445470000.0,26655579000.0,0.0,0.1237807805950055,1774293974.7996078,57726471000.0,0.0307362280088039,-0.0076594656283287,-0.0017108514177958,3.476990549066469,0.1931620173094078,0.0998278721841893,-0.0103903774068129,-0.0513983335778374,,,22.851074819845003,22.851074819845003,False,65.71540518668942,65.71540518668942,54.99932259497832,807.0,True,False,True,True,True,False,True,True,True,True,True,True,False,True,False,False,False,11,False,0.09258087127509906,0.11375142215944356,1.0,169409113.1461105,0.2851817334575955,1.0,3.0,,,,,,0.0751066459237663,0.03624253433435118,0.262915839923148,-0.18739405633692532,0.8271929824561403,-0.18739405633692532,0.7500741195339237,-807.0,0.19298245614035087,0.16666666666666666,0.8421052631578947,0.2903508771929824,0.31491228070175437,正崴
672.0,672.0,643.0,649.0,4041331.0,-0.049780380673499214,673.8,0.11703958691910499,629.9,0.3231396534148827,548.3194636027018,0.9286775631500743,465.41806513468424,0.042104392422863644,64.89795918367346,4843156.15,0.8344416068435042,0.03032227337672655,2395.TW,2026-08-21,0.02900692887078482,0.04129354752118308,neutral,0.10810810810810811,0.05312208760484623,2026-03-31,2026-05-15,20385264000.0,7979823000.0,3728486000.0,4068287000.0,750007000.0,3334165000.0,3.85,49300373000.0,29811036000.0,83769137000.0,34044129000.0,49725008000.0,10001958000.0,,43915000.0,,0.184354496130681,3041122842.1397014,53958101000.0,0.0563608204473263,0.0670520756879516,0.0398018305954375,0.6846480346468723,0.3914505595806853,0.182901040673302,0.1635576071028562,0.1748587968840969,,,87.43653384699755,87.43653384699755,False,78.62449492172563,78.62449492172563,80.8275046530436,49.0,True,True,True,True,True,True,True,True,True,True,True,True,True,True,True,False,False,14,False,0.1836165649415078,0.39444522810301796,1.0,3143208341.3500004,0.05125815470643057,3.0,2.0,,,,,,-0.03061279194004403,-0.11326494259366518,0.3109794897156258,-1.0119681035533195,0.44605263157894737,-1.0119681035533195,0.43060267402140984,-49.0,0.9473684210526315,0.9473684210526315,0.34210526315789475,0.856578947368421,0.8263157894736841,研華
519.0,534.0,512.0,528.0,65164960.0,0.03125,513.0,0.31670822942643384,456.425,0.6296296296296295,428.28914845784504,0.8526315789473684,338.5445742289225,0.058745070749246085,74.85822306238185,85127382.1,0.7654994009266027,0.1568165635098866,2408.TW,2026-08-21,0.02900692887078482,0.04129354752118308,neutral,0.0195712954333644,0.0130475302889096,2026-03-31,2026-05-15,49086932000.0,33325482000.0,30111283000.0,31718134000.0,5659880000.0,26059487000.0,8.41,141606845000.0,25207062000.0,240968098000.0,47930660000.0,193037438000.0,86281008000.0,0.0,13800000000.0,3996400000.0,0.1784430319892084,24738134364.394894,215761036000.0,0.1146552446308929,0.1349970620724877,0.1081449669740099,0.2482972240856201,0.6789074126694249,0.6134276837672398,0.5308844113541258,5.829068133568171,,,100.0,100.0,True,84.08667287977633,84.08667287977633,88.06500465983225,2.0,True,True,True,True,True,True,True,False,True,True,True,True,False,False,True,True,True,12,False,0.23281199605730651,0.5596173744700705,1.0,44947257748.799995,0.001863932898415657,3.0,0.0,,,,,,-0.06974007321071934,-0.15451651297855215,0.199164488417154,-1.4860906109873362,0.20394736842105265,-1.4860906109873362,0.22568152342443745,-2.0,1.0,1.0,0.14035087719298245,0.8710526315789473,0.8280701754385965,南亞科
19.549999237060547,19.899999618530277,19.5,19.899999618530277,2374628.0,0.025773196383076957,19.439999771118163,0.028423732621072784,19.322500038146977,0.0641710591781921,19.38416668574015,0.023136187040581735,19.370833333333334,0.0014252327670868682,64.58331180943046,1453259.05,1.6340018663568618,0.029887415150378294,2442.TW,2026-08-21,0.02900692887078482,0.04129354752118308,neutral,0.3233923578751165,0.30288909599254427,2026-03-31,2026-05-15,3189806000.0,920101000.0,721594000.0,757715000.0,168597000.0,363574000.0,1.14,21904867000.0,14179726000.0,24109252000.0,15483592000.0,8625660000.0,4783089000.0,9054196000.0,,1260461000.0,0.2225071431870822,561034180.5190606,9929526000.0,0.0565016074804638,0.042150281833506,0.0150802687698481,1.795061711219779,0.2884504574886372,0.2262187731793093,0.1139799724497351,6.055204248420224,,,71.63224953440525,71.63224953440525,False,60.95181334079007,60.95181334079007,63.62192238919386,150.0,True,False,True,True,True,False,True,True,False,True,True,True,True,True,True,False,False,11,False,0.02661104504273548,0.027317683038775353,1.0,28919854.540625673,0.5116495806150979,0.0,3.0,,,,,,0.03796179421494757,0.015918605968949385,0.21762015438096288,-0.6550027653573751,0.6096491228070176,-0.6550027653573751,0.5143745231616241,-150.0,0.8421052631578947,0.5789473684210527,0.4824561403508772,0.788157894736842,0.6912280701754385,新美齊
404.0,411.0,393.5,406.0,14148340.0,0.06982872200263501,409.8,0.21921921921921927,360.3,0.0440797297910287,357.9546834309896,0.7102812022355076,330.6514663696289,0.07048948971254557,68.3982683982684,10865758.45,1.3021033060052978,0.12683874548986962,2455.TW,2026-08-21,0.02900692887078482,0.04129354752118308,neutral,0.036346691519105315,0.3625349487418453,2026-03-31,2026-05-15,959310000.0,365431000.0,226651000.0,243595000.0,48510000.0,,1.06,2782788000.0,774487000.0,5394173000.0,1726948000.0,3667225000.0,1457261000.0,,0.0,948373000.0,0.1991420185143373,181515262.3617069,4619686000.0,0.0392916883012626,,,0.4709141108058545,0.3809310858846462,0.2362646068528421,,0.208712010009286,,,89.86861910837597,89.86861910837597,False,79.14345486562664,79.14345486562664,81.82474592631397,35.0,True,True,True,True,True,True,True,True,True,True,True,True,True,True,True,False,False,14,False,0.13422178502735838,0.22787902457429432,1.0,4411497930.7,0.0391425908667288,2.0,2.0,,,,,,0.0627295984814235,0.016413259891741604,0.2795959321216239,-1.7353709337935541,0.6723684210526315,-1.7353709337935541,0.6008287596396039,-35.0,0.9736842105263158,0.9736842105263158,0.6403508771929824,0.9236842105263158,0.9070175438596491,全新
18.200000762939453,18.25,17.950000762939453,18.149999618530277,470811.0,0.031249955973843058,18.000000000000004,0.14150943735733157,17.045000076293945,0.13084115148246767,17.38833325703939,0.09667676466635933,17.07958329518636,0.030220616255294385,74.07407581833554,869306.05,0.5415940680500267,0.06482836827751948,2461.TW,2026-08-21,0.02900692887078482,0.04129354752118308,neutral,0.08667287977632805,0.18825722273998136,2026-03-31,2026-05-15,1366993000.0,363766000.0,98193000.0,54528000.0,12381000.0,50019000.0,0.3,4713779000.0,2915219000.0,8380552000.0,4207146000.0,4173406000.0,1186217000.0,874467000.0,975276000.0,,0.2270576584507042,75897527.34375,5465333000.0,0.0138870819662315,0.0119851746990347,0.0059684612660359,1.0080845237678768,0.2661067028141329,0.0718313846522988,0.0365905311877968,0.0206116832638239,,,35.682269128941115,35.682269128941115,False,63.09574706133725,63.09574706133725,56.24237757823822,591.0,True,False,True,True,True,False,True,False,True,True,True,True,False,True,False,False,False,10,False,0.043803299041473176,0.06267227395680064,1.0,15777904.475886064,0.5796831314072693,0.0,3.0,,,,,,0.06401136409833046,0.0438425660805164,0.2437833086512231,-1.0938531412345531,0.7649122807017543,-1.0938531412345531,0.7660615743859911,-591.0,0.39473684210526316,0.20175438596491227,0.868421052631579,0.46578947368421053,0.43157894736842106,光群雷
86.5999984741211,89.30000305175781,85.0,85.9000015258789,3497703.0,-0.1042752850978993,86.91999969482421,0.06708076429663246,84.42999992370605,0.048840047930109876,81.2483336130778,0.6299810300247073,73.9054168701172,0.02234061972153358,58.17610202468061,3869041.2,0.9040231983055647,0.017410891904550585,2465.TW,2026-08-21,0.02900692887078482,0.04129354752118308,neutral,0.19478098788443615,0.3494874184529357,2026-03-31,2026-05-15,1569188000.0,167121000.0,92107000.0,130068000.0,22277000.0,107791000.0,1.15,1574817000.0,638916000.0,1902288000.0,697716000.0,1204572000.0,319532000.0,112731000.0,0.0,,0.1712719500568933,76331654.49610972,1263372000.0,0.0604189854580517,0.0894848958800304,0.0566638700344006,0.5792231597613094,0.1065015791606869,0.0586972370423429,0.0686922153368493,0.9128577645528606,,,73.28778007996519,73.28778007996519,True,68.73262814383453,68.73262814383453,69.8714161278672,133.0,True,False,True,True,True,True,True,True,True,True,True,True,True,True,True,True,False,13,False,0.05725247160087443,0.16229642107074804,1.0,332350644.98368835,0.21155638397017706,1.0,3.0,,,,,,-0.01391876195678106,-0.1289940925322045,0.1711129647492839,-1.9951658111506916,0.15921052631578947,-1.9951658111506916,0.13076516715190128,-133.0,0.868421052631579,0.7631578947368421,0.06140350877192982,0.7473684210526316,0.6754385964912282,麗臺
71.30000305175781,78.19999694824219,71.30000305175781,76.5,28038154.0,0.05082413177389067,73.5,0.06397772429066517,70.07500019073487,0.3858695460627799,71.45666669209798,1.5331125187876995,53.901249980926515,0.007114114335725817,70.7395533099676,20450405.6,1.371031682618559,0.091687474731033,2484.TW,2026-08-21,0.02900692887078482,0.04129354752118308,neutral,0.20037278657968313,0.04007455731593663,2026-03-31,2026-05-15,558493000.0,124006000.0,38190000.0,65062000.0,13230000.0,51853000.0,0.33,2364630000.0,488834000.0,4989053000.0,883613000.0,4105440000.0,608103000.0,70000000.0,152941000.0,,0.2033445021671636,30424273.46223602,4500219000.0,0.0067606206414034,0.0126303148992556,0.0103933552119009,0.2152297926653416,0.2220368026098805,0.0683804452338704,0.0928444940223064,-0.0665818752496527,,,33.91916811523335,33.91916811523335,False,68.71950605245183,68.71950605245183,60.01942156814721,611.0,True,False,True,True,True,False,True,True,True,True,True,True,True,True,False,False,False,12,False,0.07057890524943455,0.4192620769846762,1.0,1564456028.4,0.09226467847157502,1.0,3.0,,,,,,-0.04435608964542072,-0.15783886465728053,0.1733389834125107,-1.8588884838981845,0.14035087719298245,-1.8588884838981845,0.11793143657554439,-611.0,0.3684210526315789,0.35964912280701755,0.05263157894736842,0.32105263157894737,0.3026315789473684,希華
14.050000190734863,14.5,14.050000190734863,14.350000381469728,242164.0,0.025000027247837675,14.05,0.014134329917404598,14.00750002861023,0.1343874161426235,13.692500003178914,-0.0304053921260653,13.592083350817363,0.0008931795427475433,65.38461256309824,146806.1,1.649549984639603,0.02445121200499334,2516.TW,2026-08-21,0.02900692887078482,0.04129354752118308,neutral,0.40726933830382106,0.18452935694315004,2026-03-31,2026-05-15,1624343000.0,91613000.0,49137000.0,56516000.0,0.0,56516000.0,0.25,5501612000.0,4873771000.0,7116682000.0,5000833000.0,2115849000.0,1859804000.0,596780000.0,,,0.0,49137000.0,2242911000.0,0.0219076904968587,0.0267107907983981,0.0079413412036676,2.363511290266933,0.0564000337367169,0.0302503843092253,0.0347931440588594,-0.2679604746075582,,,20.556737993044667,20.556737993044667,False,69.92157865228354,69.92157865228354,57.58036848747383,845.0,True,False,False,True,True,True,True,True,False,True,True,True,True,True,False,False,False,11,False,0.048019016113797,0.05576165265399058,1.0,2106667.5910020834,0.8452935694315005,0.0,3.0,,,,,,0.1455059491710132,0.0747971572781251,0.32098067903665467,-0.653709244134762,0.9298245614035088,-0.653709244134762,0.9043321419612397,-845.0,0.14035087719298245,0.24561403508771928,0.9473684210526315,0.2614035087719298,0.33333333333333337,新建
36.54999923706055,37.04999923706055,36.20000076293945,36.79999923706055,2720110.0,0.05595411329465283,36.37000045776367,0.05293271627286522,34.43504180908203,0.22871446743324886,34.321680609385176,0.14820593176512187,32.705840301513675,0.006797742638847813,75.65741750904363,1555678.45,1.748504004796107,0.06867880228200485,2520.TW,2026-08-21,0.02900692887078482,0.04129354752118308,neutral,0.2320596458527493,0.097856477166822,2026-03-31,2026-05-15,4862541000.0,1141758000.0,658447000.0,599530000.0,162065000.0,308665000.0,0.52,53619294000.0,30715620000.0,65803063000.0,37306228000.0,28496835000.0,17736193000.0,16539209000.0,220000000.0,3700000000.0,0.2703200840658515,480455551.60709226,35087443000.0,0.0136930910470475,0.0108315537497409,0.0046907390921908,1.3091358391203796,0.2348068633251627,0.1354121230031787,0.063478127999332,0.0287244960456058,,,37.26396887406752,37.26396887406752,False,75.07749884544648,75.07749884544648,65.62411635260175,568.0,True,True,True,True,True,True,True,False,True,True,True,True,True,True,False,False,False,13,False,0.07220854525980536,0.12518127948412294,1.0,57248965.77311153,0.39701770736253494,1.0,3.0,,,,,,0.05258619326984997,0.02717848509153467,0.22975421579749838,-1.473052518599407,0.6236842105263157,-1.473052518599407,0.6102636061250626,-568.0,0.41228070175438597,0.6578947368421053,0.6754385964912281,0.45175438596491224,0.5385964912280702,冠德
91.8000030517578,92.5,91.3000030517578,91.5999984741211,282325.0,0.037372540297976764,91.07999877929687,0.042093252377849666,89.06500053405762,0.1522012386681899,89.1066670735677,0.32590286875619046,80.10877532958985,0.009177944095397211,54.583326975504555,396970.2,0.7111994804647804,0.028462335652197357,2535.TW,2026-08-21,0.02900692887078482,0.04129354752118308,neutral,0.2702702702702703,0.15936626281453867,2026-03-31,2026-05-15,7158996000.0,1023899000.0,759460000.0,917121000.0,168741000.0,748785000.0,2.88,29176307000.0,17358125000.0,31406521000.0,21164629000.0,10241892000.0,7958413000.0,1895000000.0,3752518000.0,0.0,0.1839898988246916,619727031.4385997,14048396000.0,0.0441137216973809,0.0731100269364293,0.023841704721131,2.0664764869615886,0.1430227087708946,0.10608470796743,0.1045935770881838,0.5557714720596632,,,66.50740970485359,66.50740970485359,False,58.149959931994374,58.149959931994374,60.23932237520918,195.0,True,False,True,True,True,False,True,True,True,True,True,True,False,True,True,False,False,11,False,0.027981423640218273,0.14344524800501746,1.0,36362469.714271545,0.47343895619757687,1.0,3.0,,,,,,0.08563503382346793,0.037575871973128123,0.3224144411364135,-0.29039139440404416,0.8929824561403509,-0.29039139440404416,0.8781387784414523,-195.0,0.8070175438596491,0.3684210526315789,0.9298245614035088,0.825438596491228,0.7,達欣工
11.600000381469728,11.899999618530272,11.600000381469728,11.699999809265137,1504347.0,0.06849315187799387,11.459999847412108,0.05882349387426089,11.10499997138977,0.23548040964691386,10.982166687647501,0.11961722706365308,10.58141670227051,0.00977494274788934,70.9676883472302,1189311.85,1.2648885992349272,0.053579454246581504,2537.TW,2026-08-21,0.02900692887078482,0.04129354752118308,neutral,0.21714818266542404,0.09133271202236719,2026-03-31,2026-05-15,1212617000.0,259289000.0,167409000.0,150138000.0,30818000.0,,0.4,17831477000.0,12815624000.0,18460150000.0,13906467000.0,4553683000.0,679610000.0,8130480000.0,,1090843000.0,0.205264490002531,133045876.99316628,5644526000.0,0.0235707793698117,,,3.053894397128654,0.2138259648347334,0.1380559566623262,,2.980962167272918,,,51.40705905064119,51.40705905064119,False,72.87459623365096,72.87459623365096,67.50771193789852,350.0,True,False,True,True,True,True,True,True,True,True,True,True,True,True,False,False,False,13,False,0.06536352452426697,0.10571203634335724,1.0,13914948.418156767,0.5973904939422181,0.0,3.0,,,,,,0.1385797781441435,0.10609404192932229,0.3552584086738339,0.4579732758038692,0.9750000000000001,0.4579732758038692,0.9745806448059854,-350.0,0.6491228070175439,0.6929824561403509,1.0,0.7017543859649124,0.7324561403508771,聯上發
117.0,117.5,112.0,114.5,393337.0,0.14729455409554015,110.8,0.19270833333333326,95.02229232788086,0.3176064210528442,93.73409741719564,0.27222222222222214,89.06954879760742,0.03954826436712692,77.38868778067908,438741.5,0.896511955217366,0.20498040191358458,2546.TW,2026-08-21,0.02900692887078482,0.04129354752118308,neutral,0.05032618825722274,0.05591798695246971,2026-03-31,2026-05-15,4271987000.0,331333000.0,227648000.0,236497000.0,50162000.0,186338000.0,1.43,15279304000.0,9683343000.0,16184746000.0,9989889000.0,6194857000.0,7854449000.0,0.0,,,0.2121041704545935,179362909.8043527,6501403000.0,0.0275883389791945,0.0300794675325031,0.0115131865523252,1.6126101054471476,0.0775594588653944,0.0532885516739634,0.0436185784273219,0.0858039345262302,,,37.32527210445105,37.32527210445105,False,82.09226467847157,82.09226467847157,70.90051653496644,567.0,True,True,True,True,True,True,True,False,True,True,False,True,True,False,False,False,False,11,False,0.22154054026229764,0.2855122939959889,1.0,50235901.75,0.4175209692451072,2.0,3.0,,,,,,0.11711629173264727,0.024562005220621443,0.3648581001348363,-0.5237630163604323,0.8951754385964913,-0.5237630163604323,0.9385154240883091,-567.0,0.42105263157894735,0.8157894736842105,0.9736842105263158,0.5039473684210526,0.65,根基
169.5,170.0,167.5,169.5,110893.0,0.018018018018018056,167.6,0.052795031055900665,165.225,0.13967595365067953,167.99059295654297,0.031291768987194546,158.7374605814616,0.01116891064871474,66.66666666666666,220396.85,0.5031514742610885,0.02587380844303233,2597.TW,2026-08-21,0.02900692887078482,0.04129354752118308,neutral,0.23485554520037277,0.17614165890027958,2026-03-31,2026-05-15,7352773000.0,1301728000.0,991959000.0,1013069000.0,195724000.0,739775000.0,2.38,14605042000.0,10840879000.0,26488175000.0,15188509000.0,11299666000.0,1346065000.0,1500000000.0,3160000000.0,,0.1931990812076966,800313432.6042945,15647296000.0,0.0511470756739243,0.0654687492532965,0.027928500170359,1.3441555706159811,0.1770390572373171,0.1349095096503047,0.1006117011908296,0.1885695617545852,,,70.60723924497874,70.60723924497874,False,59.410646578771576,59.410646578771576,62.209794745323364,158.0,True,False,True,True,True,False,True,True,True,True,True,True,False,True,True,False,False,11,False,0.00898506884756034,0.06780087938357338,1.0,37357266.075,0.46971109040074555,2.0,3.0,,,,,,0.044825586206888424,0.0059341791586660034,0.199734498254888,-0.9971072304007011,0.5697368421052631,-0.9971072304007011,0.4838839258884362,-158.0,0.8245614035087719,0.49122807017543857,0.4473684210526316,0.7679824561403509,0.6491228070175439,潤弘
58.0,61.0,58.0,60.20000076293945,2425416.0,0.11895913785571599,58.08000030517578,0.1379962008789235,54.329999923706055,0.08845753116757371,54.1516668955485,-0.04448383310164539,54.554905859629315,0.02703213096059017,77.33332892523981,610000.85,3.9760862628306177,0.10804345384642855,2612.TW,2026-08-21,0.02900692887078482,0.04129354752118308,neutral,0.08946877912395154,0.2479030754892824,2026-03-31,2026-05-15,1239781000.0,413974000.0,286693000.0,251153000.0,6735000.0,245435000.0,1.24,3774080000.0,3383047000.0,26827564000.0,13202888000.0,13624676000.0,3013054000.0,905000000.0,5029390000.0,4000000000.0,0.0268163231177807,279004947.8763941,23444517000.0,0.0119006481505417,0.018014006351417,0.0091486129713454,0.9690423464014852,0.3339089726330699,0.2312448730864564,0.1979664150362039,0.0092344987980661,,,50.30355978018509,50.30355978018509,False,75.12198089291844,75.12198089291844,68.9173756147351,361.0,True,True,True,True,True,True,True,False,True,True,False,True,False,True,False,False,False,11,False,0.11169247807380334,0.10347547694125003,1.0,36722051.63539372,0.4725069897483691,1.0,3.0,,,,,,0.009395467049983073,-0.0451287381947605,0.17784655549728354,-1.7894556654249263,0.2986842105263158,-1.7894556654249263,0.3153269630871642,-361.0,0.6403508771929824,0.7368421052631579,0.24561403508771928,0.581140350877193,0.5903508771929825,中航
73.0,73.5,69.0,69.30000305175781,59867207.0,-0.018413533292636064,70.9000015258789,0.059633049463090115,64.36500034332275,0.5098039378644843,57.62660916646322,0.2692308605943301,53.172471364339195,0.0208564654815199,63.60759428727534,46697999.3,1.282007963882941,0.0766721460749129,2634.TW,2026-08-21,0.02900692887078482,0.04129354752118308,neutral,0.21155638397017706,0.023299161230195712,2026-03-31,2026-05-15,7587090000.0,591710000.0,272385000.0,343445000.0,82787000.0,260658000.0,0.28,37638357000.0,26369324000.0,51480606000.0,33336880000.0,18143726000.0,2181426000.0,5295860000.0,1125000000.0,3448642000.0,0.2410487851038739,206726926.6694813,25111282000.0,0.0082324322059495,0.0143662883797958,0.005063227111196,1.837377835181153,0.0779890577283253,0.0359011162382415,0.0343554643479911,0.0064028588028364,,,19.130159005497152,19.130159005497152,False,83.91291433621222,83.91291433621222,67.71722550353346,866.0,True,True,True,True,True,True,True,True,True,True,True,True,True,True,False,False,False,14,False,0.20256950832512488,0.303306039264422,1.0,3236171494.000984,0.048462255358807084,1.0,3.0,,,,,,-0.016905411952560276,-0.07757618527649127,0.23136892452150218,-1.8997626819660345,0.275,-1.8997626819660345,0.2583358513451925,-866.0,0.12280701754385964,0.7017543859649122,0.14912280701754385,0.12675438596491226,0.3017543859649122,漢翔
180.0,183.0,180.0,183.0,492422.0,0.030985915492957705,179.4,0.022346368715083775,178.825,0.06705539358600587,178.89166666666668,0.03404476666222056,176.75177256266275,0.00027968116347354465,63.333333333333336,198411.0,2.4818281244487452,0.02334684747658322,2707.TW,2026-08-21,0.02900692887078482,0.04129354752118308,neutral,0.3560111835973905,0.293569431500466,2026-03-31,2026-05-15,1946379000.0,699803000.0,562483000.0,914767000.0,182055000.0,730305000.0,5.73,4907297000.0,3965941000.0,10835463000.0,7089733000.0,3745730000.0,800345000.0,86714000.0,,,0.1990178919877958,450538819.0610286,6869522000.0,0.0655851774055063,0.1949700058466573,0.0673995195221468,1.892750678772896,0.359540973263686,0.2889894516946596,0.3752121246684227,0.0491755118586034,,,78.92252512482825,78.92252512482825,True,56.33340673502264,56.33340673502264,61.98068633247405,92.0,True,False,True,True,True,False,True,True,False,True,True,True,True,True,True,True,False,11,False,0.022965481902454954,0.03535029576646598,1.0,36309213.0,0.4743709226467847,2.0,2.0,,,,,,0.05073841576441198,-0.006304659198079268,0.2623790237651424,0.9170105511028435,0.7166666666666666,0.9170105511028435,0.669658550305368,-92.0,0.8947368421052632,0.47368421052631576,0.7456140350877193,0.8723684210526316,0.7385964912280703,晶華
234.0,239.0,234.0,237.5,303578.0,0.02813852813852824,234.7,0.07709750566893425,231.775,0.0237068965517242,234.55185928344727,0.08200455580865595,231.66342964172364,0.013556357275609464,62.0253164556962,579076.05,0.5242454769110205,0.024700679538345316,2727.TW,2026-08-21,0.02900692887078482,0.04129354752118308,neutral,0.17054986020503263,0.4315004659832246,2026-03-31,2026-05-15,6518701000.0,3105410000.0,538057000.0,528530000.0,105149000.0,417522000.0,5.04,8317061000.0,8320579000.0,17701596000.0,13514625000.0,4186971000.0,3153597000.0,,,672435000.0,0.198946133615878,431012640.1850416,9381017000.0,0.0459451933820226,0.0997193436496216,0.0235866867597701,3.2277808945894297,0.4763847889326416,0.0825405245615652,0.0640498774218974,0.0947978175592529,,,66.00949706522618,66.00949706522618,False,60.01514199946807,60.01514199946807,61.513730765907596,199.0,True,False,True,True,True,False,True,True,True,False,True,True,False,True,True,False,False,10,False,0.012569248973592684,0.025194180917129883,1.0,137530561.875,0.3038210624417521,2.0,3.0,,,,,,0.10217139995830771,0.10544893832396109,0.26336333627343217,-0.010738475207149226,0.9013157894736843,-0.010738475207149226,0.7714371561837174,-199.0,0.7894736842105263,0.4649122807017544,0.8771929824561403,0.8026315789473684,0.7096491228070175,王品
36.70000076293945,38.5,36.70000076293945,38.04999923706055,476941.0,0.05110492914726872,36.23000030517578,0.08714283534458711,35.09500007629394,0.09971100910654274,35.35561046600342,0.14092956455714845,34.90988852183024,0.008839384155054,77.77776432206201,120966.4,3.942756004973282,0.08420000439785302,2739.TW,2026-08-21,0.02900692887078482,0.04129354752118308,neutral,0.1565703634669152,0.22646784715750232,2026-03-31,2026-05-15,1423271000.0,578036000.0,170254000.0,150826000.0,31760000.0,119066000.0,1.3,1661188000.0,2505476000.0,11529842000.0,10032415000.0,1497427000.0,761384000.0,,,,0.210573773752536,134402972.72353572,9024366000.0,0.0148933423936413,0.079513725877789,0.0103267677041888,6.699769003764457,0.4061320718260963,0.1196216321417354,0.0836565910497719,0.0170115129792549,,,49.01608685942811,49.01608685942811,False,61.65785995020941,61.65785995020941,58.49741667751408,384.0,True,False,True,True,True,False,True,False,True,True,True,True,False,True,False,False,False,10,False,0.07620823783110597,0.08994903301586588,1.0,4602771.42770996,0.7483690587138863,1.0,3.0,,,,,,0.07720991457119644,0.03557275041642658,0.2233795840682727,-0.4350187347541804,0.7530701754385964,-0.4350187347541804,0.7428478801201849,-384.0,0.6140350877192983,0.2982456140350877,0.8245614035087719,0.6456140350877193,0.5614035087719298,寒舍
61.900001525878906,61.900001525878906,61.0,61.5,214909.0,0.04770015674051464,60.01999969482422,0.09042550241387803,58.66999988555908,0.23939141202168135,56.099389712015785,0.31506988767316924,51.50269988377889,0.014964102811083704,58.33333774849174,197960.5,1.0856155647212449,0.048235897732419986,2832.TW,2026-08-21,0.02900692887078482,0.04129354752118308,neutral,0.14818266542404473,0.08760484622553588,2026-03-31,2026-05-15,,,514384000.0,513794000.0,96832000.0,,,,,25841065000.0,13610551000.0,12230514000.0,3713301000.0,,,,0.1884646375784847,417440805.8638287,25841065000.0,0.0161541641516643,,,1.112835568480605,,,,,,,55.14019466216183,55.14019466216183,False,80.13456200812091,80.13456200812091,73.88597017163114,305.0,True,True,True,True,True,True,True,True,True,True,True,True,True,True,False,False,False,14,False,0.0962686103308441,0.1941121560380532,1.0,12174570.75,0.6169617893755824,1.0,3.0,,,,,,0.03527542267821158,-0.00915742998971762,0.16940780617742293,-1.4345304228140916,0.42236842105263156,-1.4345304228140916,0.44025596383677057,-305.0,0.6929824561403509,0.8947368421052632,0.35964912280701755,0.6429824561403509,0.6868421052631579,台產
13.550000190734863,13.699999809265137,13.449999809265137,13.649999618530272,12686374.0,0.03409089513389829,13.560000038146972,0.022471852321214403,13.340000009536743,0.14705882824357075,13.09916672706604,0.0748031357112362,12.719583360354106,0.0045180715645391865,62.49996026359523,9536633.55,1.330278020381731,0.023238351482152142,2845.TW,2026-08-21,0.02900692887078482,0.04129354752118308,neutral,0.3550792171481827,0.16495806150978565,2026-03-31,2026-05-15,,,,,143704000.0,1221472000.0,,,,891493396000.0,820291532000.0,71201864000.0,7041472000.0,,,,,,891493396000.0,,0.0171550565024533,0.0013701413891348,11.520646875199784,,,,,,,8.670319530616531,8.670319530616531,False,73.24589555939784,73.24589555939784,57.10200155220251,1047.0,True,False,True,True,True,True,True,True,False,True,True,True,True,True,False,False,False,12,False,0.04205098713081323,0.07314832819730532,1.0,130175044.319563,0.3066169617893756,0.0,3.0,,,,,,0.043664696595804575,-0.06488648111075114,0.18594411926832363,-0.9402534926195393,0.48026315789473684,-0.9402534926195393,0.47605205048048055,-1047.0,0.008771929824561403,0.22807017543859648,0.43859649122807015,0.07324561403508771,0.16052631578947368,遠東銀
165.5,168.5,164.0,168.5,288695.0,0.05974842767295607,163.7,0.14237288135593218,160.25,0.29346403827770917,148.46401138305663,0.5017336588889039,133.57870292663574,0.02642113690952762,54.320987654320994,438653.75,0.6581386799953266,0.05148205928237126,2850.TW,2026-08-21,0.02900692887078482,0.04129354752118308,neutral,0.08574091332712022,0.06337371854613234,2026-03-31,2026-05-15,,,1507350000.0,1508204000.0,248433000.0,,,,,58099283000.0,36260125000.0,21839158000.0,14722947000.0,,,,0.1647210854765005,1259057671.8069968,58099283000.0,0.0216707953488341,,,1.6603261444420157,,,,,,,51.89726928896828,51.89726928896828,False,77.71247641486512,77.71247641486512,71.25867463339091,340.0,True,True,True,True,True,True,True,True,True,True,True,True,False,True,False,False,False,13,False,0.13495518833347364,0.26142862827874414,1.0,73913156.875,0.3681267474370923,2.0,3.0,,,,,,0.006879024756860056,-0.053535774184312546,0.18640235180639356,-2.16182993757165,0.25482456140350873,-2.16182993757165,0.20927530886090637,-340.0,0.6666666666666666,0.8333333333333334,0.12280701754385964,0.5850877192982455,0.6078947368421052,新產
129.0,135.5,127.5,134.0,37661834.0,0.03474903474903468,129.1,0.050980392156862786,128.0,0.25951733072207483,124.55619290669759,0.48975168724290996,106.33724091847738,0.0060915700530556555,58.18181818181818,19335416.1,1.947816059670937,0.046875,2881.TW,2026-08-21,0.02900692887078482,0.04129354752118308,neutral,0.2385834109972041,0.07642124883504194,2026-03-31,2026-05-15,66193246000.0,,,38624861000.0,5062760000.0,33551455000.0,,,,13120104726000.0,12085399702000.0,1034705024000.0,358727505000.0,,,,0.131075164257549,,13120104726000.0,,0.0324261062058977,0.0025572551211051,11.68004351160858,,,0.5068712750542556,-0.3925800152621125,,,12.264204123597382,12.264204123597382,False,78.80843615397022,78.80843615397022,62.172378146377014,1001.0,True,True,True,True,True,True,True,True,True,True,True,True,True,True,False,False,False,14,False,0.07581965113831446,0.26014177951758266,1.0,2590945757.4,0.05964585274930102,2.0,3.0,,,,,,0.012719467483928921,-0.15020119453816932,0.28645917778387636,-0.9845575348725967,0.47456140350877196,-0.9845575348725967,0.42684268971864253,-1001.0,0.05263157894736842,0.4824561403508772,0.3333333333333333,0.09473684210526315,0.23771929824561405,富邦金
97.3000030517578,101.0,97.3000030517578,100.5,21832082.0,-0.009852216748768461,98.75999908447265,0.03608247422680422,98.84499931335449,0.22746799112492955,97.88930931091309,0.3361911267340758,85.15155048370362,0.006568221113589504,50.0,20593247.0,1.0601573418703714,0.016743393172566012,2882.TW,2026-08-21,0.02900692887078482,0.04129354752118308,neutral,0.29263746505125815,0.09878844361602983,2026-03-31,2026-05-15,72538053000.0,,,38391738000.0,6735806000.0,31593811000.0,,,,14450034484000.0,13633007653000.0,817026831000.0,293505959000.0,,,,0.1754493636104726,,14450034484000.0,,0.0386692453677815,0.0021864176888285,16.686119887046893,,,0.4355480977687669,-0.3173702053156907,,,13.906153918122188,13.906153918122188,False,65.64775890469511,65.64775890469511,52.71235765805188,978.0,True,False,True,True,True,True,True,True,True,True,True,True,True,True,False,False,False,13,False,0.02666982439108767,0.18024862059597835,1.0,2069621323.5,0.07082945013979497,2.0,3.0,,,,,,0.012901002456782917,-0.09409462411003817,0.2733045137451088,-0.9053769565775637,0.5021929824561404,-0.9053769565775637,0.4730810322491631,-978.0,0.06140350877192982,0.12280701754385964,0.4298245614035088,0.11666666666666665,0.15350877192982454,國泰金
30.399999618530277,31.549999237060547,30.299999237060547,31.549999237060547,48930378.0,-0.00315956975276499,30.939999771118163,0.029363772585045966,30.719999980926513,0.4740958052134734,29.12019815444946,0.5437929462360378,24.663692982991538,0.00572924878688691,60.176988461721486,44724211.8,1.0940467373423897,0.027018204969054826,2883.TW,2026-08-21,0.02900692887078482,0.04129354752118308,neutral,0.31873252562907733,0.0260950605778192,2026-03-31,2026-05-15,23565513000.0,,,13099615000.0,1407592000.0,11689699000.0,,,,4235032868000.0,3864021319000.0,371011549000.0,75116245000.0,,,,0.1074529289601259,,4235032868000.0,,0.0315076418281523,0.0027602380818169,10.414827596108069,,,0.4960511150340754,-0.1317078255463794,,,12.146336472811727,12.146336472811727,False,76.90643034386943,76.90643034386943,60.716406876105005,1006.0,True,True,True,True,True,True,True,True,True,True,True,True,True,True,False,False,False,14,False,0.08344040345205617,0.279208237745171,1.0,1411048848.1681342,0.09692451071761417,1.0,3.0,,,,,,-0.013796737308385902,-0.13228562749103107,0.22873372547499196,-1.2017499245729557,0.33289473684210524,-1.2017499245729557,0.3634604021236315,-1006.0,0.03508771929824561,0.40350877192982454,0.2894736842105263,0.07324561403508772,0.19649122807017544,凱基金
37.34999847412109,38.0,37.150001525878906,38.0,21455010.0,0.009296107833635103,37.79999923706054,0.057023621517523715,37.57750015258789,0.2902176771651679,34.97058776219686,0.13494792657652988,32.9789800008138,0.011507396143430439,45.544546228472434,42793965.0,0.5013559739089378,0.011243426137888424,2884.TW,2026-08-21,0.02900692887078482,0.04129354752118308,neutral,0.22087604846225536,0.06523765144454799,2026-03-31,2026-05-15,25169421000.0,,,12706707000.0,2639201000.0,10056957000.0,,,,4679436007000.0,4394289185000.0,285146822000.0,45485669000.0,,,,0.2077014131198586,,4679436007000.0,,0.0352693988642805,0.0021491814365995,15.410619533399537,,,0.3995704549580223,0.174006725249566,,,29.938092003685178,29.938092003685178,False,67.67972943817601,67.67972943817601,58.2443200795533,682.0,True,False,True,True,True,True,True,False,True,True,True,True,False,True,False,False,False,11,False,0.08662743269868445,0.15224909924631702,1.0,1626170670.0,0.08946877912395154,1.0,3.0,,,,,,-0.0668386078680222,-0.17265090002391245,0.13672205181887023,-1.9842570605842136,0.06973684210526315,-1.9842570605842136,0.07177086922319732,-682.0,0.3157894736842105,0.2719298245614035,0.02631578947368421,0.2723684210526316,0.24473684210526314,玉山金
35.900001525878906,37.400001525878906,35.849998474121094,37.25,56045588.0,-0.013245033112582738,36.730001068115236,0.09077593954928265,35.57500057220459,0.6195652173913044,33.21120201746623,0.4989939407717985,28.636850976943972,0.01700684925423004,61.27167375141507,58014926.85,0.9660546180624892,0.047083609300181406,2887.TW,2026-08-21,0.02900692887078482,0.04129354752118308,neutral,0.14725069897483692,0.015843429636533086,2026-03-31,2026-05-15,47867456000.0,,,25588754000.0,4532177000.0,21040510000.0,,,,9064708955000.0,8465511408000.0,599197547000.0,97795796000.0,,,,0.1771159705548773,,9064708955000.0,,0.035114479532407,0.0023211456765409,14.12808088147931,,,0.439557723727787,0.933005034802805,,,37.907562917661295,37.907562917661295,False,83.80816767439549,83.80816767439549,72.33301648521194,558.0,True,True,True,True,True,True,True,True,True,True,True,True,True,True,False,False,False,14,False,0.12160950935800852,0.30077151394860513,1.0,2161056025.1625,0.06803355079217148,1.0,3.0,,,,,,-0.11370494593593981,-0.23543748627043373,0.12549516074620568,-2.1685367995759055,0.02280701754385965,-2.1685367995759055,0.026281112674173684,-558.0,0.43859649122807015,0.868421052631579,0.008771929824561403,0.37412280701754386,0.481578947368421,台新新光金
22.799999237060547,22.950000762939453,22.649999618530277,22.799999237060547,2976113.0,0.05311776622600872,22.229999923706053,0.024719066834181902,22.122499847412108,0.10597909331069388,22.07684783935547,0.055157277033638374,21.736114358901983,-4.31087957095179e-09,58.82351621210639,2597379.15,1.1458138485480645,0.030624901992154063,2903.TW,2026-08-21,0.02900692887078482,0.04129354752118308,neutral,0.34203168685927304,0.21435228331780057,2026-03-31,2026-05-15,8445107000.0,4894442000.0,1258959000.0,711710000.0,98348000.0,552249000.0,0.39,23289316000.0,44841575000.0,132760502000.0,96156196000.0,36604306000.0,11187325000.0,13575489000.0,13506440000.0,,0.138185496901828,1084989125.0059714,87918927000.0,0.0123407912497154,0.0150869955026602,0.0041597387150584,2.6269094133351416,0.5795595011407197,0.1490755534536152,0.0653927771430249,-0.0031784571239377,,,39.04410208893306,39.04410208893306,False,60.72911756197505,60.72911756197505,55.30786369371455,531.0,True,False,True,True,True,True,False,True,False,True,True,True,True,True,False,False,False,11,False,0.03275609828754389,0.04894549506834234,1.0,59220242.63835697,0.39422180801491147,0.0,3.0,,,,,,0.03923377349868249,0.003693474604533637,0.16967869639889438,-1.4689968979908246,0.4631578947368421,-1.4689968979908246,0.44135461541737087,-531.0,0.4649122807017544,0.17543859649122806,0.3684210526315789,0.4504385964912281,0.3587719298245614,遠百
17.350000381469727,17.649999618530273,17.200000762939453,17.649999618530273,1575157.0,0.03216369735620295,17.670000076293945,0.09627324225684597,16.79000015258789,0.31226764823981146,15.58583335876465,0.08950609798167197,14.919166668256123,0.028169016223103773,56.97675295428526,1586808.9,0.9926570237915858,0.051220932586461654,2905.TW,2026-08-21,0.02900692887078482,0.04129354752118308,neutral,0.13793103448275862,0.05778191985088537,2026-03-31,2026-05-15,29552820000.0,,,,-68929000.0,32878000.0,0.03,133124099000.0,1468399841000.0,1617410517000.0,62246052000.0,86764624000.0,72610211000.0,2757000000.0,7269508000.0,,,,149010676000.0,,0.0003789332389661,2.032755423217024e-05,0.717412801788895,,,0.0011125165043471,-0.4161502905041906,,,21.27042291580655,21.27042291580655,False,79.21565752287832,79.21565752287832,64.72934887111037,835.0,True,True,True,True,True,True,True,True,True,True,True,True,True,True,False,False,False,14,False,0.13243861988328298,0.18304192258168217,1.0,28007176.47968044,0.516309412861137,0.0,3.0,,,,,,0.012039169383921897,-0.022404792580306802,0.15246673064705155,-1.6925898813613927,0.3043859649122807,-1.6925898813613927,0.2681842306298029,-835.0,0.14912280701754385,0.6052631578947368,0.17543859649122806,0.15307017543859647,0.29122807017543856,三商
21.799999237060547,21.950000762939453,21.700000762939453,21.950000762939453,250227.0,0.004576676417568093,21.800000381469726,0.01620372107817114,21.82750005722046,0.05017498168053591,21.4776491800944,0.08822480057697613,20.679112148284915,0.0010318795502466556,54.90196225094134,199037.1,1.2571877303276624,0.005612218778965117,2908.TW,2026-08-21,0.02900692887078482,0.04129354752118308,neutral,0.39049394221808015,0.3448275862068966,2026-03-31,2026-05-15,9402236000.0,2780908000.0,276866000.0,231204000.0,54293000.0,160854000.0,0.32,20114529000.0,15304252000.0,40538813000.0,31810333000.0,8728480000.0,2421634000.0,4169050000.0,9539478000.0,,0.2348272521236656,211850318.0135292,25234561000.0,0.0083952448395487,0.0184286382050483,0.0039679010828462,3.6444298434549887,0.2957709208745664,0.0294468252020051,0.0171080581257479,0.0988141239298459,,,24.019508975015057,24.019508975015057,False,60.49981056364205,60.49981056364205,51.379735166485304,782.0,True,False,True,True,True,True,True,True,False,True,True,True,True,True,False,False,False,12,False,0.02199270408433862,0.0614576005749814,1.0,4368864.496853257,0.7530288909599254,0.0,3.0,,,,,,0.08068552025637953,0.05164094735217817,0.24015906605575274,-0.11663452939188228,0.8293859649122807,-0.11663452939188228,0.85366161887707,-782.0,0.22807017543859648,0.08771929824561403,0.9210526315789473,0.3320175438596491,0.32456140350877194,特力
249.5,260.5,247.0,256.5,9281654.0,-0.0621572212065814,254.7,0.24514563106796117,236.475,0.06272122134285096,228.4753537495931,0.5159406587575552,205.08830388387045,0.05569196428571426,70.6713780918728,10202176.35,0.9097719625283678,0.08468125594671738,3006.TW,2026-08-21,0.02900692887078482,0.04129354752118308,neutral,0.03075489282385834,0.3066169617893756,2026-03-31,2026-05-15,7266900000.0,3453448000.0,2254754000.0,2352467000.0,288641000.0,2063883000.0,7.22,17585827000.0,5859607000.0,20073767000.0,7169155000.0,12904612000.0,7031281000.0,1000000000.0,693679000.0,0.0,0.1226971515434647,1978102106.7687664,14214160000.0,0.1391641930841334,0.1599337508171497,0.1028149325435529,0.5555498297817866,0.4752298779396992,0.3102772846743453,0.2840114766957024,1.503294079957009,,,98.64788449850906,98.64788449850906,True,73.46870049944297,73.46870049944297,79.7634964992095,7.0,True,False,True,True,True,True,True,True,True,True,True,True,True,True,True,True,True,14,False,0.12265938443899582,0.25068078063213695,1.0,2616858233.775,0.05871388630009319,2.0,0.0,,,,,,0.0030756044442705383,-0.08324098396509769,0.24789881687950827,-1.2676665843551211,0.41666666666666663,-1.2676665843551211,0.3913016365844081,-7.0,0.9912280701754386,0.9385964912280702,0.30701754385964913,0.8885964912280702,0.8385964912280701,晶豪科
2995.0,3035.0,2850.0,2865.0,2508842.0,-0.10912021688958073,3018.70498046875,0.20378151260504196,2732.2915649414062,0.11046511627906974,2540.3471883138022,0.6232294617563738,2420.548594156901,0.06955107633560006,60.062648220973955,4341204.05,0.5779138623995341,0.04857037834519673,3017.TW,2026-08-21,0.02900692887078482,0.04129354752118308,neutral,0.04380242311276794,0.20689655172413793,2026-03-31,2026-05-15,49037946000.0,14597401000.0,12019030000.0,11979060000.0,3304089000.0,7915619000.0,20.17,135871669000.0,112699102000.0,175993383000.0,124678400000.0,51314983000.0,67880246000.0,16445795000.0,7190026000.0,,0.2758220594938167,8703916392.282032,63294281000.0,0.1375150527783392,0.1542555124689411,0.0449767989288551,2.4296685433959904,0.2976756204266794,0.2450965217833552,0.161418241294201,1.1016606943545204,,,82.5145908535667,82.5145908535667,False,81.51954306558432,81.51954306558432,81.76830501257992,70.0,True,True,True,True,True,True,True,True,True,True,True,True,False,True,True,False,False,13,False,0.12779859901814894,0.1836159814828695,1.0,12437549603.25,0.017707362534948742,3.0,2.0,,,,,,0.07862030076579027,-0.030335664357232915,0.31819143256275856,-0.3979265028181945,0.7649122807017543,-0.3979265028181945,0.75164043913497,-70.0,0.9122807017543859,0.956140350877193,0.8508771929824561,0.9030701754385965,0.9131578947368421,奇鋐
13.699999809265137,14.0,13.550000190734863,13.949999809265137,108219.0,0.01824817543653756,13.879999923706055,0.07307690840501047,14.31749997138977,0.491978528355133,12.55616668065389,0.05681818263918248,11.863333320617675,0.032263878232057785,46.969693247828246,163566.15,0.6616222244027875,-0.025667900321913573,3018.TW,2026-08-21,0.02900692887078482,0.04129354752118308,neutral,0.17614165890027958,0.024231127679403542,2026-03-31,2026-05-15,81164000.0,-2098000.0,-46204000.0,-50483000.0,209000.0,-50692000.0,-0.67,945217000.0,679342000.0,1197882000.0,686677000.0,511205000.0,41701000.0,76378000.0,0.0,0.0,0.0,-46204000.0,518540000.0,-0.0891040228333397,-0.0991617844113418,-0.042318024646835,1.3432517287585215,-0.0258488985264402,-0.5692671627815288,-0.6245626139667833,-0.5865792596893894,,,8.765863869002532,8.765863869002532,False,69.10997204100653,69.10997204100653,54.02394499800553,1045.0,True,False,True,True,False,True,True,False,True,True,True,True,False,True,False,False,False,10,False,0.11100785487013454,0.17589208970643821,1.0,2281747.7613022327,0.8387698042870456,0.0,3.0,,,,,,0.007628146658158244,-0.06810789120682785,0.30629041699252413,-0.6911440760734202,0.5302631578947368,-0.6911440760734202,0.681237722975064,-1045.0,0.017543859649122806,0.15789473684210525,0.7631578947368421,0.1293859649122807,0.20877192982456144,隆銘綠能
1120.0,1120.0,1030.0,1085.0,23152087.0,0.06372549019607843,1124.0,0.2932061978545888,955.65,0.05853658536585371,940.1790588378906,1.2557172557172556,812.0020294189453,0.07922077922077919,77.77777777777777,22892298.1,1.0113483101987037,0.13535290116674514,3037.TW,2026-08-21,0.02900692887078482,0.04129354752118308,neutral,0.02050326188257223,0.3168685927306617,2026-03-31,2026-05-15,37446455000.0,6726042000.0,2756634000.0,6298845000.0,918107000.0,5042976000.0,3.28,114144042000.0,86190209000.0,266881071000.0,149928398000.0,116952673000.0,60179250000.0,14320916000.0,18542136000.0,5803563000.0,0.1457579921398288,2354832563.095615,180690862000.0,0.0130323832485541,0.0431198011181839,0.018895967335203,1.2819578565767369,0.1796175899694644,0.073615352908573,0.1346716531644984,0.2445010776505265,,,50.25113103325184,50.25113103325184,False,76.55775657691215,76.55775657691215,69.98110019099708,362.0,True,True,True,True,True,True,True,False,True,True,True,True,True,True,False,False,False,13,False,0.15403548909195597,0.3362035569989983,1.0,24838143438.5,0.005591798695246971,3.0,3.0,,,,,,-0.025767012577228497,-0.09271717503110943,0.20192510321902074,-0.7951398870422963,0.3557017543859649,-0.7951398870422963,0.2073915835645125,-362.0,0.631578947368421,0.7719298245614035,0.10526315789473684,0.5526315789473685,0.5684210526315788,欣興
11.199999809265137,11.25,11.149999618530272,11.149999618530272,288648.0,-0.00888892279730924,11.219999885559082,0.04205605769034504,10.839999961853028,0.06698562890350535,10.80499997138977,-0.03043481577997642,10.856666660308838,0.01166588898226956,74.9999403954403,377745.45,0.764133624905343,0.028597754406656906,3052.TW,2026-08-21,0.02900692887078482,0.04129354752118308,neutral,0.2712022367194781,0.29450139794967384,2026-03-31,2026-05-15,871124000.0,84606000.0,43642000.0,49244000.0,10109000.0,39093000.0,0.19,11542706000.0,8128121000.0,11782392000.0,8138924000.0,3643468000.0,859342000.0,750076000.0,9917000.0,0.0,0.205283892453903,34683000.365526766,3654271000.0,0.0094910860101855,0.0107296125559494,0.0033179171088519,2.233839847090739,0.0971227976728915,0.0500984934406582,0.0448765043782515,0.1339674489624569,,,21.68414340880005,21.68414340880005,False,61.88454415022856,61.88454415022856,51.83444396487143,825.0,True,False,True,True,True,True,True,False,True,True,True,True,False,True,False,False,False,11,False,0.03192962962091772,0.027018694356145012,1.0,4211861.623401546,0.7632805219012115,0.0,3.0,,,,,,0.06254788709396793,0.03952047973127446,0.24535825561487906,-1.0236419244913457,0.756578947368421,-1.0236419244913457,0.5886487991080275,-825.0,0.16666666666666666,0.09649122807017543,0.6140350877192983,0.2337719298245614,0.23508771929824562,夆典
14.25,14.399999618530272,14.149999618530272,14.399999618530272,1626572.0,0.028571401323590928,14.139999961853027,0.028571401323590928,14.055000019073486,0.09090907777308077,14.329924631118775,-0.155425204522598,14.416629004478455,0.0018539695244601396,64.28570455434104,844658.4,1.925715768646828,0.024546396228289025,3056.TW,2026-08-21,0.02900692887078482,0.04129354752118308,neutral,0.32152842497670087,0.2451071761416589,2026-03-31,2026-05-15,284525000.0,46737000.0,-20665000.0,2569000.0,-823000.0,3392000.0,0.01,13460843000.0,4655985000.0,14920922000.0,6453799000.0,8467123000.0,3249160000.0,2825000000.0,95702000.0,1496470000.0,0.0,-20665000.0,10264937000.0,-0.0020131638411419,0.0004006083294172,0.0002273317962522,0.7622186426251278,0.164263245760478,-0.0726298216325454,0.0119216237588964,-0.914569422684164,,,14.64289306285235,14.64289306285235,False,59.906919955967986,59.906919955967986,48.590913232689076,963.0,True,False,True,True,True,False,True,True,False,True,True,True,True,True,False,False,False,11,False,0.004890115559946562,-0.0011534864317461757,0.0,12163080.63778839,0.6178937558247903,0.0,3.0,,,,,,0.04537380087927815,0.015794204837436772,0.1489043461632711,-1.8856619291869796,0.425,-1.8856619291869796,0.6908460503304046,-963.0,0.07017543859649122,0.02631578947368421,0.7719298245614035,0.17543859649122806,0.19736842105263158,富華新
842.0,842.0,792.0,811.0,17254445.0,-0.05916473317865434,856.2,0.14064697609001398,781.85,0.192934447888375,759.9524820963542,1.667942065720799,594.5006612141927,0.037417899555496646,64.90765171503958,14607288.1,1.1812216533197561,0.03728336637462415,3189.TW,2026-08-21,0.02900692887078482,0.04129354752118308,neutral,0.08853681267474371,0.12581547064305684,2026-03-31,2026-05-15,11104965000.0,2349499000.0,890638000.0,964461000.0,88658000.0,549232000.0,1.17,33407134000.0,17816161000.0,83654067000.0,32183791000.0,51470276000.0,11635037000.0,1278540000.0,7562530000.0,,0.0919249197220001,808766173.3486372,65837906000.0,0.0122842025587605,0.0106708578753298,0.0065655146210643,0.6252888754666869,0.2115719410191747,0.0802017836166075,0.0494582378242524,0.2883172632505095,,,45.18411999125517,45.18411999125517,False,79.47380125696505,79.47380125696505,70.90138094053758,427.0,True,True,True,True,True,True,True,True,True,True,True,True,True,True,False,False,False,14,False,0.06717198654688183,0.36417005549436166,1.0,11846510649.1,0.0195712954333644,3.0,3.0,,,,,,-0.10852069423848221,-0.2048465657248994,0.17224522649152574,-1.535147452693232,0.1456140350877193,-1.535147452693232,0.14520554621320395,-427.0,0.5789473684210527,0.8245614035087719,0.07894736842105263,0.5039473684210527,0.5526315789473685,景碩
13.800000190734863,14.0,13.800000190734863,14.0,21033.0,0.0035842431124375462,13.870000076293945,0.029411735831660568,13.849999952316285,0.0980392156862746,13.512798690795899,-0.007092225444273681,13.423066004117329,0.006560360930087325,51.28205755210613,41424.85,0.5077387123912338,0.010830328389902277,3266.TW,2026-08-21,0.02900692887078482,0.04129354752118308,neutral,0.31780055917986955,0.22926374650512582,2026-03-31,2026-05-15,508760000.0,129118000.0,60784000.0,58332000.0,13161000.0,43683000.0,0.12,12792293000.0,7165124000.0,13882400000.0,7442761000.0,6439639000.0,986601000.0,4625000000.0,151500000.0,,0.2256222999382843,47069774.120551325,6717276000.0,0.0070072711201015,0.0067834547868288,0.003146646113064,1.155773017711086,0.2537896061011085,0.1194748014781036,0.0858617029640695,1.0270049523688098,,,43.42781225211624,43.42781225211624,False,60.636916927800954,60.636916927800954,56.33464075887978,456.0,True,False,True,True,True,True,True,True,True,True,True,True,False,True,False,False,False,12,False,0.036054804067787494,0.04298079110284525,1.0,579947.9,0.9655172413793104,0.0,3.0,,,,,,0.04656047803616907,0.03303517572980194,0.21588004967766114,-1.2548256202235237,0.6241228070175439,-1.2548256202235237,0.7270677900509709,-456.0,0.543859649122807,0.21052631578947367,0.7982456140350878,0.5820175438596491,0.49473684210526314,昇陽
5620.0,5830.0,5425.0,5600.0,3181525.0,0.02470265324794152,5582.0,0.375921375921376,4677.25,0.22560187943859633,4550.438403320312,1.1268477532286916,4034.4544759114583,0.08376296124659677,74.86818980667839,2298309.55,1.384289161570947,0.19728472927468066,3443.TW,2026-08-21,0.02900692887078482,0.04129354752118308,neutral,0.0130475302889096,0.1015843429636533,2026-03-31,2026-05-15,11447812000.0,3113307000.0,1824178000.0,1924721000.0,278481000.0,1646240000.0,12.28,31638843000.0,19973296000.0,35132291000.0,20548418000.0,14583873000.0,7671980000.0,,,,0.144686424681811,1560244207.1967833,15158995000.0,0.1029253065389086,0.1128808513348957,0.0468583161855285,1.4089822367487703,0.2719565101173918,0.1593473058432476,0.1438038989459295,0.6298963899650951,,,83.63888359987813,83.63888359987813,True,85.27137519699927,85.27137519699927,84.86325229771899,63.0,True,True,True,True,True,True,True,False,True,True,True,True,True,False,True,True,False,12,False,0.23065065465205636,0.38804391856097364,1.0,12870533479.999998,0.015843429636533086,3.0,2.0,,,,,,0.08979925302390274,-0.00721852132590518,0.32419622177867624,0.00437624689099596,0.8228070175438597,0.00437624689099596,0.7750053817527502,-63.0,0.9210526315789473,0.9824561403508771,0.8859649122807017,0.9157894736842105,0.9324561403508772,創意
558.0,578.0,541.0,551.0,13959154.0,0.08039215686274503,560.0,0.29039812646370033,477.2,0.14782807265725406,494.17456614176433,0.8161359283868708,414.9921298980713,0.06995515695067261,69.61325966850829,10187970.0,1.3701604932091476,0.15465213746856676,3450.TW,2026-08-21,0.02900692887078482,0.04129354752118308,neutral,0.021435228331780055,0.16309412861137,2026-03-31,2026-05-15,2086881000.0,517637000.0,265998000.0,305196000.0,125755000.0,100381000.0,0.69,7884253000.0,4106443000.0,13684502000.0,5884300000.0,7800202000.0,2629692000.0,117848000.0,986625000.0,,0.4,159598800.0,9578059000.0,0.0166629585388855,0.0128690256995908,0.0073353783718252,0.7543778994441426,0.248043371902854,0.1274619875306737,0.048100969820512,-0.243335936667196,,,38.19504843746604,38.19504843746604,False,73.79397219094048,73.79397219094048,64.89424125257187,554.0,True,False,True,True,True,False,True,True,True,True,True,True,True,False,False,False,False,11,False,0.11499060807984618,0.3277360226935735,1.0,5613571470.0,0.034482758620689655,3.0,3.0,,,,,,0.0470431975885651,-0.06748883589385517,0.30166128536143577,-1.2765296545428118,0.5951754385964912,-1.2765296545428118,0.5606179122547197,-554.0,0.45614035087719296,0.6228070175438597,0.5614035087719298,0.4719298245614035,0.5271929824561403,聯鈞
78.4000015258789,80.80000305175781,76.9000015258789,79.69999694824219,2166165.0,0.07557353022182389,78.61999969482422,0.2834138310237728,73.71999950408936,0.03372241926818975,76.17166646321614,0.24921626804574548,69.95333328247071,0.0548004027455778,59.9098975255327,3438437.1,0.6299853500301053,0.08111770868665169,3504.TW,2026-08-21,0.02900692887078482,0.04129354752118308,neutral,0.024231127679403542,0.3998136067101584,2026-03-31,2026-05-15,684957000.0,124843000.0,-9502000.0,7393000.0,1414000.0,5979000.0,0.05,2230493000.0,1016643000.0,4251347000.0,1422483000.0,2828864000.0,1174939000.0,85127000.0,112000000.0,,0.1912620045989449,-7684628.432300826,3234704000.0,-0.002375682112583,0.0021135692631388,0.0014063777903803,0.5028460187552318,0.1822639961340638,-0.0138724036691354,0.0087290151060577,0.0537005671880119,,,23.10660181855068,23.10660181855068,False,69.82631008745457,69.82631008745457,58.1463830202286,801.0,True,False,True,True,True,False,True,True,True,False,True,True,False,True,False,False,False,10,False,0.04632077318053551,0.13933093976257815,1.0,274043426.37672275,0.22739981360671016,1.0,3.0,,,,,,0.020320216113557464,-0.06744318707521257,0.25342853625440337,-1.8130970577050314,0.39473684210526316,-1.8130970577050314,0.484501139472156,-801.0,0.20175438596491227,0.2631578947368421,0.45614035087719296,0.23991228070175435,0.2710526315789474,揚明光
5530.0,5560.0,5330.0,5395.0,1262601.0,0.11122554067971158,5389.0,0.5728862973760933,4348.75,0.5414285714285714,3811.6479614257814,0.7717569786535303,3896.8656473795572,0.12445571232223546,75.51020408163265,1633543.7,0.7729214712774443,0.24058637539522842,3653.TW,2026-08-21,0.02900692887078482,0.04129354752118308,neutral,0.004659832246039142,0.021435228331780055,2026-03-31,2026-05-15,5305216000.0,2216652000.0,1696566000.0,1775586000.0,371056000.0,1398199000.0,9.53,20477674000.0,8468040000.0,30307238000.0,8909881000.0,21397357000.0,10253854000.0,,,,0.2089766420776014,1342023334.256972,21839198000.0,0.0614502114160498,0.0653444722168256,0.0461341610871963,0.4164010069094047,0.4178250235240186,0.3197920687866432,0.2635517573648274,0.116346562150301,,,88.8947474261209,88.8947474261209,False,84.32432432432432,84.32432432432432,85.46693009977346,39.0,True,True,True,True,True,True,True,False,True,True,False,False,False,False,True,False,False,9,False,0.415398288246418,0.3844459851028894,1.0,8812968261.5,0.024231127679403542,3.0,2.0,,,,,,-0.010139395040192518,-0.1182464678403188,0.24033660437680224,-1.7130149361271827,0.2964912280701754,-1.7130149361271827,0.29019590907327986,-39.0,0.9649122807017544,0.9912280701754386,0.21052631578947367,0.8517543859649123,0.8219298245614035,健策
2270.0,2360.0,2225.0,2275.0,3465503.0,0.03409090909090917,2220.0,0.031746031746031855,2191.75,0.0756501182033098,2084.8686401367186,0.5116279069767442,2120.9759867350263,0.015639481000926783,60.588235294117645,3229842.1,1.0729635978179861,0.037983346640812155,3665.TW,2026-08-21,0.02900692887078482,0.04129354752118308,neutral,0.3103448275862069,0.27306616961789376,2026-03-31,2026-05-15,20863649000.0,6001841000.0,3108361000.0,3043227000.0,769751000.0,2273834000.0,11.66,52902105000.0,23706185000.0,85600663000.0,38964135000.0,46636528000.0,12968524000.0,2321009000.0,3082678000.0,8542272000.0,0.2529390676410271,2322135066.768269,61894478000.0,0.0375176452214084,0.0487565026281544,0.026563275567153,0.8354853302973154,0.2876697647664605,0.1489845328590411,0.1089854416166606,0.2942080053793907,,,78.1830301662937,78.1830301662937,False,72.17879346064808,72.17879346064808,73.67985263705948,96.0,True,False,True,True,True,True,True,True,True,True,True,True,True,True,True,False,False,13,False,0.09119584620487808,0.07261940457047511,1.0,7347890777.5,0.02982292637465051,3.0,2.0,,,,,,0.02127811456796998,-0.006505383310346448,0.3128648773732396,-0.035592379791802964,0.650438596491228,-0.035592379791802964,0.6044729216828831,-96.0,0.8859649122807017,0.8859649122807017,0.6491228070175439,0.850438596491228,0.8385964912280701,貿聯-KY
20.5,20.700000762939453,20.25,20.649999618530277,781123.0,-0.06981986897030823,20.879999923706055,0.10723860809159658,19.999999904632567,0.2439758520476596,18.61583334604899,-0.16733869944353086,19.425416652361555,0.03990640965243262,66.22516372256989,1041822.3,0.749766058952664,0.03249998584985758,3712.TW,2026-08-21,0.02900692887078482,0.04129354752118308,neutral,0.12488350419384903,0.08480894687791239,2026-03-31,2026-05-15,5952868000.0,2246677000.0,1881231000.0,1749422000.0,95514000.0,-477314000.0,-1.94,29571984000.0,46915609000.0,61775289000.0,55872481000.0,5902808000.0,6100937000.0,11857517000.0,7405579000.0,0.0,0.0545974613329431,1778520563.2191665,14859680000.0,0.1196876758597201,-0.0808621930443951,-0.0077266170296669,9.465407141821316,0.3774108547342222,0.3160209499017952,-0.0801821911723895,-0.1923537691038415,,,39.89432060139683,39.89432060139683,False,76.03586588686942,76.03586588686942,67.00047956550127,510.0,True,True,True,True,True,True,True,True,True,True,True,True,False,True,False,False,False,13,False,0.1092707607910024,0.0630402419718421,1.0,21513630.097576335,0.5452003727865797,0.0,3.0,,,,,,0.1705862752298305,0.13620606003594984,0.32734298308819365,-1.2377940377533714,0.9039473684210526,-1.2377940377533714,0.8904059675740816,-510.0,0.49122807017543857,0.6754385964912281,0.9385964912280702,0.5583333333333333,0.6359649122807017,永崴投控
18.049999237060547,18.299999237060547,17.899999618530273,18.149999618530277,2008321.0,0.058309039197850465,17.609999847412112,0.06451615429276547,17.197499752044678,0.07079638947359679,17.320833206176758,0.00833331214057087,17.625833320617676,0.00879894989812649,75.47170897742349,1295859.35,1.549798595040426,0.05538595029619664,4142.TW,2026-08-21,0.02900692887078482,0.04129354752118308,neutral,0.19944082013047532,0.2842497670083877,2026-03-31,2026-05-15,82316000.0,-74558000.0,-199219000.0,-200467000.0,0.0,-185545000.0,-0.44,2912947000.0,1385145000.0,7821186000.0,2973185000.0,4848001000.0,1792715000.0,222500000.0,1545416000.0,,-0.0,-199219000.0,6436041000.0,-0.0309536561373676,-0.0382724756038622,-0.023723384151713,0.6132806078216568,-0.9057534379707468,,,0.1416287584600022,,,24.80070069002073,24.80070069002073,False,61.10768203756265,61.10768203756265,52.03093670067717,768.0,True,False,True,True,True,False,True,False,True,True,True,True,True,True,False,False,False,11,False,0.047871046530130634,0.029738525741047406,1.0,23519846.708168894,0.5358807082945014,0.0,3.0,,,,,,-0.033136494277121294,-0.1001076231548618,0.06643002880376486,-2.1795954414711205,0.09517543859649123,-2.1795954414711205,0.46758875658453186,-768.0,0.2543859649122807,0.10526315789473684,0.40350877192982454,0.2767543859649123,0.2394736842105263,國光生
15.350000381469728,15.350000381469728,15.199999809265137,15.300000190734863,707224.0,-0.012903213500976562,15.420000076293945,0.047945191162705125,14.634999990463257,0.10469312413919685,15.023623657226562,0.12087916617702077,14.25597850481669,0.015085831184465484,72.54904600714997,1100130.05,0.6428549061086005,0.04543902977143466,4306.TW,2026-08-21,0.02900692887078482,0.04129354752118308,neutral,0.2506989748369059,0.21808014911463186,2026-03-31,2026-05-15,3266440000.0,556508000.0,165625000.0,302191000.0,119003000.0,155400000.0,0.24,24550171000.0,15849766000.0,37327313000.0,24023660000.0,13303653000.0,2738401000.0,5787002000.0,7511840000.0,,0.3938006095482658,100401774.04356848,21477547000.0,0.0046747318976216,0.0116810022029287,0.0041631713485511,1.8057942431300635,0.1703714135266528,0.0507050489217619,0.0475747296751203,0.0909570639640227,,,24.18555826097449,24.18555826097449,False,55.81361284131325,55.81361284131325,47.90659919622856,778.0,True,False,True,True,True,False,True,False,True,True,True,True,False,True,False,False,False,10,False,0.018396129975963627,0.0732339548327341,1.0,16831989.974833157,0.5712954333643989,0.0,3.0,,,,,,0.037911458630265744,0.019130746889448227,0.2339110738387775,-1.4953515876464234,0.5614035087719298,-1.4953515876464234,0.5502505818846076,-778.0,0.23684210526315788,0.008771929824561403,0.543859649122807,0.28289473684210525,0.22982456140350876,炎洲
171.0,172.5,170.5,172.0,189519.0,0.033033033033033066,169.3,0.0392749244712991,167.975,0.08176100628930816,165.56081873575846,0.01775147928994092,160.15540936787923,0.006742583158525622,69.44444444444444,255266.3,0.7424364281536576,0.02396189909212687,4536.TW,2026-08-21,0.02900692887078482,0.04129354752118308,neutral,0.28238583410997203,0.26001863932898417,2026-03-31,2026-05-15,2316961000.0,794900000.0,396418000.0,448947000.0,83458000.0,327949000.0,3.61,9168173000.0,3277337000.0,14414904000.0,4782570000.0,9632334000.0,5697733000.0,352903000.0,784549000.0,,0.1858972217210494,322724995.159785,11137567000.0,0.0289762562290116,0.0340466806902667,0.022750689147843,0.4965120603168453,0.3430787138842647,0.1710939459058655,0.1415427363688901,-0.0352736858453488,,,64.73287402560862,64.73287402560862,False,62.64206786843742,62.64206786843742,63.16476940773022,212.0,True,False,True,True,True,True,True,True,True,True,True,True,False,True,True,False,False,12,False,0.03889314702241675,0.07395685652373807,1.0,43905803.6,0.4408201304753029,2.0,3.0,,,,,,0.06154042129288783,0.03034418140367953,0.22736798566379526,-1.2000282764158061,0.6868421052631579,-1.2000282764158061,0.7203174455739025,-212.0,0.7719298245614035,0.543859649122807,0.7894736842105263,0.7745614035087719,0.7070175438596491,拓凱
145.5,145.5,141.0,142.5,454891.0,0.02517985611510798,142.9,0.10038610038610041,134.075,0.1680327868852458,128.58333333333334,0.1220472440944882,126.62916666666666,0.025430210325047713,72.58064516129032,325699.5,1.3966585763871298,0.06283796382621687,4736.TW,2026-08-21,0.02900692887078482,0.04129354752118308,neutral,0.13140726933830382,0.14631873252562907,2026-03-31,2026-05-15,1074466000.0,531890000.0,272939000.0,362978000.0,69184000.0,284846000.0,2.99,7743817000.0,2835366000.0,13071771000.0,3115964000.0,9955807000.0,2352593000.0,940000000.0,169444000.0,,0.1906010832612444,220916530.9357592,10236405000.0,0.0215814566672341,0.0286110407724858,0.0217909264169331,0.3129795505276468,0.4950272972806957,0.2540229285989505,0.2651047124804321,0.0999991809891194,,,73.12470502530472,73.12470502530472,False,75.94179872878765,75.94179872878765,75.23752530291691,136.0,True,True,True,True,True,True,True,False,True,True,True,True,True,True,True,False,False,13,False,0.10823071937783535,0.12533315784278254,1.0,46412178.75,0.43243243243243246,2.0,3.0,,,,,,0.05100295323857481,0.0130206416375465,0.23966813513877783,-1.3599622671305491,0.6267543859649123,-1.3599622671305491,0.6146529772699061,-136.0,0.8596491228070176,0.9035087719298246,0.6842105263157895,0.8333333333333333,0.8377192982456141,泰博
54.400001525878906,54.400001525878906,53.29999923706055,53.900001525878906,1103018.0,0.048638130851830885,52.86000061035156,0.05273438911535755,52.41250057220459,0.07157062312967022,52.66416676839193,-0.02882880133551524,53.07624994913737,0.005563818893054288,60.204086399040875,600233.85,1.837647110372066,0.028380652276360996,4746.TW,2026-08-21,0.02900692887078482,0.04129354752118308,neutral,0.23578751164958062,0.2805219012115564,2026-03-31,2026-05-15,1064006000.0,457344000.0,150781000.0,50297000.0,35332000.0,18755000.0,0.16,5381459000.0,2311843000.0,13698402000.0,5014089000.0,8684313000.0,1156746000.0,683000000.0,2376884000.0,,0.4,90468600.0,11386559000.0,0.0079452097863805,0.0021596411829007,0.0013691378016209,0.5773731324515825,0.4298321626005868,0.1417106670451106,0.017626780300111,-0.0696979420680393,,,40.897657444322505,40.897657444322505,False,65.41364044464306,65.41364044464306,59.28464469456292,493.0,True,False,True,True,True,False,True,True,True,True,True,True,True,True,False,False,False,12,False,0.02346633077709126,0.01552015407137719,1.0,32352605.430884168,0.4958061509785648,1.0,3.0,,,,,,0.008289462006330975,-0.04675859153468276,0.1493560515444336,-2.109632013848899,0.22850877192982455,-2.109632013848899,0.28845763052421514,-493.0,0.5263157894736842,0.32456140350877194,0.20175438596491227,0.47763157894736835,0.40087719298245617,台耀
347.0,353.0,343.5,352.5,280454.0,0.04289940828402372,338.8,0.06818181818181812,328.825,0.040516071007597354,340.40510609944664,0.1362691320300795,334.48265813191733,0.006658502984846201,76.42276422764228,319456.9,0.8779087257154251,0.0719987835474798,4766.TW,2026-08-21,0.02900692887078482,0.04129354752118308,neutral,0.1891891891891892,0.3765144454799627,2026-03-31,2026-05-15,5836439000.0,2049134000.0,1029134000.0,1137822000.0,294397000.0,790102000.0,6.55,18912976000.0,9859710000.0,29430901000.0,14718429000.0,14712472000.0,8106662000.0,2724136000.0,2823780000.0,,0.2587373068898299,762858640.4112418,19571191000.0,0.0389786518567644,0.0537028719578871,0.026846001078934,1.0004048945683637,0.3510931922701497,0.1763290938190221,0.1353739840337575,0.0507633934800317,,,74.91460354923571,74.91460354923571,False,55.911361816281904,55.911361816281904,60.66217224952035,121.0,True,False,True,True,True,False,True,False,True,False,True,True,True,True,True,False,False,10,False,0.035530882715431256,0.0538662959948637,1.0,112608557.25000001,0.32152842497670087,2.0,3.0,,,,,,0.045229273537083246,0.00884537316555319,0.22054770284968747,-0.3828955545922987,0.631140350877193,-0.3828955545922987,0.6694930480170963,-121.0,0.8771929824561403,0.39473684210526316,0.7280701754385965,0.8548245614035088,0.7026315789473684,南寶
266.5,277.0,264.0,276.0,7633974.0,0.0361134472626814,263.5,0.26315789473684204,252.5007423400879,0.020332717190388205,256.02524744669597,0.34963325183374083,249.72929039001465,0.050114214174297594,70.68031179788676,5356909.3,1.4250706092783763,0.09306609335928795,4967.TW,2026-08-21,0.02900692887078482,0.04129354752118308,neutral,0.028890959925442685,0.44175209692451073,2026-03-31,2026-05-15,9044806000.0,3438206000.0,2905058000.0,2864850000.0,570946000.0,2293904000.0,27.0,20958301000.0,12834218000.0,21898307000.0,14803268000.0,7095039000.0,1301935000.0,5211626000.0,51810000.0,1902817000.0,0.1992935057681903,2326098806.7200727,9064089000.0,0.2566279751577983,0.3233109782765112,0.1047525728815474,2.0864251768031155,0.3801304306582142,0.3211852194508097,0.2536156109926514,0.6905237801707493,,,87.69619578074207,87.69619578074207,False,64.38723163638441,64.38723163638441,70.21447267247383,46.0,True,False,True,True,True,False,True,True,True,False,True,True,True,True,True,False,False,11,False,0.0780186827373841,0.10519674952408287,1.0,1478506966.8,0.09412861136999068,2.0,2.0,,,,,,0.11669050671600822,0.04316075982620711,0.3910864132058523,0.29929371514067615,0.9504385964912281,0.29929371514067615,0.90550145443447,-46.0,0.956140350877193,0.7894736842105263,0.956140350877193,0.9561403508771928,0.906140350877193,十銓
57.29999923706055,58.20000076293945,57.0,57.900001525878906,67519.0,0.006956548276154884,57.26000061035156,0.08834587773565605,55.01499977111816,0.11132443803503711,53.92500006357829,-0.02992443091824759,54.14702949523926,0.019362613982414872,66.66668033941784,100558.3,0.6714413429821308,0.05244027568414733,5283.TW,2026-08-21,0.02900692887078482,0.04129354752118308,neutral,0.1509785647716682,0.20503261882572227,2026-03-31,2026-05-15,1223404000.0,353685000.0,-7455000.0,16910000.0,3240000.0,13670000.0,0.16,4507049000.0,2765436000.0,8209751000.0,3417985000.0,4791766000.0,676596000.0,1172000000.0,328000000.0,,0.1916026020106445,-6026602.602010644,5444315000.0,-0.0011069533269126,0.0028528104252169,0.0016650931313263,0.7133038215972983,0.2890991038119869,-0.006093653445632,0.011173741462346,-0.0336491827829927,,,23.489256314333275,23.489256314333275,False,73.41853907164379,73.41853907164379,60.936218382316156,794.0,True,False,True,True,True,True,True,True,True,True,True,True,False,True,False,False,False,12,False,0.07371351799006098,0.06931076488636578,1.0,5822325.723439789,0.7204100652376515,1.0,3.0,,,,,,0.023814408323696308,-0.018191069032561225,0.2124252640099039,-1.809960046489405,0.3789473684210526,-1.809960046489405,0.38220955997696143,-794.0,0.21929824561403508,0.42105263157894735,0.2982456140350877,0.23114035087719298,0.2956140350877193,禾聯碩
10.649999618530272,11.0,10.649999618530272,10.949999809265137,3226692.0,0.023364486397796425,10.739999771118164,0.07881775574398553,10.315999937057494,0.09460528349143216,10.315092945098877,-0.5915351756448546,11.592953165372213,0.013757857920023625,68.18180832981844,2724522.0,1.1843149000081483,0.06145791741721185,5521.TW,2026-08-21,0.02900692887078482,0.04129354752118308,neutral,0.16868592730661697,0.24044734389561975,2026-03-31,2026-05-15,2612835000.0,137924000.0,51483000.0,62397000.0,-996000.0,63393000.0,0.13,12921452000.0,8050714000.0,13909364000.0,8217996000.0,5691368000.0,1805939000.0,1207000000.0,45836000.0,,0.0,51483000.0,5858650000.0,0.0087875193090558,0.0111384468549564,0.0045575771832558,1.44394036723684,0.0527871067250706,0.0197038848606972,0.0242621520302659,0.2132778029044353,,,26.7192956803025,26.7192956803025,False,72.6059021684483,72.6059021684483,61.13425054641185,742.0,True,False,True,True,True,True,True,True,True,True,True,True,True,True,False,False,False,13,False,0.06155124995436223,-0.05546070504516121,0.0,29833515.38033867,0.5069897483690587,0.0,3.0,,,,,,0.008989895579519309,-0.060947881656039336,0.2775133536630219,-1.4163185857017002,0.47675438596491226,-1.4163185857017002,0.5192038117633346,-742.0,0.2807017543859649,0.4298245614035088,0.5087719298245614,0.31491228070175437,0.3710526315789473,工信
61.400001525878906,63.09999847412109,61.400001525878906,63.0,689788.0,0.03789125548849781,61.439999389648435,0.08741221974730662,59.774505615234375,0.11504424778761058,60.750973256429035,0.1931818354228314,58.26631997426351,0.016955102458376052,74.736875919795,567025.2,1.2165032524127677,0.05396103826484122,6024.TW,2026-08-21,0.02900692887078482,0.04129354752118308,neutral,0.15470643056849953,0.2031686859273066,2026-03-31,2026-05-15,,,-200365000.0,528439000.0,90392000.0,441039000.0,1.76,83604913000.0,73607565000.0,84532833000.0,73635548000.0,10897285000.0,7933176000.0,,,,0.1710547480409281,-166091615.40877944,10925268000.0,-0.0152025209275213,0.040472374540998,0.0052173692084825,6.757237972577573,,,,,,,16.995424717797373,16.995424717797373,False,61.58053689360551,61.58053689360551,50.434258849653474,913.0,True,False,True,True,True,False,True,False,True,True,True,True,True,True,False,False,False,11,False,0.03702042326265054,0.08124213143763637,1.0,35722587.599999994,0.47809878844361603,1.0,3.0,,,,,,0.04378408624678549,-0.034164837047041756,0.2520077255074597,-1.6186050245505694,0.5114035087719299,-1.6186050245505694,0.6483815139636733,-913.0,0.10526315789473684,0.07017543859649122,0.7105263157894737,0.19605263157894737,0.21578947368421053,群益期
24.899999618530277,25.149999618530277,24.899999618530277,25.149999618530277,121528.0,0.005999984741211106,25.0,0.030737705398586,24.764999866485596,0.029826508171777677,24.444590250651046,0.10077485922503082,24.051899417241415,0.006502744940591022,60.317455511844685,176274.0,0.6894266879970954,0.015546123727854244,6136.TW,2026-08-21,0.02900692887078482,0.04129354752118308,neutral,0.3140726933830382,0.412861136999068,2026-03-31,2026-05-15,171722000.0,51677000.0,-8398000.0,-7084000.0,312000.0,-3345000.0,-0.03,770246000.0,319306000.0,4455250000.0,426683000.0,4028567000.0,310276000.0,57595000.0,27169000.0,,0.0,-8398000.0,4135944000.0,-0.0020304917087852,-0.0008303200616993,-0.0007507996184276,0.1059143362888093,0.3009340678538568,-0.048904624917017,-0.0194791581742583,0.2854886401916383,,,36.25455624577715,36.25455624577715,False,65.79341831956965,65.79341831956965,58.408702801121535,585.0,True,False,True,True,True,True,True,True,True,False,True,True,False,True,False,False,False,11,False,0.028857483829594743,0.045655446259753596,1.0,4433291.032756806,0.7520969245107176,0.0,3.0,,,,,,0.037898147072643794,0.004705537722375264,0.17779583635983093,-1.6079446164657796,0.4298245614035088,-1.6079446164657796,0.4641464065398101,-585.0,0.40350877192982454,0.2894736842105263,0.39473684210526316,0.4021929824561403,0.36754385964912284,富爾特
94.5,94.5,93.0999984741211,93.5999984741211,24408.0,-0.0021322448947719286,93.36000213623045,0.01960779262009882,92.70000114440919,0.027442371480502104,91.05000012715657,-0.016806707199696458,92.01416657765706,0.006405390621518649,60.49380041518949,35482.5,0.6878883956880152,0.009708708938523936,6183.TW,2026-08-21,0.02900692887078482,0.04129354752118308,neutral,0.3718546132339236,0.4193849021435228,2026-03-31,2026-05-15,663941000.0,299863000.0,193194000.0,199461000.0,39323000.0,160138000.0,1.07,2919021000.0,1409346000.0,4616371000.0,1618254000.0,2998117000.0,876563000.0,,,,0.1971463093035731,155106515.9204055,3207025000.0,0.0483646107905007,0.0534128588043762,0.0346891530165144,0.5397567873435226,0.4516410343690177,0.2909806744876427,0.2411931180632014,0.0640097179642915,,,85.55551742626001,85.55551742626001,False,63.606354144481756,63.606354144481756,69.09364496492631,58.0,True,False,True,True,True,True,True,True,False,False,True,True,False,True,True,False,False,10,False,0.028006571591469687,0.017234649352886766,1.0,3321161.9458580017,0.7931034482758621,1.0,2.0,,,,,,0.05350489497305786,0.04976869681868913,0.16782305545352685,-1.1554332968823515,0.6271929824561403,-1.1554332968823515,0.5973579392656695,-58.0,0.9298245614035088,0.7456140350877193,0.631578947368421,0.8850877192982456,0.8149122807017544,關貿
81.4000015258789,81.5999984741211,79.9000015258789,81.0999984741211,806604.0,-0.034523827689034614,83.55999908447265,0.03974357018103958,79.98499946594238,0.06710524308054078,75.6635913848877,0.34717603731407554,71.84512901306152,0.018268611915243576,57.551018882918925,643703.75,1.253067113559615,0.013940101464318788,6277.TW,2026-08-21,0.02900692887078482,0.04129354752118308,neutral,0.27958993476234856,0.29263746505125815,2026-03-31,2026-05-15,1293181000.0,778857000.0,186537000.0,183859000.0,52118000.0,128893000.0,1.08,3416718000.0,1638244000.0,7019344000.0,2304220000.0,4715124000.0,897714000.0,266856000.0,200000000.0,,0.2834672221648111,133659874.77904265,5381100000.0,0.0248387643379685,0.0273360785421549,0.01836254214069,0.4886870419526612,0.6022799592632431,0.1442466290488338,0.0996712757146911,0.0734456101555489,,,66.12491163281756,66.12491163281756,False,68.73473182467026,68.73473182467026,68.08227677670709,198.0,True,False,True,True,True,True,True,True,True,True,True,True,True,True,True,False,False,13,False,0.07184970987670058,0.12881693704491815,1.0,52204373.142786026,0.4091332712022367,1.0,3.0,,,,,,0.06032007283040377,0.03848596056736301,0.2912325045378744,-1.449382334389372,0.7521929824561403,-1.449382334389372,0.7395030174417477,-198.0,0.7982456140350878,0.7105263157894737,0.8070175438596491,0.7995614035087719,0.7736842105263158,宏正
19.700000762939453,20.299999237060547,19.200000762939453,20.299999237060547,107648.0,0.07124002215141267,19.85999984741211,0.1802324614310835,18.527499961853028,0.06561680052817032,18.38583345413208,-0.18637280094940856,20.04208335876465,0.03548972157890929,68.46846413393645,130510.7,0.8248212598660493,0.0956685618058013,6431.TW,2026-08-21,0.02900692887078482,0.04129354752118308,neutral,0.06057781919850885,0.29916123019571295,2026-03-31,2026-05-15,85846000.0,19557000.0,-32996000.0,-38222000.0,0.0,-38722000.0,-0.4,453102000.0,370475000.0,1190820000.0,633837000.0,556983000.0,188041000.0,205018000.0,5667000.0,,-0.0,-32996000.0,820345000.0,-0.0402221016767335,-0.0695209728124556,-0.0325170890646781,1.1379826673345506,0.2278149243995061,-0.3843626959904946,-0.4510635323719218,-0.2172834778485918,,,15.06887924885221,15.06887924885221,False,75.37772133748375,75.37772133748375,60.30051081532586,953.0,True,True,True,True,True,True,True,True,True,True,True,True,True,True,False,False,False,14,False,0.10411090624223363,0.012868715975233647,1.0,2649367.110428238,0.8229263746505125,0.0,3.0,,,,,,-0.01410309606038009,-0.11588636489056738,0.1687608702820073,-1.771012337884037,0.18552631578947368,-1.771012337884037,0.28653785940545806,-953.0,0.08771929824561403,0.37719298245614036,0.19298245614035087,0.10350877192982455,0.1956140350877193,光麗-KY
438.5,462.0,432.0,455.0,3069001.0,0.1124694376528117,425.2,0.19023133825186345,408.1986968994141,0.35416666666666674,405.99383544921875,-0.07894736842105265,415.4719177246094,0.021054477053368475,69.56521739130434,896512.5,3.4232662678992205,0.11465323984637421,6472.TW,2026-08-21,0.02900692887078482,0.04129354752118308,neutral,0.05405405405405406,0.04473438956197577,2026-03-31,2026-05-15,4001231000.0,1442628000.0,407236000.0,221152000.0,174254000.0,25838000.0,0.21,19812444000.0,14337765000.0,45331756000.0,28703088000.0,16628668000.0,4832012000.0,3410000000.0,3908546000.0,8410772000.0,0.4,244341600.0,30993991000.0,0.0078835152271935,0.0015538225912021,0.0005699757141549,1.7261206970997316,0.3605460419555881,0.1017776779196202,0.0064575127004664,-0.1067853383739788,,,27.229352834015025,27.229352834015025,False,82.29754708063312,82.29754708063312,68.53049851897859,727.0,True,True,True,True,True,True,True,True,True,True,False,True,False,True,False,False,False,12,False,0.1207066715595757,0.09514020223525987,1.0,407913187.5,0.18546132339235788,2.0,3.0,,,,,,-0.04611193778240617,-0.12595471001814973,0.18683115085825738,-1.9848717042494117,0.1557017543859649,-1.9848717042494117,0.15247892182909356,-727.0,0.30701754385964913,0.7192982456140351,0.08771929824561403,0.2741228070175438,0.38684210526315793,保瑞
51.59999847412109,52.0,51.0,51.20000076293945,728147.0,-0.005825227904088237,50.00999984741211,0.12280707184664674,48.69249973297119,0.2337349581431194,47.17499987284342,-0.16339869077347535,49.04624989827474,0.022951683260426237,65.54878963593134,761186.05,0.9565953028172284,0.05149665849400531,6589.TW,2026-08-21,0.02900692887078482,0.04129354752118308,neutral,0.10344827586206896,0.09412861136999068,2026-03-31,2026-05-15,308435000.0,64956000.0,-207240000.0,-141836000.0,406000.0,-142242000.0,-0.47,4188368000.0,910711000.0,10619357000.0,2413133000.0,8206224000.0,3257763000.0,0.0,1001914000.0,,0.0,-207240000.0,9708646000.0,-0.0213459219751137,-0.0173334288705743,-0.0133945963018288,0.2940613124867174,0.2105986674664029,-0.6719081816265988,-0.461173342843711,0.6954150931987708,,,33.08565989658788,33.08565989658788,False,78.78051394113156,78.78051394113156,67.35680042999563,627.0,True,True,True,True,True,True,True,True,True,True,True,True,True,True,False,False,False,14,False,0.08532063383031496,0.043912651204357944,1.0,38972726.34073887,0.4603914259086673,1.0,3.0,,,,,,-0.03804444529683502,-0.1253105619414816,0.10723965548330858,-2.2446327305994043,0.07543859649122805,-2.2446327305994043,0.0630940207431607,-627.0,0.35964912280701755,0.6842105263157895,0.017543859649122806,0.30833333333333335,0.38859649122807016,台康生技
285.0,292.0,264.0,267.5,6964700.0,-0.0092592592592593,282.0,0.1915367483296213,240.95,0.2441860465116279,249.38333333333333,1.758725960613571,203.86190439860027,0.059004504999450536,73.72881355932203,4343887.25,1.6033335119368026,0.11018883585806183,6672.TW,2026-08-21,0.02900692887078482,0.04129354752118308,neutral,0.0521901211556384,0.08387698042870456,2026-03-31,2026-05-15,1245827000.0,423777000.0,145352000.0,148482000.0,24894000.0,123588000.0,1.73,4606299000.0,1439948000.0,6456499000.0,2742865000.0,3713634000.0,1563255000.0,30000000.0,69263000.0,896840000.0,0.1676566856588677,120982765.42611226,5016551000.0,0.0241167219123481,0.0332795315855035,0.0191416431722517,0.7385932485538425,0.3401571807321562,0.1166710947828229,0.0992015745364324,0.2185628742514969,,,64.4879602565514,64.4879602565514,False,75.49199557664504,75.49199557664504,72.74098674662163,215.0,True,True,True,True,True,False,True,False,True,True,True,True,True,True,True,False,False,12,False,0.07264585978747573,0.3121627642454059,1.0,1161989839.375,0.10624417520969245,2.0,3.0,,,,,,-0.005712375481748739,-0.10239533377011079,0.3136445520655678,-1.5352820723527032,0.40657894736842104,-1.5352820723527032,0.446911859257433,-215.0,0.7543859649122807,0.8771929824561403,0.38596491228070173,0.6991228070175438,0.7175438596491228,騰輝電子-KY
498.0,500.0,443.0,448.0,1954370.0,0.14871794871794863,441.6,0.06511649842301037,377.0778076171875,0.047663485104473935,412.64430338541666,1.3934652162787207,395.9045453389486,0.03114787744820602,68.33910034602076,972766.5,2.009084400007607,0.18808370832264232,6715.TW,2026-08-21,0.02900692887078482,0.04129354752118308,neutral,0.19850885368126747,0.353215284249767,2026-03-31,2026-05-15,510155000.0,204097000.0,81086000.0,86255000.0,26914000.0,67524000.0,1.02,2720158000.0,818763000.0,4606291000.0,888200000.0,3718091000.0,1348918000.0,63990000.0,,0.0,0.3120282882151759,55784874.22178425,3787528000.0,0.0147285707780336,0.0181609325861039,0.0146590825460223,0.2388860304925296,0.4000686065999549,0.1589438503984083,0.1323597730101635,0.1737792953021677,,,62.82227722701431,62.82227722701431,False,63.650759676564675,63.650759676564675,63.44363906417708,236.0,True,False,True,True,True,False,True,True,True,True,False,True,True,False,True,False,False,10,False,0.08568080626466457,0.13158589683897293,1.0,435799392.0,0.1798695246971109,2.0,3.0,,,,,,-0.0564106240152793,-0.19155018683536726,0.2162584597741657,-1.8203514239243228,0.16622807017543859,-1.8203514239243228,0.2082657843846738,-236.0,0.7456140350877193,0.5614035087719298,0.11403508771929824,0.6508771929824562,0.5640350877192982,嘉基
274.0,306.0,261.0,282.0,68645351.0,0.034862385321100975,274.6,0.17500000000000004,227.275,0.8641585210639808,181.88758303324383,1.6868386044110113,154.8010950088501,0.055497503773365923,74.93188010899183,29897580.2,2.2960169532382424,0.24078759212407874,8039.TW,2026-08-21,0.02900692887078482,0.04129354752118308,neutral,0.06244175209692451,0.005591798695246971,2026-03-31,2026-05-15,2415476000.0,532169000.0,146484000.0,219817000.0,44902000.0,171370000.0,0.65,10090538000.0,4116000000.0,15838059000.0,5212295000.0,10625764000.0,3401205000.0,544660000.0,425464000.0,0.0,0.2042699154296528,116561725.70820272,11722059000.0,0.0099437927848855,0.0161277814941118,0.0108201390081953,0.4905336689201831,0.2203164096848819,0.060643947611154,0.0709466788326607,0.0846351629146733,,,39.59205928302138,39.59205928302138,False,82.9869524697111,82.9869524697111,72.13822917303867,515.0,True,True,True,True,True,True,True,False,True,True,True,True,True,False,False,False,False,12,False,0.5504081988293752,0.821692540249007,1.0,8431117616.4,0.0260950605778192,2.0,3.0,,,,,,-0.05554654270449654,-0.1620250685039622,0.2055716416995985,-2.023353533883987,0.14517543859649124,-2.023353533883987,0.30700525024285885,-515.0,0.4824561403508772,0.8596491228070176,0.23684210526315788,0.4456140350877193,0.5464912280701755,台虹
1180.0,1200.0,1105.0,1135.0,11580147.0,-0.13026819923371646,1210.0,0.022522522522522515,1102.25,0.3380964874017376,1060.6850189208985,1.1023696405986492,884.2289881388347,0.00501481650330522,62.96296296296296,11503236.4,1.0066859966469959,0.029711952823769483,8046.TW,2026-08-21,0.02900692887078482,0.04129354752118308,neutral,0.353215284249767,0.047530288909599254,2026-03-31,2026-05-15,11177241000.0,1771445000.0,1352237000.0,1598197000.0,289571000.0,1308626000.0,2.03,25923065000.0,8163676000.0,62161816000.0,15455246000.0,46706570000.0,9657576000.0,,,,0.1811860490289995,1107230520.6191726,53998140000.0,0.0205049751828335,0.0280180282988025,0.0210519267969906,0.3309008989527597,0.1584867857819295,0.1209812868846614,0.1170795189975773,0.3214942908705003,,,61.16068715346135,61.16068715346135,False,73.5659269982917,73.5659269982917,70.46461703708411,248.0,True,False,True,True,True,True,True,True,False,True,True,True,True,True,True,False,False,12,False,0.07006319477832057,0.2836041514415848,1.0,13056173314.0,0.014911463187325256,3.0,3.0,,,,,,-0.06830989289021486,-0.15899889161982764,0.2302051299692573,-1.674720752389575,0.21228070175438596,-1.674720752389575,0.17157063870435363,-248.0,0.7280701754385965,0.7982456140350878,0.09649122807017543,0.6333333333333333,0.6228070175438596,南電
25.049999237060547,25.25,24.899999618530277,25.0,14580418.0,-0.00990099009900991,24.809999847412108,0.024590179952874047,24.242499923706056,0.04648044384081773,24.437490113576253,-0.14378871533751048,25.267965205510457,0.004974607988855403,57.954558262161754,20481527.7,0.7118813700601054,0.031246780599273327,9904.TW,2026-08-21,0.02900692887078482,0.04129354752118308,neutral,0.3429636533084809,0.3550792171481827,2026-03-31,2026-05-15,63091727000.0,13969640000.0,1993963000.0,3794144000.0,725518000.0,2230126000.0,0.76,160479699000.0,107502469000.0,374676156000.0,140292608000.0,234383548000.0,24051020000.0,31294036000.0,23330207000.0,,0.191220470282625,1612676457.4138465,267173687000.0,0.0060360601956054,0.0095148572458677,0.0059521428419907,0.5985599637735666,0.221417936459403,0.0316041911485478,0.0353473602014413,-0.0587574951413359,,,26.74495140194723,26.74495140194723,False,55.05418420216017,55.05418420216017,47.976876002106934,740.0,True,False,True,True,True,False,True,True,False,True,True,True,False,True,False,False,False,10,False,0.023018316685118334,-0.01060493804431939,0.0,512038192.5,0.16123019571295433,0.0,3.0,,,,,,0.004998170879888501,-0.04456768129678247,0.1449793474170421,-2.0428341954613414,0.21798245614035086,-2.0428341954613414,0.35828288553321247,-740.0,0.2894736842105263,0.017543859649122806,0.2807017543859649,0.2881578947368421,0.20614035087719298,寶成
21.549999237060547,21.549999237060547,21.399999618530277,21.5,138005.0,0.004672915105247588,21.429999923706056,0.04116224683641012,21.095000076293946,0.04116224683641012,20.79175271987915,0.03614457831325302,20.93170967102051,0.009813304078921174,71.05259459437755,164801.1,0.8374033911181418,0.019198858603522106,9905.TW,2026-08-21,0.02900692887078482,0.04129354752118308,neutral,0.2777260018639329,0.37092264678471576,2026-03-31,2026-05-15,2262403000.0,227921000.0,110504000.0,146083000.0,37653000.0,108152000.0,0.35,9976288000.0,2845823000.0,12068826000.0,3342134000.0,8726692000.0,759126000.0,0.0,,,0.2577507307489577,82021513.24931718,9223003000.0,0.0088931461097125,0.0123932413336004,0.0089612693065588,0.3829783381835866,0.1007428826782849,0.0488436410312397,0.0478040384493832,0.1512060067798128,,,34.794291678762654,34.794291678762654,False,58.99505865809096,58.99505865809096,52.944866913258885,601.0,True,False,True,True,True,True,True,True,True,False,True,True,True,True,False,False,False,12,False,0.034063856456107766,0.02714973300849266,1.0,3543223.65,0.7856477166821995,0.0,3.0,,,,,,0.03789322006000593,0.023906094817629814,0.20173868899933856,-1.3797803087678113,0.5412280701754386,-1.3797803087678113,0.5690800917768617,-601.0,0.37719298245614036,0.14035087719298245,0.5701754385964912,0.40614035087719297,0.3447368421052632,大華
12.75,13.0,12.75,12.899999618530272,129884.0,0.007812455180101541,12.870000076293945,0.019762846445765092,12.71749997138977,0.031999969482421786,12.61833332379659,0.05737703444335529,12.549999984105428,0.006131329886917483,53.571406675853645,187766.25,0.6917324066492248,0.014350276984554045,9912.TW,2026-08-21,0.02900692887078482,0.04129354752118308,neutral,0.3699906803355079,0.4044734389561976,2026-03-31,2026-05-15,113108000.0,50149000.0,-11615000.0,-11926000.0,595000.0,-10227000.0,-0.19,393001000.0,408084000.0,816555000.0,435692000.0,380863000.0,117439000.0,311095000.0,,,0.0,-11615000.0,408471000.0,-0.0284353111971229,-0.0268521751916043,-0.0125245696860591,1.143959901591911,0.4433727057325742,-0.1026894649361672,-0.0904180075679881,-0.0251243287968764,,,26.50966157427303,26.50966157427303,False,56.73030744902449,56.73030744902449,49.17514598033662,745.0,True,False,True,True,True,True,True,True,False,False,True,True,False,True,False,False,False,10,False,0.022321988768714496,0.02788841712096568,1.0,2422184.5533728595,0.8322460391425909,0.0,3.0,,,,,,0.0781375528723177,-0.017576565162047884,0.24283703711356633,-1.1587006291493447,0.6552631578947368,-1.1587006291493447,0.6247929989652865,-745.0,0.2719298245614035,0.043859649122807015,0.6929824561403509,0.3350877192982456,0.28771929824561404,偉聯
110.0,110.0,106.0,107.5,4658346.0,0.06435643564356441,102.46000061035156,0.2119504362861242,95.225,0.585545651346588,82.77499961853027,0.2920673550850559,76.82250016530355,0.046716135194179824,72.72727406882275,4421872.3,1.053478183890566,0.1289052244683644,9921.TW,2026-08-21,0.02900692887078482,0.04129354752118308,neutral,0.04100652376514446,0.017707362534948742,2026-03-31,2026-05-15,12523541000.0,2458803000.0,-191441000.0,-170563000.0,-23472000.0,-199773000.0,-0.51,48200680000.0,28731484000.0,72341005000.0,34909460000.0,37431545000.0,13787267000.0,9060327000.0,1863857000.0,,0.1376148402643011,-165095877.36496192,43609521000.0,-0.0037857759860504,-0.0053370225567766,-0.0027615458203822,0.9326214026164296,0.1963344871869705,-0.0152864912567459,-0.0159517982973026,-0.2568048701835493,,,14.870530982450036,14.870530982450036,False,83.77277175609333,83.77277175609333,66.5472115626825,956.0,True,True,True,True,True,True,True,False,True,True,True,True,True,True,False,False,False,13,False,0.29870130468638156,0.39932962047168274,1.0,475351272.25,0.16775396085740912,2.0,3.0,,,,,,0.0479418521309413,0.006430351681986991,0.3934436249042173,-1.4693850207651706,0.6969298245614034,-1.4693850207651706,0.6644822752831152,-956.0,0.07894736842105263,0.6666666666666666,0.7192982456140351,0.175,0.3833333333333333,巨大
20.049999237060547,20.25,20.0,20.25,337322.0,-0.0024630166965359246,20.479999923706053,0.04381445351461899,19.992500019073486,0.08870965509087236,19.237747859954833,0.06578947368421062,19.03095726966858,0.015105353725671221,57.47126587978605,414032.55,0.81472338346345,0.01287982896990636,9935.TW,2026-08-21,0.02900692887078482,0.04129354752118308,neutral,0.2674743709226468,0.24603914259086673,2026-03-31,2026-05-15,1207014000.0,329361000.0,129050000.0,125078000.0,35715000.0,89363000.0,0.51,4101731000.0,3844659000.0,8361229000.0,5772111000.0,2589118000.0,430540000.0,854900000.0,1461115000.0,287107000.0,0.2855418219031324,92200827.88340075,4516570000.0,0.0204139043308087,0.0345148425062125,0.0106877828606297,2.22937347776347,0.2728725598874578,0.1069167383311212,0.0740364237697325,0.0157374361805349,,,40.70851081970746,40.70851081970746,False,67.97729369924784,67.97729369924784,61.160097979362746,496.0,True,False,True,True,True,True,True,True,True,True,True,True,True,True,False,False,False,13,False,0.0526180167977075,0.0640557757057405,1.0,8384159.1375,0.6616961789375583,0.0,3.0,,,,,,0.09951439614159802,0.0668946938556301,0.319049375148599,-0.22857600883493295,0.9245614035087719,-0.22857600883493295,0.944830986019876,-496.0,0.5175438596491229,0.43859649122807015,0.9824561403508771,0.587280701754386,0.5868421052631578,慶豐富
133.0,136.0,133.0,134.0,1622282.0,0.015151515151515138,131.4,0.03474903474903468,133.125,0.14511493138137443,126.99577878316244,0.1404787756243553,119.68833147684732,0.0016930022573363004,57.333333333333336,1838257.8,0.8825106032461824,0.00657276995305156,9939.TW,2026-08-21,0.02900692887078482,0.04129354752118308,neutral,0.2982292637465051,0.16775396085740912,2026-03-31,2026-05-15,6859793000.0,1532311000.0,905992000.0,852810000.0,177064000.0,664457000.0,2.25,15830282000.0,15334754000.0,47767359000.0,28356250000.0,19411109000.0,3417062000.0,3186314000.0,8601830000.0,3723183000.0,0.2076242070332196,717886129.4215593,32432605000.0,0.0221347045487576,0.0342307593038604,0.0139102729125133,1.4608258600783706,0.2233756907825061,0.1320727899515335,0.0968625438114532,-0.0577454629967812,,,44.2251041721302,44.2251041721302,False,68.33292982151652,68.33292982151652,62.30597340916994,443.0,True,False,True,True,True,True,True,True,True,True,True,True,True,True,False,False,False,13,False,0.055153181341537794,0.11957446767416213,1.0,246326545.20000002,0.23951537744641194,2.0,3.0,,,,,,0.05135366586966391,0.019561828153750533,0.26164999874858375,-0.6633909435431573,0.7390350877192984,-0.6633909435431573,0.7006260123425497,-443.0,0.5526315789473685,0.5,0.7807017543859649,0.5868421052631579,0.5824561403508772,宏全
20.799999237060547,21.100000381469727,20.649999618530277,21.049999237060547,435287.0,0.009592271075858916,20.789999771118165,0.03950613516348378,20.7649998664856,0.17118072398602036,19.910207144419353,0.015205646013664698,19.523512252171834,0.00581254451885241,55.128200739170914,501484.6,0.8679967440675148,0.013724987835657565,9940.TW,2026-08-21,0.02900692887078482,0.04129354752118308,neutral,0.2805219012115564,0.14165890027958994,2026-03-31,2026-05-15,2876811000.0,665012000.0,209493000.0,232453000.0,69452000.0,159582000.0,0.22,16303412000.0,4204969000.0,30767900000.0,17352956000.0,13414944000.0,4695442000.0,404164000.0,8438314000.0,900000000.0,0.2987786778402516,146900958.44321218,26562931000.0,0.0055302992897588,0.0118958379550447,0.0051866393221506,1.2935541139791564,0.2311629092074522,0.0728212593736606,0.0554718401730249,0.2999785808018913,,,39.42870701490352,39.42870701490352,False,67.66239804204716,67.66239804204716,60.60397528526125,521.0,True,False,True,True,True,True,True,True,True,True,True,True,True,True,False,False,False,13,False,0.05724662151295945,0.07818710922359284,1.0,10556250.447397614,0.6402609506057781,0.0,3.0,,,,,,0.036006127302249856,0.013970238617962105,0.20214787933634595,-1.5427185197506832,0.4815789473684211,-1.5427185197506832,0.4946902708452582,-521.0,0.47368421052631576,0.38596491228070173,0.47368421052631576,0.47368421052631576,0.4473684210526316,信義
85.30000305175781,86.19999694824219,85.0999984741211,85.4000015258789,1093525.0,0.011848341018019681,84.81999969482422,0.045287695420364704,83.62000007629395,0.17307689486170785,82.22999992370606,0.1493943205680459,79.1083334604899,0.007530574124049193,66.99028622813216,1012499.8,1.0800249046962773,0.021286790815126855,9941.TW,2026-08-21,0.02900692887078482,0.04129354752118308,neutral,0.26095060577819196,0.13886300093196646,2026-03-31,2026-05-15,9588907000.0,4187850000.0,1390166000.0,1382030000.0,301331000.0,1104074000.0,1.82,235100426000.0,237208150000.0,286724084000.0,244513555000.0,42210529000.0,7708912000.0,35439009000.0,3468847000.0,,0.2180350643618445,1087061066.716352,49515934000.0,0.0219537627365839,0.0261563649202311,0.0038506496719682,5.792714775026866,0.4367390360548913,0.1449764816782559,0.1151407558755132,-0.0112940820804001,,,41.17633903527033,41.17633903527033,False,69.48480665693778,69.48480665693778,62.40768975152091,490.0,True,False,True,True,True,True,True,True,True,True,True,True,True,True,False,False,False,13,False,0.03855042691370558,0.07953230450153947,1.0,86467484.4649521,0.3504193849021435,1.0,3.0,,,,,,0.06226258046269655,0.04505409713140157,0.2571960571116469,-0.9173863294698817,0.7969298245614036,-0.9173863294698817,0.7947468371228485,-490.0,0.5350877192982456,0.5087719298245614,0.9035087719298246,0.5903508771929824,0.6008771929824561,裕融
29.950000762939453,30.049999237060547,29.299999237060547,29.399999618530277,8662748.0,-0.013422806334599247,29.79000015258789,0.12643675052983738,27.632500076293944,0.2645161126249582,26.45507230758667,-0.015075402250875669,25.74586950937907,0.032026146640296745,69.91867876328209,8902097.6,0.9731131233609481,0.0639645177727759,9945.TW,2026-08-21,0.02900692887078482,0.04129354752118308,neutral,0.09878844361602983,0.07362534948741846,2026-03-31,2026-05-15,8802139000.0,2177505000.0,1558595000.0,3524918000.0,275592000.0,2706817000.0,0.99,56821154000.0,31229259000.0,206807304000.0,85163985000.0,121643319000.0,4687641000.0,7435539000.0,36077246000.0,,0.0781839464066965,1436737892.0502548,175578045000.0,0.0081829017520399,0.0222520811027854,0.0130885947819328,0.7001123094972441,0.247383618913539,0.1770700280920353,0.3075180930453381,0.2547092191019549,,,56.447152500431685,56.447152500431685,False,75.61644636508487,75.61644636508487,70.82412289892157,295.0,True,True,True,True,True,True,True,True,True,True,True,True,True,True,False,False,False,14,False,0.11131805941422712,0.1419307321440446,1.0,261721666.04411927,0.23299161230195714,0.0,3.0,,,,,,-0.0313968313801189,-0.07871674521424088,0.11317514684034087,-2.1513360922415354,0.12456140350877191,-2.1513360922415354,0.09202664310800432,-295.0,0.7105263157894737,0.8070175438596491,0.043859649122807015,0.6105263157894736,0.606140350877193,潤泰新
186.5,188.0,186.5,188.0,252920.0,0.03013698630136985,185.0,0.053221288515406195,181.45,0.13831420077631518,179.12942301432292,0.0640763779577882,176.1158416748047,0.011004318150160158,77.41935483870968,216686.05,1.1672186557464128,0.036098098649765875,2753.TW,2026-08-21,0.02900692887078482,0.04129354752118308,neutral,0.23112767940354148,0.18080149114631874,2026-03-31,2026-05-15,2262828000.0,824778000.0,283918000.0,279202000.0,56223000.0,236960000.0,3.56,2917896000.0,1963845000.0,8230737000.0,4333857000.0,3896880000.0,1488954000.0,111983000.0,92967000.0,946399000.0,0.2013703340233952,226745337.5047457,6266892000.0,0.0361814656299718,0.0608076204553386,0.0287896454473032,1.112135092689536,0.3644899214611097,0.1254704290383538,0.1047185203647824,0.0392582907012151,,,71.61820020352927,71.61820020352927,False,67.94779602460305,67.94779602460305,68.8653970693346,151.0,True,False,True,True,True,True,True,False,True,True,True,True,True,True,True,False,False,12,False,0.049520491030486946,0.06747921261472456,1.0,40736977.4,0.451071761416589,2.0,3.0,,,,,,0.0551459051736618,0.02957853191702678,0.2393520259209348,-0.8726823789713268,0.7140350877192984,-0.8726823789713268,0.6422415379974132,-151.0,0.8333333333333334,0.7280701754385965,0.7017543859649122,0.8135964912280702,0.775438596491228,八方雲集
37.29999923706055,38.0,37.0,38.0,6000.0,0.0,37.85000076293945,0.11929305290271497,36.57500038146973,0.1497730976462106,34.536666806538896,-0.12837650600801964,36.239595317840575,0.02688285444205659,75.40982991448823,8914.15,0.6730871703976262,0.03896102812488911,6807.TW,2026-08-21,0.02900692887078482,0.04129354752118308,neutral,0.10624417520969245,0.16216216216216217,2026-03-31,2026-05-15,816575000.0,140988000.0,21290000.0,55642000.0,21854000.0,33788000.0,0.63,2199559000.0,1020947000.0,3561572000.0,1049027000.0,2512545000.0,730437000.0,,,,0.3927608640954674,12928121.2034075,2540625000.0,0.0050885593912551,0.0134477193443301,0.0094868221111351,0.4175157061863568,0.1726577472981661,0.0260723142393533,0.0413777056608394,-0.2993394746687077,,,25.847745535457133,25.847745535457133,False,71.00537303339593,71.00537303339593,59.71596615891123,751.0,True,False,True,True,True,True,True,False,True,True,True,True,False,True,False,False,False,11,False,0.1002798913068641,0.04857683058322637,1.0,338737.7,0.9813606710158435,1.0,3.0,,,,,,0.027300757112860407,-0.006997374824303262,0.21496781597320408,-1.7684478382535866,0.4087719298245614,-1.7684478382535866,0.46882458946875855,-751.0,0.2631578947368421,0.3508771929824561,0.41228070175438597,0.28552631578947363,0.3192982456140351,峰源-KY
108.5,118.0,107.5,113.5,11242847.0,0.09134615384615374,106.4,0.16053166112820505,106.075,0.15816326530612246,102.76833330790201,-0.2816455696202531,104.9933333714803,0.008653067523337193,55.0,5211951.85,2.157127948140964,0.0699976431769973,6919.TW,2026-08-21,0.02900692887078482,0.04129354752118308,neutral,0.0717614165890028,0.15377446411929171,2026-03-31,2026-05-15,2000.0,1000.0,-245831000.0,-107754000.0,0.0,-107754000.0,-0.07,5029205000.0,111245000.0,9536630000.0,173792000.0,9362838000.0,2539089000.0,,,,-0.0,-245831000.0,9425385000.0,-0.0260817993111156,-0.0115086899933545,-0.0112989599051237,0.0185618933062817,0.5,,,inf,,,50.0,50.0,False,78.52653326292268,78.52653326292268,71.39489994719202,366.0,True,True,True,True,True,True,True,True,True,True,True,True,True,True,False,False,False,14,False,0.10442581237495663,0.081021016814677,1.0,591556534.9749999,0.15191053122087605,2.0,3.0,,,,,,-0.05119857283226825,-0.1424123859039569,0.33263213696371735,-2.1640320348234052,0.2885964912280702,-2.1640320348234052,0.3048966756029418,-366.0,0.6228070175438597,0.8421052631578947,0.22807017543859648,0.5635964912280702,0.6096491228070176,康霈*
41.400001525878906,42.25,41.400001525878906,41.900001525878906,76357.0,0.002392399297694192,41.61000061035156,0.07078968520705664,39.41750011444092,0.052763877614924626,39.875318336486814,-0.23033126457209063,43.835774421691895,0.015849887670013326,69.26827489161617,111207.05,0.6866201378419803,0.06297967664693438,6931.TW,2026-08-21,0.02900692887078482,0.04129354752118308,neutral,0.18452935694315004,0.33457595526561046,2026-03-31,2026-05-15,304626000.0,46435000.0,24486000.0,41022000.0,7325000.0,32192000.0,0.49,937071000.0,256770000.0,2623022000.0,1436214000.0,1186808000.0,315403000.0,0.0,134800000.0,,0.1785627224416167,20113713.178294577,2366252000.0,0.0085002413852347,0.027124859286422,0.0122728669450732,1.210148566575217,0.1524328192603389,0.080380532193575,0.1056771253931049,0.1805013020833332,,,40.14398557379552,40.14398557379552,False,57.16105469551402,57.16105469551402,52.906787415084395,505.0,True,False,True,True,True,False,True,True,True,True,True,True,False,True,False,False,False,11,False,0.05077534860805022,-0.04415966003454663,0.0,4659575.564688492,0.7455731593662628,1.0,3.0,,,,,,0.027748462895997965,-0.004708056451990131,0.16748012566234066,-1.0169993542167686,0.46184210526315794,-1.0169993542167686,0.5178830245702284,-505.0,0.5,0.13157894736842105,0.5,0.5,0.3894736842105263,青松健康
147.5,148.0,143.5,147.5,57451.0,0.01724137931034475,145.6,0.06115107913669071,138.2,0.21594450401590026,139.98398399353027,0.2389945627618979,129.99760341644287,0.0118982244188175,77.77777777777777,94792.85,0.6060689176451599,0.06729377713458762,7631.TW,2026-08-21,0.02900692887078482,0.04129354752118308,neutral,0.20689655172413793,0.10717614165890028,2026-03-31,2026-05-15,408502000.0,93897000.0,47524000.0,48469000.0,12978000.0,35491000.0,1.76,1335645000.0,556998000.0,1567579000.0,716274000.0,851305000.0,481233000.0,,138157000.0,,0.2677587736491366,34799032.04109843,1010581000.0,0.0344346787057132,0.041690111064777,0.0226406452242598,0.8413835229441857,0.2298568917655238,0.1163372517148018,0.0868808475845895,0.9934122561314817,,,69.1770822702721,69.1770822702721,False,61.721514668019,61.721514668019,63.58540656858227,170.0,True,False,True,True,True,False,True,False,True,True,True,True,False,True,True,False,False,10,False,0.05369197098160239,0.1346363019284964,1.0,13981945.375,0.5955265610438024,2.0,3.0,,,,,,0.026702007886580805,-0.01449098872182911,0.2475350254803285,-1.2983835297287918,0.518421052631579,-1.2983835297287918,0.47196501564781157,-170.0,0.8157894736842105,0.5701754385964912,0.42105263157894735,0.756578947368421,0.6631578947368422,聚賢研發-創
36.79999923706055,37.150001525878906,36.09999847412109,36.70000076293945,1651038.0,0.054597746193496555,35.23000030517578,0.09880236785329632,34.05000019073486,0.0668604399720818,34.40424887339274,0.07624640484343526,33.870041100184125,0.013605399110387276,74.71263712629673,531163.5,3.1083423465656055,0.07782674177269655,3716.TW,2026-08-21,0.02900692887078482,0.04129354752118308,neutral,0.1342031686859273,0.2954333643988816,2026-03-31,2026-05-15,2228857000.0,906220000.0,207486000.0,241831000.0,48842000.0,195893000.0,1.57,5863101000.0,4039684000.0,12583267000.0,4762626000.0,7820641000.0,900139000.0,2057785000.0,230400000.0,,0.2019674896932155,165580573.4335135,8543583000.0,0.0193806946609535,0.0250482025706077,0.0155677376948291,0.6089815400042017,0.406585079258113,0.0930907635617718,0.0878894428848508,-0.0118685350598591,,,52.92075300428222,52.92075300428222,False,60.07363264384153,60.07363264384153,58.2854127339517,324.0,True,False,True,True,True,False,True,False,True,True,True,True,False,True,False,False,False,10,False,0.06672873161669823,0.08355347589879192,1.0,19493700.85524559,0.5573159366262814,1.0,3.0,,,,,,0.057261579938386716,0.03313018610090452,0.22684599679792297,-1.5383624152488653,0.6241228070175439,-1.5383624152488653,0.5696511329295673,-324.0,0.6842105263157895,0.2807017543859649,0.5789473684210527,0.668421052631579,0.5421052631578948,中化控股
255.5,255.5,246.5,248.5,977822.0,-0.0727611940298507,267.3,0.20048309178743962,231.025,0.3729281767955801,240.2936233520508,0.3653846153846154,202.39264500935872,0.04668811308184062,70.74074074074073,1557552.15,0.627794067762033,0.07564116437614965,7788.TW,2026-08-21,0.02900692887078482,0.04129354752118308,neutral,0.04473438956197577,0.04380242311276794,2026-03-31,2026-05-15,1857129000.0,500235000.0,178905000.0,229341000.0,52857000.0,177273000.0,2.22,6568822000.0,3373457000.0,11007682000.0,5034895000.0,5972787000.0,2088365000.0,643000000.0,1079805000.0,,0.2304733998718066,137672156.39593443,7634225000.0,0.0180335471375201,0.0296801141577625,0.0161044804891711,0.842972468296626,0.2693593175272153,0.0963341803396533,0.0954554045518647,0.1444346257089825,,,52.52291879760674,52.52291879760674,False,68.86633810000066,68.86633810000066,64.78048327440219,330.0,True,False,True,True,True,False,True,True,True,True,True,True,False,True,False,False,False,11,False,0.034151454097998135,0.22781141571873453,1.0,387051709.275,0.195712954333644,2.0,3.0,,,,,,0.022113045782237193,-0.05460236004252755,0.32162041076880615,-1.4717560311605622,0.5333333333333333,-1.4717560311605622,0.5393860682372985,-330.0,0.6754385964912281,0.6140350877192983,0.5263157894736842,0.6530701754385965,0.6271929824561403,松川精密
159.5,165.5,158.0,161.0,382371.0,0.0,157.4,0.1499999999999999,153.375,0.10652920962199319,159.44166666666666,-0.015290519877675823,149.59166666666667,0.01070840197693575,66.15384615384616,268191.0,1.425741355973914,0.04971475142624282,7827.TW,2026-08-21,0.02900692887078482,0.04129354752118308,neutral,0.07921714818266543,0.2124883504193849,2026-03-31,2026-05-15,0.0,0.0,-319867000.0,-320859000.0,9489000.0,-273651000.0,-2.1,880888000.0,384114000.0,965156000.0,384114000.0,581042000.0,816012000.0,95154000.0,,,0.0,-319867000.0,581042000.0,-0.5505058154143763,-0.4709659542683661,-0.2835303308480701,0.6610778566781748,,,,,,,21.65668651223912,21.65668651223912,False,69.27552165284253,69.27552165284253,57.37081286769167,826.0,True,False,True,True,True,False,True,True,True,True,True,True,True,True,False,False,False,12,False,0.009773689437098332,0.07626316082669482,1.0,43178751.0,0.4426840633737186,2.0,3.0,,,,,,0.02116783245349608,-0.09735029026509126,0.2419692468829244,-2.3318885127221476,0.31491228070175437,-2.3318885127221476,0.34040481846978554,-826.0,0.15789473684210525,0.23684210526315788,0.2631578947368421,0.17368421052631577,0.2026315789473684,漢康-KY創
